file,type,line,frame
/home/gabriel/Disk/Research/research-javascript-test-smells/repositories/manta/test/spec.js,Conditional Test Logic,"{'line': 8, 'column': 4, 'index': 213}","   6 |   before(() => app.start());
   7 |   after(() => {
>  8 |     if (app && app.isRunning()) {
     |    ^ Conditional Test Logic
   9 |       return app.stop();
  10 |     }
  11 |   });"
/home/gabriel/Disk/Research/research-javascript-test-smells/repositories/manta/helpers/__tests__/formatNumber.spec.js,Eager Test,"{'line': 15, 'column': 29, 'index': 340}","  13 |
  14 |   it('return correct formatted number with commaDot settings', () => {
> 15 |     const formattedNumber1 = formatNumber(number1, 2, 'commaDot');
     |                             ^ Eager Test
  16 |     expect(formattedNumber1).toEqual('99.00');
  17 |     const formattedNumber2 = formatNumber(number2, 2, 'commaDot');
  18 |     expect(formattedNumber2).toEqual('1,000.00');"
/home/gabriel/Disk/Research/research-javascript-test-smells/repositories/manta/helpers/__tests__/formatNumber.spec.js,Eager Test,"{'line': 17, 'column': 29, 'index': 454}","  15 |     const formattedNumber1 = formatNumber(number1, 2, 'commaDot');
  16 |     expect(formattedNumber1).toEqual('99.00');
> 17 |     const formattedNumber2 = formatNumber(number2, 2, 'commaDot');
     |                             ^ Eager Test
  18 |     expect(formattedNumber2).toEqual('1,000.00');
  19 |     const formattedNumber3 = formatNumber(number3, 2, 'commaDot');
  20 |     expect(formattedNumber3).toEqual('1,999.99');"
/home/gabriel/Disk/Research/research-javascript-test-smells/repositories/manta/helpers/__tests__/formatNumber.spec.js,Eager Test,"{'line': 19, 'column': 29, 'index': 571}","  17 |     const formattedNumber2 = formatNumber(number2, 2, 'commaDot');
  18 |     expect(formattedNumber2).toEqual('1,000.00');
> 19 |     const formattedNumber3 = formatNumber(number3, 2, 'commaDot');
     |                             ^ Eager Test
  20 |     expect(formattedNumber3).toEqual('1,999.99');
  21 |   });
  22 |"
/home/gabriel/Disk/Research/research-javascript-test-smells/repositories/manta/helpers/__tests__/formatNumber.spec.js,Eager Test,"{'line': 24, 'column': 29, 'index': 766}","  22 |
  23 |   it('return correct formatted number with dotComma settings', () => {
> 24 |     const formattedNumber1 = formatNumber(number1, 2, 'dotComma');
     |                             ^ Eager Test
  25 |     expect(formattedNumber1).toEqual('99,00');
  26 |     const formattedNumber2 = formatNumber(number2, 2, 'dotComma');
  27 |     expect(formattedNumber2).toEqual('1.000,00');"
/home/gabriel/Disk/Research/research-javascript-test-smells/repositories/manta/helpers/__tests__/formatNumber.spec.js,Eager Test,"{'line': 26, 'column': 29, 'index': 880}","  24 |     const formattedNumber1 = formatNumber(number1, 2, 'dotComma');
  25 |     expect(formattedNumber1).toEqual('99,00');
> 26 |     const formattedNumber2 = formatNumber(number2, 2, 'dotComma');
     |                             ^ Eager Test
  27 |     expect(formattedNumber2).toEqual('1.000,00');
  28 |     const formattedNumber3 = formatNumber(number3, 2, 'dotComma');
  29 |     expect(formattedNumber3).toEqual('1.999,99');"
/home/gabriel/Disk/Research/research-javascript-test-smells/repositories/manta/helpers/__tests__/formatNumber.spec.js,Eager Test,"{'line': 28, 'column': 29, 'index': 997}","  26 |     const formattedNumber2 = formatNumber(number2, 2, 'dotComma');
  27 |     expect(formattedNumber2).toEqual('1.000,00');
> 28 |     const formattedNumber3 = formatNumber(number3, 2, 'dotComma');
     |                             ^ Eager Test
  29 |     expect(formattedNumber3).toEqual('1.999,99');
  30 |   });
  31 |"
/home/gabriel/Disk/Research/research-javascript-test-smells/repositories/manta/helpers/__tests__/formatNumber.spec.js,Eager Test,"{'line': 33, 'column': 29, 'index': 1192}","  31 |
  32 |   it('return correct formatted number with spaceDot settings', () => {
> 33 |     const formattedNumber1 = formatNumber(number1, 2, 'spaceDot');
     |                             ^ Eager Test
  34 |     expect(formattedNumber1).toEqual('99.00');
  35 |     const formattedNumber2 = formatNumber(number2, 2, 'spaceDot');
  36 |     expect(formattedNumber2).toEqual('1 000.00');"
/home/gabriel/Disk/Research/research-javascript-test-smells/repositories/manta/helpers/__tests__/formatNumber.spec.js,Eager Test,"{'line': 35, 'column': 29, 'index': 1306}","  33 |     const formattedNumber1 = formatNumber(number1, 2, 'spaceDot');
  34 |     expect(formattedNumber1).toEqual('99.00');
> 35 |     const formattedNumber2 = formatNumber(number2, 2, 'spaceDot');
     |                             ^ Eager Test
  36 |     expect(formattedNumber2).toEqual('1 000.00');
  37 |     const formattedNumber3 = formatNumber(number3, 2, 'spaceDot');
  38 |     expect(formattedNumber3).toEqual('1 999.99');"
/home/gabriel/Disk/Research/research-javascript-test-smells/repositories/manta/helpers/__tests__/formatNumber.spec.js,Eager Test,"{'line': 37, 'column': 29, 'index': 1423}","  35 |     const formattedNumber2 = formatNumber(number2, 2, 'spaceDot');
  36 |     expect(formattedNumber2).toEqual('1 000.00');
> 37 |     const formattedNumber3 = formatNumber(number3, 2, 'spaceDot');
     |                             ^ Eager Test
  38 |     expect(formattedNumber3).toEqual('1 999.99');
  39 |   });
  40 | })"
/home/gabriel/Disk/Research/research-javascript-test-smells/repositories/manta/helpers/__tests__/formatNumber.spec.js,Lazy Test,"{'line': 15, 'column': 29, 'index': 340}","  13 |
  14 |   it('return correct formatted number with commaDot settings', () => {
> 15 |     const formattedNumber1 = formatNumber(number1, 2, 'commaDot');
     |                             ^ Lazy Test
  16 |     expect(formattedNumber1).toEqual('99.00');
  17 |     const formattedNumber2 = formatNumber(number2, 2, 'commaDot');
  18 |     expect(formattedNumber2).toEqual('1,000.00');"
/home/gabriel/Disk/Research/research-javascript-test-smells/repositories/manta/helpers/__tests__/formatNumber.spec.js,Lazy Test,"{'line': 24, 'column': 29, 'index': 766}","  22 |
  23 |   it('return correct formatted number with dotComma settings', () => {
> 24 |     const formattedNumber1 = formatNumber(number1, 2, 'dotComma');
     |                             ^ Lazy Test
  25 |     expect(formattedNumber1).toEqual('99,00');
  26 |     const formattedNumber2 = formatNumber(number2, 2, 'dotComma');
  27 |     expect(formattedNumber2).toEqual('1.000,00');"
/home/gabriel/Disk/Research/research-javascript-test-smells/repositories/manta/helpers/__tests__/formatNumber.spec.js,Lazy Test,"{'line': 33, 'column': 29, 'index': 1192}","  31 |
  32 |   it('return correct formatted number with spaceDot settings', () => {
> 33 |     const formattedNumber1 = formatNumber(number1, 2, 'spaceDot');
     |                             ^ Lazy Test
  34 |     expect(formattedNumber1).toEqual('99.00');
  35 |     const formattedNumber2 = formatNumber(number2, 2, 'spaceDot');
  36 |     expect(formattedNumber2).toEqual('1 000.00');"
/home/gabriel/Disk/Research/research-javascript-test-smells/repositories/manta/app/reducers/__tests__/UIReducer.spec.js,Magic Number,"{'line': 41, 'column': 48, 'index': 1216}","  39 |       },
  40 |     });
> 41 |     expect(newState.notifications).toHaveLength(1);
     |                                                ^ Magic Number
  42 |     expect(newState.notifications[0].type).toEqual('warning');
  43 |     expect(newState.notifications[0].message).toEqual('Missing Document');
  44 |   });"
/home/gabriel/Disk/Research/research-javascript-test-smells/repositories/manta/app/reducers/__tests__/UIReducer.spec.js,Magic Number,"{'line': 66, 'column': 48, 'index': 1913}","  64 |       payload: 'abc',
  65 |     });
> 66 |     expect(newState.notifications).toHaveLength(1);
     |                                                ^ Magic Number
  67 |     expect(newState.notifications[0].id).toEqual('xyz');
  68 |     const newState2 = UIReducer(currentState, {
  69 |       type: ACTION_TYPES.UI_NOTIFICATION_REMOVE,"
/home/gabriel/Disk/Research/research-javascript-test-smells/repositories/manta/app/reducers/__tests__/UIReducer.spec.js,Magic Number,"{'line': 72, 'column': 49, 'index': 2150}","  70 |       payload: 'xyz',
  71 |     });
> 72 |     expect(newState2.notifications).toHaveLength(1);
     |                                                 ^ Magic Number
  73 |     expect(newState2.notifications[0].id).toEqual('abc');
  74 |   });
  75 | });"
/home/gabriel/Disk/Research/research-javascript-test-smells/repositories/manta/app/reducers/__tests__/FormReducer.spec.js,Duplicate Assert,"{'line': 90, 'column': 4, 'index': 2120}","  88 |       },
  89 |     });
> 90 |     expect(newState.rows).toHaveLength(4);
     |    ^ Duplicate Assert
  91 |     expect(newState.rows).toEqual([
  92 |       { id: 'Jon Snow' },
  93 |       { id: 'Daenerys Targaryen' },"
/home/gabriel/Disk/Research/research-javascript-test-smells/repositories/manta/app/reducers/__tests__/FormReducer.spec.js,Duplicate Assert,"{'line': 91, 'column': 4, 'index': 2163}","  89 |     });
  90 |     expect(newState.rows).toHaveLength(4);
> 91 |     expect(newState.rows).toEqual([
     |    ^ Duplicate Assert
  92 |       { id: 'Jon Snow' },
  93 |       { id: 'Daenerys Targaryen' },
  94 |       { id: 'Arya Stark' },"
/home/gabriel/Disk/Research/research-javascript-test-smells/repositories/manta/app/reducers/__tests__/FormReducer.spec.js,Duplicate Assert,"{'line': 240, 'column': 4, 'index': 6067}","  238 |     });
  239 |     expect(newState.recipient.newRecipient).toBe(false);
> 240 |     expect(newState.recipient.select).toEqual({
      |    ^ Duplicate Assert
  241 |       fullname: 'Jon Snow',
  242 |       company: 'HBO',
  243 |       email: 'jon@snow.got',"
/home/gabriel/Disk/Research/research-javascript-test-smells/repositories/manta/app/reducers/__tests__/FormReducer.spec.js,Duplicate Assert,"{'line': 246, 'column': 4, 'index': 6228}","  244 |       phone: '000000000',
  245 |     });
> 246 |     expect(newState.recipient.select).not.toEqual({
      |    ^ Duplicate Assert
  247 |       fullname: 'Dany',
  248 |       company: 'HBO',
  249 |       email: 'mother@dragons.got',"
/home/gabriel/Disk/Research/research-javascript-test-smells/repositories/manta/app/reducers/__tests__/FormReducer.spec.js,Duplicate Assert,"{'line': 272, 'column': 4, 'index': 6869}","  270 |       },
  271 |     });
> 272 |     expect(newState.currency.selectedCurrency.code).not.toEqual('VND');
      |    ^ Duplicate Assert
  273 |     expect(newState.currency.selectedCurrency.code).toEqual('USD');
  274 |   });
  275 |"
/home/gabriel/Disk/Research/research-javascript-test-smells/repositories/manta/app/reducers/__tests__/FormReducer.spec.js,Duplicate Assert,"{'line': 273, 'column': 4, 'index': 6941}","  271 |     });
  272 |     expect(newState.currency.selectedCurrency.code).not.toEqual('VND');
> 273 |     expect(newState.currency.selectedCurrency.code).toEqual('USD');
      |    ^ Duplicate Assert
  274 |   });
  275 |
  276 |   it('dueDate data', () => {"
/home/gabriel/Disk/Research/research-javascript-test-smells/repositories/manta/app/reducers/__tests__/FormReducer.spec.js,Duplicate Assert,"{'line': 300, 'column': 4, 'index': 7608}","  298 |       },
  299 |     });
> 300 |     expect(newState.discount.type).toEqual('percentage');
      |    ^ Duplicate Assert
  301 |     expect(newState.discount.type).not.toEqual('flat');
  302 |     expect(newState.discount.amount).toEqual(10);
  303 |     expect(newState.discount.amount).not.toEqual(5);"
/home/gabriel/Disk/Research/research-javascript-test-smells/repositories/manta/app/reducers/__tests__/FormReducer.spec.js,Duplicate Assert,"{'line': 301, 'column': 4, 'index': 7666}","  299 |     });
  300 |     expect(newState.discount.type).toEqual('percentage');
> 301 |     expect(newState.discount.type).not.toEqual('flat');
      |    ^ Duplicate Assert
  302 |     expect(newState.discount.amount).toEqual(10);
  303 |     expect(newState.discount.amount).not.toEqual(5);
  304 |   });"
/home/gabriel/Disk/Research/research-javascript-test-smells/repositories/manta/app/reducers/__tests__/FormReducer.spec.js,Duplicate Assert,"{'line': 302, 'column': 4, 'index': 7722}","  300 |     expect(newState.discount.type).toEqual('percentage');
  301 |     expect(newState.discount.type).not.toEqual('flat');
> 302 |     expect(newState.discount.amount).toEqual(10);
      |    ^ Duplicate Assert
  303 |     expect(newState.discount.amount).not.toEqual(5);
  304 |   });
  305 |"
/home/gabriel/Disk/Research/research-javascript-test-smells/repositories/manta/app/reducers/__tests__/FormReducer.spec.js,Duplicate Assert,"{'line': 303, 'column': 4, 'index': 7772}","  301 |     expect(newState.discount.type).not.toEqual('flat');
  302 |     expect(newState.discount.amount).toEqual(10);
> 303 |     expect(newState.discount.amount).not.toEqual(5);
      |    ^ Duplicate Assert
  304 |   });
  305 |
  306 |   it('tax data', () => {"
/home/gabriel/Disk/Research/research-javascript-test-smells/repositories/manta/app/reducers/__tests__/FormReducer.spec.js,Duplicate Assert,"{'line': 316, 'column': 4, 'index': 8059}","  314 |       },
  315 |     });
> 316 |     expect(newState.tax.amount).toEqual(5);
      |    ^ Duplicate Assert
  317 |     expect(newState.tax.amount).not.toEqual(10);
  318 |   });
  319 |"
/home/gabriel/Disk/Research/research-javascript-test-smells/repositories/manta/app/reducers/__tests__/FormReducer.spec.js,Duplicate Assert,"{'line': 317, 'column': 4, 'index': 8103}","  315 |     });
  316 |     expect(newState.tax.amount).toEqual(5);
> 317 |     expect(newState.tax.amount).not.toEqual(10);
      |    ^ Duplicate Assert
  318 |   });
  319 |
  320 |   it('note data', () => {"
/home/gabriel/Disk/Research/research-javascript-test-smells/repositories/manta/app/reducers/__tests__/FormReducer.spec.js,Duplicate Assert,"{'line': 330, 'column': 4, 'index': 8416}","  328 |       },
  329 |     });
> 330 |     expect(newState.note.content).toEqual('You know nothing, Jon Snow');
      |    ^ Duplicate Assert
  331 |     expect(newState.note.content).not.toEqual(
  332 |       'The Lannisters always pay their debts'
  333 |     );"
/home/gabriel/Disk/Research/research-javascript-test-smells/repositories/manta/app/reducers/__tests__/FormReducer.spec.js,Duplicate Assert,"{'line': 331, 'column': 4, 'index': 8489}","  329 |     });
  330 |     expect(newState.note.content).toEqual('You know nothing, Jon Snow');
> 331 |     expect(newState.note.content).not.toEqual(
      |    ^ Duplicate Assert
  332 |       'The Lannisters always pay their debts'
  333 |     );
  334 |   });"
/home/gabriel/Disk/Research/research-javascript-test-smells/repositories/manta/app/reducers/__tests__/FormReducer.spec.js,Magic Number,"{'line': 58, 'column': 39, 'index': 1329}","  56 |       type: ACTION_TYPES.FORM_ITEM_ADD,
  57 |     });
> 58 |     expect(newState.rows).toHaveLength(5);
     |                                       ^ Magic Number
  59 |   });
  60 |
  61 |   it('remove a row item', () => {"
/home/gabriel/Disk/Research/research-javascript-test-smells/repositories/manta/app/reducers/__tests__/FormReducer.spec.js,Magic Number,"{'line': 66, 'column': 39, 'index': 1542}","  64 |       payload: 'Arya Stark',
  65 |     });
> 66 |     expect(newState.rows).toHaveLength(3);
     |                                       ^ Magic Number
  67 |   });
  68 |
  69 |   it('update a row item', () => {"
/home/gabriel/Disk/Research/research-javascript-test-smells/repositories/manta/app/reducers/__tests__/FormReducer.spec.js,Magic Number,"{'line': 90, 'column': 39, 'index': 2155}","  88 |       },
  89 |     });
> 90 |     expect(newState.rows).toHaveLength(4);
     |                                       ^ Magic Number
  91 |     expect(newState.rows).toEqual([
  92 |       { id: 'Jon Snow' },
  93 |       { id: 'Daenerys Targaryen' },"
/home/gabriel/Disk/Research/research-javascript-test-smells/repositories/manta/app/reducers/__tests__/FormReducer.spec.js,Magic Number,"{'line': 108, 'column': 39, 'index': 2606}","  106 |       new: {},
  107 |     });
> 108 |     expect(newState.rows).toHaveLength(0);
      |                                       ^ Magic Number
  109 |     expect(newState.dueDate).toEqual({
  110 |       selectedDate: null,
  111 |       paymentTerm: null,"
/home/gabriel/Disk/Research/research-javascript-test-smells/repositories/manta/app/reducers/__tests__/FormReducer.spec.js,Magic Number,"{'line': 302, 'column': 45, 'index': 7763}","  300 |     expect(newState.discount.type).toEqual('percentage');
  301 |     expect(newState.discount.type).not.toEqual('flat');
> 302 |     expect(newState.discount.amount).toEqual(10);
      |                                             ^ Magic Number
  303 |     expect(newState.discount.amount).not.toEqual(5);
  304 |   });
  305 |"
/home/gabriel/Disk/Research/research-javascript-test-smells/repositories/manta/app/reducers/__tests__/FormReducer.spec.js,Magic Number,"{'line': 303, 'column': 49, 'index': 7817}","  301 |     expect(newState.discount.type).not.toEqual('flat');
  302 |     expect(newState.discount.amount).toEqual(10);
> 303 |     expect(newState.discount.amount).not.toEqual(5);
      |                                                 ^ Magic Number
  304 |   });
  305 |
  306 |   it('tax data', () => {"
/home/gabriel/Disk/Research/research-javascript-test-smells/repositories/manta/app/reducers/__tests__/FormReducer.spec.js,Magic Number,"{'line': 316, 'column': 40, 'index': 8095}","  314 |       },
  315 |     });
> 316 |     expect(newState.tax.amount).toEqual(5);
      |                                        ^ Magic Number
  317 |     expect(newState.tax.amount).not.toEqual(10);
  318 |   });
  319 |"
/home/gabriel/Disk/Research/research-javascript-test-smells/repositories/manta/app/reducers/__tests__/FormReducer.spec.js,Magic Number,"{'line': 317, 'column': 44, 'index': 8143}","  315 |     });
  316 |     expect(newState.tax.amount).toEqual(5);
> 317 |     expect(newState.tax.amount).not.toEqual(10);
      |                                            ^ Magic Number
  318 |   });
  319 |
  320 |   it('note data', () => {"
/home/gabriel/Disk/Research/research-javascript-test-smells/repositories/manta/app/reducers/__tests__/FormReducer.spec.js,Magic Number,"{'line': 484, 'column': 41, 'index': 12427}","  482 |   it('should populate other fields data correctly', () => {
  483 |     // Rows
> 484 |     expect(newState.rows.length).toEqual(1);
      |                                         ^ Magic Number
  485 |     expect(newState.rows).toEqual(invoiceData.rows);
  486 |     // Tax
  487 |     expect(newState.tax).toEqual(invoiceData.tax);"
/home/gabriel/Disk/Research/research-javascript-test-smells/repositories/manta/app/middlewares/__tests__/UIMiddleware.spec.js,Magic Number,"{'line': 25, 'column': 46, 'index': 731}","  23 |     it('should NOT update active tab', () => {
  24 |       middleware(UIActions.changeActiveTab('form'));
> 25 |       expect(getState.mock.calls.length).toBe(1);
     |                                              ^ Magic Number
  26 |       expect(next.mock.calls.length).toBe(0);
  27 |     });
  28 |"
/home/gabriel/Disk/Research/research-javascript-test-smells/repositories/manta/app/middlewares/__tests__/UIMiddleware.spec.js,Magic Number,"{'line': 26, 'column': 42, 'index': 777}","  24 |       middleware(UIActions.changeActiveTab('form'));
  25 |       expect(getState.mock.calls.length).toBe(1);
> 26 |       expect(next.mock.calls.length).toBe(0);
     |                                          ^ Magic Number
  27 |     });
  28 |
  29 |     it('should update active tab', () => {"
/home/gabriel/Disk/Research/research-javascript-test-smells/repositories/manta/app/middlewares/__tests__/UIMiddleware.spec.js,Magic Number,"{'line': 32, 'column': 46, 'index': 965}","  30 |       const action = UIActions.changeActiveTab('settings');
  31 |       middleware(action);
> 32 |       expect(getState.mock.calls.length).toBe(1);
     |                                              ^ Magic Number
  33 |       expect(next.mock.calls.length).toBe(1);
  34 |       expect(next).toHaveBeenCalledWith(action);
  35 |       // Test Sound"
/home/gabriel/Disk/Research/research-javascript-test-smells/repositories/manta/app/middlewares/__tests__/UIMiddleware.spec.js,Magic Number,"{'line': 33, 'column': 42, 'index': 1011}","  31 |       middleware(action);
  32 |       expect(getState.mock.calls.length).toBe(1);
> 33 |       expect(next.mock.calls.length).toBe(1);
     |                                          ^ Magic Number
  34 |       expect(next).toHaveBeenCalledWith(action);
  35 |       // Test Sound
  36 |       expect(sounds.play).toBeCalledWith('TAP');"
/home/gabriel/Disk/Research/research-javascript-test-smells/repositories/manta/app/middlewares/__tests__/UIMiddleware.spec.js,Magic Number,"{'line': 47, 'column': 46, 'index': 1453}","  45 |       );
  46 |       middleware(action);
> 47 |       expect(getState.mock.calls.length).toBe(0);
     |                                              ^ Magic Number
  48 |       expect(next.mock.calls.length).toBe(1);
  49 |       // Add id field with uuidv4 string to payload
  50 |       expect(next).toHaveBeenCalledWith("
/home/gabriel/Disk/Research/research-javascript-test-smells/repositories/manta/app/middlewares/__tests__/UIMiddleware.spec.js,Magic Number,"{'line': 48, 'column': 42, 'index': 1499}","  46 |       middleware(action);
  47 |       expect(getState.mock.calls.length).toBe(0);
> 48 |       expect(next.mock.calls.length).toBe(1);
     |                                          ^ Magic Number
  49 |       // Add id field with uuidv4 string to payload
  50 |       expect(next).toHaveBeenCalledWith(
  51 |         Object.assign({}, action, {"
/home/gabriel/Disk/Research/research-javascript-test-smells/repositories/manta/app/middlewares/__tests__/UIMiddleware.spec.js,Magic Number,"{'line': 64, 'column': 46, 'index': 2029}","  62 |       const action = UIActions.newNoti('warning', 'Missing Doc');
  63 |       middleware(action);
> 64 |       expect(getState.mock.calls.length).toBe(0);
     |                                              ^ Magic Number
  65 |       expect(next.mock.calls.length).toBe(1);
  66 |       // Add id field with uuidv4 string to payload
  67 |       expect(next).toHaveBeenCalledWith("
/home/gabriel/Disk/Research/research-javascript-test-smells/repositories/manta/app/middlewares/__tests__/UIMiddleware.spec.js,Magic Number,"{'line': 65, 'column': 42, 'index': 2075}","  63 |       middleware(action);
  64 |       expect(getState.mock.calls.length).toBe(0);
> 65 |       expect(next.mock.calls.length).toBe(1);
     |                                          ^ Magic Number
  66 |       // Add id field with uuidv4 string to payload
  67 |       expect(next).toHaveBeenCalledWith(
  68 |         Object.assign({}, action, {"
/home/gabriel/Disk/Research/research-javascript-test-smells/repositories/manta/app/middlewares/__tests__/UIMiddleware.spec.js,Magic Number,"{'line': 83, 'column': 46, 'index': 2632}","  81 |       const action = FormActions.addItem();
  82 |       middleware(action);
> 83 |       expect(getState.mock.calls.length).toBe(0);
     |                                              ^ Magic Number
  84 |       expect(next.mock.calls.length).toBe(1);
  85 |       expect(next).toHaveBeenCalledWith(action);
  86 |       expect(sounds.play).toBeCalledWith('ADD');"
/home/gabriel/Disk/Research/research-javascript-test-smells/repositories/manta/app/middlewares/__tests__/UIMiddleware.spec.js,Magic Number,"{'line': 84, 'column': 42, 'index': 2678}","  82 |       middleware(action);
  83 |       expect(getState.mock.calls.length).toBe(0);
> 84 |       expect(next.mock.calls.length).toBe(1);
     |                                          ^ Magic Number
  85 |       expect(next).toHaveBeenCalledWith(action);
  86 |       expect(sounds.play).toBeCalledWith('ADD');
  87 |     });"
/home/gabriel/Disk/Research/research-javascript-test-smells/repositories/manta/app/middlewares/__tests__/UIMiddleware.spec.js,Magic Number,"{'line': 92, 'column': 46, 'index': 2964}","  90 |       const action = FormActions.removeItem();
  91 |       middleware(action);
> 92 |       expect(getState.mock.calls.length).toBe(0);
     |                                              ^ Magic Number
  93 |       expect(next.mock.calls.length).toBe(1);
  94 |       expect(next).toHaveBeenCalledWith(action);
  95 |       expect(sounds.play).toBeCalledWith('REMOVE');"
/home/gabriel/Disk/Research/research-javascript-test-smells/repositories/manta/app/middlewares/__tests__/UIMiddleware.spec.js,Magic Number,"{'line': 93, 'column': 42, 'index': 3010}","  91 |       middleware(action);
  92 |       expect(getState.mock.calls.length).toBe(0);
> 93 |       expect(next.mock.calls.length).toBe(1);
     |                                          ^ Magic Number
  94 |       expect(next).toHaveBeenCalledWith(action);
  95 |       expect(sounds.play).toBeCalledWith('REMOVE');
  96 |     });"
/home/gabriel/Disk/Research/research-javascript-test-smells/repositories/manta/app/middlewares/__tests__/UIMiddleware.spec.js,Magic Number,"{'line': 101, 'column': 46, 'index': 3312}","   99 |       const action = FormActions.clearForm('muted');
  100 |       middleware(action);
> 101 |       expect(getState.mock.calls.length).toBe(0);
      |                                              ^ Magic Number
  102 |       expect(next.mock.calls.length).toBe(1);
  103 |       expect(next).toHaveBeenCalledWith(action);
  104 |     });"
/home/gabriel/Disk/Research/research-javascript-test-smells/repositories/manta/app/middlewares/__tests__/UIMiddleware.spec.js,Magic Number,"{'line': 102, 'column': 42, 'index': 3358}","  100 |       middleware(action);
  101 |       expect(getState.mock.calls.length).toBe(0);
> 102 |       expect(next.mock.calls.length).toBe(1);
      |                                          ^ Magic Number
  103 |       expect(next).toHaveBeenCalledWith(action);
  104 |     });
  105 |"
/home/gabriel/Disk/Research/research-javascript-test-smells/repositories/manta/app/middlewares/__tests__/SettingsMW.spec.js,Duplicate Assert,"{'line': 69, 'column': 6, 'index': 1868}","  67 |     it('should validate currency and tax data', () => {
  68 |       middleware(action);
> 69 |       expect(validateCurrency).toHaveBeenCalled();
     |      ^ Duplicate Assert
  70 |       expect(validateCurrency).toHaveBeenCalledWith(true, action.payload.invoice.currency);
  71 |       expect(validateTax).toHaveBeenCalled();
  72 |       expect(validateTax).toHaveBeenCalledWith(true, action.payload.invoice.tax);"
/home/gabriel/Disk/Research/research-javascript-test-smells/repositories/manta/app/middlewares/__tests__/SettingsMW.spec.js,Duplicate Assert,"{'line': 70, 'column': 6, 'index': 1919}","  68 |       middleware(action);
  69 |       expect(validateCurrency).toHaveBeenCalled();
> 70 |       expect(validateCurrency).toHaveBeenCalledWith(true, action.payload.invoice.currency);
     |      ^ Duplicate Assert
  71 |       expect(validateTax).toHaveBeenCalled();
  72 |       expect(validateTax).toHaveBeenCalledWith(true, action.payload.invoice.tax);
  73 |     });"
/home/gabriel/Disk/Research/research-javascript-test-smells/repositories/manta/app/middlewares/__tests__/SettingsMW.spec.js,Duplicate Assert,"{'line': 71, 'column': 6, 'index': 2011}","  69 |       expect(validateCurrency).toHaveBeenCalled();
  70 |       expect(validateCurrency).toHaveBeenCalledWith(true, action.payload.invoice.currency);
> 71 |       expect(validateTax).toHaveBeenCalled();
     |      ^ Duplicate Assert
  72 |       expect(validateTax).toHaveBeenCalledWith(true, action.payload.invoice.tax);
  73 |     });
  74 |"
/home/gabriel/Disk/Research/research-javascript-test-smells/repositories/manta/app/middlewares/__tests__/SettingsMW.spec.js,Duplicate Assert,"{'line': 72, 'column': 6, 'index': 2057}","  70 |       expect(validateCurrency).toHaveBeenCalledWith(true, action.payload.invoice.currency);
  71 |       expect(validateTax).toHaveBeenCalled();
> 72 |       expect(validateTax).toHaveBeenCalledWith(true, action.payload.invoice.tax);
     |      ^ Duplicate Assert
  73 |     });
  74 |
  75 |     // TODO"
/home/gabriel/Disk/Research/research-javascript-test-smells/repositories/manta/app/middlewares/__tests__/SettingsMW.spec.js,Empty Test,"{'line': 76, 'column': 4, 'index': 2158}","  74 |
  75 |     // TODO
> 76 |     it('should save data', () => {});
     |    ^ Empty Test
  77 |
  78 |     it('should reload sounds cache', () => {
  79 |       middleware(action);"
/home/gabriel/Disk/Research/research-javascript-test-smells/repositories/manta/app/middlewares/__tests__/SettingsMW.spec.js,Magic Number,"{'line': 31, 'column': 44, 'index': 999}","  29 |     const action = Actions.getInitalSettings();
  30 |     middleware(action);
> 31 |     expect(dispatch.mock.calls.length).toBe(0);
     |                                            ^ Magic Number
  32 |     expect(next.mock.calls.length).toBe(1);
  33 |     expect(next).toHaveBeenCalledWith(
  34 |       Object.assign({}, action, {"
/home/gabriel/Disk/Research/research-javascript-test-smells/repositories/manta/app/middlewares/__tests__/SettingsMW.spec.js,Magic Number,"{'line': 32, 'column': 40, 'index': 1043}","  30 |     middleware(action);
  31 |     expect(dispatch.mock.calls.length).toBe(0);
> 32 |     expect(next.mock.calls.length).toBe(1);
     |                                        ^ Magic Number
  33 |     expect(next).toHaveBeenCalledWith(
  34 |       Object.assign({}, action, {
  35 |         payload: {"
/home/gabriel/Disk/Research/research-javascript-test-smells/repositories/manta/app/middlewares/__tests__/SettingsMW.spec.js,Magic Number,"{'line': 88, 'column': 49, 'index': 2570}","  86 |       middleware(action);
  87 |       expect(ipc.send).toHaveBeenCalled();
> 88 |       expect(ipc.send.mock.calls.length).toEqual(2);
     |                                                 ^ Magic Number
  89 |       // Notify about profile change
  90 |       expect(ipc.send.mock.calls[0][0]).toBe('change-preview-window-profile');
  91 |       expect(ipc.send.mock.calls[0][1]).toBe('New Profile');"
/home/gabriel/Disk/Research/research-javascript-test-smells/repositories/manta/app/middlewares/__tests__/SettingsMW.spec.js,Magic Number,"{'line': 100, 'column': 42, 'index': 3077}","   98 |       middleware(action);
   99 |       // Call Next
> 100 |       expect(next.mock.calls.length).toBe(1);
      |                                          ^ Magic Number
  101 |       expect(next).toHaveBeenCalledWith(action);
  102 |       // Send Notification
  103 |       expect(dispatch.mock.calls.length).toBe(1);"
/home/gabriel/Disk/Research/research-javascript-test-smells/repositories/manta/app/middlewares/__tests__/SettingsMW.spec.js,Magic Number,"{'line': 103, 'column': 46, 'index': 3203}","  101 |       expect(next).toHaveBeenCalledWith(action);
  102 |       // Send Notification
> 103 |       expect(dispatch.mock.calls.length).toBe(1);
      |                                              ^ Magic Number
  104 |       expect(dispatch).toHaveBeenCalledWith({
  105 |         type: ACTION_TYPES.UI_NOTIFICATION_NEW,
  106 |         payload: {"
/home/gabriel/Disk/Research/research-javascript-test-smells/repositories/manta/app/middlewares/__tests__/InvoicesMW.spec.js,Duplicate Assert,"{'line': 40, 'column': 6, 'index': 1101}","  38 |
  39 |       // Call correct function
> 40 |       expect(getAllDocs).toHaveBeenCalled();
     |      ^ Duplicate Assert
  41 |       expect(getAllDocs).toHaveBeenCalledWith('invoices');
  42 |       expect(getAllDocs).not.toHaveBeenCalledWith('contacts');
  43 |       expect(getAllDocs).not.toHaveBeenCalledWith('');"
/home/gabriel/Disk/Research/research-javascript-test-smells/repositories/manta/app/middlewares/__tests__/InvoicesMW.spec.js,Duplicate Assert,"{'line': 41, 'column': 6, 'index': 1146}","  39 |       // Call correct function
  40 |       expect(getAllDocs).toHaveBeenCalled();
> 41 |       expect(getAllDocs).toHaveBeenCalledWith('invoices');
     |      ^ Duplicate Assert
  42 |       expect(getAllDocs).not.toHaveBeenCalledWith('contacts');
  43 |       expect(getAllDocs).not.toHaveBeenCalledWith('');
  44 |       // Correctly resolves"
/home/gabriel/Disk/Research/research-javascript-test-smells/repositories/manta/app/middlewares/__tests__/InvoicesMW.spec.js,Duplicate Assert,"{'line': 42, 'column': 6, 'index': 1205}","  40 |       expect(getAllDocs).toHaveBeenCalled();
  41 |       expect(getAllDocs).toHaveBeenCalledWith('invoices');
> 42 |       expect(getAllDocs).not.toHaveBeenCalledWith('contacts');
     |      ^ Duplicate Assert
  43 |       expect(getAllDocs).not.toHaveBeenCalledWith('');
  44 |       // Correctly resolves
  45 |       expect(getAllDocs('invoices')).resolves.toBe(mockData.invoicesRecords);"
/home/gabriel/Disk/Research/research-javascript-test-smells/repositories/manta/app/middlewares/__tests__/InvoicesMW.spec.js,Duplicate Assert,"{'line': 43, 'column': 6, 'index': 1268}","  41 |       expect(getAllDocs).toHaveBeenCalledWith('invoices');
  42 |       expect(getAllDocs).not.toHaveBeenCalledWith('contacts');
> 43 |       expect(getAllDocs).not.toHaveBeenCalledWith('');
     |      ^ Duplicate Assert
  44 |       // Correctly resolves
  45 |       expect(getAllDocs('invoices')).resolves.toBe(mockData.invoicesRecords);
  46 |     });"
/home/gabriel/Disk/Research/research-javascript-test-smells/repositories/manta/app/middlewares/__tests__/InvoicesMW.spec.js,Duplicate Assert,"{'line': 72, 'column': 8, 'index': 2345}","  70 |       middleware(Actions.getInvoices()).then(() => {
  71 |         // Calling next & send new notification
> 72 |         expect(next).toHaveBeenCalled();
     |        ^ Duplicate Assert
  73 |         expect(next).toHaveBeenCalledWith({
  74 |           type: ACTION_TYPES.UI_NOTIFICATION_NEW,
  75 |           payload: {"
/home/gabriel/Disk/Research/research-javascript-test-smells/repositories/manta/app/middlewares/__tests__/InvoicesMW.spec.js,Duplicate Assert,"{'line': 73, 'column': 8, 'index': 2386}","  71 |         // Calling next & send new notification
  72 |         expect(next).toHaveBeenCalled();
> 73 |         expect(next).toHaveBeenCalledWith({
     |        ^ Duplicate Assert
  74 |           type: ACTION_TYPES.UI_NOTIFICATION_NEW,
  75 |           payload: {
  76 |             type: 'warning',"
/home/gabriel/Disk/Research/research-javascript-test-smells/repositories/manta/app/middlewares/__tests__/InvoicesMW.spec.js,Duplicate Assert,"{'line': 88, 'column': 10, 'index': 2890}","  86 |       middleware(Actions.getInvoices()).then(() =>
  87 |         getAllDocs().catch(err => {
> 88 |           expect(next).toHaveBeenCalled();
     |          ^ Duplicate Assert
  89 |           expect(next).toHaveBeenCalledWith({
  90 |             type: ACTION_TYPES.UI_NOTIFICATION_NEW,
  91 |             payload: {"
/home/gabriel/Disk/Research/research-javascript-test-smells/repositories/manta/app/middlewares/__tests__/InvoicesMW.spec.js,Duplicate Assert,"{'line': 89, 'column': 10, 'index': 2933}","  87 |         getAllDocs().catch(err => {
  88 |           expect(next).toHaveBeenCalled();
> 89 |           expect(next).toHaveBeenCalledWith({
     |          ^ Duplicate Assert
  90 |             type: ACTION_TYPES.UI_NOTIFICATION_NEW,
  91 |             payload: {
  92 |               type: 'warning',"
/home/gabriel/Disk/Research/research-javascript-test-smells/repositories/manta/app/middlewares/__tests__/InvoicesMW.spec.js,Duplicate Assert,"{'line': 200, 'column': 10, 'index': 6123}","  198 |         saveDoc('invoices', newInvoice).then(data => {
  199 |           // ipc to main process
> 200 |           expect(ipcRenderer.send).toHaveBeenCalled();
      |          ^ Duplicate Assert
  201 |           expect(ipcRenderer.send).toHaveBeenCalledWith(
  202 |             'preview-invoice',
  203 |             newInvoice"
/home/gabriel/Disk/Research/research-javascript-test-smells/repositories/manta/app/middlewares/__tests__/InvoicesMW.spec.js,Duplicate Assert,"{'line': 201, 'column': 10, 'index': 6178}","  199 |           // ipc to main process
  200 |           expect(ipcRenderer.send).toHaveBeenCalled();
> 201 |           expect(ipcRenderer.send).toHaveBeenCalledWith(
      |          ^ Duplicate Assert
  202 |             'preview-invoice',
  203 |             newInvoice
  204 |           );"
/home/gabriel/Disk/Research/research-javascript-test-smells/repositories/manta/app/middlewares/__tests__/InvoicesMW.spec.js,Duplicate Assert,"{'line': 238, 'column': 8, 'index': 7286}","  236 |       middleware(Actions.saveInvoice(newInvoice)).then(() => {
  237 |         // Expect
> 238 |         expect(next).toHaveBeenCalled();
      |        ^ Duplicate Assert
  239 |         expect(next).toHaveBeenCalledWith({
  240 |           type: ACTION_TYPES.UI_NOTIFICATION_NEW,
  241 |           payload: {"
/home/gabriel/Disk/Research/research-javascript-test-smells/repositories/manta/app/middlewares/__tests__/InvoicesMW.spec.js,Duplicate Assert,"{'line': 239, 'column': 8, 'index': 7327}","  237 |         // Expect
  238 |         expect(next).toHaveBeenCalled();
> 239 |         expect(next).toHaveBeenCalledWith({
      |        ^ Duplicate Assert
  240 |           type: ACTION_TYPES.UI_NOTIFICATION_NEW,
  241 |           payload: {
  242 |             type: 'warning',"
/home/gabriel/Disk/Research/research-javascript-test-smells/repositories/manta/app/middlewares/__tests__/InvoicesMW.spec.js,Duplicate Assert,"{'line': 359, 'column': 8, 'index': 11082}","  357 |       updateDoc.mockImplementationOnce(() => Promise.reject(expectedError));
  358 |       middleware(Actions.updateInvoice(currentInvoice)).then(() => {
> 359 |         expect(next).toHaveBeenCalled();
      |        ^ Duplicate Assert
  360 |         expect(next).toHaveBeenCalledWith({
  361 |           type: ACTION_TYPES.UI_NOTIFICATION_NEW,
  362 |           payload: {"
/home/gabriel/Disk/Research/research-javascript-test-smells/repositories/manta/app/middlewares/__tests__/InvoicesMW.spec.js,Duplicate Assert,"{'line': 360, 'column': 8, 'index': 11123}","  358 |       middleware(Actions.updateInvoice(currentInvoice)).then(() => {
  359 |         expect(next).toHaveBeenCalled();
> 360 |         expect(next).toHaveBeenCalledWith({
      |        ^ Duplicate Assert
  361 |           type: ACTION_TYPES.UI_NOTIFICATION_NEW,
  362 |           payload: {
  363 |             type: 'warning',"
/home/gabriel/Disk/Research/research-javascript-test-smells/repositories/manta/app/middlewares/__tests__/InvoicesMW.spec.js,Duplicate Assert,"{'line': 449, 'column': 8, 'index': 13932}","  447 |       middleware(Actions.deleteInvoice(invoiceID)).then(() => {
  448 |         // Expect
> 449 |         expect(next).toHaveBeenCalled();
      |        ^ Duplicate Assert
  450 |         expect(next).toHaveBeenCalledWith({
  451 |           type: ACTION_TYPES.UI_NOTIFICATION_NEW,
  452 |           payload: {"
/home/gabriel/Disk/Research/research-javascript-test-smells/repositories/manta/app/middlewares/__tests__/InvoicesMW.spec.js,Duplicate Assert,"{'line': 450, 'column': 8, 'index': 13973}","  448 |         // Expect
  449 |         expect(next).toHaveBeenCalled();
> 450 |         expect(next).toHaveBeenCalledWith({
      |        ^ Duplicate Assert
  451 |           type: ACTION_TYPES.UI_NOTIFICATION_NEW,
  452 |           payload: {
  453 |             type: 'warning',"
/home/gabriel/Disk/Research/research-javascript-test-smells/repositories/manta/app/middlewares/__tests__/InvoicesMW.spec.js,Duplicate Assert,"{'line': 507, 'column': 10, 'index': 15865}","  505 |         getSingleDoc('test', invoiceID).then(() => {
  506 |           // Expect
> 507 |           expect(next).toHaveBeenCalled();
      |          ^ Duplicate Assert
  508 |           expect(next).toHaveBeenCalledWith({
  509 |             type: ACTION_TYPES.UI_NOTIFICATION_NEW,
  510 |             payload: {"
/home/gabriel/Disk/Research/research-javascript-test-smells/repositories/manta/app/middlewares/__tests__/InvoicesMW.spec.js,Duplicate Assert,"{'line': 508, 'column': 10, 'index': 15908}","  506 |           // Expect
  507 |           expect(next).toHaveBeenCalled();
> 508 |           expect(next).toHaveBeenCalledWith({
      |          ^ Duplicate Assert
  509 |             type: ACTION_TYPES.UI_NOTIFICATION_NEW,
  510 |             payload: {
  511 |               type: 'warning',"
/home/gabriel/Disk/Research/research-javascript-test-smells/repositories/manta/app/middlewares/__tests__/InvoicesMW.spec.js,Duplicate Assert,"{'line': 544, 'column': 10, 'index': 17109}","  542 |         getSingleDoc('test', invoiceID).then(() => {
  543 |           // Expect
> 544 |           expect(next).toHaveBeenCalled();
      |          ^ Duplicate Assert
  545 |           expect(next).toHaveBeenCalledWith({
  546 |             type: ACTION_TYPES.UI_NOTIFICATION_NEW,
  547 |             payload: {"
/home/gabriel/Disk/Research/research-javascript-test-smells/repositories/manta/app/middlewares/__tests__/InvoicesMW.spec.js,Duplicate Assert,"{'line': 545, 'column': 10, 'index': 17152}","  543 |           // Expect
  544 |           expect(next).toHaveBeenCalled();
> 545 |           expect(next).toHaveBeenCalledWith({
      |          ^ Duplicate Assert
  546 |             type: ACTION_TYPES.UI_NOTIFICATION_NEW,
  547 |             payload: {
  548 |               type: 'warning',"
/home/gabriel/Disk/Research/research-javascript-test-smells/repositories/manta/app/middlewares/__tests__/InvoicesMW.spec.js,Eager Test,"{'line': 219, 'column': 15, 'index': 6709}","  217 |         const dbError = new Error('No database found!');
  218 |         const docError = new Error('No doc found!');
> 219 |         expect(saveDoc()).rejects.toEqual(dbError);
      |               ^ Eager Test
  220 |         expect(saveDoc('invoices')).rejects.toEqual(docError);
  221 |       });
  222 |     });"
/home/gabriel/Disk/Research/research-javascript-test-smells/repositories/manta/app/middlewares/__tests__/InvoicesMW.spec.js,Eager Test,"{'line': 220, 'column': 15, 'index': 6761}","  218 |         const docError = new Error('No doc found!');
  219 |         expect(saveDoc()).rejects.toEqual(dbError);
> 220 |         expect(saveDoc('invoices')).rejects.toEqual(docError);
      |               ^ Eager Test
  221 |       });
  222 |     });
  223 |"
/home/gabriel/Disk/Research/research-javascript-test-smells/repositories/manta/app/middlewares/__tests__/InvoicesMW.spec.js,Eager Test,"{'line': 350, 'column': 15, 'index': 10690}","  348 |         const dbError = new Error('No database found!');
  349 |         const docError = new Error('No doc found!');
> 350 |         expect(updateDoc()).rejects.toEqual(dbError);
      |               ^ Eager Test
  351 |         expect(updateDoc('invoices')).rejects.toEqual(docError);
  352 |       });
  353 |     });"
/home/gabriel/Disk/Research/research-javascript-test-smells/repositories/manta/app/middlewares/__tests__/InvoicesMW.spec.js,Eager Test,"{'line': 351, 'column': 15, 'index': 10744}","  349 |         const docError = new Error('No doc found!');
  350 |         expect(updateDoc()).rejects.toEqual(dbError);
> 351 |         expect(updateDoc('invoices')).rejects.toEqual(docError);
      |               ^ Eager Test
  352 |       });
  353 |     });
  354 |"
/home/gabriel/Disk/Research/research-javascript-test-smells/repositories/manta/app/middlewares/__tests__/InvoicesMW.spec.js,Lazy Test,"{'line': 45, 'column': 13, 'index': 1358}","  43 |       expect(getAllDocs).not.toHaveBeenCalledWith('');
  44 |       // Correctly resolves
> 45 |       expect(getAllDocs('invoices')).resolves.toBe(mockData.invoicesRecords);
     |             ^ Lazy Test
  46 |     });
  47 |
  48 |     it('calls next after the promised is returned', () => {"
/home/gabriel/Disk/Research/research-javascript-test-smells/repositories/manta/app/middlewares/__tests__/InvoicesMW.spec.js,Lazy Test,"{'line': 54, 'column': 15, 'index': 1712}","  52 |         expect(dispatch.mock.calls.length).toBe(0);
  53 |         // Call next with resolved data
> 54 |         return getAllDocs('invoices').then(data => {
     |               ^ Lazy Test
  55 |           expect(next.mock.calls.length).toBe(1);
  56 |           expect(next).toHaveBeenCalledWith(
  57 |             Object.assign({}, action, {"
/home/gabriel/Disk/Research/research-javascript-test-smells/repositories/manta/app/middlewares/__tests__/InvoicesMW.spec.js,Lazy Test,"{'line': 67, 'column': 46, 'index': 2127}","  65 |     it('handle error correctly', () => {
  66 |       // Make sure getAllDocs will be called with incorrect dbName
> 67 |       getAllDocs.mockImplementationOnce(() => getAllDocs('random-string'));
     |                                              ^ Lazy Test
  68 |       const expectedError = new Error('Incorrect database!');
  69 |       // Execute
  70 |       middleware(Actions.getInvoices()).then(() => {"
/home/gabriel/Disk/Research/research-javascript-test-smells/repositories/manta/app/middlewares/__tests__/InvoicesMW.spec.js,Lazy Test,"{'line': 87, 'column': 8, 'index': 2852}","  85 |       getAllDocs.mockImplementationOnce(() => Promise.reject(unknownError));
  86 |       middleware(Actions.getInvoices()).then(() =>
> 87 |         getAllDocs().catch(err => {
     |        ^ Lazy Test
  88 |           expect(next).toHaveBeenCalled();
  89 |           expect(next).toHaveBeenCalledWith({
  90 |             type: ACTION_TYPES.UI_NOTIFICATION_NEW,"
/home/gabriel/Disk/Research/research-javascript-test-smells/repositories/manta/app/middlewares/__tests__/InvoicesMW.spec.js,Lazy Test,"{'line': 120, 'column': 8, 'index': 3760}","  118 |       // Execute
  119 |       middleware(Actions.saveInvoice(newInvoice)).then(() =>
> 120 |         saveDoc('invoices', newInvoice).then(data => {
      |        ^ Lazy Test
  121 |           // Expect
  122 |           expect(data).toEqual([...mockData.invoicesRecords, newInvoice]);
  123 |         })"
/home/gabriel/Disk/Research/research-javascript-test-smells/repositories/manta/app/middlewares/__tests__/InvoicesMW.spec.js,Lazy Test,"{'line': 152, 'column': 8, 'index': 4625}","  150 |       const action = Actions.saveInvoice(newInvoice);
  151 |       middleware(action).then(() =>
> 152 |         saveDoc('invoices', newInvoice).then(data => {
      |        ^ Lazy Test
  153 |           // Call next after the promised is returned
  154 |           expect(next.mock.calls.length).toBe(1);
  155 |           expect(next).toHaveBeenCalledWith("
/home/gabriel/Disk/Research/research-javascript-test-smells/repositories/manta/app/middlewares/__tests__/InvoicesMW.spec.js,Lazy Test,"{'line': 198, 'column': 8, 'index': 6033}","  196 |       };
  197 |       middleware(Actions.saveInvoice(newInvoice)).then(() =>
> 198 |         saveDoc('invoices', newInvoice).then(data => {
      |        ^ Lazy Test
  199 |           // ipc to main process
  200 |           expect(ipcRenderer.send).toHaveBeenCalled();
  201 |           expect(ipcRenderer.send).toHaveBeenCalledWith("
/home/gabriel/Disk/Research/research-javascript-test-smells/repositories/manta/app/middlewares/__tests__/InvoicesMW.spec.js,Lazy Test,"{'line': 219, 'column': 15, 'index': 6709}","  217 |         const dbError = new Error('No database found!');
  218 |         const docError = new Error('No doc found!');
> 219 |         expect(saveDoc()).rejects.toEqual(dbError);
      |               ^ Lazy Test
  220 |         expect(saveDoc('invoices')).rejects.toEqual(docError);
  221 |       });
  222 |     });"
/home/gabriel/Disk/Research/research-javascript-test-smells/repositories/manta/app/middlewares/__tests__/InvoicesMW.spec.js,Lazy Test,"{'line': 318, 'column': 8, 'index': 9484}","  316 |     it('should update the invoice', () => {
  317 |       middleware(Actions.updateInvoice(currentInvoice)).then(() =>
> 318 |         updateDoc('invoices', currentInvoice).then(data => {
      |        ^ Lazy Test
  319 |           expect(data).toEqual(mockData.invoicesRecords);
  320 |         })
  321 |       );"
/home/gabriel/Disk/Research/research-javascript-test-smells/repositories/manta/app/middlewares/__tests__/InvoicesMW.spec.js,Lazy Test,"{'line': 326, 'column': 8, 'index': 9760}","  324 |     it('should call next and dispatch notification', () => {
  325 |       middleware(Actions.updateInvoice(currentInvoice)).then(() =>
> 326 |         updateDoc('invoices', currentInvoice).then(data => {
      |        ^ Lazy Test
  327 |           // Call next after the promised is returned
  328 |           expect(next.mock.calls.length).toBe(1);
  329 |           expect(next).toHaveBeenCalledWith({"
/home/gabriel/Disk/Research/research-javascript-test-smells/repositories/manta/app/middlewares/__tests__/InvoicesMW.spec.js,Lazy Test,"{'line': 350, 'column': 15, 'index': 10690}","  348 |         const dbError = new Error('No database found!');
  349 |         const docError = new Error('No doc found!');
> 350 |         expect(updateDoc()).rejects.toEqual(dbError);
      |               ^ Lazy Test
  351 |         expect(updateDoc('invoices')).rejects.toEqual(docError);
  352 |       });
  353 |     });"
/home/gabriel/Disk/Research/research-javascript-test-smells/repositories/manta/app/middlewares/__tests__/InvoicesMW.spec.js,Lazy Test,"{'line': 375, 'column': 8, 'index': 11576}","  373 |       const invoiceID = 'jon-invoice';
  374 |       middleware(Actions.deleteInvoice(invoiceID)).then(() =>
> 375 |         deleteDoc('invoices', invoiceID).then(data => {
      |        ^ Lazy Test
  376 |           // Correctly resolves
  377 |           expect(data).toEqual([]);
  378 |         })"
/home/gabriel/Disk/Research/research-javascript-test-smells/repositories/manta/app/middlewares/__tests__/InvoicesMW.spec.js,Lazy Test,"{'line': 388, 'column': 8, 'index': 11953}","  386 |       // Execute
  387 |       middleware(action).then(() =>
> 388 |         deleteDoc('invoices', invoiceID).then(data => {
      |        ^ Lazy Test
  389 |           // Call next after the promised is returned
  390 |           expect(next.mock.calls.length).toBe(1);
  391 |           expect(next).toHaveBeenCalledWith("
/home/gabriel/Disk/Research/research-javascript-test-smells/repositories/manta/app/middlewares/__tests__/InvoicesMW.spec.js,Lazy Test,"{'line': 424, 'column': 8, 'index': 13101}","  422 |       // Execute
  423 |       middleware(Actions.deleteInvoice(invoiceID)).then(() =>
> 424 |         deleteDoc('invoices', invoiceID).then(data => {
      |        ^ Lazy Test
  425 |           expect(dispatch.mock.calls.length).toBe(2);
  426 |           // Dispatch success notification
  427 |           expect(dispatch.mock.calls[0][0]).toEqual({"
/home/gabriel/Disk/Research/research-javascript-test-smells/repositories/manta/app/middlewares/__tests__/InvoicesMW.spec.js,Lazy Test,"{'line': 488, 'column': 8, 'index': 15192}","  486 |       const configs = { color: 'red' };
  487 |       middleware(Actions.saveInvoiceConfigs(invoiceID, configs)).then(() =>
> 488 |         getSingleDoc('invoices', invoiceID).then(doc => {
      |        ^ Lazy Test
  489 |           expect(dispatch.mock.calls.length).toBe(1);
  490 |           expect(dispatch).toHaveBeenCalledWith({
  491 |             type: ACTION_TYPES.INVOICE_UPDATE,"
/home/gabriel/Disk/Research/research-javascript-test-smells/repositories/manta/app/middlewares/__tests__/InvoicesMW.spec.js,Lazy Test,"{'line': 505, 'column': 8, 'index': 15790}","  503 |       // Execute
  504 |       middleware(Actions.saveInvoiceConfigs(invoiceID, configs)).then(() => {
> 505 |         getSingleDoc('test', invoiceID).then(() => {
      |        ^ Lazy Test
  506 |           // Expect
  507 |           expect(next).toHaveBeenCalled();
  508 |           expect(next).toHaveBeenCalledWith({"
/home/gabriel/Disk/Research/research-javascript-test-smells/repositories/manta/app/middlewares/__tests__/InvoicesMW.spec.js,Lazy Test,"{'line': 525, 'column': 8, 'index': 16451}","  523 |       const status = 'paid';
  524 |       middleware(Actions.setInvoiceStatus(invoiceID, status)).then(() =>
> 525 |         getSingleDoc('invoices', invoiceID).then(doc => {
      |        ^ Lazy Test
  526 |           expect(dispatch.mock.calls.length).toBe(1);
  527 |           expect(dispatch).toHaveBeenCalledWith({
  528 |             type: ACTION_TYPES.INVOICE_UPDATE,"
/home/gabriel/Disk/Research/research-javascript-test-smells/repositories/manta/app/middlewares/__tests__/InvoicesMW.spec.js,Lazy Test,"{'line': 542, 'column': 8, 'index': 17034}","  540 |       // Execute
  541 |       middleware(Actions.setInvoiceStatus(invoiceID, status)).then(() => {
> 542 |         getSingleDoc('test', invoiceID).then(() => {
      |        ^ Lazy Test
  543 |           // Expect
  544 |           expect(next).toHaveBeenCalled();
  545 |           expect(next).toHaveBeenCalledWith({"
/home/gabriel/Disk/Research/research-javascript-test-smells/repositories/manta/app/middlewares/__tests__/InvoicesMW.spec.js,Magic Number,"{'line': 52, 'column': 48, 'index': 1653}","  50 |       middleware(action).then(() => {
  51 |         // Never call dispatch
> 52 |         expect(dispatch.mock.calls.length).toBe(0);
     |                                                ^ Magic Number
  53 |         // Call next with resolved data
  54 |         return getAllDocs('invoices').then(data => {
  55 |           expect(next.mock.calls.length).toBe(1);"
/home/gabriel/Disk/Research/research-javascript-test-smells/repositories/manta/app/middlewares/__tests__/InvoicesMW.spec.js,Magic Number,"{'line': 55, 'column': 46, 'index': 1796}","  53 |         // Call next with resolved data
  54 |         return getAllDocs('invoices').then(data => {
> 55 |           expect(next.mock.calls.length).toBe(1);
     |                                              ^ Magic Number
  56 |           expect(next).toHaveBeenCalledWith(
  57 |             Object.assign({}, action, {
  58 |               payload: data,"
/home/gabriel/Disk/Research/research-javascript-test-smells/repositories/manta/app/middlewares/__tests__/InvoicesMW.spec.js,Magic Number,"{'line': 154, 'column': 46, 'index': 4772}","  152 |         saveDoc('invoices', newInvoice).then(data => {
  153 |           // Call next after the promised is returned
> 154 |           expect(next.mock.calls.length).toBe(1);
      |                                              ^ Magic Number
  155 |           expect(next).toHaveBeenCalledWith(
  156 |             Object.assign({}, action, {
  157 |               payload: ["
/home/gabriel/Disk/Research/research-javascript-test-smells/repositories/manta/app/middlewares/__tests__/InvoicesMW.spec.js,Magic Number,"{'line': 164, 'column': 50, 'index': 5096}","  162 |           );
  163 |           // Dispatch success notification
> 164 |           expect(dispatch.mock.calls.length).toBe(1);
      |                                                  ^ Magic Number
  165 |           expect(dispatch).toHaveBeenCalledWith({
  166 |             type: ACTION_TYPES.UI_NOTIFICATION_NEW,
  167 |             payload: {"
/home/gabriel/Disk/Research/research-javascript-test-smells/repositories/manta/app/middlewares/__tests__/InvoicesMW.spec.js,Magic Number,"{'line': 275, 'column': 44, 'index': 8328}","  273 |       middleware(action).then(() => {
  274 |         // Call next
> 275 |         expect(next.mock.calls.length).toBe(1);
      |                                            ^ Magic Number
  276 |         expect(next).toHaveBeenCalledWith(
  277 |           Object.assign({}, action, {
  278 |             payload: Object.assign({}, action.payload, {"
/home/gabriel/Disk/Research/research-javascript-test-smells/repositories/manta/app/middlewares/__tests__/InvoicesMW.spec.js,Magic Number,"{'line': 284, 'column': 48, 'index': 8644}","  282 |         );
  283 |         // Dispatch change Tab action
> 284 |         expect(dispatch.mock.calls.length).toBe(1);
      |                                                ^ Magic Number
  285 |         expect(dispatch).toHaveBeenCalledWith({
  286 |           type: ACTION_TYPES.UI_TAB_CHANGE,
  287 |           payload: 'form'"
/home/gabriel/Disk/Research/research-javascript-test-smells/repositories/manta/app/middlewares/__tests__/InvoicesMW.spec.js,Magic Number,"{'line': 328, 'column': 46, 'index': 9913}","  326 |         updateDoc('invoices', currentInvoice).then(data => {
  327 |           // Call next after the promised is returned
> 328 |           expect(next.mock.calls.length).toBe(1);
      |                                              ^ Magic Number
  329 |           expect(next).toHaveBeenCalledWith({
  330 |             type: ACTION_TYPES.INVOICE_UPDATE,
  331 |             payload: mockData.invoicesRecords,"
/home/gabriel/Disk/Research/research-javascript-test-smells/repositories/manta/app/middlewares/__tests__/InvoicesMW.spec.js,Magic Number,"{'line': 334, 'column': 50, 'index': 10164}","  332 |           });
  333 |           // Dispatch success notification
> 334 |           expect(dispatch.mock.calls.length).toBe(1);
      |                                                  ^ Magic Number
  335 |           expect(dispatch).toHaveBeenCalledWith({
  336 |             type: ACTION_TYPES.UI_NOTIFICATION_NEW,
  337 |             payload: {"
/home/gabriel/Disk/Research/research-javascript-test-smells/repositories/manta/app/middlewares/__tests__/InvoicesMW.spec.js,Magic Number,"{'line': 390, 'column': 46, 'index': 12101}","  388 |         deleteDoc('invoices', invoiceID).then(data => {
  389 |           // Call next after the promised is returned
> 390 |           expect(next.mock.calls.length).toBe(1);
      |                                              ^ Magic Number
  391 |           expect(next).toHaveBeenCalledWith(
  392 |             Object.assign({}, action, {
  393 |               payload: [],"
/home/gabriel/Disk/Research/research-javascript-test-smells/repositories/manta/app/middlewares/__tests__/InvoicesMW.spec.js,Magic Number,"{'line': 397, 'column': 50, 'index': 12338}","  395 |           );
  396 |           // Dispatch success notification
> 397 |           expect(dispatch.mock.calls.length).toBe(1);
      |                                                  ^ Magic Number
  398 |           expect(dispatch).toHaveBeenCalledWith({
  399 |             type: ACTION_TYPES.UI_NOTIFICATION_NEW,
  400 |             payload: {"
/home/gabriel/Disk/Research/research-javascript-test-smells/repositories/manta/app/middlewares/__tests__/InvoicesMW.spec.js,Magic Number,"{'line': 425, 'column': 50, 'index': 13199}","  423 |       middleware(Actions.deleteInvoice(invoiceID)).then(() =>
  424 |         deleteDoc('invoices', invoiceID).then(data => {
> 425 |           expect(dispatch.mock.calls.length).toBe(2);
      |                                                  ^ Magic Number
  426 |           // Dispatch success notification
  427 |           expect(dispatch.mock.calls[0][0]).toEqual({
  428 |             type: ACTION_TYPES.UI_NOTIFICATION_NEW,"
/home/gabriel/Disk/Research/research-javascript-test-smells/repositories/manta/app/middlewares/__tests__/InvoicesMW.spec.js,Magic Number,"{'line': 471, 'column': 46, 'index': 14619}","  469 |       middleware(Actions.duplicateInvoice(invoiceData));
  470 |       // Expect
> 471 |       expect(dispatch.mock.calls.length).toBe(1);
      |                                              ^ Magic Number
  472 |       expect(dispatch).toHaveBeenCalledWith({
  473 |         type: ACTION_TYPES.INVOICE_SAVE,
  474 |         payload: Object.assign({}, invoiceData, {"
/home/gabriel/Disk/Research/research-javascript-test-smells/repositories/manta/app/middlewares/__tests__/InvoicesMW.spec.js,Magic Number,"{'line': 489, 'column': 50, 'index': 15292}","  487 |       middleware(Actions.saveInvoiceConfigs(invoiceID, configs)).then(() =>
  488 |         getSingleDoc('invoices', invoiceID).then(doc => {
> 489 |           expect(dispatch.mock.calls.length).toBe(1);
      |                                                  ^ Magic Number
  490 |           expect(dispatch).toHaveBeenCalledWith({
  491 |             type: ACTION_TYPES.INVOICE_UPDATE,
  492 |             payload: Object.assign({}, doc, { configs }),"
/home/gabriel/Disk/Research/research-javascript-test-smells/repositories/manta/app/middlewares/__tests__/InvoicesMW.spec.js,Magic Number,"{'line': 526, 'column': 50, 'index': 16551}","  524 |       middleware(Actions.setInvoiceStatus(invoiceID, status)).then(() =>
  525 |         getSingleDoc('invoices', invoiceID).then(doc => {
> 526 |           expect(dispatch.mock.calls.length).toBe(1);
      |                                                  ^ Magic Number
  527 |           expect(dispatch).toHaveBeenCalledWith({
  528 |             type: ACTION_TYPES.INVOICE_UPDATE,
  529 |             payload: Object.assign({}, doc, { status }),"
/home/gabriel/Disk/Research/research-javascript-test-smells/repositories/manta/app/middlewares/__tests__/InvoicesMW.spec.js,Magic Number,"{'line': 566, 'column': 40, 'index': 17721}","  564 |     middleware(action);
  565 |     // Move to Form Tab
> 566 |     expect(next.mock.calls.length).toBe(1);
      |                                        ^ Magic Number
  567 |     expect(next).toHaveBeenCalledWith({
  568 |       type: ACTION_TYPES.UI_TAB_CHANGE,
  569 |       payload: 'form',"
/home/gabriel/Disk/Research/research-javascript-test-smells/repositories/manta/app/middlewares/__tests__/InvoicesMW.spec.js,Magic Number,"{'line': 572, 'column': 44, 'index': 17914}","  570 |     });
  571 |     // Update Form recipient data
> 572 |     expect(dispatch.mock.calls.length).toBe(1);
      |                                            ^ Magic Number
  573 |     expect(dispatch).toHaveBeenCalledWith({
  574 |       type: ACTION_TYPES.FORM_RECIPIENT_UPDATE,
  575 |       payload: {"
/home/gabriel/Disk/Research/research-javascript-test-smells/repositories/manta/app/middlewares/__tests__/FormMW.spec.js,Magic Number,"{'line': 34, 'column': 46, 'index': 849}","  32 |       middleware(Actions.saveFormData());
  33 |       // Expect
> 34 |       expect(getState.mock.calls.length).toBe(1);
     |                                              ^ Magic Number
  35 |       // Save the Invoice, Save new contact & Clear the Form
  36 |       expect(dispatch.mock.calls.length).toBe(3);
  37 |       // No Calling Next"
/home/gabriel/Disk/Research/research-javascript-test-smells/repositories/manta/app/middlewares/__tests__/FormMW.spec.js,Magic Number,"{'line': 36, 'column': 46, 'index': 960}","  34 |       expect(getState.mock.calls.length).toBe(1);
  35 |       // Save the Invoice, Save new contact & Clear the Form
> 36 |       expect(dispatch.mock.calls.length).toBe(3);
     |                                              ^ Magic Number
  37 |       // No Calling Next
  38 |       expect(next.mock.calls.length).toBe(0);
  39 |     });"
/home/gabriel/Disk/Research/research-javascript-test-smells/repositories/manta/app/middlewares/__tests__/FormMW.spec.js,Magic Number,"{'line': 38, 'column': 42, 'index': 1031}","  36 |       expect(dispatch.mock.calls.length).toBe(3);
  37 |       // No Calling Next
> 38 |       expect(next.mock.calls.length).toBe(0);
     |                                          ^ Magic Number
  39 |     });
  40 |
  41 |     it('should save Invocie, NOT save Contact and Clear the Form', () => {"
/home/gabriel/Disk/Research/research-javascript-test-smells/repositories/manta/app/middlewares/__tests__/FormMW.spec.js,Magic Number,"{'line': 61, 'column': 46, 'index': 1595}","  59 |
  60 |       // Expect
> 61 |       expect(getState.mock.calls.length).toBe(1);
     |                                              ^ Magic Number
  62 |       // Save the Invoice & Clear the Form
  63 |       expect(dispatch.mock.calls.length).toBe(2);
  64 |       // No Calling Next"
/home/gabriel/Disk/Research/research-javascript-test-smells/repositories/manta/app/middlewares/__tests__/FormMW.spec.js,Magic Number,"{'line': 63, 'column': 46, 'index': 1688}","  61 |       expect(getState.mock.calls.length).toBe(1);
  62 |       // Save the Invoice & Clear the Form
> 63 |       expect(dispatch.mock.calls.length).toBe(2);
     |                                              ^ Magic Number
  64 |       // No Calling Next
  65 |       expect(next.mock.calls.length).toBe(0);
  66 |     });"
/home/gabriel/Disk/Research/research-javascript-test-smells/repositories/manta/app/middlewares/__tests__/FormMW.spec.js,Magic Number,"{'line': 65, 'column': 42, 'index': 1759}","  63 |       expect(dispatch.mock.calls.length).toBe(2);
  64 |       // No Calling Next
> 65 |       expect(next.mock.calls.length).toBe(0);
     |                                          ^ Magic Number
  66 |     });
  67 |
  68 |     it('should update Invocie, save Contact, Clear the Form and Switch Tab', () => {"
/home/gabriel/Disk/Research/research-javascript-test-smells/repositories/manta/app/middlewares/__tests__/FormMW.spec.js,Magic Number,"{'line': 87, 'column': 46, 'index': 2373}","  85 |       middleware(action);
  86 |       // Expect
> 87 |       expect(getState.mock.calls.length).toBe(1);
     |                                              ^ Magic Number
  88 |       // Update the Invoice, Save new contact, Clear the Form & Change Tab
  89 |       expect(dispatch.mock.calls.length).toBe(4);
  90 |       // No Calling Next"
/home/gabriel/Disk/Research/research-javascript-test-smells/repositories/manta/app/middlewares/__tests__/FormMW.spec.js,Magic Number,"{'line': 89, 'column': 46, 'index': 2498}","  87 |       expect(getState.mock.calls.length).toBe(1);
  88 |       // Update the Invoice, Save new contact, Clear the Form & Change Tab
> 89 |       expect(dispatch.mock.calls.length).toBe(4);
     |                                              ^ Magic Number
  90 |       // No Calling Next
  91 |       expect(next.mock.calls.length).toBe(0);
  92 |     });"
/home/gabriel/Disk/Research/research-javascript-test-smells/repositories/manta/app/middlewares/__tests__/FormMW.spec.js,Magic Number,"{'line': 91, 'column': 42, 'index': 2569}","  89 |       expect(dispatch.mock.calls.length).toBe(4);
  90 |       // No Calling Next
> 91 |       expect(next.mock.calls.length).toBe(0);
     |                                          ^ Magic Number
  92 |     });
  93 |
  94 |     it('should update Invocie, NOT add new Contact, Clear the Form and Switch Tab', () => {"
/home/gabriel/Disk/Research/research-javascript-test-smells/repositories/manta/app/middlewares/__tests__/FormMW.spec.js,Magic Number,"{'line': 115, 'column': 46, 'index': 3193}","  113 |
  114 |       // Expect
> 115 |       expect(getState.mock.calls.length).toBe(1);
      |                                              ^ Magic Number
  116 |       // Update the Invoice, Clear the Form and Switch Tab
  117 |       expect(dispatch.mock.calls.length).toBe(3);
  118 |       // No Calling Next"
/home/gabriel/Disk/Research/research-javascript-test-smells/repositories/manta/app/middlewares/__tests__/FormMW.spec.js,Magic Number,"{'line': 117, 'column': 46, 'index': 3302}","  115 |       expect(getState.mock.calls.length).toBe(1);
  116 |       // Update the Invoice, Clear the Form and Switch Tab
> 117 |       expect(dispatch.mock.calls.length).toBe(3);
      |                                              ^ Magic Number
  118 |       // No Calling Next
  119 |       expect(next.mock.calls.length).toBe(0);
  120 |     });"
/home/gabriel/Disk/Research/research-javascript-test-smells/repositories/manta/app/middlewares/__tests__/FormMW.spec.js,Magic Number,"{'line': 119, 'column': 42, 'index': 3373}","  117 |       expect(dispatch.mock.calls.length).toBe(3);
  118 |       // No Calling Next
> 119 |       expect(next.mock.calls.length).toBe(0);
      |                                          ^ Magic Number
  120 |     });
  121 |   });
  122 |"
/home/gabriel/Disk/Research/research-javascript-test-smells/repositories/manta/app/middlewares/__tests__/FormMW.spec.js,Magic Number,"{'line': 135, 'column': 44, 'index': 3726}","  133 |
  134 |     // Expect
> 135 |     expect(getState.mock.calls.length).toBe(1);
      |                                            ^ Magic Number
  136 |     // No calling to Dispatch or Next since it failed validation
  137 |     expect(dispatch.mock.calls.length).toBe(0);
  138 |     expect(next.mock.calls.length).toBe(0);"
/home/gabriel/Disk/Research/research-javascript-test-smells/repositories/manta/app/middlewares/__tests__/FormMW.spec.js,Magic Number,"{'line': 137, 'column': 44, 'index': 3839}","  135 |     expect(getState.mock.calls.length).toBe(1);
  136 |     // No calling to Dispatch or Next since it failed validation
> 137 |     expect(dispatch.mock.calls.length).toBe(0);
      |                                            ^ Magic Number
  138 |     expect(next.mock.calls.length).toBe(0);
  139 |   });
  140 |"
/home/gabriel/Disk/Research/research-javascript-test-smells/repositories/manta/app/middlewares/__tests__/FormMW.spec.js,Magic Number,"{'line': 138, 'column': 40, 'index': 3883}","  136 |     // No calling to Dispatch or Next since it failed validation
  137 |     expect(dispatch.mock.calls.length).toBe(0);
> 138 |     expect(next.mock.calls.length).toBe(0);
      |                                        ^ Magic Number
  139 |   });
  140 |
  141 |   it('should hanlde FORM_ITEM_ADD action', () => {"
/home/gabriel/Disk/Research/research-javascript-test-smells/repositories/manta/app/middlewares/__tests__/FormMW.spec.js,Magic Number,"{'line': 151, 'column': 44, 'index': 4181}","  149 |
  150 |     // Expect
> 151 |     expect(getState.mock.calls.length).toBe(0);
      |                                            ^ Magic Number
  152 |     expect(next.mock.calls.length).toBe(1);
  153 |     expect(next).toHaveBeenCalledWith(
  154 |       Object.assign({}, action, {"
/home/gabriel/Disk/Research/research-javascript-test-smells/repositories/manta/app/middlewares/__tests__/FormMW.spec.js,Magic Number,"{'line': 152, 'column': 40, 'index': 4225}","  150 |     // Expect
  151 |     expect(getState.mock.calls.length).toBe(0);
> 152 |     expect(next.mock.calls.length).toBe(1);
      |                                        ^ Magic Number
  153 |     expect(next).toHaveBeenCalledWith(
  154 |       Object.assign({}, action, {
  155 |         payload: Object.assign({}, action.payload, {"
/home/gabriel/Disk/Research/research-javascript-test-smells/repositories/manta/app/middlewares/__tests__/FormMW.spec.js,Magic Number,"{'line': 172, 'column': 44, 'index': 4703}","  170 |
  171 |     // Expect
> 172 |     expect(getState.mock.calls.length).toBe(0);
      |                                            ^ Magic Number
  173 |     // Close Form Settings & Add Item
  174 |     expect(dispatch.mock.calls.length).toBe(2);
  175 |     expect(next.mock.calls.length).toBe(1);"
/home/gabriel/Disk/Research/research-javascript-test-smells/repositories/manta/app/middlewares/__tests__/FormMW.spec.js,Magic Number,"{'line': 174, 'column': 44, 'index': 4789}","  172 |     expect(getState.mock.calls.length).toBe(0);
  173 |     // Close Form Settings & Add Item
> 174 |     expect(dispatch.mock.calls.length).toBe(2);
      |                                            ^ Magic Number
  175 |     expect(next.mock.calls.length).toBe(1);
  176 |     expect(next).toHaveBeenCalledWith(action);
  177 |   });"
/home/gabriel/Disk/Research/research-javascript-test-smells/repositories/manta/app/middlewares/__tests__/FormMW.spec.js,Magic Number,"{'line': 175, 'column': 40, 'index': 4833}","  173 |     // Close Form Settings & Add Item
  174 |     expect(dispatch.mock.calls.length).toBe(2);
> 175 |     expect(next.mock.calls.length).toBe(1);
      |                                        ^ Magic Number
  176 |     expect(next).toHaveBeenCalledWith(action);
  177 |   });
  178 |"
/home/gabriel/Disk/Research/research-javascript-test-smells/repositories/manta/app/middlewares/__tests__/ContactsMW.spec.js,Duplicate Assert,"{'line': 31, 'column': 6, 'index': 841}","  29 |       // Expect
  30 |       // Call correct function
> 31 |       expect(getAllDocs).toHaveBeenCalled();
     |      ^ Duplicate Assert
  32 |       expect(getAllDocs).toHaveBeenCalledWith('contacts');
  33 |       expect(getAllDocs).not.toHaveBeenCalledWith('invoices');
  34 |       expect(getAllDocs).not.toHaveBeenCalledWith('');"
/home/gabriel/Disk/Research/research-javascript-test-smells/repositories/manta/app/middlewares/__tests__/ContactsMW.spec.js,Duplicate Assert,"{'line': 32, 'column': 6, 'index': 886}","  30 |       // Call correct function
  31 |       expect(getAllDocs).toHaveBeenCalled();
> 32 |       expect(getAllDocs).toHaveBeenCalledWith('contacts');
     |      ^ Duplicate Assert
  33 |       expect(getAllDocs).not.toHaveBeenCalledWith('invoices');
  34 |       expect(getAllDocs).not.toHaveBeenCalledWith('');
  35 |       // Correctly resolves"
/home/gabriel/Disk/Research/research-javascript-test-smells/repositories/manta/app/middlewares/__tests__/ContactsMW.spec.js,Duplicate Assert,"{'line': 33, 'column': 6, 'index': 945}","  31 |       expect(getAllDocs).toHaveBeenCalled();
  32 |       expect(getAllDocs).toHaveBeenCalledWith('contacts');
> 33 |       expect(getAllDocs).not.toHaveBeenCalledWith('invoices');
     |      ^ Duplicate Assert
  34 |       expect(getAllDocs).not.toHaveBeenCalledWith('');
  35 |       // Correctly resolves
  36 |       expect(getAllDocs('contacts')).resolves.toBe(mockData.contactsRecords);"
/home/gabriel/Disk/Research/research-javascript-test-smells/repositories/manta/app/middlewares/__tests__/ContactsMW.spec.js,Duplicate Assert,"{'line': 34, 'column': 6, 'index': 1008}","  32 |       expect(getAllDocs).toHaveBeenCalledWith('contacts');
  33 |       expect(getAllDocs).not.toHaveBeenCalledWith('invoices');
> 34 |       expect(getAllDocs).not.toHaveBeenCalledWith('');
     |      ^ Duplicate Assert
  35 |       // Correctly resolves
  36 |       expect(getAllDocs('contacts')).resolves.toBe(mockData.contactsRecords);
  37 |     });"
/home/gabriel/Disk/Research/research-javascript-test-smells/repositories/manta/app/middlewares/__tests__/ContactsMW.spec.js,Duplicate Assert,"{'line': 62, 'column': 8, 'index': 2046}","  60 |       // Execute
  61 |       middleware(Actions.getAllContacts()).then(() => {
> 62 |         expect(next).toHaveBeenCalled();
     |        ^ Duplicate Assert
  63 |         expect(next).toHaveBeenCalledWith({
  64 |           type: ACTION_TYPES.UI_NOTIFICATION_NEW,
  65 |           payload: {"
/home/gabriel/Disk/Research/research-javascript-test-smells/repositories/manta/app/middlewares/__tests__/ContactsMW.spec.js,Duplicate Assert,"{'line': 63, 'column': 8, 'index': 2087}","  61 |       middleware(Actions.getAllContacts()).then(() => {
  62 |         expect(next).toHaveBeenCalled();
> 63 |         expect(next).toHaveBeenCalledWith({
     |        ^ Duplicate Assert
  64 |           type: ACTION_TYPES.UI_NOTIFICATION_NEW,
  65 |           payload: {
  66 |             type: 'warning',"
/home/gabriel/Disk/Research/research-javascript-test-smells/repositories/manta/app/middlewares/__tests__/ContactsMW.spec.js,Duplicate Assert,"{'line': 78, 'column': 10, 'index': 2594}","  76 |       middleware(Actions.getAllContacts()).then(() =>
  77 |         getAllDocs().catch(err => {
> 78 |           expect(next).toHaveBeenCalled();
     |          ^ Duplicate Assert
  79 |           expect(next).toHaveBeenCalledWith({
  80 |             type: ACTION_TYPES.UI_NOTIFICATION_NEW,
  81 |             payload: {"
/home/gabriel/Disk/Research/research-javascript-test-smells/repositories/manta/app/middlewares/__tests__/ContactsMW.spec.js,Duplicate Assert,"{'line': 79, 'column': 10, 'index': 2637}","  77 |         getAllDocs().catch(err => {
  78 |           expect(next).toHaveBeenCalled();
> 79 |           expect(next).toHaveBeenCalledWith({
     |          ^ Duplicate Assert
  80 |             type: ACTION_TYPES.UI_NOTIFICATION_NEW,
  81 |             payload: {
  82 |               type: 'warning',"
/home/gabriel/Disk/Research/research-javascript-test-smells/repositories/manta/app/middlewares/__tests__/ContactsMW.spec.js,Duplicate Assert,"{'line': 101, 'column': 6, 'index': 3222}","   99 |       middleware(Actions.saveContact(newContact));
  100 |       // Expect
> 101 |       expect(saveDoc).toHaveBeenCalled();
      |      ^ Duplicate Assert
  102 |       expect(saveDoc).toHaveBeenCalledWith('contacts', newContact);
  103 |     });
  104 |"
/home/gabriel/Disk/Research/research-javascript-test-smells/repositories/manta/app/middlewares/__tests__/ContactsMW.spec.js,Duplicate Assert,"{'line': 102, 'column': 6, 'index': 3264}","  100 |       // Expect
  101 |       expect(saveDoc).toHaveBeenCalled();
> 102 |       expect(saveDoc).toHaveBeenCalledWith('contacts', newContact);
      |      ^ Duplicate Assert
  103 |     });
  104 |
  105 |     it('should save records to DB', () => {"
/home/gabriel/Disk/Research/research-javascript-test-smells/repositories/manta/app/middlewares/__tests__/ContactsMW.spec.js,Duplicate Assert,"{'line': 180, 'column': 8, 'index': 5745}","  178 |       middleware(Actions.saveContact(newContact)).then(() => {
  179 |         // Expect
> 180 |         expect(next).toHaveBeenCalled();
      |        ^ Duplicate Assert
  181 |         expect(next).toHaveBeenCalledWith({
  182 |           type: ACTION_TYPES.UI_NOTIFICATION_NEW,
  183 |           payload: {"
/home/gabriel/Disk/Research/research-javascript-test-smells/repositories/manta/app/middlewares/__tests__/ContactsMW.spec.js,Duplicate Assert,"{'line': 181, 'column': 8, 'index': 5786}","  179 |         // Expect
  180 |         expect(next).toHaveBeenCalled();
> 181 |         expect(next).toHaveBeenCalledWith({
      |        ^ Duplicate Assert
  182 |           type: ACTION_TYPES.UI_NOTIFICATION_NEW,
  183 |           payload: {
  184 |             type: 'warning',"
/home/gabriel/Disk/Research/research-javascript-test-smells/repositories/manta/app/middlewares/__tests__/ContactsMW.spec.js,Duplicate Assert,"{'line': 240, 'column': 8, 'index': 7563}","  238 |       middleware(Actions.deleteContact(contactID)).then(() => {
  239 |         // Expect
> 240 |         expect(next).toHaveBeenCalled();
      |        ^ Duplicate Assert
  241 |         expect(next).toHaveBeenCalledWith({
  242 |           type: ACTION_TYPES.UI_NOTIFICATION_NEW,
  243 |           payload: {"
/home/gabriel/Disk/Research/research-javascript-test-smells/repositories/manta/app/middlewares/__tests__/ContactsMW.spec.js,Duplicate Assert,"{'line': 241, 'column': 8, 'index': 7604}","  239 |         // Expect
  240 |         expect(next).toHaveBeenCalled();
> 241 |         expect(next).toHaveBeenCalledWith({
      |        ^ Duplicate Assert
  242 |           type: ACTION_TYPES.UI_NOTIFICATION_NEW,
  243 |           payload: {
  244 |             type: 'warning',"
/home/gabriel/Disk/Research/research-javascript-test-smells/repositories/manta/app/middlewares/__tests__/ContactsMW.spec.js,Eager Test,"{'line': 164, 'column': 15, 'index': 5205}","  162 |         const dbError = new Error('No database found!');
  163 |         const docError = new Error('No doc found!');
> 164 |         expect(saveDoc()).rejects.toEqual(dbError);
      |               ^ Eager Test
  165 |         expect(saveDoc('invoices')).rejects.toEqual(docError);
  166 |       });
  167 |     });"
/home/gabriel/Disk/Research/research-javascript-test-smells/repositories/manta/app/middlewares/__tests__/ContactsMW.spec.js,Eager Test,"{'line': 165, 'column': 15, 'index': 5257}","  163 |         const docError = new Error('No doc found!');
  164 |         expect(saveDoc()).rejects.toEqual(dbError);
> 165 |         expect(saveDoc('invoices')).rejects.toEqual(docError);
      |               ^ Eager Test
  166 |       });
  167 |     });
  168 |"
/home/gabriel/Disk/Research/research-javascript-test-smells/repositories/manta/app/middlewares/__tests__/ContactsMW.spec.js,Lazy Test,"{'line': 36, 'column': 13, 'index': 1098}","  34 |       expect(getAllDocs).not.toHaveBeenCalledWith('');
  35 |       // Correctly resolves
> 36 |       expect(getAllDocs('contacts')).resolves.toBe(mockData.contactsRecords);
     |             ^ Lazy Test
  37 |     });
  38 |
  39 |     it('calls next after the promised is returned', () => {"
/home/gabriel/Disk/Research/research-javascript-test-smells/repositories/manta/app/middlewares/__tests__/ContactsMW.spec.js,Lazy Test,"{'line': 45, 'column': 15, 'index': 1458}","  43 |         expect(dispatch.mock.calls.length).toBe(0);
  44 |         // Calling next with resolved data
> 45 |         return getAllDocs('contacts').then(data => {
     |               ^ Lazy Test
  46 |           expect(next.mock.calls.length).toBe(1);
  47 |           expect(next).toHaveBeenCalledWith(
  48 |             Object.assign({}, action, {"
/home/gabriel/Disk/Research/research-javascript-test-smells/repositories/manta/app/middlewares/__tests__/ContactsMW.spec.js,Lazy Test,"{'line': 58, 'column': 46, 'index': 1873}","  56 |     it('handle error correctly', () => {
  57 |       // Make sure getAllDocs will be called with incorrect dbName
> 58 |       getAllDocs.mockImplementationOnce(() => getAllDocs('random-string'));
     |                                              ^ Lazy Test
  59 |       const expectedError = new Error('Incorrect database!');
  60 |       // Execute
  61 |       middleware(Actions.getAllContacts()).then(() => {"
/home/gabriel/Disk/Research/research-javascript-test-smells/repositories/manta/app/middlewares/__tests__/ContactsMW.spec.js,Lazy Test,"{'line': 77, 'column': 8, 'index': 2556}","  75 |       getAllDocs.mockImplementationOnce(() => Promise.reject(unknownError));
  76 |       middleware(Actions.getAllContacts()).then(() =>
> 77 |         getAllDocs().catch(err => {
     |        ^ Lazy Test
  78 |           expect(next).toHaveBeenCalled();
  79 |           expect(next).toHaveBeenCalledWith({
  80 |             type: ACTION_TYPES.UI_NOTIFICATION_NEW,"
/home/gabriel/Disk/Research/research-javascript-test-smells/repositories/manta/app/middlewares/__tests__/ContactsMW.spec.js,Lazy Test,"{'line': 113, 'column': 8, 'index': 3596}","  111 |       // Execute
  112 |       middleware(Actions.saveContact(newContact)).then(() =>
> 113 |         saveDoc('contacts', newContact).then(data => {
      |        ^ Lazy Test
  114 |           // Expect
  115 |           expect(data).toEqual([...mockData.contactsRecords, newContact]);
  116 |         })"
/home/gabriel/Disk/Research/research-javascript-test-smells/repositories/manta/app/middlewares/__tests__/ContactsMW.spec.js,Lazy Test,"{'line': 132, 'column': 8, 'index': 4129}","  130 |       // Execute
  131 |       middleware(action).then(() =>
> 132 |         saveDoc('contacts', newContact).then(data => {
      |        ^ Lazy Test
  133 |           // Expect calling next
  134 |           expect(next.mock.calls.length).toBe(1);
  135 |           expect(next).toHaveBeenCalledWith("
/home/gabriel/Disk/Research/research-javascript-test-smells/repositories/manta/app/middlewares/__tests__/ContactsMW.spec.js,Lazy Test,"{'line': 164, 'column': 15, 'index': 5205}","  162 |         const dbError = new Error('No database found!');
  163 |         const docError = new Error('No doc found!');
> 164 |         expect(saveDoc()).rejects.toEqual(dbError);
      |               ^ Lazy Test
  165 |         expect(saveDoc('invoices')).rejects.toEqual(docError);
  166 |       });
  167 |     });"
/home/gabriel/Disk/Research/research-javascript-test-smells/repositories/manta/app/middlewares/__tests__/ContactsMW.spec.js,Lazy Test,"{'line': 199, 'column': 8, 'index': 6298}","  197 |       // Execute
  198 |       middleware(action).then(() =>
> 199 |         deleteDoc('contacts', contactID).then(data => {
      |        ^ Lazy Test
  200 |           expect(data).toEqual([]);
  201 |         })
  202 |       );"
/home/gabriel/Disk/Research/research-javascript-test-smells/repositories/manta/app/middlewares/__tests__/ContactsMW.spec.js,Lazy Test,"{'line': 211, 'column': 8, 'index': 6640}","  209 |       // Execute
  210 |       middleware(action).then(() =>
> 211 |         deleteDoc('contacts', contactID).then(data => {
      |        ^ Lazy Test
  212 |           // Call next after the promised is returned
  213 |           expect(next.mock.calls.length).toBe(1);
  214 |           expect(next).toHaveBeenCalledWith("
/home/gabriel/Disk/Research/research-javascript-test-smells/repositories/manta/app/middlewares/__tests__/ContactsMW.spec.js,Magic Number,"{'line': 43, 'column': 48, 'index': 1396}","  41 |       middleware(action).then(() => {
  42 |         // Never call dispatch
> 43 |         expect(dispatch.mock.calls.length).toBe(0);
     |                                                ^ Magic Number
  44 |         // Calling next with resolved data
  45 |         return getAllDocs('contacts').then(data => {
  46 |           expect(next.mock.calls.length).toBe(1);"
/home/gabriel/Disk/Research/research-javascript-test-smells/repositories/manta/app/middlewares/__tests__/ContactsMW.spec.js,Magic Number,"{'line': 46, 'column': 46, 'index': 1542}","  44 |         // Calling next with resolved data
  45 |         return getAllDocs('contacts').then(data => {
> 46 |           expect(next.mock.calls.length).toBe(1);
     |                                              ^ Magic Number
  47 |           expect(next).toHaveBeenCalledWith(
  48 |             Object.assign({}, action, {
  49 |               payload: data,"
/home/gabriel/Disk/Research/research-javascript-test-smells/repositories/manta/app/middlewares/__tests__/ContactsMW.spec.js,Magic Number,"{'line': 134, 'column': 46, 'index': 4255}","  132 |         saveDoc('contacts', newContact).then(data => {
  133 |           // Expect calling next
> 134 |           expect(next.mock.calls.length).toBe(1);
      |                                              ^ Magic Number
  135 |           expect(next).toHaveBeenCalledWith(
  136 |             Object.assign({}, action, {
  137 |               payload: ["
/home/gabriel/Disk/Research/research-javascript-test-smells/repositories/manta/app/middlewares/__tests__/ContactsMW.spec.js,Magic Number,"{'line': 144, 'column': 50, 'index': 4579}","  142 |           );
  143 |           // Dispatch success notification
> 144 |           expect(dispatch.mock.calls.length).toBe(1);
      |                                                  ^ Magic Number
  145 |           expect(dispatch).toHaveBeenCalledWith({
  146 |             type: ACTION_TYPES.UI_NOTIFICATION_NEW,
  147 |             payload: {"
/home/gabriel/Disk/Research/research-javascript-test-smells/repositories/manta/app/middlewares/__tests__/ContactsMW.spec.js,Magic Number,"{'line': 213, 'column': 46, 'index': 6788}","  211 |         deleteDoc('contacts', contactID).then(data => {
  212 |           // Call next after the promised is returned
> 213 |           expect(next.mock.calls.length).toBe(1);
      |                                              ^ Magic Number
  214 |           expect(next).toHaveBeenCalledWith(
  215 |             Object.assign({}, action, {
  216 |               payload: [],"
/home/gabriel/Disk/Research/research-javascript-test-smells/repositories/manta/app/middlewares/__tests__/ContactsMW.spec.js,Magic Number,"{'line': 220, 'column': 50, 'index': 7025}","  218 |           );
  219 |           // Dispatch success notification
> 220 |           expect(dispatch.mock.calls.length).toBe(1);
      |                                                  ^ Magic Number
  221 |           expect(dispatch).toHaveBeenCalledWith({
  222 |             type: ACTION_TYPES.UI_NOTIFICATION_NEW,
  223 |             payload: {"
/home/gabriel/Disk/Research/research-javascript-test-smells/repositories/manta/app/helpers/__tests__/invoice.spec.js,Duplicate Assert,"{'line': 42, 'column': 2, 'index': 650}","  40 |
  41 | it('should return correct subtotal value', () => {
> 42 |   expect(getInvoiceValue(data1).subtotal).toEqual(200);
     |  ^ Duplicate Assert
  43 |   expect(getInvoiceValue(data1).subtotal).not.toEqual(100);
  44 |   expect(getInvoiceValue(data2).subtotal).toEqual(160);
  45 |   expect(getInvoiceValue(data2).subtotal).not.toEqual(180);"
/home/gabriel/Disk/Research/research-javascript-test-smells/repositories/manta/app/helpers/__tests__/invoice.spec.js,Duplicate Assert,"{'line': 43, 'column': 2, 'index': 706}","  41 | it('should return correct subtotal value', () => {
  42 |   expect(getInvoiceValue(data1).subtotal).toEqual(200);
> 43 |   expect(getInvoiceValue(data1).subtotal).not.toEqual(100);
     |  ^ Duplicate Assert
  44 |   expect(getInvoiceValue(data2).subtotal).toEqual(160);
  45 |   expect(getInvoiceValue(data2).subtotal).not.toEqual(180);
  46 |   expect(getInvoiceValue(data3).subtotal).toEqual(300);"
/home/gabriel/Disk/Research/research-javascript-test-smells/repositories/manta/app/helpers/__tests__/invoice.spec.js,Duplicate Assert,"{'line': 44, 'column': 2, 'index': 766}","  42 |   expect(getInvoiceValue(data1).subtotal).toEqual(200);
  43 |   expect(getInvoiceValue(data1).subtotal).not.toEqual(100);
> 44 |   expect(getInvoiceValue(data2).subtotal).toEqual(160);
     |  ^ Duplicate Assert
  45 |   expect(getInvoiceValue(data2).subtotal).not.toEqual(180);
  46 |   expect(getInvoiceValue(data3).subtotal).toEqual(300);
  47 |   expect(getInvoiceValue(data3).subtotal).not.toEqual(310);"
/home/gabriel/Disk/Research/research-javascript-test-smells/repositories/manta/app/helpers/__tests__/invoice.spec.js,Duplicate Assert,"{'line': 45, 'column': 2, 'index': 822}","  43 |   expect(getInvoiceValue(data1).subtotal).not.toEqual(100);
  44 |   expect(getInvoiceValue(data2).subtotal).toEqual(160);
> 45 |   expect(getInvoiceValue(data2).subtotal).not.toEqual(180);
     |  ^ Duplicate Assert
  46 |   expect(getInvoiceValue(data3).subtotal).toEqual(300);
  47 |   expect(getInvoiceValue(data3).subtotal).not.toEqual(310);
  48 | });"
/home/gabriel/Disk/Research/research-javascript-test-smells/repositories/manta/app/helpers/__tests__/invoice.spec.js,Duplicate Assert,"{'line': 46, 'column': 2, 'index': 882}","  44 |   expect(getInvoiceValue(data2).subtotal).toEqual(160);
  45 |   expect(getInvoiceValue(data2).subtotal).not.toEqual(180);
> 46 |   expect(getInvoiceValue(data3).subtotal).toEqual(300);
     |  ^ Duplicate Assert
  47 |   expect(getInvoiceValue(data3).subtotal).not.toEqual(310);
  48 | });
  49 |"
/home/gabriel/Disk/Research/research-javascript-test-smells/repositories/manta/app/helpers/__tests__/invoice.spec.js,Duplicate Assert,"{'line': 47, 'column': 2, 'index': 938}","  45 |   expect(getInvoiceValue(data2).subtotal).not.toEqual(180);
  46 |   expect(getInvoiceValue(data3).subtotal).toEqual(300);
> 47 |   expect(getInvoiceValue(data3).subtotal).not.toEqual(310);
     |  ^ Duplicate Assert
  48 | });
  49 |
  50 | it('should return correct discount', () => {"
/home/gabriel/Disk/Research/research-javascript-test-smells/repositories/manta/app/helpers/__tests__/invoice.spec.js,Duplicate Assert,"{'line': 51, 'column': 2, 'index': 1048}","  49 |
  50 | it('should return correct discount', () => {
> 51 |   expect(getInvoiceValue(data1).discount).toEqual(100);
     |  ^ Duplicate Assert
  52 |   expect(getInvoiceValue(data1).discount).not.toEqual(200);
  53 |   expect(getInvoiceValue(data2).discount).toEqual(16);
  54 |   expect(getInvoiceValue(data2).discount).not.toEqual(18);"
/home/gabriel/Disk/Research/research-javascript-test-smells/repositories/manta/app/helpers/__tests__/invoice.spec.js,Duplicate Assert,"{'line': 52, 'column': 2, 'index': 1104}","  50 | it('should return correct discount', () => {
  51 |   expect(getInvoiceValue(data1).discount).toEqual(100);
> 52 |   expect(getInvoiceValue(data1).discount).not.toEqual(200);
     |  ^ Duplicate Assert
  53 |   expect(getInvoiceValue(data2).discount).toEqual(16);
  54 |   expect(getInvoiceValue(data2).discount).not.toEqual(18);
  55 |   expect(getInvoiceValue(data3).discount).toEqual(undefined);"
/home/gabriel/Disk/Research/research-javascript-test-smells/repositories/manta/app/helpers/__tests__/invoice.spec.js,Duplicate Assert,"{'line': 53, 'column': 2, 'index': 1164}","  51 |   expect(getInvoiceValue(data1).discount).toEqual(100);
  52 |   expect(getInvoiceValue(data1).discount).not.toEqual(200);
> 53 |   expect(getInvoiceValue(data2).discount).toEqual(16);
     |  ^ Duplicate Assert
  54 |   expect(getInvoiceValue(data2).discount).not.toEqual(18);
  55 |   expect(getInvoiceValue(data3).discount).toEqual(undefined);
  56 | });"
/home/gabriel/Disk/Research/research-javascript-test-smells/repositories/manta/app/helpers/__tests__/invoice.spec.js,Duplicate Assert,"{'line': 54, 'column': 2, 'index': 1219}","  52 |   expect(getInvoiceValue(data1).discount).not.toEqual(200);
  53 |   expect(getInvoiceValue(data2).discount).toEqual(16);
> 54 |   expect(getInvoiceValue(data2).discount).not.toEqual(18);
     |  ^ Duplicate Assert
  55 |   expect(getInvoiceValue(data3).discount).toEqual(undefined);
  56 | });
  57 |"
/home/gabriel/Disk/Research/research-javascript-test-smells/repositories/manta/app/helpers/__tests__/invoice.spec.js,Duplicate Assert,"{'line': 59, 'column': 2, 'index': 1391}","  57 |
  58 | it('should return correct tax value', () => {
> 59 |   expect(getInvoiceValue(data1).taxAmount).toEqual(10);
     |  ^ Duplicate Assert
  60 |   expect(getInvoiceValue(data1).taxAmount).not.toEqual(11);
  61 |   expect(getInvoiceValue(data2).taxAmount).toEqual(7.2);
  62 |   expect(getInvoiceValue(data2).taxAmount).not.toEqual(8);"
/home/gabriel/Disk/Research/research-javascript-test-smells/repositories/manta/app/helpers/__tests__/invoice.spec.js,Duplicate Assert,"{'line': 60, 'column': 2, 'index': 1447}","  58 | it('should return correct tax value', () => {
  59 |   expect(getInvoiceValue(data1).taxAmount).toEqual(10);
> 60 |   expect(getInvoiceValue(data1).taxAmount).not.toEqual(11);
     |  ^ Duplicate Assert
  61 |   expect(getInvoiceValue(data2).taxAmount).toEqual(7.2);
  62 |   expect(getInvoiceValue(data2).taxAmount).not.toEqual(8);
  63 |   expect(getInvoiceValue(data3).taxAmount).toEqual(undefined);"
/home/gabriel/Disk/Research/research-javascript-test-smells/repositories/manta/app/helpers/__tests__/invoice.spec.js,Duplicate Assert,"{'line': 61, 'column': 2, 'index': 1507}","  59 |   expect(getInvoiceValue(data1).taxAmount).toEqual(10);
  60 |   expect(getInvoiceValue(data1).taxAmount).not.toEqual(11);
> 61 |   expect(getInvoiceValue(data2).taxAmount).toEqual(7.2);
     |  ^ Duplicate Assert
  62 |   expect(getInvoiceValue(data2).taxAmount).not.toEqual(8);
  63 |   expect(getInvoiceValue(data3).taxAmount).toEqual(undefined);
  64 | });"
/home/gabriel/Disk/Research/research-javascript-test-smells/repositories/manta/app/helpers/__tests__/invoice.spec.js,Duplicate Assert,"{'line': 62, 'column': 2, 'index': 1564}","  60 |   expect(getInvoiceValue(data1).taxAmount).not.toEqual(11);
  61 |   expect(getInvoiceValue(data2).taxAmount).toEqual(7.2);
> 62 |   expect(getInvoiceValue(data2).taxAmount).not.toEqual(8);
     |  ^ Duplicate Assert
  63 |   expect(getInvoiceValue(data3).taxAmount).toEqual(undefined);
  64 | });
  65 |"
/home/gabriel/Disk/Research/research-javascript-test-smells/repositories/manta/app/helpers/__tests__/invoice.spec.js,Duplicate Assert,"{'line': 67, 'column': 2, 'index': 1744}","  65 |
  66 | it('should return correct grandTotal value', () => {
> 67 |   expect(getInvoiceValue(data1).grandTotal).toEqual(110);
     |  ^ Duplicate Assert
  68 |   expect(getInvoiceValue(data1).grandTotal).not.toEqual(100);
  69 |   expect(getInvoiceValue(data2).grandTotal).toEqual(144);
  70 |   expect(getInvoiceValue(data2).grandTotal).not.toEqual(151.2);"
/home/gabriel/Disk/Research/research-javascript-test-smells/repositories/manta/app/helpers/__tests__/invoice.spec.js,Duplicate Assert,"{'line': 68, 'column': 2, 'index': 1802}","  66 | it('should return correct grandTotal value', () => {
  67 |   expect(getInvoiceValue(data1).grandTotal).toEqual(110);
> 68 |   expect(getInvoiceValue(data1).grandTotal).not.toEqual(100);
     |  ^ Duplicate Assert
  69 |   expect(getInvoiceValue(data2).grandTotal).toEqual(144);
  70 |   expect(getInvoiceValue(data2).grandTotal).not.toEqual(151.2);
  71 |   expect(getInvoiceValue(data3).grandTotal).toEqual(300);"
/home/gabriel/Disk/Research/research-javascript-test-smells/repositories/manta/app/helpers/__tests__/invoice.spec.js,Duplicate Assert,"{'line': 69, 'column': 2, 'index': 1864}","  67 |   expect(getInvoiceValue(data1).grandTotal).toEqual(110);
  68 |   expect(getInvoiceValue(data1).grandTotal).not.toEqual(100);
> 69 |   expect(getInvoiceValue(data2).grandTotal).toEqual(144);
     |  ^ Duplicate Assert
  70 |   expect(getInvoiceValue(data2).grandTotal).not.toEqual(151.2);
  71 |   expect(getInvoiceValue(data3).grandTotal).toEqual(300);
  72 |   expect(getInvoiceValue(data3).grandTotal).not.toEqual(310);"
/home/gabriel/Disk/Research/research-javascript-test-smells/repositories/manta/app/helpers/__tests__/invoice.spec.js,Duplicate Assert,"{'line': 70, 'column': 2, 'index': 1922}","  68 |   expect(getInvoiceValue(data1).grandTotal).not.toEqual(100);
  69 |   expect(getInvoiceValue(data2).grandTotal).toEqual(144);
> 70 |   expect(getInvoiceValue(data2).grandTotal).not.toEqual(151.2);
     |  ^ Duplicate Assert
  71 |   expect(getInvoiceValue(data3).grandTotal).toEqual(300);
  72 |   expect(getInvoiceValue(data3).grandTotal).not.toEqual(310);
  73 | });"
/home/gabriel/Disk/Research/research-javascript-test-smells/repositories/manta/app/helpers/__tests__/invoice.spec.js,Duplicate Assert,"{'line': 71, 'column': 2, 'index': 1986}","  69 |   expect(getInvoiceValue(data2).grandTotal).toEqual(144);
  70 |   expect(getInvoiceValue(data2).grandTotal).not.toEqual(151.2);
> 71 |   expect(getInvoiceValue(data3).grandTotal).toEqual(300);
     |  ^ Duplicate Assert
  72 |   expect(getInvoiceValue(data3).grandTotal).not.toEqual(310);
  73 | });
  74 |"
/home/gabriel/Disk/Research/research-javascript-test-smells/repositories/manta/app/helpers/__tests__/invoice.spec.js,Duplicate Assert,"{'line': 72, 'column': 2, 'index': 2044}","  70 |   expect(getInvoiceValue(data2).grandTotal).not.toEqual(151.2);
  71 |   expect(getInvoiceValue(data3).grandTotal).toEqual(300);
> 72 |   expect(getInvoiceValue(data3).grandTotal).not.toEqual(310);
     |  ^ Duplicate Assert
  73 | });
  74 |"
/home/gabriel/Disk/Research/research-javascript-test-smells/repositories/manta/app/helpers/__tests__/invoice.spec.js,Eager Test,"{'line': 42, 'column': 9, 'index': 657}","  40 |
  41 | it('should return correct subtotal value', () => {
> 42 |   expect(getInvoiceValue(data1).subtotal).toEqual(200);
     |         ^ Eager Test
  43 |   expect(getInvoiceValue(data1).subtotal).not.toEqual(100);
  44 |   expect(getInvoiceValue(data2).subtotal).toEqual(160);
  45 |   expect(getInvoiceValue(data2).subtotal).not.toEqual(180);"
/home/gabriel/Disk/Research/research-javascript-test-smells/repositories/manta/app/helpers/__tests__/invoice.spec.js,Eager Test,"{'line': 43, 'column': 9, 'index': 713}","  41 | it('should return correct subtotal value', () => {
  42 |   expect(getInvoiceValue(data1).subtotal).toEqual(200);
> 43 |   expect(getInvoiceValue(data1).subtotal).not.toEqual(100);
     |         ^ Eager Test
  44 |   expect(getInvoiceValue(data2).subtotal).toEqual(160);
  45 |   expect(getInvoiceValue(data2).subtotal).not.toEqual(180);
  46 |   expect(getInvoiceValue(data3).subtotal).toEqual(300);"
/home/gabriel/Disk/Research/research-javascript-test-smells/repositories/manta/app/helpers/__tests__/invoice.spec.js,Eager Test,"{'line': 44, 'column': 9, 'index': 773}","  42 |   expect(getInvoiceValue(data1).subtotal).toEqual(200);
  43 |   expect(getInvoiceValue(data1).subtotal).not.toEqual(100);
> 44 |   expect(getInvoiceValue(data2).subtotal).toEqual(160);
     |         ^ Eager Test
  45 |   expect(getInvoiceValue(data2).subtotal).not.toEqual(180);
  46 |   expect(getInvoiceValue(data3).subtotal).toEqual(300);
  47 |   expect(getInvoiceValue(data3).subtotal).not.toEqual(310);"
/home/gabriel/Disk/Research/research-javascript-test-smells/repositories/manta/app/helpers/__tests__/invoice.spec.js,Eager Test,"{'line': 45, 'column': 9, 'index': 829}","  43 |   expect(getInvoiceValue(data1).subtotal).not.toEqual(100);
  44 |   expect(getInvoiceValue(data2).subtotal).toEqual(160);
> 45 |   expect(getInvoiceValue(data2).subtotal).not.toEqual(180);
     |         ^ Eager Test
  46 |   expect(getInvoiceValue(data3).subtotal).toEqual(300);
  47 |   expect(getInvoiceValue(data3).subtotal).not.toEqual(310);
  48 | });"
/home/gabriel/Disk/Research/research-javascript-test-smells/repositories/manta/app/helpers/__tests__/invoice.spec.js,Eager Test,"{'line': 46, 'column': 9, 'index': 889}","  44 |   expect(getInvoiceValue(data2).subtotal).toEqual(160);
  45 |   expect(getInvoiceValue(data2).subtotal).not.toEqual(180);
> 46 |   expect(getInvoiceValue(data3).subtotal).toEqual(300);
     |         ^ Eager Test
  47 |   expect(getInvoiceValue(data3).subtotal).not.toEqual(310);
  48 | });
  49 |"
/home/gabriel/Disk/Research/research-javascript-test-smells/repositories/manta/app/helpers/__tests__/invoice.spec.js,Eager Test,"{'line': 47, 'column': 9, 'index': 945}","  45 |   expect(getInvoiceValue(data2).subtotal).not.toEqual(180);
  46 |   expect(getInvoiceValue(data3).subtotal).toEqual(300);
> 47 |   expect(getInvoiceValue(data3).subtotal).not.toEqual(310);
     |         ^ Eager Test
  48 | });
  49 |
  50 | it('should return correct discount', () => {"
/home/gabriel/Disk/Research/research-javascript-test-smells/repositories/manta/app/helpers/__tests__/invoice.spec.js,Eager Test,"{'line': 51, 'column': 9, 'index': 1055}","  49 |
  50 | it('should return correct discount', () => {
> 51 |   expect(getInvoiceValue(data1).discount).toEqual(100);
     |         ^ Eager Test
  52 |   expect(getInvoiceValue(data1).discount).not.toEqual(200);
  53 |   expect(getInvoiceValue(data2).discount).toEqual(16);
  54 |   expect(getInvoiceValue(data2).discount).not.toEqual(18);"
/home/gabriel/Disk/Research/research-javascript-test-smells/repositories/manta/app/helpers/__tests__/invoice.spec.js,Eager Test,"{'line': 52, 'column': 9, 'index': 1111}","  50 | it('should return correct discount', () => {
  51 |   expect(getInvoiceValue(data1).discount).toEqual(100);
> 52 |   expect(getInvoiceValue(data1).discount).not.toEqual(200);
     |         ^ Eager Test
  53 |   expect(getInvoiceValue(data2).discount).toEqual(16);
  54 |   expect(getInvoiceValue(data2).discount).not.toEqual(18);
  55 |   expect(getInvoiceValue(data3).discount).toEqual(undefined);"
/home/gabriel/Disk/Research/research-javascript-test-smells/repositories/manta/app/helpers/__tests__/invoice.spec.js,Eager Test,"{'line': 53, 'column': 9, 'index': 1171}","  51 |   expect(getInvoiceValue(data1).discount).toEqual(100);
  52 |   expect(getInvoiceValue(data1).discount).not.toEqual(200);
> 53 |   expect(getInvoiceValue(data2).discount).toEqual(16);
     |         ^ Eager Test
  54 |   expect(getInvoiceValue(data2).discount).not.toEqual(18);
  55 |   expect(getInvoiceValue(data3).discount).toEqual(undefined);
  56 | });"
/home/gabriel/Disk/Research/research-javascript-test-smells/repositories/manta/app/helpers/__tests__/invoice.spec.js,Eager Test,"{'line': 54, 'column': 9, 'index': 1226}","  52 |   expect(getInvoiceValue(data1).discount).not.toEqual(200);
  53 |   expect(getInvoiceValue(data2).discount).toEqual(16);
> 54 |   expect(getInvoiceValue(data2).discount).not.toEqual(18);
     |         ^ Eager Test
  55 |   expect(getInvoiceValue(data3).discount).toEqual(undefined);
  56 | });
  57 |"
/home/gabriel/Disk/Research/research-javascript-test-smells/repositories/manta/app/helpers/__tests__/invoice.spec.js,Eager Test,"{'line': 55, 'column': 9, 'index': 1285}","  53 |   expect(getInvoiceValue(data2).discount).toEqual(16);
  54 |   expect(getInvoiceValue(data2).discount).not.toEqual(18);
> 55 |   expect(getInvoiceValue(data3).discount).toEqual(undefined);
     |         ^ Eager Test
  56 | });
  57 |
  58 | it('should return correct tax value', () => {"
/home/gabriel/Disk/Research/research-javascript-test-smells/repositories/manta/app/helpers/__tests__/invoice.spec.js,Eager Test,"{'line': 59, 'column': 9, 'index': 1398}","  57 |
  58 | it('should return correct tax value', () => {
> 59 |   expect(getInvoiceValue(data1).taxAmount).toEqual(10);
     |         ^ Eager Test
  60 |   expect(getInvoiceValue(data1).taxAmount).not.toEqual(11);
  61 |   expect(getInvoiceValue(data2).taxAmount).toEqual(7.2);
  62 |   expect(getInvoiceValue(data2).taxAmount).not.toEqual(8);"
/home/gabriel/Disk/Research/research-javascript-test-smells/repositories/manta/app/helpers/__tests__/invoice.spec.js,Eager Test,"{'line': 60, 'column': 9, 'index': 1454}","  58 | it('should return correct tax value', () => {
  59 |   expect(getInvoiceValue(data1).taxAmount).toEqual(10);
> 60 |   expect(getInvoiceValue(data1).taxAmount).not.toEqual(11);
     |         ^ Eager Test
  61 |   expect(getInvoiceValue(data2).taxAmount).toEqual(7.2);
  62 |   expect(getInvoiceValue(data2).taxAmount).not.toEqual(8);
  63 |   expect(getInvoiceValue(data3).taxAmount).toEqual(undefined);"
/home/gabriel/Disk/Research/research-javascript-test-smells/repositories/manta/app/helpers/__tests__/invoice.spec.js,Eager Test,"{'line': 61, 'column': 9, 'index': 1514}","  59 |   expect(getInvoiceValue(data1).taxAmount).toEqual(10);
  60 |   expect(getInvoiceValue(data1).taxAmount).not.toEqual(11);
> 61 |   expect(getInvoiceValue(data2).taxAmount).toEqual(7.2);
     |         ^ Eager Test
  62 |   expect(getInvoiceValue(data2).taxAmount).not.toEqual(8);
  63 |   expect(getInvoiceValue(data3).taxAmount).toEqual(undefined);
  64 | });"
/home/gabriel/Disk/Research/research-javascript-test-smells/repositories/manta/app/helpers/__tests__/invoice.spec.js,Eager Test,"{'line': 62, 'column': 9, 'index': 1571}","  60 |   expect(getInvoiceValue(data1).taxAmount).not.toEqual(11);
  61 |   expect(getInvoiceValue(data2).taxAmount).toEqual(7.2);
> 62 |   expect(getInvoiceValue(data2).taxAmount).not.toEqual(8);
     |         ^ Eager Test
  63 |   expect(getInvoiceValue(data3).taxAmount).toEqual(undefined);
  64 | });
  65 |"
/home/gabriel/Disk/Research/research-javascript-test-smells/repositories/manta/app/helpers/__tests__/invoice.spec.js,Eager Test,"{'line': 63, 'column': 9, 'index': 1630}","  61 |   expect(getInvoiceValue(data2).taxAmount).toEqual(7.2);
  62 |   expect(getInvoiceValue(data2).taxAmount).not.toEqual(8);
> 63 |   expect(getInvoiceValue(data3).taxAmount).toEqual(undefined);
     |         ^ Eager Test
  64 | });
  65 |
  66 | it('should return correct grandTotal value', () => {"
/home/gabriel/Disk/Research/research-javascript-test-smells/repositories/manta/app/helpers/__tests__/invoice.spec.js,Eager Test,"{'line': 67, 'column': 9, 'index': 1751}","  65 |
  66 | it('should return correct grandTotal value', () => {
> 67 |   expect(getInvoiceValue(data1).grandTotal).toEqual(110);
     |         ^ Eager Test
  68 |   expect(getInvoiceValue(data1).grandTotal).not.toEqual(100);
  69 |   expect(getInvoiceValue(data2).grandTotal).toEqual(144);
  70 |   expect(getInvoiceValue(data2).grandTotal).not.toEqual(151.2);"
/home/gabriel/Disk/Research/research-javascript-test-smells/repositories/manta/app/helpers/__tests__/invoice.spec.js,Eager Test,"{'line': 68, 'column': 9, 'index': 1809}","  66 | it('should return correct grandTotal value', () => {
  67 |   expect(getInvoiceValue(data1).grandTotal).toEqual(110);
> 68 |   expect(getInvoiceValue(data1).grandTotal).not.toEqual(100);
     |         ^ Eager Test
  69 |   expect(getInvoiceValue(data2).grandTotal).toEqual(144);
  70 |   expect(getInvoiceValue(data2).grandTotal).not.toEqual(151.2);
  71 |   expect(getInvoiceValue(data3).grandTotal).toEqual(300);"
/home/gabriel/Disk/Research/research-javascript-test-smells/repositories/manta/app/helpers/__tests__/invoice.spec.js,Eager Test,"{'line': 69, 'column': 9, 'index': 1871}","  67 |   expect(getInvoiceValue(data1).grandTotal).toEqual(110);
  68 |   expect(getInvoiceValue(data1).grandTotal).not.toEqual(100);
> 69 |   expect(getInvoiceValue(data2).grandTotal).toEqual(144);
     |         ^ Eager Test
  70 |   expect(getInvoiceValue(data2).grandTotal).not.toEqual(151.2);
  71 |   expect(getInvoiceValue(data3).grandTotal).toEqual(300);
  72 |   expect(getInvoiceValue(data3).grandTotal).not.toEqual(310);"
/home/gabriel/Disk/Research/research-javascript-test-smells/repositories/manta/app/helpers/__tests__/invoice.spec.js,Eager Test,"{'line': 70, 'column': 9, 'index': 1929}","  68 |   expect(getInvoiceValue(data1).grandTotal).not.toEqual(100);
  69 |   expect(getInvoiceValue(data2).grandTotal).toEqual(144);
> 70 |   expect(getInvoiceValue(data2).grandTotal).not.toEqual(151.2);
     |         ^ Eager Test
  71 |   expect(getInvoiceValue(data3).grandTotal).toEqual(300);
  72 |   expect(getInvoiceValue(data3).grandTotal).not.toEqual(310);
  73 | });"
/home/gabriel/Disk/Research/research-javascript-test-smells/repositories/manta/app/helpers/__tests__/invoice.spec.js,Eager Test,"{'line': 71, 'column': 9, 'index': 1993}","  69 |   expect(getInvoiceValue(data2).grandTotal).toEqual(144);
  70 |   expect(getInvoiceValue(data2).grandTotal).not.toEqual(151.2);
> 71 |   expect(getInvoiceValue(data3).grandTotal).toEqual(300);
     |         ^ Eager Test
  72 |   expect(getInvoiceValue(data3).grandTotal).not.toEqual(310);
  73 | });
  74 |"
/home/gabriel/Disk/Research/research-javascript-test-smells/repositories/manta/app/helpers/__tests__/invoice.spec.js,Eager Test,"{'line': 72, 'column': 9, 'index': 2051}","  70 |   expect(getInvoiceValue(data2).grandTotal).not.toEqual(151.2);
  71 |   expect(getInvoiceValue(data3).grandTotal).toEqual(300);
> 72 |   expect(getInvoiceValue(data3).grandTotal).not.toEqual(310);
     |         ^ Eager Test
  73 | });
  74 |"
/home/gabriel/Disk/Research/research-javascript-test-smells/repositories/manta/app/helpers/__tests__/invoice.spec.js,Lazy Test,"{'line': 42, 'column': 9, 'index': 657}","  40 |
  41 | it('should return correct subtotal value', () => {
> 42 |   expect(getInvoiceValue(data1).subtotal).toEqual(200);
     |         ^ Lazy Test
  43 |   expect(getInvoiceValue(data1).subtotal).not.toEqual(100);
  44 |   expect(getInvoiceValue(data2).subtotal).toEqual(160);
  45 |   expect(getInvoiceValue(data2).subtotal).not.toEqual(180);"
/home/gabriel/Disk/Research/research-javascript-test-smells/repositories/manta/app/helpers/__tests__/invoice.spec.js,Lazy Test,"{'line': 51, 'column': 9, 'index': 1055}","  49 |
  50 | it('should return correct discount', () => {
> 51 |   expect(getInvoiceValue(data1).discount).toEqual(100);
     |         ^ Lazy Test
  52 |   expect(getInvoiceValue(data1).discount).not.toEqual(200);
  53 |   expect(getInvoiceValue(data2).discount).toEqual(16);
  54 |   expect(getInvoiceValue(data2).discount).not.toEqual(18);"
/home/gabriel/Disk/Research/research-javascript-test-smells/repositories/manta/app/helpers/__tests__/invoice.spec.js,Lazy Test,"{'line': 59, 'column': 9, 'index': 1398}","  57 |
  58 | it('should return correct tax value', () => {
> 59 |   expect(getInvoiceValue(data1).taxAmount).toEqual(10);
     |         ^ Lazy Test
  60 |   expect(getInvoiceValue(data1).taxAmount).not.toEqual(11);
  61 |   expect(getInvoiceValue(data2).taxAmount).toEqual(7.2);
  62 |   expect(getInvoiceValue(data2).taxAmount).not.toEqual(8);"
/home/gabriel/Disk/Research/research-javascript-test-smells/repositories/manta/app/helpers/__tests__/invoice.spec.js,Lazy Test,"{'line': 67, 'column': 9, 'index': 1751}","  65 |
  66 | it('should return correct grandTotal value', () => {
> 67 |   expect(getInvoiceValue(data1).grandTotal).toEqual(110);
     |         ^ Lazy Test
  68 |   expect(getInvoiceValue(data1).grandTotal).not.toEqual(100);
  69 |   expect(getInvoiceValue(data2).grandTotal).toEqual(144);
  70 |   expect(getInvoiceValue(data2).grandTotal).not.toEqual(151.2);"
/home/gabriel/Disk/Research/research-javascript-test-smells/repositories/manta/app/helpers/__tests__/invoice.spec.js,Magic Number,"{'line': 42, 'column': 50, 'index': 698}","  40 |
  41 | it('should return correct subtotal value', () => {
> 42 |   expect(getInvoiceValue(data1).subtotal).toEqual(200);
     |                                                  ^ Magic Number
  43 |   expect(getInvoiceValue(data1).subtotal).not.toEqual(100);
  44 |   expect(getInvoiceValue(data2).subtotal).toEqual(160);
  45 |   expect(getInvoiceValue(data2).subtotal).not.toEqual(180);"
/home/gabriel/Disk/Research/research-javascript-test-smells/repositories/manta/app/helpers/__tests__/invoice.spec.js,Magic Number,"{'line': 43, 'column': 54, 'index': 758}","  41 | it('should return correct subtotal value', () => {
  42 |   expect(getInvoiceValue(data1).subtotal).toEqual(200);
> 43 |   expect(getInvoiceValue(data1).subtotal).not.toEqual(100);
     |                                                      ^ Magic Number
  44 |   expect(getInvoiceValue(data2).subtotal).toEqual(160);
  45 |   expect(getInvoiceValue(data2).subtotal).not.toEqual(180);
  46 |   expect(getInvoiceValue(data3).subtotal).toEqual(300);"
/home/gabriel/Disk/Research/research-javascript-test-smells/repositories/manta/app/helpers/__tests__/invoice.spec.js,Magic Number,"{'line': 44, 'column': 50, 'index': 814}","  42 |   expect(getInvoiceValue(data1).subtotal).toEqual(200);
  43 |   expect(getInvoiceValue(data1).subtotal).not.toEqual(100);
> 44 |   expect(getInvoiceValue(data2).subtotal).toEqual(160);
     |                                                  ^ Magic Number
  45 |   expect(getInvoiceValue(data2).subtotal).not.toEqual(180);
  46 |   expect(getInvoiceValue(data3).subtotal).toEqual(300);
  47 |   expect(getInvoiceValue(data3).subtotal).not.toEqual(310);"
/home/gabriel/Disk/Research/research-javascript-test-smells/repositories/manta/app/helpers/__tests__/invoice.spec.js,Magic Number,"{'line': 45, 'column': 54, 'index': 874}","  43 |   expect(getInvoiceValue(data1).subtotal).not.toEqual(100);
  44 |   expect(getInvoiceValue(data2).subtotal).toEqual(160);
> 45 |   expect(getInvoiceValue(data2).subtotal).not.toEqual(180);
     |                                                      ^ Magic Number
  46 |   expect(getInvoiceValue(data3).subtotal).toEqual(300);
  47 |   expect(getInvoiceValue(data3).subtotal).not.toEqual(310);
  48 | });"
/home/gabriel/Disk/Research/research-javascript-test-smells/repositories/manta/app/helpers/__tests__/invoice.spec.js,Magic Number,"{'line': 46, 'column': 50, 'index': 930}","  44 |   expect(getInvoiceValue(data2).subtotal).toEqual(160);
  45 |   expect(getInvoiceValue(data2).subtotal).not.toEqual(180);
> 46 |   expect(getInvoiceValue(data3).subtotal).toEqual(300);
     |                                                  ^ Magic Number
  47 |   expect(getInvoiceValue(data3).subtotal).not.toEqual(310);
  48 | });
  49 |"
/home/gabriel/Disk/Research/research-javascript-test-smells/repositories/manta/app/helpers/__tests__/invoice.spec.js,Magic Number,"{'line': 47, 'column': 54, 'index': 990}","  45 |   expect(getInvoiceValue(data2).subtotal).not.toEqual(180);
  46 |   expect(getInvoiceValue(data3).subtotal).toEqual(300);
> 47 |   expect(getInvoiceValue(data3).subtotal).not.toEqual(310);
     |                                                      ^ Magic Number
  48 | });
  49 |
  50 | it('should return correct discount', () => {"
/home/gabriel/Disk/Research/research-javascript-test-smells/repositories/manta/app/helpers/__tests__/invoice.spec.js,Magic Number,"{'line': 51, 'column': 50, 'index': 1096}","  49 |
  50 | it('should return correct discount', () => {
> 51 |   expect(getInvoiceValue(data1).discount).toEqual(100);
     |                                                  ^ Magic Number
  52 |   expect(getInvoiceValue(data1).discount).not.toEqual(200);
  53 |   expect(getInvoiceValue(data2).discount).toEqual(16);
  54 |   expect(getInvoiceValue(data2).discount).not.toEqual(18);"
/home/gabriel/Disk/Research/research-javascript-test-smells/repositories/manta/app/helpers/__tests__/invoice.spec.js,Magic Number,"{'line': 52, 'column': 54, 'index': 1156}","  50 | it('should return correct discount', () => {
  51 |   expect(getInvoiceValue(data1).discount).toEqual(100);
> 52 |   expect(getInvoiceValue(data1).discount).not.toEqual(200);
     |                                                      ^ Magic Number
  53 |   expect(getInvoiceValue(data2).discount).toEqual(16);
  54 |   expect(getInvoiceValue(data2).discount).not.toEqual(18);
  55 |   expect(getInvoiceValue(data3).discount).toEqual(undefined);"
/home/gabriel/Disk/Research/research-javascript-test-smells/repositories/manta/app/helpers/__tests__/invoice.spec.js,Magic Number,"{'line': 53, 'column': 50, 'index': 1212}","  51 |   expect(getInvoiceValue(data1).discount).toEqual(100);
  52 |   expect(getInvoiceValue(data1).discount).not.toEqual(200);
> 53 |   expect(getInvoiceValue(data2).discount).toEqual(16);
     |                                                  ^ Magic Number
  54 |   expect(getInvoiceValue(data2).discount).not.toEqual(18);
  55 |   expect(getInvoiceValue(data3).discount).toEqual(undefined);
  56 | });"
/home/gabriel/Disk/Research/research-javascript-test-smells/repositories/manta/app/helpers/__tests__/invoice.spec.js,Magic Number,"{'line': 54, 'column': 54, 'index': 1271}","  52 |   expect(getInvoiceValue(data1).discount).not.toEqual(200);
  53 |   expect(getInvoiceValue(data2).discount).toEqual(16);
> 54 |   expect(getInvoiceValue(data2).discount).not.toEqual(18);
     |                                                      ^ Magic Number
  55 |   expect(getInvoiceValue(data3).discount).toEqual(undefined);
  56 | });
  57 |"
/home/gabriel/Disk/Research/research-javascript-test-smells/repositories/manta/app/helpers/__tests__/invoice.spec.js,Magic Number,"{'line': 59, 'column': 51, 'index': 1440}","  57 |
  58 | it('should return correct tax value', () => {
> 59 |   expect(getInvoiceValue(data1).taxAmount).toEqual(10);
     |                                                   ^ Magic Number
  60 |   expect(getInvoiceValue(data1).taxAmount).not.toEqual(11);
  61 |   expect(getInvoiceValue(data2).taxAmount).toEqual(7.2);
  62 |   expect(getInvoiceValue(data2).taxAmount).not.toEqual(8);"
/home/gabriel/Disk/Research/research-javascript-test-smells/repositories/manta/app/helpers/__tests__/invoice.spec.js,Magic Number,"{'line': 60, 'column': 55, 'index': 1500}","  58 | it('should return correct tax value', () => {
  59 |   expect(getInvoiceValue(data1).taxAmount).toEqual(10);
> 60 |   expect(getInvoiceValue(data1).taxAmount).not.toEqual(11);
     |                                                       ^ Magic Number
  61 |   expect(getInvoiceValue(data2).taxAmount).toEqual(7.2);
  62 |   expect(getInvoiceValue(data2).taxAmount).not.toEqual(8);
  63 |   expect(getInvoiceValue(data3).taxAmount).toEqual(undefined);"
/home/gabriel/Disk/Research/research-javascript-test-smells/repositories/manta/app/helpers/__tests__/invoice.spec.js,Magic Number,"{'line': 61, 'column': 51, 'index': 1556}","  59 |   expect(getInvoiceValue(data1).taxAmount).toEqual(10);
  60 |   expect(getInvoiceValue(data1).taxAmount).not.toEqual(11);
> 61 |   expect(getInvoiceValue(data2).taxAmount).toEqual(7.2);
     |                                                   ^ Magic Number
  62 |   expect(getInvoiceValue(data2).taxAmount).not.toEqual(8);
  63 |   expect(getInvoiceValue(data3).taxAmount).toEqual(undefined);
  64 | });"
/home/gabriel/Disk/Research/research-javascript-test-smells/repositories/manta/app/helpers/__tests__/invoice.spec.js,Magic Number,"{'line': 62, 'column': 55, 'index': 1617}","  60 |   expect(getInvoiceValue(data1).taxAmount).not.toEqual(11);
  61 |   expect(getInvoiceValue(data2).taxAmount).toEqual(7.2);
> 62 |   expect(getInvoiceValue(data2).taxAmount).not.toEqual(8);
     |                                                       ^ Magic Number
  63 |   expect(getInvoiceValue(data3).taxAmount).toEqual(undefined);
  64 | });
  65 |"
/home/gabriel/Disk/Research/research-javascript-test-smells/repositories/manta/app/helpers/__tests__/invoice.spec.js,Magic Number,"{'line': 67, 'column': 52, 'index': 1794}","  65 |
  66 | it('should return correct grandTotal value', () => {
> 67 |   expect(getInvoiceValue(data1).grandTotal).toEqual(110);
     |                                                    ^ Magic Number
  68 |   expect(getInvoiceValue(data1).grandTotal).not.toEqual(100);
  69 |   expect(getInvoiceValue(data2).grandTotal).toEqual(144);
  70 |   expect(getInvoiceValue(data2).grandTotal).not.toEqual(151.2);"
/home/gabriel/Disk/Research/research-javascript-test-smells/repositories/manta/app/helpers/__tests__/invoice.spec.js,Magic Number,"{'line': 68, 'column': 56, 'index': 1856}","  66 | it('should return correct grandTotal value', () => {
  67 |   expect(getInvoiceValue(data1).grandTotal).toEqual(110);
> 68 |   expect(getInvoiceValue(data1).grandTotal).not.toEqual(100);
     |                                                        ^ Magic Number
  69 |   expect(getInvoiceValue(data2).grandTotal).toEqual(144);
  70 |   expect(getInvoiceValue(data2).grandTotal).not.toEqual(151.2);
  71 |   expect(getInvoiceValue(data3).grandTotal).toEqual(300);"
/home/gabriel/Disk/Research/research-javascript-test-smells/repositories/manta/app/helpers/__tests__/invoice.spec.js,Magic Number,"{'line': 69, 'column': 52, 'index': 1914}","  67 |   expect(getInvoiceValue(data1).grandTotal).toEqual(110);
  68 |   expect(getInvoiceValue(data1).grandTotal).not.toEqual(100);
> 69 |   expect(getInvoiceValue(data2).grandTotal).toEqual(144);
     |                                                    ^ Magic Number
  70 |   expect(getInvoiceValue(data2).grandTotal).not.toEqual(151.2);
  71 |   expect(getInvoiceValue(data3).grandTotal).toEqual(300);
  72 |   expect(getInvoiceValue(data3).grandTotal).not.toEqual(310);"
/home/gabriel/Disk/Research/research-javascript-test-smells/repositories/manta/app/helpers/__tests__/invoice.spec.js,Magic Number,"{'line': 70, 'column': 56, 'index': 1976}","  68 |   expect(getInvoiceValue(data1).grandTotal).not.toEqual(100);
  69 |   expect(getInvoiceValue(data2).grandTotal).toEqual(144);
> 70 |   expect(getInvoiceValue(data2).grandTotal).not.toEqual(151.2);
     |                                                        ^ Magic Number
  71 |   expect(getInvoiceValue(data3).grandTotal).toEqual(300);
  72 |   expect(getInvoiceValue(data3).grandTotal).not.toEqual(310);
  73 | });"
/home/gabriel/Disk/Research/research-javascript-test-smells/repositories/manta/app/helpers/__tests__/invoice.spec.js,Magic Number,"{'line': 71, 'column': 52, 'index': 2036}","  69 |   expect(getInvoiceValue(data2).grandTotal).toEqual(144);
  70 |   expect(getInvoiceValue(data2).grandTotal).not.toEqual(151.2);
> 71 |   expect(getInvoiceValue(data3).grandTotal).toEqual(300);
     |                                                    ^ Magic Number
  72 |   expect(getInvoiceValue(data3).grandTotal).not.toEqual(310);
  73 | });
  74 |"
/home/gabriel/Disk/Research/research-javascript-test-smells/repositories/manta/app/helpers/__tests__/invoice.spec.js,Magic Number,"{'line': 72, 'column': 56, 'index': 2098}","  70 |   expect(getInvoiceValue(data2).grandTotal).not.toEqual(151.2);
  71 |   expect(getInvoiceValue(data3).grandTotal).toEqual(300);
> 72 |   expect(getInvoiceValue(data3).grandTotal).not.toEqual(310);
     |                                                        ^ Magic Number
  73 | });
  74 |"
/home/gabriel/Disk/Research/research-javascript-test-smells/repositories/manta/app/helpers/__tests__/form.spec.js,Duplicate Assert,"{'line': 109, 'column': 4, 'index': 2494}","  107 |     const invoiceData = getInvoiceData(formData);
  108 |     // Include custom invoiceID
> 109 |     expect(invoiceData).not.toHaveProperty('invoiceID');
      |    ^ Duplicate Assert
  110 |     // Include Rows & Recipient Data
  111 |     expect(invoiceData).toHaveProperty('rows');
  112 |     expect(invoiceData).toHaveProperty('recipient');"
/home/gabriel/Disk/Research/research-javascript-test-smells/repositories/manta/app/helpers/__tests__/form.spec.js,Duplicate Assert,"{'line': 111, 'column': 4, 'index': 2588}","  109 |     expect(invoiceData).not.toHaveProperty('invoiceID');
  110 |     // Include Rows & Recipient Data
> 111 |     expect(invoiceData).toHaveProperty('rows');
      |    ^ Duplicate Assert
  112 |     expect(invoiceData).toHaveProperty('recipient');
  113 |     expect(invoiceData).toHaveProperty('currency');
  114 |     // Not include non-required data"
/home/gabriel/Disk/Research/research-javascript-test-smells/repositories/manta/app/helpers/__tests__/form.spec.js,Duplicate Assert,"{'line': 112, 'column': 4, 'index': 2636}","  110 |     // Include Rows & Recipient Data
  111 |     expect(invoiceData).toHaveProperty('rows');
> 112 |     expect(invoiceData).toHaveProperty('recipient');
      |    ^ Duplicate Assert
  113 |     expect(invoiceData).toHaveProperty('currency');
  114 |     // Not include non-required data
  115 |     expect(invoiceData).not.toHaveProperty('dueDate');"
/home/gabriel/Disk/Research/research-javascript-test-smells/repositories/manta/app/helpers/__tests__/form.spec.js,Duplicate Assert,"{'line': 113, 'column': 4, 'index': 2689}","  111 |     expect(invoiceData).toHaveProperty('rows');
  112 |     expect(invoiceData).toHaveProperty('recipient');
> 113 |     expect(invoiceData).toHaveProperty('currency');
      |    ^ Duplicate Assert
  114 |     // Not include non-required data
  115 |     expect(invoiceData).not.toHaveProperty('dueDate');
  116 |     expect(invoiceData).not.toHaveProperty('discount');"
/home/gabriel/Disk/Research/research-javascript-test-smells/repositories/manta/app/helpers/__tests__/form.spec.js,Duplicate Assert,"{'line': 115, 'column': 4, 'index': 2778}","  113 |     expect(invoiceData).toHaveProperty('currency');
  114 |     // Not include non-required data
> 115 |     expect(invoiceData).not.toHaveProperty('dueDate');
      |    ^ Duplicate Assert
  116 |     expect(invoiceData).not.toHaveProperty('discount');
  117 |     expect(invoiceData).not.toHaveProperty('tax');
  118 |     expect(invoiceData).not.toHaveProperty('note');"
/home/gabriel/Disk/Research/research-javascript-test-smells/repositories/manta/app/helpers/__tests__/form.spec.js,Duplicate Assert,"{'line': 116, 'column': 4, 'index': 2833}","  114 |     // Not include non-required data
  115 |     expect(invoiceData).not.toHaveProperty('dueDate');
> 116 |     expect(invoiceData).not.toHaveProperty('discount');
      |    ^ Duplicate Assert
  117 |     expect(invoiceData).not.toHaveProperty('tax');
  118 |     expect(invoiceData).not.toHaveProperty('note');
  119 |     expect(invoiceData).not.toHaveProperty('settings');"
/home/gabriel/Disk/Research/research-javascript-test-smells/repositories/manta/app/helpers/__tests__/form.spec.js,Duplicate Assert,"{'line': 117, 'column': 4, 'index': 2889}","  115 |     expect(invoiceData).not.toHaveProperty('dueDate');
  116 |     expect(invoiceData).not.toHaveProperty('discount');
> 117 |     expect(invoiceData).not.toHaveProperty('tax');
      |    ^ Duplicate Assert
  118 |     expect(invoiceData).not.toHaveProperty('note');
  119 |     expect(invoiceData).not.toHaveProperty('settings');
  120 |     expect(invoiceData).not.toHaveProperty('savedSettings');"
/home/gabriel/Disk/Research/research-javascript-test-smells/repositories/manta/app/helpers/__tests__/form.spec.js,Duplicate Assert,"{'line': 118, 'column': 4, 'index': 2940}","  116 |     expect(invoiceData).not.toHaveProperty('discount');
  117 |     expect(invoiceData).not.toHaveProperty('tax');
> 118 |     expect(invoiceData).not.toHaveProperty('note');
      |    ^ Duplicate Assert
  119 |     expect(invoiceData).not.toHaveProperty('settings');
  120 |     expect(invoiceData).not.toHaveProperty('savedSettings');
  121 |   });"
/home/gabriel/Disk/Research/research-javascript-test-smells/repositories/manta/app/helpers/__tests__/form.spec.js,Duplicate Assert,"{'line': 119, 'column': 4, 'index': 2992}","  117 |     expect(invoiceData).not.toHaveProperty('tax');
  118 |     expect(invoiceData).not.toHaveProperty('note');
> 119 |     expect(invoiceData).not.toHaveProperty('settings');
      |    ^ Duplicate Assert
  120 |     expect(invoiceData).not.toHaveProperty('savedSettings');
  121 |   });
  122 |"
/home/gabriel/Disk/Research/research-javascript-test-smells/repositories/manta/app/helpers/__tests__/form.spec.js,Duplicate Assert,"{'line': 120, 'column': 4, 'index': 3048}","  118 |     expect(invoiceData).not.toHaveProperty('note');
  119 |     expect(invoiceData).not.toHaveProperty('settings');
> 120 |     expect(invoiceData).not.toHaveProperty('savedSettings');
      |    ^ Duplicate Assert
  121 |   });
  122 |
  123 |   it('Should return rows data correctly', () => {"
/home/gabriel/Disk/Research/research-javascript-test-smells/repositories/manta/app/helpers/__tests__/form.spec.js,Duplicate Assert,"{'line': 131, 'column': 4, 'index': 3395}","  129 |     let invoiceData = getInvoiceData(formData);
  130 |     // Filter out data
> 131 |     expect(invoiceData.recipient).not.toHaveProperty('new');
      |    ^ Duplicate Assert
  132 |     expect(invoiceData.recipient).not.toHaveProperty('select');
  133 |     expect(invoiceData.recipient).not.toHaveProperty('newRecipient');
  134 |"
/home/gabriel/Disk/Research/research-javascript-test-smells/repositories/manta/app/helpers/__tests__/form.spec.js,Duplicate Assert,"{'line': 132, 'column': 4, 'index': 3456}","  130 |     // Filter out data
  131 |     expect(invoiceData.recipient).not.toHaveProperty('new');
> 132 |     expect(invoiceData.recipient).not.toHaveProperty('select');
      |    ^ Duplicate Assert
  133 |     expect(invoiceData.recipient).not.toHaveProperty('newRecipient');
  134 |
  135 |     // Choose new contact data"
/home/gabriel/Disk/Research/research-javascript-test-smells/repositories/manta/app/helpers/__tests__/form.spec.js,Duplicate Assert,"{'line': 133, 'column': 4, 'index': 3520}","  131 |     expect(invoiceData.recipient).not.toHaveProperty('new');
  132 |     expect(invoiceData.recipient).not.toHaveProperty('select');
> 133 |     expect(invoiceData.recipient).not.toHaveProperty('newRecipient');
      |    ^ Duplicate Assert
  134 |
  135 |     // Choose new contact data
  136 |     expect(invoiceData.recipient).toHaveProperty('fullname');"
/home/gabriel/Disk/Research/research-javascript-test-smells/repositories/manta/app/helpers/__tests__/form.spec.js,Duplicate Assert,"{'line': 136, 'column': 4, 'index': 3622}","  134 |
  135 |     // Choose new contact data
> 136 |     expect(invoiceData.recipient).toHaveProperty('fullname');
      |    ^ Duplicate Assert
  137 |     expect(invoiceData.recipient).toHaveProperty('email');
  138 |     expect(invoiceData.recipient).not.toHaveProperty('company');
  139 |     expect(invoiceData.recipient).not.toHaveProperty('phone');"
/home/gabriel/Disk/Research/research-javascript-test-smells/repositories/manta/app/helpers/__tests__/form.spec.js,Duplicate Assert,"{'line': 136, 'column': 4, 'index': 3622}","  134 |
  135 |     // Choose new contact data
> 136 |     expect(invoiceData.recipient).toHaveProperty('fullname');
      |    ^ Duplicate Assert
  137 |     expect(invoiceData.recipient).toHaveProperty('email');
  138 |     expect(invoiceData.recipient).not.toHaveProperty('company');
  139 |     expect(invoiceData.recipient).not.toHaveProperty('phone');"
/home/gabriel/Disk/Research/research-javascript-test-smells/repositories/manta/app/helpers/__tests__/form.spec.js,Duplicate Assert,"{'line': 137, 'column': 4, 'index': 3684}","  135 |     // Choose new contact data
  136 |     expect(invoiceData.recipient).toHaveProperty('fullname');
> 137 |     expect(invoiceData.recipient).toHaveProperty('email');
      |    ^ Duplicate Assert
  138 |     expect(invoiceData.recipient).not.toHaveProperty('company');
  139 |     expect(invoiceData.recipient).not.toHaveProperty('phone');
  140 |"
/home/gabriel/Disk/Research/research-javascript-test-smells/repositories/manta/app/helpers/__tests__/form.spec.js,Duplicate Assert,"{'line': 137, 'column': 4, 'index': 3684}","  135 |     // Choose new contact data
  136 |     expect(invoiceData.recipient).toHaveProperty('fullname');
> 137 |     expect(invoiceData.recipient).toHaveProperty('email');
      |    ^ Duplicate Assert
  138 |     expect(invoiceData.recipient).not.toHaveProperty('company');
  139 |     expect(invoiceData.recipient).not.toHaveProperty('phone');
  140 |"
/home/gabriel/Disk/Research/research-javascript-test-smells/repositories/manta/app/helpers/__tests__/form.spec.js,Duplicate Assert,"{'line': 138, 'column': 4, 'index': 3743}","  136 |     expect(invoiceData.recipient).toHaveProperty('fullname');
  137 |     expect(invoiceData.recipient).toHaveProperty('email');
> 138 |     expect(invoiceData.recipient).not.toHaveProperty('company');
      |    ^ Duplicate Assert
  139 |     expect(invoiceData.recipient).not.toHaveProperty('phone');
  140 |
  141 |     // Choose selected contact data"
/home/gabriel/Disk/Research/research-javascript-test-smells/repositories/manta/app/helpers/__tests__/form.spec.js,Duplicate Assert,"{'line': 139, 'column': 4, 'index': 3808}","  137 |     expect(invoiceData.recipient).toHaveProperty('email');
  138 |     expect(invoiceData.recipient).not.toHaveProperty('company');
> 139 |     expect(invoiceData.recipient).not.toHaveProperty('phone');
      |    ^ Duplicate Assert
  140 |
  141 |     // Choose selected contact data
  142 |     (formData.recipient.newRecipient = false),"
/home/gabriel/Disk/Research/research-javascript-test-smells/repositories/manta/app/helpers/__tests__/form.spec.js,Duplicate Assert,"{'line': 144, 'column': 4, 'index': 4003}","  142 |     (formData.recipient.newRecipient = false),
  143 |       (invoiceData = getInvoiceData(formData));
> 144 |     expect(invoiceData.recipient).toHaveProperty('fullname');
      |    ^ Duplicate Assert
  145 |     expect(invoiceData.recipient).toHaveProperty('email');
  146 |     expect(invoiceData.recipient).toHaveProperty('company');
  147 |     expect(invoiceData.recipient).toHaveProperty('phone');"
/home/gabriel/Disk/Research/research-javascript-test-smells/repositories/manta/app/helpers/__tests__/form.spec.js,Duplicate Assert,"{'line': 144, 'column': 4, 'index': 4003}","  142 |     (formData.recipient.newRecipient = false),
  143 |       (invoiceData = getInvoiceData(formData));
> 144 |     expect(invoiceData.recipient).toHaveProperty('fullname');
      |    ^ Duplicate Assert
  145 |     expect(invoiceData.recipient).toHaveProperty('email');
  146 |     expect(invoiceData.recipient).toHaveProperty('company');
  147 |     expect(invoiceData.recipient).toHaveProperty('phone');"
/home/gabriel/Disk/Research/research-javascript-test-smells/repositories/manta/app/helpers/__tests__/form.spec.js,Duplicate Assert,"{'line': 145, 'column': 4, 'index': 4065}","  143 |       (invoiceData = getInvoiceData(formData));
  144 |     expect(invoiceData.recipient).toHaveProperty('fullname');
> 145 |     expect(invoiceData.recipient).toHaveProperty('email');
      |    ^ Duplicate Assert
  146 |     expect(invoiceData.recipient).toHaveProperty('company');
  147 |     expect(invoiceData.recipient).toHaveProperty('phone');
  148 |     expect(invoiceData.recipient).toHaveProperty('id');"
/home/gabriel/Disk/Research/research-javascript-test-smells/repositories/manta/app/helpers/__tests__/form.spec.js,Duplicate Assert,"{'line': 145, 'column': 4, 'index': 4065}","  143 |       (invoiceData = getInvoiceData(formData));
  144 |     expect(invoiceData.recipient).toHaveProperty('fullname');
> 145 |     expect(invoiceData.recipient).toHaveProperty('email');
      |    ^ Duplicate Assert
  146 |     expect(invoiceData.recipient).toHaveProperty('company');
  147 |     expect(invoiceData.recipient).toHaveProperty('phone');
  148 |     expect(invoiceData.recipient).toHaveProperty('id');"
/home/gabriel/Disk/Research/research-javascript-test-smells/repositories/manta/app/helpers/__tests__/form.spec.js,Duplicate Assert,"{'line': 146, 'column': 4, 'index': 4124}","  144 |     expect(invoiceData.recipient).toHaveProperty('fullname');
  145 |     expect(invoiceData.recipient).toHaveProperty('email');
> 146 |     expect(invoiceData.recipient).toHaveProperty('company');
      |    ^ Duplicate Assert
  147 |     expect(invoiceData.recipient).toHaveProperty('phone');
  148 |     expect(invoiceData.recipient).toHaveProperty('id');
  149 |   });"
/home/gabriel/Disk/Research/research-javascript-test-smells/repositories/manta/app/helpers/__tests__/form.spec.js,Duplicate Assert,"{'line': 147, 'column': 4, 'index': 4185}","  145 |     expect(invoiceData.recipient).toHaveProperty('email');
  146 |     expect(invoiceData.recipient).toHaveProperty('company');
> 147 |     expect(invoiceData.recipient).toHaveProperty('phone');
      |    ^ Duplicate Assert
  148 |     expect(invoiceData.recipient).toHaveProperty('id');
  149 |   });
  150 |"
/home/gabriel/Disk/Research/research-javascript-test-smells/repositories/manta/app/helpers/__tests__/form.spec.js,Duplicate Assert,"{'line': 148, 'column': 4, 'index': 4244}","  146 |     expect(invoiceData.recipient).toHaveProperty('company');
  147 |     expect(invoiceData.recipient).toHaveProperty('phone');
> 148 |     expect(invoiceData.recipient).toHaveProperty('id');
      |    ^ Duplicate Assert
  149 |   });
  150 |
  151 |   it('should return dueDate data when required', () => {"
/home/gabriel/Disk/Research/research-javascript-test-smells/repositories/manta/app/helpers/__tests__/form.spec.js,Duplicate Assert,"{'line': 169, 'column': 4, 'index': 4838}","  167 |     });
  168 |     const invoiceData = getInvoiceData(newFormData);
> 169 |     expect(invoiceData.dueDate).toEqual({
      |    ^ Duplicate Assert
  170 |       selectedDate: {
  171 |         date: 20,
  172 |         months: 9,"
/home/gabriel/Disk/Research/research-javascript-test-smells/repositories/manta/app/helpers/__tests__/form.spec.js,Duplicate Assert,"{'line': 178, 'column': 4, 'index': 5025}","  176 |       paymentTerm: null,
  177 |     });
> 178 |     expect(invoiceData.dueDate).not.toEqual({
      |    ^ Duplicate Assert
  179 |       date: 2,
  180 |       months: 10,
  181 |       years: 2016,"
/home/gabriel/Disk/Research/research-javascript-test-smells/repositories/manta/app/helpers/__tests__/form.spec.js,Duplicate Assert,"{'line': 557, 'column': 4, 'index': 15828}","  555 |     const validation = validateRows(rows);
  556 |     expect(validation).toEqual(false);
> 557 |     expect(openDialog).toBeCalledWith({
      |    ^ Duplicate Assert
  558 |       type: 'warning',
  559 |       title: i18n.t('dialog:validation:rows:qtyZero:title'),
  560 |       message: i18n.t('dialog:validation:rows:qtyZero:message'),"
/home/gabriel/Disk/Research/research-javascript-test-smells/repositories/manta/app/helpers/__tests__/form.spec.js,Duplicate Assert,"{'line': 572, 'column': 4, 'index': 16267}","  570 |     const validation2 = validateRows(rows2);
  571 |     expect(validation2).toEqual(false);
> 572 |     expect(openDialog).toBeCalledWith({
      |    ^ Duplicate Assert
  573 |       type: 'warning',
  574 |       title: i18n.t('dialog:validation:rows:qtyZero:title'),
  575 |       message: i18n.t('dialog:validation:rows:qtyZero:message'),"
/home/gabriel/Disk/Research/research-javascript-test-smells/repositories/manta/app/helpers/__tests__/form.spec.js,Duplicate Assert,"{'line': 698, 'column': 4, 'index': 19749}","  696 |     const validation1 = validateTax(true, tax1);
  697 |     expect(validation1).toEqual(false);
> 698 |     expect(openDialog).toBeCalledWith({
      |    ^ Duplicate Assert
  699 |       type: 'warning',
  700 |       title: i18n.t('dialog:validation:tax:title'),
  701 |       message: i18n.t('dialog:validation:tax:message'),"
/home/gabriel/Disk/Research/research-javascript-test-smells/repositories/manta/app/helpers/__tests__/form.spec.js,Duplicate Assert,"{'line': 706, 'column': 4, 'index': 20018}","  704 |     const validation2 = validateTax(true, tax2);
  705 |     expect(validation2).toEqual(false);
> 706 |     expect(openDialog).toBeCalledWith({
      |    ^ Duplicate Assert
  707 |       type: 'warning',
  708 |       title: i18n.t('dialog:validation:tax:title'),
  709 |       message: i18n.t('dialog:validation:tax:message'),"
/home/gabriel/Disk/Research/research-javascript-test-smells/repositories/manta/app/helpers/__tests__/form.spec.js,Duplicate Assert,"{'line': 714, 'column': 4, 'index': 20287}","  712 |     const validation3 = validateTax(true, tax3);
  713 |     expect(validation3).toEqual(false);
> 714 |     expect(openDialog).toBeCalledWith({
      |    ^ Duplicate Assert
  715 |       type: 'warning',
  716 |       title: i18n.t('dialog:validation:tax:title'),
  717 |       message: i18n.t('dialog:validation:tax:message'),"
/home/gabriel/Disk/Research/research-javascript-test-smells/repositories/manta/app/helpers/__tests__/form.spec.js,Eager Test,"{'line': 129, 'column': 22, 'index': 3342}","  127 |
  128 |   it('should return correct recipient data', () => {
> 129 |     let invoiceData = getInvoiceData(formData);
      |                      ^ Eager Test
  130 |     // Filter out data
  131 |     expect(invoiceData.recipient).not.toHaveProperty('new');
  132 |     expect(invoiceData.recipient).not.toHaveProperty('select');"
/home/gabriel/Disk/Research/research-javascript-test-smells/repositories/manta/app/helpers/__tests__/form.spec.js,Eager Test,"{'line': 143, 'column': 21, 'index': 3972}","  141 |     // Choose selected contact data
  142 |     (formData.recipient.newRecipient = false),
> 143 |       (invoiceData = getInvoiceData(formData));
      |                     ^ Eager Test
  144 |     expect(invoiceData.recipient).toHaveProperty('fullname');
  145 |     expect(invoiceData.recipient).toHaveProperty('email');
  146 |     expect(invoiceData.recipient).toHaveProperty('company');"
/home/gabriel/Disk/Research/research-javascript-test-smells/repositories/manta/app/helpers/__tests__/form.spec.js,Eager Test,"{'line': 555, 'column': 23, 'index': 15765}","  553 |       },
  554 |     ];
> 555 |     const validation = validateRows(rows);
      |                       ^ Eager Test
  556 |     expect(validation).toEqual(false);
  557 |     expect(openDialog).toBeCalledWith({
  558 |       type: 'warning',"
/home/gabriel/Disk/Research/research-javascript-test-smells/repositories/manta/app/helpers/__tests__/form.spec.js,Eager Test,"{'line': 570, 'column': 24, 'index': 16202}","  568 |       },
  569 |     ];
> 570 |     const validation2 = validateRows(rows2);
      |                        ^ Eager Test
  571 |     expect(validation2).toEqual(false);
  572 |     expect(openDialog).toBeCalledWith({
  573 |       type: 'warning',"
/home/gabriel/Disk/Research/research-javascript-test-smells/repositories/manta/app/helpers/__tests__/form.spec.js,Eager Test,"{'line': 696, 'column': 24, 'index': 19680}","  694 |     const tax2 = { amount: '' };
  695 |     const tax3 = { amount: -1 };
> 696 |     const validation1 = validateTax(true, tax1);
      |                        ^ Eager Test
  697 |     expect(validation1).toEqual(false);
  698 |     expect(openDialog).toBeCalledWith({
  699 |       type: 'warning',"
/home/gabriel/Disk/Research/research-javascript-test-smells/repositories/manta/app/helpers/__tests__/form.spec.js,Eager Test,"{'line': 704, 'column': 24, 'index': 19949}","  702 |     });
  703 |
> 704 |     const validation2 = validateTax(true, tax2);
      |                        ^ Eager Test
  705 |     expect(validation2).toEqual(false);
  706 |     expect(openDialog).toBeCalledWith({
  707 |       type: 'warning',"
/home/gabriel/Disk/Research/research-javascript-test-smells/repositories/manta/app/helpers/__tests__/form.spec.js,Eager Test,"{'line': 712, 'column': 24, 'index': 20218}","  710 |     });
  711 |
> 712 |     const validation3 = validateTax(true, tax3);
      |                        ^ Eager Test
  713 |     expect(validation3).toEqual(false);
  714 |     expect(openDialog).toBeCalledWith({
  715 |       type: 'warning',"
/home/gabriel/Disk/Research/research-javascript-test-smells/repositories/manta/app/helpers/__tests__/form.spec.js,Lazy Test,"{'line': 107, 'column': 24, 'index': 2432}","  105 |
  106 |   it('Should return correct data shape', () => {
> 107 |     const invoiceData = getInvoiceData(formData);
      |                        ^ Lazy Test
  108 |     // Include custom invoiceID
  109 |     expect(invoiceData).not.toHaveProperty('invoiceID');
  110 |     // Include Rows & Recipient Data"
/home/gabriel/Disk/Research/research-javascript-test-smells/repositories/manta/app/helpers/__tests__/form.spec.js,Lazy Test,"{'line': 124, 'column': 24, 'index': 3186}","  122 |
  123 |   it('Should return rows data correctly', () => {
> 124 |     const invoiceData = getInvoiceData(formData);
      |                        ^ Lazy Test
  125 |     expect(invoiceData.rows.length).toEqual(2);
  126 |   });
  127 |"
/home/gabriel/Disk/Research/research-javascript-test-smells/repositories/manta/app/helpers/__tests__/form.spec.js,Lazy Test,"{'line': 129, 'column': 22, 'index': 3342}","  127 |
  128 |   it('should return correct recipient data', () => {
> 129 |     let invoiceData = getInvoiceData(formData);
      |                      ^ Lazy Test
  130 |     // Filter out data
  131 |     expect(invoiceData.recipient).not.toHaveProperty('new');
  132 |     expect(invoiceData.recipient).not.toHaveProperty('select');"
/home/gabriel/Disk/Research/research-javascript-test-smells/repositories/manta/app/helpers/__tests__/form.spec.js,Lazy Test,"{'line': 168, 'column': 24, 'index': 4805}","  166 |       }),
  167 |     });
> 168 |     const invoiceData = getInvoiceData(newFormData);
      |                        ^ Lazy Test
  169 |     expect(invoiceData.dueDate).toEqual({
  170 |       selectedDate: {
  171 |         date: 20,"
/home/gabriel/Disk/Research/research-javascript-test-smells/repositories/manta/app/helpers/__tests__/form.spec.js,Lazy Test,"{'line': 194, 'column': 24, 'index': 5462}","  192 |     });
  193 |
> 194 |     const invoiceData = getInvoiceData(newFormData);
      |                        ^ Lazy Test
  195 |     expect(invoiceData.currency).toEqual({
  196 |       code: 'USD',
  197 |       placement: 'before',"
/home/gabriel/Disk/Research/research-javascript-test-smells/repositories/manta/app/helpers/__tests__/form.spec.js,Lazy Test,"{'line': 222, 'column': 24, 'index': 6225}","  220 |       }),
  221 |     });
> 222 |     const invoiceData = getInvoiceData(newFormData);
      |                        ^ Lazy Test
  223 |     expect(invoiceData.tax).toEqual(newFormData.tax);
  224 |   });
  225 |"
/home/gabriel/Disk/Research/research-javascript-test-smells/repositories/manta/app/helpers/__tests__/form.spec.js,Lazy Test,"{'line': 238, 'column': 24, 'index': 6727}","  236 |       }),
  237 |     });
> 238 |     const invoiceData = getInvoiceData(newFormData);
      |                        ^ Lazy Test
  239 |     expect(invoiceData.discount).toEqual({
  240 |       type: newFormData.discount.type,
  241 |       amount: newFormData.discount.amount,"
/home/gabriel/Disk/Research/research-javascript-test-smells/repositories/manta/app/helpers/__tests__/form.spec.js,Lazy Test,"{'line': 256, 'column': 24, 'index': 7280}","  254 |       }),
  255 |     });
> 256 |     const invoiceData = getInvoiceData(newFormData);
      |                        ^ Lazy Test
  257 |     expect(invoiceData.note).toEqual(newFormData.note.content);
  258 |   });
  259 |"
/home/gabriel/Disk/Research/research-javascript-test-smells/repositories/manta/app/helpers/__tests__/form.spec.js,Lazy Test,"{'line': 268, 'column': 24, 'index': 7709}","  266 |       }),
  267 |     });
> 268 |     const invoiceData = getInvoiceData(newFormData);
      |                        ^ Lazy Test
  269 |     expect(invoiceData.invoiceID).toEqual('Invoice: 123-456-789');
  270 |   });
  271 |"
/home/gabriel/Disk/Research/research-javascript-test-smells/repositories/manta/app/helpers/__tests__/form.spec.js,Lazy Test,"{'line': 290, 'column': 24, 'index': 8444}","  288 |       }),
  289 |     });
> 290 |     const invoiceData = getInvoiceData(newFormData);
      |                        ^ Lazy Test
  291 |     expect(invoiceData._id).toEqual(invoiceID);
  292 |     expect(invoiceData._rev).toEqual(invoiceRev);
  293 |     expect(invoiceData.created_at).toEqual(createdDate);"
/home/gabriel/Disk/Research/research-javascript-test-smells/repositories/manta/app/helpers/__tests__/form.spec.js,Lazy Test,"{'line': 385, 'column': 23, 'index': 10762}","  383 |
  384 |   it('should PASS with CORRECT data', () => {
> 385 |     const validation = validateFormData(formData);
      |                       ^ Lazy Test
  386 |     expect(validation).toEqual(true);
  387 |   });
  388 |"
/home/gabriel/Disk/Research/research-javascript-test-smells/repositories/manta/app/helpers/__tests__/form.spec.js,Lazy Test,"{'line': 395, 'column': 23, 'index': 11066}","  393 |       }),
  394 |     });
> 395 |     const validation = validateFormData(newFormData);
      |                       ^ Lazy Test
  396 |     expect(validation).toEqual(false);
  397 |   });
  398 |"
/home/gabriel/Disk/Research/research-javascript-test-smells/repositories/manta/app/helpers/__tests__/form.spec.js,Lazy Test,"{'line': 401, 'column': 23, 'index': 11255}","  399 |   it('should NOT pass with INCORRECT rows data', () => {
  400 |     formData.rows[0].price = 0;
> 401 |     const validation = validateFormData(formData);
      |                       ^ Lazy Test
  402 |     expect(validation).toEqual(false);
  403 |   });
  404 |"
/home/gabriel/Disk/Research/research-javascript-test-smells/repositories/manta/app/helpers/__tests__/form.spec.js,Lazy Test,"{'line': 407, 'column': 23, 'index': 11454}","  405 |   it('should NOT pass with INCORRECT dueDate data', () => {
  406 |     formData.dueDate.selectedDate = null;
> 407 |     const validation = validateFormData(formData);
      |                       ^ Lazy Test
  408 |     expect(validation).toEqual(false);
  409 |   });
  410 |"
/home/gabriel/Disk/Research/research-javascript-test-smells/repositories/manta/app/helpers/__tests__/form.spec.js,Lazy Test,"{'line': 418, 'column': 23, 'index': 11739}","  416 |       placement: 'before'
  417 |     };
> 418 |     const validation = validateFormData(formData);
      |                       ^ Lazy Test
  419 |     expect(validation).toEqual(false);
  420 |   });
  421 |"
/home/gabriel/Disk/Research/research-javascript-test-smells/repositories/manta/app/helpers/__tests__/form.spec.js,Lazy Test,"{'line': 424, 'column': 23, 'index': 11931}","  422 |   it('should NOT pass with INCORRECT discount data', () => {
  423 |     formData.discount.amount = 0;
> 424 |     const validation = validateFormData(formData);
      |                       ^ Lazy Test
  425 |     expect(validation).toEqual(false);
  426 |   });
  427 |"
/home/gabriel/Disk/Research/research-javascript-test-smells/repositories/manta/app/helpers/__tests__/form.spec.js,Lazy Test,"{'line': 430, 'column': 23, 'index': 12113}","  428 |   it('should NOT pass with INCORRECT tax data', () => {
  429 |     formData.tax.amount = 0;
> 430 |     const validation = validateFormData(formData);
      |                       ^ Lazy Test
  431 |     expect(validation).toEqual(false);
  432 |   });
  433 |"
/home/gabriel/Disk/Research/research-javascript-test-smells/repositories/manta/app/helpers/__tests__/form.spec.js,Lazy Test,"{'line': 436, 'column': 23, 'index': 12299}","  434 |   it('should NOT pass with INCORRECT note data', () => {
  435 |     formData.note.content = '';
> 436 |     const validation = validateFormData(formData);
      |                       ^ Lazy Test
  437 |     expect(validation).toEqual(false);
  438 |   });
  439 |"
/home/gabriel/Disk/Research/research-javascript-test-smells/repositories/manta/app/helpers/__tests__/form.spec.js,Lazy Test,"{'line': 442, 'column': 23, 'index': 12482}","  440 |   it('should NOT pass with INCORRECT invoiceID', () => {
  441 |     formData.invoiceID = '';
> 442 |     const validation = validateFormData(formData);
      |                       ^ Lazy Test
  443 |     expect(validation).toEqual(false);
  444 |   });
  445 | });"
/home/gabriel/Disk/Research/research-javascript-test-smells/repositories/manta/app/helpers/__tests__/form.spec.js,Lazy Test,"{'line': 453, 'column': 23, 'index': 12739}","  451 |       new: {},
  452 |     };
> 453 |     const validation = validateRecipient(recipient);
      |                       ^ Lazy Test
  454 |     expect(validation).toEqual(false);
  455 |     expect(openDialog).toBeCalledWith({
  456 |       type: 'warning',"
/home/gabriel/Disk/Research/research-javascript-test-smells/repositories/manta/app/helpers/__tests__/form.spec.js,Lazy Test,"{'line': 470, 'column': 23, 'index': 13258}","  468 |       },
  469 |     };
> 470 |     const validation = validateRecipient(recipient);
      |                       ^ Lazy Test
  471 |     expect(validation).toEqual(false);
  472 |     expect(openDialog).toBeCalledWith({
  473 |       type: 'warning',"
/home/gabriel/Disk/Research/research-javascript-test-smells/repositories/manta/app/helpers/__tests__/form.spec.js,Lazy Test,"{'line': 487, 'column': 23, 'index': 13783}","  485 |       },
  486 |     };
> 487 |     const validation = validateRecipient(recipient);
      |                       ^ Lazy Test
  488 |     expect(validation).toEqual(false);
  489 |     expect(openDialog).toBeCalledWith({
  490 |       type: 'warning',"
/home/gabriel/Disk/Research/research-javascript-test-smells/repositories/manta/app/helpers/__tests__/form.spec.js,Lazy Test,"{'line': 500, 'column': 23, 'index': 14196}","  498 |       newRecipient: false,
  499 |     };
> 500 |     const validation = validateRecipient(recipient);
      |                       ^ Lazy Test
  501 |     expect(validation).toEqual(true);
  502 |   });
  503 |"
/home/gabriel/Disk/Research/research-javascript-test-smells/repositories/manta/app/helpers/__tests__/form.spec.js,Lazy Test,"{'line': 514, 'column': 23, 'index': 14592}","  512 |       },
  513 |     };
> 514 |     const validation = validateRecipient(recipient);
      |                       ^ Lazy Test
  515 |     expect(validation).toEqual(true);
  516 |   });
  517 | });"
/home/gabriel/Disk/Research/research-javascript-test-smells/repositories/manta/app/helpers/__tests__/form.spec.js,Lazy Test,"{'line': 522, 'column': 23, 'index': 14816}","  520 |   it('should validate item description', () => {
  521 |     const rows = [{ description: '' }];
> 522 |     const validation = validateRows(rows);
      |                       ^ Lazy Test
  523 |     expect(validation).toEqual(false);
  524 |     expect(openDialog).toBeCalledWith({
  525 |       type: 'warning',"
/home/gabriel/Disk/Research/research-javascript-test-smells/repositories/manta/app/helpers/__tests__/form.spec.js,Lazy Test,"{'line': 538, 'column': 23, 'index': 15275}","  536 |       },
  537 |     ];
> 538 |     const validation = validateRows(rows);
      |                       ^ Lazy Test
  539 |     expect(validation).toEqual(false);
  540 |     expect(openDialog).toBeCalledWith({
  541 |       type: 'warning',"
/home/gabriel/Disk/Research/research-javascript-test-smells/repositories/manta/app/helpers/__tests__/form.spec.js,Lazy Test,"{'line': 555, 'column': 23, 'index': 15765}","  553 |       },
  554 |     ];
> 555 |     const validation = validateRows(rows);
      |                       ^ Lazy Test
  556 |     expect(validation).toEqual(false);
  557 |     expect(openDialog).toBeCalledWith({
  558 |       type: 'warning',"
/home/gabriel/Disk/Research/research-javascript-test-smells/repositories/manta/app/helpers/__tests__/form.spec.js,Lazy Test,"{'line': 587, 'column': 23, 'index': 16713}","  585 |       },
  586 |     ];
> 587 |     const validation = validateRows(rows);
      |                       ^ Lazy Test
  588 |     expect(validation).toEqual(true);
  589 |   });
  590 | });"
/home/gabriel/Disk/Research/research-javascript-test-smells/repositories/manta/app/helpers/__tests__/form.spec.js,Lazy Test,"{'line': 599, 'column': 23, 'index': 16989}","  597 |       paymentTerm: null,
  598 |     };
> 599 |     const validation = validateDueDate(true, dueDate);
      |                       ^ Lazy Test
  600 |     expect(validation).toEqual(false);
  601 |     expect(openDialog).toBeCalledWith({
  602 |       type: 'warning',"
/home/gabriel/Disk/Research/research-javascript-test-smells/repositories/manta/app/helpers/__tests__/form.spec.js,Lazy Test,"{'line': 612, 'column': 23, 'index': 17378}","  610 |       selectedDate: null,
  611 |     };
> 612 |     const validation = validateDueDate(false, dueDate);
      |                       ^ Lazy Test
  613 |     expect(validation).toEqual(true);
  614 |   });
  615 |"
/home/gabriel/Disk/Research/research-javascript-test-smells/repositories/manta/app/helpers/__tests__/form.spec.js,Lazy Test,"{'line': 620, 'column': 23, 'index': 17598}","  618 |       selectedDate: faker.date.future(),
  619 |     };
> 620 |     const validation = validateDueDate(true, dueDate);
      |                       ^ Lazy Test
  621 |     expect(validation).toEqual(true);
  622 |   });
  623 | });"
/home/gabriel/Disk/Research/research-javascript-test-smells/repositories/manta/app/helpers/__tests__/form.spec.js,Lazy Test,"{'line': 633, 'column': 23, 'index': 17904}","  631 |       placement: 'before'
  632 |     };
> 633 |     const validation = validateCurrency(true, currency);
      |                       ^ Lazy Test
  634 |     expect(validation).toEqual(false);
  635 |     expect(openDialog).toBeCalledWith({
  636 |       type: 'warning',"
/home/gabriel/Disk/Research/research-javascript-test-smells/repositories/manta/app/helpers/__tests__/form.spec.js,Lazy Test,"{'line': 644, 'column': 23, 'index': 18285}","  642 |   it('should pass when not required', () => {
  643 |     const currency = {};
> 644 |     const validation = validateCurrency(false, currency);
      |                       ^ Lazy Test
  645 |     expect(validation).toEqual(true);
  646 |   });
  647 |"
/home/gabriel/Disk/Research/research-javascript-test-smells/repositories/manta/app/helpers/__tests__/form.spec.js,Lazy Test,"{'line': 655, 'column': 23, 'index': 18562}","  653 |       separator: 'commaDot',
  654 |     };
> 655 |     const validation = validateCurrency(true, currency);
      |                       ^ Lazy Test
  656 |     expect(validation).toEqual(true);
  657 |   });
  658 | });"
/home/gabriel/Disk/Research/research-javascript-test-smells/repositories/manta/app/helpers/__tests__/form.spec.js,Lazy Test,"{'line': 666, 'column': 23, 'index': 18818}","  664 |       amount: 0,
  665 |     };
> 666 |     const validation = validateDiscount(true, discount);
      |                       ^ Lazy Test
  667 |     expect(validation).toEqual(false);
  668 |     expect(openDialog).toBeCalledWith({
  669 |       type: 'warning',"
/home/gabriel/Disk/Research/research-javascript-test-smells/repositories/manta/app/helpers/__tests__/form.spec.js,Lazy Test,"{'line': 677, 'column': 23, 'index': 19181}","  675 |   it('should pass when not required', () => {
  676 |     const discount = {};
> 677 |     const validation = validateDiscount(false, discount);
      |                       ^ Lazy Test
  678 |     expect(validation).toEqual(true);
  679 |   });
  680 |"
/home/gabriel/Disk/Research/research-javascript-test-smells/repositories/manta/app/helpers/__tests__/form.spec.js,Lazy Test,"{'line': 686, 'column': 23, 'index': 19402}","  684 |       amount: 10,
  685 |     };
> 686 |     const validation = validateDiscount(true, discount);
      |                       ^ Lazy Test
  687 |     expect(validation).toEqual(true);
  688 |   });
  689 | });"
/home/gabriel/Disk/Research/research-javascript-test-smells/repositories/manta/app/helpers/__tests__/form.spec.js,Lazy Test,"{'line': 696, 'column': 24, 'index': 19680}","  694 |     const tax2 = { amount: '' };
  695 |     const tax3 = { amount: -1 };
> 696 |     const validation1 = validateTax(true, tax1);
      |                        ^ Lazy Test
  697 |     expect(validation1).toEqual(false);
  698 |     expect(openDialog).toBeCalledWith({
  699 |       type: 'warning',"
/home/gabriel/Disk/Research/research-javascript-test-smells/repositories/manta/app/helpers/__tests__/form.spec.js,Lazy Test,"{'line': 723, 'column': 23, 'index': 20558}","  721 |   it('should pass when not required', () => {
  722 |     const tax = {};
> 723 |     const validation = validateTax(false, tax);
      |                       ^ Lazy Test
  724 |     expect(validation).toEqual(true);
  725 |   });
  726 |"
/home/gabriel/Disk/Research/research-javascript-test-smells/repositories/manta/app/helpers/__tests__/form.spec.js,Lazy Test,"{'line': 731, 'column': 23, 'index': 20739}","  729 |       amount: 10,
  730 |     };
> 731 |     const validation = validateTax(true, tax);
      |                       ^ Lazy Test
  732 |     expect(validation).toEqual(true);
  733 |   });
  734 | });"
/home/gabriel/Disk/Research/research-javascript-test-smells/repositories/manta/app/helpers/__tests__/form.spec.js,Lazy Test,"{'line': 741, 'column': 23, 'index': 20955}","  739 |       content: '',
  740 |     };
> 741 |     const validation = validateNote(true, note);
      |                       ^ Lazy Test
  742 |     expect(validation).toEqual(false);
  743 |     expect(openDialog).toBeCalledWith({
  744 |       type: 'warning',"
/home/gabriel/Disk/Research/research-javascript-test-smells/repositories/manta/app/helpers/__tests__/form.spec.js,Lazy Test,"{'line': 752, 'column': 23, 'index': 21298}","  750 |   it('should pass when not required', () => {
  751 |     const note = {};
> 752 |     const validation = validateNote(false, note);
      |                       ^ Lazy Test
  753 |     expect(validation).toEqual(true);
  754 |   });
  755 |"
/home/gabriel/Disk/Research/research-javascript-test-smells/repositories/manta/app/helpers/__tests__/form.spec.js,Lazy Test,"{'line': 760, 'column': 23, 'index': 21505}","  758 |       content: faker.lorem.paragraph(),
  759 |     };
> 760 |     const validation = validateNote(true, note);
      |                       ^ Lazy Test
  761 |     expect(validation).toEqual(true);
  762 |   });
  763 | });"
/home/gabriel/Disk/Research/research-javascript-test-smells/repositories/manta/app/helpers/__tests__/form.spec.js,Lazy Test,"{'line': 795, 'column': 26, 'index': 22479}","  793 |   it('should return current contact if it exist', () => {
  794 |     const currentContact = allContacts[1];
> 795 |     const editRecipient = setEditRecipient(allContacts, currentContact);
      |                          ^ Lazy Test
  796 |     expect(editRecipient).toEqual({
  797 |       newRecipient: false,
  798 |       select: currentContact,"
/home/gabriel/Disk/Research/research-javascript-test-smells/repositories/manta/app/helpers/__tests__/form.spec.js,Lazy Test,"{'line': 810, 'column': 26, 'index': 22966}","  808 |       phone: faker.phone.phoneNumber(),
  809 |     };
> 810 |     const editRecipient = setEditRecipient(allContacts, currentContact);
      |                          ^ Lazy Test
  811 |     expect(editRecipient).toEqual({
  812 |       newRecipient: true,
  813 |       new: {"
/home/gabriel/Disk/Research/research-javascript-test-smells/repositories/manta/app/helpers/__tests__/form.spec.js,Magic Number,"{'line': 125, 'column': 44, 'index': 3256}","  123 |   it('Should return rows data correctly', () => {
  124 |     const invoiceData = getInvoiceData(formData);
> 125 |     expect(invoiceData.rows.length).toEqual(2);
      |                                            ^ Magic Number
  126 |   });
  127 |
  128 |   it('should return correct recipient data', () => {"
/home/gabriel/Disk/Research/research-javascript-test-smells/repositories/manta/app/containers/__tests__/Invoices.spec.js,Duplicate Assert,"{'line': 76, 'column': 4, 'index': 2009}","  74 |     expect(wrapper.find(PageHeaderTitle)).toHaveLength(1);
  75 |     expect(wrapper.find(PageHeaderActions)).toHaveLength(1);
> 76 |     expect(wrapper.find(PageContent)).toHaveLength(1);
     |    ^ Duplicate Assert
  77 |     expect(wrapper.find(PageContent)).toHaveLength(1);
  78 |   });
  79 |"
/home/gabriel/Disk/Research/research-javascript-test-smells/repositories/manta/app/containers/__tests__/Invoices.spec.js,Duplicate Assert,"{'line': 76, 'column': 4, 'index': 2009}","  74 |     expect(wrapper.find(PageHeaderTitle)).toHaveLength(1);
  75 |     expect(wrapper.find(PageHeaderActions)).toHaveLength(1);
> 76 |     expect(wrapper.find(PageContent)).toHaveLength(1);
     |    ^ Duplicate Assert
  77 |     expect(wrapper.find(PageContent)).toHaveLength(1);
  78 |   });
  79 |"
/home/gabriel/Disk/Research/research-javascript-test-smells/repositories/manta/app/containers/__tests__/Invoices.spec.js,Duplicate Assert,"{'line': 77, 'column': 4, 'index': 2064}","  75 |     expect(wrapper.find(PageHeaderActions)).toHaveLength(1);
  76 |     expect(wrapper.find(PageContent)).toHaveLength(1);
> 77 |     expect(wrapper.find(PageContent)).toHaveLength(1);
     |    ^ Duplicate Assert
  78 |   });
  79 |
  80 |   it('renders filter with four options', () => {"
/home/gabriel/Disk/Research/research-javascript-test-smells/repositories/manta/app/containers/__tests__/Invoices.spec.js,Duplicate Assert,"{'line': 77, 'column': 4, 'index': 2064}","  75 |     expect(wrapper.find(PageHeaderActions)).toHaveLength(1);
  76 |     expect(wrapper.find(PageContent)).toHaveLength(1);
> 77 |     expect(wrapper.find(PageContent)).toHaveLength(1);
     |    ^ Duplicate Assert
  78 |   });
  79 |
  80 |   it('renders filter with four options', () => {"
/home/gabriel/Disk/Research/research-javascript-test-smells/repositories/manta/app/containers/__tests__/Invoices.spec.js,Duplicate Assert,"{'line': 114, 'column': 4, 'index': 3128}","  112 |     expect(spySetFilter).toHaveBeenCalled();
  113 |     const filter = wrapper.state().filter;
> 114 |     expect(filter).toEqual('paid');
      |    ^ Duplicate Assert
  115 |     expect(filter).not.toEqual('pending');
  116 |   });
  117 |"
/home/gabriel/Disk/Research/research-javascript-test-smells/repositories/manta/app/containers/__tests__/Invoices.spec.js,Duplicate Assert,"{'line': 115, 'column': 4, 'index': 3164}","  113 |     const filter = wrapper.state().filter;
  114 |     expect(filter).toEqual('paid');
> 115 |     expect(filter).not.toEqual('pending');
      |    ^ Duplicate Assert
  116 |   });
  117 |
  118 |   it('display only invoices with matched status', () => {"
/home/gabriel/Disk/Research/research-javascript-test-smells/repositories/manta/app/containers/__tests__/Invoices.spec.js,Magic Number,"{'line': 68, 'column': 53, 'index': 1720}","  66 |       <Invoices t={t} invoices={[]} dispatch={dispatch} />
  67 |     );
> 68 |     expect(newWrapper.find('.message')).toHaveLength(1);
     |                                                     ^ Magic Number
  69 |   });
  70 |
  71 |   it('render a correct page layout', () => {"
/home/gabriel/Disk/Research/research-javascript-test-smells/repositories/manta/app/containers/__tests__/Invoices.spec.js,Magic Number,"{'line': 72, 'column': 51, 'index': 1827}","  70 |
  71 |   it('render a correct page layout', () => {
> 72 |     expect(wrapper.find(PageWrapper)).toHaveLength(1);
     |                                                   ^ Magic Number
  73 |     expect(wrapper.find(PageHeader)).toHaveLength(1);
  74 |     expect(wrapper.find(PageHeaderTitle)).toHaveLength(1);
  75 |     expect(wrapper.find(PageHeaderActions)).toHaveLength(1);"
/home/gabriel/Disk/Research/research-javascript-test-smells/repositories/manta/app/containers/__tests__/Invoices.spec.js,Magic Number,"{'line': 73, 'column': 50, 'index': 1881}","  71 |   it('render a correct page layout', () => {
  72 |     expect(wrapper.find(PageWrapper)).toHaveLength(1);
> 73 |     expect(wrapper.find(PageHeader)).toHaveLength(1);
     |                                                  ^ Magic Number
  74 |     expect(wrapper.find(PageHeaderTitle)).toHaveLength(1);
  75 |     expect(wrapper.find(PageHeaderActions)).toHaveLength(1);
  76 |     expect(wrapper.find(PageContent)).toHaveLength(1);"
/home/gabriel/Disk/Research/research-javascript-test-smells/repositories/manta/app/containers/__tests__/Invoices.spec.js,Magic Number,"{'line': 74, 'column': 55, 'index': 1940}","  72 |     expect(wrapper.find(PageWrapper)).toHaveLength(1);
  73 |     expect(wrapper.find(PageHeader)).toHaveLength(1);
> 74 |     expect(wrapper.find(PageHeaderTitle)).toHaveLength(1);
     |                                                       ^ Magic Number
  75 |     expect(wrapper.find(PageHeaderActions)).toHaveLength(1);
  76 |     expect(wrapper.find(PageContent)).toHaveLength(1);
  77 |     expect(wrapper.find(PageContent)).toHaveLength(1);"
/home/gabriel/Disk/Research/research-javascript-test-smells/repositories/manta/app/containers/__tests__/Invoices.spec.js,Magic Number,"{'line': 75, 'column': 57, 'index': 2001}","  73 |     expect(wrapper.find(PageHeader)).toHaveLength(1);
  74 |     expect(wrapper.find(PageHeaderTitle)).toHaveLength(1);
> 75 |     expect(wrapper.find(PageHeaderActions)).toHaveLength(1);
     |                                                         ^ Magic Number
  76 |     expect(wrapper.find(PageContent)).toHaveLength(1);
  77 |     expect(wrapper.find(PageContent)).toHaveLength(1);
  78 |   });"
/home/gabriel/Disk/Research/research-javascript-test-smells/repositories/manta/app/containers/__tests__/Invoices.spec.js,Magic Number,"{'line': 76, 'column': 51, 'index': 2056}","  74 |     expect(wrapper.find(PageHeaderTitle)).toHaveLength(1);
  75 |     expect(wrapper.find(PageHeaderActions)).toHaveLength(1);
> 76 |     expect(wrapper.find(PageContent)).toHaveLength(1);
     |                                                   ^ Magic Number
  77 |     expect(wrapper.find(PageContent)).toHaveLength(1);
  78 |   });
  79 |"
/home/gabriel/Disk/Research/research-javascript-test-smells/repositories/manta/app/containers/__tests__/Invoices.spec.js,Magic Number,"{'line': 77, 'column': 51, 'index': 2111}","  75 |     expect(wrapper.find(PageHeaderActions)).toHaveLength(1);
  76 |     expect(wrapper.find(PageContent)).toHaveLength(1);
> 77 |     expect(wrapper.find(PageContent)).toHaveLength(1);
     |                                                   ^ Magic Number
  78 |   });
  79 |
  80 |   it('renders filter with four options', () => {"
/home/gabriel/Disk/Research/research-javascript-test-smells/repositories/manta/app/containers/__tests__/Invoices.spec.js,Magic Number,"{'line': 82, 'column': 52, 'index': 2290}","  80 |   it('renders filter with four options', () => {
  81 |     const HeaderActions = wrapper.find(PageHeaderActions).first();
> 82 |     expect(HeaderActions.find(Button)).toHaveLength(4);
     |                                                    ^ Magic Number
  83 |   });
  84 |
  85 |   it('matches snapshot', () => {"
/home/gabriel/Disk/Research/research-javascript-test-smells/repositories/manta/app/components/shared/_tests_/SplitButton.spec.js,Magic Number,"{'line': 45, 'column': 43, 'index': 960}","  43 |
  44 |   it('renders links as a element', () => {
> 45 |     expect(wrapper.find('a')).toHaveLength(2);
     |                                           ^ Magic Number
  46 |     expect(wrapper.find('button')).toHaveLength(0);
  47 |   });
  48 |"
/home/gabriel/Disk/Research/research-javascript-test-smells/repositories/manta/app/components/shared/_tests_/SplitButton.spec.js,Magic Number,"{'line': 46, 'column': 48, 'index': 1012}","  44 |   it('renders links as a element', () => {
  45 |     expect(wrapper.find('a')).toHaveLength(2);
> 46 |     expect(wrapper.find('button')).toHaveLength(0);
     |                                                ^ Magic Number
  47 |   });
  48 |
  49 |   it('hide options by default', () => {"
/home/gabriel/Disk/Research/research-javascript-test-smells/repositories/manta/app/components/shared/_tests_/SplitButton.spec.js,Magic Number,"{'line': 51, 'column': 60, 'index': 1179}","  49 |   it('hide options by default', () => {
  50 |     expect(wrapper.state().showOptions).toEqual(false);
> 51 |     expect(wrapper.find('SplitButton__Addon')).toHaveLength(0);
     |                                                            ^ Magic Number
  52 |   });
  53 |
  54 |   it('renders options list correctly', () => {"
/home/gabriel/Disk/Research/research-javascript-test-smells/repositories/manta/app/components/shared/_tests_/SplitButton.spec.js,Magic Number,"{'line': 57, 'column': 60, 'index': 1385}","  55 |     toggleBtn.simulate('click');
  56 |     expect(wrapper.state().showOptions).toEqual(true);
> 57 |     expect(wrapper.find('SplitButton__Addon')).toHaveLength(1);
     |                                                            ^ Magic Number
  58 |     expect(wrapper.find('SplitButton__Addon').children()).toHaveLength(
  59 |       options.length
  60 |     );"
/home/gabriel/Disk/Research/research-javascript-test-smells/repositories/manta/app/components/shared/_tests_/SplitButton.spec.js,Magic Number,"{'line': 117, 'column': 60, 'index': 3173}","  115 |     // The dropdown will be removed
  116 |     expect(wrapper.state().showOptions).toEqual(false);
> 117 |     expect(wrapper.find('SplitButton__Addon')).toHaveLength(0);
      |                                                            ^ Magic Number
  118 |   });
  119 | });
  120 |"
/home/gabriel/Disk/Research/research-javascript-test-smells/repositories/manta/app/components/shared/_tests_/Section.spec.js,Magic Number,"{'line': 11, 'column': 45, 'index': 292}","   9 |   it('renders a DIV element', () => {
  10 |     const section = mount(<Section />);
> 11 |     expect(section.find('div')).toHaveLength(1);
     |                                             ^ Magic Number
  12 |   });
  13 |
  14 |   it('renders its children', () => {"
/home/gabriel/Disk/Research/research-javascript-test-smells/repositories/manta/app/components/shared/_tests_/Section.spec.js,Magic Number,"{'line': 23, 'column': 45, 'index': 550}","  21 |       </Section>
  22 |     );
> 23 |     expect(section.find('div')).toHaveLength(2);
     |                                             ^ Magic Number
  24 |     expect(section.find('h4')).toHaveLength(1);
  25 |     expect(section.find('p')).toHaveLength(1);
  26 |   });"
/home/gabriel/Disk/Research/research-javascript-test-smells/repositories/manta/app/components/shared/_tests_/Section.spec.js,Magic Number,"{'line': 24, 'column': 44, 'index': 598}","  22 |     );
  23 |     expect(section.find('div')).toHaveLength(2);
> 24 |     expect(section.find('h4')).toHaveLength(1);
     |                                            ^ Magic Number
  25 |     expect(section.find('p')).toHaveLength(1);
  26 |   });
  27 | });"
/home/gabriel/Disk/Research/research-javascript-test-smells/repositories/manta/app/components/shared/_tests_/Section.spec.js,Magic Number,"{'line': 25, 'column': 43, 'index': 645}","  23 |     expect(section.find('div')).toHaveLength(2);
  24 |     expect(section.find('h4')).toHaveLength(1);
> 25 |     expect(section.find('p')).toHaveLength(1);
     |                                           ^ Magic Number
  26 |   });
  27 | });
  28 |"
/home/gabriel/Disk/Research/research-javascript-test-smells/repositories/manta/app/components/shared/_tests_/Message.spec.js,Magic Number,"{'line': 20, 'column': 45, 'index': 588}","  18 |   it('renders a DIV element', () => {
  19 |     const message = mount(<Message text=""foo"" />);
> 20 |     expect(message.find('div')).toHaveLength(1);
     |                                             ^ Magic Number
  21 |   });
  22 | });
  23 |"
/home/gabriel/Disk/Research/research-javascript-test-smells/repositories/manta/app/components/shared/_tests_/Layout.spec.js,Magic Number,"{'line': 19, 'column': 59, 'index': 398}","  17 | describe('Renders correctly to the DOM', () => {
  18 |   it('AppWrapper renders a DIV element', () => {
> 19 |     expect(mount(<AppWrapper />).find('div')).toHaveLength(1);
     |                                                           ^ Magic Number
  20 |   });
  21 |   it('AppMainContent renders a DIV element', () => {
  22 |     expect(mount(<AppMainContent />).find('div')).toHaveLength(1);"
/home/gabriel/Disk/Research/research-javascript-test-smells/repositories/manta/app/components/shared/_tests_/Layout.spec.js,Magic Number,"{'line': 22, 'column': 63, 'index': 524}","  20 |   });
  21 |   it('AppMainContent renders a DIV element', () => {
> 22 |     expect(mount(<AppMainContent />).find('div')).toHaveLength(1);
     |                                                               ^ Magic Number
  23 |   });
  24 |   it('PageWrapper renders a DIV element', () => {
  25 |     expect(mount(<PageWrapper />).find('div')).toHaveLength(1);"
/home/gabriel/Disk/Research/research-javascript-test-smells/repositories/manta/app/components/shared/_tests_/Layout.spec.js,Magic Number,"{'line': 25, 'column': 60, 'index': 644}","  23 |   });
  24 |   it('PageWrapper renders a DIV element', () => {
> 25 |     expect(mount(<PageWrapper />).find('div')).toHaveLength(1);
     |                                                            ^ Magic Number
  26 |   });
  27 |   it('PageHeader renders a DIV element', () => {
  28 |     expect(mount(<PageHeader />).find('div')).toHaveLength(1);"
/home/gabriel/Disk/Research/research-javascript-test-smells/repositories/manta/app/components/shared/_tests_/Layout.spec.js,Magic Number,"{'line': 28, 'column': 59, 'index': 762}","  26 |   });
  27 |   it('PageHeader renders a DIV element', () => {
> 28 |     expect(mount(<PageHeader />).find('div')).toHaveLength(1);
     |                                                           ^ Magic Number
  29 |   });
  30 |   it('PageHeaderTitle renders a DIV element', () => {
  31 |     expect(mount(<PageHeaderTitle />).find('p')).toHaveLength(1);"
/home/gabriel/Disk/Research/research-javascript-test-smells/repositories/manta/app/components/shared/_tests_/Layout.spec.js,Magic Number,"{'line': 31, 'column': 62, 'index': 888}","  29 |   });
  30 |   it('PageHeaderTitle renders a DIV element', () => {
> 31 |     expect(mount(<PageHeaderTitle />).find('p')).toHaveLength(1);
     |                                                              ^ Magic Number
  32 |   });
  33 |   it('PageHeaderActions renders a DIV element', () => {
  34 |     expect(mount(<PageHeaderActions />).find('div')).toHaveLength(1);"
/home/gabriel/Disk/Research/research-javascript-test-smells/repositories/manta/app/components/shared/_tests_/Layout.spec.js,Magic Number,"{'line': 34, 'column': 66, 'index': 1020}","  32 |   });
  33 |   it('PageHeaderActions renders a DIV element', () => {
> 34 |     expect(mount(<PageHeaderActions />).find('div')).toHaveLength(1);
     |                                                                  ^ Magic Number
  35 |   });
  36 |   it('PageContent renders a DIV element', () => {
  37 |     expect(mount(<PageContent />).find('div')).toHaveLength(1);"
/home/gabriel/Disk/Research/research-javascript-test-smells/repositories/manta/app/components/shared/_tests_/Layout.spec.js,Magic Number,"{'line': 37, 'column': 60, 'index': 1140}","  35 |   });
  36 |   it('PageContent renders a DIV element', () => {
> 37 |     expect(mount(<PageContent />).find('div')).toHaveLength(1);
     |                                                            ^ Magic Number
  38 |   });
  39 |   it('PageFooter renders a DIV element', () => {
  40 |     expect(mount(<PageFooter />).find('div')).toHaveLength(1);"
/home/gabriel/Disk/Research/research-javascript-test-smells/repositories/manta/app/components/shared/_tests_/Layout.spec.js,Magic Number,"{'line': 40, 'column': 59, 'index': 1258}","  38 |   });
  39 |   it('PageFooter renders a DIV element', () => {
> 40 |     expect(mount(<PageFooter />).find('div')).toHaveLength(1);
     |                                                           ^ Magic Number
  41 |   });
  42 | });
  43 |"
/home/gabriel/Disk/Research/research-javascript-test-smells/repositories/manta/app/components/shared/_tests_/Layout.spec.js,Magic Number,"{'line': 51, 'column': 48, 'index': 1526}","  49 |       </AppWrapper>
  50 |     );
> 51 |     expect(appWrapper.find('div')).toHaveLength(2);
     |                                                ^ Magic Number
  52 |     expect(appWrapper.text()).toEqual('Hello, World');
  53 |   });
  54 |"
/home/gabriel/Disk/Research/research-javascript-test-smells/repositories/manta/app/components/shared/_tests_/Layout.spec.js,Magic Number,"{'line': 61, 'column': 52, 'index': 1816}","  59 |       </AppMainContent>
  60 |     );
> 61 |     expect(appMainContent.find('div')).toHaveLength(2);
     |                                                    ^ Magic Number
  62 |     expect(appMainContent.text()).toEqual('Hello, World');
  63 |   });
  64 |"
/home/gabriel/Disk/Research/research-javascript-test-smells/repositories/manta/app/components/shared/_tests_/Layout.spec.js,Magic Number,"{'line': 71, 'column': 49, 'index': 2095}","  69 |       </PageWrapper>
  70 |     );
> 71 |     expect(pageWrapper.find('div')).toHaveLength(2);
     |                                                 ^ Magic Number
  72 |     expect(pageWrapper.text()).toEqual('Hello, World');
  73 |   });
  74 |"
/home/gabriel/Disk/Research/research-javascript-test-smells/repositories/manta/app/components/shared/_tests_/Layout.spec.js,Magic Number,"{'line': 81, 'column': 48, 'index': 2366}","  79 |       </PageHeader>
  80 |     );
> 81 |     expect(pageHeader.find('div')).toHaveLength(2);
     |                                                ^ Magic Number
  82 |     expect(pageHeader.text()).toEqual('Hello, World');
  83 |   });
  84 |"
/home/gabriel/Disk/Research/research-javascript-test-smells/repositories/manta/app/components/shared/_tests_/Layout.spec.js,Magic Number,"{'line': 91, 'column': 51, 'index': 2662}","  89 |       </PageHeaderTitle>
  90 |     );
> 91 |     expect(pageHeaderTitle.find('p')).toHaveLength(1);
     |                                                   ^ Magic Number
  92 |     expect(pageHeaderTitle.find('span')).toHaveLength(1);
  93 |     expect(pageHeaderTitle.text()).toEqual('Hello, World');
  94 |   });"
/home/gabriel/Disk/Research/research-javascript-test-smells/repositories/manta/app/components/shared/_tests_/Layout.spec.js,Magic Number,"{'line': 92, 'column': 54, 'index': 2720}","  90 |     );
  91 |     expect(pageHeaderTitle.find('p')).toHaveLength(1);
> 92 |     expect(pageHeaderTitle.find('span')).toHaveLength(1);
     |                                                      ^ Magic Number
  93 |     expect(pageHeaderTitle.text()).toEqual('Hello, World');
  94 |   });
  95 |"
/home/gabriel/Disk/Research/research-javascript-test-smells/repositories/manta/app/components/shared/_tests_/Layout.spec.js,Magic Number,"{'line': 102, 'column': 55, 'index': 3030}","  100 |       </PageHeaderActions>
  101 |     );
> 102 |     expect(pageHeaderActions.find('div')).toHaveLength(2);
      |                                                       ^ Magic Number
  103 |     expect(pageHeaderActions.text()).toEqual('Hello, World');
  104 |   });
  105 |"
/home/gabriel/Disk/Research/research-javascript-test-smells/repositories/manta/app/components/shared/_tests_/Layout.spec.js,Magic Number,"{'line': 112, 'column': 49, 'index': 3312}","  110 |       </PageContent>
  111 |     );
> 112 |     expect(pageContent.find('div')).toHaveLength(2);
      |                                                 ^ Magic Number
  113 |     expect(pageContent.text()).toEqual('Hello, World');
  114 |   });
  115 |"
/home/gabriel/Disk/Research/research-javascript-test-smells/repositories/manta/app/components/shared/_tests_/Layout.spec.js,Magic Number,"{'line': 122, 'column': 48, 'index': 3583}","  120 |       </PageFooter>
  121 |     );
> 122 |     expect(pageFooter.find('div')).toHaveLength(2);
      |                                                ^ Magic Number
  123 |     expect(pageFooter.text()).toEqual('Hello, World');
  124 |   });
  125 | });"
/home/gabriel/Disk/Research/research-javascript-test-smells/repositories/manta/app/components/shared/_tests_/Button.spec.js,Magic Number,"{'line': 11, 'column': 42, 'index': 285}","   9 |   it('renders a Link(a) element', () => {
  10 |     const button = mount(<Button />);
> 11 |     expect(button.find('a')).toHaveLength(0);
     |                                          ^ Magic Number
  12 |     expect(button.find('button')).toHaveLength(1);
  13 |   });
  14 |   it('renders its children element', () => {"
/home/gabriel/Disk/Research/research-javascript-test-smells/repositories/manta/app/components/shared/_tests_/Button.spec.js,Magic Number,"{'line': 12, 'column': 47, 'index': 336}","  10 |     const button = mount(<Button />);
  11 |     expect(button.find('a')).toHaveLength(0);
> 12 |     expect(button.find('button')).toHaveLength(1);
     |                                               ^ Magic Number
  13 |   });
  14 |   it('renders its children element', () => {
  15 |     const button = mount(<Button>A Button</Button>);"
/home/gabriel/Disk/Research/research-javascript-test-smells/repositories/manta/app/components/layout/__tests__/AppNav.spec.js,Empty Test,"{'line': 21, 'column': 2, 'index': 454}","  19 |   });
  20 |
> 21 |   it('has correct porps', () => {
     |  ^ Empty Test
  22 |     // expect(wrapper.prop('activeTab')).toEqual('form');
  23 |     // expect(wrapper.prop('activeTab')).not.toEqual('settings');
  24 |   });"
/home/gabriel/Disk/Research/research-javascript-test-smells/repositories/manta/app/components/layout/__tests__/AppNav.spec.js,Empty Test,"{'line': 26, 'column': 2, 'index': 619}","  24 |   });
  25 |
> 26 |   it('contains active indicator', () => {
     |  ^ Empty Test
  27 |   //   const sideBar = shallow(<ActiveIndicator/>);
  28 |   //   expect(wrapper.contains(sideBar)).toEqual(true);
  29 |   });"
/home/gabriel/Disk/Research/research-javascript-test-smells/repositories/manta/app/components/layout/__tests__/AppNav.spec.js,Magic Number,"{'line': 18, 'column': 43, 'index': 441}","  16 |
  17 |   it('renders 4 tabs', () => {
> 18 |     expect(wrapper.find('a')).toHaveLength(4);
     |                                           ^ Magic Number
  19 |   });
  20 |
  21 |   it('has correct porps', () => {"
/home/gabriel/Disk/Research/research-javascript-test-smells/repositories/manta/app/components/invoices/__tests__/Invoice.spec.js,Conditional Test Logic,"{'line': 44, 'column': 2, 'index': 1057}","  42 |
  43 | const t = jest.fn(status => {
> 44 |   switch (status) {
     |  ^ Conditional Test Logic
  45 |     case 'invoices:status:cancelled': {
  46 |       return 'Cancelled';
  47 |     }"
/home/gabriel/Disk/Research/research-javascript-test-smells/repositories/manta/app/components/invoices/__tests__/Invoice.spec.js,Duplicate Assert,"{'line': 97, 'column': 4, 'index': 2413}","   95 |
   96 |   it('render with a class of .col-lg-6', () => {
>  97 |     expect(wrapper.find('.col-lg-6')).toHaveLength(1);
      |    ^ Duplicate Assert
   98 |     expect(wrapper.find('.col-lg-6')).not.toHaveLength(2);
   99 |   });
  100 |"
/home/gabriel/Disk/Research/research-javascript-test-smells/repositories/manta/app/components/invoices/__tests__/Invoice.spec.js,Duplicate Assert,"{'line': 98, 'column': 4, 'index': 2468}","   96 |   it('render with a class of .col-lg-6', () => {
   97 |     expect(wrapper.find('.col-lg-6')).toHaveLength(1);
>  98 |     expect(wrapper.find('.col-lg-6')).not.toHaveLength(2);
      |    ^ Duplicate Assert
   99 |   });
  100 |
  101 |   it('render invoice status in the header', () => {"
/home/gabriel/Disk/Research/research-javascript-test-smells/repositories/manta/app/components/invoices/__tests__/Invoice.spec.js,Duplicate Assert,"{'line': 256, 'column': 4, 'index': 6832}","  254 |   it('handle edit action correctly', () => {
  255 |     editBtn.simulate('click');
> 256 |     expect(editInvoice).toHaveBeenCalled();
      |    ^ Duplicate Assert
  257 |     expect(editInvoice).toHaveBeenCalledWith(invoice);
  258 |   });
  259 |"
/home/gabriel/Disk/Research/research-javascript-test-smells/repositories/manta/app/components/invoices/__tests__/Invoice.spec.js,Duplicate Assert,"{'line': 257, 'column': 4, 'index': 6876}","  255 |     editBtn.simulate('click');
  256 |     expect(editInvoice).toHaveBeenCalled();
> 257 |     expect(editInvoice).toHaveBeenCalledWith(invoice);
      |    ^ Duplicate Assert
  258 |   });
  259 |
  260 |   it('handle delete action correctly', () => {"
/home/gabriel/Disk/Research/research-javascript-test-smells/repositories/manta/app/components/invoices/__tests__/Invoice.spec.js,Duplicate Assert,"{'line': 262, 'column': 4, 'index': 7018}","  260 |   it('handle delete action correctly', () => {
  261 |     deleteBtn.simulate('click');
> 262 |     expect(deleteInvoice).toHaveBeenCalled();
      |    ^ Duplicate Assert
  263 |     expect(deleteInvoice).toHaveBeenCalledWith(invoice._id);
  264 |   });
  265 |"
/home/gabriel/Disk/Research/research-javascript-test-smells/repositories/manta/app/components/invoices/__tests__/Invoice.spec.js,Duplicate Assert,"{'line': 263, 'column': 4, 'index': 7064}","  261 |     deleteBtn.simulate('click');
  262 |     expect(deleteInvoice).toHaveBeenCalled();
> 263 |     expect(deleteInvoice).toHaveBeenCalledWith(invoice._id);
      |    ^ Duplicate Assert
  264 |   });
  265 |
  266 |   it('handle duplicate action correctly', () => {"
/home/gabriel/Disk/Research/research-javascript-test-smells/repositories/manta/app/components/invoices/__tests__/Invoice.spec.js,Duplicate Assert,"{'line': 268, 'column': 4, 'index': 7218}","  266 |   it('handle duplicate action correctly', () => {
  267 |     duplicateBtn.simulate('click');
> 268 |     expect(duplicateInvoice).toHaveBeenCalled();
      |    ^ Duplicate Assert
  269 |     expect(duplicateInvoice).toHaveBeenCalledWith(invoice);
  270 |   });
  271 |"
/home/gabriel/Disk/Research/research-javascript-test-smells/repositories/manta/app/components/invoices/__tests__/Invoice.spec.js,Duplicate Assert,"{'line': 269, 'column': 4, 'index': 7267}","  267 |     duplicateBtn.simulate('click');
  268 |     expect(duplicateInvoice).toHaveBeenCalled();
> 269 |     expect(duplicateInvoice).toHaveBeenCalledWith(invoice);
      |    ^ Duplicate Assert
  270 |   });
  271 |
  272 |   it('handle view action correctly', () => {"
/home/gabriel/Disk/Research/research-javascript-test-smells/repositories/manta/app/components/invoices/__tests__/Invoice.spec.js,Magic Number,"{'line': 97, 'column': 51, 'index': 2460}","   95 |
   96 |   it('render with a class of .col-lg-6', () => {
>  97 |     expect(wrapper.find('.col-lg-6')).toHaveLength(1);
      |                                                   ^ Magic Number
   98 |     expect(wrapper.find('.col-lg-6')).not.toHaveLength(2);
   99 |   });
  100 |"
/home/gabriel/Disk/Research/research-javascript-test-smells/repositories/manta/app/components/invoices/__tests__/Invoice.spec.js,Magic Number,"{'line': 98, 'column': 55, 'index': 2519}","   96 |   it('render with a class of .col-lg-6', () => {
   97 |     expect(wrapper.find('.col-lg-6')).toHaveLength(1);
>  98 |     expect(wrapper.find('.col-lg-6')).not.toHaveLength(2);
      |                                                       ^ Magic Number
   99 |   });
  100 |
  101 |   it('render invoice status in the header', () => {"
/home/gabriel/Disk/Research/research-javascript-test-smells/repositories/manta/app/components/invoices/__tests__/Invoice.spec.js,Magic Number,"{'line': 104, 'column': 19, 'index': 2675}","  102 |     expect(
  103 |       wrapper.find('Invoice__Header').find('Invoice__Status')
> 104 |     ).toHaveLength(1);
      |                   ^ Magic Number
  105 |   });
  106 |
  107 |   it('render invoice status correctly', () => {"
/home/gabriel/Disk/Research/research-javascript-test-smells/repositories/manta/app/components/invoices/__tests__/Invoice.spec.js,Magic Number,"{'line': 190, 'column': 70, 'index': 5029}","  188 |
  189 |   it('render delete and duplicate button in the header', () => {
> 190 |     expect(wrapper.find('Invoice__Header').find(Button)).toHaveLength(2);
      |                                                                      ^ Magic Number
  191 |   });
  192 |
  193 |   it('render a split button and 2 buttons in the footer', () => {"
/home/gabriel/Disk/Research/research-javascript-test-smells/repositories/manta/app/components/invoices/__tests__/Invoice.spec.js,Magic Number,"{'line': 194, 'column': 75, 'index': 5181}","  192 |
  193 |   it('render a split button and 2 buttons in the footer', () => {
> 194 |     expect(wrapper.find('Invoice__Footer').find(SplitButton)).toHaveLength(1);
      |                                                                           ^ Magic Number
  195 |     expect(wrapper.find('Invoice__Footer').find(Button)).toHaveLength(2);
  196 |   });
  197 |"
/home/gabriel/Disk/Research/research-javascript-test-smells/repositories/manta/app/components/invoices/__tests__/Invoice.spec.js,Magic Number,"{'line': 195, 'column': 70, 'index': 5255}","  193 |   it('render a split button and 2 buttons in the footer', () => {
  194 |     expect(wrapper.find('Invoice__Footer').find(SplitButton)).toHaveLength(1);
> 195 |     expect(wrapper.find('Invoice__Footer').find(Button)).toHaveLength(2);
      |                                                                      ^ Magic Number
  196 |   });
  197 |
  198 |   it('matches snapshot', () => {"
/home/gabriel/Disk/Research/research-javascript-test-smells/repositories/manta/app/components/contacts/__tests__/Contact.spec.js,Duplicate Assert,"{'line': 34, 'column': 4, 'index': 722}","  32 |
  33 |   it('renders 1 TR row', () => {
> 34 |     expect(wrapper.find(TR)).toHaveLength(1);
     |    ^ Duplicate Assert
  35 |     expect(wrapper.find(TR)).not.toHaveLength(2);
  36 |   });
  37 |"
/home/gabriel/Disk/Research/research-javascript-test-smells/repositories/manta/app/components/contacts/__tests__/Contact.spec.js,Duplicate Assert,"{'line': 35, 'column': 4, 'index': 768}","  33 |   it('renders 1 TR row', () => {
  34 |     expect(wrapper.find(TR)).toHaveLength(1);
> 35 |     expect(wrapper.find(TR)).not.toHaveLength(2);
     |    ^ Duplicate Assert
  36 |   });
  37 |
  38 |   it('renders 4 TD columns', () => {"
/home/gabriel/Disk/Research/research-javascript-test-smells/repositories/manta/app/components/contacts/__tests__/Contact.spec.js,Duplicate Assert,"{'line': 39, 'column': 4, 'index': 862}","  37 |
  38 |   it('renders 4 TD columns', () => {
> 39 |     expect(wrapper.find(TD)).toHaveLength(4);
     |    ^ Duplicate Assert
  40 |     expect(wrapper.find(TD)).not.toHaveLength(5);
  41 |   });
  42 |"
/home/gabriel/Disk/Research/research-javascript-test-smells/repositories/manta/app/components/contacts/__tests__/Contact.spec.js,Duplicate Assert,"{'line': 40, 'column': 4, 'index': 908}","  38 |   it('renders 4 TD columns', () => {
  39 |     expect(wrapper.find(TD)).toHaveLength(4);
> 40 |     expect(wrapper.find(TD)).not.toHaveLength(5);
     |    ^ Duplicate Assert
  41 |   });
  42 |
  43 |   it('receive correct props', () => {"
/home/gabriel/Disk/Research/research-javascript-test-smells/repositories/manta/app/components/contacts/__tests__/Contact.spec.js,Duplicate Assert,"{'line': 57, 'column': 4, 'index': 1413}","  55 |
  56 |   it('renders 2 buttons in the last TD', () => {
> 57 |     expect(
     |    ^ Duplicate Assert
  58 |       wrapper
  59 |         .find(TD)
  60 |         .last()"
/home/gabriel/Disk/Research/research-javascript-test-smells/repositories/manta/app/components/contacts/__tests__/Contact.spec.js,Duplicate Assert,"{'line': 63, 'column': 4, 'index': 1518}","  61 |         .find(Button)
  62 |     ).toHaveLength(2);
> 63 |     expect(
     |    ^ Duplicate Assert
  64 |       wrapper
  65 |         .find(TD)
  66 |         .last()"
/home/gabriel/Disk/Research/research-javascript-test-smells/repositories/manta/app/components/contacts/__tests__/Contact.spec.js,Duplicate Assert,"{'line': 89, 'column': 6, 'index': 2270}","  87 |     it('handle click correctly', () => {
  88 |       firstBtn.simulate('click');
> 89 |       expect(newInvoice).toHaveBeenCalled();
     |      ^ Duplicate Assert
  90 |       expect(newInvoice).toHaveBeenCalledWith(contact);
  91 |
  92 |       lastBtn.simulate('click');"
/home/gabriel/Disk/Research/research-javascript-test-smells/repositories/manta/app/components/contacts/__tests__/Contact.spec.js,Duplicate Assert,"{'line': 90, 'column': 6, 'index': 2315}","  88 |       firstBtn.simulate('click');
  89 |       expect(newInvoice).toHaveBeenCalled();
> 90 |       expect(newInvoice).toHaveBeenCalledWith(contact);
     |      ^ Duplicate Assert
  91 |
  92 |       lastBtn.simulate('click');
  93 |       expect(deleteContact).toHaveBeenCalled();"
/home/gabriel/Disk/Research/research-javascript-test-smells/repositories/manta/app/components/contacts/__tests__/Contact.spec.js,Duplicate Assert,"{'line': 93, 'column': 6, 'index': 2405}","  91 |
  92 |       lastBtn.simulate('click');
> 93 |       expect(deleteContact).toHaveBeenCalled();
     |      ^ Duplicate Assert
  94 |       expect(deleteContact).toHaveBeenCalledWith('id-string');
  95 |     });
  96 |   });"
/home/gabriel/Disk/Research/research-javascript-test-smells/repositories/manta/app/components/contacts/__tests__/Contact.spec.js,Duplicate Assert,"{'line': 94, 'column': 6, 'index': 2453}","  92 |       lastBtn.simulate('click');
  93 |       expect(deleteContact).toHaveBeenCalled();
> 94 |       expect(deleteContact).toHaveBeenCalledWith('id-string');
     |      ^ Duplicate Assert
  95 |     });
  96 |   });
  97 |"
/home/gabriel/Disk/Research/research-javascript-test-smells/repositories/manta/app/components/contacts/__tests__/Contact.spec.js,Magic Number,"{'line': 34, 'column': 42, 'index': 760}","  32 |
  33 |   it('renders 1 TR row', () => {
> 34 |     expect(wrapper.find(TR)).toHaveLength(1);
     |                                          ^ Magic Number
  35 |     expect(wrapper.find(TR)).not.toHaveLength(2);
  36 |   });
  37 |"
/home/gabriel/Disk/Research/research-javascript-test-smells/repositories/manta/app/components/contacts/__tests__/Contact.spec.js,Magic Number,"{'line': 35, 'column': 46, 'index': 810}","  33 |   it('renders 1 TR row', () => {
  34 |     expect(wrapper.find(TR)).toHaveLength(1);
> 35 |     expect(wrapper.find(TR)).not.toHaveLength(2);
     |                                              ^ Magic Number
  36 |   });
  37 |
  38 |   it('renders 4 TD columns', () => {"
/home/gabriel/Disk/Research/research-javascript-test-smells/repositories/manta/app/components/contacts/__tests__/Contact.spec.js,Magic Number,"{'line': 39, 'column': 42, 'index': 900}","  37 |
  38 |   it('renders 4 TD columns', () => {
> 39 |     expect(wrapper.find(TD)).toHaveLength(4);
     |                                          ^ Magic Number
  40 |     expect(wrapper.find(TD)).not.toHaveLength(5);
  41 |   });
  42 |"
/home/gabriel/Disk/Research/research-javascript-test-smells/repositories/manta/app/components/contacts/__tests__/Contact.spec.js,Magic Number,"{'line': 40, 'column': 46, 'index': 950}","  38 |   it('renders 4 TD columns', () => {
  39 |     expect(wrapper.find(TD)).toHaveLength(4);
> 40 |     expect(wrapper.find(TD)).not.toHaveLength(5);
     |                                              ^ Magic Number
  41 |   });
  42 |
  43 |   it('receive correct props', () => {"
/home/gabriel/Disk/Research/research-javascript-test-smells/repositories/manta/app/components/contacts/__tests__/Contact.spec.js,Magic Number,"{'line': 62, 'column': 19, 'index': 1510}","  60 |         .last()
  61 |         .find(Button)
> 62 |     ).toHaveLength(2);
     |                   ^ Magic Number
  63 |     expect(
  64 |       wrapper
  65 |         .find(TD)"
/home/gabriel/Disk/Research/research-javascript-test-smells/repositories/manta/app/components/contacts/__tests__/Contact.spec.js,Magic Number,"{'line': 68, 'column': 23, 'index': 1619}","  66 |         .last()
  67 |         .find(Button)
> 68 |     ).not.toHaveLength(3);
     |                       ^ Magic Number
  69 |   });
  70 |
  71 |   describe('renders buttons correctly', () => {"
