Id,Tool Detection,Repository,File,Type,Lines,Method Lines,Prompt,Original Method,SLOC_Logical_before,Cyclomatic_before,CyclomaticDensity_before,Halstead_Effort_before,Halstead_Bugs_before,Maintainability_before,Refactored Method,Prompt + method,SLOC_Logical_after,Cyclomatic_after,CyclomaticDensity_after,Halstead_Effort_after,Halstead_Bugs_after,Maintainability_after,Refactored,Removed smell,Added new smell,Test results changed,Falha no Teste,Coverage changed,Test before,Coverage before,Test after,Coverage after,Smell added,Observation
1,snutsjs,verlok/vanilla-lazyload,/tests/unit/cancelOnExit.test.js,SubOptimalAssert,"{""startLine"":91,""endLine"":91}",start: 87 end: 92,"Context: I'm refactoring test smells from a test file to improve code quality.
Issue Details:
- Test Smell Category: SubOptimalAssert
- Smell Location:  Line Range:  startLine : 91, endLine : 91
- Description:  Occurs when the assertions used in tests are not ideal for verifying the specific condition being tested. Using more specific and expressive assertions can improve test clarity and make results more useful

Request:
Refactor the affected code to eliminate the SubOptimalAssert. Ensure the test remains correct, readable, and maintainable.","test(""Resets internal status"", () => {
 img.setAttribute(""src"", url200);
 setSources(img, settings, instance);
 cancelLoading(img, entry, settings, instance);
 expect(getStatus(img)).toBe(null);
 });",6,1,16.66666667,152,0.007745047645,100,"test(""Resets internal status"", () => {
  img.setAttribute(""src"", url200);
  setSources(img, settings, instance);
  cancelLoading(img, entry, settings, instance);
  expect(getStatus(img)).toBeNull();
});","Context: I'm refactoring test smells from a test file to improve code quality.
Issue Details:
- Test Smell Category: SubOptimalAssert
- Smell Location:  Line Range:  startLine : 91, endLine : 91
- Description:  Occurs when the assertions used in tests are not ideal for verifying the specific condition being tested. Using more specific and expressive assertions can improve test clarity and make results more useful
test(""Resets internal status"", () => {
 img.setAttribute(""src"", url200);
 setSources(img, settings, instance);
 cancelLoading(img, entry, settings, instance);
 expect(getStatus(img)).toBe(null);
 });
Request:
Refactor the affected code to eliminate the SubOptimalAssert. Ensure the test remains correct, readable, and maintainable.",6,1,16.66666667,,,,FALSE,FALSE,FALSE,FALSE,FALSE,FALSE,,,,,,
2,steel,verlok/vanilla-lazyload,/tests/unit/cancelOnExit.test.js,Duplicate Assert,"{'line': 68, 'column': 4, 'index': 1968}",start: 61 end: 71,"Context: I'm refactoring test smells from a test file to improve code quality.
Issue Details:
- Test Smell Category: Duplicate Assert
- Smell Location:  Line : 69, column: 4, index: 1968
- Description:  This issue occurs when a test method verifies the same condition more than once within its scope, making the test harder to read and maintain. Identical assertions within the same method do not explicitly convey the purpose of the test method.

Request:
Refactor the affected code to eliminate the Duplicate Assert. Ensure the test remains correct, readable, and maintainable.","test(""Restores original attributes"", () => {
 img.setAttribute(""src"", url1);
 img.setAttribute(""data-src"", url100);
 img.setAttribute(""data-srcset"", url200);
 img.setAttribute(""data-sizes"", sizes100);
 setSources(img, settings, instance);
 cancelLoading(img, entry, settings, instance);
 expect(img).toHaveAttribute(""src"", url1);
 expect(img).not.toHaveAttribute(""srcset"");
 expect(img).not.toHaveAttribute(""sizes"");
 });",11,1,9.090909091,560.1990546,0.01471937105,100,"  test(""Restores original attributes"", () => {
    // Setup initial attributes
    img.setAttribute(""src"", url1);
    img.setAttribute(""data-src"", url100);
    img.setAttribute(""data-srcset"", url200);
    img.setAttribute(""data-sizes"", sizes100);
    
    // Perform the actions
    setSources(img, settings, instance);
    cancelLoading(img, entry, settings, instance);
    
    // Assert the final state in a single, grouped expectation
    expect(img).toEqual(expect.objectContaining({
      src: url1,
      srcset: undefined,
      sizes: undefined
    }));
  });","Context: I'm refactoring test smells from a test file to improve code quality.
Issue Details:
- Test Smell Category: Duplicate Assert
- Smell Location:  Line : 69, column: 4, index: 1968
- Description:  This issue occurs when a test method verifies the same condition more than once within its scope, making the test harder to read and maintain. Identical assertions within the same method do not explicitly convey the purpose of the test method.
test(""Restores original attributes"", () => {
 img.setAttribute(""src"", url1);
 img.setAttribute(""data-src"", url100);
 img.setAttribute(""data-srcset"", url200);
 img.setAttribute(""data-sizes"", sizes100);
 setSources(img, settings, instance);
 cancelLoading(img, entry, settings, instance);
 expect(img).toHaveAttribute(""src"", url1);
 expect(img).not.toHaveAttribute(""srcset"");
 expect(img).not.toHaveAttribute(""sizes"");
 });
Request:
Refactor the affected code to eliminate the Duplicate Assert. Ensure the test remains correct, readable, and maintainable.",12,1,8.333333333,,,,FALSE,FALSE,FALSE,FALSE,FALSE,FALSE,,,,,,
3,steel,verlok/vanilla-lazyload,/tests/unit/cancelOnExit.test.js,Duplicate Assert,"{'line': 69, 'column': 4, 'index': 2014}",start: 61 end: 71,"Context: I'm refactoring test smells from a test file to improve code quality.
Issue Details:
- Test Smell Category: Duplicate Assert
- Smell Location:  Line : 70, column: 4, index: 2014
- Description:  This issue occurs when a test method verifies the same condition more than once within its scope, making the test harder to read and maintain. Identical assertions within the same method do not explicitly convey the purpose of the test method.

Request:
Refactor the affected code to eliminate the Duplicate Assert. Ensure the test remains correct, readable, and maintainable.","test(""Restores original attributes"", () => {
 img.setAttribute(""src"", url1);
 img.setAttribute(""data-src"", url100);
 img.setAttribute(""data-srcset"", url200);
 img.setAttribute(""data-sizes"", sizes100);
 setSources(img, settings, instance);
 cancelLoading(img, entry, settings, instance);
 expect(img).toHaveAttribute(""src"", url1);
 expect(img).not.toHaveAttribute(""srcset"");
 expect(img).not.toHaveAttribute(""sizes"");
 });",11,1,9.090909091,560.1990546,0.01471937105,100,"  test(""Restores original attributes"", () => {
    // Setup initial attributes
    img.setAttribute(""src"", url1);
    img.setAttribute(""data-src"", url100);
    img.setAttribute(""data-srcset"", url200);
    img.setAttribute(""data-sizes"", sizes100);
    
    // Perform the actions
    setSources(img, settings, instance);
    cancelLoading(img, entry, settings, instance);
    
    // Assert the final state in a single, grouped expectation
    expect(img).toEqual(expect.objectContaining({
      src: url1,
      srcset: undefined,
      sizes: undefined
    }));
  });","Context: I'm refactoring test smells from a test file to improve code quality.
Issue Details:
- Test Smell Category: Duplicate Assert
- Smell Location:  Line : 70, column: 4, index: 2014
- Description:  This issue occurs when a test method verifies the same condition more than once within its scope, making the test harder to read and maintain. Identical assertions within the same method do not explicitly convey the purpose of the test method.
test(""Restores original attributes"", () => {
 img.setAttribute(""src"", url1);
 img.setAttribute(""data-src"", url100);
 img.setAttribute(""data-srcset"", url200);
 img.setAttribute(""data-sizes"", sizes100);
 setSources(img, settings, instance);
 cancelLoading(img, entry, settings, instance);
 expect(img).toHaveAttribute(""src"", url1);
 expect(img).not.toHaveAttribute(""srcset"");
 expect(img).not.toHaveAttribute(""sizes"");
 });
Request:
Refactor the affected code to eliminate the Duplicate Assert. Ensure the test remains correct, readable, and maintainable.",12,1,8.333333333,,,,FALSE,FALSE,FALSE,FALSE,FALSE,FALSE,,,,,,
4,steel,verlok/vanilla-lazyload,/tests/unit/cancelOnExit.test.js,Duplicate Assert,"{'line': 70, 'column': 4, 'index': 2061}",start: 61 end: 71,"Context: I'm refactoring test smells from a test file to improve code quality.
Issue Details:
- Test Smell Category: Duplicate Assert
- Smell Location:  Line : 71, column: 4, index: 2061
- Description:  This issue occurs when a test method verifies the same condition more than once within its scope, making the test harder to read and maintain. Identical assertions within the same method do not explicitly convey the purpose of the test method.

Request:
Refactor the affected code to eliminate the Duplicate Assert. Ensure the test remains correct, readable, and maintainable.","test(""Restores original attributes"", () => {
 img.setAttribute(""src"", url1);
 img.setAttribute(""data-src"", url100);
 img.setAttribute(""data-srcset"", url200);
 img.setAttribute(""data-sizes"", sizes100);
 setSources(img, settings, instance);
 cancelLoading(img, entry, settings, instance);
 expect(img).toHaveAttribute(""src"", url1);
 expect(img).not.toHaveAttribute(""srcset"");
 expect(img).not.toHaveAttribute(""sizes"");
 });",11,1,9.090909091,560.1990546,0.01471937105,100,"  test(""Restores original attributes"", () => {
    // Setup initial attributes
    img.setAttribute(""src"", url1);
    img.setAttribute(""data-src"", url100);
    img.setAttribute(""data-srcset"", url200);
    img.setAttribute(""data-sizes"", sizes100);
    
    // Perform the actions
    setSources(img, settings, instance);
    cancelLoading(img, entry, settings, instance);
    
    // Assert the final state in a single, grouped expectation
    expect(img).toEqual(expect.objectContaining({
      src: url1,
      srcset: undefined,
      sizes: undefined
    }));
  });","Context: I'm refactoring test smells from a test file to improve code quality.
Issue Details:
- Test Smell Category: Duplicate Assert
- Smell Location:  Line : 71, column: 4, index: 2061
- Description:  This issue occurs when a test method verifies the same condition more than once within its scope, making the test harder to read and maintain. Identical assertions within the same method do not explicitly convey the purpose of the test method.
test(""Restores original attributes"", () => {
 img.setAttribute(""src"", url1);
 img.setAttribute(""data-src"", url100);
 img.setAttribute(""data-srcset"", url200);
 img.setAttribute(""data-sizes"", sizes100);
 setSources(img, settings, instance);
 cancelLoading(img, entry, settings, instance);
 expect(img).toHaveAttribute(""src"", url1);
 expect(img).not.toHaveAttribute(""srcset"");
 expect(img).not.toHaveAttribute(""sizes"");
 });
Request:
Refactor the affected code to eliminate the Duplicate Assert. Ensure the test remains correct, readable, and maintainable.",12,1,8.333333333,,,,FALSE,FALSE,FALSE,FALSE,FALSE,FALSE,,,,,,
5,steel,verlok/vanilla-lazyload,/tests/unit/cancelOnExit.test.js,Duplicate Assert,"{'line': 99, 'column': 4, 'index': 2957}",start: 94 end: 101,"Context: I'm refactoring test smells from a test file to improve code quality.
Issue Details:
- Test Smell Category: Duplicate Assert
- Smell Location:  Line : 100, column: 4, index: 2957
- Description:  This issue occurs when a test method verifies the same condition more than once within its scope, making the test harder to read and maintain. Identical assertions within the same method do not explicitly convey the purpose of the test method.

Request:
Refactor the affected code to eliminate the Duplicate Assert. Ensure the test remains correct, readable, and maintainable.","test(""Callbacks are called"", () => {
 const cancelCb = jest.fn();
 settings.callback_cancel = cancelCb;
 setSources(img, settings, instance);
 cancelLoading(img, entry, settings, instance);
 expect(cancelCb).toHaveBeenCalledTimes(1);
 expect(cancelCb).toHaveBeenCalledWith(img, entry, instance);
 });",8,1,12.5,430.1026607,0.01022594544,100,"  test(""Callback is called with correct parameters"", () => {
    const cancelCb = jest.fn();
    settings.callback_cancel = cancelCb;
    setSources(img, settings, instance);
    cancelLoading(img, entry, settings, instance);
    expect(cancelCb).toHaveBeenCalledWith(img, entry, instance);
  });
});","Context: I'm refactoring test smells from a test file to improve code quality.
Issue Details:
- Test Smell Category: Duplicate Assert
- Smell Location:  Line : 100, column: 4, index: 2957
- Description:  This issue occurs when a test method verifies the same condition more than once within its scope, making the test harder to read and maintain. Identical assertions within the same method do not explicitly convey the purpose of the test method.
test(""Callbacks are called"", () => {
 const cancelCb = jest.fn();
 settings.callback_cancel = cancelCb;
 setSources(img, settings, instance);
 cancelLoading(img, entry, settings, instance);
 expect(cancelCb).toHaveBeenCalledTimes(1);
 expect(cancelCb).toHaveBeenCalledWith(img, entry, instance);
 });
Request:
Refactor the affected code to eliminate the Duplicate Assert. Ensure the test remains correct, readable, and maintainable.",7,1,14.28571429,,,,FALSE,FALSE,FALSE,FALSE,FALSE,FALSE,,,,,,
6,steel,verlok/vanilla-lazyload,/tests/unit/cancelOnExit.test.js,Duplicate Assert,"{'line': 100, 'column': 4, 'index': 3004}",start: 94 end: 101,"Context: I'm refactoring test smells from a test file to improve code quality.
Issue Details:
- Test Smell Category: Duplicate Assert
- Smell Location:  Line : 101, column: 4, index: 3004
- Description:  This issue occurs when a test method verifies the same condition more than once within its scope, making the test harder to read and maintain. Identical assertions within the same method do not explicitly convey the purpose of the test method.

Request:
Refactor the affected code to eliminate the Duplicate Assert. Ensure the test remains correct, readable, and maintainable.","test(""Callbacks are called"", () => {
 const cancelCb = jest.fn();
 settings.callback_cancel = cancelCb;
 setSources(img, settings, instance);
 cancelLoading(img, entry, settings, instance);
 expect(cancelCb).toHaveBeenCalledTimes(1);
 expect(cancelCb).toHaveBeenCalledWith(img, entry, instance);
 });",8,1,12.5,430.1026607,0.01022594544,100,"  test(""Callback is called once with correct parameters"", () => {
    const cancelCb = jest.fn();
    settings.callback_cancel = cancelCb;
    setSources(img, settings, instance);
    cancelLoading(img, entry, settings, instance);
    expect(cancelCb).toHaveBeenCalledOnceWith(img, entry, instance);
  });
});","Context: I'm refactoring test smells from a test file to improve code quality.
Issue Details:
- Test Smell Category: Duplicate Assert
- Smell Location:  Line : 101, column: 4, index: 3004
- Description:  This issue occurs when a test method verifies the same condition more than once within its scope, making the test harder to read and maintain. Identical assertions within the same method do not explicitly convey the purpose of the test method.
test(""Callbacks are called"", () => {
 const cancelCb = jest.fn();
 settings.callback_cancel = cancelCb;
 setSources(img, settings, instance);
 cancelLoading(img, entry, settings, instance);
 expect(cancelCb).toHaveBeenCalledTimes(1);
 expect(cancelCb).toHaveBeenCalledWith(img, entry, instance);
 });
Request:
Refactor the affected code to eliminate the Duplicate Assert. Ensure the test remains correct, readable, and maintainable.",7,1,14.28571429,,,,FALSE,FALSE,FALSE,FALSE,FALSE,FALSE,,,,,,
7,steel,verlok/vanilla-lazyload,/tests/unit/cancelOnExit.test.js,Magic Number,"{'line': 84, 'column': 39, 'index': 2522}",start: 80 end: 85,"Context: I'm refactoring test smells from a test file to improve code quality.
Issue Details:
- Test Smell Category: Magic Number
- Smell Location:  Line : 85, column: 39, index: 2522
- Description:  Occurs when numeric literals are used directly in tests without explanation or documentation. These numbers lack clear context, making the code less readable and harder to maintain, as it is not obvious why such values are used.

Request:
Refactor the affected code to eliminate the Magic Number. Ensure the test remains correct, readable, and maintainable.","test(""Decreases loading count"", () => {
 img.setAttribute(""src"", url200);
 setSources(img, settings, instance);
 cancelLoading(img, entry, settings, instance);
 expect(instance.loadingCount).toBe(0);
 });",6,1,16.66666667,158.0485632,0.00804352882,100,"  test(""Decreases loading count to initial state"", () => {
    img.setAttribute(""src"", url200);
    setSources(img, settings, instance);
    cancelLoading(img, entry, settings, instance);
    expect(instance.loadingCount).toBe(INITIAL_LOADING_COUNT);
  });","Context: I'm refactoring test smells from a test file to improve code quality.
Issue Details:
- Test Smell Category: Magic Number
- Smell Location:  Line : 85, column: 39, index: 2522
- Description:  Occurs when numeric literals are used directly in tests without explanation or documentation. These numbers lack clear context, making the code less readable and harder to maintain, as it is not obvious why such values are used.
test(""Decreases loading count"", () => {
 img.setAttribute(""src"", url200);
 setSources(img, settings, instance);
 cancelLoading(img, entry, settings, instance);
 expect(instance.loadingCount).toBe(0);
 });
Request:
Refactor the affected code to eliminate the Magic Number. Ensure the test remains correct, readable, and maintainable.",7,1,14.28571429,,,,FALSE,FALSE,FALSE,FALSE,FALSE,FALSE,,,,,,
8,steel,verlok/vanilla-lazyload,/tests/unit/set.test.js,Magic Number,"{'line': 29, 'column': 42, 'index': 889}",start: 26 end: 30,"Context: I'm refactoring test smells from a test file to improve code quality.
Issue Details:
- Test Smell Category: Magic Number
- Smell Location:  Line : 30, column: 42, index: 889
- Description:  Occurs when numeric literals are used directly in tests without explanation or documentation. These numbers lack clear context, making the code less readable and harder to maintain, as it is not obvious why such values are used.

Request:
Refactor the affected code to eliminate the Magic Number. Ensure the test remains correct, readable, and maintainable.","test('decreaseToLoadCount decreases toLoadCount by 1', () => {
 const mockInstance = { toLoadCount: 5 };
 decreaseToLoadCount(mockInstance);
 expect(mockInstance.toLoadCount).toBe(4);
 });",5,1,20,83.02635885,0.005236770993,100,"test('decreaseToLoadCount decreases toLoadCount by 1', () => {
    // Initial count of items to be loaded
    const INITIAL_LOAD_COUNT = 5;
    const EXPECTED_DECREASED_COUNT = INITIAL_LOAD_COUNT - 1;
    
    const mockInstance = { toLoadCount: INITIAL_LOAD_COUNT };
    decreaseToLoadCount(mockInstance);
    expect(mockInstance.toLoadCount).toBe(EXPECTED_DECREASED_COUNT);
  });","Context: I'm refactoring test smells from a test file to improve code quality.
Issue Details:
- Test Smell Category: Magic Number
- Smell Location:  Line : 30, column: 42, index: 889
- Description:  Occurs when numeric literals are used directly in tests without explanation or documentation. These numbers lack clear context, making the code less readable and harder to maintain, as it is not obvious why such values are used.
test('decreaseToLoadCount decreases toLoadCount by 1', () => {
 const mockInstance = { toLoadCount: 5 };
 decreaseToLoadCount(mockInstance);
 expect(mockInstance.toLoadCount).toBe(4);
 });
Request:
Refactor the affected code to eliminate the Magic Number. Ensure the test remains correct, readable, and maintainable.",7,1,14.28571429,,,,FALSE,FALSE,FALSE,FALSE,FALSE,FALSE,,,,,,
9,steel,verlok/vanilla-lazyload,/tests/unit/set.test.js,Magic Number,"{'line': 35, 'column': 42, 'index': 1078}",start: 32 end: 36,"Context: I'm refactoring test smells from a test file to improve code quality.
Issue Details:
- Test Smell Category: Magic Number
- Smell Location:  Line : 36, column: 42, index: 1078
- Description:  Occurs when numeric literals are used directly in tests without explanation or documentation. These numbers lack clear context, making the code less readable and harder to maintain, as it is not obvious why such values are used.

Request:
Refactor the affected code to eliminate the Magic Number. Ensure the test remains correct, readable, and maintainable.","test('setToLoadCount sets toLoadCount to the given value', () => {
 const mockInstance = {};
 setToLoadCount(mockInstance, 10);
 expect(mockInstance.toLoadCount).toBe(10);
 });",5,1,20,77.65006922,0.004906496702,100,"  test('setToLoadCount sets toLoadCount to the given value', () => {
    // Define meaningful count for items to be loaded
    const ITEMS_TO_LOAD = 10;
    const mockInstance = {};
    setToLoadCount(mockInstance, ITEMS_TO_LOAD);
    expect(mockInstance.toLoadCount).toBe(ITEMS_TO_LOAD);
  });","Context: I'm refactoring test smells from a test file to improve code quality.
Issue Details:
- Test Smell Category: Magic Number
- Smell Location:  Line : 36, column: 42, index: 1078
- Description:  Occurs when numeric literals are used directly in tests without explanation or documentation. These numbers lack clear context, making the code less readable and harder to maintain, as it is not obvious why such values are used.
test('setToLoadCount sets toLoadCount to the given value', () => {
 const mockInstance = {};
 setToLoadCount(mockInstance, 10);
 expect(mockInstance.toLoadCount).toBe(10);
 });
Request:
Refactor the affected code to eliminate the Magic Number. Ensure the test remains correct, readable, and maintainable.",6,1,16.66666667,,,,FALSE,FALSE,FALSE,FALSE,FALSE,FALSE,,,,,,
10,snutsjs,chrisleekr/binance-trading-bot,/app/__tests__/error-handler.test.js,ConditionalTestLogic,"{""startLine"":207,""endLine"":212}",start: 203 end: 219,"Context: I'm refactoring test smells from a test file to improve code quality.
Issue Details:
- Test Smell Category: ConditionalTestLogic
- Smell Location:  Line Range:  startLine : 207, endLine : 212
- Description:  Occurs due to the presence of test methods that contain conditional statements, such as the use of if-else or loops like for or while. Test methods that include conditional statements can compromise the effectiveness of tests

Request:
Refactor the affected code to eliminate the ConditionalTestLogic. Ensure the test remains correct, readable, and maintainable.","    describe(`when unhandledRejection received`, () => {
      it('throws an error', async () => {
        expect(() => {
          process.on = jest.fn().mockImplementation((event, error) => {
            if (event === 'unhandledRejection') {
              error({
                message: `something-unhandled`,
                code: 2000
              });
            }
          });

          const { runErrorHandler } = require('../error-handler');
          runErrorHandler(mockLogger);
        }).toThrow(`something-unhandled`);
      });
    });",13,2,15.38461538,429.1524901,0.01057983778,100,"describe(`when unhandledRejection received`, () => {
      it('throws an error', async () => {
        // Mock process.on to directly execute the error handler for unhandledRejection
        process.on = jest.fn().mockImplementation((event, handler) => {
          // Store the handler for unhandledRejection event
          if (event === 'unhandledRejection') {
            // Immediately invoke the handler with the test error
            handler({
              message: `something-unhandled`,
              code: 2000
            });
          }
        });

        expect(() => {
          const { runErrorHandler } = require('../error-handler');
          runErrorHandler(mockLogger);
        }).toThrow(`something-unhandled`);
      });
    });","Context: I'm refactoring test smells from a test file to improve code quality.
Issue Details:
- Test Smell Category: ConditionalTestLogic
- Smell Location:  Line Range:  startLine : 207, endLine : 212
- Description:  Occurs due to the presence of test methods that contain conditional statements, such as the use of if-else or loops like for or while. Test methods that include conditional statements can compromise the effectiveness of tests
    describe(`when unhandledRejection received`, () => {
      it('throws an error', async () => {
        expect(() => {
          process.on = jest.fn().mockImplementation((event, error) => {
            if (event === 'unhandledRejection') {
              error({
                message: `something-unhandled`,
                code: 2000
              });
            }
          });

          const { runErrorHandler } = require('../error-handler');
          runErrorHandler(mockLogger);
        }).toThrow(`something-unhandled`);
      });
    });
Request:
Refactor the affected code to eliminate the ConditionalTestLogic. Ensure the test remains correct, readable, and maintainable.",11,1,9.090909091,,,,FALSE,FALSE,FALSE,FALSE,FALSE,FALSE,,,,,,
11,snutsjs,chrisleekr/binance-trading-bot,/app/__tests__/error-handler.test.js,ConditionalTestLogic,"{""startLine"":225,""endLine"":230}",start: 222 end: 236,"Context: I'm refactoring test smells from a test file to improve code quality.
Issue Details:
- Test Smell Category: ConditionalTestLogic
- Smell Location:  Line Range:  startLine : 225, endLine : 230
- Description:  Occurs due to the presence of test methods that contain conditional statements, such as the use of if-else or loops like for or while. Test methods that include conditional statements can compromise the effectiveness of tests

Request:
Refactor the affected code to eliminate the ConditionalTestLogic. Ensure the test remains correct, readable, and maintainable.","it('does not throws an error', async () => {
 expect(() => {
 process.on = jest.fn().mockImplementation((event, error) => {
 if (event === 'uncaughtException') {
 error({
 message: `redlock:lock-XRPBUSD`,
 code: 500
 });
 }
 });

 const { runErrorHandler } = require('../error-handler');
 runErrorHandler(mockLogger);
 }).not.toThrow();
 });",11,2,18.18181818,429.1524901,0.01057983778,100,"it('does not throw an error for redlock errors', async () => {
        expect(() => {
          process.on = jest.fn().mockImplementation((event, errorHandler) => {
            // Mock only for uncaughtException event and directly trigger the error handler
            errorHandler({
              message: `redlock:lock-XRPBUSD`,
              code: 500
            });
          });

          const { runErrorHandler } = require('../error-handler');
          runErrorHandler(mockLogger);
        }).not.toThrow();
      });
    });","Context: I'm refactoring test smells from a test file to improve code quality.
Issue Details:
- Test Smell Category: ConditionalTestLogic
- Smell Location:  Line Range:  startLine : 225, endLine : 230
- Description:  Occurs due to the presence of test methods that contain conditional statements, such as the use of if-else or loops like for or while. Test methods that include conditional statements can compromise the effectiveness of tests
it('does not throws an error', async () => {
 expect(() => {
 process.on = jest.fn().mockImplementation((event, error) => {
 if (event === 'uncaughtException') {
 error({
 message: `redlock:lock-XRPBUSD`,
 code: 500
 });
 }
 });

 const { runErrorHandler } = require('../error-handler');
 runErrorHandler(mockLogger);
 }).not.toThrow();
 });
Request:
Refactor the affected code to eliminate the ConditionalTestLogic. Ensure the test remains correct, readable, and maintainable.",9,1,11.11111111,,,,FALSE,FALSE,FALSE,FALSE,FALSE,FALSE,,,,,,
12,snutsjs,chrisleekr/binance-trading-bot,/app/frontend/webserver/handlers/__tests__/grid-trade-logs-export.test.js,SubOptimalAssert,"{""startLine"":201,""endLine"":201}",start: 199 end: 202,"Context: I'm refactoring test smells from a test file to improve code quality.
Issue Details:
- Test Smell Category: SubOptimalAssert
- Smell Location:  Line Range:  startLine : 201, endLine : 201
- Description:  Occurs when the assertions used in tests are not ideal for verifying the specific condition being tested. Using more specific and expressive assertions can improve test clarity and make results more useful

Request:
Refactor the affected code to eliminate the SubOptimalAssert. Ensure the test remains correct, readable, and maintainable.","it('keeps 10 logs in the folder', () => {
 const files = fs.readdirSync(fileFolder);
 expect(files.length).toBe(10);
 });",4,1,25,70.98225751,0.005362699891,100,"it('keeps 10 logs in the folder', () => {
        const files = fs.readdirSync(fileFolder);
        expect(files).toHaveLength(10);
      });","Context: I'm refactoring test smells from a test file to improve code quality.
Issue Details:
- Test Smell Category: SubOptimalAssert
- Smell Location:  Line Range:  startLine : 201, endLine : 201
- Description:  Occurs when the assertions used in tests are not ideal for verifying the specific condition being tested. Using more specific and expressive assertions can improve test clarity and make results more useful
it('keeps 10 logs in the folder', () => {
 const files = fs.readdirSync(fileFolder);
 expect(files.length).toBe(10);
 });
Request:
Refactor the affected code to eliminate the SubOptimalAssert. Ensure the test remains correct, readable, and maintainable.",4,1,25,,,,FALSE,FALSE,FALSE,FALSE,FALSE,FALSE,,,,,,
13,steel,chrisleekr/binance-trading-bot,/app/__tests__/server-binance.test.js,Duplicate Assert,"{'line': 189, 'column': 8, 'index': 5619}",start: 188 end: 199,"Context: I'm refactoring test smells from a test file to improve code quality.
Issue Details:
- Test Smell Category: Duplicate Assert
- Smell Location:  Line : 190, column: 8, index: 5619
- Description:  This issue occurs when a test method verifies the same condition more than once within its scope, making the test harder to read and maintain. Identical assertions within the same method do not explicitly convey the purpose of the test method.

Request:
Refactor the affected code to eliminate the Duplicate Assert. Ensure the test remains correct, readable, and maintainable.","it('triggers refreshCandles', () => {
 expect(mockMongo.deleteAll).toHaveBeenCalledWith(
 logger,
 'trailing-trade-candles',
 {}
 );
 expect(mockMongo.deleteAll).toHaveBeenCalledWith(
 logger,
 'trailing-trade-ath-candles',
 {}
 );
 });",4,1,25,123.7707757,0.006166429959,100,"      it('triggers refreshCandles', () => {
        expect(mockMongo.deleteAll).toHaveBeenCalledTimes(2);
        expect(mockMongo.deleteAll).toHaveBeenNthCalledWith(
          1,
          logger,
          'trailing-trade-candles',
          {}
        );
        expect(mockMongo.deleteAll).toHaveBeenNthCalledWith(
          2,
          logger,
          'trailing-trade-ath-candles',
          {}
        );
      });","Context: I'm refactoring test smells from a test file to improve code quality.
Issue Details:
- Test Smell Category: Duplicate Assert
- Smell Location:  Line : 190, column: 8, index: 5619
- Description:  This issue occurs when a test method verifies the same condition more than once within its scope, making the test harder to read and maintain. Identical assertions within the same method do not explicitly convey the purpose of the test method.
it('triggers refreshCandles', () => {
 expect(mockMongo.deleteAll).toHaveBeenCalledWith(
 logger,
 'trailing-trade-candles',
 {}
 );
 expect(mockMongo.deleteAll).toHaveBeenCalledWith(
 logger,
 'trailing-trade-ath-candles',
 {}
 );
 });
Request:
Refactor the affected code to eliminate the Duplicate Assert. Ensure the test remains correct, readable, and maintainable.",5,1,20,,,,FALSE,FALSE,FALSE,FALSE,FALSE,FALSE,,,,,,
14,steel,chrisleekr/binance-trading-bot,/app/__tests__/server-binance.test.js,Duplicate Assert,"{'line': 194, 'column': 8, 'index': 5755}",start: 188 end: 199,"Context: I'm refactoring test smells from a test file to improve code quality.
Issue Details:
- Test Smell Category: Duplicate Assert
- Smell Location:  Line : 195, column: 8, index: 5755
- Description:  This issue occurs when a test method verifies the same condition more than once within its scope, making the test harder to read and maintain. Identical assertions within the same method do not explicitly convey the purpose of the test method.

Request:
Refactor the affected code to eliminate the Duplicate Assert. Ensure the test remains correct, readable, and maintainable.","it('triggers refreshCandles', () => {
 expect(mockMongo.deleteAll).toHaveBeenCalledWith(
 logger,
 'trailing-trade-candles',
 {}
 );
 expect(mockMongo.deleteAll).toHaveBeenCalledWith(
 logger,
 'trailing-trade-ath-candles',
 {}
 );
 });",4,1,25,123.7707757,0.006166429959,100,"it('triggers refreshCandles', () => {
        expect(mockMongo.deleteAll).toHaveBeenCalledTimes(2);
        expect(mockMongo.deleteAll).toHaveBeenNthCalledWith(
          1,
          logger,
          'trailing-trade-candles',
          {}
        );
        expect(mockMongo.deleteAll).toHaveBeenNthCalledWith(
          2,
          logger,
          'trailing-trade-ath-candles',
          {}
        );
      });","Context: I'm refactoring test smells from a test file to improve code quality.
Issue Details:
- Test Smell Category: Duplicate Assert
- Smell Location:  Line : 195, column: 8, index: 5755
- Description:  This issue occurs when a test method verifies the same condition more than once within its scope, making the test harder to read and maintain. Identical assertions within the same method do not explicitly convey the purpose of the test method.
it('triggers refreshCandles', () => {
 expect(mockMongo.deleteAll).toHaveBeenCalledWith(
 logger,
 'trailing-trade-candles',
 {}
 );
 expect(mockMongo.deleteAll).toHaveBeenCalledWith(
 logger,
 'trailing-trade-ath-candles',
 {}
 );
 });
Request:
Refactor the affected code to eliminate the Duplicate Assert. Ensure the test remains correct, readable, and maintainable.",7,1,14.28571429,,,,FALSE,FALSE,FALSE,FALSE,FALSE,FALSE,,,,,,
15,steel,chrisleekr/binance-trading-bot,/app/__tests__/server-binance.test.js,Duplicate Assert,"{'line': 691, 'column': 6, 'index': 22289}",start: 690 end: 701,"Context: I'm refactoring test smells from a test file to improve code quality.
Issue Details:
- Test Smell Category: Duplicate Assert
- Smell Location:  Line : 692, column: 6, index: 22289
- Description:  This issue occurs when a test method verifies the same condition more than once within its scope, making the test harder to read and maintain. Identical assertions within the same method do not explicitly convey the purpose of the test method.

Request:
Refactor the affected code to eliminate the Duplicate Assert. Ensure the test remains correct, readable, and maintainable.","it('triggers refreshCandles', () => {
 expect(mockMongo.deleteAll).toHaveBeenCalledWith(
 logger,
 'trailing-trade-candles',
 {}
 );
 expect(mockMongo.deleteAll).toHaveBeenCalledWith(
 logger,
 'trailing-trade-ath-candles',
 {}
 );
 });",4,1,25,123.7707757,0.006166429959,100,"it('triggers refreshCandles', () => {
        expect(mockMongo.deleteAll).toHaveBeenCalledTimes(2);
        expect(mockMongo.deleteAll).toHaveBeenNthCalledWith(
          1,
          logger,
          'trailing-trade-candles',
          {}
        );
        expect(mockMongo.deleteAll).toHaveBeenNthCalledWith(
          2,
          logger,
          'trailing-trade-ath-candles',
          {}
        );
      });","Context: I'm refactoring test smells from a test file to improve code quality.
Issue Details:
- Test Smell Category: Duplicate Assert
- Smell Location:  Line : 692, column: 6, index: 22289
- Description:  This issue occurs when a test method verifies the same condition more than once within its scope, making the test harder to read and maintain. Identical assertions within the same method do not explicitly convey the purpose of the test method.
it('triggers refreshCandles', () => {
 expect(mockMongo.deleteAll).toHaveBeenCalledWith(
 logger,
 'trailing-trade-candles',
 {}
 );
 expect(mockMongo.deleteAll).toHaveBeenCalledWith(
 logger,
 'trailing-trade-ath-candles',
 {}
 );
 });
Request:
Refactor the affected code to eliminate the Duplicate Assert. Ensure the test remains correct, readable, and maintainable.",6,1,16.66666667,,,,FALSE,FALSE,FALSE,FALSE,FALSE,FALSE,,,,,,
16,steel,chrisleekr/binance-trading-bot,/app/__tests__/server-binance.test.js,Duplicate Assert,"{'line': 696, 'column': 6, 'index': 22415}",start: 690 end: 701,"Context: I'm refactoring test smells from a test file to improve code quality.
Issue Details:
- Test Smell Category: Duplicate Assert
- Smell Location:  Line : 697, column: 6, index: 22415
- Description:  This issue occurs when a test method verifies the same condition more than once within its scope, making the test harder to read and maintain. Identical assertions within the same method do not explicitly convey the purpose of the test method.

Request:
Refactor the affected code to eliminate the Duplicate Assert. Ensure the test remains correct, readable, and maintainable.","it('triggers refreshCandles', () => {
 expect(mockMongo.deleteAll).toHaveBeenCalledWith(
 logger,
 'trailing-trade-candles',
 {}
 );
 expect(mockMongo.deleteAll).toHaveBeenCalledWith(
 logger,
 'trailing-trade-ath-candles',
 {}
 );
 });",4,1,25,123.7707757,0.006166429959,100,"it('triggers refreshCandles', () => {
        expect(mockMongo.deleteAll).toHaveBeenCalledTimes(2);
        expect(mockMongo.deleteAll).toHaveBeenNthCalledWith(
          1,
          logger,
          'trailing-trade-candles',
          {}
        );
        expect(mockMongo.deleteAll).toHaveBeenNthCalledWith(
          2,
          logger,
          'trailing-trade-ath-candles',
          {}
        );
      });","Context: I'm refactoring test smells from a test file to improve code quality.
Issue Details:
- Test Smell Category: Duplicate Assert
- Smell Location:  Line : 697, column: 6, index: 22415
- Description:  This issue occurs when a test method verifies the same condition more than once within its scope, making the test harder to read and maintain. Identical assertions within the same method do not explicitly convey the purpose of the test method.
it('triggers refreshCandles', () => {
 expect(mockMongo.deleteAll).toHaveBeenCalledWith(
 logger,
 'trailing-trade-candles',
 {}
 );
 expect(mockMongo.deleteAll).toHaveBeenCalledWith(
 logger,
 'trailing-trade-ath-candles',
 {}
 );
 });
Request:
Refactor the affected code to eliminate the Duplicate Assert. Ensure the test remains correct, readable, and maintainable.",6,1,16.66666667,,,,FALSE,FALSE,FALSE,FALSE,FALSE,FALSE,,,,,,
17,steel,chrisleekr/binance-trading-bot,/app/__tests__/server-binance.test.js,Magic Number,"{'line': 230, 'column': 10, 'index': 6700}",start: 226 end: 232,"Context: I'm refactoring test smells from a test file to improve code quality.
Issue Details:
- Test Smell Category: Magic Number
- Smell Location:  Line : 231, column: 10, index: 6700
- Description:  Occurs when numeric literals are used directly in tests without explanation or documentation. These numbers lack clear context, making the code less readable and harder to maintain, as it is not obvious why such values are used.

Request:
Refactor the affected code to eliminate the Magic Number. Ensure the test remains correct, readable, and maintainable.","it('triggers cache.hset', () => {
 expect(mockCache.hset).toHaveBeenCalledWith(
 'trailing-trade-streams',
 `count`,
 1
 );
 });",3,1,33.33333333,43.18506523,0.004102996362,100,"it('triggers cache.hset', () => {
        const expectedStreamCount = 1;
        expect(mockCache.hset).toHaveBeenCalledWith(
          'trailing-trade-streams',
          `count`,
          expectedStreamCount
        );
      });","Context: I'm refactoring test smells from a test file to improve code quality.
Issue Details:
- Test Smell Category: Magic Number
- Smell Location:  Line : 231, column: 10, index: 6700
- Description:  Occurs when numeric literals are used directly in tests without explanation or documentation. These numbers lack clear context, making the code less readable and harder to maintain, as it is not obvious why such values are used.
it('triggers cache.hset', () => {
 expect(mockCache.hset).toHaveBeenCalledWith(
 'trailing-trade-streams',
 `count`,
 1
 );
 });
Request:
Refactor the affected code to eliminate the Magic Number. Ensure the test remains correct, readable, and maintainable.",4,1,25,,,,FALSE,FALSE,FALSE,FALSE,FALSE,FALSE,,,,,,
18,steel,chrisleekr/binance-trading-bot,/app/__tests__/server-binance.test.js,Magic Number,"{'line': 739, 'column': 8, 'index': 23471}",start: 735 end: 741,"Context: I'm refactoring test smells from a test file to improve code quality.
Issue Details:
- Test Smell Category: Magic Number
- Smell Location:  Line : 740, column: 8, index: 23471
- Description:  Occurs when numeric literals are used directly in tests without explanation or documentation. These numbers lack clear context, making the code less readable and harder to maintain, as it is not obvious why such values are used.

Request:
Refactor the affected code to eliminate the Magic Number. Ensure the test remains correct, readable, and maintainable.","it('triggers cache.hset', () => {
 expect(mockCache.hset).toHaveBeenCalledWith(
 'trailing-trade-streams',
 `count`,
 1
 );
 });",3,1,33.33333333,43.18506523,0.004102996362,100,"it('triggers cache.hset', () => {
  const expectedStreamCount = 1;
  expect(mockCache.hset).toHaveBeenCalledWith(
    'trailing-trade-streams',
    `count`,
    expectedStreamCount
  );
});","Context: I'm refactoring test smells from a test file to improve code quality.
Issue Details:
- Test Smell Category: Magic Number
- Smell Location:  Line : 740, column: 8, index: 23471
- Description:  Occurs when numeric literals are used directly in tests without explanation or documentation. These numbers lack clear context, making the code less readable and harder to maintain, as it is not obvious why such values are used.
it('triggers cache.hset', () => {
 expect(mockCache.hset).toHaveBeenCalledWith(
 'trailing-trade-streams',
 `count`,
 1
 );
 });
Request:
Refactor the affected code to eliminate the Magic Number. Ensure the test remains correct, readable, and maintainable.",4,1,25,,,,FALSE,FALSE,FALSE,FALSE,FALSE,FALSE,,,,,,
19,steel,chrisleekr/binance-trading-bot,/app/__tests__/server-frontend.test.js,Magic Number,"{'line': 314, 'column': 74, 'index': 9174}",start: 313 end: 315,"Context: I'm refactoring test smells from a test file to improve code quality.
Issue Details:
- Test Smell Category: Magic Number
- Smell Location:  Line : 315, column: 74, index: 9174
- Description:  Occurs when numeric literals are used directly in tests without explanation or documentation. These numbers lack clear context, making the code less readable and harder to maintain, as it is not obvious why such values are used.

Request:
Refactor the affected code to eliminate the Magic Number. Ensure the test remains correct, readable, and maintainable.","it('triggers status', () => {
 expect(mockRateLimiterMiddlewareResStatus).toHaveBeenCalledWith(403);
 });",3,1,33.33333333,30,0.003218297949,100,"const HTTP_STATUS_FORBIDDEN = 403;  
it('triggers status', () => {
          expect(mockRateLimiterMiddlewareResStatus).toHaveBeenCalledWith(HTTP_STATUS_FORBIDDEN);
        });","Context: I'm refactoring test smells from a test file to improve code quality.
Issue Details:
- Test Smell Category: Magic Number
- Smell Location:  Line : 315, column: 74, index: 9174
- Description:  Occurs when numeric literals are used directly in tests without explanation or documentation. These numbers lack clear context, making the code less readable and harder to maintain, as it is not obvious why such values are used.
it('triggers status', () => {
 expect(mockRateLimiterMiddlewareResStatus).toHaveBeenCalledWith(403);
 });
Request:
Refactor the affected code to eliminate the Magic Number. Ensure the test remains correct, readable, and maintainable.",4,1,25,,,,FALSE,FALSE,FALSE,FALSE,FALSE,FALSE,,,,,,
20,steel,chrisleekr/binance-trading-bot,/app/binance/__tests__/orders.test.js,Magic Number,"{'line': 137, 'column': 56, 'index': 3912}",start: 136 end: 138,"Context: I'm refactoring test smells from a test file to improve code quality.
Issue Details:
- Test Smell Category: Magic Number
- Smell Location:  Line : 138, column: 56, index: 3912
- Description:  Occurs when numeric literals are used directly in tests without explanation or documentation. These numbers lack clear context, making the code less readable and harder to maintain, as it is not obvious why such values are used.

Request:
Refactor the affected code to eliminate the Magic Number. Ensure the test remains correct, readable, and maintainable.","it('triggers clearInterval', () => {
 expect(spyOnClearInterval).toHaveBeenCalledWith(33);
 });",3,1,33.33333333,30,0.003218297949,100,"describe('when openOrdersInterval is not empty', () => {
      beforeEach(async () => {
        cacheMock.hset = jest.fn().mockResolvedValue(true);

        loggerMock.error = jest.fn().mockResolvedValue(true);

        mockGetOpenOrdersFromAPI = jest.fn().mockResolvedValue(true);

        const MOCK_INTERVAL_ID = 33; // Mock interval ID for testing clearInterval behavior
        const spyOnSetInterval = jest.spyOn(global, 'setInterval');
        spyOnClearInterval = jest.spyOn(global, 'clearInterval');
        spyOnSetInterval.mockReturnValueOnce(MOCK_INTERVAL_ID);

        jest.mock('../../cronjob/trailingTradeHelper/common', () => ({
          getOpenOrdersFromAPI: mockGetOpenOrdersFromAPI
        }));

        const { syncOpenOrders } = require('../orders');

        await syncOpenOrders(loggerMock, ['BTCUSDT', 'BNBUSDT']);
        await syncOpenOrders(loggerMock, ['BTCUSDT', 'BNBUSDT']);
      });

      it('triggers clearInterval', () => {
        expect(spyOnClearInterval).toHaveBeenCalledWith(MOCK_INTERVAL_ID);
      });
    });
  });","Context: I'm refactoring test smells from a test file to improve code quality.
Issue Details:
- Test Smell Category: Magic Number
- Smell Location:  Line : 138, column: 56, index: 3912
- Description:  Occurs when numeric literals are used directly in tests without explanation or documentation. These numbers lack clear context, making the code less readable and harder to maintain, as it is not obvious why such values are used.
it('triggers clearInterval', () => {
 expect(spyOnClearInterval).toHaveBeenCalledWith(33);
 });
Request:
Refactor the affected code to eliminate the Magic Number. Ensure the test remains correct, readable, and maintainable.",4,1,25,,,,FALSE,FALSE,FALSE,FALSE,FALSE,FALSE,,,,,,
21,steel,chrisleekr/binance-trading-bot,/app/binance/__tests__/user.test.js,Magic Number,"{'line': 142, 'column': 10, 'index': 4072}",start: 138 end: 144,"Context: I'm refactoring test smells from a test file to improve code quality.
Issue Details:
- Test Smell Category: Magic Number
- Smell Location:  Line : 143, column: 10, index: 4072
- Description:  Occurs when numeric literals are used directly in tests without explanation or documentation. These numbers lack clear context, making the code less readable and harder to maintain, as it is not obvious why such values are used.

Request:
Refactor the affected code to eliminate the Magic Number. Ensure the test remains correct, readable, and maintainable.","it('triggers updateAccountInfo', () => {
 expect(mockUpdateAccountInfo).toHaveBeenCalledWith(
 loggerMock,
 [{ asset: 'ADA', free: '0.00000000', locked: '13.82000000' }],
 1625585531721
 );
 });",3,1,33.33333333,66.41714013,0.005466787501,100,"    describe('when outboundAccountPosition event received', () => {
      beforeEach(async () => {
        mockUserClean = jest.fn().mockResolvedValue(true);

        mockUpdateAccountInfo = jest.fn().mockResolvedValue({
          account: 'updated'
        });

        jest.mock('../../cronjob/trailingTradeHelper/common', () => ({
          updateAccountInfo: mockUpdateAccountInfo
        }));

        const lastAccountUpdateTimestamp = 1625585531721; // Timestamp in milliseconds (2021-07-06 14:32:11.721 UTC)

        binanceMock.client.ws.user = jest.fn().mockImplementationOnce(cb => {
          cb({
            eventType: 'outboundAccountPosition',
            balances: [
              { asset: 'ADA', free: '0.00000000', locked: '13.82000000' }
            ],
            lastAccountUpdate: lastAccountUpdateTimestamp
          });

          return mockUserClean;
        });

        const { setupUserWebsocket } = require('../user');

        await setupUserWebsocket(loggerMock);
      });

      it('triggers updateAccountInfo', () => {
        const lastAccountUpdateTimestamp = 1625585531721; // Timestamp in milliseconds (2021-07-06 14:32:11.721 UTC)

        expect(mockUpdateAccountInfo).toHaveBeenCalledWith(
          loggerMock,
          [{ asset: 'ADA', free: '0.00000000', locked: '13.82000000' }],
          lastAccountUpdateTimestamp
        );
      });

      it('does not trigger userClean', () => {
        expect(mockUserClean).not.toHaveBeenCalled();
      });
    });","Context: I'm refactoring test smells from a test file to improve code quality.
Issue Details:
- Test Smell Category: Magic Number
- Smell Location:  Line : 143, column: 10, index: 4072
- Description:  Occurs when numeric literals are used directly in tests without explanation or documentation. These numbers lack clear context, making the code less readable and harder to maintain, as it is not obvious why such values are used.
it('triggers updateAccountInfo', () => {
 expect(mockUpdateAccountInfo).toHaveBeenCalledWith(
 loggerMock,
 [{ asset: 'ADA', free: '0.00000000', locked: '13.82000000' }],
 1625585531721
 );
 });
Request:
Refactor the affected code to eliminate the Magic Number. Ensure the test remains correct, readable, and maintainable.",5,1,20,,,,FALSE,FALSE,FALSE,FALSE,FALSE,FALSE,,,,,,
22,steel,chrisleekr/binance-trading-bot,/app/cronjob/trailingTradeHelper/__tests__/common.test.js,Duplicate Assert,"{'line': 2469, 'column': 8, 'index': 67424}",start: 2468 end: 2486,"Context: I'm refactoring test smells from a test file to improve code quality.
Issue Details:
- Test Smell Category: Duplicate Assert
- Smell Location:  Line : 2470, column: 8, index: 67424
- Description:  This issue occurs when a test method verifies the same condition more than once within its scope, making the test harder to read and maintain. Identical assertions within the same method do not explicitly convey the purpose of the test method.

Request:
Refactor the affected code to eliminate the Duplicate Assert. Ensure the test remains correct, readable, and maintainable.","it('triggers slack.sendMessage', () => {
 expect(slackMock.sendMessage).toHaveBeenCalledWith(
 expect.stringContaining('BTCUSDT'),
 {
 apiLimit: 0,
 symbol: 'BTCUSDT'
 }
 );

 expect(slackMock.sendMessage).toHaveBeenCalledWith(
 expect.stringContaining(
 'The bot queued to trigger the grid trade for buying'
 ),
 {
 apiLimit: 0,
 symbol: 'BTCUSDT'
 }
 );
 });",4,1,25,281.7442642,0.0090246175,100,"it('triggers slack.sendMessage', () => {
        expect(slackMock.sendMessage).toHaveBeenCalledTimes(2);
        expect(slackMock.sendMessage).toHaveBeenNthCalledWith(
          1,
          expect.stringContaining('BTCUSDT'),
          {
            apiLimit: 0,
            symbol: 'BTCUSDT'
          }
        );
        expect(slackMock.sendMessage).toHaveBeenNthCalledWith(
          2,
          expect.stringContaining(
            'The bot queued to trigger the grid trade for buying'
          ),
          {
            apiLimit: 0,
            symbol: 'BTCUSDT'
          }
        );
      });","Context: I'm refactoring test smells from a test file to improve code quality.
Issue Details:
- Test Smell Category: Duplicate Assert
- Smell Location:  Line : 2470, column: 8, index: 67424
- Description:  This issue occurs when a test method verifies the same condition more than once within its scope, making the test harder to read and maintain. Identical assertions within the same method do not explicitly convey the purpose of the test method.
it('triggers slack.sendMessage', () => {
 expect(slackMock.sendMessage).toHaveBeenCalledWith(
 expect.stringContaining('BTCUSDT'),
 {
 apiLimit: 0,
 symbol: 'BTCUSDT'
 }
 );

 expect(slackMock.sendMessage).toHaveBeenCalledWith(
 expect.stringContaining(
 'The bot queued to trigger the grid trade for buying'
 ),
 {
 apiLimit: 0,
 symbol: 'BTCUSDT'
 }
 );
 });
Request:
Refactor the affected code to eliminate the Duplicate Assert. Ensure the test remains correct, readable, and maintainable.",5,1,20,,,,FALSE,FALSE,FALSE,FALSE,FALSE,FALSE,,,,,,
23,steel,prettier/prettier,/scripts/release/tests/publish-to-npm.test.js,Lazy Test,"{'line': 21, 'column': 21, 'index': 739}",start: 20 end: 30,"Context: I'm refactoring test smells from a test file to improve code quality.
Issue Details:
- Test Smell Category: Lazy Test
- Smell Location:  Line : 22, column: 21, index: 739
- Description:  Lazy Test occurs when a single test is written superficially and verifies multiple functionalities of a class without going into detail about each one.

Request:
Refactor the affected code to eliminate the Lazy Test. Ensure the test remains correct, readable, and maintainable.","it(""returns URL for patch releasing"", () => {
 const result = getReleaseUrl(""2.3.1"", ""2.3.0"");
 assert.equal(
 result,
 getExpectedReleaseUrl({
 tag: ""2.3.1"",
 title: ""2.3.1"",
 body: ""🔗 [Changelog](https://github.com/prettier/prettier/blob/main/CHANGELOG.md#231)"",
 }),
 );
 });",4,1,25,100.9780954,0.006293792806,100,"it(""returns complete URL for patch releasing"", () => {
        const result = getReleaseUrl(""2.3.1"", ""2.3.0"");
        assert.equal(
          result,
          getExpectedReleaseUrl({
            tag: ""2.3.1"",
            title: ""2.3.1"",
            body: ""🔗 [Changelog](https://github.com/prettier/prettier/blob/main/CHANGELOG.md#231)"",
          }),
        );
      });
    });","Context: I'm refactoring test smells from a test file to improve code quality.
Issue Details:
- Test Smell Category: Lazy Test
- Smell Location:  Line : 22, column: 21, index: 739
- Description:  Lazy Test occurs when a single test is written superficially and verifies multiple functionalities of a class without going into detail about each one.
it(""returns URL for patch releasing"", () => {
 const result = getReleaseUrl(""2.3.1"", ""2.3.0"");
 assert.equal(
 result,
 getExpectedReleaseUrl({
 tag: ""2.3.1"",
 title: ""2.3.1"",
 body: ""🔗 [Changelog](https://github.com/prettier/prettier/blob/main/CHANGELOG.md#231)"",
 }),
 );
 });
Request:
Refactor the affected code to eliminate the Lazy Test. Ensure the test remains correct, readable, and maintainable.",12,1,8.333333333,,,,FALSE,FALSE,FALSE,FALSE,FALSE,FALSE,,,,,,
24,steel,prettier/prettier,/scripts/release/tests/publish-to-npm.test.js,Lazy Test,"{'line': 33, 'column': 21, 'index': 1090}",start: 32 end: 47,"Context: I'm refactoring test smells from a test file to improve code quality.
Issue Details:
- Test Smell Category: Lazy Test
- Smell Location:  Line : 34, column: 21, index: 1090
- Description:  Lazy Test occurs when a single test is written superficially and verifies multiple functionalities of a class without going into detail about each one.

Request:
Refactor the affected code to eliminate the Lazy Test. Ensure the test remains correct, readable, and maintainable.","it(""returns URL for minor releasing"", () => {
 const result = getReleaseUrl(""2.4.0"", ""2.3.0"");
 assert.equal(
 result,
 getExpectedReleaseUrl({
 tag: ""2.4.0"",
 title: ""2.4.0"",
 body: [
 ""[diff](https://github.com/prettier/prettier/compare/2.3.0...2.4.0)"",
 `🔗 [Release note](https://prettier.io/blog/${getDateParts().join(
 ""/"",
 )}/2.4.0)`,
 ].join(""\n\n""),
 }),
 );
 });",4,1,25,162.670636,0.008627890131,100,"it(""returns URL for minor releasing with correct tag"", () => {
      const result = getReleaseUrl(""2.4.0"", ""2.3.0"");
      const params = getUrlParams(result);
      assert.equal(params.get(""tag""), ""2.4.0"");
    });","Context: I'm refactoring test smells from a test file to improve code quality.
Issue Details:
- Test Smell Category: Lazy Test
- Smell Location:  Line : 34, column: 21, index: 1090
- Description:  Lazy Test occurs when a single test is written superficially and verifies multiple functionalities of a class without going into detail about each one.
it(""returns URL for minor releasing"", () => {
 const result = getReleaseUrl(""2.4.0"", ""2.3.0"");
 assert.equal(
 result,
 getExpectedReleaseUrl({
 tag: ""2.4.0"",
 title: ""2.4.0"",
 body: [
 ""[diff](https://github.com/prettier/prettier/compare/2.3.0...2.4.0)"",
 `🔗 [Release note](https://prettier.io/blog/${getDateParts().join(
 ""/"",
 )}/2.4.0)`,
 ].join(""\n\n""),
 }),
 );
 });
Request:
Refactor the affected code to eliminate the Lazy Test. Ensure the test remains correct, readable, and maintainable.",13,1,7.692307692,,,,FALSE,FALSE,FALSE,FALSE,FALSE,FALSE,,,,,,
25,steel,prettier/prettier,/scripts/release/tests/publish-to-npm.test.js,Lazy Test,"{'line': 50, 'column': 21, 'index': 1590}",start: 49 end: 64,"Context: I'm refactoring test smells from a test file to improve code quality.
Issue Details:
- Test Smell Category: Lazy Test
- Smell Location:  Line : 51, column: 21, index: 1590
- Description:  Lazy Test occurs when a single test is written superficially and verifies multiple functionalities of a class without going into detail about each one.

Request:
Refactor the affected code to eliminate the Lazy Test. Ensure the test remains correct, readable, and maintainable.","it(""returns URL for major releasing"", () => {
 const result = getReleaseUrl(""2.3.0"", ""2.2.0"");
 assert.equal(
 result,
 getExpectedReleaseUrl({
 tag: ""2.3.0"",
 title: ""2.3.0"",
 body: [
 ""[diff](https://github.com/prettier/prettier/compare/2.2.0...2.3.0)"",
 `🔗 [Release note](https://prettier.io/blog/${getDateParts().join(
 ""/"",
 )}/2.3.0)`,
 ].join(""\n\n""),
 }),
 );
 });",4,1,25,162.670636,0.008627890131,100,"it(""returns URL for major releasing with correct tag"", () => {
      const result = getReleaseUrl(""2.3.0"", ""2.2.0"");
      const params = getUrlParams(result);
      assert.equal(params.get(""tag""), ""2.3.0"");
    });

    it(""returns URL for major releasing with correct title"", () => {
      const result = getReleaseUrl(""2.3.0"", ""2.2.0"");
      const params = getUrlParams(result);
      assert.equal(params.get(""title""), ""2.3.0"");
    });

    it(""returns URL for major releasing with diff link in body"", () => {
      const result = getReleaseUrl(""2.3.0"", ""2.2.0"");
      const params = getUrlParams(result);
      const body = params.get(""body"");
      assert.ok(body.includes(""[diff](https://github.com/prettier/prettier/compare/2.2.0...2.3.0)""));
    });

    it(""returns URL for major releasing with release note link in body"", () => {
      const result = getReleaseUrl(""2.3.0"", ""2.2.0"");
      const params = getUrlParams(result);
      const body = params.get(""body"");
      assert.ok(body.includes(`🔗 [Release note](https://prettier.io/blog/${getDateParts().join(""/"")}/2.3.0)`));
    });","Context: I'm refactoring test smells from a test file to improve code quality.
Issue Details:
- Test Smell Category: Lazy Test
- Smell Location:  Line : 51, column: 21, index: 1590
- Description:  Lazy Test occurs when a single test is written superficially and verifies multiple functionalities of a class without going into detail about each one.
it(""returns URL for major releasing"", () => {
 const result = getReleaseUrl(""2.3.0"", ""2.2.0"");
 assert.equal(
 result,
 getExpectedReleaseUrl({
 tag: ""2.3.0"",
 title: ""2.3.0"",
 body: [
 ""[diff](https://github.com/prettier/prettier/compare/2.2.0...2.3.0)"",
 `🔗 [Release note](https://prettier.io/blog/${getDateParts().join(
 ""/"",
 )}/2.3.0)`,
 ].join(""\n\n""),
 }),
 );
 });
Request:
Refactor the affected code to eliminate the Lazy Test. Ensure the test remains correct, readable, and maintainable.",16,1,6.25,,,,FALSE,FALSE,FALSE,FALSE,FALSE,FALSE,,,,,,
26,steel,prettier/prettier,/scripts/release/tests/version-check.test.js,Lazy Test,"{'line': 7, 'column': 20, 'index': 268}",start: 6 end: 8,"Context: I'm refactoring test smells from a test file to improve code quality.
Issue Details:
- Test Smell Category: Lazy Test
- Smell Location:  Line : 8, column: 20, index: 268
- Description:  Lazy Test occurs when a single test is written superficially and verifies multiple functionalities of a class without going into detail about each one.

Request:
Refactor the affected code to eliminate the Lazy Test. Ensure the test remains correct, readable, and maintainable.","it(""returns true for existing version"", async () => {
 assert.ok(await isVersionReleased(""1.0.0""));
 });",3,1,33.33333333,30,0.003218297949,100,"  it(""returns true for existing version"", async () => {
    const result = await isVersionReleased(""1.0.0"");
    assert.strictEqual(result, true, ""should return true for an existing version"");
  });","Context: I'm refactoring test smells from a test file to improve code quality.
Issue Details:
- Test Smell Category: Lazy Test
- Smell Location:  Line : 8, column: 20, index: 268
- Description:  Lazy Test occurs when a single test is written superficially and verifies multiple functionalities of a class without going into detail about each one.
it(""returns true for existing version"", async () => {
 assert.ok(await isVersionReleased(""1.0.0""));
 });
Request:
Refactor the affected code to eliminate the Lazy Test. Ensure the test remains correct, readable, and maintainable.",5,1,20,,,,FALSE,FALSE,FALSE,FALSE,FALSE,FALSE,,,,,,
27,steel,prettier/prettier,/scripts/release/tests/version-check.test.js,Lazy Test,"{'line': 10, 'column': 31, 'index': 389}",start: 9 end: 13,"Context: I'm refactoring test smells from a test file to improve code quality.
Issue Details:
- Test Smell Category: Lazy Test
- Smell Location:  Line : 11, column: 31, index: 389
- Description:  Lazy Test occurs when a single test is written superficially and verifies multiple functionalities of a class without going into detail about each one.

Request:
Refactor the affected code to eliminate the Lazy Test. Ensure the test remains correct, readable, and maintainable.","it(""rejects for non-existing version"", async () => {
 await assert.rejects(() => isVersionReleased(""999.0.0""), {
 message: ""prettier@999.0.0 doesn't exit."",
 });
 });",3,1,33.33333333,39.86313714,0.00388979214,100,"  it(""rejects for non-existing version"", async () => {
    const nonExistentVersion = ""999.0.0"";
    const expectedErrorMessage = `prettier@${nonExistentVersion} doesn't exit.`;
    
    let thrownError;
    try {
      await isVersionReleased(nonExistentVersion);
      assert.fail(""Expected function to throw an error"");
    } catch (error) {
      thrownError = error;
    }
    
    assert.strictEqual(
      thrownError.message,
      expectedErrorMessage,
      ""should throw with correct error message""
    );
    assert.strictEqual(
      thrownError instanceof Error,
      true,
      ""should throw an Error instance""
    );
  });","Context: I'm refactoring test smells from a test file to improve code quality.
Issue Details:
- Test Smell Category: Lazy Test
- Smell Location:  Line : 11, column: 31, index: 389
- Description:  Lazy Test occurs when a single test is written superficially and verifies multiple functionalities of a class without going into detail about each one.
it(""rejects for non-existing version"", async () => {
 await assert.rejects(() => isVersionReleased(""999.0.0""), {
 message: ""prettier@999.0.0 doesn't exit."",
 });
 });
Request:
Refactor the affected code to eliminate the Lazy Test. Ensure the test remains correct, readable, and maintainable.",6,1,16.66666667,,,,FALSE,FALSE,FALSE,FALSE,FALSE,FALSE,,,,,,
28,snutsjs,atlassian/react-beautiful-dnd,/test/unit/view/use-droppable-publisher/scroll-watching.spec.js,OvercommentedTest,"{""startLine"":59,""endLine"":100}",start: 59 end: 100,"Context: I'm refactoring test smells from a test file to improve code quality.
Issue Details:
- Test Smell Category: OvercommentedTest
- Smell Location:  Line Range:  startLine : 59, endLine : 100
- Description:  A test method that has been excessively commented on

Request:
Refactor the affected code to eliminate the OvercommentedTest. Ensure the test remains correct, readable, and maintainable.","it('should not fire a scroll if the value has not changed since the previous call', () => {
 // this can happen if you scroll backward and forward super quick
 const marshal: DimensionMarshal = getMarshalStub();
 const registry: Registry = createRegistry();
 const registerSpy = jest.spyOn(registry.droppable, 'register');
 const wrapper = mount(
 <WithAppContext marshal={marshal} registry={registry}>
 <ScrollableItem />
 </WithAppContext>,
 );
 const container: ?HTMLElement = wrapper
 .find('.scroll-container')
 .getDOMNode();
 invariant(container);
 // tell the droppable to watch for scrolling
 const callbacks: DroppableCallbacks =
 registerSpy.mock.calls[0][0].callbacks;

 // watch scroll will only be called after the dimension is requested
 callbacks.getDimensionAndWatchScroll(preset.windowScroll, immediate);

 // first event
 scroll(container, { x: 500, y: 1000 });
 expect(marshal.updateDroppableScroll).toHaveBeenCalledTimes(1);
 expect(marshal.updateDroppableScroll).toHaveBeenCalledWith(
 preset.home.descriptor.id,
 { x: 500, y: 1000 },
 );
 // $ExpectError
 marshal.updateDroppableScroll.mockReset();

 // second event - scroll to same spot
 scroll(container, { x: 500, y: 1000 });
 expect(marshal.updateDroppableScroll).not.toHaveBeenCalled();

 // third event - new value
 scroll(container, { x: 500, y: 1001 });
 expect(marshal.updateDroppableScroll).toHaveBeenCalledWith(
 preset.home.descriptor.id,
 { x: 500, y: 1001 },
 );
 });",18,1,5.555555556,1605.807015,0.02879525853,89.3971579,"it('should not fire a scroll if the value has not changed since the previous call', () => {
    // Rapid backward and forward scrolling can produce duplicate events
    const marshal: DimensionMarshal = getMarshalStub();
    const registry: Registry = createRegistry();
    const registerSpy = jest.spyOn(registry.droppable, 'register');
    const wrapper = mount(
      <WithAppContext marshal={marshal} registry={registry}>
        <ScrollableItem />
      </WithAppContext>,
    );
    const container: ?HTMLElement = wrapper
      .find('.scroll-container')
      .getDOMNode();
    invariant(container);

    const callbacks: DroppableCallbacks =
      registerSpy.mock.calls[0][0].callbacks;
    callbacks.getDimensionAndWatchScroll(preset.windowScroll, immediate);

    // Initial scroll event
    scroll(container, { x: 500, y: 1000 });
    expect(marshal.updateDroppableScroll).toHaveBeenCalledTimes(1);
    expect(marshal.updateDroppableScroll).toHaveBeenCalledWith(
      preset.home.descriptor.id,
      { x: 500, y: 1000 },
    );
    // $ExpectError
    marshal.updateDroppableScroll.mockReset();

    // Duplicate scroll position should not trigger update
    scroll(container, { x: 500, y: 1000 });
    expect(marshal.updateDroppableScroll).not.toHaveBeenCalled();

    // New scroll position should trigger update
    scroll(container, { x: 500, y: 1001 });
    expect(marshal.updateDroppableScroll).toHaveBeenCalledWith(
      preset.home.descriptor.id,
      { x: 500, y: 1001 },
    );
  });
});","Context: I'm refactoring test smells from a test file to improve code quality.
Issue Details:
- Test Smell Category: OvercommentedTest
- Smell Location:  Line Range:  startLine : 59, endLine : 100
- Description:  A test method that has been excessively commented on
it('should not fire a scroll if the value has not changed since the previous call', () => {
 // this can happen if you scroll backward and forward super quick
 const marshal: DimensionMarshal = getMarshalStub();
 const registry: Registry = createRegistry();
 const registerSpy = jest.spyOn(registry.droppable, 'register');
 const wrapper = mount(
 <WithAppContext marshal={marshal} registry={registry}>
 <ScrollableItem />
 </WithAppContext>,
 );
 const container: ?HTMLElement = wrapper
 .find('.scroll-container')
 .getDOMNode();
 invariant(container);
 // tell the droppable to watch for scrolling
 const callbacks: DroppableCallbacks =
 registerSpy.mock.calls[0][0].callbacks;

 // watch scroll will only be called after the dimension is requested
 callbacks.getDimensionAndWatchScroll(preset.windowScroll, immediate);

 // first event
 scroll(container, { x: 500, y: 1000 });
 expect(marshal.updateDroppableScroll).toHaveBeenCalledTimes(1);
 expect(marshal.updateDroppableScroll).toHaveBeenCalledWith(
 preset.home.descriptor.id,
 { x: 500, y: 1000 },
 );
 // $ExpectError
 marshal.updateDroppableScroll.mockReset();

 // second event - scroll to same spot
 scroll(container, { x: 500, y: 1000 });
 expect(marshal.updateDroppableScroll).not.toHaveBeenCalled();

 // third event - new value
 scroll(container, { x: 500, y: 1001 });
 expect(marshal.updateDroppableScroll).toHaveBeenCalledWith(
 preset.home.descriptor.id,
 { x: 500, y: 1001 },
 );
 });
Request:
Refactor the affected code to eliminate the OvercommentedTest. Ensure the test remains correct, readable, and maintainable.",18,1,5.555555556,,,,FALSE,FALSE,FALSE,FALSE,FALSE,FALSE,,,,,,
29,snutsjs,atlassian/react-beautiful-dnd,/test/unit/view/use-droppable-publisher/scroll-watching.spec.js,OvercommentedTest,"{""startLine"":134,""endLine"":171}",start: 134 end: 171,"Context: I'm refactoring test smells from a test file to improve code quality.
Issue Details:
- Test Smell Category: OvercommentedTest
- Smell Location:  Line Range:  startLine : 134, endLine : 171
- Description:  A test method that has been excessively commented on

Request:
Refactor the affected code to eliminate the OvercommentedTest. Ensure the test remains correct, readable, and maintainable.","it('should throttle multiple scrolls into a animation frame', () => {
 const marshal: DimensionMarshal = getMarshalStub();
 const registry: Registry = createRegistry();
 const registerSpy = jest.spyOn(registry.droppable, 'register');
 const wrapper = mount(
 <WithAppContext marshal={marshal} registry={registry}>
 <ScrollableItem />
 </WithAppContext>,
 );
 const container: ?HTMLElement = wrapper
 .find('.scroll-container')
 .getDOMNode();
 invariant(container);
 // tell the droppable to watch for scrolling
 const callbacks: DroppableCallbacks =
 registerSpy.mock.calls[0][0].callbacks;

 // watch scroll will only be called after the dimension is requested
 callbacks.getDimensionAndWatchScroll(preset.windowScroll, scheduled);

 // first event
 scroll(container, { x: 500, y: 1000 });
 // second event in same frame
 scroll(container, { x: 200, y: 800 });

 // release the update animation frame
 requestAnimationFrame.step();

 expect(marshal.updateDroppableScroll).toHaveBeenCalledTimes(1);
 expect(marshal.updateDroppableScroll).toHaveBeenCalledWith(
 preset.home.descriptor.id,
 { x: 200, y: 800 },
 );

 // also checking that no loose frames are stored up
 requestAnimationFrame.flush();
 expect(marshal.updateDroppableScroll).toHaveBeenCalledTimes(1);
 });",17,1,5.882352941,1068.334945,0.02542049733,91.2954325,"it('should throttle multiple scrolls into a animation frame', () => {
    const marshal: DimensionMarshal = getMarshalStub();
    const registry: Registry = createRegistry();
    const registerSpy = jest.spyOn(registry.droppable, 'register');
    const wrapper = mount(
      <WithAppContext marshal={marshal} registry={registry}>
        <ScrollableItem />
      </WithAppContext>,
    );
    const container: ?HTMLElement = wrapper
      .find('.scroll-container')
      .getDOMNode();
    invariant(container);

    const callbacks: DroppableCallbacks =
      registerSpy.mock.calls[0][0].callbacks;
    callbacks.getDimensionAndWatchScroll(preset.windowScroll, scheduled);

    scroll(container, { x: 500, y: 1000 });
    scroll(container, { x: 200, y: 800 });

    requestAnimationFrame.step();

    expect(marshal.updateDroppableScroll).toHaveBeenCalledTimes(1);
    expect(marshal.updateDroppableScroll).toHaveBeenCalledWith(
      preset.home.descriptor.id,
      { x: 200, y: 800 },
    );

    requestAnimationFrame.flush();
    expect(marshal.updateDroppableScroll).toHaveBeenCalledTimes(1);
  });","Context: I'm refactoring test smells from a test file to improve code quality.
Issue Details:
- Test Smell Category: OvercommentedTest
- Smell Location:  Line Range:  startLine : 134, endLine : 171
- Description:  A test method that has been excessively commented on
it('should throttle multiple scrolls into a animation frame', () => {
 const marshal: DimensionMarshal = getMarshalStub();
 const registry: Registry = createRegistry();
 const registerSpy = jest.spyOn(registry.droppable, 'register');
 const wrapper = mount(
 <WithAppContext marshal={marshal} registry={registry}>
 <ScrollableItem />
 </WithAppContext>,
 );
 const container: ?HTMLElement = wrapper
 .find('.scroll-container')
 .getDOMNode();
 invariant(container);
 // tell the droppable to watch for scrolling
 const callbacks: DroppableCallbacks =
 registerSpy.mock.calls[0][0].callbacks;

 // watch scroll will only be called after the dimension is requested
 callbacks.getDimensionAndWatchScroll(preset.windowScroll, scheduled);

 // first event
 scroll(container, { x: 500, y: 1000 });
 // second event in same frame
 scroll(container, { x: 200, y: 800 });

 // release the update animation frame
 requestAnimationFrame.step();

 expect(marshal.updateDroppableScroll).toHaveBeenCalledTimes(1);
 expect(marshal.updateDroppableScroll).toHaveBeenCalledWith(
 preset.home.descriptor.id,
 { x: 200, y: 800 },
 );

 // also checking that no loose frames are stored up
 requestAnimationFrame.flush();
 expect(marshal.updateDroppableScroll).toHaveBeenCalledTimes(1);
 });
Request:
Refactor the affected code to eliminate the OvercommentedTest. Ensure the test remains correct, readable, and maintainable.",12,1,8.333333333,,,,FALSE,FALSE,FALSE,FALSE,FALSE,FALSE,,,,,,
30,snutsjs,atlassian/react-beautiful-dnd,/test/unit/view/use-droppable-publisher/scroll-watching.spec.js,OvercommentedTest,"{""startLine"":173,""endLine"":215}",start: 173 end: 215,"Context: I'm refactoring test smells from a test file to improve code quality.
Issue Details:
- Test Smell Category: OvercommentedTest
- Smell Location:  Line Range:  startLine : 173, endLine : 215
- Description:  A test method that has been excessively commented on

Request:
Refactor the affected code to eliminate the OvercommentedTest. Ensure the test remains correct, readable, and maintainable.","it('should not fire a scroll if the value has not changed since the previous frame', () => {
 // this can happen if you scroll backward and forward super quick
 const marshal: DimensionMarshal = getMarshalStub();
 const registry: Registry = createRegistry();
 const registerSpy = jest.spyOn(registry.droppable, 'register');
 const wrapper = mount(
 <WithAppContext marshal={marshal} registry={registry}>
 <ScrollableItem />
 </WithAppContext>,
 );
 const container: ?HTMLElement = wrapper
 .find('.scroll-container')
 .getDOMNode();
 invariant(container);
 // tell the droppable to watch for scrolling
 const callbacks: DroppableCallbacks =
 registerSpy.mock.calls[0][0].callbacks;

 // watch scroll will only be called after the dimension is requested
 callbacks.getDimensionAndWatchScroll(preset.windowScroll, scheduled);

 // first event
 scroll(container, { x: 500, y: 1000 });
 // release the frame
 requestAnimationFrame.step();
 expect(marshal.updateDroppableScroll).toHaveBeenCalledTimes(1);
 expect(marshal.updateDroppableScroll).toHaveBeenCalledWith(
 preset.home.descriptor.id,
 { x: 500, y: 1000 },
 );
 // $ExpectError
 marshal.updateDroppableScroll.mockReset();

 // second event
 scroll(container, { x: 501, y: 1001 });
 // no frame to release change yet

 // third event - back to original value
 scroll(container, { x: 500, y: 1000 });
 // release the frame
 requestAnimationFrame.step();
 expect(marshal.updateDroppableScroll).not.toHaveBeenCalled();
 });",19,1,5.263157895,1294.227834,0.0275761482,88.8586933,"it('should not fire a scroll if the value has not changed since the previous frame', () => {
    const marshal: DimensionMarshal = getMarshalStub();
    const registry: Registry = createRegistry();
    const registerSpy = jest.spyOn(registry.droppable, 'register');
    const wrapper = mount(
      <WithAppContext marshal={marshal} registry={registry}>
        <ScrollableItem />
      </WithAppContext>,
    );
    const container: ?HTMLElement = wrapper
      .find('.scroll-container')
      .getDOMNode();
    invariant(container);
    const callbacks: DroppableCallbacks =
      registerSpy.mock.calls[0][0].callbacks;

    callbacks.getDimensionAndWatchScroll(preset.windowScroll, scheduled);

    const originalPosition = { x: 500, y: 1000 };
    scroll(container, originalPosition);
    requestAnimationFrame.step();
    expect(marshal.updateDroppableScroll).toHaveBeenCalledTimes(1);
    expect(marshal.updateDroppableScroll).toHaveBeenCalledWith(
      preset.home.descriptor.id,
      originalPosition,
    );
    // $ExpectError
    marshal.updateDroppableScroll.mockReset();

    scroll(container, { x: 501, y: 1001 });

    scroll(container, originalPosition);
    requestAnimationFrame.step();
    expect(marshal.updateDroppableScroll).not.toHaveBeenCalled();
  });","Context: I'm refactoring test smells from a test file to improve code quality.
Issue Details:
- Test Smell Category: OvercommentedTest
- Smell Location:  Line Range:  startLine : 173, endLine : 215
- Description:  A test method that has been excessively commented on
it('should not fire a scroll if the value has not changed since the previous frame', () => {
 // this can happen if you scroll backward and forward super quick
 const marshal: DimensionMarshal = getMarshalStub();
 const registry: Registry = createRegistry();
 const registerSpy = jest.spyOn(registry.droppable, 'register');
 const wrapper = mount(
 <WithAppContext marshal={marshal} registry={registry}>
 <ScrollableItem />
 </WithAppContext>,
 );
 const container: ?HTMLElement = wrapper
 .find('.scroll-container')
 .getDOMNode();
 invariant(container);
 // tell the droppable to watch for scrolling
 const callbacks: DroppableCallbacks =
 registerSpy.mock.calls[0][0].callbacks;

 // watch scroll will only be called after the dimension is requested
 callbacks.getDimensionAndWatchScroll(preset.windowScroll, scheduled);

 // first event
 scroll(container, { x: 500, y: 1000 });
 // release the frame
 requestAnimationFrame.step();
 expect(marshal.updateDroppableScroll).toHaveBeenCalledTimes(1);
 expect(marshal.updateDroppableScroll).toHaveBeenCalledWith(
 preset.home.descriptor.id,
 { x: 500, y: 1000 },
 );
 // $ExpectError
 marshal.updateDroppableScroll.mockReset();

 // second event
 scroll(container, { x: 501, y: 1001 });
 // no frame to release change yet

 // third event - back to original value
 scroll(container, { x: 500, y: 1000 });
 // release the frame
 requestAnimationFrame.step();
 expect(marshal.updateDroppableScroll).not.toHaveBeenCalled();
 });
Request:
Refactor the affected code to eliminate the OvercommentedTest. Ensure the test remains correct, readable, and maintainable.",12,1,8.333333333,,,,FALSE,FALSE,FALSE,FALSE,FALSE,FALSE,,,,,,
31,snutsjs,atlassian/react-beautiful-dnd,/test/unit/view/use-droppable-publisher/scroll-watching.spec.js,OvercommentedTest,"{""startLine"":217,""endLine"":254}",start: 217 end: 254,"Context: I'm refactoring test smells from a test file to improve code quality.
Issue Details:
- Test Smell Category: OvercommentedTest
- Smell Location:  Line Range:  startLine : 217, endLine : 254
- Description:  A test method that has been excessively commented on

Request:
Refactor the affected code to eliminate the OvercommentedTest. Ensure the test remains correct, readable, and maintainable.","it('should not publish a scroll update after requested not to update while an animation frame is occurring', () => {
 const marshal: DimensionMarshal = getMarshalStub();
 const registry: Registry = createRegistry();
 const registerSpy = jest.spyOn(registry.droppable, 'register');
 const wrapper = mount(
 <WithAppContext marshal={marshal} registry={registry}>
 <ScrollableItem />
 </WithAppContext>,
 );
 const container: ?HTMLElement = wrapper
 .find('.scroll-container')
 .getDOMNode();
 invariant(container);
 // tell the droppable to watch for scrolling
 const callbacks: DroppableCallbacks =
 registerSpy.mock.calls[0][0].callbacks;

 // watch scroll will only be called after the dimension is requested
 callbacks.getDimensionAndWatchScroll(preset.windowScroll, scheduled);

 // first event
 scroll(container, { x: 500, y: 1000 });
 requestAnimationFrame.step();
 expect(marshal.updateDroppableScroll).toHaveBeenCalledTimes(1);
 // $ExpectError
 marshal.updateDroppableScroll.mockReset();

 // second event
 scroll(container, { x: 400, y: 100 });
 // no animation frame to release event fired yet

 // unwatching before frame fired
 callbacks.dragStopped();

 // flushing any frames
 requestAnimationFrame.flush();
 expect(marshal.updateDroppableScroll).not.toHaveBeenCalled();
 });",18,1,5.555555556,905.3685971,0.02425815843,90.73452834,"it('should not publish a scroll update after requested not to update while an animation frame is occurring', () => {
    const marshal: DimensionMarshal = getMarshalStub();
    const registry: Registry = createRegistry();
    const registerSpy = jest.spyOn(registry.droppable, 'register');
    const wrapper = mount(
      <WithAppContext marshal={marshal} registry={registry}>
        <ScrollableItem />
      </WithAppContext>,
    );
    const container: ?HTMLElement = wrapper
      .find('.scroll-container')
      .getDOMNode();
    invariant(container);
    const callbacks: DroppableCallbacks =
      registerSpy.mock.calls[0][0].callbacks;

    callbacks.getDimensionAndWatchScroll(preset.windowScroll, scheduled);

    scroll(container, { x: 500, y: 1000 });
    requestAnimationFrame.step();
    expect(marshal.updateDroppableScroll).toHaveBeenCalledTimes(1);
    // $ExpectError
    marshal.updateDroppableScroll.mockReset();

    scroll(container, { x: 400, y: 100 });
    callbacks.dragStopped();

    requestAnimationFrame.flush();
    expect(marshal.updateDroppableScroll).not.toHaveBeenCalled();
  });
});","Context: I'm refactoring test smells from a test file to improve code quality.
Issue Details:
- Test Smell Category: OvercommentedTest
- Smell Location:  Line Range:  startLine : 217, endLine : 254
- Description:  A test method that has been excessively commented on
it('should not publish a scroll update after requested not to update while an animation frame is occurring', () => {
 const marshal: DimensionMarshal = getMarshalStub();
 const registry: Registry = createRegistry();
 const registerSpy = jest.spyOn(registry.droppable, 'register');
 const wrapper = mount(
 <WithAppContext marshal={marshal} registry={registry}>
 <ScrollableItem />
 </WithAppContext>,
 );
 const container: ?HTMLElement = wrapper
 .find('.scroll-container')
 .getDOMNode();
 invariant(container);
 // tell the droppable to watch for scrolling
 const callbacks: DroppableCallbacks =
 registerSpy.mock.calls[0][0].callbacks;

 // watch scroll will only be called after the dimension is requested
 callbacks.getDimensionAndWatchScroll(preset.windowScroll, scheduled);

 // first event
 scroll(container, { x: 500, y: 1000 });
 requestAnimationFrame.step();
 expect(marshal.updateDroppableScroll).toHaveBeenCalledTimes(1);
 // $ExpectError
 marshal.updateDroppableScroll.mockReset();

 // second event
 scroll(container, { x: 400, y: 100 });
 // no animation frame to release event fired yet

 // unwatching before frame fired
 callbacks.dragStopped();

 // flushing any frames
 requestAnimationFrame.flush();
 expect(marshal.updateDroppableScroll).not.toHaveBeenCalled();
 });
Request:
Refactor the affected code to eliminate the OvercommentedTest. Ensure the test remains correct, readable, and maintainable.",18,1,5.555555556,,,,FALSE,FALSE,FALSE,FALSE,FALSE,FALSE,,,,,,
32,snutsjs,atlassian/react-beautiful-dnd,/test/unit/view/use-droppable-publisher/scroll-watching.spec.js,OvercommentedTest,"{""startLine"":257,""endLine"":288}",start: 257 end: 288,"Context: I'm refactoring test smells from a test file to improve code quality.
Issue Details:
- Test Smell Category: OvercommentedTest
- Smell Location:  Line Range:  startLine : 257, endLine : 288
- Description:  A test method that has been excessively commented on

Request:
Refactor the affected code to eliminate the OvercommentedTest. Ensure the test remains correct, readable, and maintainable.","it('should stop watching scroll when no longer required to publish', () => {
 // this can happen if you scroll backward and forward super quick
 const marshal: DimensionMarshal = getMarshalStub();
 const registry: Registry = createRegistry();
 const registerSpy = jest.spyOn(registry.droppable, 'register');
 const wrapper = mount(
 <WithAppContext marshal={marshal} registry={registry}>
 <ScrollableItem />
 </WithAppContext>,
 );
 const container: ?HTMLElement = wrapper
 .find('.scroll-container')
 .getDOMNode();
 invariant(container);
 // tell the droppable to watch for scrolling
 const callbacks: DroppableCallbacks = registerSpy.mock.calls[0][0].callbacks;

 // watch scroll will only be called after the dimension is requested
 callbacks.getDimensionAndWatchScroll(preset.windowScroll, immediate);

 // first event
 scroll(container, { x: 500, y: 1000 });
 expect(marshal.updateDroppableScroll).toHaveBeenCalledTimes(1);
 // $ExpectError
 marshal.updateDroppableScroll.mockReset();

 callbacks.dragStopped();

 // scroll event after no longer watching
 scroll(container, { x: 190, y: 400 });
 expect(marshal.updateDroppableScroll).not.toHaveBeenCalled();
});",16,1,6.25,830.9664922,0.02282338932,93.11815716,"it('should stop watching scroll when no longer required to publish', () => {
  const marshal: DimensionMarshal = getMarshalStub();
  const registry: Registry = createRegistry();
  const registerSpy = jest.spyOn(registry.droppable, 'register');
  const wrapper = mount(
    <WithAppContext marshal={marshal} registry={registry}>
      <ScrollableItem />
    </WithAppContext>,
  );
  const container: ?HTMLElement = wrapper
    .find('.scroll-container')
    .getDOMNode();
  invariant(container);
  const callbacks: DroppableCallbacks = registerSpy.mock.calls[0][0].callbacks;

  callbacks.getDimensionAndWatchScroll(preset.windowScroll, immediate);

  scroll(container, { x: 500, y: 1000 });
  expect(marshal.updateDroppableScroll).toHaveBeenCalledTimes(1);
  // $ExpectError
  marshal.updateDroppableScroll.mockReset();

  callbacks.dragStopped();

  scroll(container, { x: 190, y: 400 });
  expect(marshal.updateDroppableScroll).not.toHaveBeenCalled();
});","Context: I'm refactoring test smells from a test file to improve code quality.
Issue Details:
- Test Smell Category: OvercommentedTest
- Smell Location:  Line Range:  startLine : 257, endLine : 288
- Description:  A test method that has been excessively commented on
it('should stop watching scroll when no longer required to publish', () => {
 // this can happen if you scroll backward and forward super quick
 const marshal: DimensionMarshal = getMarshalStub();
 const registry: Registry = createRegistry();
 const registerSpy = jest.spyOn(registry.droppable, 'register');
 const wrapper = mount(
 <WithAppContext marshal={marshal} registry={registry}>
 <ScrollableItem />
 </WithAppContext>,
 );
 const container: ?HTMLElement = wrapper
 .find('.scroll-container')
 .getDOMNode();
 invariant(container);
 // tell the droppable to watch for scrolling
 const callbacks: DroppableCallbacks = registerSpy.mock.calls[0][0].callbacks;

 // watch scroll will only be called after the dimension is requested
 callbacks.getDimensionAndWatchScroll(preset.windowScroll, immediate);

 // first event
 scroll(container, { x: 500, y: 1000 });
 expect(marshal.updateDroppableScroll).toHaveBeenCalledTimes(1);
 // $ExpectError
 marshal.updateDroppableScroll.mockReset();

 callbacks.dragStopped();

 // scroll event after no longer watching
 scroll(container, { x: 190, y: 400 });
 expect(marshal.updateDroppableScroll).not.toHaveBeenCalled();
});
Request:
Refactor the affected code to eliminate the OvercommentedTest. Ensure the test remains correct, readable, and maintainable.",16,1,6.25,,,,FALSE,FALSE,FALSE,FALSE,FALSE,FALSE,,,,,,
33,snutsjs,atlassian/react-beautiful-dnd,/test/unit/health/src-file-name-convention.spec.js,ConditionalTestLogic,"{""startLine"":28,""endLine"":30}",start: 18 end: 41,"Context: I'm refactoring test smells from a test file to improve code quality.
Issue Details:
- Test Smell Category: ConditionalTestLogic
- Smell Location:  Line Range:  startLine : 28, endLine : 30
- Description:  Occurs due to the presence of test methods that contain conditional statements, such as the use of if-else or loops like for or while. Test methods that include conditional statements can compromise the effectiveness of tests

Request:
Refactor the affected code to eliminate the ConditionalTestLogic. Ensure the test remains correct, readable, and maintainable.","it('should have every prettier target following the file name convention', async () => {
 const targets: string[] = pkg.config.prettier_target.split(' ');
 const paths: string[] = await globby(targets);

 invariant(
 paths.length,
 'Could not find files to test against file name convention',
 );

 paths.forEach((filePath: string) => {
 if (exceptions.includes(filePath)) {
 return;
 }

 const isMatching: boolean = isSnakeCase(filePath);

 invariant(
 isMatching,
 `${filePath} does not follow the file path convention (snake-case.js) ${convention.toString()}`,
 );

 expect(isMatching).toBe(true);
 });
});",13,2,15.38461538,329.5118827,0.01275982459,100,"it('should have every prettier target following the file name convention', async () => {
  const targets: string[] = pkg.config.prettier_target.split(' ');
  const paths: string[] = await globby(targets);

  invariant(
    paths.length,
    'Could not find files to test against file name convention',
  );

  const pathsToTest = paths.filter(
    (filePath) => !exceptions.includes(filePath),
  );

  pathsToTest.forEach((filePath: string) => {
    const isMatching: boolean = isSnakeCase(filePath);

    invariant(
      isMatching,
      `${filePath} does not follow the file path convention (snake-case.js) ${convention.toString()}`,
    );

    expect(isMatching).toBe(true);
  });
});","Context: I'm refactoring test smells from a test file to improve code quality.
Issue Details:
- Test Smell Category: ConditionalTestLogic
- Smell Location:  Line Range:  startLine : 28, endLine : 30
- Description:  Occurs due to the presence of test methods that contain conditional statements, such as the use of if-else or loops like for or while. Test methods that include conditional statements can compromise the effectiveness of tests
it('should have every prettier target following the file name convention', async () => {
 const targets: string[] = pkg.config.prettier_target.split(' ');
 const paths: string[] = await globby(targets);

 invariant(
 paths.length,
 'Could not find files to test against file name convention',
 );

 paths.forEach((filePath: string) => {
 if (exceptions.includes(filePath)) {
 return;
 }

 const isMatching: boolean = isSnakeCase(filePath);

 invariant(
 isMatching,
 `${filePath} does not follow the file path convention (snake-case.js) ${convention.toString()}`,
 );

 expect(isMatching).toBe(true);
 });
});
Request:
Refactor the affected code to eliminate the ConditionalTestLogic. Ensure the test remains correct, readable, and maintainable.",11,1,9.090909091,,,,FALSE,FALSE,FALSE,FALSE,FALSE,FALSE,,,,,,
34,snutsjs,atlassian/react-beautiful-dnd,/test/unit/docs/content.spec.js,ConditionalTestLogic,"{""startLine"":20,""endLine"":25}",start: 8 end: 30,"Context: I'm refactoring test smells from a test file to improve code quality.
Issue Details:
- Test Smell Category: ConditionalTestLogic
- Smell Location:  Line Range:  startLine : 20, endLine : 25
- Description:  Occurs due to the presence of test methods that contain conditional statements, such as the use of if-else or loops like for or while. Test methods that include conditional statements can compromise the effectiveness of tests

Request:
Refactor the affected code to eliminate the ConditionalTestLogic. Ensure the test remains correct, readable, and maintainable.","it('should end all nested docs with a link back to the documentation root', async () => {
 const files: string[] = await globby('docs/**/*.md');
 expect(files.length).toBeGreaterThan(0);
 const backLink: string =
 '[← Back to documentation](/README.md#documentation-)';

 for (const file of files) {
 const contents: string = await fs.readFile(file, 'utf8');

 // Printing a nice message to allow for quick fixing
 const endsWithBacklink: boolean = contents.trim().endsWith(backLink);

 if (!endsWithBacklink) {
 expect(`
 File: ""${file}""
 Did not end with back link
 `).toBe(true);
 }

 // need at least one assertion
 expect(true).toBe(true);
 }
});",14,3,21.42857143,498.7227057,0.01220852398,99.9087663,"it('should end all nested docs with a link back to the documentation root', async () => {
  const files: string[] = await globby('docs/**/*.md');
  expect(files.length).toBeGreaterThan(0);
  const backLink: string =
    '[← Back to documentation](/README.md#documentation-)';

  const fileAssertions = await Promise.all(
    files.map(async (file) => {
      const contents: string = await fs.readFile(file, 'utf8');
      const endsWithBacklink: boolean = contents.trim().endsWith(backLink);
      return { file, endsWithBacklink };
    })
  );

  const filesWithoutBacklink = fileAssertions.filter((result) => !result.endsWithBacklink);
  
  expect(filesWithoutBacklink).toEqual([], 
    `The following files did not end with back link: ${filesWithoutBacklink.map((r) => r.file).join(', ')}`
  );
});","Context: I'm refactoring test smells from a test file to improve code quality.
Issue Details:
- Test Smell Category: ConditionalTestLogic
- Smell Location:  Line Range:  startLine : 20, endLine : 25
- Description:  Occurs due to the presence of test methods that contain conditional statements, such as the use of if-else or loops like for or while. Test methods that include conditional statements can compromise the effectiveness of tests
it('should end all nested docs with a link back to the documentation root', async () => {
 const files: string[] = await globby('docs/**/*.md');
 expect(files.length).toBeGreaterThan(0);
 const backLink: string =
 '[← Back to documentation](/README.md#documentation-)';

 for (const file of files) {
 const contents: string = await fs.readFile(file, 'utf8');

 // Printing a nice message to allow for quick fixing
 const endsWithBacklink: boolean = contents.trim().endsWith(backLink);

 if (!endsWithBacklink) {
 expect(`
 File: ""${file}""
 Did not end with back link
 `).toBe(true);
 }

 // need at least one assertion
 expect(true).toBe(true);
 }
});
Request:
Refactor the affected code to eliminate the ConditionalTestLogic. Ensure the test remains correct, readable, and maintainable.",11,2,18.18181818,,,,FALSE,FALSE,FALSE,FALSE,FALSE,FALSE,,,,,,
35,snutsjs,atlassian/react-beautiful-dnd,/test/unit/view/use-droppable-publisher/is-element-scrollable.spec.js,SubOptimalAssert,"{""startLine"":21,""endLine"":21}",start: 16 end: 23,"Context: I'm refactoring test smells from a test file to improve code quality.
Issue Details:
- Test Smell Category: SubOptimalAssert
- Smell Location:  Line Range:  startLine : 21, endLine : 21
- Description:  Occurs when the assertions used in tests are not ideal for verifying the specific condition being tested. Using more specific and expressive assertions can improve test clarity and make results more useful

Request:
Refactor the affected code to eliminate the SubOptimalAssert. Ensure the test remains correct, readable, and maintainable.","it('should return false if an element has overflow:visible', () => {
 ['overflowY', 'overflowX'].forEach((overflow: string) => {
 const el: HTMLElement = document.createElement('div');
 // $ExpectError - flow being mean
 el.style[overflow] = 'visible';
 expect(getClosestScrollable(el)).toBe(null);
 });
});",7,1,14.28571429,234.5652474,0.008627890131,100,"it('should return false if an element has overflow:visible', () => {
  ['overflowY', 'overflowX'].forEach((overflow: string) => {
    const el: HTMLElement = document.createElement('div');
    // $ExpectError - flow being mean
    el.style[overflow] = 'visible';
    expect(getClosestScrollable(el)).toBeNull();
  });
});","Context: I'm refactoring test smells from a test file to improve code quality.
Issue Details:
- Test Smell Category: SubOptimalAssert
- Smell Location:  Line Range:  startLine : 21, endLine : 21
- Description:  Occurs when the assertions used in tests are not ideal for verifying the specific condition being tested. Using more specific and expressive assertions can improve test clarity and make results more useful
it('should return false if an element has overflow:visible', () => {
 ['overflowY', 'overflowX'].forEach((overflow: string) => {
 const el: HTMLElement = document.createElement('div');
 // $ExpectError - flow being mean
 el.style[overflow] = 'visible';
 expect(getClosestScrollable(el)).toBe(null);
 });
});
Request:
Refactor the affected code to eliminate the SubOptimalAssert. Ensure the test remains correct, readable, and maintainable.",7,1,14.28571429,,,,FALSE,FALSE,FALSE,FALSE,FALSE,FALSE,,,,,,
36,snutsjs,atlassian/react-beautiful-dnd,/test/unit/view/use-droppable-publisher/is-element-scrollable.spec.js,SubOptimalAssert,"{""startLine"":64,""endLine"":64}",start: 60 end: 66,"Context: I'm refactoring test smells from a test file to improve code quality.
Issue Details:
- Test Smell Category: SubOptimalAssert
- Smell Location:  Line Range:  startLine : 64, endLine : 64
- Description:  Occurs when the assertions used in tests are not ideal for verifying the specific condition being tested. Using more specific and expressive assertions can improve test clarity and make results more useful

Request:
Refactor the affected code to eliminate the SubOptimalAssert. Ensure the test remains correct, readable, and maintainable.","it('should warn if the body might be a scroll container', () => {
 body.style.overflowX = 'auto';
 html.style.overflowY = 'auto';

 expect(getClosestScrollable(body)).toBe(null);
 expect(console.warn).toHaveBeenCalled();
 });",6,1,16.66666667,260.1378137,0.008767126041,100,"  it('should warn if the body might be a scroll container', () => {
    body.style.overflowX = 'auto';
    html.style.overflowY = 'auto';

    expect(getClosestScrollable(body)).toBe(null);
    expect(console.warn).toHaveBeenCalledTimes(1);
    expect(console.warn).toHaveBeenCalledWith(
      expect.stringContaining('We have detected that your <body> element might be a scroll container')
    );
  });","Context: I'm refactoring test smells from a test file to improve code quality.
Issue Details:
- Test Smell Category: SubOptimalAssert
- Smell Location:  Line Range:  startLine : 64, endLine : 64
- Description:  Occurs when the assertions used in tests are not ideal for verifying the specific condition being tested. Using more specific and expressive assertions can improve test clarity and make results more useful
it('should warn if the body might be a scroll container', () => {
 body.style.overflowX = 'auto';
 html.style.overflowY = 'auto';

 expect(getClosestScrollable(body)).toBe(null);
 expect(console.warn).toHaveBeenCalled();
 });
Request:
Refactor the affected code to eliminate the SubOptimalAssert. Ensure the test remains correct, readable, and maintainable.",6,1,16.66666667,,,,FALSE,FALSE,FALSE,FALSE,FALSE,FALSE,,,,,,
37,snutsjs,atlassian/react-beautiful-dnd,/test/unit/view/use-droppable-publisher/is-element-scrollable.spec.js,SubOptimalAssert,"{""startLine"":70,""endLine"":70}",start: 68 end: 72,"Context: I'm refactoring test smells from a test file to improve code quality.
Issue Details:
- Test Smell Category: SubOptimalAssert
- Smell Location:  Line Range:  startLine : 70, endLine : 70
- Description:  Occurs when the assertions used in tests are not ideal for verifying the specific condition being tested. Using more specific and expressive assertions can improve test clarity and make results more useful

Request:
Refactor the affected code to eliminate the SubOptimalAssert. Ensure the test remains correct, readable, and maintainable.","it('should not mark the body as a scroll container if it does not have any overflow set', () => {
 body.style.overflowX = 'visible';
 expect(getClosestScrollable(body)).toBe(null);
 expect(console.warn).not.toHaveBeenCalled();
 });",5,1,20,193.8461538,0.007745047645,100,"  it('should not mark the body as a scroll container if it does not have any overflow set', () => {
    body.style.overflowX = 'visible';
    expect(getClosestScrollable(body)).toBe(null);
    expect(console.warn).toHaveBeenCalledTimes(0);
  });","Context: I'm refactoring test smells from a test file to improve code quality.
Issue Details:
- Test Smell Category: SubOptimalAssert
- Smell Location:  Line Range:  startLine : 70, endLine : 70
- Description:  Occurs when the assertions used in tests are not ideal for verifying the specific condition being tested. Using more specific and expressive assertions can improve test clarity and make results more useful
it('should not mark the body as a scroll container if it does not have any overflow set', () => {
 body.style.overflowX = 'visible';
 expect(getClosestScrollable(body)).toBe(null);
 expect(console.warn).not.toHaveBeenCalled();
 });
Request:
Refactor the affected code to eliminate the SubOptimalAssert. Ensure the test remains correct, readable, and maintainable.",5,1,20,,,,FALSE,FALSE,FALSE,FALSE,FALSE,FALSE,,,,,,
38,snutsjs,atlassian/react-beautiful-dnd,/test/unit/view/use-droppable-publisher/is-element-scrollable.spec.js,SubOptimalAssert,"{""startLine"":77,""endLine"":77}",start: 74 end: 79,"Context: I'm refactoring test smells from a test file to improve code quality.
Issue Details:
- Test Smell Category: SubOptimalAssert
- Smell Location:  Line Range:  startLine : 77, endLine : 77
- Description:  Occurs when the assertions used in tests are not ideal for verifying the specific condition being tested. Using more specific and expressive assertions can improve test clarity and make results more useful

Request:
Refactor the affected code to eliminate the SubOptimalAssert. Ensure the test remains correct, readable, and maintainable.","it('should not mark the body as a scroll container if the html element has visible overflow', () => {
 body.style.overflowX = 'auto';
 html.style.overflowY = 'visible';
 expect(getClosestScrollable(body)).toBe(null);
 expect(console.warn).not.toHaveBeenCalled();
 });",6,1,16.66666667,264.8317309,0.009354965131,100,"  it('should not mark the body as a scroll container if the html element has visible overflow', () => {
    body.style.overflowX = 'auto';
    html.style.overflowY = 'visible';
    expect(getClosestScrollable(body)).toBe(null);
    expect(console.warn).toHaveBeenCalledTimes(0);
  });","Context: I'm refactoring test smells from a test file to improve code quality.
Issue Details:
- Test Smell Category: SubOptimalAssert
- Smell Location:  Line Range:  startLine : 77, endLine : 77
- Description:  Occurs when the assertions used in tests are not ideal for verifying the specific condition being tested. Using more specific and expressive assertions can improve test clarity and make results more useful
it('should not mark the body as a scroll container if the html element has visible overflow', () => {
 body.style.overflowX = 'auto';
 html.style.overflowY = 'visible';
 expect(getClosestScrollable(body)).toBe(null);
 expect(console.warn).not.toHaveBeenCalled();
 });
Request:
Refactor the affected code to eliminate the SubOptimalAssert. Ensure the test remains correct, readable, and maintainable.",6,1,16.66666667,,,,FALSE,FALSE,FALSE,FALSE,FALSE,FALSE,,,,,,
39,snutsjs,atlassian/react-beautiful-dnd,/test/unit/view/placeholder/animated-mount.spec.js,SubOptimalAssert,"{""startLine"":42,""endLine"":42}",start: 31 end: 58,"Context: I'm refactoring test smells from a test file to improve code quality.
Issue Details:
- Test Smell Category: SubOptimalAssert
- Smell Location:  Line Range:  startLine : 42, endLine : 42
- Description:  Occurs when the assertions used in tests are not ideal for verifying the specific condition being tested. Using more specific and expressive assertions can improve test clarity and make results more useful

Request:
Refactor the affected code to eliminate the SubOptimalAssert. Ensure the test remains correct, readable, and maintainable.","it('should animate a mount', () => {
 const wrapper: ReactWrapper<*> = mount(
 <Placeholder
 contextId={contextId}
 animate=""open""
 placeholder={placeholder}
 onClose={jest.fn()}
 onTransitionEnd={jest.fn()}
 />,
 );

 expect(getCreatePlaceholderCalls().length).toBe(1);

 // first call had an empty size
 const onMount: PlaceholderStyle = getPlaceholderStyle(wrapper);
 expectIsEmpty(onMount);

 // Will trigger a .setState
 act(() => {
 jest.runOnlyPendingTimers();
 });

 // tell enzyme that something has changed
 wrapper.update();

 const postMount: PlaceholderStyle = getPlaceholderStyle(wrapper);
 expectIsFull(postMount);
});",12,1,8.333333333,359.5836384,0.01336288538,100,"it('should animate a mount', () => {
  const wrapper: ReactWrapper<*> = mount(
    <Placeholder
      contextId={contextId}
      animate=""open""
      placeholder={placeholder}
      onClose={jest.fn()}
      onTransitionEnd={jest.fn()}
    />,
  );

  expect(getCreatePlaceholderCalls()).toHaveLength(1);

  // first call had an empty size
  const onMount: PlaceholderStyle = getPlaceholderStyle(wrapper);
  expectIsEmpty(onMount);

  // Will trigger a .setState
  act(() => {
    jest.runOnlyPendingTimers();
  });

  // tell enzyme that something has changed
  wrapper.update();

  const postMount: PlaceholderStyle = getPlaceholderStyle(wrapper);
  expectIsFull(postMount);
});","Context: I'm refactoring test smells from a test file to improve code quality.
Issue Details:
- Test Smell Category: SubOptimalAssert
- Smell Location:  Line Range:  startLine : 42, endLine : 42
- Description:  Occurs when the assertions used in tests are not ideal for verifying the specific condition being tested. Using more specific and expressive assertions can improve test clarity and make results more useful
it('should animate a mount', () => {
 const wrapper: ReactWrapper<*> = mount(
 <Placeholder
 contextId={contextId}
 animate=""open""
 placeholder={placeholder}
 onClose={jest.fn()}
 onTransitionEnd={jest.fn()}
 />,
 );

 expect(getCreatePlaceholderCalls().length).toBe(1);

 // first call had an empty size
 const onMount: PlaceholderStyle = getPlaceholderStyle(wrapper);
 expectIsEmpty(onMount);

 // Will trigger a .setState
 act(() => {
 jest.runOnlyPendingTimers();
 });

 // tell enzyme that something has changed
 wrapper.update();

 const postMount: PlaceholderStyle = getPlaceholderStyle(wrapper);
 expectIsFull(postMount);
});
Request:
Refactor the affected code to eliminate the SubOptimalAssert. Ensure the test remains correct, readable, and maintainable.",12,1,8.333333333,,,,FALSE,FALSE,FALSE,FALSE,FALSE,FALSE,,,,,,
40,snutsjs,atlassian/react-beautiful-dnd,/test/unit/state/middleware/responders/announcements.spec.js,ConditionalTestLogic,"{""startLine"":143,""endLine"":146}",start: 141 end: 151,"Context: I'm refactoring test smells from a test file to improve code quality.
Issue Details:
- Test Smell Category: ConditionalTestLogic
- Smell Location:  Line Range:  startLine : 143, endLine : 146
- Description:  Occurs due to the presence of test methods that contain conditional statements, such as the use of if-else or loops like for or while. Test methods that include conditional statements can compromise the effectiveness of tests

Request:
Refactor the affected code to eliminate the ConditionalTestLogic. Ensure the test remains correct, readable, and maintainable.","it('should announce with the default message if no responder is provided', () => {
 // This test is not relevant for onDragEnd as it must always be provided
 if (current.responder === 'onDragEnd') {
 expect(true).toBe(true);
 return;
 }
 // unsetting responder
 responders[current.responder] = undefined;
 current.execute(store);
 expect(announce).toHaveBeenCalledWith(current.defaultMessage);
 });",9,2,22.22222222,384.8245073,0.009063240809,100,"it('should announce with the default message if no responder is provided', () => {
        // unsetting responder
        responders[current.responder] = undefined;
        current.execute(store);
        expect(announce).toHaveBeenCalledWith(current.defaultMessage);
      });","Context: I'm refactoring test smells from a test file to improve code quality.
Issue Details:
- Test Smell Category: ConditionalTestLogic
- Smell Location:  Line Range:  startLine : 143, endLine : 146
- Description:  Occurs due to the presence of test methods that contain conditional statements, such as the use of if-else or loops like for or while. Test methods that include conditional statements can compromise the effectiveness of tests
it('should announce with the default message if no responder is provided', () => {
 // This test is not relevant for onDragEnd as it must always be provided
 if (current.responder === 'onDragEnd') {
 expect(true).toBe(true);
 return;
 }
 // unsetting responder
 responders[current.responder] = undefined;
 current.execute(store);
 expect(announce).toHaveBeenCalledWith(current.defaultMessage);
 });
Request:
Refactor the affected code to eliminate the ConditionalTestLogic. Ensure the test remains correct, readable, and maintainable.",13,3,23.07692308,,,,FALSE,FALSE,FALSE,FALSE,FALSE,FALSE,,,,,,
41,snutsjs,atlassian/react-beautiful-dnd,/test/unit/integration/drag-drop-context/error-handling/error-in-react-tree.spec.js,ConditionalTestLogic,"{""startLine"":13,""endLine"":16}",start: 10 end: 32,"Context: I'm refactoring test smells from a test file to improve code quality.
Issue Details:
- Test Smell Category: ConditionalTestLogic
- Smell Location:  Line Range:  startLine : 13, endLine : 16
- Description:  Occurs due to the presence of test methods that contain conditional statements, such as the use of if-else or loops like for or while. Test methods that include conditional statements can compromise the effectiveness of tests

Request:
Refactor the affected code to eliminate the ConditionalTestLogic. Ensure the test remains correct, readable, and maintainable.","it('should recover from rbd errors', () => {
 let hasThrown: boolean = false;
 function CanThrow(props: { shouldThrow: boolean }) {
 if (!hasThrown && props.shouldThrow) {
 hasThrown = true;
 invariant(false, 'throwing');
 }
 return null;
 }

 const { rerender, getByTestId } = render(
 <App anotherChild={<CanThrow shouldThrow={false} />} />,
 );

 simpleLift(keyboard, getByTestId('0'));
 expect(isDragging(getByTestId('0'))).toBe(true);

 withError(() => {
 rerender(<App anotherChild={<CanThrow shouldThrow />} />);
 });

 expect(isDragging(getByTestId('0'))).toBe(false);
});",16,3,18.75,1119.581584,0.01302551631,97.24030625,"it('should recover from rbd errors', () => {
  function SafeComponent() {
    return null;
  }

  function ThrowingComponent() {
    invariant(false, 'throwing');
    return null;
  }

  const { rerender, getByTestId } = render(
    <App anotherChild={<SafeComponent />} />,
  );

  simpleLift(keyboard, getByTestId('0'));
  expect(isDragging(getByTestId('0'))).toBe(true);

  withError(() => {
    rerender(<App anotherChild={<ThrowingComponent />} />);
  });

  expect(isDragging(getByTestId('0'))).toBe(false);
});","Context: I'm refactoring test smells from a test file to improve code quality.
Issue Details:
- Test Smell Category: ConditionalTestLogic
- Smell Location:  Line Range:  startLine : 13, endLine : 16
- Description:  Occurs due to the presence of test methods that contain conditional statements, such as the use of if-else or loops like for or while. Test methods that include conditional statements can compromise the effectiveness of tests
it('should recover from rbd errors', () => {
 let hasThrown: boolean = false;
 function CanThrow(props: { shouldThrow: boolean }) {
 if (!hasThrown && props.shouldThrow) {
 hasThrown = true;
 invariant(false, 'throwing');
 }
 return null;
 }

 const { rerender, getByTestId } = render(
 <App anotherChild={<CanThrow shouldThrow={false} />} />,
 );

 simpleLift(keyboard, getByTestId('0'));
 expect(isDragging(getByTestId('0'))).toBe(true);

 withError(() => {
 rerender(<App anotherChild={<CanThrow shouldThrow />} />);
 });

 expect(isDragging(getByTestId('0'))).toBe(false);
});
Request:
Refactor the affected code to eliminate the ConditionalTestLogic. Ensure the test remains correct, readable, and maintainable.",13,1,7.692307692,,,,FALSE,FALSE,FALSE,FALSE,FALSE,FALSE,,,,,,
42,snutsjs,atlassian/react-beautiful-dnd,/test/unit/integration/drag-drop-context/error-handling/error-in-react-tree.spec.js,ConditionalTestLogic,"{""startLine"":37,""endLine"":40}",start: 34 end: 56,"Context: I'm refactoring test smells from a test file to improve code quality.
Issue Details:
- Test Smell Category: ConditionalTestLogic
- Smell Location:  Line Range:  startLine : 37, endLine : 40
- Description:  Occurs due to the presence of test methods that contain conditional statements, such as the use of if-else or loops like for or while. Test methods that include conditional statements can compromise the effectiveness of tests

Request:
Refactor the affected code to eliminate the ConditionalTestLogic. Ensure the test remains correct, readable, and maintainable.","it('should not recover from non-rbd errors', () => {
 let hasThrown: boolean = false;
 function CanThrow(props: { shouldThrow: boolean }) {
 if (!hasThrown && props.shouldThrow) {
 hasThrown = true;
 throw new Error('Boom');
 }
 return null;
 }

 const { rerender, getByTestId } = render(
 <App anotherChild={<CanThrow shouldThrow={false} />} />,
 );

 simpleLift(keyboard, getByTestId('0'));
 expect(isDragging(getByTestId('0'))).toBe(true);

 withError(() => {
 expect(() => {
 rerender(<App anotherChild={<CanThrow shouldThrow />} />);
 }).toThrow();
 });
});",17,3,17.64705882,868.729737,0.01215057309,96.80055172,"it('should not recover from non-rbd errors', () => {
  function ThrowingComponent() {
    throw new Error('Boom');
  }

  function SafeComponent() {
    return null;
  }

  const { rerender, getByTestId } = render(
    <App anotherChild={<SafeComponent />} />,
  );

  simpleLift(keyboard, getByTestId('0'));
  expect(isDragging(getByTestId('0'))).toBe(true);

  withError(() => {
    expect(() => {
      rerender(<App anotherChild={<ThrowingComponent />} />);
    }).toThrow();
  });
});","Context: I'm refactoring test smells from a test file to improve code quality.
Issue Details:
- Test Smell Category: ConditionalTestLogic
- Smell Location:  Line Range:  startLine : 37, endLine : 40
- Description:  Occurs due to the presence of test methods that contain conditional statements, such as the use of if-else or loops like for or while. Test methods that include conditional statements can compromise the effectiveness of tests
it('should not recover from non-rbd errors', () => {
 let hasThrown: boolean = false;
 function CanThrow(props: { shouldThrow: boolean }) {
 if (!hasThrown && props.shouldThrow) {
 hasThrown = true;
 throw new Error('Boom');
 }
 return null;
 }

 const { rerender, getByTestId } = render(
 <App anotherChild={<CanThrow shouldThrow={false} />} />,
 );

 simpleLift(keyboard, getByTestId('0'));
 expect(isDragging(getByTestId('0'))).toBe(true);

 withError(() => {
 expect(() => {
 rerender(<App anotherChild={<CanThrow shouldThrow />} />);
 }).toThrow();
 });
});
Request:
Refactor the affected code to eliminate the ConditionalTestLogic. Ensure the test remains correct, readable, and maintainable.",16,2,12.5,,,,FALSE,FALSE,FALSE,FALSE,FALSE,FALSE,,,,,,
43,steel,atlassian/react-beautiful-dnd,/test/unit/dev-warning.spec.js,Duplicate Assert,"{'line': 23, 'column': 2, 'index': 467}",start: 16 end: 32,"Context: I'm refactoring test smells from a test file to improve code quality.
Issue Details:
- Test Smell Category: Duplicate Assert
- Smell Location:  Line : 24, column: 2, index: 467
- Description:  This issue occurs when a test method verifies the same condition more than once within its scope, making the test harder to read and maintain. Identical assertions within the same method do not explicitly convey the purpose of the test method.

Request:
Refactor the affected code to eliminate the Duplicate Assert. Ensure the test remains correct, readable, and maintainable.","it('should not log a warning if warnings are disabled', () => {
 window['__react-beautiful-dnd-disable-dev-warnings'] = true;

 warning('hey');
 warning('sup');
 warning('hi');

 expect(warn).not.toHaveBeenCalled();

 // re-enable

 window['__react-beautiful-dnd-disable-dev-warnings'] = false;

 warning('hey');

 expect(warn).toHaveBeenCalled();
});",10,1,10,379.4567491,0.009181227058,100,,"Context: I'm refactoring test smells from a test file to improve code quality.
Issue Details:
- Test Smell Category: Duplicate Assert
- Smell Location:  Line : 24, column: 2, index: 467
- Description:  This issue occurs when a test method verifies the same condition more than once within its scope, making the test harder to read and maintain. Identical assertions within the same method do not explicitly convey the purpose of the test method.
it('should not log a warning if warnings are disabled', () => {
 window['__react-beautiful-dnd-disable-dev-warnings'] = true;

 warning('hey');
 warning('sup');
 warning('hi');

 expect(warn).not.toHaveBeenCalled();

 // re-enable

 window['__react-beautiful-dnd-disable-dev-warnings'] = false;

 warning('hey');

 expect(warn).toHaveBeenCalled();
});
Request:
Refactor the affected code to eliminate the Duplicate Assert. Ensure the test remains correct, readable, and maintainable.",10,1,10,,,,FALSE,FALSE,FALSE,FALSE,FALSE,FALSE,,,,,,
44,steel,atlassian/react-beautiful-dnd,/test/unit/dev-warning.spec.js,Duplicate Assert,"{'line': 31, 'column': 2, 'index': 607}",start: 16 end: 32,"Context: I'm refactoring test smells from a test file to improve code quality.
Issue Details:
- Test Smell Category: Duplicate Assert
- Smell Location:  Line : 32, column: 2, index: 607
- Description:  This issue occurs when a test method verifies the same condition more than once within its scope, making the test harder to read and maintain. Identical assertions within the same method do not explicitly convey the purpose of the test method.

Request:
Refactor the affected code to eliminate the Duplicate Assert. Ensure the test remains correct, readable, and maintainable.","it('should not log a warning if warnings are disabled', () => {
 window['__react-beautiful-dnd-disable-dev-warnings'] = true;

 warning('hey');
 warning('sup');
 warning('hi');

 expect(warn).not.toHaveBeenCalled();

 // re-enable

 window['__react-beautiful-dnd-disable-dev-warnings'] = false;

 warning('hey');

 expect(warn).toHaveBeenCalled();
});",10,1,10,379.4567491,0.009181227058,100,,"Context: I'm refactoring test smells from a test file to improve code quality.
Issue Details:
- Test Smell Category: Duplicate Assert
- Smell Location:  Line : 32, column: 2, index: 607
- Description:  This issue occurs when a test method verifies the same condition more than once within its scope, making the test harder to read and maintain. Identical assertions within the same method do not explicitly convey the purpose of the test method.
it('should not log a warning if warnings are disabled', () => {
 window['__react-beautiful-dnd-disable-dev-warnings'] = true;

 warning('hey');
 warning('sup');
 warning('hi');

 expect(warn).not.toHaveBeenCalled();

 // re-enable

 window['__react-beautiful-dnd-disable-dev-warnings'] = false;

 warning('hey');

 expect(warn).toHaveBeenCalled();
});
Request:
Refactor the affected code to eliminate the Duplicate Assert. Ensure the test remains correct, readable, and maintainable.",10,1,10,,,,FALSE,FALSE,FALSE,FALSE,FALSE,FALSE,,,,,,
45,steel,atlassian/react-beautiful-dnd,/test/unit/view/use-draggable-publisher.spec.js,Duplicate Assert,"{'line': 100, 'column': 4, 'index': 2698}",start: 87 end: 102,"Context: I'm refactoring test smells from a test file to improve code quality.
Issue Details:
- Test Smell Category: Duplicate Assert
- Smell Location:  Line : 101, column: 4, index: 2698
- Description:  This issue occurs when a test method verifies the same condition more than once within its scope, making the test harder to read and maintain. Identical assertions within the same method do not explicitly convey the purpose of the test method.

Request:
Refactor the affected code to eliminate the Duplicate Assert. Ensure the test remains correct, readable, and maintainable.","it('should register itself when mounting', () => {
 const registry: Registry = createRegistry();
 const registerSpy = jest.spyOn(registry.draggable, 'register');
 mount(<Item registry={registry} />);

 const expected: DraggableEntry = {
 // $ExpectError
 uniqueId: expect.any(String),
 descriptor: preset.inHome1.descriptor,
 options: defaultOptions,
 // $ExpectError
 getDimension: expect.any(Function),
 };
 expect(registerSpy).toHaveBeenCalledTimes(1);
 expect(registerSpy).toHaveBeenCalledWith(expected);
 });",8,1,12.5,366.1478269,0.01382794826,100,,"Context: I'm refactoring test smells from a test file to improve code quality.
Issue Details:
- Test Smell Category: Duplicate Assert
- Smell Location:  Line : 101, column: 4, index: 2698
- Description:  This issue occurs when a test method verifies the same condition more than once within its scope, making the test harder to read and maintain. Identical assertions within the same method do not explicitly convey the purpose of the test method.
it('should register itself when mounting', () => {
 const registry: Registry = createRegistry();
 const registerSpy = jest.spyOn(registry.draggable, 'register');
 mount(<Item registry={registry} />);

 const expected: DraggableEntry = {
 // $ExpectError
 uniqueId: expect.any(String),
 descriptor: preset.inHome1.descriptor,
 options: defaultOptions,
 // $ExpectError
 getDimension: expect.any(Function),
 };
 expect(registerSpy).toHaveBeenCalledTimes(1);
 expect(registerSpy).toHaveBeenCalledWith(expected);
 });
Request:
Refactor the affected code to eliminate the Duplicate Assert. Ensure the test remains correct, readable, and maintainable.",7,1,14.28571429,,,,FALSE,FALSE,FALSE,FALSE,FALSE,FALSE,,,,,,
46,steel,atlassian/react-beautiful-dnd,/test/unit/view/use-draggable-publisher.spec.js,Duplicate Assert,"{'line': 101, 'column': 4, 'index': 2748}",start: 87 end: 102,"Context: I'm refactoring test smells from a test file to improve code quality.
Issue Details:
- Test Smell Category: Duplicate Assert
- Smell Location:  Line : 102, column: 4, index: 2748
- Description:  This issue occurs when a test method verifies the same condition more than once within its scope, making the test harder to read and maintain. Identical assertions within the same method do not explicitly convey the purpose of the test method.

Request:
Refactor the affected code to eliminate the Duplicate Assert. Ensure the test remains correct, readable, and maintainable.","it('should register itself when mounting', () => {
 const registry: Registry = createRegistry();
 const registerSpy = jest.spyOn(registry.draggable, 'register');
 mount(<Item registry={registry} />);

 const expected: DraggableEntry = {
 // $ExpectError
 uniqueId: expect.any(String),
 descriptor: preset.inHome1.descriptor,
 options: defaultOptions,
 // $ExpectError
 getDimension: expect.any(Function),
 };
 expect(registerSpy).toHaveBeenCalledTimes(1);
 expect(registerSpy).toHaveBeenCalledWith(expected);
 });",8,1,12.5,366.1478269,0.01382794826,100,,"Context: I'm refactoring test smells from a test file to improve code quality.
Issue Details:
- Test Smell Category: Duplicate Assert
- Smell Location:  Line : 102, column: 4, index: 2748
- Description:  This issue occurs when a test method verifies the same condition more than once within its scope, making the test harder to read and maintain. Identical assertions within the same method do not explicitly convey the purpose of the test method.
it('should register itself when mounting', () => {
 const registry: Registry = createRegistry();
 const registerSpy = jest.spyOn(registry.draggable, 'register');
 mount(<Item registry={registry} />);

 const expected: DraggableEntry = {
 // $ExpectError
 uniqueId: expect.any(String),
 descriptor: preset.inHome1.descriptor,
 options: defaultOptions,
 // $ExpectError
 getDimension: expect.any(Function),
 };
 expect(registerSpy).toHaveBeenCalledTimes(1);
 expect(registerSpy).toHaveBeenCalledWith(expected);
 });
Request:
Refactor the affected code to eliminate the Duplicate Assert. Ensure the test remains correct, readable, and maintainable.",7,1,14.28571429,,,,FALSE,FALSE,FALSE,FALSE,FALSE,FALSE,,,,,,
47,steel,atlassian/react-beautiful-dnd,/test/unit/view/use-draggable-publisher.spec.js,Duplicate Assert,"{'line': 119, 'column': 4, 'index': 3360}",start: 104 end: 128,"Context: I'm refactoring test smells from a test file to improve code quality.
Issue Details:
- Test Smell Category: Duplicate Assert
- Smell Location:  Line : 120, column: 4, index: 3360
- Description:  This issue occurs when a test method verifies the same condition more than once within its scope, making the test harder to read and maintain. Identical assertions within the same method do not explicitly convey the purpose of the test method.

Request:
Refactor the affected code to eliminate the Duplicate Assert. Ensure the test remains correct, readable, and maintainable.","it('should unregister itself when unmounting', () => {
 const registry: Registry = createRegistry();
 const registerSpy = jest.spyOn(registry.draggable, 'register');
 const unregisterSpy = jest.spyOn(registry.draggable, 'unregister');
 const wrapper = mount(<Item registry={registry} />);

 const expected: DraggableEntry = {
 // $ExpectError
 uniqueId: expect.any(String),
 descriptor: preset.inHome1.descriptor,
 options: defaultOptions,
 // $ExpectError
 getDimension: expect.any(Function),
 };

 expect(unregisterSpy).not.toHaveBeenCalled();
 expect(registerSpy).toHaveBeenCalledTimes(1);
 expect(registerSpy).toHaveBeenCalledWith(expected);
 const entry = registerSpy.mock.calls[0][0];
 expect(entry).toEqual(expected);

 wrapper.unmount();
 expect(unregisterSpy).toHaveBeenCalledTimes(1);
 expect(unregisterSpy.mock.calls[0][0]).toBe(entry);
 });",15,1,6.666666667,1147.340368,0.02427513581,93.68268054,,"Context: I'm refactoring test smells from a test file to improve code quality.
Issue Details:
- Test Smell Category: Duplicate Assert
- Smell Location:  Line : 120, column: 4, index: 3360
- Description:  This issue occurs when a test method verifies the same condition more than once within its scope, making the test harder to read and maintain. Identical assertions within the same method do not explicitly convey the purpose of the test method.
it('should unregister itself when unmounting', () => {
 const registry: Registry = createRegistry();
 const registerSpy = jest.spyOn(registry.draggable, 'register');
 const unregisterSpy = jest.spyOn(registry.draggable, 'unregister');
 const wrapper = mount(<Item registry={registry} />);

 const expected: DraggableEntry = {
 // $ExpectError
 uniqueId: expect.any(String),
 descriptor: preset.inHome1.descriptor,
 options: defaultOptions,
 // $ExpectError
 getDimension: expect.any(Function),
 };

 expect(unregisterSpy).not.toHaveBeenCalled();
 expect(registerSpy).toHaveBeenCalledTimes(1);
 expect(registerSpy).toHaveBeenCalledWith(expected);
 const entry = registerSpy.mock.calls[0][0];
 expect(entry).toEqual(expected);

 wrapper.unmount();
 expect(unregisterSpy).toHaveBeenCalledTimes(1);
 expect(unregisterSpy.mock.calls[0][0]).toBe(entry);
 });
Request:
Refactor the affected code to eliminate the Duplicate Assert. Ensure the test remains correct, readable, and maintainable.",14,1,7.142857143,,,,FALSE,FALSE,FALSE,FALSE,FALSE,FALSE,,,,,,
48,steel,atlassian/react-beautiful-dnd,/test/unit/view/announcer.spec.js,Lazy Test,"{'line': 40, 'column': 2, 'index': 1310}",start: 36 end: 47,"Context: I'm refactoring test smells from a test file to improve code quality.
Issue Details:
- Test Smell Category: Lazy Test
- Smell Location:  Line : 41, column: 2, index: 1310
- Description:  Lazy Test occurs when a single test is written superficially and verifies multiple functionalities of a class without going into detail about each one.

Request:
Refactor the affected code to eliminate the Lazy Test. Ensure the test remains correct, readable, and maintainable.","it('should apply the appropriate aria attributes and non visibility styles', () => {
 render(<WithAnnouncer contextId=""5"">{getMock()}</WithAnnouncer>);

 const el: ?HTMLElement = getElement('5');
 invariant(el, 'Cannot find node');

 expect(el.getAttribute('aria-live')).toBe('assertive');
 expect(el.getAttribute('aria-atomic')).toBe('true');

 // not checking all the styles - just enough to know we are doing something
 expect(el.style.overflow).toBe('hidden');
});",8,1,12.5,334.4573714,0.01225683729,100,,"Context: I'm refactoring test smells from a test file to improve code quality.
Issue Details:
- Test Smell Category: Lazy Test
- Smell Location:  Line : 41, column: 2, index: 1310
- Description:  Lazy Test occurs when a single test is written superficially and verifies multiple functionalities of a class without going into detail about each one.
it('should apply the appropriate aria attributes and non visibility styles', () => {
 render(<WithAnnouncer contextId=""5"">{getMock()}</WithAnnouncer>);

 const el: ?HTMLElement = getElement('5');
 invariant(el, 'Cannot find node');

 expect(el.getAttribute('aria-live')).toBe('assertive');
 expect(el.getAttribute('aria-atomic')).toBe('true');

 // not checking all the styles - just enough to know we are doing something
 expect(el.style.overflow).toBe('hidden');
});
Request:
Refactor the affected code to eliminate the Lazy Test. Ensure the test remains correct, readable, and maintainable.",13,1,7.692307692,,,,FALSE,FALSE,FALSE,FALSE,FALSE,FALSE,,,,,,
49,steel,atlassian/react-beautiful-dnd,/test/unit/view/announcer.spec.js,Lazy Test,"{'line': 67, 'column': 2, 'index': 2142}",start: 62 end: 75,"Context: I'm refactoring test smells from a test file to improve code quality.
Issue Details:
- Test Smell Category: Lazy Test
- Smell Location:  Line : 68, column: 2, index: 2142
- Description:  Lazy Test occurs when a single test is written superficially and verifies multiple functionalities of a class without going into detail about each one.

Request:
Refactor the affected code to eliminate the Lazy Test. Ensure the test remains correct, readable, and maintainable.","it('should set the text content of the announcement element', () => {
 // arrange
 const mock = getMock();
 render(<WithAnnouncer contextId=""6"">{mock}</WithAnnouncer>);
 const el: ?HTMLElement = getElement('6');
 invariant(el, 'Could not find announcer');

 // act
 const announce: Announce = getAnnounce(mock);
 announce('test');

 // assert
 expect(el.textContent).toBe('test');
});",9,1,11.11111111,216.0964047,0.009642702557,100,,"Context: I'm refactoring test smells from a test file to improve code quality.
Issue Details:
- Test Smell Category: Lazy Test
- Smell Location:  Line : 68, column: 2, index: 2142
- Description:  Lazy Test occurs when a single test is written superficially and verifies multiple functionalities of a class without going into detail about each one.
it('should set the text content of the announcement element', () => {
 // arrange
 const mock = getMock();
 render(<WithAnnouncer contextId=""6"">{mock}</WithAnnouncer>);
 const el: ?HTMLElement = getElement('6');
 invariant(el, 'Could not find announcer');

 // act
 const announce: Announce = getAnnounce(mock);
 announce('test');

 // assert
 expect(el.textContent).toBe('test');
});
Request:
Refactor the affected code to eliminate the Lazy Test. Ensure the test remains correct, readable, and maintainable.",16,1,6.25,,,,FALSE,FALSE,FALSE,FALSE,FALSE,FALSE,,,,,,
50,steel,atlassian/react-beautiful-dnd,/test/unit/view/use-droppable-publisher/forced-scroll.spec.js,Magic Number,"{'line': 53, 'column': 32, 'index': 1757}",start: 31 end: 70,"Context: I'm refactoring test smells from a test file to improve code quality.
Issue Details:
- Test Smell Category: Magic Number
- Smell Location:  Line : 54, column: 32, index: 1757
- Description:  Occurs when numeric literals are used directly in tests without explanation or documentation. These numbers lack clear context, making the code less readable and harder to maintain, as it is not obvious why such values are used.

Request:
Refactor the affected code to eliminate the Magic Number. Ensure the test remains correct, readable, and maintainable.","it('should throw if the droppable has no closest scrollable', () => {
 const marshal: DimensionMarshal = getMarshalStub();
 const registry: Registry = createRegistry();
 const registerSpy = jest.spyOn(registry.droppable, 'register');
 // no scroll parent
 const wrapper = mount(
 <WithAppContext marshal={marshal} registry={registry}>
 <App parentIsScrollable={false} droppableIsScrollable={false} />,
 </WithAppContext>,
 );
 const droppable: ?HTMLElement = wrapper.find('.droppable').getDOMNode();
 invariant(droppable);
 const parent: ?HTMLElement = wrapper.find('.scroll-parent').getDOMNode();
 invariant(parent);
 jest
 .spyOn(droppable, 'getBoundingClientRect')
 .mockImplementation(() => smallFrameClient.borderBox);
 jest
 .spyOn(parent, 'getBoundingClientRect')
 .mockImplementation(() => bigClient.borderBox);

 // validating no initial scroll
 expect(parent.scrollTop).toBe(0);
 expect(parent.scrollLeft).toBe(0);
 expect(droppable.scrollTop).toBe(0);
 expect(droppable.scrollLeft).toBe(0);

 const callbacks: DroppableCallbacks = registerSpy.mock.calls[0][0].callbacks;
 // request the droppable start listening for scrolling
 callbacks.getDimensionAndWatchScroll(preset.windowScroll, scheduled);

 // ask it to scroll
 expect(() => callbacks.scroll({ x: 100, y: 100 })).toThrow();

 // no scroll changes
 expect(parent.scrollTop).toBe(0);
 expect(parent.scrollLeft).toBe(0);
 expect(droppable.scrollTop).toBe(0);
 expect(droppable.scrollLeft).toBe(0);
});",23,1,4.347826087,2435.255188,0.03345279486,84.25676223,,"Context: I'm refactoring test smells from a test file to improve code quality.
Issue Details:
- Test Smell Category: Magic Number
- Smell Location:  Line : 54, column: 32, index: 1757
- Description:  Occurs when numeric literals are used directly in tests without explanation or documentation. These numbers lack clear context, making the code less readable and harder to maintain, as it is not obvious why such values are used.
it('should throw if the droppable has no closest scrollable', () => {
 const marshal: DimensionMarshal = getMarshalStub();
 const registry: Registry = createRegistry();
 const registerSpy = jest.spyOn(registry.droppable, 'register');
 // no scroll parent
 const wrapper = mount(
 <WithAppContext marshal={marshal} registry={registry}>
 <App parentIsScrollable={false} droppableIsScrollable={false} />,
 </WithAppContext>,
 );
 const droppable: ?HTMLElement = wrapper.find('.droppable').getDOMNode();
 invariant(droppable);
 const parent: ?HTMLElement = wrapper.find('.scroll-parent').getDOMNode();
 invariant(parent);
 jest
 .spyOn(droppable, 'getBoundingClientRect')
 .mockImplementation(() => smallFrameClient.borderBox);
 jest
 .spyOn(parent, 'getBoundingClientRect')
 .mockImplementation(() => bigClient.borderBox);

 // validating no initial scroll
 expect(parent.scrollTop).toBe(0);
 expect(parent.scrollLeft).toBe(0);
 expect(droppable.scrollTop).toBe(0);
 expect(droppable.scrollLeft).toBe(0);

 const callbacks: DroppableCallbacks = registerSpy.mock.calls[0][0].callbacks;
 // request the droppable start listening for scrolling
 callbacks.getDimensionAndWatchScroll(preset.windowScroll, scheduled);

 // ask it to scroll
 expect(() => callbacks.scroll({ x: 100, y: 100 })).toThrow();

 // no scroll changes
 expect(parent.scrollTop).toBe(0);
 expect(parent.scrollLeft).toBe(0);
 expect(droppable.scrollTop).toBe(0);
 expect(droppable.scrollLeft).toBe(0);
});
Request:
Refactor the affected code to eliminate the Magic Number. Ensure the test remains correct, readable, and maintainable.",24,1,4.166666667,,,,FALSE,FALSE,FALSE,FALSE,FALSE,FALSE,,,,,,
51,steel,atlassian/react-beautiful-dnd,/test/unit/view/use-droppable-publisher/forced-scroll.spec.js,Magic Number,"{'line': 54, 'column': 33, 'index': 1794}",start: 31 end: 70,"Context: I'm refactoring test smells from a test file to improve code quality.
Issue Details:
- Test Smell Category: Magic Number
- Smell Location:  Line : 55, column: 33, index: 1794
- Description:  Occurs when numeric literals are used directly in tests without explanation or documentation. These numbers lack clear context, making the code less readable and harder to maintain, as it is not obvious why such values are used.

Request:
Refactor the affected code to eliminate the Magic Number. Ensure the test remains correct, readable, and maintainable.","it('should throw if the droppable has no closest scrollable', () => {
 const marshal: DimensionMarshal = getMarshalStub();
 const registry: Registry = createRegistry();
 const registerSpy = jest.spyOn(registry.droppable, 'register');
 // no scroll parent
 const wrapper = mount(
 <WithAppContext marshal={marshal} registry={registry}>
 <App parentIsScrollable={false} droppableIsScrollable={false} />,
 </WithAppContext>,
 );
 const droppable: ?HTMLElement = wrapper.find('.droppable').getDOMNode();
 invariant(droppable);
 const parent: ?HTMLElement = wrapper.find('.scroll-parent').getDOMNode();
 invariant(parent);
 jest
 .spyOn(droppable, 'getBoundingClientRect')
 .mockImplementation(() => smallFrameClient.borderBox);
 jest
 .spyOn(parent, 'getBoundingClientRect')
 .mockImplementation(() => bigClient.borderBox);

 // validating no initial scroll
 expect(parent.scrollTop).toBe(0);
 expect(parent.scrollLeft).toBe(0);
 expect(droppable.scrollTop).toBe(0);
 expect(droppable.scrollLeft).toBe(0);

 const callbacks: DroppableCallbacks = registerSpy.mock.calls[0][0].callbacks;
 // request the droppable start listening for scrolling
 callbacks.getDimensionAndWatchScroll(preset.windowScroll, scheduled);

 // ask it to scroll
 expect(() => callbacks.scroll({ x: 100, y: 100 })).toThrow();

 // no scroll changes
 expect(parent.scrollTop).toBe(0);
 expect(parent.scrollLeft).toBe(0);
 expect(droppable.scrollTop).toBe(0);
 expect(droppable.scrollLeft).toBe(0);
});",23,1,4.347826087,2435.255188,0.03345279486,84.25676223,,"Context: I'm refactoring test smells from a test file to improve code quality.
Issue Details:
- Test Smell Category: Magic Number
- Smell Location:  Line : 55, column: 33, index: 1794
- Description:  Occurs when numeric literals are used directly in tests without explanation or documentation. These numbers lack clear context, making the code less readable and harder to maintain, as it is not obvious why such values are used.
it('should throw if the droppable has no closest scrollable', () => {
 const marshal: DimensionMarshal = getMarshalStub();
 const registry: Registry = createRegistry();
 const registerSpy = jest.spyOn(registry.droppable, 'register');
 // no scroll parent
 const wrapper = mount(
 <WithAppContext marshal={marshal} registry={registry}>
 <App parentIsScrollable={false} droppableIsScrollable={false} />,
 </WithAppContext>,
 );
 const droppable: ?HTMLElement = wrapper.find('.droppable').getDOMNode();
 invariant(droppable);
 const parent: ?HTMLElement = wrapper.find('.scroll-parent').getDOMNode();
 invariant(parent);
 jest
 .spyOn(droppable, 'getBoundingClientRect')
 .mockImplementation(() => smallFrameClient.borderBox);
 jest
 .spyOn(parent, 'getBoundingClientRect')
 .mockImplementation(() => bigClient.borderBox);

 // validating no initial scroll
 expect(parent.scrollTop).toBe(0);
 expect(parent.scrollLeft).toBe(0);
 expect(droppable.scrollTop).toBe(0);
 expect(droppable.scrollLeft).toBe(0);

 const callbacks: DroppableCallbacks = registerSpy.mock.calls[0][0].callbacks;
 // request the droppable start listening for scrolling
 callbacks.getDimensionAndWatchScroll(preset.windowScroll, scheduled);

 // ask it to scroll
 expect(() => callbacks.scroll({ x: 100, y: 100 })).toThrow();

 // no scroll changes
 expect(parent.scrollTop).toBe(0);
 expect(parent.scrollLeft).toBe(0);
 expect(droppable.scrollTop).toBe(0);
 expect(droppable.scrollLeft).toBe(0);
});
Request:
Refactor the affected code to eliminate the Magic Number. Ensure the test remains correct, readable, and maintainable.",24,1,4.166666667,,,,FALSE,FALSE,FALSE,FALSE,FALSE,FALSE,,,,,,
52,steel,atlassian/react-beautiful-dnd,/test/unit/view/use-droppable-publisher/forced-scroll.spec.js,Magic Number,"{'line': 55, 'column': 35, 'index': 1833}",start: 31 end: 70,"Context: I'm refactoring test smells from a test file to improve code quality.
Issue Details:
- Test Smell Category: Magic Number
- Smell Location:  Line : 56, column: 35, index: 1833
- Description:  Occurs when numeric literals are used directly in tests without explanation or documentation. These numbers lack clear context, making the code less readable and harder to maintain, as it is not obvious why such values are used.

Request:
Refactor the affected code to eliminate the Magic Number. Ensure the test remains correct, readable, and maintainable.","it('should throw if the droppable has no closest scrollable', () => {
 const marshal: DimensionMarshal = getMarshalStub();
 const registry: Registry = createRegistry();
 const registerSpy = jest.spyOn(registry.droppable, 'register');
 // no scroll parent
 const wrapper = mount(
 <WithAppContext marshal={marshal} registry={registry}>
 <App parentIsScrollable={false} droppableIsScrollable={false} />,
 </WithAppContext>,
 );
 const droppable: ?HTMLElement = wrapper.find('.droppable').getDOMNode();
 invariant(droppable);
 const parent: ?HTMLElement = wrapper.find('.scroll-parent').getDOMNode();
 invariant(parent);
 jest
 .spyOn(droppable, 'getBoundingClientRect')
 .mockImplementation(() => smallFrameClient.borderBox);
 jest
 .spyOn(parent, 'getBoundingClientRect')
 .mockImplementation(() => bigClient.borderBox);

 // validating no initial scroll
 expect(parent.scrollTop).toBe(0);
 expect(parent.scrollLeft).toBe(0);
 expect(droppable.scrollTop).toBe(0);
 expect(droppable.scrollLeft).toBe(0);

 const callbacks: DroppableCallbacks = registerSpy.mock.calls[0][0].callbacks;
 // request the droppable start listening for scrolling
 callbacks.getDimensionAndWatchScroll(preset.windowScroll, scheduled);

 // ask it to scroll
 expect(() => callbacks.scroll({ x: 100, y: 100 })).toThrow();

 // no scroll changes
 expect(parent.scrollTop).toBe(0);
 expect(parent.scrollLeft).toBe(0);
 expect(droppable.scrollTop).toBe(0);
 expect(droppable.scrollLeft).toBe(0);
});",23,1,4.347826087,2435.255188,0.03345279486,84.25676223,,"Context: I'm refactoring test smells from a test file to improve code quality.
Issue Details:
- Test Smell Category: Magic Number
- Smell Location:  Line : 56, column: 35, index: 1833
- Description:  Occurs when numeric literals are used directly in tests without explanation or documentation. These numbers lack clear context, making the code less readable and harder to maintain, as it is not obvious why such values are used.
it('should throw if the droppable has no closest scrollable', () => {
 const marshal: DimensionMarshal = getMarshalStub();
 const registry: Registry = createRegistry();
 const registerSpy = jest.spyOn(registry.droppable, 'register');
 // no scroll parent
 const wrapper = mount(
 <WithAppContext marshal={marshal} registry={registry}>
 <App parentIsScrollable={false} droppableIsScrollable={false} />,
 </WithAppContext>,
 );
 const droppable: ?HTMLElement = wrapper.find('.droppable').getDOMNode();
 invariant(droppable);
 const parent: ?HTMLElement = wrapper.find('.scroll-parent').getDOMNode();
 invariant(parent);
 jest
 .spyOn(droppable, 'getBoundingClientRect')
 .mockImplementation(() => smallFrameClient.borderBox);
 jest
 .spyOn(parent, 'getBoundingClientRect')
 .mockImplementation(() => bigClient.borderBox);

 // validating no initial scroll
 expect(parent.scrollTop).toBe(0);
 expect(parent.scrollLeft).toBe(0);
 expect(droppable.scrollTop).toBe(0);
 expect(droppable.scrollLeft).toBe(0);

 const callbacks: DroppableCallbacks = registerSpy.mock.calls[0][0].callbacks;
 // request the droppable start listening for scrolling
 callbacks.getDimensionAndWatchScroll(preset.windowScroll, scheduled);

 // ask it to scroll
 expect(() => callbacks.scroll({ x: 100, y: 100 })).toThrow();

 // no scroll changes
 expect(parent.scrollTop).toBe(0);
 expect(parent.scrollLeft).toBe(0);
 expect(droppable.scrollTop).toBe(0);
 expect(droppable.scrollLeft).toBe(0);
});
Request:
Refactor the affected code to eliminate the Magic Number. Ensure the test remains correct, readable, and maintainable.",25,1,4,,,,FALSE,FALSE,FALSE,FALSE,FALSE,FALSE,,,,,,
53,steel,atlassian/react-beautiful-dnd,/test/unit/view/use-droppable-publisher/forced-scroll.spec.js,Magic Number,"{'line': 56, 'column': 36, 'index': 1873}",start: 31 end: 70,"Context: I'm refactoring test smells from a test file to improve code quality.
Issue Details:
- Test Smell Category: Magic Number
- Smell Location:  Line : 57, column: 36, index: 1873
- Description:  Occurs when numeric literals are used directly in tests without explanation or documentation. These numbers lack clear context, making the code less readable and harder to maintain, as it is not obvious why such values are used.

Request:
Refactor the affected code to eliminate the Magic Number. Ensure the test remains correct, readable, and maintainable.","it('should throw if the droppable has no closest scrollable', () => {
 const marshal: DimensionMarshal = getMarshalStub();
 const registry: Registry = createRegistry();
 const registerSpy = jest.spyOn(registry.droppable, 'register');
 // no scroll parent
 const wrapper = mount(
 <WithAppContext marshal={marshal} registry={registry}>
 <App parentIsScrollable={false} droppableIsScrollable={false} />,
 </WithAppContext>,
 );
 const droppable: ?HTMLElement = wrapper.find('.droppable').getDOMNode();
 invariant(droppable);
 const parent: ?HTMLElement = wrapper.find('.scroll-parent').getDOMNode();
 invariant(parent);
 jest
 .spyOn(droppable, 'getBoundingClientRect')
 .mockImplementation(() => smallFrameClient.borderBox);
 jest
 .spyOn(parent, 'getBoundingClientRect')
 .mockImplementation(() => bigClient.borderBox);

 // validating no initial scroll
 expect(parent.scrollTop).toBe(0);
 expect(parent.scrollLeft).toBe(0);
 expect(droppable.scrollTop).toBe(0);
 expect(droppable.scrollLeft).toBe(0);

 const callbacks: DroppableCallbacks = registerSpy.mock.calls[0][0].callbacks;
 // request the droppable start listening for scrolling
 callbacks.getDimensionAndWatchScroll(preset.windowScroll, scheduled);

 // ask it to scroll
 expect(() => callbacks.scroll({ x: 100, y: 100 })).toThrow();

 // no scroll changes
 expect(parent.scrollTop).toBe(0);
 expect(parent.scrollLeft).toBe(0);
 expect(droppable.scrollTop).toBe(0);
 expect(droppable.scrollLeft).toBe(0);
});",23,1,4.347826087,2435.255188,0.03345279486,84.25676223,,"Context: I'm refactoring test smells from a test file to improve code quality.
Issue Details:
- Test Smell Category: Magic Number
- Smell Location:  Line : 57, column: 36, index: 1873
- Description:  Occurs when numeric literals are used directly in tests without explanation or documentation. These numbers lack clear context, making the code less readable and harder to maintain, as it is not obvious why such values are used.
it('should throw if the droppable has no closest scrollable', () => {
 const marshal: DimensionMarshal = getMarshalStub();
 const registry: Registry = createRegistry();
 const registerSpy = jest.spyOn(registry.droppable, 'register');
 // no scroll parent
 const wrapper = mount(
 <WithAppContext marshal={marshal} registry={registry}>
 <App parentIsScrollable={false} droppableIsScrollable={false} />,
 </WithAppContext>,
 );
 const droppable: ?HTMLElement = wrapper.find('.droppable').getDOMNode();
 invariant(droppable);
 const parent: ?HTMLElement = wrapper.find('.scroll-parent').getDOMNode();
 invariant(parent);
 jest
 .spyOn(droppable, 'getBoundingClientRect')
 .mockImplementation(() => smallFrameClient.borderBox);
 jest
 .spyOn(parent, 'getBoundingClientRect')
 .mockImplementation(() => bigClient.borderBox);

 // validating no initial scroll
 expect(parent.scrollTop).toBe(0);
 expect(parent.scrollLeft).toBe(0);
 expect(droppable.scrollTop).toBe(0);
 expect(droppable.scrollLeft).toBe(0);

 const callbacks: DroppableCallbacks = registerSpy.mock.calls[0][0].callbacks;
 // request the droppable start listening for scrolling
 callbacks.getDimensionAndWatchScroll(preset.windowScroll, scheduled);

 // ask it to scroll
 expect(() => callbacks.scroll({ x: 100, y: 100 })).toThrow();

 // no scroll changes
 expect(parent.scrollTop).toBe(0);
 expect(parent.scrollLeft).toBe(0);
 expect(droppable.scrollTop).toBe(0);
 expect(droppable.scrollLeft).toBe(0);
});
Request:
Refactor the affected code to eliminate the Magic Number. Ensure the test remains correct, readable, and maintainable.",24,1,4.166666667,,,,FALSE,FALSE,FALSE,FALSE,FALSE,FALSE,,,,,,
54,steel,atlassian/react-beautiful-dnd,/test/unit/view/use-droppable-publisher/forced-scroll.spec.js,Magic Number,"{'line': 66, 'column': 32, 'index': 2230}",start: 31 end: 70,"Context: I'm refactoring test smells from a test file to improve code quality.
Issue Details:
- Test Smell Category: Magic Number
- Smell Location:  Line : 67, column: 32, index: 2230
- Description:  Occurs when numeric literals are used directly in tests without explanation or documentation. These numbers lack clear context, making the code less readable and harder to maintain, as it is not obvious why such values are used.

Request:
Refactor the affected code to eliminate the Magic Number. Ensure the test remains correct, readable, and maintainable.","it('should throw if the droppable has no closest scrollable', () => {
 const marshal: DimensionMarshal = getMarshalStub();
 const registry: Registry = createRegistry();
 const registerSpy = jest.spyOn(registry.droppable, 'register');
 // no scroll parent
 const wrapper = mount(
 <WithAppContext marshal={marshal} registry={registry}>
 <App parentIsScrollable={false} droppableIsScrollable={false} />,
 </WithAppContext>,
 );
 const droppable: ?HTMLElement = wrapper.find('.droppable').getDOMNode();
 invariant(droppable);
 const parent: ?HTMLElement = wrapper.find('.scroll-parent').getDOMNode();
 invariant(parent);
 jest
 .spyOn(droppable, 'getBoundingClientRect')
 .mockImplementation(() => smallFrameClient.borderBox);
 jest
 .spyOn(parent, 'getBoundingClientRect')
 .mockImplementation(() => bigClient.borderBox);

 // validating no initial scroll
 expect(parent.scrollTop).toBe(0);
 expect(parent.scrollLeft).toBe(0);
 expect(droppable.scrollTop).toBe(0);
 expect(droppable.scrollLeft).toBe(0);

 const callbacks: DroppableCallbacks = registerSpy.mock.calls[0][0].callbacks;
 // request the droppable start listening for scrolling
 callbacks.getDimensionAndWatchScroll(preset.windowScroll, scheduled);

 // ask it to scroll
 expect(() => callbacks.scroll({ x: 100, y: 100 })).toThrow();

 // no scroll changes
 expect(parent.scrollTop).toBe(0);
 expect(parent.scrollLeft).toBe(0);
 expect(droppable.scrollTop).toBe(0);
 expect(droppable.scrollLeft).toBe(0);
});",23,1,4.347826087,2435.255188,0.03345279486,84.25676223,,"Context: I'm refactoring test smells from a test file to improve code quality.
Issue Details:
- Test Smell Category: Magic Number
- Smell Location:  Line : 67, column: 32, index: 2230
- Description:  Occurs when numeric literals are used directly in tests without explanation or documentation. These numbers lack clear context, making the code less readable and harder to maintain, as it is not obvious why such values are used.
it('should throw if the droppable has no closest scrollable', () => {
 const marshal: DimensionMarshal = getMarshalStub();
 const registry: Registry = createRegistry();
 const registerSpy = jest.spyOn(registry.droppable, 'register');
 // no scroll parent
 const wrapper = mount(
 <WithAppContext marshal={marshal} registry={registry}>
 <App parentIsScrollable={false} droppableIsScrollable={false} />,
 </WithAppContext>,
 );
 const droppable: ?HTMLElement = wrapper.find('.droppable').getDOMNode();
 invariant(droppable);
 const parent: ?HTMLElement = wrapper.find('.scroll-parent').getDOMNode();
 invariant(parent);
 jest
 .spyOn(droppable, 'getBoundingClientRect')
 .mockImplementation(() => smallFrameClient.borderBox);
 jest
 .spyOn(parent, 'getBoundingClientRect')
 .mockImplementation(() => bigClient.borderBox);

 // validating no initial scroll
 expect(parent.scrollTop).toBe(0);
 expect(parent.scrollLeft).toBe(0);
 expect(droppable.scrollTop).toBe(0);
 expect(droppable.scrollLeft).toBe(0);

 const callbacks: DroppableCallbacks = registerSpy.mock.calls[0][0].callbacks;
 // request the droppable start listening for scrolling
 callbacks.getDimensionAndWatchScroll(preset.windowScroll, scheduled);

 // ask it to scroll
 expect(() => callbacks.scroll({ x: 100, y: 100 })).toThrow();

 // no scroll changes
 expect(parent.scrollTop).toBe(0);
 expect(parent.scrollLeft).toBe(0);
 expect(droppable.scrollTop).toBe(0);
 expect(droppable.scrollLeft).toBe(0);
});
Request:
Refactor the affected code to eliminate the Magic Number. Ensure the test remains correct, readable, and maintainable.",24,1,4.166666667,,,,FALSE,FALSE,FALSE,FALSE,FALSE,FALSE,,,,,,
55,steel,atlassian/react-beautiful-dnd,/test/unit/view/placeholder/on-close.spec.js,Assertion Roulette,"{'line': 72, 'column': 2}",start: 50 end: 76,"Context: I'm refactoring test smells from a test file to improve code quality.
Issue Details:
- Test Smell Category: Assertion Roulette
- Smell Location:  Line : 73, column: 2
- Description:  This issue occurs due to the presence of multiple assertions in a test method without associated explanations. If one of these assertions fails, it will not be possible to identify which one is problematic.

Request:
Refactor the affected code to eliminate the Assertion Roulette. Ensure the test remains correct, readable, and maintainable.","it('should not fire an onClose if not closing when a transitionend occurs', () => {
 const onClose = jest.fn();

 const wrapper: ReactWrapper<*> = mount(
 <Placeholder
 animate=""none""
 contextId=""1""
 placeholder={placeholder}
 onClose={onClose}
 onTransitionEnd={jest.fn()}
 />,
 );
 const assert = () => {
 // $ExpectError - not a complete event
 const height: TransitionEvent = {
 propertyName: 'height',
 };
 wrapper.simulate('transitionend', height);
 expect(onClose).not.toHaveBeenCalled();
 onClose.mockClear();
 };
 expectIsFull(getPlaceholderStyle(wrapper));
 assert();

 wrapper.setProps({ animate: 'open' });
 assert();
});",14,1,7.142857143,407.5157788,0.01422661347,98.9682031,,"Context: I'm refactoring test smells from a test file to improve code quality.
Issue Details:
- Test Smell Category: Assertion Roulette
- Smell Location:  Line : 73, column: 2
- Description:  This issue occurs due to the presence of multiple assertions in a test method without associated explanations. If one of these assertions fails, it will not be possible to identify which one is problematic.
it('should not fire an onClose if not closing when a transitionend occurs', () => {
 const onClose = jest.fn();

 const wrapper: ReactWrapper<*> = mount(
 <Placeholder
 animate=""none""
 contextId=""1""
 placeholder={placeholder}
 onClose={onClose}
 onTransitionEnd={jest.fn()}
 />,
 );
 const assert = () => {
 // $ExpectError - not a complete event
 const height: TransitionEvent = {
 propertyName: 'height',
 };
 wrapper.simulate('transitionend', height);
 expect(onClose).not.toHaveBeenCalled();
 onClose.mockClear();
 };
 expectIsFull(getPlaceholderStyle(wrapper));
 assert();

 wrapper.setProps({ animate: 'open' });
 assert();
});
Request:
Refactor the affected code to eliminate the Assertion Roulette. Ensure the test remains correct, readable, and maintainable.",18,1,5.555555556,,,,FALSE,FALSE,FALSE,FALSE,FALSE,FALSE,,,,,,
56,steel,atlassian/react-beautiful-dnd,/test/unit/view/placeholder/on-close.spec.js,Assertion Roulette,"{'line': 75, 'column': 2}",start: 50 end: 76,"Context: I'm refactoring test smells from a test file to improve code quality.
Issue Details:
- Test Smell Category: Assertion Roulette
- Smell Location:  Line : 76, column: 2
- Description:  This issue occurs due to the presence of multiple assertions in a test method without associated explanations. If one of these assertions fails, it will not be possible to identify which one is problematic.

Request:
Refactor the affected code to eliminate the Assertion Roulette. Ensure the test remains correct, readable, and maintainable.","it('should not fire an onClose if not closing when a transitionend occurs', () => {
 const onClose = jest.fn();

 const wrapper: ReactWrapper<*> = mount(
 <Placeholder
 animate=""none""
 contextId=""1""
 placeholder={placeholder}
 onClose={onClose}
 onTransitionEnd={jest.fn()}
 />,
 );
 const assert = () => {
 // $ExpectError - not a complete event
 const height: TransitionEvent = {
 propertyName: 'height',
 };
 wrapper.simulate('transitionend', height);
 expect(onClose).not.toHaveBeenCalled();
 onClose.mockClear();
 };
 expectIsFull(getPlaceholderStyle(wrapper));
 assert();

 wrapper.setProps({ animate: 'open' });
 assert();
});",14,1,7.142857143,407.5157788,0.01422661347,98.9682031,,"Context: I'm refactoring test smells from a test file to improve code quality.
Issue Details:
- Test Smell Category: Assertion Roulette
- Smell Location:  Line : 76, column: 2
- Description:  This issue occurs due to the presence of multiple assertions in a test method without associated explanations. If one of these assertions fails, it will not be possible to identify which one is problematic.
it('should not fire an onClose if not closing when a transitionend occurs', () => {
 const onClose = jest.fn();

 const wrapper: ReactWrapper<*> = mount(
 <Placeholder
 animate=""none""
 contextId=""1""
 placeholder={placeholder}
 onClose={onClose}
 onTransitionEnd={jest.fn()}
 />,
 );
 const assert = () => {
 // $ExpectError - not a complete event
 const height: TransitionEvent = {
 propertyName: 'height',
 };
 wrapper.simulate('transitionend', height);
 expect(onClose).not.toHaveBeenCalled();
 onClose.mockClear();
 };
 expectIsFull(getPlaceholderStyle(wrapper));
 assert();

 wrapper.setProps({ animate: 'open' });
 assert();
});
Request:
Refactor the affected code to eliminate the Assertion Roulette. Ensure the test remains correct, readable, and maintainable.",15,1,6.666666667,,,,FALSE,FALSE,FALSE,FALSE,FALSE,FALSE,,,,,,
57,steel,atlassian/react-beautiful-dnd,/test/unit/view/dimension-marshal/publish-while-dragging.spec.js,Lazy Test,"{'line': 142, 'column': 6, 'index': 3763}",start: 112 end: 158,"Context: I'm refactoring test smells from a test file to improve code quality.
Issue Details:
- Test Smell Category: Lazy Test
- Smell Location:  Line : 143, column: 6, index: 3763
- Description:  Lazy Test occurs when a single test is written superficially and verifies multiple functionalities of a class without going into detail about each one.

Request:
Refactor the affected code to eliminate the Lazy Test. Ensure the test remains correct, readable, and maintainable.","it('should collect and publish the draggables', () => {
 const beforeInHome1: DraggableDimension = {
 ...preset.inHome1,
 descriptor: {
 ...preset.inHome1.descriptor,
 id: 'addition1',
 index: 0,
 },
 };
 const beforeInHome2: DraggableDimension = {
 ...preset.inHome2,
 descriptor: {
 ...preset.inHome2.descriptor,
 id: 'addition2',
 index: 1,
 },
 };
 const registry: Registry = createRegistry();
 const callbacks: Callbacks = getCallbacksStub();
 const marshal: DimensionMarshal = createDimensionMarshal(
 registry,
 callbacks,
 );
 populate(registry, withScrollables);

 // A publish has started
 marshal.startPublishing(defaultRequest);
 expect(callbacks.publishWhileDragging).not.toHaveBeenCalled();

 registry.draggable.register(
 getDraggableEntry({ dimension: beforeInHome1 }),
 );
 registry.draggable.register(
 getDraggableEntry({ dimension: beforeInHome2 }),
 );
 expect(callbacks.collectionStarting).toHaveBeenCalled();
 expect(callbacks.publishWhileDragging).not.toHaveBeenCalled();

 // Fire the collection / publish step
 requestAnimationFrame.step();
 const expected: Published = {
 ...empty,
 additions: [beforeInHome1, beforeInHome2],
 modified: [{ droppableId: scrollableHome.descriptor.id, scroll: origin }],
 };
 expect(callbacks.publishWhileDragging).toHaveBeenCalledWith(expected);
 });",17,1,5.882352941,1359.992917,0.02748572678,90.68616659,,"Context: I'm refactoring test smells from a test file to improve code quality.
Issue Details:
- Test Smell Category: Lazy Test
- Smell Location:  Line : 143, column: 6, index: 3763
- Description:  Lazy Test occurs when a single test is written superficially and verifies multiple functionalities of a class without going into detail about each one.
it('should collect and publish the draggables', () => {
 const beforeInHome1: DraggableDimension = {
 ...preset.inHome1,
 descriptor: {
 ...preset.inHome1.descriptor,
 id: 'addition1',
 index: 0,
 },
 };
 const beforeInHome2: DraggableDimension = {
 ...preset.inHome2,
 descriptor: {
 ...preset.inHome2.descriptor,
 id: 'addition2',
 index: 1,
 },
 };
 const registry: Registry = createRegistry();
 const callbacks: Callbacks = getCallbacksStub();
 const marshal: DimensionMarshal = createDimensionMarshal(
 registry,
 callbacks,
 );
 populate(registry, withScrollables);

 // A publish has started
 marshal.startPublishing(defaultRequest);
 expect(callbacks.publishWhileDragging).not.toHaveBeenCalled();

 registry.draggable.register(
 getDraggableEntry({ dimension: beforeInHome1 }),
 );
 registry.draggable.register(
 getDraggableEntry({ dimension: beforeInHome2 }),
 );
 expect(callbacks.collectionStarting).toHaveBeenCalled();
 expect(callbacks.publishWhileDragging).not.toHaveBeenCalled();

 // Fire the collection / publish step
 requestAnimationFrame.step();
 const expected: Published = {
 ...empty,
 additions: [beforeInHome1, beforeInHome2],
 modified: [{ droppableId: scrollableHome.descriptor.id, scroll: origin }],
 };
 expect(callbacks.publishWhileDragging).toHaveBeenCalledWith(expected);
 });
Request:
Refactor the affected code to eliminate the Lazy Test. Ensure the test remains correct, readable, and maintainable.",27,1,3.703703704,,,,FALSE,FALSE,FALSE,FALSE,FALSE,FALSE,,,,,,
58,steel,atlassian/react-beautiful-dnd,/test/unit/view/dimension-marshal/publish-while-dragging.spec.js,Lazy Test,"{'line': 176, 'column': 6, 'index': 4997}",start: 160 end: 179,"Context: I'm refactoring test smells from a test file to improve code quality.
Issue Details:
- Test Smell Category: Lazy Test
- Smell Location:  Line : 177, column: 6, index: 4997
- Description:  Lazy Test occurs when a single test is written superficially and verifies multiple functionalities of a class without going into detail about each one.

Request:
Refactor the affected code to eliminate the Lazy Test. Ensure the test remains correct, readable, and maintainable.","it('should not do anything if trying to add a draggable that does not have the same type as the dragging item', () => {
 const callbacks: Callbacks = getCallbacksStub();
 const registry: Registry = createRegistry();
 const marshal: DimensionMarshal = createDimensionMarshal(
 registry,
 callbacks,
 );
 populate(registry, withScrollables);

 // A publish has started
 marshal.startPublishing(defaultRequest);
 expect(callbacks.collectionStarting).not.toHaveBeenCalled();

 // Registering a new draggable (inserted before inHome1)

 registry.draggable.register(
 getDraggableEntry({ dimension: inAnotherType }),
 );
 expect(callbacks.collectionStarting).not.toHaveBeenCalled();
 });",10,1,10,383.8692436,0.01369082928,100,,"Context: I'm refactoring test smells from a test file to improve code quality.
Issue Details:
- Test Smell Category: Lazy Test
- Smell Location:  Line : 177, column: 6, index: 4997
- Description:  Lazy Test occurs when a single test is written superficially and verifies multiple functionalities of a class without going into detail about each one.
it('should not do anything if trying to add a draggable that does not have the same type as the dragging item', () => {
 const callbacks: Callbacks = getCallbacksStub();
 const registry: Registry = createRegistry();
 const marshal: DimensionMarshal = createDimensionMarshal(
 registry,
 callbacks,
 );
 populate(registry, withScrollables);

 // A publish has started
 marshal.startPublishing(defaultRequest);
 expect(callbacks.collectionStarting).not.toHaveBeenCalled();

 // Registering a new draggable (inserted before inHome1)

 registry.draggable.register(
 getDraggableEntry({ dimension: inAnotherType }),
 );
 expect(callbacks.collectionStarting).not.toHaveBeenCalled();
 });
Request:
Refactor the affected code to eliminate the Lazy Test. Ensure the test remains correct, readable, and maintainable.",22,1,4.545454545,,,,FALSE,FALSE,FALSE,FALSE,FALSE,FALSE,,,,,,
59,steel,atlassian/react-beautiful-dnd,/test/unit/view/dimension-marshal/publish-while-dragging.spec.js,Lazy Test,"{'line': 213, 'column': 6, 'index': 6080}",start: 181 end: 230,"Context: I'm refactoring test smells from a test file to improve code quality.
Issue Details:
- Test Smell Category: Lazy Test
- Smell Location:  Line : 214, column: 6, index: 6080
- Description:  Lazy Test occurs when a single test is written superficially and verifies multiple functionalities of a class without going into detail about each one.

Request:
Refactor the affected code to eliminate the Lazy Test. Ensure the test remains correct, readable, and maintainable.","it('should order published draggables by their index', () => {
 const beforeInHome1: DraggableDimension = {
 ...preset.inHome1,
 descriptor: {
 ...preset.inHome1.descriptor,
 id: 'b',
 index: 0,
 },
 };
 const beforeInHome2: DraggableDimension = {
 ...preset.inHome2,
 descriptor: {
 ...preset.inHome2.descriptor,
 // if ordered by a key, this would be first
 id: 'a',
 index: 1,
 },
 };
 const callbacks: Callbacks = getCallbacksStub();
 const registry: Registry = createRegistry();
 const marshal: DimensionMarshal = createDimensionMarshal(
 registry,
 callbacks,
 );
 populate(registry, withScrollables);

 // A publish has started
 marshal.startPublishing(defaultRequest);
 expect(callbacks.publishWhileDragging).not.toHaveBeenCalled();

 // publishing the higher index value first
 registry.draggable.register(
 getDraggableEntry({ dimension: beforeInHome2 }),
 );
 // publishing the lower index value second
 registry.draggable.register(
 getDraggableEntry({ dimension: beforeInHome1 }),
 );
 expect(callbacks.publishWhileDragging).not.toHaveBeenCalled();

 // Fire the collection / publish step
 requestAnimationFrame.step();
 const expected: Published = {
 ...empty,
 // we expect this to be ordered by index
 additions: [beforeInHome1, beforeInHome2],
 modified: [{ droppableId: scrollableHome.descriptor.id, scroll: origin }],
 };
 expect(callbacks.publishWhileDragging).toHaveBeenCalledWith(expected);
 });",16,1,6.25,1239.296755,0.02627506675,92.01964728,,"Context: I'm refactoring test smells from a test file to improve code quality.
Issue Details:
- Test Smell Category: Lazy Test
- Smell Location:  Line : 214, column: 6, index: 6080
- Description:  Lazy Test occurs when a single test is written superficially and verifies multiple functionalities of a class without going into detail about each one.
it('should order published draggables by their index', () => {
 const beforeInHome1: DraggableDimension = {
 ...preset.inHome1,
 descriptor: {
 ...preset.inHome1.descriptor,
 id: 'b',
 index: 0,
 },
 };
 const beforeInHome2: DraggableDimension = {
 ...preset.inHome2,
 descriptor: {
 ...preset.inHome2.descriptor,
 // if ordered by a key, this would be first
 id: 'a',
 index: 1,
 },
 };
 const callbacks: Callbacks = getCallbacksStub();
 const registry: Registry = createRegistry();
 const marshal: DimensionMarshal = createDimensionMarshal(
 registry,
 callbacks,
 );
 populate(registry, withScrollables);

 // A publish has started
 marshal.startPublishing(defaultRequest);
 expect(callbacks.publishWhileDragging).not.toHaveBeenCalled();

 // publishing the higher index value first
 registry.draggable.register(
 getDraggableEntry({ dimension: beforeInHome2 }),
 );
 // publishing the lower index value second
 registry.draggable.register(
 getDraggableEntry({ dimension: beforeInHome1 }),
 );
 expect(callbacks.publishWhileDragging).not.toHaveBeenCalled();

 // Fire the collection / publish step
 requestAnimationFrame.step();
 const expected: Published = {
 ...empty,
 // we expect this to be ordered by index
 additions: [beforeInHome1, beforeInHome2],
 modified: [{ droppableId: scrollableHome.descriptor.id, scroll: origin }],
 };
 expect(callbacks.publishWhileDragging).toHaveBeenCalledWith(expected);
 });
Request:
Refactor the affected code to eliminate the Lazy Test. Ensure the test remains correct, readable, and maintainable.",28,1,3.571428571,,,,FALSE,FALSE,FALSE,FALSE,FALSE,FALSE,,,,,,
60,steel,jackocnr/intl-tel-input,/tests/static/attachUtils.test.js,Duplicate Assert,"{'line': 26, 'column': 6, 'index': 687}",start: 25 end: 28,"Context: I'm refactoring test smells from a test file to improve code quality.
Issue Details:
- Test Smell Category: Duplicate Assert
- Smell Location:  Line : 27, column: 6, index: 687
- Description:  This issue occurs when a test method verifies the same condition more than once within its scope, making the test harder to read and maintain. Identical assertions within the same method do not explicitly convey the purpose of the test method.

Request:
Refactor the affected code to eliminate the Duplicate Assert. Ensure the test remains correct, readable, and maintainable.","it(""resolves the promise"", async () => {
 expect(loadResult).toBeAPromise();
 await expect(loadResult).resolves.toBe(true);
 });",4,1,25,69.2855036,0.004755658758,100,,"Context: I'm refactoring test smells from a test file to improve code quality.
Issue Details:
- Test Smell Category: Duplicate Assert
- Smell Location:  Line : 27, column: 6, index: 687
- Description:  This issue occurs when a test method verifies the same condition more than once within its scope, making the test harder to read and maintain. Identical assertions within the same method do not explicitly convey the purpose of the test method.
it(""resolves the promise"", async () => {
 expect(loadResult).toBeAPromise();
 await expect(loadResult).resolves.toBe(true);
 });
Request:
Refactor the affected code to eliminate the Duplicate Assert. Ensure the test remains correct, readable, and maintainable.",3,1,33.33333333,,,,FALSE,FALSE,FALSE,FALSE,FALSE,FALSE,,,,,,
61,steel,jackocnr/intl-tel-input,/tests/static/attachUtils.test.js,Duplicate Assert,"{'line': 27, 'column': 12, 'index': 734}",start: 25 end: 28,"Context: I'm refactoring test smells from a test file to improve code quality.
Issue Details:
- Test Smell Category: Duplicate Assert
- Smell Location:  Line : 28, column: 12, index: 734
- Description:  This issue occurs when a test method verifies the same condition more than once within its scope, making the test harder to read and maintain. Identical assertions within the same method do not explicitly convey the purpose of the test method.

Request:
Refactor the affected code to eliminate the Duplicate Assert. Ensure the test remains correct, readable, and maintainable.","it(""resolves the promise"", async () => {
 expect(loadResult).toBeAPromise();
 await expect(loadResult).resolves.toBe(true);
 });",4,1,25,69.2855036,0.004755658758,100,,"Context: I'm refactoring test smells from a test file to improve code quality.
Issue Details:
- Test Smell Category: Duplicate Assert
- Smell Location:  Line : 28, column: 12, index: 734
- Description:  This issue occurs when a test method verifies the same condition more than once within its scope, making the test harder to read and maintain. Identical assertions within the same method do not explicitly convey the purpose of the test method.
it(""resolves the promise"", async () => {
 expect(loadResult).toBeAPromise();
 await expect(loadResult).resolves.toBe(true);
 });
Request:
Refactor the affected code to eliminate the Duplicate Assert. Ensure the test remains correct, readable, and maintainable.",3,1,33.33333333,,,,FALSE,FALSE,FALSE,FALSE,FALSE,FALSE,,,,,,
62,steel,jackocnr/intl-tel-input,/tests/options/separateDialCode.test.js,Duplicate Assert,"{'line': 156, 'column': 4, 'index': 4180}",start: 153 end: 169,"Context: I'm refactoring test smells from a test file to improve code quality.
Issue Details:
- Test Smell Category: Duplicate Assert
- Smell Location:  Line : 157, column: 4, index: 4180
- Description:  This issue occurs when a test method verifies the same condition more than once within its scope, making the test harder to read and maintain. Identical assertions within the same method do not explicitly convey the purpose of the test method.

Request:
Refactor the affected code to eliminate the Duplicate Assert. Ensure the test remains correct, readable, and maintainable.","test(""typing/deleting different area codes should update the selected country"", async () => {
 // typing area code starting with 1 changes to Russia
 await user.type(input, ""1"");
 expect(checkFlagSelected(container, ""ru"")).toBe(true);

 // deleting area code keeps Russia selected
 await user.type(input, ""{backspace}"");
 expect(checkFlagSelected(container, ""ru"")).toBe(true);

 // typing area code starting with 7 changes to Kazakhstan
 await user.type(input, ""7"");
 expect(checkFlagSelected(container, ""kz"")).toBe(true);

 // deleting area code keeps Kazakhstan selected
 await user.type(input, ""{backspace}"");
 expect(checkFlagSelected(container, ""kz"")).toBe(true);
 });",10,1,10,684,0.01329879952,100,,"Context: I'm refactoring test smells from a test file to improve code quality.
Issue Details:
- Test Smell Category: Duplicate Assert
- Smell Location:  Line : 157, column: 4, index: 4180
- Description:  This issue occurs when a test method verifies the same condition more than once within its scope, making the test harder to read and maintain. Identical assertions within the same method do not explicitly convey the purpose of the test method.
test(""typing/deleting different area codes should update the selected country"", async () => {
 // typing area code starting with 1 changes to Russia
 await user.type(input, ""1"");
 expect(checkFlagSelected(container, ""ru"")).toBe(true);

 // deleting area code keeps Russia selected
 await user.type(input, ""{backspace}"");
 expect(checkFlagSelected(container, ""ru"")).toBe(true);

 // typing area code starting with 7 changes to Kazakhstan
 await user.type(input, ""7"");
 expect(checkFlagSelected(container, ""kz"")).toBe(true);

 // deleting area code keeps Kazakhstan selected
 await user.type(input, ""{backspace}"");
 expect(checkFlagSelected(container, ""kz"")).toBe(true);
 });
Request:
Refactor the affected code to eliminate the Duplicate Assert. Ensure the test remains correct, readable, and maintainable.",10,1,10,,,,FALSE,FALSE,FALSE,FALSE,FALSE,FALSE,,,,,,
63,steel,jackocnr/intl-tel-input,/tests/options/separateDialCode.test.js,Duplicate Assert,"{'line': 160, 'column': 4, 'index': 4331}",start: 153 end: 169,"Context: I'm refactoring test smells from a test file to improve code quality.
Issue Details:
- Test Smell Category: Duplicate Assert
- Smell Location:  Line : 161, column: 4, index: 4331
- Description:  This issue occurs when a test method verifies the same condition more than once within its scope, making the test harder to read and maintain. Identical assertions within the same method do not explicitly convey the purpose of the test method.

Request:
Refactor the affected code to eliminate the Duplicate Assert. Ensure the test remains correct, readable, and maintainable.","test(""typing/deleting different area codes should update the selected country"", async () => {
 // typing area code starting with 1 changes to Russia
 await user.type(input, ""1"");
 expect(checkFlagSelected(container, ""ru"")).toBe(true);

 // deleting area code keeps Russia selected
 await user.type(input, ""{backspace}"");
 expect(checkFlagSelected(container, ""ru"")).toBe(true);

 // typing area code starting with 7 changes to Kazakhstan
 await user.type(input, ""7"");
 expect(checkFlagSelected(container, ""kz"")).toBe(true);

 // deleting area code keeps Kazakhstan selected
 await user.type(input, ""{backspace}"");
 expect(checkFlagSelected(container, ""kz"")).toBe(true);
 });",10,1,10,684,0.01329879952,100,,"Context: I'm refactoring test smells from a test file to improve code quality.
Issue Details:
- Test Smell Category: Duplicate Assert
- Smell Location:  Line : 161, column: 4, index: 4331
- Description:  This issue occurs when a test method verifies the same condition more than once within its scope, making the test harder to read and maintain. Identical assertions within the same method do not explicitly convey the purpose of the test method.
test(""typing/deleting different area codes should update the selected country"", async () => {
 // typing area code starting with 1 changes to Russia
 await user.type(input, ""1"");
 expect(checkFlagSelected(container, ""ru"")).toBe(true);

 // deleting area code keeps Russia selected
 await user.type(input, ""{backspace}"");
 expect(checkFlagSelected(container, ""ru"")).toBe(true);

 // typing area code starting with 7 changes to Kazakhstan
 await user.type(input, ""7"");
 expect(checkFlagSelected(container, ""kz"")).toBe(true);

 // deleting area code keeps Kazakhstan selected
 await user.type(input, ""{backspace}"");
 expect(checkFlagSelected(container, ""kz"")).toBe(true);
 });
Request:
Refactor the affected code to eliminate the Duplicate Assert. Ensure the test remains correct, readable, and maintainable.",10,1,10,,,,FALSE,FALSE,FALSE,FALSE,FALSE,FALSE,,,,,,
64,steel,jackocnr/intl-tel-input,/tests/core/multipleInstances.test.js,Magic Number,"{'line': 35, 'column': 53, 'index': 886}",start: 34 end: 37,"Context: I'm refactoring test smells from a test file to improve code quality.
Issue Details:
- Test Smell Category: Magic Number
- Smell Location:  Line : 36, column: 53, index: 886
- Description:  Occurs when numeric literals are used directly in tests without explanation or documentation. These numbers lack clear context, making the code less readable and harder to maintain, as it is not obvious why such values are used.

Request:
Refactor the affected code to eliminate the Magic Number. Ensure the test remains correct, readable, and maintainable.","test(""instances have different country lists"", () => {
 expect(getCountryListLength(container1)).toEqual(2);
 expect(getCountryListLength(container2)).toEqual(4);
 });",4,1,25,96.86408532,0.005803563965,100,,"Context: I'm refactoring test smells from a test file to improve code quality.
Issue Details:
- Test Smell Category: Magic Number
- Smell Location:  Line : 36, column: 53, index: 886
- Description:  Occurs when numeric literals are used directly in tests without explanation or documentation. These numbers lack clear context, making the code less readable and harder to maintain, as it is not obvious why such values are used.
test(""instances have different country lists"", () => {
 expect(getCountryListLength(container1)).toEqual(2);
 expect(getCountryListLength(container2)).toEqual(4);
 });
Request:
Refactor the affected code to eliminate the Magic Number. Ensure the test remains correct, readable, and maintainable.",6,1,16.66666667,,,,FALSE,FALSE,FALSE,FALSE,FALSE,FALSE,,,,,,
65,steel,jackocnr/intl-tel-input,/tests/core/multipleInstances.test.js,Magic Number,"{'line': 36, 'column': 53, 'index': 943}",start: 34 end: 37,"Context: I'm refactoring test smells from a test file to improve code quality.
Issue Details:
- Test Smell Category: Magic Number
- Smell Location:  Line : 37, column: 53, index: 943
- Description:  Occurs when numeric literals are used directly in tests without explanation or documentation. These numbers lack clear context, making the code less readable and harder to maintain, as it is not obvious why such values are used.

Request:
Refactor the affected code to eliminate the Magic Number. Ensure the test remains correct, readable, and maintainable.","test(""instances have different country lists"", () => {
 expect(getCountryListLength(container1)).toEqual(2);
 expect(getCountryListLength(container2)).toEqual(4);
 });",4,1,25,96.86408532,0.005803563965,100,,"Context: I'm refactoring test smells from a test file to improve code quality.
Issue Details:
- Test Smell Category: Magic Number
- Smell Location:  Line : 37, column: 53, index: 943
- Description:  Occurs when numeric literals are used directly in tests without explanation or documentation. These numbers lack clear context, making the code less readable and harder to maintain, as it is not obvious why such values are used.
test(""instances have different country lists"", () => {
 expect(getCountryListLength(container1)).toEqual(2);
 expect(getCountryListLength(container2)).toEqual(4);
 });
Request:
Refactor the affected code to eliminate the Magic Number. Ensure the test remains correct, readable, and maintainable.",6,1,16.66666667,,,,FALSE,FALSE,FALSE,FALSE,FALSE,FALSE,,,,,,
66,steel,jackocnr/intl-tel-input,/tests/core/countrySearch.test.js,Magic Number,"{'line': 55, 'column': 51, 'index': 1582}",start: 54 end: 56,"Context: I'm refactoring test smells from a test file to improve code quality.
Issue Details:
- Test Smell Category: Magic Number
- Smell Location:  Line : 56, column: 51, index: 1582
- Description:  Occurs when numeric literals are used directly in tests without explanation or documentation. These numbers lack clear context, making the code less readable and harder to maintain, as it is not obvious why such values are used.

Request:
Refactor the affected code to eliminate the Magic Number. Ensure the test remains correct, readable, and maintainable.","test(""shows the right number of results"", () => {
 expect(getCountryListLength(container)).toBe(6);
 });",3,1,33.33333333,38.03910002,0.003770210229,100,,"Context: I'm refactoring test smells from a test file to improve code quality.
Issue Details:
- Test Smell Category: Magic Number
- Smell Location:  Line : 56, column: 51, index: 1582
- Description:  Occurs when numeric literals are used directly in tests without explanation or documentation. These numbers lack clear context, making the code less readable and harder to maintain, as it is not obvious why such values are used.
test(""shows the right number of results"", () => {
 expect(getCountryListLength(container)).toBe(6);
 });
Request:
Refactor the affected code to eliminate the Magic Number. Ensure the test remains correct, readable, and maintainable.",4,1,25,,,,FALSE,FALSE,FALSE,FALSE,FALSE,FALSE,,,,,,
67,snutsjs,miragejs/miragejs,/__tests__/internal/move-after-handle-request/route-handlers/put-shorthand-test.js,SubOptimalAssert,"{""startLine"":56,""endLine"":56}",start: 40 end: 59,"Context: I'm refactoring test smells from a test file to improve code quality.
Issue Details:
- Test Smell Category: SubOptimalAssert
- Smell Location:  Line Range:  startLine : 56, endLine : 56
- Description:  Occurs when the assertions used in tests are not ideal for verifying the specific condition being tested. Using more specific and expressive assertions can improve test clarity and make results more useful

Request:
Refactor the affected code to eliminate the SubOptimalAssert. Ensure the test remains correct, readable, and maintainable.","test(""undefined shorthand updates the record and returns the model"", () => {
 let handler = new PutShorthandRouteHandler(
 schema,
 serializer,
 undefined,
 ""/authors/:id""
 );
 let request = {
 requestBody: JSON.stringify(body),
 url: ""/authors/1"",
 params: { id: ""1"" },
 };

 let model = handler.handle(request);

 expect(schema.db.authors).toHaveLength(1);
 expect(model instanceof Model).toBeTruthy();
 expect(model.modelName).toBe(""author"");
 expect(model.firstName).toBe(""Ganondorf"");
 });",9,1,11.11111111,661.6983928,0.01577609676,100,,"Context: I'm refactoring test smells from a test file to improve code quality.
Issue Details:
- Test Smell Category: SubOptimalAssert
- Smell Location:  Line Range:  startLine : 56, endLine : 56
- Description:  Occurs when the assertions used in tests are not ideal for verifying the specific condition being tested. Using more specific and expressive assertions can improve test clarity and make results more useful
test(""undefined shorthand updates the record and returns the model"", () => {
 let handler = new PutShorthandRouteHandler(
 schema,
 serializer,
 undefined,
 ""/authors/:id""
 );
 let request = {
 requestBody: JSON.stringify(body),
 url: ""/authors/1"",
 params: { id: ""1"" },
 };

 let model = handler.handle(request);

 expect(schema.db.authors).toHaveLength(1);
 expect(model instanceof Model).toBeTruthy();
 expect(model.modelName).toBe(""author"");
 expect(model.firstName).toBe(""Ganondorf"");
 });
Request:
Refactor the affected code to eliminate the SubOptimalAssert. Ensure the test remains correct, readable, and maintainable.",9,1,11.11111111,,,,FALSE,FALSE,FALSE,FALSE,FALSE,FALSE,,,,,,
68,snutsjs,miragejs/miragejs,/__tests__/internal/move-after-handle-request/route-handlers/put-shorthand-test.js,SubOptimalAssert,"{""startLine"":73,""endLine"":73}",start: 61 end: 76,"Context: I'm refactoring test smells from a test file to improve code quality.
Issue Details:
- Test Smell Category: SubOptimalAssert
- Smell Location:  Line Range:  startLine : 73, endLine : 73
- Description:  Occurs when the assertions used in tests are not ideal for verifying the specific condition being tested. Using more specific and expressive assertions can improve test clarity and make results more useful

Request:
Refactor the affected code to eliminate the SubOptimalAssert. Ensure the test remains correct, readable, and maintainable.","test(""query params are ignored"", () => {
 let handler = new PutShorthandRouteHandler(schema, serializer, ""author"");
 let request = {
 requestBody: JSON.stringify(body),
 url: ""/authors/1?foo=bar"",
 params: { id: ""1"" },
 queryParams: { foo: ""bar"" },
 };

 let model = handler.handle(request);

 expect(schema.db.authors).toHaveLength(1);
 expect(model instanceof Model).toBeTruthy();
 expect(model.modelName).toBe(""author"");
 expect(model.firstName).toBe(""Ganondorf"");
 });",9,1,11.11111111,698.2236507,0.01619120398,100,,"Context: I'm refactoring test smells from a test file to improve code quality.
Issue Details:
- Test Smell Category: SubOptimalAssert
- Smell Location:  Line Range:  startLine : 73, endLine : 73
- Description:  Occurs when the assertions used in tests are not ideal for verifying the specific condition being tested. Using more specific and expressive assertions can improve test clarity and make results more useful
test(""query params are ignored"", () => {
 let handler = new PutShorthandRouteHandler(schema, serializer, ""author"");
 let request = {
 requestBody: JSON.stringify(body),
 url: ""/authors/1?foo=bar"",
 params: { id: ""1"" },
 queryParams: { foo: ""bar"" },
 };

 let model = handler.handle(request);

 expect(schema.db.authors).toHaveLength(1);
 expect(model instanceof Model).toBeTruthy();
 expect(model.modelName).toBe(""author"");
 expect(model.firstName).toBe(""Ganondorf"");
 });
Request:
Refactor the affected code to eliminate the SubOptimalAssert. Ensure the test remains correct, readable, and maintainable.",9,1,11.11111111,,,,FALSE,FALSE,FALSE,FALSE,FALSE,FALSE,,,,,,
69,snutsjs,miragejs/miragejs,/__tests__/internal/move-after-handle-request/route-handlers/put-shorthand-test.js,SubOptimalAssert,"{""startLine"":94,""endLine"":94}",start: 78 end: 97,"Context: I'm refactoring test smells from a test file to improve code quality.
Issue Details:
- Test Smell Category: SubOptimalAssert
- Smell Location:  Line Range:  startLine : 94, endLine : 94
- Description:  Occurs when the assertions used in tests are not ideal for verifying the specific condition being tested. Using more specific and expressive assertions can improve test clarity and make results more useful

Request:
Refactor the affected code to eliminate the SubOptimalAssert. Ensure the test remains correct, readable, and maintainable.","test(""string shorthand updates the record of the specified type and returns the model"", () => {
 let handler = new PutShorthandRouteHandler(
 schema,
 serializer,
 undefined,
 ""/authors/:id""
 );
 let request = {
 requestBody: JSON.stringify(body),
 url: ""/authors/1"",
 params: { id: ""1"" },
 };

 let model = handler.handle(request);

 expect(schema.db.authors).toHaveLength(1);
 expect(model instanceof Model).toBeTruthy();
 expect(model.modelName).toBe(""author"");
 expect(model.firstName).toBe(""Ganondorf"");
 });",9,1,11.11111111,661.6983928,0.01577609676,100,,"Context: I'm refactoring test smells from a test file to improve code quality.
Issue Details:
- Test Smell Category: SubOptimalAssert
- Smell Location:  Line Range:  startLine : 94, endLine : 94
- Description:  Occurs when the assertions used in tests are not ideal for verifying the specific condition being tested. Using more specific and expressive assertions can improve test clarity and make results more useful
test(""string shorthand updates the record of the specified type and returns the model"", () => {
 let handler = new PutShorthandRouteHandler(
 schema,
 serializer,
 undefined,
 ""/authors/:id""
 );
 let request = {
 requestBody: JSON.stringify(body),
 url: ""/authors/1"",
 params: { id: ""1"" },
 };

 let model = handler.handle(request);

 expect(schema.db.authors).toHaveLength(1);
 expect(model instanceof Model).toBeTruthy();
 expect(model.modelName).toBe(""author"");
 expect(model.firstName).toBe(""Ganondorf"");
 });
Request:
Refactor the affected code to eliminate the SubOptimalAssert. Ensure the test remains correct, readable, and maintainable.",9,1,11.11111111,,,,FALSE,FALSE,FALSE,FALSE,FALSE,FALSE,,,,,,
70,snutsjs,miragejs/miragejs,/__tests__/internal/move-after-handle-request/route-handlers/post-shorthand-test.js,SubOptimalAssert,"{""startLine"":42,""endLine"":42}",start: 35 end: 45,"Context: I'm refactoring test smells from a test file to improve code quality.
Issue Details:
- Test Smell Category: SubOptimalAssert
- Smell Location:  Line Range:  startLine : 42, endLine : 42
- Description:  Occurs when the assertions used in tests are not ideal for verifying the specific condition being tested. Using more specific and expressive assertions can improve test clarity and make results more useful

Request:
Refactor the affected code to eliminate the SubOptimalAssert. Ensure the test remains correct, readable, and maintainable.","test(""string shorthand creates a record of the specified type and returns the new model"", () => {
 let request = { requestBody: JSON.stringify(body), url: ""/people"" };
 let handler = new PostShorthandRouteHandler(schema, serializer, ""author"");

 let model = handler.handle(request);

 expect(schema.db.authors).toHaveLength(1);
 expect(model instanceof Model).toBeTruthy();
 expect(model.modelName).toBe(""author"");
 expect(model.firstName).toBe(""Ganon"");
 });",9,1,11.11111111,621.5394754,0.01475198614,100,,"Context: I'm refactoring test smells from a test file to improve code quality.
Issue Details:
- Test Smell Category: SubOptimalAssert
- Smell Location:  Line Range:  startLine : 42, endLine : 42
- Description:  Occurs when the assertions used in tests are not ideal for verifying the specific condition being tested. Using more specific and expressive assertions can improve test clarity and make results more useful
test(""string shorthand creates a record of the specified type and returns the new model"", () => {
 let request = { requestBody: JSON.stringify(body), url: ""/people"" };
 let handler = new PostShorthandRouteHandler(schema, serializer, ""author"");

 let model = handler.handle(request);

 expect(schema.db.authors).toHaveLength(1);
 expect(model instanceof Model).toBeTruthy();
 expect(model.modelName).toBe(""author"");
 expect(model.firstName).toBe(""Ganon"");
 });
Request:
Refactor the affected code to eliminate the SubOptimalAssert. Ensure the test remains correct, readable, and maintainable.",9,1,11.11111111,,,,FALSE,FALSE,FALSE,FALSE,FALSE,FALSE,,,,,,
71,snutsjs,miragejs/miragejs,/__tests__/internal/move-after-handle-request/route-handlers/post-shorthand-test.js,SubOptimalAssert,"{""startLine"":58,""endLine"":58}",start: 47 end: 61,"Context: I'm refactoring test smells from a test file to improve code quality.
Issue Details:
- Test Smell Category: SubOptimalAssert
- Smell Location:  Line Range:  startLine : 58, endLine : 58
- Description:  Occurs when the assertions used in tests are not ideal for verifying the specific condition being tested. Using more specific and expressive assertions can improve test clarity and make results more useful

Request:
Refactor the affected code to eliminate the SubOptimalAssert. Ensure the test remains correct, readable, and maintainable.","test(""query params are ignored"", () => {
 let request = {
 requestBody: JSON.stringify(body),
 url: ""/authors?foo=bar"",
 queryParams: { foo: ""bar"" },
 };
 let handler = new PostShorthandRouteHandler(schema, serializer, ""author"");

 let model = handler.handle(request);

 expect(schema.db.authors).toHaveLength(1);
 expect(model instanceof Model).toBeTruthy();
 expect(model.modelName).toBe(""author"");
 expect(model.firstName).toBe(""Ganon"");
 });",9,1,11.11111111,651.4835005,0.01552309989,100,,"Context: I'm refactoring test smells from a test file to improve code quality.
Issue Details:
- Test Smell Category: SubOptimalAssert
- Smell Location:  Line Range:  startLine : 58, endLine : 58
- Description:  Occurs when the assertions used in tests are not ideal for verifying the specific condition being tested. Using more specific and expressive assertions can improve test clarity and make results more useful
test(""query params are ignored"", () => {
 let request = {
 requestBody: JSON.stringify(body),
 url: ""/authors?foo=bar"",
 queryParams: { foo: ""bar"" },
 };
 let handler = new PostShorthandRouteHandler(schema, serializer, ""author"");

 let model = handler.handle(request);

 expect(schema.db.authors).toHaveLength(1);
 expect(model instanceof Model).toBeTruthy();
 expect(model.modelName).toBe(""author"");
 expect(model.firstName).toBe(""Ganon"");
 });
Request:
Refactor the affected code to eliminate the SubOptimalAssert. Ensure the test remains correct, readable, and maintainable.",9,1,11.11111111,,,,FALSE,FALSE,FALSE,FALSE,FALSE,FALSE,,,,,,
72,steel,miragejs/miragejs,/__tests__/internal/unit/server-test.js,Duplicate Assert,"{'line': 622, 'column': 4, 'index': 14567}",start: 578 end: 636,"Context: I'm refactoring test smells from a test file to improve code quality.
Issue Details:
- Test Smell Category: Duplicate Assert
- Smell Location:  Line : 623, column: 4, index: 14567
- Description:  This issue occurs when a test method verifies the same condition more than once within its scope, making the test harder to read and maintain. Identical assertions within the same method do not explicitly convey the purpose of the test method.

Request:
Refactor the affected code to eliminate the Duplicate Assert. Ensure the test remains correct, readable, and maintainable.","test(""create allows to create objects with associations"", () => {
 let AuthorFactory = Factory.extend({
 name: ""Sam"",
 });
 let CategoryFactory = Factory.extend({
 name: ""splendid software"",
 });
 let ArticleFactory = Factory.extend({
 title: ""Lorem ipsum"",

 withCategory: trait({
 awesomeCategory: association(),
 }),

 author: association(),
 });

 let server = new Server({
 environment: ""test"",
 models: {
 author: Model.extend({
 articles: hasMany(),
 }),
 category: Model.extend({}),
 article: Model.extend({
 author: belongsTo(),
 awesomeCategory: belongsTo(""category""),
 }),
 },
 factories: {
 article: ArticleFactory,
 author: AuthorFactory,
 category: CategoryFactory,
 },
 });

 let article = server.create(""article"", ""withCategory"");

 expect(article.attrs).toEqual({
 title: ""Lorem ipsum"",
 id: ""1"",
 authorId: ""1"",
 awesomeCategoryId: ""1"",
 });
 expect(server.db.authors).toHaveLength(1);
 expect(server.db.categories).toHaveLength(1);

 let anotherArticle = server.create(""article"", ""withCategory"");
 expect(anotherArticle.attrs).toEqual({
 title: ""Lorem ipsum"",
 id: ""2"",
 authorId: ""2"",
 awesomeCategoryId: ""2"",
 });
 expect(server.db.authors).toHaveLength(2);
 expect(server.db.categories).toHaveLength(2);

 server.shutdown();
 });",15,1,6.666666667,2324.969622,0.03108760404,91.75329948,,"Context: I'm refactoring test smells from a test file to improve code quality.
Issue Details:
- Test Smell Category: Duplicate Assert
- Smell Location:  Line : 623, column: 4, index: 14567
- Description:  This issue occurs when a test method verifies the same condition more than once within its scope, making the test harder to read and maintain. Identical assertions within the same method do not explicitly convey the purpose of the test method.
test(""create allows to create objects with associations"", () => {
 let AuthorFactory = Factory.extend({
 name: ""Sam"",
 });
 let CategoryFactory = Factory.extend({
 name: ""splendid software"",
 });
 let ArticleFactory = Factory.extend({
 title: ""Lorem ipsum"",

 withCategory: trait({
 awesomeCategory: association(),
 }),

 author: association(),
 });

 let server = new Server({
 environment: ""test"",
 models: {
 author: Model.extend({
 articles: hasMany(),
 }),
 category: Model.extend({}),
 article: Model.extend({
 author: belongsTo(),
 awesomeCategory: belongsTo(""category""),
 }),
 },
 factories: {
 article: ArticleFactory,
 author: AuthorFactory,
 category: CategoryFactory,
 },
 });

 let article = server.create(""article"", ""withCategory"");

 expect(article.attrs).toEqual({
 title: ""Lorem ipsum"",
 id: ""1"",
 authorId: ""1"",
 awesomeCategoryId: ""1"",
 });
 expect(server.db.authors).toHaveLength(1);
 expect(server.db.categories).toHaveLength(1);

 let anotherArticle = server.create(""article"", ""withCategory"");
 expect(anotherArticle.attrs).toEqual({
 title: ""Lorem ipsum"",
 id: ""2"",
 authorId: ""2"",
 awesomeCategoryId: ""2"",
 });
 expect(server.db.authors).toHaveLength(2);
 expect(server.db.categories).toHaveLength(2);

 server.shutdown();
 });
Request:
Refactor the affected code to eliminate the Duplicate Assert. Ensure the test remains correct, readable, and maintainable.",17,1,5.882352941,,,,FALSE,FALSE,FALSE,FALSE,FALSE,FALSE,,,,,,
73,steel,miragejs/miragejs,/__tests__/internal/unit/server-test.js,Duplicate Assert,"{'line': 623, 'column': 4, 'index': 14614}",start: 578 end: 636,"Context: I'm refactoring test smells from a test file to improve code quality.
Issue Details:
- Test Smell Category: Duplicate Assert
- Smell Location:  Line : 624, column: 4, index: 14614
- Description:  This issue occurs when a test method verifies the same condition more than once within its scope, making the test harder to read and maintain. Identical assertions within the same method do not explicitly convey the purpose of the test method.

Request:
Refactor the affected code to eliminate the Duplicate Assert. Ensure the test remains correct, readable, and maintainable.","test(""create allows to create objects with associations"", () => {
 let AuthorFactory = Factory.extend({
 name: ""Sam"",
 });
 let CategoryFactory = Factory.extend({
 name: ""splendid software"",
 });
 let ArticleFactory = Factory.extend({
 title: ""Lorem ipsum"",

 withCategory: trait({
 awesomeCategory: association(),
 }),

 author: association(),
 });

 let server = new Server({
 environment: ""test"",
 models: {
 author: Model.extend({
 articles: hasMany(),
 }),
 category: Model.extend({}),
 article: Model.extend({
 author: belongsTo(),
 awesomeCategory: belongsTo(""category""),
 }),
 },
 factories: {
 article: ArticleFactory,
 author: AuthorFactory,
 category: CategoryFactory,
 },
 });

 let article = server.create(""article"", ""withCategory"");

 expect(article.attrs).toEqual({
 title: ""Lorem ipsum"",
 id: ""1"",
 authorId: ""1"",
 awesomeCategoryId: ""1"",
 });
 expect(server.db.authors).toHaveLength(1);
 expect(server.db.categories).toHaveLength(1);

 let anotherArticle = server.create(""article"", ""withCategory"");
 expect(anotherArticle.attrs).toEqual({
 title: ""Lorem ipsum"",
 id: ""2"",
 authorId: ""2"",
 awesomeCategoryId: ""2"",
 });
 expect(server.db.authors).toHaveLength(2);
 expect(server.db.categories).toHaveLength(2);

 server.shutdown();
 });",15,1,6.666666667,2324.969622,0.03108760404,91.75329948,,"Context: I'm refactoring test smells from a test file to improve code quality.
Issue Details:
- Test Smell Category: Duplicate Assert
- Smell Location:  Line : 624, column: 4, index: 14614
- Description:  This issue occurs when a test method verifies the same condition more than once within its scope, making the test harder to read and maintain. Identical assertions within the same method do not explicitly convey the purpose of the test method.
test(""create allows to create objects with associations"", () => {
 let AuthorFactory = Factory.extend({
 name: ""Sam"",
 });
 let CategoryFactory = Factory.extend({
 name: ""splendid software"",
 });
 let ArticleFactory = Factory.extend({
 title: ""Lorem ipsum"",

 withCategory: trait({
 awesomeCategory: association(),
 }),

 author: association(),
 });

 let server = new Server({
 environment: ""test"",
 models: {
 author: Model.extend({
 articles: hasMany(),
 }),
 category: Model.extend({}),
 article: Model.extend({
 author: belongsTo(),
 awesomeCategory: belongsTo(""category""),
 }),
 },
 factories: {
 article: ArticleFactory,
 author: AuthorFactory,
 category: CategoryFactory,
 },
 });

 let article = server.create(""article"", ""withCategory"");

 expect(article.attrs).toEqual({
 title: ""Lorem ipsum"",
 id: ""1"",
 authorId: ""1"",
 awesomeCategoryId: ""1"",
 });
 expect(server.db.authors).toHaveLength(1);
 expect(server.db.categories).toHaveLength(1);

 let anotherArticle = server.create(""article"", ""withCategory"");
 expect(anotherArticle.attrs).toEqual({
 title: ""Lorem ipsum"",
 id: ""2"",
 authorId: ""2"",
 awesomeCategoryId: ""2"",
 });
 expect(server.db.authors).toHaveLength(2);
 expect(server.db.categories).toHaveLength(2);

 server.shutdown();
 });
Request:
Refactor the affected code to eliminate the Duplicate Assert. Ensure the test remains correct, readable, and maintainable.",15,1,6.666666667,,,,FALSE,FALSE,FALSE,FALSE,FALSE,FALSE,,,,,,
74,steel,miragejs/miragejs,/__tests__/internal/unit/server-test.js,Duplicate Assert,"{'line': 632, 'column': 4, 'index': 14877}",start: 578 end: 636,"Context: I'm refactoring test smells from a test file to improve code quality.
Issue Details:
- Test Smell Category: Duplicate Assert
- Smell Location:  Line : 633, column: 4, index: 14877
- Description:  This issue occurs when a test method verifies the same condition more than once within its scope, making the test harder to read and maintain. Identical assertions within the same method do not explicitly convey the purpose of the test method.

Request:
Refactor the affected code to eliminate the Duplicate Assert. Ensure the test remains correct, readable, and maintainable.","test(""create allows to create objects with associations"", () => {
 let AuthorFactory = Factory.extend({
 name: ""Sam"",
 });
 let CategoryFactory = Factory.extend({
 name: ""splendid software"",
 });
 let ArticleFactory = Factory.extend({
 title: ""Lorem ipsum"",

 withCategory: trait({
 awesomeCategory: association(),
 }),

 author: association(),
 });

 let server = new Server({
 environment: ""test"",
 models: {
 author: Model.extend({
 articles: hasMany(),
 }),
 category: Model.extend({}),
 article: Model.extend({
 author: belongsTo(),
 awesomeCategory: belongsTo(""category""),
 }),
 },
 factories: {
 article: ArticleFactory,
 author: AuthorFactory,
 category: CategoryFactory,
 },
 });

 let article = server.create(""article"", ""withCategory"");

 expect(article.attrs).toEqual({
 title: ""Lorem ipsum"",
 id: ""1"",
 authorId: ""1"",
 awesomeCategoryId: ""1"",
 });
 expect(server.db.authors).toHaveLength(1);
 expect(server.db.categories).toHaveLength(1);

 let anotherArticle = server.create(""article"", ""withCategory"");
 expect(anotherArticle.attrs).toEqual({
 title: ""Lorem ipsum"",
 id: ""2"",
 authorId: ""2"",
 awesomeCategoryId: ""2"",
 });
 expect(server.db.authors).toHaveLength(2);
 expect(server.db.categories).toHaveLength(2);

 server.shutdown();
 });",15,1,6.666666667,2324.969622,0.03108760404,91.75329948,,"Context: I'm refactoring test smells from a test file to improve code quality.
Issue Details:
- Test Smell Category: Duplicate Assert
- Smell Location:  Line : 633, column: 4, index: 14877
- Description:  This issue occurs when a test method verifies the same condition more than once within its scope, making the test harder to read and maintain. Identical assertions within the same method do not explicitly convey the purpose of the test method.
test(""create allows to create objects with associations"", () => {
 let AuthorFactory = Factory.extend({
 name: ""Sam"",
 });
 let CategoryFactory = Factory.extend({
 name: ""splendid software"",
 });
 let ArticleFactory = Factory.extend({
 title: ""Lorem ipsum"",

 withCategory: trait({
 awesomeCategory: association(),
 }),

 author: association(),
 });

 let server = new Server({
 environment: ""test"",
 models: {
 author: Model.extend({
 articles: hasMany(),
 }),
 category: Model.extend({}),
 article: Model.extend({
 author: belongsTo(),
 awesomeCategory: belongsTo(""category""),
 }),
 },
 factories: {
 article: ArticleFactory,
 author: AuthorFactory,
 category: CategoryFactory,
 },
 });

 let article = server.create(""article"", ""withCategory"");

 expect(article.attrs).toEqual({
 title: ""Lorem ipsum"",
 id: ""1"",
 authorId: ""1"",
 awesomeCategoryId: ""1"",
 });
 expect(server.db.authors).toHaveLength(1);
 expect(server.db.categories).toHaveLength(1);

 let anotherArticle = server.create(""article"", ""withCategory"");
 expect(anotherArticle.attrs).toEqual({
 title: ""Lorem ipsum"",
 id: ""2"",
 authorId: ""2"",
 awesomeCategoryId: ""2"",
 });
 expect(server.db.authors).toHaveLength(2);
 expect(server.db.categories).toHaveLength(2);

 server.shutdown();
 });
Request:
Refactor the affected code to eliminate the Duplicate Assert. Ensure the test remains correct, readable, and maintainable.",15,1,6.666666667,,,,FALSE,FALSE,FALSE,FALSE,FALSE,FALSE,,,,,,
75,steel,miragejs/miragejs,/__tests__/internal/unit/server-test.js,Duplicate Assert,"{'line': 633, 'column': 4, 'index': 14924}",start: 578 end: 636,"Context: I'm refactoring test smells from a test file to improve code quality.
Issue Details:
- Test Smell Category: Duplicate Assert
- Smell Location:  Line : 634, column: 4, index: 14924
- Description:  This issue occurs when a test method verifies the same condition more than once within its scope, making the test harder to read and maintain. Identical assertions within the same method do not explicitly convey the purpose of the test method.

Request:
Refactor the affected code to eliminate the Duplicate Assert. Ensure the test remains correct, readable, and maintainable.","test(""create allows to create objects with associations"", () => {
 let AuthorFactory = Factory.extend({
 name: ""Sam"",
 });
 let CategoryFactory = Factory.extend({
 name: ""splendid software"",
 });
 let ArticleFactory = Factory.extend({
 title: ""Lorem ipsum"",

 withCategory: trait({
 awesomeCategory: association(),
 }),

 author: association(),
 });

 let server = new Server({
 environment: ""test"",
 models: {
 author: Model.extend({
 articles: hasMany(),
 }),
 category: Model.extend({}),
 article: Model.extend({
 author: belongsTo(),
 awesomeCategory: belongsTo(""category""),
 }),
 },
 factories: {
 article: ArticleFactory,
 author: AuthorFactory,
 category: CategoryFactory,
 },
 });

 let article = server.create(""article"", ""withCategory"");

 expect(article.attrs).toEqual({
 title: ""Lorem ipsum"",
 id: ""1"",
 authorId: ""1"",
 awesomeCategoryId: ""1"",
 });
 expect(server.db.authors).toHaveLength(1);
 expect(server.db.categories).toHaveLength(1);

 let anotherArticle = server.create(""article"", ""withCategory"");
 expect(anotherArticle.attrs).toEqual({
 title: ""Lorem ipsum"",
 id: ""2"",
 authorId: ""2"",
 awesomeCategoryId: ""2"",
 });
 expect(server.db.authors).toHaveLength(2);
 expect(server.db.categories).toHaveLength(2);

 server.shutdown();
 });",15,1,6.666666667,2324.969622,0.03108760404,91.75329948,,"Context: I'm refactoring test smells from a test file to improve code quality.
Issue Details:
- Test Smell Category: Duplicate Assert
- Smell Location:  Line : 634, column: 4, index: 14924
- Description:  This issue occurs when a test method verifies the same condition more than once within its scope, making the test harder to read and maintain. Identical assertions within the same method do not explicitly convey the purpose of the test method.
test(""create allows to create objects with associations"", () => {
 let AuthorFactory = Factory.extend({
 name: ""Sam"",
 });
 let CategoryFactory = Factory.extend({
 name: ""splendid software"",
 });
 let ArticleFactory = Factory.extend({
 title: ""Lorem ipsum"",

 withCategory: trait({
 awesomeCategory: association(),
 }),

 author: association(),
 });

 let server = new Server({
 environment: ""test"",
 models: {
 author: Model.extend({
 articles: hasMany(),
 }),
 category: Model.extend({}),
 article: Model.extend({
 author: belongsTo(),
 awesomeCategory: belongsTo(""category""),
 }),
 },
 factories: {
 article: ArticleFactory,
 author: AuthorFactory,
 category: CategoryFactory,
 },
 });

 let article = server.create(""article"", ""withCategory"");

 expect(article.attrs).toEqual({
 title: ""Lorem ipsum"",
 id: ""1"",
 authorId: ""1"",
 awesomeCategoryId: ""1"",
 });
 expect(server.db.authors).toHaveLength(1);
 expect(server.db.categories).toHaveLength(1);

 let anotherArticle = server.create(""article"", ""withCategory"");
 expect(anotherArticle.attrs).toEqual({
 title: ""Lorem ipsum"",
 id: ""2"",
 authorId: ""2"",
 awesomeCategoryId: ""2"",
 });
 expect(server.db.authors).toHaveLength(2);
 expect(server.db.categories).toHaveLength(2);

 server.shutdown();
 });
Request:
Refactor the affected code to eliminate the Duplicate Assert. Ensure the test remains correct, readable, and maintainable.",17,1,5.882352941,,,,FALSE,FALSE,FALSE,FALSE,FALSE,FALSE,,,,,,
76,steel,miragejs/miragejs,/__tests__/internal/unit/server-test.js,Magic Number,"{'line': 26, 'column': 39, 'index': 502}",start: 21 end: 29,"Context: I'm refactoring test smells from a test file to improve code quality.
Issue Details:
- Test Smell Category: Magic Number
- Smell Location:  Line : 27, column: 39, index: 502
- Description:  Occurs when numeric literals are used directly in tests without explanation or documentation. These numbers lack clear context, making the code less readable and harder to maintain, as it is not obvious why such values are used.

Request:
Refactor the affected code to eliminate the Magic Number. Ensure the test remains correct, readable, and maintainable.","test(""routes return pretender handler"", () => {
 let server = new Server({ environment: ""test"" });

 let handler = server.post(""foo"");

 expect(handler.numberOfCalls).toBe(0);

 server.shutdown();
 });",6,1,16.66666667,132.8342803,0.00725685553,100,,"Context: I'm refactoring test smells from a test file to improve code quality.
Issue Details:
- Test Smell Category: Magic Number
- Smell Location:  Line : 27, column: 39, index: 502
- Description:  Occurs when numeric literals are used directly in tests without explanation or documentation. These numbers lack clear context, making the code less readable and harder to maintain, as it is not obvious why such values are used.
test(""routes return pretender handler"", () => {
 let server = new Server({ environment: ""test"" });

 let handler = server.post(""foo"");

 expect(handler.numberOfCalls).toBe(0);

 server.shutdown();
 });
Request:
Refactor the affected code to eliminate the Magic Number. Ensure the test remains correct, readable, and maintainable.",7,1,14.28571429,,,,FALSE,FALSE,FALSE,FALSE,FALSE,FALSE,,,,,,
77,steel,miragejs/miragejs,/__tests__/internal/unit/server-test.js,Magic Number,"{'line': 59, 'column': 39, 'index': 1191}",start: 54 end: 62,"Context: I'm refactoring test smells from a test file to improve code quality.
Issue Details:
- Test Smell Category: Magic Number
- Smell Location:  Line : 60, column: 39, index: 1191
- Description:  Occurs when numeric literals are used directly in tests without explanation or documentation. These numbers lack clear context, making the code less readable and harder to maintain, as it is not obvious why such values are used.

Request:
Refactor the affected code to eliminate the Magic Number. Ensure the test remains correct, readable, and maintainable.","test(""routes return pretender handler"", async () => {
 let server = createServer({ environment: ""test"" });

 let handler = server.post(""foo"");

 expect(handler.numberOfCalls).toBe(0);

 server.shutdown();
 });",6,1,16.66666667,137.943291,0.007441755915,100,,"Context: I'm refactoring test smells from a test file to improve code quality.
Issue Details:
- Test Smell Category: Magic Number
- Smell Location:  Line : 60, column: 39, index: 1191
- Description:  Occurs when numeric literals are used directly in tests without explanation or documentation. These numbers lack clear context, making the code less readable and harder to maintain, as it is not obvious why such values are used.
test(""routes return pretender handler"", async () => {
 let server = createServer({ environment: ""test"" });

 let handler = server.post(""foo"");

 expect(handler.numberOfCalls).toBe(0);

 server.shutdown();
 });
Request:
Refactor the affected code to eliminate the Magic Number. Ensure the test remains correct, readable, and maintainable.",7,1,14.28571429,,,,FALSE,FALSE,FALSE,FALSE,FALSE,FALSE,,,,,,
78,steel,miragejs/miragejs,/__tests__/internal/unit/server-test.js,Magic Number,"{'line': 80, 'column': 31, 'index': 1650}",start: 77 end: 83,"Context: I'm refactoring test smells from a test file to improve code quality.
Issue Details:
- Test Smell Category: Magic Number
- Smell Location:  Line : 81, column: 31, index: 1650
- Description:  Occurs when numeric literals are used directly in tests without explanation or documentation. These numbers lack clear context, making the code less readable and harder to maintain, as it is not obvious why such values are used.

Request:
Refactor the affected code to eliminate the Magic Number. Ensure the test remains correct, readable, and maintainable.","test(""forces timing to be 0 in test environment"", async () => {
 let server = createServer({ environment: ""test"" });

 expect(server.timing).toBe(0);

 server.shutdown();
 });",5,1,20,97.86947627,0.005943122562,100,,"Context: I'm refactoring test smells from a test file to improve code quality.
Issue Details:
- Test Smell Category: Magic Number
- Smell Location:  Line : 81, column: 31, index: 1650
- Description:  Occurs when numeric literals are used directly in tests without explanation or documentation. These numbers lack clear context, making the code less readable and harder to maintain, as it is not obvious why such values are used.
test(""forces timing to be 0 in test environment"", async () => {
 let server = createServer({ environment: ""test"" });

 expect(server.timing).toBe(0);

 server.shutdown();
 });
Request:
Refactor the affected code to eliminate the Magic Number. Ensure the test remains correct, readable, and maintainable.",6,1,16.66666667,,,,FALSE,FALSE,FALSE,FALSE,FALSE,FALSE,,,,,,
79,steel,miragejs/miragejs,/__tests__/internal/unit/server-test.js,Magic Number,"{'line': 88, 'column': 31, 'index': 1818}",start: 85 end: 91,"Context: I'm refactoring test smells from a test file to improve code quality.
Issue Details:
- Test Smell Category: Magic Number
- Smell Location:  Line : 89, column: 31, index: 1818
- Description:  Occurs when numeric literals are used directly in tests without explanation or documentation. These numbers lack clear context, making the code less readable and harder to maintain, as it is not obvious why such values are used.

Request:
Refactor the affected code to eliminate the Magic Number. Ensure the test remains correct, readable, and maintainable.","test(""allows setting the timing to 0"", async () => {
 let server = createServer({ timing: 0 });

 expect(server.timing).toBe(0);

 server.shutdown();
 });",5,1,20,104.9360924,0.005803563965,100,,"Context: I'm refactoring test smells from a test file to improve code quality.
Issue Details:
- Test Smell Category: Magic Number
- Smell Location:  Line : 89, column: 31, index: 1818
- Description:  Occurs when numeric literals are used directly in tests without explanation or documentation. These numbers lack clear context, making the code less readable and harder to maintain, as it is not obvious why such values are used.
test(""allows setting the timing to 0"", async () => {
 let server = createServer({ timing: 0 });

 expect(server.timing).toBe(0);

 server.shutdown();
 });
Request:
Refactor the affected code to eliminate the Magic Number. Ensure the test remains correct, readable, and maintainable.",6,1,16.66666667,,,,FALSE,FALSE,FALSE,FALSE,FALSE,FALSE,,,,,,
80,steel,miragejs/miragejs,/__tests__/internal/unit/server-test.js,Magic Number,"{'line': 102, 'column': 31, 'index': 2121}",start: 95 end: 105,"Context: I'm refactoring test smells from a test file to improve code quality.
Issue Details:
- Test Smell Category: Magic Number
- Smell Location:  Line : 103, column: 31, index: 2121
- Description:  Occurs when numeric literals are used directly in tests without explanation or documentation. These numbers lack clear context, making the code less readable and harder to maintain, as it is not obvious why such values are used.

Request:
Refactor the affected code to eliminate the Magic Number. Ensure the test remains correct, readable, and maintainable.","test(""forces timing to 0 in test environment"", () => {
 let server = new Server({ environment: ""test"" });

 server.loadConfig(function () {
 this.timing = 50;
 });

 expect(server.timing).toBe(0);

 server.shutdown();
 });",8,1,12.5,232.4599904,0.00762438701,100,,"Context: I'm refactoring test smells from a test file to improve code quality.
Issue Details:
- Test Smell Category: Magic Number
- Smell Location:  Line : 103, column: 31, index: 2121
- Description:  Occurs when numeric literals are used directly in tests without explanation or documentation. These numbers lack clear context, making the code less readable and harder to maintain, as it is not obvious why such values are used.
test(""forces timing to 0 in test environment"", () => {
 let server = new Server({ environment: ""test"" });

 server.loadConfig(function () {
 this.timing = 50;
 });

 expect(server.timing).toBe(0);

 server.shutdown();
 });
Request:
Refactor the affected code to eliminate the Magic Number. Ensure the test remains correct, readable, and maintainable.",9,1,11.11111111,,,,FALSE,FALSE,FALSE,FALSE,FALSE,FALSE,,,,,,
81,steel,miragejs/miragejs,/__tests__/internal/unit/schema-test.js,Duplicate Assert,"{'line': 42, 'column': 4, 'index': 1188}",start: 33 end: 47,"Context: I'm refactoring test smells from a test file to improve code quality.
Issue Details:
- Test Smell Category: Duplicate Assert
- Smell Location:  Line : 43, column: 4, index: 1188
- Description:  This issue occurs when a test method verifies the same condition more than once within its scope, making the test harder to read and maintain. Identical assertions within the same method do not explicitly convey the purpose of the test method.

Request:
Refactor the affected code to eliminate the Duplicate Assert. Ensure the test remains correct, readable, and maintainable.","test(""`first()` returns null when nothing is found"", () => {
 expect.assertions(2);

 let db = new Db();
 let schema = new Schema(db);

 let authorModel = Model.extend({});
 schema.registerModel(""author"", authorModel);

 expect(schema.first(""author"")).toBeNull();

 let record = schema.create(""author"", { id: 1, name: ""Mary Roach"" });

 expect(schema.first(""author"")).toEqual(record);
 });",10,1,10,399.7754459,0.01341857444,100,,"Context: I'm refactoring test smells from a test file to improve code quality.
Issue Details:
- Test Smell Category: Duplicate Assert
- Smell Location:  Line : 43, column: 4, index: 1188
- Description:  This issue occurs when a test method verifies the same condition more than once within its scope, making the test harder to read and maintain. Identical assertions within the same method do not explicitly convey the purpose of the test method.
test(""`first()` returns null when nothing is found"", () => {
 expect.assertions(2);

 let db = new Db();
 let schema = new Schema(db);

 let authorModel = Model.extend({});
 schema.registerModel(""author"", authorModel);

 expect(schema.first(""author"")).toBeNull();

 let record = schema.create(""author"", { id: 1, name: ""Mary Roach"" });

 expect(schema.first(""author"")).toEqual(record);
 });
Request:
Refactor the affected code to eliminate the Duplicate Assert. Ensure the test remains correct, readable, and maintainable.",10,1,10,,,,FALSE,FALSE,FALSE,FALSE,FALSE,FALSE,,,,,,
82,snutsjs,brookhong/surfingkeys,/tests/content_scripts/uiframe.test.js,TestWithoutDescription,"{""startLine"":42,""endLine"":44}",start: 42 end: 44,"Context: I'm refactoring test smells from a test file to improve code quality.
Issue Details:
- Test Smell Category: TestWithoutDescription
- Smell Location:  Line Range:  startLine : 42, endLine : 44
- Description:  A test case that is defined without a descriptive name or message, making it unclear what functionality is being tested.

Request:
Refactor the affected code to eliminate the TestWithoutDescription. Ensure the test remains correct, readable, and maintainable.","it("""", () => {
 uiframe.default();
 });",3,1,33.33333333,18.09473751,0.002297454593,100,,"Context: I'm refactoring test smells from a test file to improve code quality.
Issue Details:
- Test Smell Category: TestWithoutDescription
- Smell Location:  Line Range:  startLine : 42, endLine : 44
- Description:  A test case that is defined without a descriptive name or message, making it unclear what functionality is being tested.
it("""", () => {
 uiframe.default();
 });
Request:
Refactor the affected code to eliminate the TestWithoutDescription. Ensure the test remains correct, readable, and maintainable.",3,1,33.33333333,,,,FALSE,FALSE,FALSE,FALSE,FALSE,FALSE,,,,,,
83,snutsjs,brookhong/surfingkeys,/tests/content_scripts/markdown.test.js,SubOptimalAssert,"{""startLine"":65,""endLine"":65}",start: 62 end: 76,"Context: I'm refactoring test smells from a test file to improve code quality.
Issue Details:
- Test Smell Category: SubOptimalAssert
- Smell Location:  Line Range:  startLine : 65, endLine : 65
- Description:  Occurs when the assertions used in tests are not ideal for verifying the specific condition being tested. Using more specific and expressive assertions can improve test clarity and make results more useful

Request:
Refactor the affected code to eliminate the SubOptimalAssert. Ensure the test remains correct, readable, and maintainable.","test(""verify local shortcuts for markdown preview"", async () => {
 document.execCommand = jest.fn();

 expect(normal.mappings.find('of')).toBe(undefined);
 expect(document.execCommand).toHaveBeenCalledTimes(0);

 await waitForEvent(document, ""surfingkeys:defaultSettingsLoaded"", () => {
 return true;
 }, () => {
 dispatchSKEvent('defaultSettingsLoaded', {normal, api});
 });

 expect(normal.mappings.find('of').meta.word).toBe('of');
 expect(document.execCommand).toHaveBeenCalledTimes(1);
 });",12,1,8.333333333,879.7996951,0.01588680007,100,,"Context: I'm refactoring test smells from a test file to improve code quality.
Issue Details:
- Test Smell Category: SubOptimalAssert
- Smell Location:  Line Range:  startLine : 65, endLine : 65
- Description:  Occurs when the assertions used in tests are not ideal for verifying the specific condition being tested. Using more specific and expressive assertions can improve test clarity and make results more useful
test(""verify local shortcuts for markdown preview"", async () => {
 document.execCommand = jest.fn();

 expect(normal.mappings.find('of')).toBe(undefined);
 expect(document.execCommand).toHaveBeenCalledTimes(0);

 await waitForEvent(document, ""surfingkeys:defaultSettingsLoaded"", () => {
 return true;
 }, () => {
 dispatchSKEvent('defaultSettingsLoaded', {normal, api});
 });

 expect(normal.mappings.find('of').meta.word).toBe('of');
 expect(document.execCommand).toHaveBeenCalledTimes(1);
 });
Request:
Refactor the affected code to eliminate the SubOptimalAssert. Ensure the test remains correct, readable, and maintainable.",14,1,7.142857143,,,,FALSE,FALSE,FALSE,FALSE,FALSE,FALSE,,,,,,
84,snutsjs,brookhong/surfingkeys,/tests/content_scripts/markdown.test.js,SubOptimalAssert,"{""startLine"":88,""endLine"":88}",start: 78 end: 90,"Context: I'm refactoring test smells from a test file to improve code quality.
Issue Details:
- Test Smell Category: SubOptimalAssert
- Smell Location:  Line Range:  startLine : 88, endLine : 88
- Description:  Occurs when the assertions used in tests are not ideal for verifying the specific condition being tested. Using more specific and expressive assertions can improve test clarity and make results more useful

Request:
Refactor the affected code to eliminate the SubOptimalAssert. Ensure the test remains correct, readable, and maintainable.","test(""render markdown from clipboard"", async () => {
 jest.spyOn(clipboard, 'read').mockImplementationOnce((onReady) => {
 onReady({data: ""* [github](https://github.com)\n* [google](https://google.com)""});
 });
 await waitForEvent(document, ""surfingkeys:defaultSettingsLoaded"", () => {
 return true;
 }, () => {
 dispatchSKEvent('defaultSettingsLoaded', {normal, api});
 });
 const links = document.querySelectorAll(""a"");
 expect(links.length).toBe(2);
 expect(links[0].href).toBe(""https://github.com/"");
 });",13,1,7.692307692,340.0586697,0.01365982471,100,,"Context: I'm refactoring test smells from a test file to improve code quality.
Issue Details:
- Test Smell Category: SubOptimalAssert
- Smell Location:  Line Range:  startLine : 88, endLine : 88
- Description:  Occurs when the assertions used in tests are not ideal for verifying the specific condition being tested. Using more specific and expressive assertions can improve test clarity and make results more useful
test(""render markdown from clipboard"", async () => {
 jest.spyOn(clipboard, 'read').mockImplementationOnce((onReady) => {
 onReady({data: ""* [github](https://github.com)\n* [google](https://google.com)""});
 });
 await waitForEvent(document, ""surfingkeys:defaultSettingsLoaded"", () => {
 return true;
 }, () => {
 dispatchSKEvent('defaultSettingsLoaded', {normal, api});
 });
 const links = document.querySelectorAll(""a"");
 expect(links.length).toBe(2);
 expect(links[0].href).toBe(""https://github.com/"");
 });
Request:
Refactor the affected code to eliminate the SubOptimalAssert. Ensure the test remains correct, readable, and maintainable.",13,1,7.692307692,,,,FALSE,FALSE,FALSE,FALSE,FALSE,FALSE,,,,,,
85,snutsjs,brookhong/surfingkeys,/tests/content_scripts/markdown.test.js,SubOptimalAssert,"{""startLine"":111,""endLine"":111}",start: 92 end: 118,"Context: I'm refactoring test smells from a test file to improve code quality.
Issue Details:
- Test Smell Category: SubOptimalAssert
- Smell Location:  Line Range:  startLine : 111, endLine : 111
- Description:  Occurs when the assertions used in tests are not ideal for verifying the specific condition being tested. Using more specific and expressive assertions can improve test clarity and make results more useful

Request:
Refactor the affected code to eliminate the SubOptimalAssert. Ensure the test remains correct, readable, and maintainable.","test(""follow links generated from markdown"", async () => {
 jest.spyOn(clipboard, 'read').mockImplementationOnce((onReady) => {
 onReady({data: ""* [github](https://github.com)\n* [google](https://google.com)""});
 });
 await waitForEvent(document, ""surfingkeys:defaultSettingsLoaded"", () => {
 return true;
 }, () => {
 dispatchSKEvent('defaultSettingsLoaded', {normal, api});
 });

 const links = document.querySelectorAll(""a"");
 links.forEach((l, i) => {
 l.getBoundingClientRect = jest.fn(() => {
 return { width: 100, height: 10, top: 100 * i, left: 0, bottom: 0, right: 0 };
 });
 });
 document.elementFromPoint = jest.fn(() => {
 return null;
 });
 expect(document.querySelector(""div.surfingkeys_hints_host"")).toBe(null);

 document.body.dispatchEvent(new KeyboardEvent('keydown', {'key': 'f'}));
 const hint_labels = document.querySelector(""div.surfingkeys_hints_host"").shadowRoot.querySelectorAll(""section>div"");
 expect(hint_labels.length).toBe(2);
 expect(hint_labels[0].label).toBe(""A"");
 expect(hint_labels[1].label).toBe(""S"");
 });",25,1,4,2452.758339,0.02822356121,84.23181015,,"Context: I'm refactoring test smells from a test file to improve code quality.
Issue Details:
- Test Smell Category: SubOptimalAssert
- Smell Location:  Line Range:  startLine : 111, endLine : 111
- Description:  Occurs when the assertions used in tests are not ideal for verifying the specific condition being tested. Using more specific and expressive assertions can improve test clarity and make results more useful
test(""follow links generated from markdown"", async () => {
 jest.spyOn(clipboard, 'read').mockImplementationOnce((onReady) => {
 onReady({data: ""* [github](https://github.com)\n* [google](https://google.com)""});
 });
 await waitForEvent(document, ""surfingkeys:defaultSettingsLoaded"", () => {
 return true;
 }, () => {
 dispatchSKEvent('defaultSettingsLoaded', {normal, api});
 });

 const links = document.querySelectorAll(""a"");
 links.forEach((l, i) => {
 l.getBoundingClientRect = jest.fn(() => {
 return { width: 100, height: 10, top: 100 * i, left: 0, bottom: 0, right: 0 };
 });
 });
 document.elementFromPoint = jest.fn(() => {
 return null;
 });
 expect(document.querySelector(""div.surfingkeys_hints_host"")).toBe(null);

 document.body.dispatchEvent(new KeyboardEvent('keydown', {'key': 'f'}));
 const hint_labels = document.querySelector(""div.surfingkeys_hints_host"").shadowRoot.querySelectorAll(""section>div"");
 expect(hint_labels.length).toBe(2);
 expect(hint_labels[0].label).toBe(""A"");
 expect(hint_labels[1].label).toBe(""S"");
 });
Request:
Refactor the affected code to eliminate the SubOptimalAssert. Ensure the test remains correct, readable, and maintainable.",25,1,4,,,,FALSE,FALSE,FALSE,FALSE,FALSE,FALSE,,,,,,
86,snutsjs,brookhong/surfingkeys,/tests/content_scripts/markdown.test.js,SubOptimalAssert,"{""startLine"":115,""endLine"":115}",start: 92 end: 118,"Context: I'm refactoring test smells from a test file to improve code quality.
Issue Details:
- Test Smell Category: SubOptimalAssert
- Smell Location:  Line Range:  startLine : 115, endLine : 115
- Description:  Occurs when the assertions used in tests are not ideal for verifying the specific condition being tested. Using more specific and expressive assertions can improve test clarity and make results more useful

Request:
Refactor the affected code to eliminate the SubOptimalAssert. Ensure the test remains correct, readable, and maintainable.","test(""follow links generated from markdown"", async () => {
 jest.spyOn(clipboard, 'read').mockImplementationOnce((onReady) => {
 onReady({data: ""* [github](https://github.com)\n* [google](https://google.com)""});
 });
 await waitForEvent(document, ""surfingkeys:defaultSettingsLoaded"", () => {
 return true;
 }, () => {
 dispatchSKEvent('defaultSettingsLoaded', {normal, api});
 });

 const links = document.querySelectorAll(""a"");
 links.forEach((l, i) => {
 l.getBoundingClientRect = jest.fn(() => {
 return { width: 100, height: 10, top: 100 * i, left: 0, bottom: 0, right: 0 };
 });
 });
 document.elementFromPoint = jest.fn(() => {
 return null;
 });
 expect(document.querySelector(""div.surfingkeys_hints_host"")).toBe(null);

 document.body.dispatchEvent(new KeyboardEvent('keydown', {'key': 'f'}));
 const hint_labels = document.querySelector(""div.surfingkeys_hints_host"").shadowRoot.querySelectorAll(""section>div"");
 expect(hint_labels.length).toBe(2);
 expect(hint_labels[0].label).toBe(""A"");
 expect(hint_labels[1].label).toBe(""S"");
 });",25,1,4,2452.758339,0.02822356121,84.23181015,,"Context: I'm refactoring test smells from a test file to improve code quality.
Issue Details:
- Test Smell Category: SubOptimalAssert
- Smell Location:  Line Range:  startLine : 115, endLine : 115
- Description:  Occurs when the assertions used in tests are not ideal for verifying the specific condition being tested. Using more specific and expressive assertions can improve test clarity and make results more useful
test(""follow links generated from markdown"", async () => {
 jest.spyOn(clipboard, 'read').mockImplementationOnce((onReady) => {
 onReady({data: ""* [github](https://github.com)\n* [google](https://google.com)""});
 });
 await waitForEvent(document, ""surfingkeys:defaultSettingsLoaded"", () => {
 return true;
 }, () => {
 dispatchSKEvent('defaultSettingsLoaded', {normal, api});
 });

 const links = document.querySelectorAll(""a"");
 links.forEach((l, i) => {
 l.getBoundingClientRect = jest.fn(() => {
 return { width: 100, height: 10, top: 100 * i, left: 0, bottom: 0, right: 0 };
 });
 });
 document.elementFromPoint = jest.fn(() => {
 return null;
 });
 expect(document.querySelector(""div.surfingkeys_hints_host"")).toBe(null);

 document.body.dispatchEvent(new KeyboardEvent('keydown', {'key': 'f'}));
 const hint_labels = document.querySelector(""div.surfingkeys_hints_host"").shadowRoot.querySelectorAll(""section>div"");
 expect(hint_labels.length).toBe(2);
 expect(hint_labels[0].label).toBe(""A"");
 expect(hint_labels[1].label).toBe(""S"");
 });
Request:
Refactor the affected code to eliminate the SubOptimalAssert. Ensure the test remains correct, readable, and maintainable.",25,1,4,,,,FALSE,FALSE,FALSE,FALSE,FALSE,FALSE,,,,,,
87,snutsjs,brookhong/surfingkeys,/tests/content_scripts/common/normal.test.js,ConditionalTestLogic,"{""startLine"":29,""endLine"":31}",start: 25 end: 35,"Context: I'm refactoring test smells from a test file to improve code quality.
Issue Details:
- Test Smell Category: ConditionalTestLogic
- Smell Location:  Line Range:  startLine : 29, endLine : 31
- Description:  Occurs due to the presence of test methods that contain conditional statements, such as the use of if-else or loops like for or while. Test methods that include conditional statements can compromise the effectiveness of tests

Request:
Refactor the affected code to eliminate the ConditionalTestLogic. Ensure the test remains correct, readable, and maintainable.","test(""normal /"", async () => {
 normal.enter();
 await new Promise((r) => {
 document.addEventListener(""surfingkeys:front"", function(evt) {
 if (evt.detail.length && evt.detail[0] === ""openFinder"") {
 r(evt);
 }
 });
 document.body.dispatchEvent(new KeyboardEvent('keydown',{'key':'/'}));
 });
 });",11,3,27.27272727,488.7570026,0.01093851857,100,,"Context: I'm refactoring test smells from a test file to improve code quality.
Issue Details:
- Test Smell Category: ConditionalTestLogic
- Smell Location:  Line Range:  startLine : 29, endLine : 31
- Description:  Occurs due to the presence of test methods that contain conditional statements, such as the use of if-else or loops like for or while. Test methods that include conditional statements can compromise the effectiveness of tests
test(""normal /"", async () => {
 normal.enter();
 await new Promise((r) => {
 document.addEventListener(""surfingkeys:front"", function(evt) {
 if (evt.detail.length && evt.detail[0] === ""openFinder"") {
 r(evt);
 }
 });
 document.body.dispatchEvent(new KeyboardEvent('keydown',{'key':'/'}));
 });
 });
Request:
Refactor the affected code to eliminate the ConditionalTestLogic. Ensure the test remains correct, readable, and maintainable.",14,3,21.42857143,,,,FALSE,FALSE,FALSE,FALSE,FALSE,FALSE,,,,,,
88,snutsjs,brookhong/surfingkeys,/tests/content_scripts/common/normal.test.js,ConditionalTestLogic,"{""startLine"":66,""endLine"":68}",start: 62 end: 77,"Context: I'm refactoring test smells from a test file to improve code quality.
Issue Details:
- Test Smell Category: ConditionalTestLogic
- Smell Location:  Line Range:  startLine : 66, endLine : 68
- Description:  Occurs due to the presence of test methods that contain conditional statements, such as the use of if-else or loops like for or while. Test methods that include conditional statements can compromise the effectiveness of tests

Request:
Refactor the affected code to eliminate the ConditionalTestLogic. Ensure the test remains correct, readable, and maintainable.","test(""normal mouse up"", async () => {
 runtime.conf.mouseSelectToQuery = [ ""http://localhost"" ];
 await new Promise((r) => {
 document.addEventListener(""surfingkeys:front"", function(evt) {
 if (evt.detail.length && evt.detail[0] === ""querySelectedWord"") {
 r(evt);
 }
 });
 document.body.dispatchEvent(new MouseEvent('mouseup', {
 bubbles: true,
 cancelable: true,
 view: window,
 button: 0
 }));
 });
 });",11,3,27.27272727,753.6983955,0.01271287627,100,,"Context: I'm refactoring test smells from a test file to improve code quality.
Issue Details:
- Test Smell Category: ConditionalTestLogic
- Smell Location:  Line Range:  startLine : 66, endLine : 68
- Description:  Occurs due to the presence of test methods that contain conditional statements, such as the use of if-else or loops like for or while. Test methods that include conditional statements can compromise the effectiveness of tests
test(""normal mouse up"", async () => {
 runtime.conf.mouseSelectToQuery = [ ""http://localhost"" ];
 await new Promise((r) => {
 document.addEventListener(""surfingkeys:front"", function(evt) {
 if (evt.detail.length && evt.detail[0] === ""querySelectedWord"") {
 r(evt);
 }
 });
 document.body.dispatchEvent(new MouseEvent('mouseup', {
 bubbles: true,
 cancelable: true,
 view: window,
 button: 0
 }));
 });
 });
Request:
Refactor the affected code to eliminate the ConditionalTestLogic. Ensure the test remains correct, readable, and maintainable.",10,1,10,,,,FALSE,FALSE,FALSE,FALSE,FALSE,FALSE,,,,,,
89,steel,brookhong/surfingkeys,/tests/content_scripts/markdown.test.js,Duplicate Assert,"{'line': 66, 'column': 8, 'index': 2706}",start: 62 end: 76,"Context: I'm refactoring test smells from a test file to improve code quality.
Issue Details:
- Test Smell Category: Duplicate Assert
- Smell Location:  Line : 67, column: 8, index: 2706
- Description:  This issue occurs when a test method verifies the same condition more than once within its scope, making the test harder to read and maintain. Identical assertions within the same method do not explicitly convey the purpose of the test method.

Request:
Refactor the affected code to eliminate the Duplicate Assert. Ensure the test remains correct, readable, and maintainable.","test(""verify local shortcuts for markdown preview"", async () => {
 document.execCommand = jest.fn();

 expect(normal.mappings.find('of')).toBe(undefined);
 expect(document.execCommand).toHaveBeenCalledTimes(0);

 await waitForEvent(document, ""surfingkeys:defaultSettingsLoaded"", () => {
 return true;
 }, () => {
 dispatchSKEvent('defaultSettingsLoaded', {normal, api});
 });

 expect(normal.mappings.find('of').meta.word).toBe('of');
 expect(document.execCommand).toHaveBeenCalledTimes(1);
 });",12,1,8.333333333,879.7996951,0.01588680007,100,,"Context: I'm refactoring test smells from a test file to improve code quality.
Issue Details:
- Test Smell Category: Duplicate Assert
- Smell Location:  Line : 67, column: 8, index: 2706
- Description:  This issue occurs when a test method verifies the same condition more than once within its scope, making the test harder to read and maintain. Identical assertions within the same method do not explicitly convey the purpose of the test method.
test(""verify local shortcuts for markdown preview"", async () => {
 document.execCommand = jest.fn();

 expect(normal.mappings.find('of')).toBe(undefined);
 expect(document.execCommand).toHaveBeenCalledTimes(0);

 await waitForEvent(document, ""surfingkeys:defaultSettingsLoaded"", () => {
 return true;
 }, () => {
 dispatchSKEvent('defaultSettingsLoaded', {normal, api});
 });

 expect(normal.mappings.find('of').meta.word).toBe('of');
 expect(document.execCommand).toHaveBeenCalledTimes(1);
 });
Request:
Refactor the affected code to eliminate the Duplicate Assert. Ensure the test remains correct, readable, and maintainable.",12,1,8.333333333,,,,FALSE,FALSE,FALSE,FALSE,FALSE,FALSE,,,,,,
90,steel,brookhong/surfingkeys,/tests/content_scripts/markdown.test.js,Duplicate Assert,"{'line': 75, 'column': 8, 'index': 3043}",start: 62 end: 76,"Context: I'm refactoring test smells from a test file to improve code quality.
Issue Details:
- Test Smell Category: Duplicate Assert
- Smell Location:  Line : 76, column: 8, index: 3043
- Description:  This issue occurs when a test method verifies the same condition more than once within its scope, making the test harder to read and maintain. Identical assertions within the same method do not explicitly convey the purpose of the test method.

Request:
Refactor the affected code to eliminate the Duplicate Assert. Ensure the test remains correct, readable, and maintainable.","test(""verify local shortcuts for markdown preview"", async () => {
 document.execCommand = jest.fn();

 expect(normal.mappings.find('of')).toBe(undefined);
 expect(document.execCommand).toHaveBeenCalledTimes(0);

 await waitForEvent(document, ""surfingkeys:defaultSettingsLoaded"", () => {
 return true;
 }, () => {
 dispatchSKEvent('defaultSettingsLoaded', {normal, api});
 });

 expect(normal.mappings.find('of').meta.word).toBe('of');
 expect(document.execCommand).toHaveBeenCalledTimes(1);
 });",12,1,8.333333333,879.7996951,0.01588680007,100,,"Context: I'm refactoring test smells from a test file to improve code quality.
Issue Details:
- Test Smell Category: Duplicate Assert
- Smell Location:  Line : 76, column: 8, index: 3043
- Description:  This issue occurs when a test method verifies the same condition more than once within its scope, making the test harder to read and maintain. Identical assertions within the same method do not explicitly convey the purpose of the test method.
test(""verify local shortcuts for markdown preview"", async () => {
 document.execCommand = jest.fn();

 expect(normal.mappings.find('of')).toBe(undefined);
 expect(document.execCommand).toHaveBeenCalledTimes(0);

 await waitForEvent(document, ""surfingkeys:defaultSettingsLoaded"", () => {
 return true;
 }, () => {
 dispatchSKEvent('defaultSettingsLoaded', {normal, api});
 });

 expect(normal.mappings.find('of').meta.word).toBe('of');
 expect(document.execCommand).toHaveBeenCalledTimes(1);
 });
Request:
Refactor the affected code to eliminate the Duplicate Assert. Ensure the test remains correct, readable, and maintainable.",12,1,8.333333333,,,,FALSE,FALSE,FALSE,FALSE,FALSE,FALSE,,,,,,
91,steel,brookhong/surfingkeys,/tests/content_scripts/markdown.test.js,Magic Number,"{'line': 88, 'column': 34, 'index': 3642}",start: 78 end: 90,"Context: I'm refactoring test smells from a test file to improve code quality.
Issue Details:
- Test Smell Category: Magic Number
- Smell Location:  Line : 89, column: 34, index: 3642
- Description:  Occurs when numeric literals are used directly in tests without explanation or documentation. These numbers lack clear context, making the code less readable and harder to maintain, as it is not obvious why such values are used.

Request:
Refactor the affected code to eliminate the Magic Number. Ensure the test remains correct, readable, and maintainable.","test(""render markdown from clipboard"", async () => {
 jest.spyOn(clipboard, 'read').mockImplementationOnce((onReady) => {
 onReady({data: ""* [github](https://github.com)\n* [google](https://google.com)""});
 });
 await waitForEvent(document, ""surfingkeys:defaultSettingsLoaded"", () => {
 return true;
 }, () => {
 dispatchSKEvent('defaultSettingsLoaded', {normal, api});
 });
 const links = document.querySelectorAll(""a"");
 expect(links.length).toBe(2);
 expect(links[0].href).toBe(""https://github.com/"");
 });",13,1,7.692307692,340.0586697,0.01365982471,100,,"Context: I'm refactoring test smells from a test file to improve code quality.
Issue Details:
- Test Smell Category: Magic Number
- Smell Location:  Line : 89, column: 34, index: 3642
- Description:  Occurs when numeric literals are used directly in tests without explanation or documentation. These numbers lack clear context, making the code less readable and harder to maintain, as it is not obvious why such values are used.
test(""render markdown from clipboard"", async () => {
 jest.spyOn(clipboard, 'read').mockImplementationOnce((onReady) => {
 onReady({data: ""* [github](https://github.com)\n* [google](https://google.com)""});
 });
 await waitForEvent(document, ""surfingkeys:defaultSettingsLoaded"", () => {
 return true;
 }, () => {
 dispatchSKEvent('defaultSettingsLoaded', {normal, api});
 });
 const links = document.querySelectorAll(""a"");
 expect(links.length).toBe(2);
 expect(links[0].href).toBe(""https://github.com/"");
 });
Request:
Refactor the affected code to eliminate the Magic Number. Ensure the test remains correct, readable, and maintainable.",14,1,7.142857143,,,,FALSE,FALSE,FALSE,FALSE,FALSE,FALSE,,,,,,
92,steel,brookhong/surfingkeys,/tests/content_scripts/markdown.test.js,Magic Number,"{'line': 115, 'column': 40, 'index': 4850}",start: 92 end: 118,"Context: I'm refactoring test smells from a test file to improve code quality.
Issue Details:
- Test Smell Category: Magic Number
- Smell Location:  Line : 116, column: 40, index: 4850
- Description:  Occurs when numeric literals are used directly in tests without explanation or documentation. These numbers lack clear context, making the code less readable and harder to maintain, as it is not obvious why such values are used.

Request:
Refactor the affected code to eliminate the Magic Number. Ensure the test remains correct, readable, and maintainable.","test(""follow links generated from markdown"", async () => {
 jest.spyOn(clipboard, 'read').mockImplementationOnce((onReady) => {
 onReady({data: ""* [github](https://github.com)\n* [google](https://google.com)""});
 });
 await waitForEvent(document, ""surfingkeys:defaultSettingsLoaded"", () => {
 return true;
 }, () => {
 dispatchSKEvent('defaultSettingsLoaded', {normal, api});
 });

 const links = document.querySelectorAll(""a"");
 links.forEach((l, i) => {
 l.getBoundingClientRect = jest.fn(() => {
 return { width: 100, height: 10, top: 100 * i, left: 0, bottom: 0, right: 0 };
 });
 });
 document.elementFromPoint = jest.fn(() => {
 return null;
 });
 expect(document.querySelector(""div.surfingkeys_hints_host"")).toBe(null);

 document.body.dispatchEvent(new KeyboardEvent('keydown', {'key': 'f'}));
 const hint_labels = document.querySelector(""div.surfingkeys_hints_host"").shadowRoot.querySelectorAll(""section>div"");
 expect(hint_labels.length).toBe(2);
 expect(hint_labels[0].label).toBe(""A"");
 expect(hint_labels[1].label).toBe(""S"");
 });",25,1,4,2452.758339,0.02822356121,84.23181015,,"Context: I'm refactoring test smells from a test file to improve code quality.
Issue Details:
- Test Smell Category: Magic Number
- Smell Location:  Line : 116, column: 40, index: 4850
- Description:  Occurs when numeric literals are used directly in tests without explanation or documentation. These numbers lack clear context, making the code less readable and harder to maintain, as it is not obvious why such values are used.
test(""follow links generated from markdown"", async () => {
 jest.spyOn(clipboard, 'read').mockImplementationOnce((onReady) => {
 onReady({data: ""* [github](https://github.com)\n* [google](https://google.com)""});
 });
 await waitForEvent(document, ""surfingkeys:defaultSettingsLoaded"", () => {
 return true;
 }, () => {
 dispatchSKEvent('defaultSettingsLoaded', {normal, api});
 });

 const links = document.querySelectorAll(""a"");
 links.forEach((l, i) => {
 l.getBoundingClientRect = jest.fn(() => {
 return { width: 100, height: 10, top: 100 * i, left: 0, bottom: 0, right: 0 };
 });
 });
 document.elementFromPoint = jest.fn(() => {
 return null;
 });
 expect(document.querySelector(""div.surfingkeys_hints_host"")).toBe(null);

 document.body.dispatchEvent(new KeyboardEvent('keydown', {'key': 'f'}));
 const hint_labels = document.querySelector(""div.surfingkeys_hints_host"").shadowRoot.querySelectorAll(""section>div"");
 expect(hint_labels.length).toBe(2);
 expect(hint_labels[0].label).toBe(""A"");
 expect(hint_labels[1].label).toBe(""S"");
 });
Request:
Refactor the affected code to eliminate the Magic Number. Ensure the test remains correct, readable, and maintainable.",28,1,3.571428571,,,,FALSE,FALSE,FALSE,FALSE,FALSE,FALSE,,,,,,
93,steel,brookhong/surfingkeys,/tests/content_scripts/ui/omnibar.test.js,Duplicate Assert,"{'line': 80, 'column': 8, 'index': 3134}",start: 76 end: 86,"Context: I'm refactoring test smells from a test file to improve code quality.
Issue Details:
- Test Smell Category: Duplicate Assert
- Smell Location:  Line : 81, column: 8, index: 3134
- Description:  This issue occurs when a test method verifies the same condition more than once within its scope, making the test harder to read and maintain. Identical assertions within the same method do not explicitly convey the purpose of the test method.

Request:
Refactor the affected code to eliminate the Duplicate Assert. Ensure the test remains correct, readable, and maintainable.","test(""toggle Omnibar's position"", async () => {
 const elmOmnibarClass = document.getElementById(""sk_omnibar"").classList;
 window.postMessage({surfingkeys_frontend_data: { action: ""openOmnibar"", type: ""URLs"", extra: ""getAllSites"" }}, document.location.origin);
 await new Promise((r) => setTimeout(r, 100));
 expect(elmOmnibarClass.value).toContain('sk_omnibar_middle');
 Mode.handleMapKey.call(omnibar, {
 sk_keyName: KeyboardUtils.encodeKeystroke(""<Ctrl-j>"")
 });
 await new Promise((r) => setTimeout(r, 100));
 expect(elmOmnibarClass.value).toContain('sk_omnibar_bottom');
 });",9,1,11.11111111,489.6886164,0.01701396526,100,,"Context: I'm refactoring test smells from a test file to improve code quality.
Issue Details:
- Test Smell Category: Duplicate Assert
- Smell Location:  Line : 81, column: 8, index: 3134
- Description:  This issue occurs when a test method verifies the same condition more than once within its scope, making the test harder to read and maintain. Identical assertions within the same method do not explicitly convey the purpose of the test method.
test(""toggle Omnibar's position"", async () => {
 const elmOmnibarClass = document.getElementById(""sk_omnibar"").classList;
 window.postMessage({surfingkeys_frontend_data: { action: ""openOmnibar"", type: ""URLs"", extra: ""getAllSites"" }}, document.location.origin);
 await new Promise((r) => setTimeout(r, 100));
 expect(elmOmnibarClass.value).toContain('sk_omnibar_middle');
 Mode.handleMapKey.call(omnibar, {
 sk_keyName: KeyboardUtils.encodeKeystroke(""<Ctrl-j>"")
 });
 await new Promise((r) => setTimeout(r, 100));
 expect(elmOmnibarClass.value).toContain('sk_omnibar_bottom');
 });
Request:
Refactor the affected code to eliminate the Duplicate Assert. Ensure the test remains correct, readable, and maintainable.",10,1,10,,,,FALSE,FALSE,FALSE,FALSE,FALSE,FALSE,,,,,,
94,steel,brookhong/surfingkeys,/tests/content_scripts/ui/omnibar.test.js,Duplicate Assert,"{'line': 85, 'column': 8, 'index': 3378}",start: 76 end: 86,"Context: I'm refactoring test smells from a test file to improve code quality.
Issue Details:
- Test Smell Category: Duplicate Assert
- Smell Location:  Line : 86, column: 8, index: 3378
- Description:  This issue occurs when a test method verifies the same condition more than once within its scope, making the test harder to read and maintain. Identical assertions within the same method do not explicitly convey the purpose of the test method.

Request:
Refactor the affected code to eliminate the Duplicate Assert. Ensure the test remains correct, readable, and maintainable.","test(""toggle Omnibar's position"", async () => {
 const elmOmnibarClass = document.getElementById(""sk_omnibar"").classList;
 window.postMessage({surfingkeys_frontend_data: { action: ""openOmnibar"", type: ""URLs"", extra: ""getAllSites"" }}, document.location.origin);
 await new Promise((r) => setTimeout(r, 100));
 expect(elmOmnibarClass.value).toContain('sk_omnibar_middle');
 Mode.handleMapKey.call(omnibar, {
 sk_keyName: KeyboardUtils.encodeKeystroke(""<Ctrl-j>"")
 });
 await new Promise((r) => setTimeout(r, 100));
 expect(elmOmnibarClass.value).toContain('sk_omnibar_bottom');
 });",9,1,11.11111111,489.6886164,0.01701396526,100,,"Context: I'm refactoring test smells from a test file to improve code quality.
Issue Details:
- Test Smell Category: Duplicate Assert
- Smell Location:  Line : 86, column: 8, index: 3378
- Description:  This issue occurs when a test method verifies the same condition more than once within its scope, making the test harder to read and maintain. Identical assertions within the same method do not explicitly convey the purpose of the test method.
test(""toggle Omnibar's position"", async () => {
 const elmOmnibarClass = document.getElementById(""sk_omnibar"").classList;
 window.postMessage({surfingkeys_frontend_data: { action: ""openOmnibar"", type: ""URLs"", extra: ""getAllSites"" }}, document.location.origin);
 await new Promise((r) => setTimeout(r, 100));
 expect(elmOmnibarClass.value).toContain('sk_omnibar_middle');
 Mode.handleMapKey.call(omnibar, {
 sk_keyName: KeyboardUtils.encodeKeystroke(""<Ctrl-j>"")
 });
 await new Promise((r) => setTimeout(r, 100));
 expect(elmOmnibarClass.value).toContain('sk_omnibar_bottom');
 });
Request:
Refactor the affected code to eliminate the Duplicate Assert. Ensure the test remains correct, readable, and maintainable.",9,1,11.11111111,,,,FALSE,FALSE,FALSE,FALSE,FALSE,FALSE,,,,,,
95,steel,brookhong/surfingkeys,/tests/content_scripts/ui/frontend.test.js,Duplicate Assert,"{'line': 40, 'column': 8, 'index': 1331}",start: 38 end: 47,"Context: I'm refactoring test smells from a test file to improve code quality.
Issue Details:
- Test Smell Category: Duplicate Assert
- Smell Location:  Line : 41, column: 8, index: 1331
- Description:  This issue occurs when a test method verifies the same condition more than once within its scope, making the test harder to read and maintain. Identical assertions within the same method do not explicitly convey the purpose of the test method.

Request:
Refactor the affected code to eliminate the Duplicate Assert. Ensure the test remains correct, readable, and maintainable.","test('show omnibar', async () => {
 const elmOmnibarStyle = document.getElementById(""sk_omnibar"").style;
 expect(elmOmnibarStyle).toHaveProperty('display', 'none');
 await waitForEvent(window, ""message"", (_msg) => {
 return _msg.surfingkeys_uihost_data && _msg.surfingkeys_uihost_data.action === ""setFrontFrame"";
 }, () => {
 window.postMessage({surfingkeys_frontend_data: { action: ""openOmnibar"", type: ""SearchEngine"", extra: ""b"" }}, document.location.origin);
 });
 expect(elmOmnibarStyle).not.toHaveProperty('display', 'none');
 });",10,2,20,871.4285714,0.01510353611,100,,"Context: I'm refactoring test smells from a test file to improve code quality.
Issue Details:
- Test Smell Category: Duplicate Assert
- Smell Location:  Line : 41, column: 8, index: 1331
- Description:  This issue occurs when a test method verifies the same condition more than once within its scope, making the test harder to read and maintain. Identical assertions within the same method do not explicitly convey the purpose of the test method.
test('show omnibar', async () => {
 const elmOmnibarStyle = document.getElementById(""sk_omnibar"").style;
 expect(elmOmnibarStyle).toHaveProperty('display', 'none');
 await waitForEvent(window, ""message"", (_msg) => {
 return _msg.surfingkeys_uihost_data && _msg.surfingkeys_uihost_data.action === ""setFrontFrame"";
 }, () => {
 window.postMessage({surfingkeys_frontend_data: { action: ""openOmnibar"", type: ""SearchEngine"", extra: ""b"" }}, document.location.origin);
 });
 expect(elmOmnibarStyle).not.toHaveProperty('display', 'none');
 });
Request:
Refactor the affected code to eliminate the Duplicate Assert. Ensure the test remains correct, readable, and maintainable.",10,2,20,,,,FALSE,FALSE,FALSE,FALSE,FALSE,FALSE,,,,,,
96,steel,shipshapecode/tether,/test/unit/tether.spec.js,Duplicate Assert,"{'line': 59, 'column': 6, 'index': 1898}",start: 46 end: 70,"Context: I'm refactoring test smells from a test file to improve code quality.
Issue Details:
- Test Smell Category: Duplicate Assert
- Smell Location:  Line : 60, column: 6, index: 1898
- Description:  This issue occurs when a test method verifies the same condition more than once within its scope, making the test harder to read and maintain. Identical assertions within the same method do not explicitly convey the purpose of the test method.

Request:
Refactor the affected code to eliminate the Duplicate Assert. Ensure the test remains correct, readable, and maintainable.","it('gets default classes when no options set', () => {
 expect(element.classList.length, 'element - only one class').toEqual(1);
 expect(target.classList.length, 'target - only one class').toEqual(1);
 const tether = new Tether({
 element: '.element',
 target: '.target',
 attachment: 'top left',
 targetAttachment: 'top right'
 });

 tether.enable();

 expect(element.classList.length, 'element - tether classes added').toEqual(12);
 expect(element).toHaveClass('tether-element');
 expect(element).not.toHaveClass('tether-target');

 expect(target.classList.length, 'target - tether classes added').toEqual(12);
 expect(target).toHaveClass('tether-target');
 expect(target).not.toHaveClass('tether-element');

 tether.destroy();

 expect(element.classList.length, 'element - destroy sets classes back to initial state').toEqual(1);
 expect(target.classList.length, 'target - destroy sets classes back to initial state').toEqual(1);
 });",15,1,6.666666667,1583.333333,0.02436681449,93.65327816,,"Context: I'm refactoring test smells from a test file to improve code quality.
Issue Details:
- Test Smell Category: Duplicate Assert
- Smell Location:  Line : 60, column: 6, index: 1898
- Description:  This issue occurs when a test method verifies the same condition more than once within its scope, making the test harder to read and maintain. Identical assertions within the same method do not explicitly convey the purpose of the test method.
it('gets default classes when no options set', () => {
 expect(element.classList.length, 'element - only one class').toEqual(1);
 expect(target.classList.length, 'target - only one class').toEqual(1);
 const tether = new Tether({
 element: '.element',
 target: '.target',
 attachment: 'top left',
 targetAttachment: 'top right'
 });

 tether.enable();

 expect(element.classList.length, 'element - tether classes added').toEqual(12);
 expect(element).toHaveClass('tether-element');
 expect(element).not.toHaveClass('tether-target');

 expect(target.classList.length, 'target - tether classes added').toEqual(12);
 expect(target).toHaveClass('tether-target');
 expect(target).not.toHaveClass('tether-element');

 tether.destroy();

 expect(element.classList.length, 'element - destroy sets classes back to initial state').toEqual(1);
 expect(target.classList.length, 'target - destroy sets classes back to initial state').toEqual(1);
 });
Request:
Refactor the affected code to eliminate the Duplicate Assert. Ensure the test remains correct, readable, and maintainable.",17,1,5.882352941,,,,FALSE,FALSE,FALSE,FALSE,FALSE,FALSE,,,,,,
97,steel,shipshapecode/tether,/test/unit/tether.spec.js,Duplicate Assert,"{'line': 60, 'column': 6, 'index': 1951}",start: 46 end: 70,"Context: I'm refactoring test smells from a test file to improve code quality.
Issue Details:
- Test Smell Category: Duplicate Assert
- Smell Location:  Line : 61, column: 6, index: 1951
- Description:  This issue occurs when a test method verifies the same condition more than once within its scope, making the test harder to read and maintain. Identical assertions within the same method do not explicitly convey the purpose of the test method.

Request:
Refactor the affected code to eliminate the Duplicate Assert. Ensure the test remains correct, readable, and maintainable.","it('gets default classes when no options set', () => {
 expect(element.classList.length, 'element - only one class').toEqual(1);
 expect(target.classList.length, 'target - only one class').toEqual(1);
 const tether = new Tether({
 element: '.element',
 target: '.target',
 attachment: 'top left',
 targetAttachment: 'top right'
 });

 tether.enable();

 expect(element.classList.length, 'element - tether classes added').toEqual(12);
 expect(element).toHaveClass('tether-element');
 expect(element).not.toHaveClass('tether-target');

 expect(target.classList.length, 'target - tether classes added').toEqual(12);
 expect(target).toHaveClass('tether-target');
 expect(target).not.toHaveClass('tether-element');

 tether.destroy();

 expect(element.classList.length, 'element - destroy sets classes back to initial state').toEqual(1);
 expect(target.classList.length, 'target - destroy sets classes back to initial state').toEqual(1);
 });",15,1,6.666666667,1583.333333,0.02436681449,93.65327816,,"Context: I'm refactoring test smells from a test file to improve code quality.
Issue Details:
- Test Smell Category: Duplicate Assert
- Smell Location:  Line : 61, column: 6, index: 1951
- Description:  This issue occurs when a test method verifies the same condition more than once within its scope, making the test harder to read and maintain. Identical assertions within the same method do not explicitly convey the purpose of the test method.
it('gets default classes when no options set', () => {
 expect(element.classList.length, 'element - only one class').toEqual(1);
 expect(target.classList.length, 'target - only one class').toEqual(1);
 const tether = new Tether({
 element: '.element',
 target: '.target',
 attachment: 'top left',
 targetAttachment: 'top right'
 });

 tether.enable();

 expect(element.classList.length, 'element - tether classes added').toEqual(12);
 expect(element).toHaveClass('tether-element');
 expect(element).not.toHaveClass('tether-target');

 expect(target.classList.length, 'target - tether classes added').toEqual(12);
 expect(target).toHaveClass('tether-target');
 expect(target).not.toHaveClass('tether-element');

 tether.destroy();

 expect(element.classList.length, 'element - destroy sets classes back to initial state').toEqual(1);
 expect(target.classList.length, 'target - destroy sets classes back to initial state').toEqual(1);
 });
Request:
Refactor the affected code to eliminate the Duplicate Assert. Ensure the test remains correct, readable, and maintainable.",18,1,5.555555556,,,,FALSE,FALSE,FALSE,FALSE,FALSE,FALSE,,,,,,
98,steel,shipshapecode/tether,/test/unit/tether.spec.js,Duplicate Assert,"{'line': 63, 'column': 6, 'index': 2092}",start: 46 end: 70,"Context: I'm refactoring test smells from a test file to improve code quality.
Issue Details:
- Test Smell Category: Duplicate Assert
- Smell Location:  Line : 64, column: 6, index: 2092
- Description:  This issue occurs when a test method verifies the same condition more than once within its scope, making the test harder to read and maintain. Identical assertions within the same method do not explicitly convey the purpose of the test method.

Request:
Refactor the affected code to eliminate the Duplicate Assert. Ensure the test remains correct, readable, and maintainable.","it('gets default classes when no options set', () => {
 expect(element.classList.length, 'element - only one class').toEqual(1);
 expect(target.classList.length, 'target - only one class').toEqual(1);
 const tether = new Tether({
 element: '.element',
 target: '.target',
 attachment: 'top left',
 targetAttachment: 'top right'
 });

 tether.enable();

 expect(element.classList.length, 'element - tether classes added').toEqual(12);
 expect(element).toHaveClass('tether-element');
 expect(element).not.toHaveClass('tether-target');

 expect(target.classList.length, 'target - tether classes added').toEqual(12);
 expect(target).toHaveClass('tether-target');
 expect(target).not.toHaveClass('tether-element');

 tether.destroy();

 expect(element.classList.length, 'element - destroy sets classes back to initial state').toEqual(1);
 expect(target.classList.length, 'target - destroy sets classes back to initial state').toEqual(1);
 });",15,1,6.666666667,1583.333333,0.02436681449,93.65327816,,"Context: I'm refactoring test smells from a test file to improve code quality.
Issue Details:
- Test Smell Category: Duplicate Assert
- Smell Location:  Line : 64, column: 6, index: 2092
- Description:  This issue occurs when a test method verifies the same condition more than once within its scope, making the test harder to read and maintain. Identical assertions within the same method do not explicitly convey the purpose of the test method.
it('gets default classes when no options set', () => {
 expect(element.classList.length, 'element - only one class').toEqual(1);
 expect(target.classList.length, 'target - only one class').toEqual(1);
 const tether = new Tether({
 element: '.element',
 target: '.target',
 attachment: 'top left',
 targetAttachment: 'top right'
 });

 tether.enable();

 expect(element.classList.length, 'element - tether classes added').toEqual(12);
 expect(element).toHaveClass('tether-element');
 expect(element).not.toHaveClass('tether-target');

 expect(target.classList.length, 'target - tether classes added').toEqual(12);
 expect(target).toHaveClass('tether-target');
 expect(target).not.toHaveClass('tether-element');

 tether.destroy();

 expect(element.classList.length, 'element - destroy sets classes back to initial state').toEqual(1);
 expect(target.classList.length, 'target - destroy sets classes back to initial state').toEqual(1);
 });
Request:
Refactor the affected code to eliminate the Duplicate Assert. Ensure the test remains correct, readable, and maintainable.",18,1,5.555555556,,,,FALSE,FALSE,FALSE,FALSE,FALSE,FALSE,,,,,,
99,steel,shipshapecode/tether,/test/unit/tether.spec.js,Duplicate Assert,"{'line': 64, 'column': 6, 'index': 2143}",start: 46 end: 70,"Context: I'm refactoring test smells from a test file to improve code quality.
Issue Details:
- Test Smell Category: Duplicate Assert
- Smell Location:  Line : 65, column: 6, index: 2143
- Description:  This issue occurs when a test method verifies the same condition more than once within its scope, making the test harder to read and maintain. Identical assertions within the same method do not explicitly convey the purpose of the test method.

Request:
Refactor the affected code to eliminate the Duplicate Assert. Ensure the test remains correct, readable, and maintainable.","it('gets default classes when no options set', () => {
 expect(element.classList.length, 'element - only one class').toEqual(1);
 expect(target.classList.length, 'target - only one class').toEqual(1);
 const tether = new Tether({
 element: '.element',
 target: '.target',
 attachment: 'top left',
 targetAttachment: 'top right'
 });

 tether.enable();

 expect(element.classList.length, 'element - tether classes added').toEqual(12);
 expect(element).toHaveClass('tether-element');
 expect(element).not.toHaveClass('tether-target');

 expect(target.classList.length, 'target - tether classes added').toEqual(12);
 expect(target).toHaveClass('tether-target');
 expect(target).not.toHaveClass('tether-element');

 tether.destroy();

 expect(element.classList.length, 'element - destroy sets classes back to initial state').toEqual(1);
 expect(target.classList.length, 'target - destroy sets classes back to initial state').toEqual(1);
 });",15,1,6.666666667,1583.333333,0.02436681449,93.65327816,,"Context: I'm refactoring test smells from a test file to improve code quality.
Issue Details:
- Test Smell Category: Duplicate Assert
- Smell Location:  Line : 65, column: 6, index: 2143
- Description:  This issue occurs when a test method verifies the same condition more than once within its scope, making the test harder to read and maintain. Identical assertions within the same method do not explicitly convey the purpose of the test method.
it('gets default classes when no options set', () => {
 expect(element.classList.length, 'element - only one class').toEqual(1);
 expect(target.classList.length, 'target - only one class').toEqual(1);
 const tether = new Tether({
 element: '.element',
 target: '.target',
 attachment: 'top left',
 targetAttachment: 'top right'
 });

 tether.enable();

 expect(element.classList.length, 'element - tether classes added').toEqual(12);
 expect(element).toHaveClass('tether-element');
 expect(element).not.toHaveClass('tether-target');

 expect(target.classList.length, 'target - tether classes added').toEqual(12);
 expect(target).toHaveClass('tether-target');
 expect(target).not.toHaveClass('tether-element');

 tether.destroy();

 expect(element.classList.length, 'element - destroy sets classes back to initial state').toEqual(1);
 expect(target.classList.length, 'target - destroy sets classes back to initial state').toEqual(1);
 });
Request:
Refactor the affected code to eliminate the Duplicate Assert. Ensure the test remains correct, readable, and maintainable.",17,1,5.882352941,,,,FALSE,FALSE,FALSE,FALSE,FALSE,FALSE,,,,,,
100,steel,shipshapecode/tether,/test/unit/tether.spec.js,Duplicate Assert,"{'line': 86, 'column': 6, 'index': 2969}",start: 72 end: 97,"Context: I'm refactoring test smells from a test file to improve code quality.
Issue Details:
- Test Smell Category: Duplicate Assert
- Smell Location:  Line : 87, column: 6, index: 2969
- Description:  This issue occurs when a test method verifies the same condition more than once within its scope, making the test harder to read and maintain. Identical assertions within the same method do not explicitly convey the purpose of the test method.

Request:
Refactor the affected code to eliminate the Duplicate Assert. Ensure the test remains correct, readable, and maintainable.","it('gets prefixed classes when classPrefix set', () => {
 expect(element.classList.length, 'element - only one class').toEqual(1);
 expect(target.classList.length, 'target - only one class').toEqual(1);
 const tether = new Tether({
 element: '.element',
 target: '.target',
 attachment: 'top left',
 targetAttachment: 'top right',
 classPrefix: 'foo'
 });

 tether.enable();

 expect(element.classList.length, 'element - foo classes added').toEqual(12);
 expect(element).toHaveClass('foo-element');
 expect(element).not.toHaveClass('foo-target');

 expect(target.classList.length, 'target - foo classes added').toEqual(12);
 expect(target).toHaveClass('foo-target');
 expect(target).not.toHaveClass('foo-element');

 tether.destroy();

 expect(element.classList.length, 'element - destroy sets classes back to initial state').toEqual(1);
 expect(target.classList.length, 'target - destroy sets classes back to initial state').toEqual(1);
 });",15,1,6.666666667,1574.887716,0.02491238992,93.48056181,,"Context: I'm refactoring test smells from a test file to improve code quality.
Issue Details:
- Test Smell Category: Duplicate Assert
- Smell Location:  Line : 87, column: 6, index: 2969
- Description:  This issue occurs when a test method verifies the same condition more than once within its scope, making the test harder to read and maintain. Identical assertions within the same method do not explicitly convey the purpose of the test method.
it('gets prefixed classes when classPrefix set', () => {
 expect(element.classList.length, 'element - only one class').toEqual(1);
 expect(target.classList.length, 'target - only one class').toEqual(1);
 const tether = new Tether({
 element: '.element',
 target: '.target',
 attachment: 'top left',
 targetAttachment: 'top right',
 classPrefix: 'foo'
 });

 tether.enable();

 expect(element.classList.length, 'element - foo classes added').toEqual(12);
 expect(element).toHaveClass('foo-element');
 expect(element).not.toHaveClass('foo-target');

 expect(target.classList.length, 'target - foo classes added').toEqual(12);
 expect(target).toHaveClass('foo-target');
 expect(target).not.toHaveClass('foo-element');

 tether.destroy();

 expect(element.classList.length, 'element - destroy sets classes back to initial state').toEqual(1);
 expect(target.classList.length, 'target - destroy sets classes back to initial state').toEqual(1);
 });
Request:
Refactor the affected code to eliminate the Duplicate Assert. Ensure the test remains correct, readable, and maintainable.",17,1,5.882352941,,,,FALSE,FALSE,FALSE,FALSE,FALSE,FALSE,,,,,,
101,steel,shipshapecode/tether,/test/unit/tether.spec.js,Magic Number,"{'line': 24, 'column': 75, 'index': 664}",start: 23 end: 42,"Context: I'm refactoring test smells from a test file to improve code quality.
Issue Details:
- Test Smell Category: Magic Number
- Smell Location:  Line : 25, column: 75, index: 664
- Description:  Occurs when numeric literals are used directly in tests without explanation or documentation. These numbers lack clear context, making the code less readable and harder to maintain, as it is not obvious why such values are used.

Request:
Refactor the affected code to eliminate the Magic Number. Ensure the test remains correct, readable, and maintainable.","it('removes classes on destroy', () => {
 expect(element.classList.length, 'element - only one class').toEqual(1);
 expect(target.classList.length, 'target - only one class').toEqual(1);
 const tether = new Tether({
 element: '.element',
 target: '.target',
 attachment: 'top left',
 targetAttachment: 'top right'
 });

 tether.enable();

 expect(element.classList.length, 'element - tether classes added').toEqual(12);
 expect(target.classList.length, 'target - tether classes added').toEqual(12);

 tether.destroy();

 expect(element.classList.length, 'element - destroy sets classes back to initial state').toEqual(1);
 expect(target.classList.length, 'target - destroy sets classes back to initial state').toEqual(1);
 });",11,1,9.090909091,997.3412481,0.0194896857,100,,"Context: I'm refactoring test smells from a test file to improve code quality.
Issue Details:
- Test Smell Category: Magic Number
- Smell Location:  Line : 25, column: 75, index: 664
- Description:  Occurs when numeric literals are used directly in tests without explanation or documentation. These numbers lack clear context, making the code less readable and harder to maintain, as it is not obvious why such values are used.
it('removes classes on destroy', () => {
 expect(element.classList.length, 'element - only one class').toEqual(1);
 expect(target.classList.length, 'target - only one class').toEqual(1);
 const tether = new Tether({
 element: '.element',
 target: '.target',
 attachment: 'top left',
 targetAttachment: 'top right'
 });

 tether.enable();

 expect(element.classList.length, 'element - tether classes added').toEqual(12);
 expect(target.classList.length, 'target - tether classes added').toEqual(12);

 tether.destroy();

 expect(element.classList.length, 'element - destroy sets classes back to initial state').toEqual(1);
 expect(target.classList.length, 'target - destroy sets classes back to initial state').toEqual(1);
 });
Request:
Refactor the affected code to eliminate the Magic Number. Ensure the test remains correct, readable, and maintainable.",13,1,7.692307692,,,,FALSE,FALSE,FALSE,FALSE,FALSE,FALSE,,,,,,
102,steel,shipshapecode/tether,/test/unit/tether.spec.js,Magic Number,"{'line': 25, 'column': 73, 'index': 741}",start: 23 end: 42,"Context: I'm refactoring test smells from a test file to improve code quality.
Issue Details:
- Test Smell Category: Magic Number
- Smell Location:  Line : 26, column: 73, index: 741
- Description:  Occurs when numeric literals are used directly in tests without explanation or documentation. These numbers lack clear context, making the code less readable and harder to maintain, as it is not obvious why such values are used.

Request:
Refactor the affected code to eliminate the Magic Number. Ensure the test remains correct, readable, and maintainable.","it('removes classes on destroy', () => {
 expect(element.classList.length, 'element - only one class').toEqual(1);
 expect(target.classList.length, 'target - only one class').toEqual(1);
 const tether = new Tether({
 element: '.element',
 target: '.target',
 attachment: 'top left',
 targetAttachment: 'top right'
 });

 tether.enable();

 expect(element.classList.length, 'element - tether classes added').toEqual(12);
 expect(target.classList.length, 'target - tether classes added').toEqual(12);

 tether.destroy();

 expect(element.classList.length, 'element - destroy sets classes back to initial state').toEqual(1);
 expect(target.classList.length, 'target - destroy sets classes back to initial state').toEqual(1);
 });",11,1,9.090909091,997.3412481,0.0194896857,100,,"Context: I'm refactoring test smells from a test file to improve code quality.
Issue Details:
- Test Smell Category: Magic Number
- Smell Location:  Line : 26, column: 73, index: 741
- Description:  Occurs when numeric literals are used directly in tests without explanation or documentation. These numbers lack clear context, making the code less readable and harder to maintain, as it is not obvious why such values are used.
it('removes classes on destroy', () => {
 expect(element.classList.length, 'element - only one class').toEqual(1);
 expect(target.classList.length, 'target - only one class').toEqual(1);
 const tether = new Tether({
 element: '.element',
 target: '.target',
 attachment: 'top left',
 targetAttachment: 'top right'
 });

 tether.enable();

 expect(element.classList.length, 'element - tether classes added').toEqual(12);
 expect(target.classList.length, 'target - tether classes added').toEqual(12);

 tether.destroy();

 expect(element.classList.length, 'element - destroy sets classes back to initial state').toEqual(1);
 expect(target.classList.length, 'target - destroy sets classes back to initial state').toEqual(1);
 });
Request:
Refactor the affected code to eliminate the Magic Number. Ensure the test remains correct, readable, and maintainable.",13,1,7.692307692,,,,FALSE,FALSE,FALSE,FALSE,FALSE,FALSE,,,,,,
103,steel,shipshapecode/tether,/test/unit/tether.spec.js,Magic Number,"{'line': 35, 'column': 81, 'index': 1021}",start: 23 end: 42,"Context: I'm refactoring test smells from a test file to improve code quality.
Issue Details:
- Test Smell Category: Magic Number
- Smell Location:  Line : 36, column: 81, index: 1021
- Description:  Occurs when numeric literals are used directly in tests without explanation or documentation. These numbers lack clear context, making the code less readable and harder to maintain, as it is not obvious why such values are used.

Request:
Refactor the affected code to eliminate the Magic Number. Ensure the test remains correct, readable, and maintainable.","it('removes classes on destroy', () => {
 expect(element.classList.length, 'element - only one class').toEqual(1);
 expect(target.classList.length, 'target - only one class').toEqual(1);
 const tether = new Tether({
 element: '.element',
 target: '.target',
 attachment: 'top left',
 targetAttachment: 'top right'
 });

 tether.enable();

 expect(element.classList.length, 'element - tether classes added').toEqual(12);
 expect(target.classList.length, 'target - tether classes added').toEqual(12);

 tether.destroy();

 expect(element.classList.length, 'element - destroy sets classes back to initial state').toEqual(1);
 expect(target.classList.length, 'target - destroy sets classes back to initial state').toEqual(1);
 });",11,1,9.090909091,997.3412481,0.0194896857,100,,"Context: I'm refactoring test smells from a test file to improve code quality.
Issue Details:
- Test Smell Category: Magic Number
- Smell Location:  Line : 36, column: 81, index: 1021
- Description:  Occurs when numeric literals are used directly in tests without explanation or documentation. These numbers lack clear context, making the code less readable and harder to maintain, as it is not obvious why such values are used.
it('removes classes on destroy', () => {
 expect(element.classList.length, 'element - only one class').toEqual(1);
 expect(target.classList.length, 'target - only one class').toEqual(1);
 const tether = new Tether({
 element: '.element',
 target: '.target',
 attachment: 'top left',
 targetAttachment: 'top right'
 });

 tether.enable();

 expect(element.classList.length, 'element - tether classes added').toEqual(12);
 expect(target.classList.length, 'target - tether classes added').toEqual(12);

 tether.destroy();

 expect(element.classList.length, 'element - destroy sets classes back to initial state').toEqual(1);
 expect(target.classList.length, 'target - destroy sets classes back to initial state').toEqual(1);
 });
Request:
Refactor the affected code to eliminate the Magic Number. Ensure the test remains correct, readable, and maintainable.",13,1,7.692307692,,,,FALSE,FALSE,FALSE,FALSE,FALSE,FALSE,,,,,,
104,steel,shipshapecode/tether,/test/unit/tether.spec.js,Magic Number,"{'line': 36, 'column': 79, 'index': 1105}",start: 23 end: 42,"Context: I'm refactoring test smells from a test file to improve code quality.
Issue Details:
- Test Smell Category: Magic Number
- Smell Location:  Line : 37, column: 79, index: 1105
- Description:  Occurs when numeric literals are used directly in tests without explanation or documentation. These numbers lack clear context, making the code less readable and harder to maintain, as it is not obvious why such values are used.

Request:
Refactor the affected code to eliminate the Magic Number. Ensure the test remains correct, readable, and maintainable.","it('removes classes on destroy', () => {
 expect(element.classList.length, 'element - only one class').toEqual(1);
 expect(target.classList.length, 'target - only one class').toEqual(1);
 const tether = new Tether({
 element: '.element',
 target: '.target',
 attachment: 'top left',
 targetAttachment: 'top right'
 });

 tether.enable();

 expect(element.classList.length, 'element - tether classes added').toEqual(12);
 expect(target.classList.length, 'target - tether classes added').toEqual(12);

 tether.destroy();

 expect(element.classList.length, 'element - destroy sets classes back to initial state').toEqual(1);
 expect(target.classList.length, 'target - destroy sets classes back to initial state').toEqual(1);
 });",11,1,9.090909091,997.3412481,0.0194896857,100,,"Context: I'm refactoring test smells from a test file to improve code quality.
Issue Details:
- Test Smell Category: Magic Number
- Smell Location:  Line : 37, column: 79, index: 1105
- Description:  Occurs when numeric literals are used directly in tests without explanation or documentation. These numbers lack clear context, making the code less readable and harder to maintain, as it is not obvious why such values are used.
it('removes classes on destroy', () => {
 expect(element.classList.length, 'element - only one class').toEqual(1);
 expect(target.classList.length, 'target - only one class').toEqual(1);
 const tether = new Tether({
 element: '.element',
 target: '.target',
 attachment: 'top left',
 targetAttachment: 'top right'
 });

 tether.enable();

 expect(element.classList.length, 'element - tether classes added').toEqual(12);
 expect(target.classList.length, 'target - tether classes added').toEqual(12);

 tether.destroy();

 expect(element.classList.length, 'element - destroy sets classes back to initial state').toEqual(1);
 expect(target.classList.length, 'target - destroy sets classes back to initial state').toEqual(1);
 });
Request:
Refactor the affected code to eliminate the Magic Number. Ensure the test remains correct, readable, and maintainable.",13,1,7.692307692,,,,FALSE,FALSE,FALSE,FALSE,FALSE,FALSE,,,,,,
105,steel,shipshapecode/tether,/test/unit/tether.spec.js,Magic Number,"{'line': 40, 'column': 103, 'index': 1239}",start: 23 end: 42,"Context: I'm refactoring test smells from a test file to improve code quality.
Issue Details:
- Test Smell Category: Magic Number
- Smell Location:  Line : 41, column: 103, index: 1239
- Description:  Occurs when numeric literals are used directly in tests without explanation or documentation. These numbers lack clear context, making the code less readable and harder to maintain, as it is not obvious why such values are used.

Request:
Refactor the affected code to eliminate the Magic Number. Ensure the test remains correct, readable, and maintainable.","it('removes classes on destroy', () => {
 expect(element.classList.length, 'element - only one class').toEqual(1);
 expect(target.classList.length, 'target - only one class').toEqual(1);
 const tether = new Tether({
 element: '.element',
 target: '.target',
 attachment: 'top left',
 targetAttachment: 'top right'
 });

 tether.enable();

 expect(element.classList.length, 'element - tether classes added').toEqual(12);
 expect(target.classList.length, 'target - tether classes added').toEqual(12);

 tether.destroy();

 expect(element.classList.length, 'element - destroy sets classes back to initial state').toEqual(1);
 expect(target.classList.length, 'target - destroy sets classes back to initial state').toEqual(1);
 });",11,1,9.090909091,997.3412481,0.0194896857,100,,"Context: I'm refactoring test smells from a test file to improve code quality.
Issue Details:
- Test Smell Category: Magic Number
- Smell Location:  Line : 41, column: 103, index: 1239
- Description:  Occurs when numeric literals are used directly in tests without explanation or documentation. These numbers lack clear context, making the code less readable and harder to maintain, as it is not obvious why such values are used.
it('removes classes on destroy', () => {
 expect(element.classList.length, 'element - only one class').toEqual(1);
 expect(target.classList.length, 'target - only one class').toEqual(1);
 const tether = new Tether({
 element: '.element',
 target: '.target',
 attachment: 'top left',
 targetAttachment: 'top right'
 });

 tether.enable();

 expect(element.classList.length, 'element - tether classes added').toEqual(12);
 expect(target.classList.length, 'target - tether classes added').toEqual(12);

 tether.destroy();

 expect(element.classList.length, 'element - destroy sets classes back to initial state').toEqual(1);
 expect(target.classList.length, 'target - destroy sets classes back to initial state').toEqual(1);
 });
Request:
Refactor the affected code to eliminate the Magic Number. Ensure the test remains correct, readable, and maintainable.",13,1,7.692307692,,,,FALSE,FALSE,FALSE,FALSE,FALSE,FALSE,,,,,,
106,steel,shipshapecode/tether,/test/unit/utils/offset.spec.js,Lazy Test,"{'line': 14, 'column': 13, 'index': 502}",start: 13 end: 15,"Context: I'm refactoring test smells from a test file to improve code quality.
Issue Details:
- Test Smell Category: Lazy Test
- Smell Location:  Line : 15, column: 13, index: 502
- Description:  Lazy Test occurs when a single test is written superficially and verifies multiple functionalities of a class without going into detail about each one.

Request:
Refactor the affected code to eliminate the Lazy Test. Ensure the test remains correct, readable, and maintainable.","it('top left', () => {
 expect(attachmentToOffset({ left: 'left', top: 'top' })).toStrictEqual({ left: 0, top: 0 });
 });",3,1,33.33333333,97.16639678,0.005097069638,100,,"Context: I'm refactoring test smells from a test file to improve code quality.
Issue Details:
- Test Smell Category: Lazy Test
- Smell Location:  Line : 15, column: 13, index: 502
- Description:  Lazy Test occurs when a single test is written superficially and verifies multiple functionalities of a class without going into detail about each one.
it('top left', () => {
 expect(attachmentToOffset({ left: 'left', top: 'top' })).toStrictEqual({ left: 0, top: 0 });
 });
Request:
Refactor the affected code to eliminate the Lazy Test. Ensure the test remains correct, readable, and maintainable.",6,1,16.66666667,,,,FALSE,FALSE,FALSE,FALSE,FALSE,FALSE,,,,,,
107,steel,shipshapecode/tether,/test/unit/utils/offset.spec.js,Lazy Test,"{'line': 18, 'column': 13, 'index': 642}",start: 17 end: 19,"Context: I'm refactoring test smells from a test file to improve code quality.
Issue Details:
- Test Smell Category: Lazy Test
- Smell Location:  Line : 19, column: 13, index: 642
- Description:  Lazy Test occurs when a single test is written superficially and verifies multiple functionalities of a class without going into detail about each one.

Request:
Refactor the affected code to eliminate the Lazy Test. Ensure the test remains correct, readable, and maintainable.","it('middle center', () => {
 expect(attachmentToOffset({ left: 'center', top: 'middle' })).toStrictEqual({ left: '50%', top: '50%' });
 });",3,1,33.33333333,83.88812252,0.005362699891,100,,"Context: I'm refactoring test smells from a test file to improve code quality.
Issue Details:
- Test Smell Category: Lazy Test
- Smell Location:  Line : 19, column: 13, index: 642
- Description:  Lazy Test occurs when a single test is written superficially and verifies multiple functionalities of a class without going into detail about each one.
it('middle center', () => {
 expect(attachmentToOffset({ left: 'center', top: 'middle' })).toStrictEqual({ left: '50%', top: '50%' });
 });
Request:
Refactor the affected code to eliminate the Lazy Test. Ensure the test remains correct, readable, and maintainable.",9,1,11.11111111,,,,FALSE,FALSE,FALSE,FALSE,FALSE,FALSE,,,,,,
108,steel,shipshapecode/tether,/test/unit/utils/offset.spec.js,Lazy Test,"{'line': 22, 'column': 13, 'index': 794}",start: 21 end: 23,"Context: I'm refactoring test smells from a test file to improve code quality.
Issue Details:
- Test Smell Category: Lazy Test
- Smell Location:  Line : 23, column: 13, index: 794
- Description:  Lazy Test occurs when a single test is written superficially and verifies multiple functionalities of a class without going into detail about each one.

Request:
Refactor the affected code to eliminate the Lazy Test. Ensure the test remains correct, readable, and maintainable.","it('bottom right', () => {
 expect(attachmentToOffset({ left: 'right', top: 'bottom' })).toStrictEqual({ left: '100%', top: '100%' });
 });",3,1,33.33333333,83.88812252,0.005362699891,100,,"Context: I'm refactoring test smells from a test file to improve code quality.
Issue Details:
- Test Smell Category: Lazy Test
- Smell Location:  Line : 23, column: 13, index: 794
- Description:  Lazy Test occurs when a single test is written superficially and verifies multiple functionalities of a class without going into detail about each one.
it('bottom right', () => {
 expect(attachmentToOffset({ left: 'right', top: 'bottom' })).toStrictEqual({ left: '100%', top: '100%' });
 });
Request:
Refactor the affected code to eliminate the Lazy Test. Ensure the test remains correct, readable, and maintainable.",6,1,16.66666667,,,,FALSE,FALSE,FALSE,FALSE,FALSE,FALSE,,,,,,
109,steel,shipshapecode/tether,/test/unit/utils/offset.spec.js,Lazy Test,"{'line': 28, 'column': 13, 'index': 996}",start: 27 end: 32,"Context: I'm refactoring test smells from a test file to improve code quality.
Issue Details:
- Test Smell Category: Lazy Test
- Smell Location:  Line : 29, column: 13, index: 996
- Description:  Lazy Test occurs when a single test is written superficially and verifies multiple functionalities of a class without going into detail about each one.

Request:
Refactor the affected code to eliminate the Lazy Test. Ensure the test remains correct, readable, and maintainable.","it('mirror left', () => {
 expect(autoToFixedAttachment(
 { left: 'auto', top: 'top' },
 { left: 'left', top: 'top' }
 )).toStrictEqual({ left: 'right', top: 'top' });
 });",3,1,33.33333333,143.7586028,0.00598637198,100,,"Context: I'm refactoring test smells from a test file to improve code quality.
Issue Details:
- Test Smell Category: Lazy Test
- Smell Location:  Line : 29, column: 13, index: 996
- Description:  Lazy Test occurs when a single test is written superficially and verifies multiple functionalities of a class without going into detail about each one.
it('mirror left', () => {
 expect(autoToFixedAttachment(
 { left: 'auto', top: 'top' },
 { left: 'left', top: 'top' }
 )).toStrictEqual({ left: 'right', top: 'top' });
 });
Request:
Refactor the affected code to eliminate the Lazy Test. Ensure the test remains correct, readable, and maintainable.",7,1,14.28571429,,,,FALSE,FALSE,FALSE,FALSE,FALSE,FALSE,,,,,,
110,steel,shipshapecode/tether,/test/unit/utils/offset.spec.js,Lazy Test,"{'line': 35, 'column': 13, 'index': 1203}",start: 34 end: 39,"Context: I'm refactoring test smells from a test file to improve code quality.
Issue Details:
- Test Smell Category: Lazy Test
- Smell Location:  Line : 36, column: 13, index: 1203
- Description:  Lazy Test occurs when a single test is written superficially and verifies multiple functionalities of a class without going into detail about each one.

Request:
Refactor the affected code to eliminate the Lazy Test. Ensure the test remains correct, readable, and maintainable.","it('mirror center', () => {
 expect(autoToFixedAttachment(
 { left: 'auto', top: 'top' },
 { left: 'center', top: 'top' }
 )).toStrictEqual({ left: 'center', top: 'top' });
 });",3,1,33.33333333,143.7586028,0.00598637198,100,,"Context: I'm refactoring test smells from a test file to improve code quality.
Issue Details:
- Test Smell Category: Lazy Test
- Smell Location:  Line : 36, column: 13, index: 1203
- Description:  Lazy Test occurs when a single test is written superficially and verifies multiple functionalities of a class without going into detail about each one.
it('mirror center', () => {
 expect(autoToFixedAttachment(
 { left: 'auto', top: 'top' },
 { left: 'center', top: 'top' }
 )).toStrictEqual({ left: 'center', top: 'top' });
 });
Request:
Refactor the affected code to eliminate the Lazy Test. Ensure the test remains correct, readable, and maintainable.",13,1,7.692307692,,,,FALSE,FALSE,FALSE,FALSE,FALSE,FALSE,,,,,,
111,snutsjs,katex/katex,/test/unicode-spec.js,ConditionalTestLogic,"{""startLine"":157,""endLine"":160}",start: 151 end: 166,"Context: I'm refactoring test smells from a test file to improve code quality.
Issue Details:
- Test Smell Category: ConditionalTestLogic
- Smell Location:  Line Range:  startLine : 157, endLine : 160
- Description:  Occurs due to the presence of test methods that contain conditional statements, such as the use of if-else or loops like for or while. Test methods that include conditional statements can compromise the effectiveness of tests

Request:
Refactor the affected code to eliminate the ConditionalTestLogic. Ensure the test remains correct, readable, and maintainable.","it(""scriptFromCodepoint() should return correct values"", () => {
 outer: for (let codepoint = 0; codepoint <= 0xffff; codepoint++) {
 const character = String.fromCharCode(codepoint);
 const script = scriptFromCodepoint(codepoint);

 for (const scriptName of scriptNames) {
 if (scriptRegExps[scriptName].test(character)) {
 expect(script).toEqual(scriptName);
 continue outer;
 }
 }

 expect(script).toBe(null);
 expect(supportedCodepoint(codepoint)).toBe(false);
 }
 });",16,4,25,817.0981386,0.01270187993,97.37038908,,"Context: I'm refactoring test smells from a test file to improve code quality.
Issue Details:
- Test Smell Category: ConditionalTestLogic
- Smell Location:  Line Range:  startLine : 157, endLine : 160
- Description:  Occurs due to the presence of test methods that contain conditional statements, such as the use of if-else or loops like for or while. Test methods that include conditional statements can compromise the effectiveness of tests
it(""scriptFromCodepoint() should return correct values"", () => {
 outer: for (let codepoint = 0; codepoint <= 0xffff; codepoint++) {
 const character = String.fromCharCode(codepoint);
 const script = scriptFromCodepoint(codepoint);

 for (const scriptName of scriptNames) {
 if (scriptRegExps[scriptName].test(character)) {
 expect(script).toEqual(scriptName);
 continue outer;
 }
 }

 expect(script).toBe(null);
 expect(supportedCodepoint(codepoint)).toBe(false);
 }
 });
Request:
Refactor the affected code to eliminate the ConditionalTestLogic. Ensure the test remains correct, readable, and maintainable.",14,2,14.28571429,,,,FALSE,FALSE,FALSE,FALSE,FALSE,FALSE,,,,,,
112,snutsjs,katex/katex,/test/unicode-spec.js,SubOptimalAssert,"{""startLine"":163,""endLine"":163}",start: 151 end: 166,"Context: I'm refactoring test smells from a test file to improve code quality.
Issue Details:
- Test Smell Category: SubOptimalAssert
- Smell Location:  Line Range:  startLine : 163, endLine : 163
- Description:  Occurs when the assertions used in tests are not ideal for verifying the specific condition being tested. Using more specific and expressive assertions can improve test clarity and make results more useful

Request:
Refactor the affected code to eliminate the SubOptimalAssert. Ensure the test remains correct, readable, and maintainable.","it(""scriptFromCodepoint() should return correct values"", () => {
 outer: for (let codepoint = 0; codepoint <= 0xffff; codepoint++) {
 const character = String.fromCharCode(codepoint);
 const script = scriptFromCodepoint(codepoint);

 for (const scriptName of scriptNames) {
 if (scriptRegExps[scriptName].test(character)) {
 expect(script).toEqual(scriptName);
 continue outer;
 }
 }

 expect(script).toBe(null);
 expect(supportedCodepoint(codepoint)).toBe(false);
 }
 });",16,4,25,817.0981386,0.01270187993,97.37038908,,"Context: I'm refactoring test smells from a test file to improve code quality.
Issue Details:
- Test Smell Category: SubOptimalAssert
- Smell Location:  Line Range:  startLine : 163, endLine : 163
- Description:  Occurs when the assertions used in tests are not ideal for verifying the specific condition being tested. Using more specific and expressive assertions can improve test clarity and make results more useful
it(""scriptFromCodepoint() should return correct values"", () => {
 outer: for (let codepoint = 0; codepoint <= 0xffff; codepoint++) {
 const character = String.fromCharCode(codepoint);
 const script = scriptFromCodepoint(codepoint);

 for (const scriptName of scriptNames) {
 if (scriptRegExps[scriptName].test(character)) {
 expect(script).toEqual(scriptName);
 continue outer;
 }
 }

 expect(script).toBe(null);
 expect(supportedCodepoint(codepoint)).toBe(false);
 }
 });
Request:
Refactor the affected code to eliminate the SubOptimalAssert. Ensure the test remains correct, readable, and maintainable.",16,4,25,,,,FALSE,FALSE,FALSE,FALSE,FALSE,FALSE,,,,,,
113,snutsjs,katex/katex,/test/katex-spec.js,OvercommentedTest,"{""startLine"":4010,""endLine"":4045}",start: 4010 end: 4045,"Context: I'm refactoring test smells from a test file to improve code quality.
Issue Details:
- Test Smell Category: OvercommentedTest
- Smell Location:  Line Range:  startLine : 4010, endLine : 4045
- Description:  A test method that has been excessively commented on

Request:
Refactor the affected code to eliminate the OvercommentedTest. Ensure the test remains correct, readable, and maintainable.","it(""should build some surrogate pairs"", function() {
 let wideCharStr = """";
 wideCharStr += String.fromCharCode(0xD835, 0xDC00); // bold A
 wideCharStr += String.fromCharCode(0xD835, 0xDC68); // bold italic A
 wideCharStr += String.fromCharCode(0xD835, 0xDD04); // Fraktur A
 wideCharStr += String.fromCharCode(0xD835, 0xDD6C); // bold Fraktur A
 wideCharStr += String.fromCharCode(0xD835, 0xDD38); // double-struck
 wideCharStr += String.fromCharCode(0xD835, 0xDC9C); // script A
 wideCharStr += String.fromCharCode(0xD835, 0xDDA0); // sans serif A
 wideCharStr += String.fromCharCode(0xD835, 0xDDD4); // bold sans A
 wideCharStr += String.fromCharCode(0xD835, 0xDE08); // italic sans A
 wideCharStr += String.fromCharCode(0xD835, 0xDE70); // monospace A
 wideCharStr += String.fromCharCode(0xD835, 0xDFCE); // bold zero
 wideCharStr += String.fromCharCode(0xD835, 0xDFE2); // sans serif zero
 wideCharStr += String.fromCharCode(0xD835, 0xDFEC); // bold sans zero
 wideCharStr += String.fromCharCode(0xD835, 0xDFF6); // monospace zero
 expect(wideCharStr).toBuild(strictSettings);

 let wideCharText = ""\text{"";
 wideCharText += String.fromCharCode(0xD835, 0xDC00); // bold A
 wideCharText += String.fromCharCode(0xD835, 0xDC68); // bold italic A
 wideCharText += String.fromCharCode(0xD835, 0xDD04); // Fraktur A
 wideCharStr += String.fromCharCode(0xD835, 0xDD6C); // bold Fraktur A
 wideCharText += String.fromCharCode(0xD835, 0xDD38); // double-struck
 wideCharText += String.fromCharCode(0xD835, 0xDC9C); // script A
 wideCharText += String.fromCharCode(0xD835, 0xDDA0); // sans serif A
 wideCharText += String.fromCharCode(0xD835, 0xDDD4); // bold sans A
 wideCharText += String.fromCharCode(0xD835, 0xDE08); // italic sans A
 wideCharText += String.fromCharCode(0xD835, 0xDE70); // monospace A
 wideCharText += String.fromCharCode(0xD835, 0xDFCE); // bold zero
 wideCharText += String.fromCharCode(0xD835, 0xDFE2); // sans serif zero
 wideCharText += String.fromCharCode(0xD835, 0xDFEC); // bold sans zero
 wideCharText += String.fromCharCode(0xD835, 0xDFF6); // monospace zero
 wideCharText += ""}"";
 expect(wideCharText).toBuild(strictSettings);
 });",35,1,2.857142857,10546.54352,0.03799421266,76.46220153,,"Context: I'm refactoring test smells from a test file to improve code quality.
Issue Details:
- Test Smell Category: OvercommentedTest
- Smell Location:  Line Range:  startLine : 4010, endLine : 4045
- Description:  A test method that has been excessively commented on
it(""should build some surrogate pairs"", function() {
 let wideCharStr = """";
 wideCharStr += String.fromCharCode(0xD835, 0xDC00); // bold A
 wideCharStr += String.fromCharCode(0xD835, 0xDC68); // bold italic A
 wideCharStr += String.fromCharCode(0xD835, 0xDD04); // Fraktur A
 wideCharStr += String.fromCharCode(0xD835, 0xDD6C); // bold Fraktur A
 wideCharStr += String.fromCharCode(0xD835, 0xDD38); // double-struck
 wideCharStr += String.fromCharCode(0xD835, 0xDC9C); // script A
 wideCharStr += String.fromCharCode(0xD835, 0xDDA0); // sans serif A
 wideCharStr += String.fromCharCode(0xD835, 0xDDD4); // bold sans A
 wideCharStr += String.fromCharCode(0xD835, 0xDE08); // italic sans A
 wideCharStr += String.fromCharCode(0xD835, 0xDE70); // monospace A
 wideCharStr += String.fromCharCode(0xD835, 0xDFCE); // bold zero
 wideCharStr += String.fromCharCode(0xD835, 0xDFE2); // sans serif zero
 wideCharStr += String.fromCharCode(0xD835, 0xDFEC); // bold sans zero
 wideCharStr += String.fromCharCode(0xD835, 0xDFF6); // monospace zero
 expect(wideCharStr).toBuild(strictSettings);

 let wideCharText = ""\text{"";
 wideCharText += String.fromCharCode(0xD835, 0xDC00); // bold A
 wideCharText += String.fromCharCode(0xD835, 0xDC68); // bold italic A
 wideCharText += String.fromCharCode(0xD835, 0xDD04); // Fraktur A
 wideCharStr += String.fromCharCode(0xD835, 0xDD6C); // bold Fraktur A
 wideCharText += String.fromCharCode(0xD835, 0xDD38); // double-struck
 wideCharText += String.fromCharCode(0xD835, 0xDC9C); // script A
 wideCharText += String.fromCharCode(0xD835, 0xDDA0); // sans serif A
 wideCharText += String.fromCharCode(0xD835, 0xDDD4); // bold sans A
 wideCharText += String.fromCharCode(0xD835, 0xDE08); // italic sans A
 wideCharText += String.fromCharCode(0xD835, 0xDE70); // monospace A
 wideCharText += String.fromCharCode(0xD835, 0xDFCE); // bold zero
 wideCharText += String.fromCharCode(0xD835, 0xDFE2); // sans serif zero
 wideCharText += String.fromCharCode(0xD835, 0xDFEC); // bold sans zero
 wideCharText += String.fromCharCode(0xD835, 0xDFF6); // monospace zero
 wideCharText += ""}"";
 expect(wideCharText).toBuild(strictSettings);
 });
Request:
Refactor the affected code to eliminate the OvercommentedTest. Ensure the test remains correct, readable, and maintainable.",14,1,7.142857143,,,,FALSE,FALSE,FALSE,FALSE,FALSE,FALSE,,,,,,
114,snutsjs,katex/katex,/test/katex-spec.js,ConditionalTestLogic,"{""startLine"":91,""endLine"":94}",start: 86 end: 102,"Context: I'm refactoring test smells from a test file to improve code quality.
Issue Details:
- Test Smell Category: ConditionalTestLogic
- Smell Location:  Line Range:  startLine : 91, endLine : 94
- Description:  Occurs due to the presence of test methods that contain conditional statements, such as the use of if-else or loops like for or while. Test methods that include conditional statements can compromise the effectiveness of tests

Request:
Refactor the affected code to eliminate the ConditionalTestLogic. Ensure the test remains correct, readable, and maintainable.","it(""should build a list of rels"", function() {
 const parse = getParsed(expression);

 for (let i = 0; i < parse.length; i++) {
 let group = parse[i];
 if (group.type === ""htmlmathml"") {
 expect(group.html).toHaveLength(1);
 group = group.html[0];
 }
 if (group.type === ""mclass"") {
 expect(group.mclass).toEqual(""mrel"");
 } else {
 expect(group.type).toEqual(""atom"");
 expect(group.family).toEqual(""rel"");
 }
 }
 });",17,4,23.52941176,2181.814094,0.01646344875,94.36500724,,"Context: I'm refactoring test smells from a test file to improve code quality.
Issue Details:
- Test Smell Category: ConditionalTestLogic
- Smell Location:  Line Range:  startLine : 91, endLine : 94
- Description:  Occurs due to the presence of test methods that contain conditional statements, such as the use of if-else or loops like for or while. Test methods that include conditional statements can compromise the effectiveness of tests
it(""should build a list of rels"", function() {
 const parse = getParsed(expression);

 for (let i = 0; i < parse.length; i++) {
 let group = parse[i];
 if (group.type === ""htmlmathml"") {
 expect(group.html).toHaveLength(1);
 group = group.html[0];
 }
 if (group.type === ""mclass"") {
 expect(group.mclass).toEqual(""mrel"");
 } else {
 expect(group.type).toEqual(""atom"");
 expect(group.family).toEqual(""rel"");
 }
 }
 });
Request:
Refactor the affected code to eliminate the ConditionalTestLogic. Ensure the test remains correct, readable, and maintainable.",19,3,15.78947368,,,,FALSE,FALSE,FALSE,FALSE,FALSE,FALSE,,,,,,
115,snutsjs,katex/katex,/test/katex-spec.js,ConditionalTestLogic,"{""startLine"":95,""endLine"":100}",start: 86 end: 102,"Context: I'm refactoring test smells from a test file to improve code quality.
Issue Details:
- Test Smell Category: ConditionalTestLogic
- Smell Location:  Line Range:  startLine : 95, endLine : 100
- Description:  Occurs due to the presence of test methods that contain conditional statements, such as the use of if-else or loops like for or while. Test methods that include conditional statements can compromise the effectiveness of tests

Request:
Refactor the affected code to eliminate the ConditionalTestLogic. Ensure the test remains correct, readable, and maintainable.","it(""should build a list of rels"", function() {
 const parse = getParsed(expression);

 for (let i = 0; i < parse.length; i++) {
 let group = parse[i];
 if (group.type === ""htmlmathml"") {
 expect(group.html).toHaveLength(1);
 group = group.html[0];
 }
 if (group.type === ""mclass"") {
 expect(group.mclass).toEqual(""mrel"");
 } else {
 expect(group.type).toEqual(""atom"");
 expect(group.family).toEqual(""rel"");
 }
 }
 });",17,4,23.52941176,2181.814094,0.01646344875,94.36500724,,"Context: I'm refactoring test smells from a test file to improve code quality.
Issue Details:
- Test Smell Category: ConditionalTestLogic
- Smell Location:  Line Range:  startLine : 95, endLine : 100
- Description:  Occurs due to the presence of test methods that contain conditional statements, such as the use of if-else or loops like for or while. Test methods that include conditional statements can compromise the effectiveness of tests
it(""should build a list of rels"", function() {
 const parse = getParsed(expression);

 for (let i = 0; i < parse.length; i++) {
 let group = parse[i];
 if (group.type === ""htmlmathml"") {
 expect(group.html).toHaveLength(1);
 group = group.html[0];
 }
 if (group.type === ""mclass"") {
 expect(group.mclass).toEqual(""mrel"");
 } else {
 expect(group.type).toEqual(""atom"");
 expect(group.family).toEqual(""rel"");
 }
 }
 });
Request:
Refactor the affected code to eliminate the ConditionalTestLogic. Ensure the test remains correct, readable, and maintainable.",19,3,15.78947368,,,,FALSE,FALSE,FALSE,FALSE,FALSE,FALSE,,,,,,
116,snutsjs,katex/katex,/test/katex-spec.js,SubOptimalAssert,"{""startLine"":1759,""endLine"":1761}",start: 1758 end: 1762,"Context: I'm refactoring test smells from a test file to improve code quality.
Issue Details:
- Test Smell Category: SubOptimalAssert
- Smell Location:  Line Range:  startLine : 1759, endLine : 1761
- Description:  Occurs when the assertions used in tests are not ideal for verifying the specific condition being tested. Using more specific and expressive assertions can improve test clarity and make results more useful

Request:
Refactor the affected code to eliminate the SubOptimalAssert. Ensure the test remains correct, readable, and maintainable.","it(""should parse comments before and between \\hline"", () => {
 expect(""\\begin{matrix}a&b\\\\ %hline\n"" +
 ""\\hline %hline\n"" +
 ""\\hline c&d\\end{matrix}"").toParse();
 });",3,1,33.33333333,64.77759785,0.004102996362,100,,"Context: I'm refactoring test smells from a test file to improve code quality.
Issue Details:
- Test Smell Category: SubOptimalAssert
- Smell Location:  Line Range:  startLine : 1759, endLine : 1761
- Description:  Occurs when the assertions used in tests are not ideal for verifying the specific condition being tested. Using more specific and expressive assertions can improve test clarity and make results more useful
it(""should parse comments before and between \\hline"", () => {
 expect(""\\begin{matrix}a&b\\\\ %hline\n"" +
 ""\\hline %hline\n"" +
 ""\\hline c&d\\end{matrix}"").toParse();
 });
Request:
Refactor the affected code to eliminate the SubOptimalAssert. Ensure the test remains correct, readable, and maintainable.",7,1,14.28571429,,,,FALSE,FALSE,FALSE,FALSE,FALSE,FALSE,,,,,,
117,snutsjs,katex/katex,/test/katex-spec.js,SubOptimalAssert,"{""startLine"":1894,""endLine"":1895}",start: 1890 end: 1897,"Context: I'm refactoring test smells from a test file to improve code quality.
Issue Details:
- Test Smell Category: SubOptimalAssert
- Smell Location:  Line Range:  startLine : 1894, endLine : 1895
- Description:  Occurs when the assertions used in tests are not ideal for verifying the specific condition being tested. Using more specific and expressive assertions can improve test clarity and make results more useful

Request:
Refactor the affected code to eliminate the SubOptimalAssert. Ensure the test remains correct, readable, and maintainable.","it(""should render wide characters with mord and with the correct font"", function() {
 const markup = katex.renderToString(String.fromCharCode(0xD835, 0xDC00));
 expect(markup).toContain(""<span class=\""mord mathbf\"">A</span>"");

 expect(String.fromCharCode(0xD835, 0xDC00) +
 "" = "" + String.fromCharCode(0xD835, 0xDC1A))
 .toBuildLike`\mathbf A = \mathbf a`;
 });",5,1,20,400.3128001,0.01010037664,100,,"Context: I'm refactoring test smells from a test file to improve code quality.
Issue Details:
- Test Smell Category: SubOptimalAssert
- Smell Location:  Line Range:  startLine : 1894, endLine : 1895
- Description:  Occurs when the assertions used in tests are not ideal for verifying the specific condition being tested. Using more specific and expressive assertions can improve test clarity and make results more useful
it(""should render wide characters with mord and with the correct font"", function() {
 const markup = katex.renderToString(String.fromCharCode(0xD835, 0xDC00));
 expect(markup).toContain(""<span class=\""mord mathbf\"">A</span>"");

 expect(String.fromCharCode(0xD835, 0xDC00) +
 "" = "" + String.fromCharCode(0xD835, 0xDC1A))
 .toBuildLike`\mathbf A = \mathbf a`;
 });
Request:
Refactor the affected code to eliminate the SubOptimalAssert. Ensure the test remains correct, readable, and maintainable.",10,1,10,,,,FALSE,FALSE,FALSE,FALSE,FALSE,FALSE,,,,,,
118,snutsjs,katex/katex,/test/katex-spec.js,SubOptimalAssert,"{""startLine"":3167,""endLine"":3167}",start: 3156 end: 3169,"Context: I'm refactoring test smells from a test file to improve code quality.
Issue Details:
- Test Smell Category: SubOptimalAssert
- Smell Location:  Line Range:  startLine : 3167, endLine : 3167
- Description:  Occurs when the assertions used in tests are not ideal for verifying the specific condition being tested. Using more specific and expressive assertions can improve test clarity and make results more useful

Request:
Refactor the affected code to eliminate the SubOptimalAssert. Ensure the test remains correct, readable, and maintainable.","it(""should contain affected position and length information"", function() {
 try {
 katex.renderToString(""1 + \\fraq{}{}"");

 // Render is expected to throw, so this should not be called.
 expect(true).toBe(false);
 } catch (error) {
 expect(error).toBeInstanceOf(ParseError);
 expect(error.message).toBe(""KaTeX parse error: Undefined control sequence: \\fraq at position 5: 1 + \\̲f̲r̲a̲q̲{}{}"");
 expect(error.rawMessage).toBe(""Undefined control sequence: \\fraq"");
 expect(error.position).toBe(4);
 expect(error.length).toBe(5);
 }
 });",12,2,16.66666667,437.9553803,0.01309926739,100,,"Context: I'm refactoring test smells from a test file to improve code quality.
Issue Details:
- Test Smell Category: SubOptimalAssert
- Smell Location:  Line Range:  startLine : 3167, endLine : 3167
- Description:  Occurs when the assertions used in tests are not ideal for verifying the specific condition being tested. Using more specific and expressive assertions can improve test clarity and make results more useful
it(""should contain affected position and length information"", function() {
 try {
 katex.renderToString(""1 + \\fraq{}{}"");

 // Render is expected to throw, so this should not be called.
 expect(true).toBe(false);
 } catch (error) {
 expect(error).toBeInstanceOf(ParseError);
 expect(error.message).toBe(""KaTeX parse error: Undefined control sequence: \\fraq at position 5: 1 + \\̲f̲r̲a̲q̲{}{}"");
 expect(error.rawMessage).toBe(""Undefined control sequence: \\fraq"");
 expect(error.position).toBe(4);
 expect(error.length).toBe(5);
 }
 });
Request:
Refactor the affected code to eliminate the SubOptimalAssert. Ensure the test remains correct, readable, and maintainable.",9,2,22.22222222,,,,FALSE,FALSE,FALSE,FALSE,FALSE,FALSE,,,,,,
119,snutsjs,katex/katex,/test/katex-spec.js,SubOptimalAssert,"{""startLine"":3182,""endLine"":3182}",start: 3171 end: 3184,"Context: I'm refactoring test smells from a test file to improve code quality.
Issue Details:
- Test Smell Category: SubOptimalAssert
- Smell Location:  Line Range:  startLine : 3182, endLine : 3182
- Description:  Occurs when the assertions used in tests are not ideal for verifying the specific condition being tested. Using more specific and expressive assertions can improve test clarity and make results more useful

Request:
Refactor the affected code to eliminate the SubOptimalAssert. Ensure the test remains correct, readable, and maintainable.","it(""should contain position and length information at end of input"", function() {
 try {
 katex.renderToString(""\\frac{}"");

 // Render is expected to throw, so this should not be called.
 expect(true).toBe(false);
 } catch (error) {
 expect(error).toBeInstanceOf(ParseError);
 expect(error.message).toBe(""KaTeX parse error: Unexpected end of input in a macro argument, expected '}' at end of input: \\frac{}"");
 expect(error.rawMessage).toBe(""Unexpected end of input in a macro argument, expected '}'"");
 expect(error.position).toBe(7);
 expect(error.length).toBe(0);
 }
 });",12,2,16.66666667,437.9553803,0.01309926739,100,,"Context: I'm refactoring test smells from a test file to improve code quality.
Issue Details:
- Test Smell Category: SubOptimalAssert
- Smell Location:  Line Range:  startLine : 3182, endLine : 3182
- Description:  Occurs when the assertions used in tests are not ideal for verifying the specific condition being tested. Using more specific and expressive assertions can improve test clarity and make results more useful
it(""should contain position and length information at end of input"", function() {
 try {
 katex.renderToString(""\\frac{}"");

 // Render is expected to throw, so this should not be called.
 expect(true).toBe(false);
 } catch (error) {
 expect(error).toBeInstanceOf(ParseError);
 expect(error.message).toBe(""KaTeX parse error: Unexpected end of input in a macro argument, expected '}' at end of input: \\frac{}"");
 expect(error.rawMessage).toBe(""Unexpected end of input in a macro argument, expected '}'"");
 expect(error.position).toBe(7);
 expect(error.length).toBe(0);
 }
 });
Request:
Refactor the affected code to eliminate the SubOptimalAssert. Ensure the test remains correct, readable, and maintainable.",12,2,16.66666667,,,,FALSE,FALSE,FALSE,FALSE,FALSE,FALSE,,,,,,
120,steel,katex/katex,/test/unicode-spec.js,Duplicate Assert,"{'line': 158, 'column': 20, 'index': 5760}",start: 151 end: 166,"Context: I'm refactoring test smells from a test file to improve code quality.
Issue Details:
- Test Smell Category: Duplicate Assert
- Smell Location:  Line : 159, column: 20, index: 5760
- Description:  This issue occurs when a test method verifies the same condition more than once within its scope, making the test harder to read and maintain. Identical assertions within the same method do not explicitly convey the purpose of the test method.

Request:
Refactor the affected code to eliminate the Duplicate Assert. Ensure the test remains correct, readable, and maintainable.","it(""scriptFromCodepoint() should return correct values"", () => {
 outer: for (let codepoint = 0; codepoint <= 0xffff; codepoint++) {
 const character = String.fromCharCode(codepoint);
 const script = scriptFromCodepoint(codepoint);

 for (const scriptName of scriptNames) {
 if (scriptRegExps[scriptName].test(character)) {
 expect(script).toEqual(scriptName);
 continue outer;
 }
 }

 expect(script).toBe(null);
 expect(supportedCodepoint(codepoint)).toBe(false);
 }
 });",16,4,25,817.0981386,0.01270187993,97.37038908,,"Context: I'm refactoring test smells from a test file to improve code quality.
Issue Details:
- Test Smell Category: Duplicate Assert
- Smell Location:  Line : 159, column: 20, index: 5760
- Description:  This issue occurs when a test method verifies the same condition more than once within its scope, making the test harder to read and maintain. Identical assertions within the same method do not explicitly convey the purpose of the test method.
it(""scriptFromCodepoint() should return correct values"", () => {
 outer: for (let codepoint = 0; codepoint <= 0xffff; codepoint++) {
 const character = String.fromCharCode(codepoint);
 const script = scriptFromCodepoint(codepoint);

 for (const scriptName of scriptNames) {
 if (scriptRegExps[scriptName].test(character)) {
 expect(script).toEqual(scriptName);
 continue outer;
 }
 }

 expect(script).toBe(null);
 expect(supportedCodepoint(codepoint)).toBe(false);
 }
 });
Request:
Refactor the affected code to eliminate the Duplicate Assert. Ensure the test remains correct, readable, and maintainable.",14,4,28.57142857,,,,FALSE,FALSE,FALSE,FALSE,FALSE,FALSE,,,,,,
121,steel,katex/katex,/test/unicode-spec.js,Duplicate Assert,"{'line': 163, 'column': 12, 'index': 5877}",start: 151 end: 166,"Context: I'm refactoring test smells from a test file to improve code quality.
Issue Details:
- Test Smell Category: Duplicate Assert
- Smell Location:  Line : 164, column: 12, index: 5877
- Description:  This issue occurs when a test method verifies the same condition more than once within its scope, making the test harder to read and maintain. Identical assertions within the same method do not explicitly convey the purpose of the test method.

Request:
Refactor the affected code to eliminate the Duplicate Assert. Ensure the test remains correct, readable, and maintainable.","it(""scriptFromCodepoint() should return correct values"", () => {
 outer: for (let codepoint = 0; codepoint <= 0xffff; codepoint++) {
 const character = String.fromCharCode(codepoint);
 const script = scriptFromCodepoint(codepoint);

 for (const scriptName of scriptNames) {
 if (scriptRegExps[scriptName].test(character)) {
 expect(script).toEqual(scriptName);
 continue outer;
 }
 }

 expect(script).toBe(null);
 expect(supportedCodepoint(codepoint)).toBe(false);
 }
 });",16,4,25,817.0981386,0.01270187993,97.37038908,,"Context: I'm refactoring test smells from a test file to improve code quality.
Issue Details:
- Test Smell Category: Duplicate Assert
- Smell Location:  Line : 164, column: 12, index: 5877
- Description:  This issue occurs when a test method verifies the same condition more than once within its scope, making the test harder to read and maintain. Identical assertions within the same method do not explicitly convey the purpose of the test method.
it(""scriptFromCodepoint() should return correct values"", () => {
 outer: for (let codepoint = 0; codepoint <= 0xffff; codepoint++) {
 const character = String.fromCharCode(codepoint);
 const script = scriptFromCodepoint(codepoint);

 for (const scriptName of scriptNames) {
 if (scriptRegExps[scriptName].test(character)) {
 expect(script).toEqual(scriptName);
 continue outer;
 }
 }

 expect(script).toBe(null);
 expect(supportedCodepoint(codepoint)).toBe(false);
 }
 });
Request:
Refactor the affected code to eliminate the Duplicate Assert. Ensure the test remains correct, readable, and maintainable.",14,4,28.57142857,,,,FALSE,FALSE,FALSE,FALSE,FALSE,FALSE,,,,,,
122,steel,katex/katex,/test/unicode-spec.js,Lazy Test,"{'line': 145, 'column': 19, 'index': 5223}",start: 143 end: 149,"Context: I'm refactoring test smells from a test file to improve code quality.
Issue Details:
- Test Smell Category: Lazy Test
- Smell Location:  Line : 146, column: 19, index: 5223
- Description:  Lazy Test occurs when a single test is written superficially and verifies multiple functionalities of a class without going into detail about each one.

Request:
Refactor the affected code to eliminate the Lazy Test. Ensure the test remains correct, readable, and maintainable.","it(""supportedCodepoint() should return the correct values"", () => {
 for (let codepoint = 0; codepoint <= 0xffff; codepoint++) {
 expect(supportedCodepoint(codepoint)).toBe(
 allRegExp.test(String.fromCharCode(codepoint))
 );
 }
 });",6,2,33.33333333,288,0.007559526299,100,,"Context: I'm refactoring test smells from a test file to improve code quality.
Issue Details:
- Test Smell Category: Lazy Test
- Smell Location:  Line : 146, column: 19, index: 5223
- Description:  Lazy Test occurs when a single test is written superficially and verifies multiple functionalities of a class without going into detail about each one.
it(""supportedCodepoint() should return the correct values"", () => {
 for (let codepoint = 0; codepoint <= 0xffff; codepoint++) {
 expect(supportedCodepoint(codepoint)).toBe(
 allRegExp.test(String.fromCharCode(codepoint))
 );
 }
 });
Request:
Refactor the affected code to eliminate the Lazy Test. Ensure the test remains correct, readable, and maintainable.",42,8,19.04761905,,,,FALSE,FALSE,FALSE,FALSE,FALSE,FALSE,,,,,,
123,steel,katex/katex,/test/unicode-spec.js,Lazy Test,"{'line': 164, 'column': 19, 'index': 5923}",start: 151 end: 166,"Context: I'm refactoring test smells from a test file to improve code quality.
Issue Details:
- Test Smell Category: Lazy Test
- Smell Location:  Line : 165, column: 19, index: 5923
- Description:  Lazy Test occurs when a single test is written superficially and verifies multiple functionalities of a class without going into detail about each one.

Request:
Refactor the affected code to eliminate the Lazy Test. Ensure the test remains correct, readable, and maintainable.","it(""scriptFromCodepoint() should return correct values"", () => {
 outer: for (let codepoint = 0; codepoint <= 0xffff; codepoint++) {
 const character = String.fromCharCode(codepoint);
 const script = scriptFromCodepoint(codepoint);

 for (const scriptName of scriptNames) {
 if (scriptRegExps[scriptName].test(character)) {
 expect(script).toEqual(scriptName);
 continue outer;
 }
 }

 expect(script).toBe(null);
 expect(supportedCodepoint(codepoint)).toBe(false);
 }
 });",16,4,25,817.0981386,0.01270187993,97.37038908,,"Context: I'm refactoring test smells from a test file to improve code quality.
Issue Details:
- Test Smell Category: Lazy Test
- Smell Location:  Line : 165, column: 19, index: 5923
- Description:  Lazy Test occurs when a single test is written superficially and verifies multiple functionalities of a class without going into detail about each one.
it(""scriptFromCodepoint() should return correct values"", () => {
 outer: for (let codepoint = 0; codepoint <= 0xffff; codepoint++) {
 const character = String.fromCharCode(codepoint);
 const script = scriptFromCodepoint(codepoint);

 for (const scriptName of scriptNames) {
 if (scriptRegExps[scriptName].test(character)) {
 expect(script).toEqual(scriptName);
 continue outer;
 }
 }

 expect(script).toBe(null);
 expect(supportedCodepoint(codepoint)).toBe(false);
 }
 });
Request:
Refactor the affected code to eliminate the Lazy Test. Ensure the test remains correct, readable, and maintainable.",33,6,18.18181818,,,,FALSE,FALSE,FALSE,FALSE,FALSE,FALSE,,,,,,
124,steel,katex/katex,/test/katex-spec.js,Duplicate Assert,"{'line': 574, 'column': 8, 'index': 17088}",start: 569 end: 599,"Context: I'm refactoring test smells from a test file to improve code quality.
Issue Details:
- Test Smell Category: Duplicate Assert
- Smell Location:  Line : 575, column: 8, index: 17088
- Description:  This issue occurs when a test method verifies the same condition more than once within its scope, making the test harder to read and maintain. Identical assertions within the same method do not explicitly convey the purpose of the test method.

Request:
Refactor the affected code to eliminate the Duplicate Assert. Ensure the test remains correct, readable, and maintainable.","it(""should produce a frac"", function() {
 let parse;

 parse = getParsed(simpleOver)[0];

 expect(parse.type).toEqual(""genfrac"");
 expect(parse.numer).toBeDefined();
 expect(parse.denom).toBeDefined();

 parse = getParsed(complexOver)[0];

 expect(parse.type).toEqual(""genfrac"");
 expect(parse.numer).toBeDefined();
 expect(parse.denom).toBeDefined();

 const parseBraceFrac = getParsed(braceFrac)[0];

 expect(parseBraceFrac.type).toEqual(""genfrac"");
 expect(parseBraceFrac.numer).toBeDefined();
 expect(parseBraceFrac.denom).toBeDefined();
 expect(parseBraceFrac.leftDelim).toBeDefined();
 expect(parseBraceFrac.rightDelim).toBeDefined();

 const parseBrackFrac = getParsed(brackFrac)[0];

 expect(parseBrackFrac.type).toEqual(""genfrac"");
 expect(parseBrackFrac.numer).toBeDefined();
 expect(parseBrackFrac.denom).toBeDefined();
 expect(parseBrackFrac.leftDelim).toBeDefined();
 expect(parseBrackFrac.rightDelim).toBeDefined();
 });",23,1,4.347826087,4781.631166,0.02709416577,85.90113418,,"Context: I'm refactoring test smells from a test file to improve code quality.
Issue Details:
- Test Smell Category: Duplicate Assert
- Smell Location:  Line : 575, column: 8, index: 17088
- Description:  This issue occurs when a test method verifies the same condition more than once within its scope, making the test harder to read and maintain. Identical assertions within the same method do not explicitly convey the purpose of the test method.
it(""should produce a frac"", function() {
 let parse;

 parse = getParsed(simpleOver)[0];

 expect(parse.type).toEqual(""genfrac"");
 expect(parse.numer).toBeDefined();
 expect(parse.denom).toBeDefined();

 parse = getParsed(complexOver)[0];

 expect(parse.type).toEqual(""genfrac"");
 expect(parse.numer).toBeDefined();
 expect(parse.denom).toBeDefined();

 const parseBraceFrac = getParsed(braceFrac)[0];

 expect(parseBraceFrac.type).toEqual(""genfrac"");
 expect(parseBraceFrac.numer).toBeDefined();
 expect(parseBraceFrac.denom).toBeDefined();
 expect(parseBraceFrac.leftDelim).toBeDefined();
 expect(parseBraceFrac.rightDelim).toBeDefined();

 const parseBrackFrac = getParsed(brackFrac)[0];

 expect(parseBrackFrac.type).toEqual(""genfrac"");
 expect(parseBrackFrac.numer).toBeDefined();
 expect(parseBrackFrac.denom).toBeDefined();
 expect(parseBrackFrac.leftDelim).toBeDefined();
 expect(parseBrackFrac.rightDelim).toBeDefined();
 });
Request:
Refactor the affected code to eliminate the Duplicate Assert. Ensure the test remains correct, readable, and maintainable.",20,1,5,,,,FALSE,FALSE,FALSE,FALSE,FALSE,FALSE,,,,,,
125,steel,katex/katex,/test/katex-spec.js,Duplicate Assert,"{'line': 575, 'column': 8, 'index': 17135}",start: 569 end: 599,"Context: I'm refactoring test smells from a test file to improve code quality.
Issue Details:
- Test Smell Category: Duplicate Assert
- Smell Location:  Line : 576, column: 8, index: 17135
- Description:  This issue occurs when a test method verifies the same condition more than once within its scope, making the test harder to read and maintain. Identical assertions within the same method do not explicitly convey the purpose of the test method.

Request:
Refactor the affected code to eliminate the Duplicate Assert. Ensure the test remains correct, readable, and maintainable.","it(""should produce a frac"", function() {
 let parse;

 parse = getParsed(simpleOver)[0];

 expect(parse.type).toEqual(""genfrac"");
 expect(parse.numer).toBeDefined();
 expect(parse.denom).toBeDefined();

 parse = getParsed(complexOver)[0];

 expect(parse.type).toEqual(""genfrac"");
 expect(parse.numer).toBeDefined();
 expect(parse.denom).toBeDefined();

 const parseBraceFrac = getParsed(braceFrac)[0];

 expect(parseBraceFrac.type).toEqual(""genfrac"");
 expect(parseBraceFrac.numer).toBeDefined();
 expect(parseBraceFrac.denom).toBeDefined();
 expect(parseBraceFrac.leftDelim).toBeDefined();
 expect(parseBraceFrac.rightDelim).toBeDefined();

 const parseBrackFrac = getParsed(brackFrac)[0];

 expect(parseBrackFrac.type).toEqual(""genfrac"");
 expect(parseBrackFrac.numer).toBeDefined();
 expect(parseBrackFrac.denom).toBeDefined();
 expect(parseBrackFrac.leftDelim).toBeDefined();
 expect(parseBrackFrac.rightDelim).toBeDefined();
 });",23,1,4.347826087,4781.631166,0.02709416577,85.90113418,,"Context: I'm refactoring test smells from a test file to improve code quality.
Issue Details:
- Test Smell Category: Duplicate Assert
- Smell Location:  Line : 576, column: 8, index: 17135
- Description:  This issue occurs when a test method verifies the same condition more than once within its scope, making the test harder to read and maintain. Identical assertions within the same method do not explicitly convey the purpose of the test method.
it(""should produce a frac"", function() {
 let parse;

 parse = getParsed(simpleOver)[0];

 expect(parse.type).toEqual(""genfrac"");
 expect(parse.numer).toBeDefined();
 expect(parse.denom).toBeDefined();

 parse = getParsed(complexOver)[0];

 expect(parse.type).toEqual(""genfrac"");
 expect(parse.numer).toBeDefined();
 expect(parse.denom).toBeDefined();

 const parseBraceFrac = getParsed(braceFrac)[0];

 expect(parseBraceFrac.type).toEqual(""genfrac"");
 expect(parseBraceFrac.numer).toBeDefined();
 expect(parseBraceFrac.denom).toBeDefined();
 expect(parseBraceFrac.leftDelim).toBeDefined();
 expect(parseBraceFrac.rightDelim).toBeDefined();

 const parseBrackFrac = getParsed(brackFrac)[0];

 expect(parseBrackFrac.type).toEqual(""genfrac"");
 expect(parseBrackFrac.numer).toBeDefined();
 expect(parseBrackFrac.denom).toBeDefined();
 expect(parseBrackFrac.leftDelim).toBeDefined();
 expect(parseBrackFrac.rightDelim).toBeDefined();
 });
Request:
Refactor the affected code to eliminate the Duplicate Assert. Ensure the test remains correct, readable, and maintainable.",20,1,5,,,,FALSE,FALSE,FALSE,FALSE,FALSE,FALSE,,,,,,
126,steel,katex/katex,/test/katex-spec.js,Lazy Test,"{'line': 44, 'column': 22, 'index': 1225}",start: 43 end: 50,"Context: I'm refactoring test smells from a test file to improve code quality.
Issue Details:
- Test Smell Category: Lazy Test
- Smell Location:  Line : 45, column: 22, index: 1225
- Description:  Lazy Test occurs when a single test is written superficially and verifies multiple functionalities of a class without going into detail about each one.

Request:
Refactor the affected code to eliminate the Lazy Test. Ensure the test remains correct, readable, and maintainable.","it(""should build a list of ords"", function() {
 const parse = getParsed(expression);

 for (let i = 0; i < parse.length; i++) {
 const group = parse[i];
 expect(group.type).toMatch(""ord"");
 }
 });",8,2,25,346.4910809,0.00804352882,100,,"Context: I'm refactoring test smells from a test file to improve code quality.
Issue Details:
- Test Smell Category: Lazy Test
- Smell Location:  Line : 45, column: 22, index: 1225
- Description:  Lazy Test occurs when a single test is written superficially and verifies multiple functionalities of a class without going into detail about each one.
it(""should build a list of ords"", function() {
 const parse = getParsed(expression);

 for (let i = 0; i < parse.length; i++) {
 const group = parse[i];
 expect(group.type).toMatch(""ord"");
 }
 });
Request:
Refactor the affected code to eliminate the Lazy Test. Ensure the test remains correct, readable, and maintainable.",13,1,7.692307692,,,,FALSE,FALSE,FALSE,FALSE,FALSE,FALSE,,,,,,
127,steel,katex/katex,/test/katex-spec.js,Lazy Test,"{'line': 53, 'column': 22, 'index': 1483}",start: 52 end: 56,"Context: I'm refactoring test smells from a test file to improve code quality.
Issue Details:
- Test Smell Category: Lazy Test
- Smell Location:  Line : 54, column: 22, index: 1483
- Description:  Lazy Test occurs when a single test is written superficially and verifies multiple functionalities of a class without going into detail about each one.

Request:
Refactor the affected code to eliminate the Lazy Test. Ensure the test remains correct, readable, and maintainable.","it(""should parse the right number of ords"", function() {
 const parse = getParsed(expression);

 expect(parse).toHaveLength(expression.length);
 });",4,1,25,66.4385619,0.0047121476,100,,"Context: I'm refactoring test smells from a test file to improve code quality.
Issue Details:
- Test Smell Category: Lazy Test
- Smell Location:  Line : 54, column: 22, index: 1483
- Description:  Lazy Test occurs when a single test is written superficially and verifies multiple functionalities of a class without going into detail about each one.
it(""should parse the right number of ords"", function() {
 const parse = getParsed(expression);

 expect(parse).toHaveLength(expression.length);
 });
Request:
Refactor the affected code to eliminate the Lazy Test. Ensure the test remains correct, readable, and maintainable.",11,2,18.18181818,,,,FALSE,FALSE,FALSE,FALSE,FALSE,FALSE,,,,,,
128,steel,katex/katex,/test/katex-spec.js,Lazy Test,"{'line': 67, 'column': 22, 'index': 1816}",start: 66 end: 74,"Context: I'm refactoring test smells from a test file to improve code quality.
Issue Details:
- Test Smell Category: Lazy Test
- Smell Location:  Line : 68, column: 22, index: 1816
- Description:  Lazy Test occurs when a single test is written superficially and verifies multiple functionalities of a class without going into detail about each one.

Request:
Refactor the affected code to eliminate the Lazy Test. Ensure the test remains correct, readable, and maintainable.","it(""should build a list of bins"", function() {
 const parse = getParsed(expression);

 for (let i = 0; i < parse.length; i++) {
 const group = parse[i];
 expect(group.type).toEqual(""atom"");
 expect(group.family).toEqual(""bin"");
 }
 });",9,2,22.22222222,516.5479856,0.00988217502,100,,"Context: I'm refactoring test smells from a test file to improve code quality.
Issue Details:
- Test Smell Category: Lazy Test
- Smell Location:  Line : 68, column: 22, index: 1816
- Description:  Lazy Test occurs when a single test is written superficially and verifies multiple functionalities of a class without going into detail about each one.
it(""should build a list of bins"", function() {
 const parse = getParsed(expression);

 for (let i = 0; i < parse.length; i++) {
 const group = parse[i];
 expect(group.type).toEqual(""atom"");
 expect(group.family).toEqual(""bin"");
 }
 });
Request:
Refactor the affected code to eliminate the Lazy Test. Ensure the test remains correct, readable, and maintainable.",12,1,8.333333333,,,,FALSE,FALSE,FALSE,FALSE,FALSE,FALSE,,,,,,
129,steel,katex/katex,/test/katex-spec.js,Magic Number,"{'line': 92, 'column': 48, 'index': 2613}",start: 86 end: 102,"Context: I'm refactoring test smells from a test file to improve code quality.
Issue Details:
- Test Smell Category: Magic Number
- Smell Location:  Line : 93, column: 48, index: 2613
- Description:  Occurs when numeric literals are used directly in tests without explanation or documentation. These numbers lack clear context, making the code less readable and harder to maintain, as it is not obvious why such values are used.

Request:
Refactor the affected code to eliminate the Magic Number. Ensure the test remains correct, readable, and maintainable.","it(""should build a list of rels"", function() {
 const parse = getParsed(expression);

 for (let i = 0; i < parse.length; i++) {
 let group = parse[i];
 if (group.type === ""htmlmathml"") {
 expect(group.html).toHaveLength(1);
 group = group.html[0];
 }
 if (group.type === ""mclass"") {
 expect(group.mclass).toEqual(""mrel"");
 } else {
 expect(group.type).toEqual(""atom"");
 expect(group.family).toEqual(""rel"");
 }
 }
 });",17,4,23.52941176,2181.814094,0.01646344875,94.36500724,,"Context: I'm refactoring test smells from a test file to improve code quality.
Issue Details:
- Test Smell Category: Magic Number
- Smell Location:  Line : 93, column: 48, index: 2613
- Description:  Occurs when numeric literals are used directly in tests without explanation or documentation. These numbers lack clear context, making the code less readable and harder to maintain, as it is not obvious why such values are used.
it(""should build a list of rels"", function() {
 const parse = getParsed(expression);

 for (let i = 0; i < parse.length; i++) {
 let group = parse[i];
 if (group.type === ""htmlmathml"") {
 expect(group.html).toHaveLength(1);
 group = group.html[0];
 }
 if (group.type === ""mclass"") {
 expect(group.mclass).toEqual(""mrel"");
 } else {
 expect(group.type).toEqual(""atom"");
 expect(group.family).toEqual(""rel"");
 }
 }
 });
Request:
Refactor the affected code to eliminate the Magic Number. Ensure the test remains correct, readable, and maintainable.",18,4,22.22222222,,,,FALSE,FALSE,FALSE,FALSE,FALSE,FALSE,,,,,,
130,steel,katex/katex,/test/katex-spec.js,Magic Number,"{'line': 114, 'column': 44, 'index': 3404}",start: 111 end: 115,"Context: I'm refactoring test smells from a test file to improve code quality.
Issue Details:
- Test Smell Category: Magic Number
- Smell Location:  Line : 115, column: 44, index: 3404
- Description:  Occurs when numeric literals are used directly in tests without explanation or documentation. These numbers lack clear context, making the code less readable and harder to maintain, as it is not obvious why such values are used.

Request:
Refactor the affected code to eliminate the Magic Number. Ensure the test remains correct, readable, and maintainable.","it(""should return one group, not a fragment"", function() {
 const contents = ""\\mathinner{\\langle{\\psi}\\rangle}"";
 const mml = buildMathML(getParsed(contents), contents, defaultOptions);
 expect(mml.children.length).toEqual(1);
 });",5,1,20,115.4035376,0.006879767152,100,,"Context: I'm refactoring test smells from a test file to improve code quality.
Issue Details:
- Test Smell Category: Magic Number
- Smell Location:  Line : 115, column: 44, index: 3404
- Description:  Occurs when numeric literals are used directly in tests without explanation or documentation. These numbers lack clear context, making the code less readable and harder to maintain, as it is not obvious why such values are used.
it(""should return one group, not a fragment"", function() {
 const contents = ""\\mathinner{\\langle{\\psi}\\rangle}"";
 const mml = buildMathML(getParsed(contents), contents, defaultOptions);
 expect(mml.children.length).toEqual(1);
 });
Request:
Refactor the affected code to eliminate the Magic Number. Ensure the test remains correct, readable, and maintainable.",6,1,16.66666667,,,,FALSE,FALSE,FALSE,FALSE,FALSE,FALSE,,,,,,
131,steel,katex/katex,/test/katex-spec.js,Magic Number,"{'line': 346, 'column': 35, 'index': 10074}",start: 343 end: 352,"Context: I'm refactoring test smells from a test file to improve code quality.
Issue Details:
- Test Smell Category: Magic Number
- Smell Location:  Line : 347, column: 35, index: 10074
- Description:  Occurs when numeric literals are used directly in tests without explanation or documentation. These numbers lack clear context, making the code less readable and harder to maintain, as it is not obvious why such values are used.

Request:
Refactor the affected code to eliminate the Magic Number. Ensure the test remains correct, readable, and maintainable.","it(""should produce a single ord"", function() {
 const parse = getParsed`{xy}`;

 expect(parse).toHaveLength(1);

 const ord = parse[0];

 expect(ord.type).toMatch(""ord"");
 expect(ord.body).toBeTruthy();
 });",7,1,14.28571429,198.3498302,0.008506982481,100,,"Context: I'm refactoring test smells from a test file to improve code quality.
Issue Details:
- Test Smell Category: Magic Number
- Smell Location:  Line : 347, column: 35, index: 10074
- Description:  Occurs when numeric literals are used directly in tests without explanation or documentation. These numbers lack clear context, making the code less readable and harder to maintain, as it is not obvious why such values are used.
it(""should produce a single ord"", function() {
 const parse = getParsed`{xy}`;

 expect(parse).toHaveLength(1);

 const ord = parse[0];

 expect(ord.type).toMatch(""ord"");
 expect(ord.body).toBeTruthy();
 });
Request:
Refactor the affected code to eliminate the Magic Number. Ensure the test remains correct, readable, and maintainable.",8,1,12.5,,,,FALSE,FALSE,FALSE,FALSE,FALSE,FALSE,,,,,,
132,steel,katex/katex,/test/katex-spec.js,Magic Number,"{'line': 368, 'column': 35, 'index': 10676}",start: 365 end: 375,"Context: I'm refactoring test smells from a test file to improve code quality.
Issue Details:
- Test Smell Category: Magic Number
- Smell Location:  Line : 369, column: 35, index: 10676
- Description:  Occurs when numeric literals are used directly in tests without explanation or documentation. These numbers lack clear context, making the code less readable and harder to maintain, as it is not obvious why such values are used.

Request:
Refactor the affected code to eliminate the Magic Number. Ensure the test remains correct, readable, and maintainable.","it(""should produce a semi-simple group"", function() {
 const parse = getParsed`\begingroup xy \endgroup`;

 expect(parse).toHaveLength(1);

 const ord = parse[0];

 expect(ord.type).toMatch(""ord"");
 expect(ord.body).toBeTruthy();
 expect(ord.semisimple).toBeTruthy();
 });",8,1,12.5,281.1428571,0.009987143973,100,,"Context: I'm refactoring test smells from a test file to improve code quality.
Issue Details:
- Test Smell Category: Magic Number
- Smell Location:  Line : 369, column: 35, index: 10676
- Description:  Occurs when numeric literals are used directly in tests without explanation or documentation. These numbers lack clear context, making the code less readable and harder to maintain, as it is not obvious why such values are used.
it(""should produce a semi-simple group"", function() {
 const parse = getParsed`\begingroup xy \endgroup`;

 expect(parse).toHaveLength(1);

 const ord = parse[0];

 expect(ord.type).toMatch(""ord"");
 expect(ord.body).toBeTruthy();
 expect(ord.semisimple).toBeTruthy();
 });
Request:
Refactor the affected code to eliminate the Magic Number. Ensure the test remains correct, readable, and maintainable.",9,1,11.11111111,,,,FALSE,FALSE,FALSE,FALSE,FALSE,FALSE,,,,,,
133,steel,katex/katex,/test/katex-spec.js,Magic Number,"{'line': 391, 'column': 35, 'index': 11303}",start: 388 end: 398,"Context: I'm refactoring test smells from a test file to improve code quality.
Issue Details:
- Test Smell Category: Magic Number
- Smell Location:  Line : 392, column: 35, index: 11303
- Description:  Occurs when numeric literals are used directly in tests without explanation or documentation. These numbers lack clear context, making the code less readable and harder to maintain, as it is not obvious why such values are used.

Request:
Refactor the affected code to eliminate the Magic Number. Ensure the test remains correct, readable, and maintainable.","it(""should produce a single object"", function() {
 const parse = getParsed`\Large abc`;

 expect(parse).toHaveLength(1);

 const sizing = parse[0];

 expect(sizing.type).toEqual(""sizing"");
 expect(sizing.body).toBeTruthy();
 expect(sizing.size).toBeDefined();
 });",8,1,12.5,268.1375624,0.01013220251,100,,"Context: I'm refactoring test smells from a test file to improve code quality.
Issue Details:
- Test Smell Category: Magic Number
- Smell Location:  Line : 392, column: 35, index: 11303
- Description:  Occurs when numeric literals are used directly in tests without explanation or documentation. These numbers lack clear context, making the code less readable and harder to maintain, as it is not obvious why such values are used.
it(""should produce a single object"", function() {
 const parse = getParsed`\Large abc`;

 expect(parse).toHaveLength(1);

 const sizing = parse[0];

 expect(sizing.type).toEqual(""sizing"");
 expect(sizing.body).toBeTruthy();
 expect(sizing.size).toBeDefined();
 });
Request:
Refactor the affected code to eliminate the Magic Number. Ensure the test remains correct, readable, and maintainable.",9,1,11.11111111,,,,FALSE,FALSE,FALSE,FALSE,FALSE,FALSE,,,,,,
134,snutsjs,CodeGenieApp/serverless-express,/__tests__/integration.js,OvercommentedTest,"{""startLine"":524,""endLine"":557}",start: 524 end: 557 ,"Context: I'm refactoring test smells from a test file to improve code quality.
Issue Details:
- Test Smell Category: OvercommentedTest
- Smell Location:  Line Range:  startLine : 524, endLine : 557
- Description:  A test method that has been excessively commented on

Request:
Refactor the affected code to eliminate the OvercommentedTest. Ensure the test remains correct, readable, and maintainable.","    test('custom logger', async () => {
      app = express()
      router = express.Router()
      app.use('/', router)
      router.get('/users', (req, res) => {
        res.json({})
      })
      const event = makeEvent({
        eventSourceName,
        path: '/users',
        httpMethod: 'GET'
      })
      const customLogger = {
        error: jest.fn(),
        warn: jest.fn(),
        info: jest.fn(),
        verbose: jest.fn(),
        debug: jest.fn()
      }
      serverlessExpressInstance = serverlessExpress({ app, log: customLogger })
      await serverlessExpressInstance(event)

      expect(customLogger.debug.mock.calls.length).toBe(6)

      // TODO: test log levels
      // customLogger.level = 'error'
      // customLogger.debug.mockClear()
      // customLogger.debug.mockReset()
      // customLogger.debug = jest.fn()

      // serverlessExpressInstance = serverlessExpress({ app, log: customLogger })
      // await serverlessExpressInstance(event)
      // expect(customLogger.debug.mock.calls.length).toBe(0)
    })",13,1,7.692307692,1162.348038,0.02046248474,97.33361762,,"Context: I'm refactoring test smells from a test file to improve code quality.
Issue Details:
- Test Smell Category: OvercommentedTest
- Smell Location:  Line Range:  startLine : 524, endLine : 557
- Description:  A test method that has been excessively commented on
    test('custom logger', async () => {
      app = express()
      router = express.Router()
      app.use('/', router)
      router.get('/users', (req, res) => {
        res.json({})
      })
      const event = makeEvent({
        eventSourceName,
        path: '/users',
        httpMethod: 'GET'
      })
      const customLogger = {
        error: jest.fn(),
        warn: jest.fn(),
        info: jest.fn(),
        verbose: jest.fn(),
        debug: jest.fn()
      }
      serverlessExpressInstance = serverlessExpress({ app, log: customLogger })
      await serverlessExpressInstance(event)

      expect(customLogger.debug.mock.calls.length).toBe(6)

      // TODO: test log levels
      // customLogger.level = 'error'
      // customLogger.debug.mockClear()
      // customLogger.debug.mockReset()
      // customLogger.debug = jest.fn()

      // serverlessExpressInstance = serverlessExpress({ app, log: customLogger })
      // await serverlessExpressInstance(event)
      // expect(customLogger.debug.mock.calls.length).toBe(0)
    })
Request:
Refactor the affected code to eliminate the OvercommentedTest. Ensure the test remains correct, readable, and maintainable.",13,1,7.692307692,,,,FALSE,FALSE,FALSE,FALSE,FALSE,FALSE,,,,,,
135,snutsjs,CodeGenieApp/serverless-express,/__tests__/integration.js,SubOptimalAssert,"{""startLine"":546,""endLine"":546}",start: 524 end: 557 ,"Context: I'm refactoring test smells from a test file to improve code quality.
Issue Details:
- Test Smell Category: SubOptimalAssert
- Smell Location:  Line Range:  startLine : 546, endLine : 546
- Description:  Occurs when the assertions used in tests are not ideal for verifying the specific condition being tested. Using more specific and expressive assertions can improve test clarity and make results more useful

Request:
Refactor the affected code to eliminate the SubOptimalAssert. Ensure the test remains correct, readable, and maintainable.","    test('custom logger', async () => {
      app = express()
      router = express.Router()
      app.use('/', router)
      router.get('/users', (req, res) => {
        res.json({})
      })
      const event = makeEvent({
        eventSourceName,
        path: '/users',
        httpMethod: 'GET'
      })
      const customLogger = {
        error: jest.fn(),
        warn: jest.fn(),
        info: jest.fn(),
        verbose: jest.fn(),
        debug: jest.fn()
      }
      serverlessExpressInstance = serverlessExpress({ app, log: customLogger })
      await serverlessExpressInstance(event)

      expect(customLogger.debug.mock.calls.length).toBe(6)

      // TODO: test log levels
      // customLogger.level = 'error'
      // customLogger.debug.mockClear()
      // customLogger.debug.mockReset()
      // customLogger.debug = jest.fn()

      // serverlessExpressInstance = serverlessExpress({ app, log: customLogger })
      // await serverlessExpressInstance(event)
      // expect(customLogger.debug.mock.calls.length).toBe(0)
    })",13,1,7.692307692,1162.348038,0.02046248474,97.33361762,,"Context: I'm refactoring test smells from a test file to improve code quality.
Issue Details:
- Test Smell Category: SubOptimalAssert
- Smell Location:  Line Range:  startLine : 546, endLine : 546
- Description:  Occurs when the assertions used in tests are not ideal for verifying the specific condition being tested. Using more specific and expressive assertions can improve test clarity and make results more useful
    test('custom logger', async () => {
      app = express()
      router = express.Router()
      app.use('/', router)
      router.get('/users', (req, res) => {
        res.json({})
      })
      const event = makeEvent({
        eventSourceName,
        path: '/users',
        httpMethod: 'GET'
      })
      const customLogger = {
        error: jest.fn(),
        warn: jest.fn(),
        info: jest.fn(),
        verbose: jest.fn(),
        debug: jest.fn()
      }
      serverlessExpressInstance = serverlessExpress({ app, log: customLogger })
      await serverlessExpressInstance(event)

      expect(customLogger.debug.mock.calls.length).toBe(6)

      // TODO: test log levels
      // customLogger.level = 'error'
      // customLogger.debug.mockClear()
      // customLogger.debug.mockReset()
      // customLogger.debug = jest.fn()

      // serverlessExpressInstance = serverlessExpress({ app, log: customLogger })
      // await serverlessExpressInstance(event)
      // expect(customLogger.debug.mock.calls.length).toBe(0)
    })
Request:
Refactor the affected code to eliminate the SubOptimalAssert. Ensure the test remains correct, readable, and maintainable.",13,1,7.692307692,,,,FALSE,FALSE,FALSE,FALSE,FALSE,FALSE,,,,,,
136,steel,CodeGenieApp/serverless-express,/__tests__/unit.js,Lazy Test,"{'line': 303, 'column': 32, 'index': 10118}",start: 299 end: 312 ,"Context: I'm refactoring test smells from a test file to improve code quality.
Issue Details:
- Test Smell Category: Lazy Test
- Smell Location:  Line : 304, column: 32, index: 10118
- Description:  Lazy Test occurs when a single test is written superficially and verifies multiple functionalities of a class without going into detail about each one.

Request:
Refactor the affected code to eliminate the Lazy Test. Ensure the test remains correct, readable, and maintainable.","  test('CONTEXT (specified)', () => {
    return new Promise(
      (resolve, reject) => {
        const context = new MockContext(resolve, reject)
        const contextResolver = makeResolver({
          context,
          resolutionMode: 'CONTEXT'
        })

        return contextResolver.succeed({
          response: 'success'
        })
      }).then(successResponse => expect(successResponse).toEqual('success'))
  })",7,1,14.28571429,204.0910489,0.009282174202,100,,"Context: I'm refactoring test smells from a test file to improve code quality.
Issue Details:
- Test Smell Category: Lazy Test
- Smell Location:  Line : 304, column: 32, index: 10118
- Description:  Lazy Test occurs when a single test is written superficially and verifies multiple functionalities of a class without going into detail about each one.
  test('CONTEXT (specified)', () => {
    return new Promise(
      (resolve, reject) => {
        const context = new MockContext(resolve, reject)
        const contextResolver = makeResolver({
          context,
          resolutionMode: 'CONTEXT'
        })

        return contextResolver.succeed({
          response: 'success'
        })
      }).then(successResponse => expect(successResponse).toEqual('success'))
  })
Request:
Refactor the affected code to eliminate the Lazy Test. Ensure the test remains correct, readable, and maintainable.",8,1,12.5,,,,FALSE,FALSE,FALSE,FALSE,FALSE,FALSE,,,,,,
137,steel,CodeGenieApp/serverless-express,/__tests__/unit.js,Lazy Test,"{'line': 316, 'column': 29, 'index': 10468}",start: 314 end: 326,"Context: I'm refactoring test smells from a test file to improve code quality.
Issue Details:
- Test Smell Category: Lazy Test
- Smell Location:  Line : 317, column: 29, index: 10468
- Description:  Lazy Test occurs when a single test is written superficially and verifies multiple functionalities of a class without going into detail about each one.

Request:
Refactor the affected code to eliminate the Lazy Test. Ensure the test remains correct, readable, and maintainable.","  test('CALLBACK', () => {
    const callback = (e, response) => response
    const callbackResolver = makeResolver({
      callback,
      resolutionMode: 'CALLBACK',
      context: {}
    })
    const successResponse = callbackResolver.succeed({
      response: 'success'
    })

    expect(successResponse).toEqual('success')
  })",6,1,16.66666667,182.2857143,0.007928372955,100,,"Context: I'm refactoring test smells from a test file to improve code quality.
Issue Details:
- Test Smell Category: Lazy Test
- Smell Location:  Line : 317, column: 29, index: 10468
- Description:  Lazy Test occurs when a single test is written superficially and verifies multiple functionalities of a class without going into detail about each one.
  test('CALLBACK', () => {
    const callback = (e, response) => response
    const callbackResolver = makeResolver({
      callback,
      resolutionMode: 'CALLBACK',
      context: {}
    })
    const successResponse = callbackResolver.succeed({
      response: 'success'
    })

    expect(successResponse).toEqual('success')
  })
Request:
Refactor the affected code to eliminate the Lazy Test. Ensure the test remains correct, readable, and maintainable.",12,1,8.333333333,,,,FALSE,FALSE,FALSE,FALSE,FALSE,FALSE,,,,,,
138,steel,CodeGenieApp/serverless-express,/__tests__/unit.js,Lazy Test,"{'line': 334, 'column': 30, 'index': 10866}",start: 328 end: 345,"Context: I'm refactoring test smells from a test file to improve code quality.
Issue Details:
- Test Smell Category: Lazy Test
- Smell Location:  Line : 335, column: 30, index: 10866
- Description:  Lazy Test occurs when a single test is written superficially and verifies multiple functionalities of a class without going into detail about each one.

Request:
Refactor the affected code to eliminate the Lazy Test. Ensure the test remains correct, readable, and maintainable.","  test('PROMISE', () => {
    return new Promise((resolve, reject) => {
      const promise = {
        resolve,
        reject
      }
      const promiseResolver = makeResolver({
        promise,
        resolutionMode: 'PROMISE'
      })

      return promiseResolver.succeed({
        response: 'success'
      })
    }).then(successResponse => {
      expect(successResponse).toEqual('success')
    })
  })",9,1,11.11111111,237.1644845,0.009240091479,100,,"Context: I'm refactoring test smells from a test file to improve code quality.
Issue Details:
- Test Smell Category: Lazy Test
- Smell Location:  Line : 335, column: 30, index: 10866
- Description:  Lazy Test occurs when a single test is written superficially and verifies multiple functionalities of a class without going into detail about each one.
  test('PROMISE', () => {
    return new Promise((resolve, reject) => {
      const promise = {
        resolve,
        reject
      }
      const promiseResolver = makeResolver({
        promise,
        resolutionMode: 'PROMISE'
      })

      return promiseResolver.succeed({
        response: 'success'
      })
    }).then(successResponse => {
      expect(successResponse).toEqual('success')
    })
  })
Request:
Refactor the affected code to eliminate the Lazy Test. Ensure the test remains correct, readable, and maintainable.",28,1,3.571428571,,,,FALSE,FALSE,FALSE,FALSE,FALSE,FALSE,,,,,,
139,steel,CodeGenieApp/serverless-express,/__tests__/integration.js,Duplicate Assert,"{'line': 281, 'column': 8, 'index': 8873}",start: 239 end: 304,"Context: I'm refactoring test smells from a test file to improve code quality.
Issue Details:
- Test Smell Category: Duplicate Assert
- Smell Location:  Line : 282, column: 8, index: 8873
- Description:  This issue occurs when a test method verifies the same condition more than once within its scope, making the test harder to read and maintain. Identical assertions within the same method do not explicitly convey the purpose of the test method.

Request:
Refactor the affected code to eliminate the Duplicate Assert. Ensure the test remains correct, readable, and maintainable.","  test('GET image', async () => {
    const samLogoPath = path.join(jestHelpersPath, 'sam-logo.png')
    router.get('/sam', (req, res) => {
      res.sendFile(samLogoPath)
    })
    const event = makeEvent({
      eventSourceName,
      path: '/sam',
      httpMethod: 'GET'
    })

    const response = await serverlessExpressInstance(event)

    const samLogoImage = fs.readFileSync(samLogoPath)
    const samLogoBase64 = Buffer.from(samLogoImage).toString('base64')
    const expectedResponse = makeResponse({
      eventSourceName,
      body: samLogoBase64,
      multiValueHeaders: {
        'accept-ranges': ['bytes'],
        'cache-control': ['public, max-age=0'],
        'content-length': ['15933'],
        'content-type': ['image/png']
      },
      isBase64Encoded: true
    }, { shouldConvertContentLengthToInt: true })
    const etagRegex = /^W\/.*$/
    const lastModifiedRegex = /^.* GMT$/
    switch (eventSourceName) {
      case 'alb':
      case 'apiGatewayV1':
        expect(response.multiValueHeaders.etag.length).toEqual(1)
        expect(response.multiValueHeaders.etag[0]).toMatch(etagRegex)
        expect(response.multiValueHeaders['last-modified'].length).toEqual(1)
        expect(response.multiValueHeaders['last-modified'][0]).toMatch(lastModifiedRegex)
        delete response.multiValueHeaders.etag
        delete response.multiValueHeaders['last-modified']
        break
      case 'azureHttpFunctionV4':
      case 'azureHttpFunctionV3':
        expectedResponse.body = Buffer.from(samLogoBase64, 'base64')
        expectedResponse.isBase64Encoded = false
        expect(response.headers.etag).toMatch(etagRegex)
        expect(response.headers['last-modified']).toMatch(lastModifiedRegex)
        delete response.headers.etag
        delete response.headers['last-modified']
        break
      case 'apiGatewayV2':
        expect(response.headers.etag).toMatch(etagRegex)
        expect(response.headers['last-modified']).toMatch(lastModifiedRegex)
        delete response.headers.etag
        delete response.headers['last-modified']
        break
      case 'lambdaEdge':
        expect(response.headers.etag.length).toEqual(1)
        expect(response.headers.etag[0].key).toMatch('etag')
        expect(response.headers.etag[0].value).toMatch(etagRegex)
        expect(response.headers['last-modified'].length).toEqual(1)
        expect(response.headers['last-modified'][0].key).toMatch('last-modified')
        expect(response.headers['last-modified'][0].value).toMatch(lastModifiedRegex)
        delete response.headers.etag
        delete response.headers['last-modified']
        break
    }
    expect(response).toEqual(expectedResponse)
  })",43,7,16.27906977,12732.66774,0.05258406968,70.14499985,,"Context: I'm refactoring test smells from a test file to improve code quality.
Issue Details:
- Test Smell Category: Duplicate Assert
- Smell Location:  Line : 282, column: 8, index: 8873
- Description:  This issue occurs when a test method verifies the same condition more than once within its scope, making the test harder to read and maintain. Identical assertions within the same method do not explicitly convey the purpose of the test method.
  test('GET image', async () => {
    const samLogoPath = path.join(jestHelpersPath, 'sam-logo.png')
    router.get('/sam', (req, res) => {
      res.sendFile(samLogoPath)
    })
    const event = makeEvent({
      eventSourceName,
      path: '/sam',
      httpMethod: 'GET'
    })

    const response = await serverlessExpressInstance(event)

    const samLogoImage = fs.readFileSync(samLogoPath)
    const samLogoBase64 = Buffer.from(samLogoImage).toString('base64')
    const expectedResponse = makeResponse({
      eventSourceName,
      body: samLogoBase64,
      multiValueHeaders: {
        'accept-ranges': ['bytes'],
        'cache-control': ['public, max-age=0'],
        'content-length': ['15933'],
        'content-type': ['image/png']
      },
      isBase64Encoded: true
    }, { shouldConvertContentLengthToInt: true })
    const etagRegex = /^W\/.*$/
    const lastModifiedRegex = /^.* GMT$/
    switch (eventSourceName) {
      case 'alb':
      case 'apiGatewayV1':
        expect(response.multiValueHeaders.etag.length).toEqual(1)
        expect(response.multiValueHeaders.etag[0]).toMatch(etagRegex)
        expect(response.multiValueHeaders['last-modified'].length).toEqual(1)
        expect(response.multiValueHeaders['last-modified'][0]).toMatch(lastModifiedRegex)
        delete response.multiValueHeaders.etag
        delete response.multiValueHeaders['last-modified']
        break
      case 'azureHttpFunctionV4':
      case 'azureHttpFunctionV3':
        expectedResponse.body = Buffer.from(samLogoBase64, 'base64')
        expectedResponse.isBase64Encoded = false
        expect(response.headers.etag).toMatch(etagRegex)
        expect(response.headers['last-modified']).toMatch(lastModifiedRegex)
        delete response.headers.etag
        delete response.headers['last-modified']
        break
      case 'apiGatewayV2':
        expect(response.headers.etag).toMatch(etagRegex)
        expect(response.headers['last-modified']).toMatch(lastModifiedRegex)
        delete response.headers.etag
        delete response.headers['last-modified']
        break
      case 'lambdaEdge':
        expect(response.headers.etag.length).toEqual(1)
        expect(response.headers.etag[0].key).toMatch('etag')
        expect(response.headers.etag[0].value).toMatch(etagRegex)
        expect(response.headers['last-modified'].length).toEqual(1)
        expect(response.headers['last-modified'][0].key).toMatch('last-modified')
        expect(response.headers['last-modified'][0].value).toMatch(lastModifiedRegex)
        delete response.headers.etag
        delete response.headers['last-modified']
        break
    }
    expect(response).toEqual(expectedResponse)
  })
Request:
Refactor the affected code to eliminate the Duplicate Assert. Ensure the test remains correct, readable, and maintainable.",43,8,18.60465116,,,,FALSE,FALSE,FALSE,FALSE,FALSE,FALSE,,,,,,
140,steel,CodeGenieApp/serverless-express,/__tests__/integration.js,Duplicate Assert,"{'line': 282, 'column': 8, 'index': 8930}",start: 239 end: 304,"Context: I'm refactoring test smells from a test file to improve code quality.
Issue Details:
- Test Smell Category: Duplicate Assert
- Smell Location:  Line : 283, column: 8, index: 8930
- Description:  This issue occurs when a test method verifies the same condition more than once within its scope, making the test harder to read and maintain. Identical assertions within the same method do not explicitly convey the purpose of the test method.

Request:
Refactor the affected code to eliminate the Duplicate Assert. Ensure the test remains correct, readable, and maintainable.","  test('GET image', async () => {
    const samLogoPath = path.join(jestHelpersPath, 'sam-logo.png')
    router.get('/sam', (req, res) => {
      res.sendFile(samLogoPath)
    })
    const event = makeEvent({
      eventSourceName,
      path: '/sam',
      httpMethod: 'GET'
    })

    const response = await serverlessExpressInstance(event)

    const samLogoImage = fs.readFileSync(samLogoPath)
    const samLogoBase64 = Buffer.from(samLogoImage).toString('base64')
    const expectedResponse = makeResponse({
      eventSourceName,
      body: samLogoBase64,
      multiValueHeaders: {
        'accept-ranges': ['bytes'],
        'cache-control': ['public, max-age=0'],
        'content-length': ['15933'],
        'content-type': ['image/png']
      },
      isBase64Encoded: true
    }, { shouldConvertContentLengthToInt: true })
    const etagRegex = /^W\/.*$/
    const lastModifiedRegex = /^.* GMT$/
    switch (eventSourceName) {
      case 'alb':
      case 'apiGatewayV1':
        expect(response.multiValueHeaders.etag.length).toEqual(1)
        expect(response.multiValueHeaders.etag[0]).toMatch(etagRegex)
        expect(response.multiValueHeaders['last-modified'].length).toEqual(1)
        expect(response.multiValueHeaders['last-modified'][0]).toMatch(lastModifiedRegex)
        delete response.multiValueHeaders.etag
        delete response.multiValueHeaders['last-modified']
        break
      case 'azureHttpFunctionV4':
      case 'azureHttpFunctionV3':
        expectedResponse.body = Buffer.from(samLogoBase64, 'base64')
        expectedResponse.isBase64Encoded = false
        expect(response.headers.etag).toMatch(etagRegex)
        expect(response.headers['last-modified']).toMatch(lastModifiedRegex)
        delete response.headers.etag
        delete response.headers['last-modified']
        break
      case 'apiGatewayV2':
        expect(response.headers.etag).toMatch(etagRegex)
        expect(response.headers['last-modified']).toMatch(lastModifiedRegex)
        delete response.headers.etag
        delete response.headers['last-modified']
        break
      case 'lambdaEdge':
        expect(response.headers.etag.length).toEqual(1)
        expect(response.headers.etag[0].key).toMatch('etag')
        expect(response.headers.etag[0].value).toMatch(etagRegex)
        expect(response.headers['last-modified'].length).toEqual(1)
        expect(response.headers['last-modified'][0].key).toMatch('last-modified')
        expect(response.headers['last-modified'][0].value).toMatch(lastModifiedRegex)
        delete response.headers.etag
        delete response.headers['last-modified']
        break
    }
    expect(response).toEqual(expectedResponse)
  })",43,7,16.27906977,12732.66774,0.05258406968,70.14499985,,"Context: I'm refactoring test smells from a test file to improve code quality.
Issue Details:
- Test Smell Category: Duplicate Assert
- Smell Location:  Line : 283, column: 8, index: 8930
- Description:  This issue occurs when a test method verifies the same condition more than once within its scope, making the test harder to read and maintain. Identical assertions within the same method do not explicitly convey the purpose of the test method.
  test('GET image', async () => {
    const samLogoPath = path.join(jestHelpersPath, 'sam-logo.png')
    router.get('/sam', (req, res) => {
      res.sendFile(samLogoPath)
    })
    const event = makeEvent({
      eventSourceName,
      path: '/sam',
      httpMethod: 'GET'
    })

    const response = await serverlessExpressInstance(event)

    const samLogoImage = fs.readFileSync(samLogoPath)
    const samLogoBase64 = Buffer.from(samLogoImage).toString('base64')
    const expectedResponse = makeResponse({
      eventSourceName,
      body: samLogoBase64,
      multiValueHeaders: {
        'accept-ranges': ['bytes'],
        'cache-control': ['public, max-age=0'],
        'content-length': ['15933'],
        'content-type': ['image/png']
      },
      isBase64Encoded: true
    }, { shouldConvertContentLengthToInt: true })
    const etagRegex = /^W\/.*$/
    const lastModifiedRegex = /^.* GMT$/
    switch (eventSourceName) {
      case 'alb':
      case 'apiGatewayV1':
        expect(response.multiValueHeaders.etag.length).toEqual(1)
        expect(response.multiValueHeaders.etag[0]).toMatch(etagRegex)
        expect(response.multiValueHeaders['last-modified'].length).toEqual(1)
        expect(response.multiValueHeaders['last-modified'][0]).toMatch(lastModifiedRegex)
        delete response.multiValueHeaders.etag
        delete response.multiValueHeaders['last-modified']
        break
      case 'azureHttpFunctionV4':
      case 'azureHttpFunctionV3':
        expectedResponse.body = Buffer.from(samLogoBase64, 'base64')
        expectedResponse.isBase64Encoded = false
        expect(response.headers.etag).toMatch(etagRegex)
        expect(response.headers['last-modified']).toMatch(lastModifiedRegex)
        delete response.headers.etag
        delete response.headers['last-modified']
        break
      case 'apiGatewayV2':
        expect(response.headers.etag).toMatch(etagRegex)
        expect(response.headers['last-modified']).toMatch(lastModifiedRegex)
        delete response.headers.etag
        delete response.headers['last-modified']
        break
      case 'lambdaEdge':
        expect(response.headers.etag.length).toEqual(1)
        expect(response.headers.etag[0].key).toMatch('etag')
        expect(response.headers.etag[0].value).toMatch(etagRegex)
        expect(response.headers['last-modified'].length).toEqual(1)
        expect(response.headers['last-modified'][0].key).toMatch('last-modified')
        expect(response.headers['last-modified'][0].value).toMatch(lastModifiedRegex)
        delete response.headers.etag
        delete response.headers['last-modified']
        break
    }
    expect(response).toEqual(expectedResponse)
  })
Request:
Refactor the affected code to eliminate the Duplicate Assert. Ensure the test remains correct, readable, and maintainable.",47,7,14.89361702,,,,FALSE,FALSE,FALSE,FALSE,FALSE,FALSE,,,,,,
141,steel,CodeGenieApp/serverless-express,/__tests__/integration.js,Duplicate Assert,"{'line': 287, 'column': 8, 'index': 9134}",start: 239 end: 304,"Context: I'm refactoring test smells from a test file to improve code quality.
Issue Details:
- Test Smell Category: Duplicate Assert
- Smell Location:  Line : 288, column: 8, index: 9134
- Description:  This issue occurs when a test method verifies the same condition more than once within its scope, making the test harder to read and maintain. Identical assertions within the same method do not explicitly convey the purpose of the test method.

Request:
Refactor the affected code to eliminate the Duplicate Assert. Ensure the test remains correct, readable, and maintainable.","  test('GET image', async () => {
    const samLogoPath = path.join(jestHelpersPath, 'sam-logo.png')
    router.get('/sam', (req, res) => {
      res.sendFile(samLogoPath)
    })
    const event = makeEvent({
      eventSourceName,
      path: '/sam',
      httpMethod: 'GET'
    })

    const response = await serverlessExpressInstance(event)

    const samLogoImage = fs.readFileSync(samLogoPath)
    const samLogoBase64 = Buffer.from(samLogoImage).toString('base64')
    const expectedResponse = makeResponse({
      eventSourceName,
      body: samLogoBase64,
      multiValueHeaders: {
        'accept-ranges': ['bytes'],
        'cache-control': ['public, max-age=0'],
        'content-length': ['15933'],
        'content-type': ['image/png']
      },
      isBase64Encoded: true
    }, { shouldConvertContentLengthToInt: true })
    const etagRegex = /^W\/.*$/
    const lastModifiedRegex = /^.* GMT$/
    switch (eventSourceName) {
      case 'alb':
      case 'apiGatewayV1':
        expect(response.multiValueHeaders.etag.length).toEqual(1)
        expect(response.multiValueHeaders.etag[0]).toMatch(etagRegex)
        expect(response.multiValueHeaders['last-modified'].length).toEqual(1)
        expect(response.multiValueHeaders['last-modified'][0]).toMatch(lastModifiedRegex)
        delete response.multiValueHeaders.etag
        delete response.multiValueHeaders['last-modified']
        break
      case 'azureHttpFunctionV4':
      case 'azureHttpFunctionV3':
        expectedResponse.body = Buffer.from(samLogoBase64, 'base64')
        expectedResponse.isBase64Encoded = false
        expect(response.headers.etag).toMatch(etagRegex)
        expect(response.headers['last-modified']).toMatch(lastModifiedRegex)
        delete response.headers.etag
        delete response.headers['last-modified']
        break
      case 'apiGatewayV2':
        expect(response.headers.etag).toMatch(etagRegex)
        expect(response.headers['last-modified']).toMatch(lastModifiedRegex)
        delete response.headers.etag
        delete response.headers['last-modified']
        break
      case 'lambdaEdge':
        expect(response.headers.etag.length).toEqual(1)
        expect(response.headers.etag[0].key).toMatch('etag')
        expect(response.headers.etag[0].value).toMatch(etagRegex)
        expect(response.headers['last-modified'].length).toEqual(1)
        expect(response.headers['last-modified'][0].key).toMatch('last-modified')
        expect(response.headers['last-modified'][0].value).toMatch(lastModifiedRegex)
        delete response.headers.etag
        delete response.headers['last-modified']
        break
    }
    expect(response).toEqual(expectedResponse)
  })",43,7,16.27906977,12732.66774,0.05258406968,70.14499985,,"Context: I'm refactoring test smells from a test file to improve code quality.
Issue Details:
- Test Smell Category: Duplicate Assert
- Smell Location:  Line : 288, column: 8, index: 9134
- Description:  This issue occurs when a test method verifies the same condition more than once within its scope, making the test harder to read and maintain. Identical assertions within the same method do not explicitly convey the purpose of the test method.
  test('GET image', async () => {
    const samLogoPath = path.join(jestHelpersPath, 'sam-logo.png')
    router.get('/sam', (req, res) => {
      res.sendFile(samLogoPath)
    })
    const event = makeEvent({
      eventSourceName,
      path: '/sam',
      httpMethod: 'GET'
    })

    const response = await serverlessExpressInstance(event)

    const samLogoImage = fs.readFileSync(samLogoPath)
    const samLogoBase64 = Buffer.from(samLogoImage).toString('base64')
    const expectedResponse = makeResponse({
      eventSourceName,
      body: samLogoBase64,
      multiValueHeaders: {
        'accept-ranges': ['bytes'],
        'cache-control': ['public, max-age=0'],
        'content-length': ['15933'],
        'content-type': ['image/png']
      },
      isBase64Encoded: true
    }, { shouldConvertContentLengthToInt: true })
    const etagRegex = /^W\/.*$/
    const lastModifiedRegex = /^.* GMT$/
    switch (eventSourceName) {
      case 'alb':
      case 'apiGatewayV1':
        expect(response.multiValueHeaders.etag.length).toEqual(1)
        expect(response.multiValueHeaders.etag[0]).toMatch(etagRegex)
        expect(response.multiValueHeaders['last-modified'].length).toEqual(1)
        expect(response.multiValueHeaders['last-modified'][0]).toMatch(lastModifiedRegex)
        delete response.multiValueHeaders.etag
        delete response.multiValueHeaders['last-modified']
        break
      case 'azureHttpFunctionV4':
      case 'azureHttpFunctionV3':
        expectedResponse.body = Buffer.from(samLogoBase64, 'base64')
        expectedResponse.isBase64Encoded = false
        expect(response.headers.etag).toMatch(etagRegex)
        expect(response.headers['last-modified']).toMatch(lastModifiedRegex)
        delete response.headers.etag
        delete response.headers['last-modified']
        break
      case 'apiGatewayV2':
        expect(response.headers.etag).toMatch(etagRegex)
        expect(response.headers['last-modified']).toMatch(lastModifiedRegex)
        delete response.headers.etag
        delete response.headers['last-modified']
        break
      case 'lambdaEdge':
        expect(response.headers.etag.length).toEqual(1)
        expect(response.headers.etag[0].key).toMatch('etag')
        expect(response.headers.etag[0].value).toMatch(etagRegex)
        expect(response.headers['last-modified'].length).toEqual(1)
        expect(response.headers['last-modified'][0].key).toMatch('last-modified')
        expect(response.headers['last-modified'][0].value).toMatch(lastModifiedRegex)
        delete response.headers.etag
        delete response.headers['last-modified']
        break
    }
    expect(response).toEqual(expectedResponse)
  })
Request:
Refactor the affected code to eliminate the Duplicate Assert. Ensure the test remains correct, readable, and maintainable.",49,7,14.28571429,,,,FALSE,FALSE,FALSE,FALSE,FALSE,FALSE,,,,,,
142,steel,CodeGenieApp/serverless-express,/__tests__/integration.js,Duplicate Assert,"{'line': 288, 'column': 8, 'index': 9191}",start: 239 end: 304,"Context: I'm refactoring test smells from a test file to improve code quality.
Issue Details:
- Test Smell Category: Duplicate Assert
- Smell Location:  Line : 289, column: 8, index: 9191
- Description:  This issue occurs when a test method verifies the same condition more than once within its scope, making the test harder to read and maintain. Identical assertions within the same method do not explicitly convey the purpose of the test method.

Request:
Refactor the affected code to eliminate the Duplicate Assert. Ensure the test remains correct, readable, and maintainable.","  test('GET image', async () => {
    const samLogoPath = path.join(jestHelpersPath, 'sam-logo.png')
    router.get('/sam', (req, res) => {
      res.sendFile(samLogoPath)
    })
    const event = makeEvent({
      eventSourceName,
      path: '/sam',
      httpMethod: 'GET'
    })

    const response = await serverlessExpressInstance(event)

    const samLogoImage = fs.readFileSync(samLogoPath)
    const samLogoBase64 = Buffer.from(samLogoImage).toString('base64')
    const expectedResponse = makeResponse({
      eventSourceName,
      body: samLogoBase64,
      multiValueHeaders: {
        'accept-ranges': ['bytes'],
        'cache-control': ['public, max-age=0'],
        'content-length': ['15933'],
        'content-type': ['image/png']
      },
      isBase64Encoded: true
    }, { shouldConvertContentLengthToInt: true })
    const etagRegex = /^W\/.*$/
    const lastModifiedRegex = /^.* GMT$/
    switch (eventSourceName) {
      case 'alb':
      case 'apiGatewayV1':
        expect(response.multiValueHeaders.etag.length).toEqual(1)
        expect(response.multiValueHeaders.etag[0]).toMatch(etagRegex)
        expect(response.multiValueHeaders['last-modified'].length).toEqual(1)
        expect(response.multiValueHeaders['last-modified'][0]).toMatch(lastModifiedRegex)
        delete response.multiValueHeaders.etag
        delete response.multiValueHeaders['last-modified']
        break
      case 'azureHttpFunctionV4':
      case 'azureHttpFunctionV3':
        expectedResponse.body = Buffer.from(samLogoBase64, 'base64')
        expectedResponse.isBase64Encoded = false
        expect(response.headers.etag).toMatch(etagRegex)
        expect(response.headers['last-modified']).toMatch(lastModifiedRegex)
        delete response.headers.etag
        delete response.headers['last-modified']
        break
      case 'apiGatewayV2':
        expect(response.headers.etag).toMatch(etagRegex)
        expect(response.headers['last-modified']).toMatch(lastModifiedRegex)
        delete response.headers.etag
        delete response.headers['last-modified']
        break
      case 'lambdaEdge':
        expect(response.headers.etag.length).toEqual(1)
        expect(response.headers.etag[0].key).toMatch('etag')
        expect(response.headers.etag[0].value).toMatch(etagRegex)
        expect(response.headers['last-modified'].length).toEqual(1)
        expect(response.headers['last-modified'][0].key).toMatch('last-modified')
        expect(response.headers['last-modified'][0].value).toMatch(lastModifiedRegex)
        delete response.headers.etag
        delete response.headers['last-modified']
        break
    }
    expect(response).toEqual(expectedResponse)
  })",43,7,16.27906977,12732.66774,0.05258406968,70.14499985,,"Context: I'm refactoring test smells from a test file to improve code quality.
Issue Details:
- Test Smell Category: Duplicate Assert
- Smell Location:  Line : 289, column: 8, index: 9191
- Description:  This issue occurs when a test method verifies the same condition more than once within its scope, making the test harder to read and maintain. Identical assertions within the same method do not explicitly convey the purpose of the test method.
  test('GET image', async () => {
    const samLogoPath = path.join(jestHelpersPath, 'sam-logo.png')
    router.get('/sam', (req, res) => {
      res.sendFile(samLogoPath)
    })
    const event = makeEvent({
      eventSourceName,
      path: '/sam',
      httpMethod: 'GET'
    })

    const response = await serverlessExpressInstance(event)

    const samLogoImage = fs.readFileSync(samLogoPath)
    const samLogoBase64 = Buffer.from(samLogoImage).toString('base64')
    const expectedResponse = makeResponse({
      eventSourceName,
      body: samLogoBase64,
      multiValueHeaders: {
        'accept-ranges': ['bytes'],
        'cache-control': ['public, max-age=0'],
        'content-length': ['15933'],
        'content-type': ['image/png']
      },
      isBase64Encoded: true
    }, { shouldConvertContentLengthToInt: true })
    const etagRegex = /^W\/.*$/
    const lastModifiedRegex = /^.* GMT$/
    switch (eventSourceName) {
      case 'alb':
      case 'apiGatewayV1':
        expect(response.multiValueHeaders.etag.length).toEqual(1)
        expect(response.multiValueHeaders.etag[0]).toMatch(etagRegex)
        expect(response.multiValueHeaders['last-modified'].length).toEqual(1)
        expect(response.multiValueHeaders['last-modified'][0]).toMatch(lastModifiedRegex)
        delete response.multiValueHeaders.etag
        delete response.multiValueHeaders['last-modified']
        break
      case 'azureHttpFunctionV4':
      case 'azureHttpFunctionV3':
        expectedResponse.body = Buffer.from(samLogoBase64, 'base64')
        expectedResponse.isBase64Encoded = false
        expect(response.headers.etag).toMatch(etagRegex)
        expect(response.headers['last-modified']).toMatch(lastModifiedRegex)
        delete response.headers.etag
        delete response.headers['last-modified']
        break
      case 'apiGatewayV2':
        expect(response.headers.etag).toMatch(etagRegex)
        expect(response.headers['last-modified']).toMatch(lastModifiedRegex)
        delete response.headers.etag
        delete response.headers['last-modified']
        break
      case 'lambdaEdge':
        expect(response.headers.etag.length).toEqual(1)
        expect(response.headers.etag[0].key).toMatch('etag')
        expect(response.headers.etag[0].value).toMatch(etagRegex)
        expect(response.headers['last-modified'].length).toEqual(1)
        expect(response.headers['last-modified'][0].key).toMatch('last-modified')
        expect(response.headers['last-modified'][0].value).toMatch(lastModifiedRegex)
        delete response.headers.etag
        delete response.headers['last-modified']
        break
    }
    expect(response).toEqual(expectedResponse)
  })
Request:
Refactor the affected code to eliminate the Duplicate Assert. Ensure the test remains correct, readable, and maintainable.",40,10,25,,,,FALSE,FALSE,FALSE,FALSE,FALSE,FALSE,,,,,,
143,steel,CodeGenieApp/serverless-express,/__tests__/integration.js,Duplicate Assert,"{'line': 567, 'column': 6, 'index': 17214}",start: 559 end: 647,"Context: I'm refactoring test smells from a test file to improve code quality.
Issue Details:
- Test Smell Category: Duplicate Assert
- Smell Location:  Line : 568, column: 6, index: 17214
- Description:  This issue occurs when a test method verifies the same condition more than once within its scope, making the test harder to read and maintain. Identical assertions within the same method do not explicitly convey the purpose of the test method.

Request:
Refactor the affected code to eliminate the Duplicate Assert. Ensure the test remains correct, readable, and maintainable.","    test('custom levels', () => {
      const loggerError = serverlessExpressLogger({ level: 'error' })

      loggerError.error('error')
      loggerError.info('nocall')
      loggerError.warn('nocall')
      loggerError.debug('nocall')
      loggerError.verbose('nocall')
      expect(global.console.warn).not.toHaveBeenCalled()
      expect(global.console.debug).not.toHaveBeenCalled()
      expect(global.console.info).not.toHaveBeenCalled()
      expect(global.console.error).toHaveBeenLastCalledWith({
        message: 'error'
      })

      const loggerWarn = serverlessExpressLogger({ level: 'warn' })

      loggerWarn.error('error2')
      loggerWarn.warn('warn2')
      loggerWarn.info('nocall')
      loggerWarn.debug('nocall')
      loggerWarn.verbose('nocall')
      expect(global.console.debug).not.toHaveBeenCalled()
      expect(global.console.info).not.toHaveBeenCalled()
      expect(global.console.error).toHaveBeenLastCalledWith({
        message: 'error2'
      })
      expect(global.console.warn).toHaveBeenLastCalledWith({
        message: 'warn2'
      })

      const loggerInfo = serverlessExpressLogger({ level: 'info' })

      loggerInfo.error('error3')
      loggerInfo.warn('warn3')
      loggerInfo.info('info3')
      loggerInfo.debug('nocall')
      loggerInfo.verbose('nocall')
      expect(global.console.debug).not.toHaveBeenCalled()
      expect(global.console.error).toHaveBeenLastCalledWith({
        message: 'error3'
      })
      expect(global.console.warn).toHaveBeenLastCalledWith({
        message: 'warn3'
      })
      expect(global.console.info).toHaveBeenLastCalledWith({
        message: 'info3'
      })

      const loggerVerbose = serverlessExpressLogger({ level: 'verbose' })

      loggerVerbose.error('error4')
      loggerVerbose.warn('warn4')
      loggerVerbose.info('info4')
      loggerVerbose.verbose('verbose4')
      loggerVerbose.debug('nocall')
      expect(global.console.error).toHaveBeenLastCalledWith({
        message: 'error4'
      })
      expect(global.console.warn).toHaveBeenLastCalledWith({
        message: 'warn4'
      })
      expect(global.console.info).toHaveBeenLastCalledWith({
        message: 'info4'
      })
      expect(global.console.debug).toHaveBeenLastCalledWith({
        message: 'verbose4'
      })

      const loggerDebug = serverlessExpressLogger({ level: 'debug' })

      loggerDebug.error('error5')
      loggerDebug.warn('warn5')
      loggerDebug.info('info5')
      loggerDebug.verbose('verbose5')
      loggerDebug.debug('debug5')
      expect(global.console.error).toHaveBeenLastCalledWith({
        message: 'error5'
      })
      expect(global.console.warn).toHaveBeenLastCalledWith({
        message: 'warn5'
      })
      expect(global.console.info).toHaveBeenLastCalledWith({
        message: 'info5'
      })
      expect(global.console.debug).toHaveBeenLastCalledWith({
        message: 'debug5'
      })
    })",52,1,1.923076923,13233.96121,0.05400894128,67.30530893,,"Context: I'm refactoring test smells from a test file to improve code quality.
Issue Details:
- Test Smell Category: Duplicate Assert
- Smell Location:  Line : 568, column: 6, index: 17214
- Description:  This issue occurs when a test method verifies the same condition more than once within its scope, making the test harder to read and maintain. Identical assertions within the same method do not explicitly convey the purpose of the test method.
    test('custom levels', () => {
      const loggerError = serverlessExpressLogger({ level: 'error' })

      loggerError.error('error')
      loggerError.info('nocall')
      loggerError.warn('nocall')
      loggerError.debug('nocall')
      loggerError.verbose('nocall')
      expect(global.console.warn).not.toHaveBeenCalled()
      expect(global.console.debug).not.toHaveBeenCalled()
      expect(global.console.info).not.toHaveBeenCalled()
      expect(global.console.error).toHaveBeenLastCalledWith({
        message: 'error'
      })

      const loggerWarn = serverlessExpressLogger({ level: 'warn' })

      loggerWarn.error('error2')
      loggerWarn.warn('warn2')
      loggerWarn.info('nocall')
      loggerWarn.debug('nocall')
      loggerWarn.verbose('nocall')
      expect(global.console.debug).not.toHaveBeenCalled()
      expect(global.console.info).not.toHaveBeenCalled()
      expect(global.console.error).toHaveBeenLastCalledWith({
        message: 'error2'
      })
      expect(global.console.warn).toHaveBeenLastCalledWith({
        message: 'warn2'
      })

      const loggerInfo = serverlessExpressLogger({ level: 'info' })

      loggerInfo.error('error3')
      loggerInfo.warn('warn3')
      loggerInfo.info('info3')
      loggerInfo.debug('nocall')
      loggerInfo.verbose('nocall')
      expect(global.console.debug).not.toHaveBeenCalled()
      expect(global.console.error).toHaveBeenLastCalledWith({
        message: 'error3'
      })
      expect(global.console.warn).toHaveBeenLastCalledWith({
        message: 'warn3'
      })
      expect(global.console.info).toHaveBeenLastCalledWith({
        message: 'info3'
      })

      const loggerVerbose = serverlessExpressLogger({ level: 'verbose' })

      loggerVerbose.error('error4')
      loggerVerbose.warn('warn4')
      loggerVerbose.info('info4')
      loggerVerbose.verbose('verbose4')
      loggerVerbose.debug('nocall')
      expect(global.console.error).toHaveBeenLastCalledWith({
        message: 'error4'
      })
      expect(global.console.warn).toHaveBeenLastCalledWith({
        message: 'warn4'
      })
      expect(global.console.info).toHaveBeenLastCalledWith({
        message: 'info4'
      })
      expect(global.console.debug).toHaveBeenLastCalledWith({
        message: 'verbose4'
      })

      const loggerDebug = serverlessExpressLogger({ level: 'debug' })

      loggerDebug.error('error5')
      loggerDebug.warn('warn5')
      loggerDebug.info('info5')
      loggerDebug.verbose('verbose5')
      loggerDebug.debug('debug5')
      expect(global.console.error).toHaveBeenLastCalledWith({
        message: 'error5'
      })
      expect(global.console.warn).toHaveBeenLastCalledWith({
        message: 'warn5'
      })
      expect(global.console.info).toHaveBeenLastCalledWith({
        message: 'info5'
      })
      expect(global.console.debug).toHaveBeenLastCalledWith({
        message: 'debug5'
      })
    })
Request:
Refactor the affected code to eliminate the Duplicate Assert. Ensure the test remains correct, readable, and maintainable.",56,1,1.785714286,,,,FALSE,FALSE,FALSE,FALSE,FALSE,FALSE,,,,,,
144,steel,CodeGenieApp/serverless-express,/__tests__/integration.js,Magic Number,"{'line': 270, 'column': 63, 'index': 8318}",start: 239 end: 304,"Context: I'm refactoring test smells from a test file to improve code quality.
Issue Details:
- Test Smell Category: Magic Number
- Smell Location:  Line : 271, column: 63, index: 8318
- Description:  Occurs when numeric literals are used directly in tests without explanation or documentation. These numbers lack clear context, making the code less readable and harder to maintain, as it is not obvious why such values are used.

Request:
Refactor the affected code to eliminate the Magic Number. Ensure the test remains correct, readable, and maintainable.","  test('GET image', async () => {
    const samLogoPath = path.join(jestHelpersPath, 'sam-logo.png')
    router.get('/sam', (req, res) => {
      res.sendFile(samLogoPath)
    })
    const event = makeEvent({
      eventSourceName,
      path: '/sam',
      httpMethod: 'GET'
    })

    const response = await serverlessExpressInstance(event)

    const samLogoImage = fs.readFileSync(samLogoPath)
    const samLogoBase64 = Buffer.from(samLogoImage).toString('base64')
    const expectedResponse = makeResponse({
      eventSourceName,
      body: samLogoBase64,
      multiValueHeaders: {
        'accept-ranges': ['bytes'],
        'cache-control': ['public, max-age=0'],
        'content-length': ['15933'],
        'content-type': ['image/png']
      },
      isBase64Encoded: true
    }, { shouldConvertContentLengthToInt: true })
    const etagRegex = /^W\/.*$/
    const lastModifiedRegex = /^.* GMT$/
    switch (eventSourceName) {
      case 'alb':
      case 'apiGatewayV1':
        expect(response.multiValueHeaders.etag.length).toEqual(1)
        expect(response.multiValueHeaders.etag[0]).toMatch(etagRegex)
        expect(response.multiValueHeaders['last-modified'].length).toEqual(1)
        expect(response.multiValueHeaders['last-modified'][0]).toMatch(lastModifiedRegex)
        delete response.multiValueHeaders.etag
        delete response.multiValueHeaders['last-modified']
        break
      case 'azureHttpFunctionV4':
      case 'azureHttpFunctionV3':
        expectedResponse.body = Buffer.from(samLogoBase64, 'base64')
        expectedResponse.isBase64Encoded = false
        expect(response.headers.etag).toMatch(etagRegex)
        expect(response.headers['last-modified']).toMatch(lastModifiedRegex)
        delete response.headers.etag
        delete response.headers['last-modified']
        break
      case 'apiGatewayV2':
        expect(response.headers.etag).toMatch(etagRegex)
        expect(response.headers['last-modified']).toMatch(lastModifiedRegex)
        delete response.headers.etag
        delete response.headers['last-modified']
        break
      case 'lambdaEdge':
        expect(response.headers.etag.length).toEqual(1)
        expect(response.headers.etag[0].key).toMatch('etag')
        expect(response.headers.etag[0].value).toMatch(etagRegex)
        expect(response.headers['last-modified'].length).toEqual(1)
        expect(response.headers['last-modified'][0].key).toMatch('last-modified')
        expect(response.headers['last-modified'][0].value).toMatch(lastModifiedRegex)
        delete response.headers.etag
        delete response.headers['last-modified']
        break
    }
    expect(response).toEqual(expectedResponse)
  })",43,7,16.27906977,12732.66774,0.05258406968,70.14499985,,"Context: I'm refactoring test smells from a test file to improve code quality.
Issue Details:
- Test Smell Category: Magic Number
- Smell Location:  Line : 271, column: 63, index: 8318
- Description:  Occurs when numeric literals are used directly in tests without explanation or documentation. These numbers lack clear context, making the code less readable and harder to maintain, as it is not obvious why such values are used.
  test('GET image', async () => {
    const samLogoPath = path.join(jestHelpersPath, 'sam-logo.png')
    router.get('/sam', (req, res) => {
      res.sendFile(samLogoPath)
    })
    const event = makeEvent({
      eventSourceName,
      path: '/sam',
      httpMethod: 'GET'
    })

    const response = await serverlessExpressInstance(event)

    const samLogoImage = fs.readFileSync(samLogoPath)
    const samLogoBase64 = Buffer.from(samLogoImage).toString('base64')
    const expectedResponse = makeResponse({
      eventSourceName,
      body: samLogoBase64,
      multiValueHeaders: {
        'accept-ranges': ['bytes'],
        'cache-control': ['public, max-age=0'],
        'content-length': ['15933'],
        'content-type': ['image/png']
      },
      isBase64Encoded: true
    }, { shouldConvertContentLengthToInt: true })
    const etagRegex = /^W\/.*$/
    const lastModifiedRegex = /^.* GMT$/
    switch (eventSourceName) {
      case 'alb':
      case 'apiGatewayV1':
        expect(response.multiValueHeaders.etag.length).toEqual(1)
        expect(response.multiValueHeaders.etag[0]).toMatch(etagRegex)
        expect(response.multiValueHeaders['last-modified'].length).toEqual(1)
        expect(response.multiValueHeaders['last-modified'][0]).toMatch(lastModifiedRegex)
        delete response.multiValueHeaders.etag
        delete response.multiValueHeaders['last-modified']
        break
      case 'azureHttpFunctionV4':
      case 'azureHttpFunctionV3':
        expectedResponse.body = Buffer.from(samLogoBase64, 'base64')
        expectedResponse.isBase64Encoded = false
        expect(response.headers.etag).toMatch(etagRegex)
        expect(response.headers['last-modified']).toMatch(lastModifiedRegex)
        delete response.headers.etag
        delete response.headers['last-modified']
        break
      case 'apiGatewayV2':
        expect(response.headers.etag).toMatch(etagRegex)
        expect(response.headers['last-modified']).toMatch(lastModifiedRegex)
        delete response.headers.etag
        delete response.headers['last-modified']
        break
      case 'lambdaEdge':
        expect(response.headers.etag.length).toEqual(1)
        expect(response.headers.etag[0].key).toMatch('etag')
        expect(response.headers.etag[0].value).toMatch(etagRegex)
        expect(response.headers['last-modified'].length).toEqual(1)
        expect(response.headers['last-modified'][0].key).toMatch('last-modified')
        expect(response.headers['last-modified'][0].value).toMatch(lastModifiedRegex)
        delete response.headers.etag
        delete response.headers['last-modified']
        break
    }
    expect(response).toEqual(expectedResponse)
  })
Request:
Refactor the affected code to eliminate the Magic Number. Ensure the test remains correct, readable, and maintainable.",44,7,15.90909091,,,,FALSE,FALSE,FALSE,FALSE,FALSE,FALSE,,,,,,
145,steel,CodeGenieApp/serverless-express,/__tests__/integration.js,Magic Number,"{'line': 272, 'column': 75, 'index': 8466}",start: 239 end: 304,"Context: I'm refactoring test smells from a test file to improve code quality.
Issue Details:
- Test Smell Category: Magic Number
- Smell Location:  Line : 273, column: 75, index: 8466
- Description:  Occurs when numeric literals are used directly in tests without explanation or documentation. These numbers lack clear context, making the code less readable and harder to maintain, as it is not obvious why such values are used.

Request:
Refactor the affected code to eliminate the Magic Number. Ensure the test remains correct, readable, and maintainable.","  test('GET image', async () => {
    const samLogoPath = path.join(jestHelpersPath, 'sam-logo.png')
    router.get('/sam', (req, res) => {
      res.sendFile(samLogoPath)
    })
    const event = makeEvent({
      eventSourceName,
      path: '/sam',
      httpMethod: 'GET'
    })

    const response = await serverlessExpressInstance(event)

    const samLogoImage = fs.readFileSync(samLogoPath)
    const samLogoBase64 = Buffer.from(samLogoImage).toString('base64')
    const expectedResponse = makeResponse({
      eventSourceName,
      body: samLogoBase64,
      multiValueHeaders: {
        'accept-ranges': ['bytes'],
        'cache-control': ['public, max-age=0'],
        'content-length': ['15933'],
        'content-type': ['image/png']
      },
      isBase64Encoded: true
    }, { shouldConvertContentLengthToInt: true })
    const etagRegex = /^W\/.*$/
    const lastModifiedRegex = /^.* GMT$/
    switch (eventSourceName) {
      case 'alb':
      case 'apiGatewayV1':
        expect(response.multiValueHeaders.etag.length).toEqual(1)
        expect(response.multiValueHeaders.etag[0]).toMatch(etagRegex)
        expect(response.multiValueHeaders['last-modified'].length).toEqual(1)
        expect(response.multiValueHeaders['last-modified'][0]).toMatch(lastModifiedRegex)
        delete response.multiValueHeaders.etag
        delete response.multiValueHeaders['last-modified']
        break
      case 'azureHttpFunctionV4':
      case 'azureHttpFunctionV3':
        expectedResponse.body = Buffer.from(samLogoBase64, 'base64')
        expectedResponse.isBase64Encoded = false
        expect(response.headers.etag).toMatch(etagRegex)
        expect(response.headers['last-modified']).toMatch(lastModifiedRegex)
        delete response.headers.etag
        delete response.headers['last-modified']
        break
      case 'apiGatewayV2':
        expect(response.headers.etag).toMatch(etagRegex)
        expect(response.headers['last-modified']).toMatch(lastModifiedRegex)
        delete response.headers.etag
        delete response.headers['last-modified']
        break
      case 'lambdaEdge':
        expect(response.headers.etag.length).toEqual(1)
        expect(response.headers.etag[0].key).toMatch('etag')
        expect(response.headers.etag[0].value).toMatch(etagRegex)
        expect(response.headers['last-modified'].length).toEqual(1)
        expect(response.headers['last-modified'][0].key).toMatch('last-modified')
        expect(response.headers['last-modified'][0].value).toMatch(lastModifiedRegex)
        delete response.headers.etag
        delete response.headers['last-modified']
        break
    }
    expect(response).toEqual(expectedResponse)
  })",43,7,16.27906977,12732.66774,0.05258406968,70.14499985,,"Context: I'm refactoring test smells from a test file to improve code quality.
Issue Details:
- Test Smell Category: Magic Number
- Smell Location:  Line : 273, column: 75, index: 8466
- Description:  Occurs when numeric literals are used directly in tests without explanation or documentation. These numbers lack clear context, making the code less readable and harder to maintain, as it is not obvious why such values are used.
  test('GET image', async () => {
    const samLogoPath = path.join(jestHelpersPath, 'sam-logo.png')
    router.get('/sam', (req, res) => {
      res.sendFile(samLogoPath)
    })
    const event = makeEvent({
      eventSourceName,
      path: '/sam',
      httpMethod: 'GET'
    })

    const response = await serverlessExpressInstance(event)

    const samLogoImage = fs.readFileSync(samLogoPath)
    const samLogoBase64 = Buffer.from(samLogoImage).toString('base64')
    const expectedResponse = makeResponse({
      eventSourceName,
      body: samLogoBase64,
      multiValueHeaders: {
        'accept-ranges': ['bytes'],
        'cache-control': ['public, max-age=0'],
        'content-length': ['15933'],
        'content-type': ['image/png']
      },
      isBase64Encoded: true
    }, { shouldConvertContentLengthToInt: true })
    const etagRegex = /^W\/.*$/
    const lastModifiedRegex = /^.* GMT$/
    switch (eventSourceName) {
      case 'alb':
      case 'apiGatewayV1':
        expect(response.multiValueHeaders.etag.length).toEqual(1)
        expect(response.multiValueHeaders.etag[0]).toMatch(etagRegex)
        expect(response.multiValueHeaders['last-modified'].length).toEqual(1)
        expect(response.multiValueHeaders['last-modified'][0]).toMatch(lastModifiedRegex)
        delete response.multiValueHeaders.etag
        delete response.multiValueHeaders['last-modified']
        break
      case 'azureHttpFunctionV4':
      case 'azureHttpFunctionV3':
        expectedResponse.body = Buffer.from(samLogoBase64, 'base64')
        expectedResponse.isBase64Encoded = false
        expect(response.headers.etag).toMatch(etagRegex)
        expect(response.headers['last-modified']).toMatch(lastModifiedRegex)
        delete response.headers.etag
        delete response.headers['last-modified']
        break
      case 'apiGatewayV2':
        expect(response.headers.etag).toMatch(etagRegex)
        expect(response.headers['last-modified']).toMatch(lastModifiedRegex)
        delete response.headers.etag
        delete response.headers['last-modified']
        break
      case 'lambdaEdge':
        expect(response.headers.etag.length).toEqual(1)
        expect(response.headers.etag[0].key).toMatch('etag')
        expect(response.headers.etag[0].value).toMatch(etagRegex)
        expect(response.headers['last-modified'].length).toEqual(1)
        expect(response.headers['last-modified'][0].key).toMatch('last-modified')
        expect(response.headers['last-modified'][0].value).toMatch(lastModifiedRegex)
        delete response.headers.etag
        delete response.headers['last-modified']
        break
    }
    expect(response).toEqual(expectedResponse)
  })
Request:
Refactor the affected code to eliminate the Magic Number. Ensure the test remains correct, readable, and maintainable.",44,7,15.90909091,,,,FALSE,FALSE,FALSE,FALSE,FALSE,FALSE,,,,,,
146,steel,CodeGenieApp/serverless-express,/__tests__/integration.js,Magic Number,"{'line': 293, 'column': 53, 'index': 9438}",start: 239 end: 304,"Context: I'm refactoring test smells from a test file to improve code quality.
Issue Details:
- Test Smell Category: Magic Number
- Smell Location:  Line : 294, column: 53, index: 9438
- Description:  Occurs when numeric literals are used directly in tests without explanation or documentation. These numbers lack clear context, making the code less readable and harder to maintain, as it is not obvious why such values are used.

Request:
Refactor the affected code to eliminate the Magic Number. Ensure the test remains correct, readable, and maintainable.","  test('GET image', async () => {
    const samLogoPath = path.join(jestHelpersPath, 'sam-logo.png')
    router.get('/sam', (req, res) => {
      res.sendFile(samLogoPath)
    })
    const event = makeEvent({
      eventSourceName,
      path: '/sam',
      httpMethod: 'GET'
    })

    const response = await serverlessExpressInstance(event)

    const samLogoImage = fs.readFileSync(samLogoPath)
    const samLogoBase64 = Buffer.from(samLogoImage).toString('base64')
    const expectedResponse = makeResponse({
      eventSourceName,
      body: samLogoBase64,
      multiValueHeaders: {
        'accept-ranges': ['bytes'],
        'cache-control': ['public, max-age=0'],
        'content-length': ['15933'],
        'content-type': ['image/png']
      },
      isBase64Encoded: true
    }, { shouldConvertContentLengthToInt: true })
    const etagRegex = /^W\/.*$/
    const lastModifiedRegex = /^.* GMT$/
    switch (eventSourceName) {
      case 'alb':
      case 'apiGatewayV1':
        expect(response.multiValueHeaders.etag.length).toEqual(1)
        expect(response.multiValueHeaders.etag[0]).toMatch(etagRegex)
        expect(response.multiValueHeaders['last-modified'].length).toEqual(1)
        expect(response.multiValueHeaders['last-modified'][0]).toMatch(lastModifiedRegex)
        delete response.multiValueHeaders.etag
        delete response.multiValueHeaders['last-modified']
        break
      case 'azureHttpFunctionV4':
      case 'azureHttpFunctionV3':
        expectedResponse.body = Buffer.from(samLogoBase64, 'base64')
        expectedResponse.isBase64Encoded = false
        expect(response.headers.etag).toMatch(etagRegex)
        expect(response.headers['last-modified']).toMatch(lastModifiedRegex)
        delete response.headers.etag
        delete response.headers['last-modified']
        break
      case 'apiGatewayV2':
        expect(response.headers.etag).toMatch(etagRegex)
        expect(response.headers['last-modified']).toMatch(lastModifiedRegex)
        delete response.headers.etag
        delete response.headers['last-modified']
        break
      case 'lambdaEdge':
        expect(response.headers.etag.length).toEqual(1)
        expect(response.headers.etag[0].key).toMatch('etag')
        expect(response.headers.etag[0].value).toMatch(etagRegex)
        expect(response.headers['last-modified'].length).toEqual(1)
        expect(response.headers['last-modified'][0].key).toMatch('last-modified')
        expect(response.headers['last-modified'][0].value).toMatch(lastModifiedRegex)
        delete response.headers.etag
        delete response.headers['last-modified']
        break
    }
    expect(response).toEqual(expectedResponse)
  })",43,7,16.27906977,12732.66774,0.05258406968,70.14499985,,"Context: I'm refactoring test smells from a test file to improve code quality.
Issue Details:
- Test Smell Category: Magic Number
- Smell Location:  Line : 294, column: 53, index: 9438
- Description:  Occurs when numeric literals are used directly in tests without explanation or documentation. These numbers lack clear context, making the code less readable and harder to maintain, as it is not obvious why such values are used.
  test('GET image', async () => {
    const samLogoPath = path.join(jestHelpersPath, 'sam-logo.png')
    router.get('/sam', (req, res) => {
      res.sendFile(samLogoPath)
    })
    const event = makeEvent({
      eventSourceName,
      path: '/sam',
      httpMethod: 'GET'
    })

    const response = await serverlessExpressInstance(event)

    const samLogoImage = fs.readFileSync(samLogoPath)
    const samLogoBase64 = Buffer.from(samLogoImage).toString('base64')
    const expectedResponse = makeResponse({
      eventSourceName,
      body: samLogoBase64,
      multiValueHeaders: {
        'accept-ranges': ['bytes'],
        'cache-control': ['public, max-age=0'],
        'content-length': ['15933'],
        'content-type': ['image/png']
      },
      isBase64Encoded: true
    }, { shouldConvertContentLengthToInt: true })
    const etagRegex = /^W\/.*$/
    const lastModifiedRegex = /^.* GMT$/
    switch (eventSourceName) {
      case 'alb':
      case 'apiGatewayV1':
        expect(response.multiValueHeaders.etag.length).toEqual(1)
        expect(response.multiValueHeaders.etag[0]).toMatch(etagRegex)
        expect(response.multiValueHeaders['last-modified'].length).toEqual(1)
        expect(response.multiValueHeaders['last-modified'][0]).toMatch(lastModifiedRegex)
        delete response.multiValueHeaders.etag
        delete response.multiValueHeaders['last-modified']
        break
      case 'azureHttpFunctionV4':
      case 'azureHttpFunctionV3':
        expectedResponse.body = Buffer.from(samLogoBase64, 'base64')
        expectedResponse.isBase64Encoded = false
        expect(response.headers.etag).toMatch(etagRegex)
        expect(response.headers['last-modified']).toMatch(lastModifiedRegex)
        delete response.headers.etag
        delete response.headers['last-modified']
        break
      case 'apiGatewayV2':
        expect(response.headers.etag).toMatch(etagRegex)
        expect(response.headers['last-modified']).toMatch(lastModifiedRegex)
        delete response.headers.etag
        delete response.headers['last-modified']
        break
      case 'lambdaEdge':
        expect(response.headers.etag.length).toEqual(1)
        expect(response.headers.etag[0].key).toMatch('etag')
        expect(response.headers.etag[0].value).toMatch(etagRegex)
        expect(response.headers['last-modified'].length).toEqual(1)
        expect(response.headers['last-modified'][0].key).toMatch('last-modified')
        expect(response.headers['last-modified'][0].value).toMatch(lastModifiedRegex)
        delete response.headers.etag
        delete response.headers['last-modified']
        break
    }
    expect(response).toEqual(expectedResponse)
  })
Request:
Refactor the affected code to eliminate the Magic Number. Ensure the test remains correct, readable, and maintainable.",44,7,15.90909091,,,,FALSE,FALSE,FALSE,FALSE,FALSE,FALSE,,,,,,
147,steel,CodeGenieApp/serverless-express,/__tests__/integration.js,Magic Number,"{'line': 296, 'column': 65, 'index': 9633}",start: 239 end: 304,"Context: I'm refactoring test smells from a test file to improve code quality.
Issue Details:
- Test Smell Category: Magic Number
- Smell Location:  Line : 297, column: 65, index: 9633
- Description:  Occurs when numeric literals are used directly in tests without explanation or documentation. These numbers lack clear context, making the code less readable and harder to maintain, as it is not obvious why such values are used.

Request:
Refactor the affected code to eliminate the Magic Number. Ensure the test remains correct, readable, and maintainable.","  test('GET image', async () => {
    const samLogoPath = path.join(jestHelpersPath, 'sam-logo.png')
    router.get('/sam', (req, res) => {
      res.sendFile(samLogoPath)
    })
    const event = makeEvent({
      eventSourceName,
      path: '/sam',
      httpMethod: 'GET'
    })

    const response = await serverlessExpressInstance(event)

    const samLogoImage = fs.readFileSync(samLogoPath)
    const samLogoBase64 = Buffer.from(samLogoImage).toString('base64')
    const expectedResponse = makeResponse({
      eventSourceName,
      body: samLogoBase64,
      multiValueHeaders: {
        'accept-ranges': ['bytes'],
        'cache-control': ['public, max-age=0'],
        'content-length': ['15933'],
        'content-type': ['image/png']
      },
      isBase64Encoded: true
    }, { shouldConvertContentLengthToInt: true })
    const etagRegex = /^W\/.*$/
    const lastModifiedRegex = /^.* GMT$/
    switch (eventSourceName) {
      case 'alb':
      case 'apiGatewayV1':
        expect(response.multiValueHeaders.etag.length).toEqual(1)
        expect(response.multiValueHeaders.etag[0]).toMatch(etagRegex)
        expect(response.multiValueHeaders['last-modified'].length).toEqual(1)
        expect(response.multiValueHeaders['last-modified'][0]).toMatch(lastModifiedRegex)
        delete response.multiValueHeaders.etag
        delete response.multiValueHeaders['last-modified']
        break
      case 'azureHttpFunctionV4':
      case 'azureHttpFunctionV3':
        expectedResponse.body = Buffer.from(samLogoBase64, 'base64')
        expectedResponse.isBase64Encoded = false
        expect(response.headers.etag).toMatch(etagRegex)
        expect(response.headers['last-modified']).toMatch(lastModifiedRegex)
        delete response.headers.etag
        delete response.headers['last-modified']
        break
      case 'apiGatewayV2':
        expect(response.headers.etag).toMatch(etagRegex)
        expect(response.headers['last-modified']).toMatch(lastModifiedRegex)
        delete response.headers.etag
        delete response.headers['last-modified']
        break
      case 'lambdaEdge':
        expect(response.headers.etag.length).toEqual(1)
        expect(response.headers.etag[0].key).toMatch('etag')
        expect(response.headers.etag[0].value).toMatch(etagRegex)
        expect(response.headers['last-modified'].length).toEqual(1)
        expect(response.headers['last-modified'][0].key).toMatch('last-modified')
        expect(response.headers['last-modified'][0].value).toMatch(lastModifiedRegex)
        delete response.headers.etag
        delete response.headers['last-modified']
        break
    }
    expect(response).toEqual(expectedResponse)
  })",43,7,16.27906977,12732.66774,0.05258406968,70.14499985,,"Context: I'm refactoring test smells from a test file to improve code quality.
Issue Details:
- Test Smell Category: Magic Number
- Smell Location:  Line : 297, column: 65, index: 9633
- Description:  Occurs when numeric literals are used directly in tests without explanation or documentation. These numbers lack clear context, making the code less readable and harder to maintain, as it is not obvious why such values are used.
  test('GET image', async () => {
    const samLogoPath = path.join(jestHelpersPath, 'sam-logo.png')
    router.get('/sam', (req, res) => {
      res.sendFile(samLogoPath)
    })
    const event = makeEvent({
      eventSourceName,
      path: '/sam',
      httpMethod: 'GET'
    })

    const response = await serverlessExpressInstance(event)

    const samLogoImage = fs.readFileSync(samLogoPath)
    const samLogoBase64 = Buffer.from(samLogoImage).toString('base64')
    const expectedResponse = makeResponse({
      eventSourceName,
      body: samLogoBase64,
      multiValueHeaders: {
        'accept-ranges': ['bytes'],
        'cache-control': ['public, max-age=0'],
        'content-length': ['15933'],
        'content-type': ['image/png']
      },
      isBase64Encoded: true
    }, { shouldConvertContentLengthToInt: true })
    const etagRegex = /^W\/.*$/
    const lastModifiedRegex = /^.* GMT$/
    switch (eventSourceName) {
      case 'alb':
      case 'apiGatewayV1':
        expect(response.multiValueHeaders.etag.length).toEqual(1)
        expect(response.multiValueHeaders.etag[0]).toMatch(etagRegex)
        expect(response.multiValueHeaders['last-modified'].length).toEqual(1)
        expect(response.multiValueHeaders['last-modified'][0]).toMatch(lastModifiedRegex)
        delete response.multiValueHeaders.etag
        delete response.multiValueHeaders['last-modified']
        break
      case 'azureHttpFunctionV4':
      case 'azureHttpFunctionV3':
        expectedResponse.body = Buffer.from(samLogoBase64, 'base64')
        expectedResponse.isBase64Encoded = false
        expect(response.headers.etag).toMatch(etagRegex)
        expect(response.headers['last-modified']).toMatch(lastModifiedRegex)
        delete response.headers.etag
        delete response.headers['last-modified']
        break
      case 'apiGatewayV2':
        expect(response.headers.etag).toMatch(etagRegex)
        expect(response.headers['last-modified']).toMatch(lastModifiedRegex)
        delete response.headers.etag
        delete response.headers['last-modified']
        break
      case 'lambdaEdge':
        expect(response.headers.etag.length).toEqual(1)
        expect(response.headers.etag[0].key).toMatch('etag')
        expect(response.headers.etag[0].value).toMatch(etagRegex)
        expect(response.headers['last-modified'].length).toEqual(1)
        expect(response.headers['last-modified'][0].key).toMatch('last-modified')
        expect(response.headers['last-modified'][0].value).toMatch(lastModifiedRegex)
        delete response.headers.etag
        delete response.headers['last-modified']
        break
    }
    expect(response).toEqual(expectedResponse)
  })
Request:
Refactor the affected code to eliminate the Magic Number. Ensure the test remains correct, readable, and maintainable.",44,7,15.90909091,,,,FALSE,FALSE,FALSE,FALSE,FALSE,FALSE,,,,,,
148,steel,CodeGenieApp/serverless-express,/__tests__/integration.js,Magic Number,"{'line': 546, 'column': 56, 'index': 16539}",start: 524 end: 557 ,"Context: I'm refactoring test smells from a test file to improve code quality.
Issue Details:
- Test Smell Category: Magic Number
- Smell Location:  Line : 547, column: 56, index: 16539
- Description:  Occurs when numeric literals are used directly in tests without explanation or documentation. These numbers lack clear context, making the code less readable and harder to maintain, as it is not obvious why such values are used.

Request:
Refactor the affected code to eliminate the Magic Number. Ensure the test remains correct, readable, and maintainable.","    test('custom logger', async () => {
      app = express()
      router = express.Router()
      app.use('/', router)
      router.get('/users', (req, res) => {
        res.json({})
      })
      const event = makeEvent({
        eventSourceName,
        path: '/users',
        httpMethod: 'GET'
      })
      const customLogger = {
        error: jest.fn(),
        warn: jest.fn(),
        info: jest.fn(),
        verbose: jest.fn(),
        debug: jest.fn()
      }
      serverlessExpressInstance = serverlessExpress({ app, log: customLogger })
      await serverlessExpressInstance(event)

      expect(customLogger.debug.mock.calls.length).toBe(6)

      // TODO: test log levels
      // customLogger.level = 'error'
      // customLogger.debug.mockClear()
      // customLogger.debug.mockReset()
      // customLogger.debug = jest.fn()

      // serverlessExpressInstance = serverlessExpress({ app, log: customLogger })
      // await serverlessExpressInstance(event)
      // expect(customLogger.debug.mock.calls.length).toBe(0)
    })",13,1,7.692307692,1162.348038,0.02046248474,97.33361762,,"Context: I'm refactoring test smells from a test file to improve code quality.
Issue Details:
- Test Smell Category: Magic Number
- Smell Location:  Line : 547, column: 56, index: 16539
- Description:  Occurs when numeric literals are used directly in tests without explanation or documentation. These numbers lack clear context, making the code less readable and harder to maintain, as it is not obvious why such values are used.
    test('custom logger', async () => {
      app = express()
      router = express.Router()
      app.use('/', router)
      router.get('/users', (req, res) => {
        res.json({})
      })
      const event = makeEvent({
        eventSourceName,
        path: '/users',
        httpMethod: 'GET'
      })
      const customLogger = {
        error: jest.fn(),
        warn: jest.fn(),
        info: jest.fn(),
        verbose: jest.fn(),
        debug: jest.fn()
      }
      serverlessExpressInstance = serverlessExpress({ app, log: customLogger })
      await serverlessExpressInstance(event)

      expect(customLogger.debug.mock.calls.length).toBe(6)

      // TODO: test log levels
      // customLogger.level = 'error'
      // customLogger.debug.mockClear()
      // customLogger.debug.mockReset()
      // customLogger.debug = jest.fn()

      // serverlessExpressInstance = serverlessExpress({ app, log: customLogger })
      // await serverlessExpressInstance(event)
      // expect(customLogger.debug.mock.calls.length).toBe(0)
    })
Request:
Refactor the affected code to eliminate the Magic Number. Ensure the test remains correct, readable, and maintainable.",14,1,7.142857143,,,,FALSE,FALSE,FALSE,FALSE,FALSE,FALSE,,,,,,