instance_id,smell_type,model,prompt,failure_type,suite_regression,before_suites_failed,before_tests_total,before_tests_passed,before_tests_failed,before_tests_skipped,before_tests_todo,after_suites_failed,after_tests_total,after_tests_passed,after_tests_failed,after_tests_skipped,after_tests_todo
2859,Duplicate Assert,Qwen 2.5 Coder 32B,Zero-Shot,none,0,0,462,455,0,7,0,0,462,455,0,7,0
2860,Duplicate Assert,Qwen 2.5 Coder 32B,Zero-Shot,none,0,0,462,455,0,7,0,0,462,455,0,7,0
2861,Duplicate Assert,Qwen 2.5 Coder 32B,Zero-Shot,none,0,0,462,455,0,7,0,0,462,455,0,7,0
2862,Duplicate Assert,Qwen 2.5 Coder 32B,Zero-Shot,suites_failed_increase,1,0,462,455,0,7,0,1,0,0,0,7,0
2863,Duplicate Assert,Qwen 2.5 Coder 32B,Zero-Shot,none,0,0,462,455,0,7,0,0,462,455,0,7,0
2864,Duplicate Assert,Qwen 2.5 Coder 32B,Zero-Shot,none,0,0,242,242,0,0,0,0,242,242,0,0,0
2865,Duplicate Assert,Qwen 2.5 Coder 32B,Zero-Shot,none,0,1,159,157,2,0,0,1,159,157,2,0,0
2866,Duplicate Assert,Qwen 2.5 Coder 32B,Zero-Shot,none,0,0,3010,3010,0,0,0,0,3010,3010,0,0,0
2867,Duplicate Assert,Qwen 2.5 Coder 32B,Zero-Shot,none,0,0,3010,3010,0,0,0,0,3010,3010,0,0,0
2868,Duplicate Assert,Qwen 2.5 Coder 32B,Zero-Shot,none,0,0,3010,3010,0,0,0,0,3010,3010,0,0,0
2869,Duplicate Assert,Qwen 2.5 Coder 32B,Zero-Shot,none,0,0,3010,3010,0,0,0,0,3010,3010,0,0,0
2870,Duplicate Assert,Qwen 2.5 Coder 32B,Zero-Shot,suites_failed_increase,1,0,3010,3010,0,0,0,1,3010,3009,1,0,0
2871,Duplicate Assert,Qwen 2.5 Coder 32B,Zero-Shot,none,0,0,3010,3010,0,0,0,0,3010,3010,0,0,0
2872,Duplicate Assert,Qwen 2.5 Coder 32B,Zero-Shot,none,0,0,562,562,0,0,0,0,562,562,0,0,0
2873,Duplicate Assert,Qwen 2.5 Coder 32B,Zero-Shot,none,0,0,562,562,0,0,0,0,562,562,0,0,0
2874,Magic Number,Qwen 2.5 Coder 32B,Zero-Shot,none,0,0,60,60,0,0,0,0,60,60,0,0,0
2875,Magic Number,Qwen 2.5 Coder 32B,Zero-Shot,none,0,1,235,231,1,0,3,1,235,231,1,0,3
2876,Magic Number,Qwen 2.5 Coder 32B,Zero-Shot,none,0,1,235,231,1,0,3,1,235,231,1,0,3
2877,Magic Number,Qwen 2.5 Coder 32B,Zero-Shot,none,0,1,235,231,1,0,3,1,235,231,1,0,3
2878,Magic Number,Qwen 2.5 Coder 32B,Zero-Shot,none,0,0,525,517,0,8,0,0,525,517,0,8,0
2879,Magic Number,Qwen 2.5 Coder 32B,Zero-Shot,none,0,0,525,517,0,8,0,0,525,517,0,8,0
2880,Magic Number,Qwen 2.5 Coder 32B,Zero-Shot,none,0,0,1196,1196,0,0,0,0,1196,1196,0,0,0
2881,Magic Number,Qwen 2.5 Coder 32B,Zero-Shot,none,0,0,1196,1196,0,0,0,0,1196,1196,0,0,0
2882,Magic Number,Qwen 2.5 Coder 32B,Zero-Shot,none,0,0,169,168,0,1,0,0,169,168,0,1,0
2883,Magic Number,Qwen 2.5 Coder 32B,Zero-Shot,none,0,0,169,168,0,1,0,0,169,168,0,1,0
2884,Magic Number,Qwen 2.5 Coder 32B,Zero-Shot,none,0,0,169,168,0,1,0,0,169,168,0,1,0
2885,Magic Number,Qwen 2.5 Coder 32B,Zero-Shot,none,0,0,169,168,0,1,0,0,169,168,0,1,0
2886,Magic Number,Qwen 2.5 Coder 32B,Zero-Shot,none,0,0,169,168,0,1,0,0,169,168,0,1,0
2887,Magic Number,Qwen 2.5 Coder 32B,Zero-Shot,none,0,0,169,168,0,1,0,0,169,168,0,1,0
2888,Magic Number,Qwen 2.5 Coder 32B,Zero-Shot,none,0,0,169,168,0,1,0,0,169,168,0,1,0
2889,Magic Number,Qwen 2.5 Coder 32B,Zero-Shot,none,0,0,169,168,0,1,0,0,169,168,0,1,0
2890,Magic Number,Qwen 2.5 Coder 32B,Zero-Shot,none,0,0,169,168,0,1,0,0,169,168,0,1,0
2891,SubOptimalAssert,Qwen 2.5 Coder 32B,Zero-Shot,none,0,0,60,60,0,0,0,0,60,60,0,0,0
2892,SubOptimalAssert,Qwen 2.5 Coder 32B,Zero-Shot,suites_failed_increase,1,0,525,517,0,8,0,1,0,0,0,8,0
2893,SubOptimalAssert,Qwen 2.5 Coder 32B,Zero-Shot,none,0,0,525,517,0,8,0,0,525,517,0,8,0
2894,SubOptimalAssert,Qwen 2.5 Coder 32B,Zero-Shot,none,0,0,1196,1196,0,0,0,0,1196,1196,0,0,0
2895,SubOptimalAssert,Qwen 2.5 Coder 32B,Zero-Shot,none,0,0,1196,1196,0,0,0,0,1196,1196,0,0,0
2896,SubOptimalAssert,Qwen 2.5 Coder 32B,Zero-Shot,none,0,0,1196,1196,0,0,0,0,1196,1196,0,0,0
2897,SubOptimalAssert,Qwen 2.5 Coder 32B,Zero-Shot,none,0,0,1196,1196,0,0,0,0,1196,1196,0,0,0
2898,SubOptimalAssert,Qwen 2.5 Coder 32B,Zero-Shot,none,0,0,1196,1196,0,0,0,0,1196,1196,0,0,0
2899,SubOptimalAssert,Qwen 2.5 Coder 32B,Zero-Shot,none,0,0,562,562,0,0,0,0,562,562,0,0,0
2900,SubOptimalAssert,Qwen 2.5 Coder 32B,Zero-Shot,none,0,0,3010,3010,0,0,0,0,3010,3010,0,0,0
2901,SubOptimalAssert,Qwen 2.5 Coder 32B,Zero-Shot,none,0,0,462,455,0,7,0,0,462,455,0,7,0
2902,SubOptimalAssert,Qwen 2.5 Coder 32B,Zero-Shot,none,0,0,47,47,0,0,0,0,47,47,0,0,0
2903,SubOptimalAssert,Qwen 2.5 Coder 32B,Zero-Shot,none,0,0,47,47,0,0,0,0,47,47,0,0,0
2904,SubOptimalAssert,Qwen 2.5 Coder 32B,Zero-Shot,none,0,0,47,47,0,0,0,0,47,47,0,0,0
2905,SubOptimalAssert,Qwen 2.5 Coder 32B,Zero-Shot,none,0,0,3010,3010,0,0,0,0,3010,3010,0,0,0
2906,OvercommentedTest,Qwen 2.5 Coder 32B,Zero-Shot,none,0,1,235,231,1,0,3,1,235,230,2,0,3
2907,OvercommentedTest,Qwen 2.5 Coder 32B,Zero-Shot,none,0,1,235,231,1,0,3,1,235,230,2,0,3
2908,OvercommentedTest,Qwen 2.5 Coder 32B,Zero-Shot,none,0,1,235,231,1,0,3,1,235,231,1,0,3
2909,OvercommentedTest,Qwen 2.5 Coder 32B,Zero-Shot,none,0,1,235,231,1,0,3,1,235,231,1,0,3
2910,OvercommentedTest,Qwen 2.5 Coder 32B,Zero-Shot,none,0,0,525,517,0,8,0,0,525,517,0,8,0
2911,OvercommentedTest,Qwen 2.5 Coder 32B,Zero-Shot,none,0,0,525,517,0,8,0,0,525,517,0,8,0
2912,OvercommentedTest,Qwen 2.5 Coder 32B,Zero-Shot,none,0,0,525,517,0,8,0,0,525,517,0,8,0
2913,OvercommentedTest,Qwen 2.5 Coder 32B,Zero-Shot,suites_failed_increase,1,0,525,517,0,8,0,1,0,0,0,8,0
2914,OvercommentedTest,Qwen 2.5 Coder 32B,Zero-Shot,none,0,0,525,517,0,8,0,0,525,517,0,8,0
2915,OvercommentedTest,Qwen 2.5 Coder 32B,Zero-Shot,none,0,0,525,517,0,8,0,0,525,517,0,8,0
2916,OvercommentedTest,Qwen 2.5 Coder 32B,Zero-Shot,none,0,0,645,634,0,11,0,0,645,634,0,11,0
2917,OvercommentedTest,Qwen 2.5 Coder 32B,Zero-Shot,none,0,0,562,562,0,0,0,0,562,562,0,0,0
2918,OvercommentedTest,Qwen 2.5 Coder 32B,Zero-Shot,none,0,0,645,634,0,11,0,0,645,634,0,11,0
2919,OvercommentedTest,Qwen 2.5 Coder 32B,Zero-Shot,none,0,0,76,73,0,3,0,0,76,73,0,3,0
2920,OvercommentedTest,Qwen 2.5 Coder 32B,Zero-Shot,none,0,0,645,634,0,11,0,0,645,634,0,11,0
2921,AnonymousTest,Qwen 2.5 Coder 32B,Zero-Shot,none,0,0,1694,1694,0,0,0,0,1694,1694,0,0,0
2922,AnonymousTest,Qwen 2.5 Coder 32B,Zero-Shot,none,0,0,1694,1694,0,0,0,0,1694,1694,0,0,0
2923,AnonymousTest,Qwen 2.5 Coder 32B,Zero-Shot,none,0,0,1694,1694,0,0,0,0,1699,1699,0,0,0
2924,AnonymousTest,Qwen 2.5 Coder 32B,Zero-Shot,none,0,0,1694,1694,0,0,0,0,1694,1694,0,0,0
2925,AnonymousTest,Qwen 2.5 Coder 32B,Zero-Shot,none,0,0,1694,1694,0,0,0,0,1694,1694,0,0,0
2926,AnonymousTest,Qwen 2.5 Coder 32B,Zero-Shot,none,0,0,462,455,0,7,0,0,462,455,0,7,0
2927,AnonymousTest,Qwen 2.5 Coder 32B,Zero-Shot,none,0,0,462,455,0,7,0,0,462,455,0,7,0
2928,AnonymousTest,Qwen 2.5 Coder 32B,Zero-Shot,none,0,0,76,73,0,3,0,0,76,73,0,3,0
2929,AnonymousTest,Qwen 2.5 Coder 32B,Zero-Shot,none,0,0,1694,1694,0,0,0,0,1698,1698,0,0,0
2930,AnonymousTest,Qwen 2.5 Coder 32B,Zero-Shot,none,0,0,1694,1694,0,0,0,0,1694,1694,0,0,0
2931,AnonymousTest,Qwen 2.5 Coder 32B,Zero-Shot,none,0,0,1196,1196,0,0,0,0,1197,1197,0,0,0
2932,AnonymousTest,Qwen 2.5 Coder 32B,Zero-Shot,none,0,0,169,168,0,1,0,0,169,168,0,1,0
2933,AnonymousTest,Qwen 2.5 Coder 32B,Zero-Shot,none,0,0,1196,1196,0,0,0,0,1196,1196,0,0,0
2934,AnonymousTest,Qwen 2.5 Coder 32B,Zero-Shot,none,0,0,169,168,0,1,0,0,169,168,0,1,0
2935,VerboseStatement,Qwen 2.5 Coder 32B,Zero-Shot,none,0,1,235,231,1,0,3,1,235,231,1,0,3
2936,VerboseStatement,Qwen 2.5 Coder 32B,Zero-Shot,suites_failed_increase,1,0,254,243,0,11,0,1,0,0,0,11,0
2937,VerboseStatement,Qwen 2.5 Coder 32B,Zero-Shot,none,0,0,254,243,0,11,0,0,254,243,0,11,0
2938,VerboseStatement,Qwen 2.5 Coder 32B,Zero-Shot,none,0,0,150,149,0,1,0,0,150,149,0,1,0
2939,VerboseStatement,Qwen 2.5 Coder 32B,Zero-Shot,none,0,0,150,149,0,1,0,0,150,149,0,1,0
2940,VerboseStatement,Qwen 2.5 Coder 32B,Zero-Shot,none,0,0,525,517,0,8,0,0,525,517,0,8,0
2941,VerboseStatement,Qwen 2.5 Coder 32B,Zero-Shot,none,0,0,525,517,0,8,0,0,525,517,0,8,0
2942,VerboseStatement,Qwen 2.5 Coder 32B,Zero-Shot,none,0,0,645,634,0,11,0,0,645,634,0,11,0
2943,VerboseStatement,Qwen 2.5 Coder 32B,Zero-Shot,none,0,0,645,634,0,11,0,0,645,634,0,11,0
2944,VerboseStatement,Qwen 2.5 Coder 32B,Zero-Shot,none,0,0,645,634,0,11,0,0,645,634,0,11,0
2945,VerboseStatement,Qwen 2.5 Coder 32B,Zero-Shot,none,0,0,1196,1196,0,0,0,0,1196,1196,0,0,0
2946,VerboseStatement,Qwen 2.5 Coder 32B,Zero-Shot,suites_failed_increase,1,0,1196,1196,0,0,0,1,1196,1195,1,0,0
2947,VerboseStatement,Qwen 2.5 Coder 32B,Zero-Shot,none,0,0,1196,1196,0,0,0,0,1196,1196,0,0,0
2948,VerboseStatement,Qwen 2.5 Coder 32B,Zero-Shot,none,0,0,562,562,0,0,0,0,562,562,0,0,0
2949,VerboseStatement,Qwen 2.5 Coder 32B,Zero-Shot,none,0,0,3010,3010,0,0,0,0,3010,3010,0,0,0
2950,Sleepy Test,Qwen 2.5 Coder 32B,Zero-Shot,none,0,1,235,231,1,0,3,1,235,231,1,0,3
2951,Sleepy Test,Qwen 2.5 Coder 32B,Zero-Shot,suites_failed_increase,1,1,235,231,1,0,3,2,235,230,2,0,3
2952,Sleepy Test,Qwen 2.5 Coder 32B,Zero-Shot,none,0,1,235,231,1,0,3,1,235,231,1,0,3
2953,Sleepy Test,Qwen 2.5 Coder 32B,Zero-Shot,none,0,1,235,231,1,0,3,1,235,231,1,0,3
2954,Sleepy Test,Qwen 2.5 Coder 32B,Zero-Shot,suites_failed_increase,1,1,235,231,1,0,3,2,235,229,3,0,3
2955,Sleepy Test,Qwen 2.5 Coder 32B,Zero-Shot,none,0,0,645,634,0,11,0,0,645,634,0,11,0
2956,Sleepy Test,Qwen 2.5 Coder 32B,Zero-Shot,none,0,0,645,634,0,11,0,0,645,634,0,11,0
2957,Sleepy Test,Qwen 2.5 Coder 32B,Zero-Shot,none,0,0,645,634,0,11,0,0,645,634,0,11,0
2958,Sleepy Test,Qwen 2.5 Coder 32B,Zero-Shot,none,0,0,645,634,0,11,0,0,645,634,0,11,0
2959,Sleepy Test,Qwen 2.5 Coder 32B,Zero-Shot,none,0,0,645,634,0,11,0,0,645,634,0,11,0
2960,Sleepy Test,Qwen 2.5 Coder 32B,Zero-Shot,none,0,0,645,634,0,11,0,0,645,634,0,11,0
2961,Sleepy Test,Qwen 2.5 Coder 32B,Zero-Shot,none,0,0,169,168,0,1,0,0,169,168,0,1,0
2962,Sleepy Test,Qwen 2.5 Coder 32B,Zero-Shot,none,0,0,3010,3010,0,0,0,0,3010,3010,0,0,0
2963,Sleepy Test,Qwen 2.5 Coder 32B,Zero-Shot,none,0,0,47,47,0,0,0,0,47,47,0,0,0
2964,Sleepy Test,Qwen 2.5 Coder 32B,Zero-Shot,none,0,0,47,47,0,0,0,0,47,47,0,0,0
2965,ConditionalTestLogic,Qwen 2.5 Coder 32B,Zero-Shot,none,0,0,1694,1694,0,0,0,0,1694,1694,0,0,0
2966,ConditionalTestLogic,Qwen 2.5 Coder 32B,Zero-Shot,none,0,0,1694,1694,0,0,0,0,1694,1694,0,0,0
2967,ConditionalTestLogic,Qwen 2.5 Coder 32B,Zero-Shot,none,0,0,1694,1694,0,0,0,0,1694,1694,0,0,0
2968,ConditionalTestLogic,Qwen 2.5 Coder 32B,Zero-Shot,none,0,0,1694,1694,0,0,0,0,1694,1694,0,0,0
2969,ConditionalTestLogic,Qwen 2.5 Coder 32B,Zero-Shot,none,0,0,1694,1694,0,0,0,0,1694,1694,0,0,0
2970,ConditionalTestLogic,Qwen 2.5 Coder 32B,Zero-Shot,none,0,0,1694,1694,0,0,0,0,1694,1694,0,0,0
2971,ConditionalTestLogic,Qwen 2.5 Coder 32B,Zero-Shot,none,0,0,1694,1694,0,0,0,0,1694,1694,0,0,0
2972,ConditionalTestLogic,Qwen 2.5 Coder 32B,Zero-Shot,suites_failed_increase,1,0,1694,1694,0,0,0,1,1694,1693,1,0,0
2973,ConditionalTestLogic,Qwen 2.5 Coder 32B,Zero-Shot,none,0,0,1694,1694,0,0,0,0,1695,1695,0,0,0
2974,ConditionalTestLogic,Qwen 2.5 Coder 32B,Zero-Shot,none,0,0,481,478,0,3,0,0,481,478,0,3,0
2975,ConditionalTestLogic,Qwen 2.5 Coder 32B,Zero-Shot,none,0,1,235,231,1,0,3,1,235,231,1,0,3
2976,ConditionalTestLogic,Qwen 2.5 Coder 32B,Zero-Shot,none,0,0,525,517,0,8,0,0,525,517,0,8,0
2977,ConditionalTestLogic,Qwen 2.5 Coder 32B,Zero-Shot,none,0,0,525,517,0,8,0,0,525,517,0,8,0
2978,ConditionalTestLogic,Qwen 2.5 Coder 32B,Zero-Shot,none,0,0,525,517,0,8,0,0,525,517,0,8,0
2979,ConditionalTestLogic,Qwen 2.5 Coder 32B,Zero-Shot,none,0,0,525,517,0,8,0,0,525,517,0,8,0
2980,ConditionalTestLogic,Qwen 2.5 Coder 32B,Zero-Shot,none,0,0,525,517,0,8,0,0,525,517,0,8,0
2981,ConditionalTestLogic,Qwen 2.5 Coder 32B,Zero-Shot,none,0,0,525,517,0,8,0,0,525,517,0,8,0
2982,ConditionalTestLogic,Qwen 2.5 Coder 32B,Zero-Shot,suites_failed_increase,1,0,525,517,0,8,0,1,0,0,0,8,0
2983,ConditionalTestLogic,Qwen 2.5 Coder 32B,Zero-Shot,none,0,0,645,634,0,11,0,0,645,634,0,11,0
2984,ConditionalTestLogic,Qwen 2.5 Coder 32B,Zero-Shot,none,0,0,1196,1196,0,0,0,0,1196,1196,0,0,0
2985,Exception Handling,Qwen 2.5 Coder 32B,Zero-Shot,suites_failed_increase,1,0,1367,1367,0,0,0,1,1367,1366,1,0,0
2986,Exception Handling,Qwen 2.5 Coder 32B,Zero-Shot,none,0,0,1367,1367,0,0,0,0,1367,1367,0,0,0
2987,Exception Handling,Qwen 2.5 Coder 32B,Zero-Shot,none,0,0,1694,1694,0,0,0,0,1694,1694,0,0,0
2988,Exception Handling,Qwen 2.5 Coder 32B,Zero-Shot,none,0,0,1694,1694,0,0,0,0,1694,1694,0,0,0
2989,Exception Handling,Qwen 2.5 Coder 32B,Zero-Shot,suites_failed_increase,1,0,462,455,0,7,0,1,0,0,0,7,0
2990,Exception Handling,Qwen 2.5 Coder 32B,Zero-Shot,none,0,0,242,242,0,0,0,0,242,242,0,0,0
2991,Exception Handling,Qwen 2.5 Coder 32B,Zero-Shot,none,0,0,208,207,0,1,0,0,169,168,1,0,0
2992,Exception Handling,Qwen 2.5 Coder 32B,Zero-Shot,none,0,0,525,517,0,8,0,0,525,517,0,8,0
2993,Exception Handling,Qwen 2.5 Coder 32B,Zero-Shot,suites_failed_increase,1,0,525,517,0,8,0,1,0,0,0,8,0
2994,Exception Handling,Qwen 2.5 Coder 32B,Zero-Shot,none,0,0,525,517,0,8,0,0,525,517,0,8,0
2995,Exception Handling,Qwen 2.5 Coder 32B,Zero-Shot,suites_failed_increase,1,0,44,44,0,0,0,1,44,43,1,0,0
2996,Exception Handling,Qwen 2.5 Coder 32B,Zero-Shot,suites_failed_increase,1,0,1694,1694,0,0,0,1,1694,1693,1,0,0
2997,Exception Handling,Qwen 2.5 Coder 32B,Zero-Shot,suites_failed_increase,1,0,1367,1367,0,0,0,1,1367,1366,1,0,0
2998,Exception Handling,Qwen 2.5 Coder 32B,Zero-Shot,suites_failed_increase,1,0,1367,1367,0,0,0,1,1367,1366,1,0,0
2999,Exception Handling,Qwen 2.5 Coder 32B,Zero-Shot,suites_failed_increase,1,0,1367,1367,0,0,0,1,1367,1366,1,0,0
3000,Exception Handling,Qwen 2.5 Coder 32B,Zero-Shot,suites_failed_increase,1,0,1367,1367,0,0,0,1,1367,1366,1,0,0
3001,Exception Handling,Qwen 2.5 Coder 32B,Zero-Shot,none,0,0,1367,1367,0,0,0,0,1367,1367,0,0,0
3002,Exception Handling,Qwen 2.5 Coder 32B,Zero-Shot,suites_failed_increase,1,0,1367,1367,0,0,0,1,1367,1366,1,0,0
3003,Exception Handling,Qwen 2.5 Coder 32B,Zero-Shot,suites_failed_increase,1,0,1367,1367,0,0,0,1,1367,1366,1,0,0
3004,Exception Handling,Qwen 2.5 Coder 32B,Zero-Shot,none,0,0,462,455,0,7,0,0,462,455,0,7,0
3005,Duplicate Assert,Qwen 2.5 Coder 32B,Zero-Shot,none,0,0,1367,1367,0,0,0,0,1367,1367,0,0,0
3006,Duplicate Assert,Qwen 2.5 Coder 32B,Zero-Shot,none,0,0,1367,1367,0,0,0,0,1367,1367,0,0,0
3007,Duplicate Assert,Qwen 2.5 Coder 32B,Zero-Shot,none,0,0,1367,1367,0,0,0,0,1367,1367,0,0,0
3008,Duplicate Assert,Qwen 2.5 Coder 32B,Zero-Shot,none,0,0,1367,1367,0,0,0,0,1367,1367,0,0,0
3009,Duplicate Assert,Qwen 2.5 Coder 32B,Zero-Shot,none,0,0,3010,3010,0,0,0,0,3010,3010,0,0,0
3010,Magic Number,Qwen 2.5 Coder 32B,Zero-Shot,none,0,0,1367,1367,0,0,0,0,1367,1367,0,0,0
3011,Magic Number,Qwen 2.5 Coder 32B,Zero-Shot,none,0,0,242,242,0,0,0,0,242,242,0,0,0
3012,Magic Number,Qwen 2.5 Coder 32B,Zero-Shot,none,0,0,208,207,0,1,0,0,208,207,0,1,0
3013,Sleepy Test,Qwen 2.5 Coder 32B,Zero-Shot,none,0,1,235,231,1,0,3,1,235,230,2,0,3
3014,Sleepy Test,Qwen 2.5 Coder 32B,Zero-Shot,suites_failed_increase,1,1,235,231,1,0,3,2,235,230,2,0,3
3015,Sleepy Test,Qwen 2.5 Coder 32B,Zero-Shot,none,0,1,235,231,1,0,3,1,235,231,1,0,3
3016,Sleepy Test,Qwen 2.5 Coder 32B,Zero-Shot,none,0,1,235,231,1,0,3,1,235,231,1,0,3
3017,Sleepy Test,Qwen 2.5 Coder 32B,Zero-Shot,none,0,1,235,231,1,0,3,1,235,231,1,0,3
3018,SubOptimalAssert,Qwen 2.5 Coder 32B,Zero-Shot,suites_failed_increase,1,0,1367,1367,0,0,0,1,1367,1366,1,0,0
3019,SubOptimalAssert,Qwen 2.5 Coder 32B,Zero-Shot,none,0,0,1367,1367,0,0,0,0,1367,1367,0,0,0
3020,SubOptimalAssert,Qwen 2.5 Coder 32B,Zero-Shot,none,0,0,1367,1367,0,0,0,0,1367,1367,0,0,0
3021,SubOptimalAssert,Qwen 2.5 Coder 32B,Zero-Shot,none,0,0,1694,1694,0,0,0,0,1694,1694,0,0,0
3022,SubOptimalAssert,Qwen 2.5 Coder 32B,Zero-Shot,none,0,0,1196,1196,0,0,0,0,1196,1196,0,0,0
3023,OvercommentedTest,Qwen 2.5 Coder 32B,Zero-Shot,none,0,0,1694,1694,0,0,0,0,1694,1694,0,0,0
3024,OvercommentedTest,Qwen 2.5 Coder 32B,Zero-Shot,none,0,0,1694,1694,0,0,0,0,1694,1694,0,0,0
3025,OvercommentedTest,Qwen 2.5 Coder 32B,Zero-Shot,none,0,0,1694,1694,0,0,0,0,1694,1694,0,0,0
3026,OvercommentedTest,Qwen 2.5 Coder 32B,Zero-Shot,none,0,0,1694,1694,0,0,0,0,1694,1694,0,0,0
3027,OvercommentedTest,Qwen 2.5 Coder 32B,Zero-Shot,none,0,0,1694,1694,0,0,0,0,1694,1694,0,0,0
3028,AnonymousTest,Qwen 2.5 Coder 32B,Zero-Shot,none,0,0,1367,1367,0,0,0,0,1367,1367,0,0,0
3029,AnonymousTest,Qwen 2.5 Coder 32B,Zero-Shot,none,0,0,1367,1367,0,0,0,0,1367,1367,0,0,0
3030,AnonymousTest,Qwen 2.5 Coder 32B,Zero-Shot,none,0,0,202,202,0,0,0,0,202,202,0,0,0
3031,AnonymousTest,Qwen 2.5 Coder 32B,Zero-Shot,none,0,0,202,202,0,0,0,0,202,202,0,0,0
3032,AnonymousTest,Qwen 2.5 Coder 32B,Zero-Shot,none,0,0,202,202,0,0,0,0,202,202,0,0,0
3033,VerboseStatement,Qwen 2.5 Coder 32B,Zero-Shot,none,0,0,1694,1694,0,0,0,0,1694,1694,0,0,0
3034,VerboseStatement,Qwen 2.5 Coder 32B,Zero-Shot,none,0,0,1694,1694,0,0,0,0,1694,1694,0,0,0
3035,VerboseStatement,Qwen 2.5 Coder 32B,Zero-Shot,none,0,0,1694,1694,0,0,0,0,1694,1694,0,0,0
3036,VerboseStatement,Qwen 2.5 Coder 32B,Zero-Shot,none,0,0,1694,1694,0,0,0,0,1694,1694,0,0,0
3037,Unknown Test,Qwen 2.5 Coder 32B,Zero-Shot,suites_failed_increase,1,1,235,231,1,0,3,2,235,230,2,0,3
3038,Unknown Test,Qwen 2.5 Coder 32B,Zero-Shot,none,0,0,525,517,0,8,0,0,525,517,0,8,0
3039,Unknown Test,Qwen 2.5 Coder 32B,Zero-Shot,none,0,0,645,634,0,11,0,0,645,633,0,11,1
3040,Unknown Test,Qwen 2.5 Coder 32B,Zero-Shot,none,0,0,645,634,0,11,0,0,645,634,0,11,0
3041,Unknown Test,Qwen 2.5 Coder 32B,Zero-Shot,none,0,0,645,634,0,11,0,0,645,633,0,11,1
3042,Unknown Test,Qwen 2.5 Coder 32B,Zero-Shot,none,0,0,645,634,0,11,0,0,645,634,0,11,0
3043,Unknown Test,Qwen 2.5 Coder 32B,Zero-Shot,none,0,0,645,634,0,11,0,0,645,634,0,11,0
3044,Unknown Test,Qwen 2.5 Coder 32B,Zero-Shot,none,0,0,645,634,0,11,0,0,645,633,0,11,1
3045,Unknown Test,Qwen 2.5 Coder 32B,Zero-Shot,none,0,0,645,634,0,11,0,0,645,633,0,11,1
3046,Unknown Test,Qwen 2.5 Coder 32B,Zero-Shot,none,0,0,645,634,0,11,0,0,645,634,0,11,0
3047,Unknown Test,Qwen 2.5 Coder 32B,Zero-Shot,none,0,0,169,168,0,1,0,0,169,168,0,1,0
3048,Unknown Test,Qwen 2.5 Coder 32B,Zero-Shot,none,0,0,169,168,0,1,0,0,169,168,0,1,0
3049,Unknown Test,Qwen 2.5 Coder 32B,Zero-Shot,none,0,0,169,168,0,1,0,0,169,168,0,1,0
3050,Unknown Test,Qwen 2.5 Coder 32B,Zero-Shot,none,0,0,169,168,0,1,0,0,169,168,0,1,0
3051,Unknown Test,Qwen 2.5 Coder 32B,Zero-Shot,none,0,0,169,168,0,1,0,0,169,168,0,1,0
3052,Unknown Test,Qwen 2.5 Coder 32B,Zero-Shot,none,0,0,169,168,0,1,0,0,169,168,0,1,0
3053,Unknown Test,Qwen 2.5 Coder 32B,Zero-Shot,suites_failed_increase,1,0,169,168,0,1,0,1,0,0,0,1,0
3054,Unknown Test,Qwen 2.5 Coder 32B,Zero-Shot,none,0,1,159,157,2,0,0,1,159,157,2,0,0
3055,Unknown Test,Qwen 2.5 Coder 32B,Zero-Shot,none,0,0,47,47,0,0,0,0,47,47,0,0,0
3056,Unknown Test,Qwen 2.5 Coder 32B,Zero-Shot,suites_failed_increase,1,0,47,47,0,0,0,1,47,46,1,0,0
3057,AnonymousTest,Qwen 2.5 Coder 32B,Zero-Shot,none,0,0,645,634,0,11,0,0,647,636,0,11,0
3058,VerboseStatement,Qwen 2.5 Coder 32B,Zero-Shot,none,0,0,3010,3010,0,0,0,0,3010,3010,0,0,0
3059,Duplicate Assert,Qwen 2.5 Coder 32B,Few-Shot,none,0,0,462,455,0,7,0,0,462,455,0,7,0
3060,Duplicate Assert,Qwen 2.5 Coder 32B,Few-Shot,none,0,0,462,455,0,7,0,0,462,455,0,7,0
3061,Duplicate Assert,Qwen 2.5 Coder 32B,Few-Shot,none,0,0,462,455,0,7,0,0,462,455,0,7,0
3062,Duplicate Assert,Qwen 2.5 Coder 32B,Few-Shot,suites_failed_increase,1,0,462,455,0,7,0,1,0,0,0,7,0
3063,Duplicate Assert,Qwen 2.5 Coder 32B,Few-Shot,none,0,0,462,455,0,7,0,0,462,455,0,7,0
3064,Duplicate Assert,Qwen 2.5 Coder 32B,Few-Shot,none,0,0,242,242,0,0,0,0,242,242,0,0,0
3065,Duplicate Assert,Qwen 2.5 Coder 32B,Few-Shot,suites_failed_increase,1,1,159,157,2,0,0,2,159,156,3,0,0
3066,Duplicate Assert,Qwen 2.5 Coder 32B,Few-Shot,none,0,0,3010,3010,0,0,0,0,3010,3010,0,0,0
3067,Duplicate Assert,Qwen 2.5 Coder 32B,Few-Shot,none,0,0,3010,3010,0,0,0,0,3010,3010,0,0,0
3068,Duplicate Assert,Qwen 2.5 Coder 32B,Few-Shot,none,0,0,3010,3010,0,0,0,0,3010,3010,0,0,0
3069,Duplicate Assert,Qwen 2.5 Coder 32B,Few-Shot,none,0,0,3010,3010,0,0,0,0,3010,3010,0,0,0
3070,Duplicate Assert,Qwen 2.5 Coder 32B,Few-Shot,none,0,0,3010,3010,0,0,0,0,3010,3010,0,0,0
3071,Duplicate Assert,Qwen 2.5 Coder 32B,Few-Shot,none,0,0,3010,3010,0,0,0,0,3010,3010,0,0,0
3072,Duplicate Assert,Qwen 2.5 Coder 32B,Few-Shot,none,0,0,562,562,0,0,0,0,562,562,0,0,0
3073,Duplicate Assert,Qwen 2.5 Coder 32B,Few-Shot,none,0,0,562,562,0,0,0,0,562,562,0,0,0
3074,Magic Number,Qwen 2.5 Coder 32B,Few-Shot,none,0,0,60,60,0,0,0,0,60,60,0,0,0
3075,Magic Number,Qwen 2.5 Coder 32B,Few-Shot,none,0,1,235,231,1,0,3,1,235,231,1,0,3
3076,Magic Number,Qwen 2.5 Coder 32B,Few-Shot,none,0,1,235,231,1,0,3,1,235,231,1,0,3
3077,Magic Number,Qwen 2.5 Coder 32B,Few-Shot,none,0,1,235,231,1,0,3,1,235,231,1,0,3
3078,Magic Number,Qwen 2.5 Coder 32B,Few-Shot,none,0,0,525,517,0,8,0,0,525,517,0,8,0
3079,Magic Number,Qwen 2.5 Coder 32B,Few-Shot,none,0,0,525,517,0,8,0,0,525,517,0,8,0
3080,Magic Number,Qwen 2.5 Coder 32B,Few-Shot,none,0,0,1196,1196,0,0,0,0,1196,1196,0,0,0
3081,Magic Number,Qwen 2.5 Coder 32B,Few-Shot,none,0,0,1196,1196,0,0,0,0,1196,1196,0,0,0
3082,Magic Number,Qwen 2.5 Coder 32B,Few-Shot,none,0,0,169,168,0,1,0,0,169,168,0,1,0
3083,Magic Number,Qwen 2.5 Coder 32B,Few-Shot,none,0,0,169,168,0,1,0,0,169,168,0,1,0
3084,Magic Number,Qwen 2.5 Coder 32B,Few-Shot,none,0,0,169,168,0,1,0,0,169,168,0,1,0
3085,Magic Number,Qwen 2.5 Coder 32B,Few-Shot,suites_failed_increase,1,0,169,168,0,1,0,1,0,0,0,1,0
3086,Magic Number,Qwen 2.5 Coder 32B,Few-Shot,none,0,0,169,168,0,1,0,0,169,168,0,1,0
3087,Magic Number,Qwen 2.5 Coder 32B,Few-Shot,none,0,0,169,168,0,1,0,0,169,168,0,1,0
3088,Magic Number,Qwen 2.5 Coder 32B,Few-Shot,none,0,0,169,168,0,1,0,0,169,168,0,1,0
3089,Magic Number,Qwen 2.5 Coder 32B,Few-Shot,none,0,0,169,168,0,1,0,0,169,168,0,1,0
3090,Magic Number,Qwen 2.5 Coder 32B,Few-Shot,none,0,0,169,168,0,1,0,0,169,168,0,1,0
3091,SubOptimalAssert,Qwen 2.5 Coder 32B,Few-Shot,none,0,0,60,60,0,0,0,0,60,60,0,0,0
3092,SubOptimalAssert,Qwen 2.5 Coder 32B,Few-Shot,suites_failed_increase,1,0,525,517,0,8,0,1,0,0,0,8,0
3093,SubOptimalAssert,Qwen 2.5 Coder 32B,Few-Shot,none,0,0,525,517,0,8,0,0,525,517,0,8,0
3094,SubOptimalAssert,Qwen 2.5 Coder 32B,Few-Shot,none,0,0,1196,1196,0,0,0,0,1196,1196,0,0,0
3095,SubOptimalAssert,Qwen 2.5 Coder 32B,Few-Shot,none,0,0,1196,1196,0,0,0,0,1196,1196,0,0,0
3096,SubOptimalAssert,Qwen 2.5 Coder 32B,Few-Shot,none,0,0,1196,1196,0,0,0,0,1196,1196,0,0,0
3097,SubOptimalAssert,Qwen 2.5 Coder 32B,Few-Shot,none,0,0,1196,1196,0,0,0,0,1196,1196,0,0,0
3098,SubOptimalAssert,Qwen 2.5 Coder 32B,Few-Shot,none,0,0,1196,1196,0,0,0,0,1196,1196,0,0,0
3099,SubOptimalAssert,Qwen 2.5 Coder 32B,Few-Shot,none,0,0,562,562,0,0,0,0,562,562,0,0,0
3100,SubOptimalAssert,Qwen 2.5 Coder 32B,Few-Shot,none,0,0,3010,3010,0,0,0,0,3010,3010,0,0,0
3101,SubOptimalAssert,Qwen 2.5 Coder 32B,Few-Shot,none,0,0,462,455,0,7,0,0,462,455,0,7,0
3102,SubOptimalAssert,Qwen 2.5 Coder 32B,Few-Shot,none,0,0,47,47,0,0,0,0,47,47,0,0,0
3103,SubOptimalAssert,Qwen 2.5 Coder 32B,Few-Shot,none,0,0,47,47,0,0,0,0,47,47,0,0,0
3104,SubOptimalAssert,Qwen 2.5 Coder 32B,Few-Shot,none,0,0,47,47,0,0,0,0,47,47,0,0,0
3105,SubOptimalAssert,Qwen 2.5 Coder 32B,Few-Shot,none,0,0,3010,3010,0,0,0,0,3010,3010,0,0,0
3106,OvercommentedTest,Qwen 2.5 Coder 32B,Few-Shot,none,0,1,235,231,1,0,3,1,235,230,2,0,3
3107,OvercommentedTest,Qwen 2.5 Coder 32B,Few-Shot,none,0,1,235,231,1,0,3,1,235,230,2,0,3
3108,OvercommentedTest,Qwen 2.5 Coder 32B,Few-Shot,none,0,1,235,231,1,0,3,1,235,231,1,0,3
3109,OvercommentedTest,Qwen 2.5 Coder 32B,Few-Shot,none,0,1,235,231,1,0,3,1,235,230,2,0,3
3110,OvercommentedTest,Qwen 2.5 Coder 32B,Few-Shot,none,0,0,525,517,0,8,0,0,525,517,0,8,0
3111,OvercommentedTest,Qwen 2.5 Coder 32B,Few-Shot,none,0,0,525,517,0,8,0,0,525,517,0,8,0
3112,OvercommentedTest,Qwen 2.5 Coder 32B,Few-Shot,none,0,0,525,517,0,8,0,0,525,517,0,8,0
3113,OvercommentedTest,Qwen 2.5 Coder 32B,Few-Shot,none,0,0,525,517,0,8,0,0,525,517,0,8,0
3114,OvercommentedTest,Qwen 2.5 Coder 32B,Few-Shot,none,0,0,525,517,0,8,0,0,525,517,0,8,0
3115,OvercommentedTest,Qwen 2.5 Coder 32B,Few-Shot,none,0,0,525,517,0,8,0,0,525,517,0,8,0
3116,OvercommentedTest,Qwen 2.5 Coder 32B,Few-Shot,none,0,0,645,634,0,11,0,0,645,634,0,11,0
3117,OvercommentedTest,Qwen 2.5 Coder 32B,Few-Shot,none,0,0,562,562,0,0,0,0,562,562,0,0,0
3118,OvercommentedTest,Qwen 2.5 Coder 32B,Few-Shot,none,0,0,645,634,0,11,0,0,645,634,0,11,0
3119,OvercommentedTest,Qwen 2.5 Coder 32B,Few-Shot,none,0,0,76,73,0,3,0,0,76,73,0,3,0
3120,OvercommentedTest,Qwen 2.5 Coder 32B,Few-Shot,none,0,0,645,634,0,11,0,0,645,634,0,11,0
3121,AnonymousTest,Qwen 2.5 Coder 32B,Few-Shot,none,0,0,1694,1694,0,0,0,0,1694,1694,0,0,0
3122,AnonymousTest,Qwen 2.5 Coder 32B,Few-Shot,none,0,0,1694,1694,0,0,0,0,1694,1694,0,0,0
3123,AnonymousTest,Qwen 2.5 Coder 32B,Few-Shot,none,0,0,1694,1694,0,0,0,0,1699,1699,0,0,0
3124,AnonymousTest,Qwen 2.5 Coder 32B,Few-Shot,none,0,0,1694,1694,0,0,0,0,1694,1694,0,0,0
3125,AnonymousTest,Qwen 2.5 Coder 32B,Few-Shot,none,0,0,1694,1694,0,0,0,0,1699,1699,0,0,0
3126,AnonymousTest,Qwen 2.5 Coder 32B,Few-Shot,none,0,0,462,455,0,7,0,0,462,455,0,7,0
3127,AnonymousTest,Qwen 2.5 Coder 32B,Few-Shot,none,0,0,462,455,0,7,0,0,462,455,0,7,0
3128,AnonymousTest,Qwen 2.5 Coder 32B,Few-Shot,none,0,0,76,73,0,3,0,0,76,73,0,3,0
3129,AnonymousTest,Qwen 2.5 Coder 32B,Few-Shot,none,0,0,1694,1694,0,0,0,0,1698,1698,0,0,0
3130,AnonymousTest,Qwen 2.5 Coder 32B,Few-Shot,none,0,0,1694,1694,0,0,0,0,1695,1695,0,0,0
3131,AnonymousTest,Qwen 2.5 Coder 32B,Few-Shot,none,0,0,1196,1196,0,0,0,0,1197,1197,0,0,0
3132,AnonymousTest,Qwen 2.5 Coder 32B,Few-Shot,none,0,0,169,168,0,1,0,0,169,168,0,1,0
3133,AnonymousTest,Qwen 2.5 Coder 32B,Few-Shot,none,0,0,1196,1196,0,0,0,0,1200,1200,0,0,0
3134,AnonymousTest,Qwen 2.5 Coder 32B,Few-Shot,none,0,0,169,168,0,1,0,0,169,168,0,1,0
3135,VerboseStatement,Qwen 2.5 Coder 32B,Few-Shot,none,0,1,235,231,1,0,3,1,235,231,1,0,3
3136,VerboseStatement,Qwen 2.5 Coder 32B,Few-Shot,none,0,0,254,243,0,11,0,0,254,243,0,11,0
3137,VerboseStatement,Qwen 2.5 Coder 32B,Few-Shot,none,0,0,254,243,0,11,0,0,254,243,0,11,0
3138,VerboseStatement,Qwen 2.5 Coder 32B,Few-Shot,none,0,0,150,149,0,1,0,0,150,149,0,1,0
3139,VerboseStatement,Qwen 2.5 Coder 32B,Few-Shot,none,0,0,150,149,0,1,0,0,150,149,0,1,0
3140,VerboseStatement,Qwen 2.5 Coder 32B,Few-Shot,suites_failed_increase,1,0,525,517,0,8,0,1,0,0,0,8,0
3141,VerboseStatement,Qwen 2.5 Coder 32B,Few-Shot,none,0,0,525,517,0,8,0,0,525,517,0,8,0
3142,VerboseStatement,Qwen 2.5 Coder 32B,Few-Shot,none,0,0,645,634,0,11,0,0,645,634,0,11,0
3143,VerboseStatement,Qwen 2.5 Coder 32B,Few-Shot,none,0,0,645,634,0,11,0,0,645,634,0,11,0
3144,VerboseStatement,Qwen 2.5 Coder 32B,Few-Shot,none,0,0,645,634,0,11,0,0,645,634,0,11,0
3145,VerboseStatement,Qwen 2.5 Coder 32B,Few-Shot,none,0,0,1196,1196,0,0,0,0,1196,1196,0,0,0
3146,VerboseStatement,Qwen 2.5 Coder 32B,Few-Shot,none,0,0,1196,1196,0,0,0,0,1196,1196,0,0,0
3147,VerboseStatement,Qwen 2.5 Coder 32B,Few-Shot,none,0,0,1196,1196,0,0,0,0,1196,1196,0,0,0
3148,VerboseStatement,Qwen 2.5 Coder 32B,Few-Shot,none,0,0,562,562,0,0,0,0,562,562,0,0,0
3149,VerboseStatement,Qwen 2.5 Coder 32B,Few-Shot,none,0,0,3010,3010,0,0,0,0,3010,3010,0,0,0
3150,Sleepy Test,Qwen 2.5 Coder 32B,Few-Shot,none,0,1,235,231,1,0,3,1,235,231,1,0,3
3151,Sleepy Test,Qwen 2.5 Coder 32B,Few-Shot,suites_failed_increase,1,1,235,231,1,0,3,2,235,230,2,0,3
3152,Sleepy Test,Qwen 2.5 Coder 32B,Few-Shot,none,0,1,235,231,1,0,3,1,235,231,1,0,3
3153,Sleepy Test,Qwen 2.5 Coder 32B,Few-Shot,none,0,1,235,231,1,0,3,1,235,231,1,0,3
3154,Sleepy Test,Qwen 2.5 Coder 32B,Few-Shot,suites_failed_increase,1,1,235,231,1,0,3,2,235,229,3,0,3
3155,Sleepy Test,Qwen 2.5 Coder 32B,Few-Shot,none,0,0,645,634,0,11,0,0,645,634,0,11,0
3156,Sleepy Test,Qwen 2.5 Coder 32B,Few-Shot,none,0,0,645,634,0,11,0,0,645,634,0,11,0
3157,Sleepy Test,Qwen 2.5 Coder 32B,Few-Shot,none,0,0,645,634,0,11,0,0,645,633,0,11,1
3158,Sleepy Test,Qwen 2.5 Coder 32B,Few-Shot,none,0,0,645,634,0,11,0,0,645,634,0,11,0
3159,Sleepy Test,Qwen 2.5 Coder 32B,Few-Shot,none,0,0,645,634,0,11,0,0,645,633,0,11,1
3160,Sleepy Test,Qwen 2.5 Coder 32B,Few-Shot,none,0,0,645,634,0,11,0,0,645,633,0,11,1
3161,Sleepy Test,Qwen 2.5 Coder 32B,Few-Shot,suites_failed_increase,1,0,169,168,0,1,0,1,0,0,0,1,0
3162,Sleepy Test,Qwen 2.5 Coder 32B,Few-Shot,none,0,0,3010,3010,0,0,0,0,3010,3010,0,0,0
3163,Sleepy Test,Qwen 2.5 Coder 32B,Few-Shot,none,0,0,47,47,0,0,0,0,47,47,0,0,0
3164,Sleepy Test,Qwen 2.5 Coder 32B,Few-Shot,none,0,0,47,47,0,0,0,0,47,47,0,0,0
3165,ConditionalTestLogic,Qwen 2.5 Coder 32B,Few-Shot,none,0,0,1694,1694,0,0,0,0,1694,1694,0,0,0
3166,ConditionalTestLogic,Qwen 2.5 Coder 32B,Few-Shot,none,0,0,1694,1694,0,0,0,0,1694,1694,0,0,0
3167,ConditionalTestLogic,Qwen 2.5 Coder 32B,Few-Shot,suites_failed_increase,1,0,1694,1694,0,0,0,1,1694,1693,1,0,0
3168,ConditionalTestLogic,Qwen 2.5 Coder 32B,Few-Shot,none,0,0,1694,1694,0,0,0,0,1694,1694,0,0,0
3169,ConditionalTestLogic,Qwen 2.5 Coder 32B,Few-Shot,none,0,0,1694,1694,0,0,0,0,1694,1694,0,0,0
3170,ConditionalTestLogic,Qwen 2.5 Coder 32B,Few-Shot,none,0,0,1694,1694,0,0,0,0,1694,1694,0,0,0
3171,ConditionalTestLogic,Qwen 2.5 Coder 32B,Few-Shot,none,0,0,1694,1694,0,0,0,0,1694,1694,0,0,0
3172,ConditionalTestLogic,Qwen 2.5 Coder 32B,Few-Shot,suites_failed_increase,1,0,1694,1694,0,0,0,1,1694,1693,1,0,0
3173,ConditionalTestLogic,Qwen 2.5 Coder 32B,Few-Shot,none,0,0,1694,1694,0,0,0,0,1695,1695,0,0,0
3174,ConditionalTestLogic,Qwen 2.5 Coder 32B,Few-Shot,none,0,0,481,478,0,3,0,0,481,478,0,3,0
3175,ConditionalTestLogic,Qwen 2.5 Coder 32B,Few-Shot,none,0,1,235,231,1,0,3,1,235,231,1,0,3
3176,ConditionalTestLogic,Qwen 2.5 Coder 32B,Few-Shot,none,0,0,525,517,0,8,0,0,525,517,0,8,0
3177,ConditionalTestLogic,Qwen 2.5 Coder 32B,Few-Shot,none,0,0,525,517,0,8,0,0,525,517,0,8,0
3178,ConditionalTestLogic,Qwen 2.5 Coder 32B,Few-Shot,suites_failed_increase,1,0,525,517,0,8,0,1,0,0,0,8,0
3179,ConditionalTestLogic,Qwen 2.5 Coder 32B,Few-Shot,none,0,0,525,517,0,8,0,0,525,517,0,8,0
3180,ConditionalTestLogic,Qwen 2.5 Coder 32B,Few-Shot,none,0,0,525,517,0,8,0,0,525,517,0,8,0
3181,ConditionalTestLogic,Qwen 2.5 Coder 32B,Few-Shot,none,0,0,525,517,0,8,0,0,525,517,0,8,0
3182,ConditionalTestLogic,Qwen 2.5 Coder 32B,Few-Shot,suites_failed_increase,1,0,525,517,0,8,0,1,0,0,0,8,0
3183,ConditionalTestLogic,Qwen 2.5 Coder 32B,Few-Shot,none,0,0,645,634,0,11,0,0,645,634,0,11,0
3184,ConditionalTestLogic,Qwen 2.5 Coder 32B,Few-Shot,none,0,0,1196,1196,0,0,0,0,1196,1196,0,0,0
3185,Exception Handling,Qwen 2.5 Coder 32B,Few-Shot,suites_failed_increase,1,0,1367,1367,0,0,0,1,1367,1366,1,0,0
3186,Exception Handling,Qwen 2.5 Coder 32B,Few-Shot,none,0,0,1367,1367,0,0,0,0,1367,1367,0,0,0
3187,Exception Handling,Qwen 2.5 Coder 32B,Few-Shot,none,0,0,1694,1694,0,0,0,0,1694,1694,0,0,0
3188,Exception Handling,Qwen 2.5 Coder 32B,Few-Shot,none,0,0,1694,1694,0,0,0,0,1694,1694,0,0,0
3189,Exception Handling,Qwen 2.5 Coder 32B,Few-Shot,none,0,0,462,455,0,7,0,0,462,455,0,7,0
3190,Exception Handling,Qwen 2.5 Coder 32B,Few-Shot,none,0,0,242,242,0,0,0,0,242,242,0,0,0
3191,Exception Handling,Qwen 2.5 Coder 32B,Few-Shot,none,0,0,208,207,0,1,0,0,185,184,1,0,0
3192,Exception Handling,Qwen 2.5 Coder 32B,Few-Shot,none,0,0,525,517,0,8,0,0,525,517,0,8,0
3193,Exception Handling,Qwen 2.5 Coder 32B,Few-Shot,none,0,0,525,517,0,8,0,0,525,517,0,8,0
3194,Exception Handling,Qwen 2.5 Coder 32B,Few-Shot,none,0,0,525,517,0,8,0,0,525,517,0,8,0
3195,Exception Handling,Qwen 2.5 Coder 32B,Few-Shot,suites_failed_increase,1,0,44,44,0,0,0,1,44,43,1,0,0
3196,Exception Handling,Qwen 2.5 Coder 32B,Few-Shot,none,0,0,1694,1694,0,0,0,0,1694,1694,0,0,0
3197,Exception Handling,Qwen 2.5 Coder 32B,Few-Shot,suites_failed_increase,1,0,1367,1367,0,0,0,1,1367,1366,1,0,0
3198,Exception Handling,Qwen 2.5 Coder 32B,Few-Shot,suites_failed_increase,1,0,1367,1367,0,0,0,1,1367,1366,1,0,0
3199,Exception Handling,Qwen 2.5 Coder 32B,Few-Shot,suites_failed_increase,1,0,1367,1367,0,0,0,1,1367,1366,1,0,0
3200,Exception Handling,Qwen 2.5 Coder 32B,Few-Shot,suites_failed_increase,1,0,1367,1367,0,0,0,1,1367,1366,1,0,0
3201,Exception Handling,Qwen 2.5 Coder 32B,Few-Shot,none,0,0,1367,1367,0,0,0,0,1367,1367,0,0,0
3202,Exception Handling,Qwen 2.5 Coder 32B,Few-Shot,suites_failed_increase,1,0,1367,1367,0,0,0,1,1367,1366,1,0,0
3203,Exception Handling,Qwen 2.5 Coder 32B,Few-Shot,suites_failed_increase,1,0,1367,1367,0,0,0,1,1367,1366,1,0,0
3204,Exception Handling,Qwen 2.5 Coder 32B,Few-Shot,suites_failed_increase,1,0,462,455,0,7,0,1,0,0,0,7,0
3205,Duplicate Assert,Qwen 2.5 Coder 32B,Few-Shot,none,0,0,1367,1367,0,0,0,0,1367,1367,0,0,0
3206,Duplicate Assert,Qwen 2.5 Coder 32B,Few-Shot,none,0,0,1367,1367,0,0,0,0,1367,1367,0,0,0
3207,Duplicate Assert,Qwen 2.5 Coder 32B,Few-Shot,none,0,0,1367,1367,0,0,0,0,1367,1367,0,0,0
3208,Duplicate Assert,Qwen 2.5 Coder 32B,Few-Shot,none,0,0,1367,1367,0,0,0,0,1367,1367,0,0,0
3209,Duplicate Assert,Qwen 2.5 Coder 32B,Few-Shot,none,0,0,3010,3010,0,0,0,0,3010,3010,0,0,0
3210,Magic Number,Qwen 2.5 Coder 32B,Few-Shot,none,0,0,1367,1367,0,0,0,0,1367,1367,0,0,0
3211,Magic Number,Qwen 2.5 Coder 32B,Few-Shot,none,0,0,242,242,0,0,0,0,242,242,0,0,0
3212,Magic Number,Qwen 2.5 Coder 32B,Few-Shot,none,0,0,208,207,0,1,0,0,208,207,0,1,0
3213,Sleepy Test,Qwen 2.5 Coder 32B,Few-Shot,none,0,1,235,231,1,0,3,1,235,230,2,0,3
3214,Sleepy Test,Qwen 2.5 Coder 32B,Few-Shot,suites_failed_increase,1,1,235,231,1,0,3,2,235,229,3,0,3
3215,Sleepy Test,Qwen 2.5 Coder 32B,Few-Shot,none,0,1,235,231,1,0,3,1,235,231,1,0,3
3216,Sleepy Test,Qwen 2.5 Coder 32B,Few-Shot,suites_failed_increase,1,1,235,231,1,0,3,2,235,229,3,0,3
3217,Sleepy Test,Qwen 2.5 Coder 32B,Few-Shot,none,0,1,235,231,1,0,3,1,235,231,1,0,3
3218,SubOptimalAssert,Qwen 2.5 Coder 32B,Few-Shot,suites_failed_increase,1,0,1367,1367,0,0,0,1,1367,1366,1,0,0
3219,SubOptimalAssert,Qwen 2.5 Coder 32B,Few-Shot,none,0,0,1367,1367,0,0,0,0,1367,1367,0,0,0
3220,SubOptimalAssert,Qwen 2.5 Coder 32B,Few-Shot,none,0,0,1367,1367,0,0,0,0,1367,1367,0,0,0
3221,SubOptimalAssert,Qwen 2.5 Coder 32B,Few-Shot,none,0,0,1694,1694,0,0,0,0,1694,1694,0,0,0
3222,SubOptimalAssert,Qwen 2.5 Coder 32B,Few-Shot,none,0,0,1196,1196,0,0,0,0,1196,1196,0,0,0
3223,OvercommentedTest,Qwen 2.5 Coder 32B,Few-Shot,none,0,0,1694,1694,0,0,0,0,1694,1694,0,0,0
3224,OvercommentedTest,Qwen 2.5 Coder 32B,Few-Shot,none,0,0,1694,1694,0,0,0,0,1694,1694,0,0,0
3225,OvercommentedTest,Qwen 2.5 Coder 32B,Few-Shot,none,0,0,1694,1694,0,0,0,0,1694,1694,0,0,0
3226,OvercommentedTest,Qwen 2.5 Coder 32B,Few-Shot,none,0,0,1694,1694,0,0,0,0,1694,1694,0,0,0
3227,OvercommentedTest,Qwen 2.5 Coder 32B,Few-Shot,none,0,0,1694,1694,0,0,0,0,1694,1694,0,0,0
3228,AnonymousTest,Qwen 2.5 Coder 32B,Few-Shot,none,0,0,1367,1367,0,0,0,0,1367,1367,0,0,0
3229,AnonymousTest,Qwen 2.5 Coder 32B,Few-Shot,none,0,0,1367,1367,0,0,0,0,1367,1367,0,0,0
3230,AnonymousTest,Qwen 2.5 Coder 32B,Few-Shot,none,0,0,202,202,0,0,0,0,202,202,0,0,0
3231,AnonymousTest,Qwen 2.5 Coder 32B,Few-Shot,none,0,0,202,202,0,0,0,0,202,202,0,0,0
3232,AnonymousTest,Qwen 2.5 Coder 32B,Few-Shot,none,0,0,202,202,0,0,0,0,202,202,0,0,0
3233,VerboseStatement,Qwen 2.5 Coder 32B,Few-Shot,none,0,0,1694,1694,0,0,0,0,1694,1694,0,0,0
3234,VerboseStatement,Qwen 2.5 Coder 32B,Few-Shot,none,0,0,1694,1694,0,0,0,0,1694,1694,0,0,0
3235,VerboseStatement,Qwen 2.5 Coder 32B,Few-Shot,none,0,0,1694,1694,0,0,0,0,1694,1694,0,0,0
3236,VerboseStatement,Qwen 2.5 Coder 32B,Few-Shot,none,0,0,1694,1694,0,0,0,0,1694,1694,0,0,0
3237,Unknown Test,Qwen 2.5 Coder 32B,Few-Shot,none,0,1,235,231,1,0,3,1,235,231,1,0,3
3238,Unknown Test,Qwen 2.5 Coder 32B,Few-Shot,none,0,0,525,517,0,8,0,0,525,517,0,8,0
3239,Unknown Test,Qwen 2.5 Coder 32B,Few-Shot,none,0,0,645,634,0,11,0,0,645,633,0,11,1
3240,Unknown Test,Qwen 2.5 Coder 32B,Few-Shot,none,0,0,645,634,0,11,0,0,645,633,0,11,1
3241,Unknown Test,Qwen 2.5 Coder 32B,Few-Shot,none,0,0,645,634,0,11,0,0,645,633,0,11,1
3242,Unknown Test,Qwen 2.5 Coder 32B,Few-Shot,none,0,0,645,634,0,11,0,0,645,633,0,11,1
3243,Unknown Test,Qwen 2.5 Coder 32B,Few-Shot,none,0,0,645,634,0,11,0,0,645,633,0,11,1
3244,Unknown Test,Qwen 2.5 Coder 32B,Few-Shot,none,0,0,645,634,0,11,0,0,645,633,0,11,1
3245,Unknown Test,Qwen 2.5 Coder 32B,Few-Shot,none,0,0,645,634,0,11,0,0,645,633,0,11,1
3246,Unknown Test,Qwen 2.5 Coder 32B,Few-Shot,none,0,0,645,634,0,11,0,0,645,633,0,11,1
3247,Unknown Test,Qwen 2.5 Coder 32B,Few-Shot,none,0,0,169,168,0,1,0,0,169,168,0,1,0
3248,Unknown Test,Qwen 2.5 Coder 32B,Few-Shot,none,0,0,169,168,0,1,0,0,169,168,0,1,0
3249,Unknown Test,Qwen 2.5 Coder 32B,Few-Shot,none,0,0,169,168,0,1,0,0,169,168,0,1,0
3250,Unknown Test,Qwen 2.5 Coder 32B,Few-Shot,none,0,0,169,168,0,1,0,0,169,168,0,1,0
3251,Unknown Test,Qwen 2.5 Coder 32B,Few-Shot,none,0,0,169,168,0,1,0,0,169,168,0,1,0
3252,Unknown Test,Qwen 2.5 Coder 32B,Few-Shot,none,0,0,169,168,0,1,0,0,169,168,0,1,0
3253,Unknown Test,Qwen 2.5 Coder 32B,Few-Shot,none,0,0,169,168,0,1,0,0,169,168,0,1,0
3254,Unknown Test,Qwen 2.5 Coder 32B,Few-Shot,none,0,1,159,157,2,0,0,1,159,157,2,0,0
3255,Unknown Test,Qwen 2.5 Coder 32B,Few-Shot,none,0,0,47,47,0,0,0,0,47,47,0,0,0
3256,Unknown Test,Qwen 2.5 Coder 32B,Few-Shot,suites_failed_increase,1,0,47,47,0,0,0,1,47,46,1,0,0
3257,AnonymousTest,Qwen 2.5 Coder 32B,Few-Shot,none,0,0,645,634,0,11,0,0,647,636,0,11,0
3258,VerboseStatement,Qwen 2.5 Coder 32B,Few-Shot,none,0,0,3010,3010,0,0,0,0,3010,3010,0,0,0
3259,Duplicate Assert,Qwen 2.5 Coder 32B,Chain-of-Thought,none,0,0,462,455,0,7,0,0,462,455,0,7,0
3260,Duplicate Assert,Qwen 2.5 Coder 32B,Chain-of-Thought,none,0,0,462,455,0,7,0,0,462,455,0,7,0
3261,Duplicate Assert,Qwen 2.5 Coder 32B,Chain-of-Thought,none,0,0,462,455,0,7,0,0,462,455,0,7,0
3262,Duplicate Assert,Qwen 2.5 Coder 32B,Chain-of-Thought,suites_failed_increase,1,0,462,455,0,7,0,1,0,0,0,7,0
3263,Duplicate Assert,Qwen 2.5 Coder 32B,Chain-of-Thought,none,0,0,462,455,0,7,0,0,462,455,0,7,0
3264,Duplicate Assert,Qwen 2.5 Coder 32B,Chain-of-Thought,none,0,0,242,242,0,0,0,0,242,242,0,0,0
3265,Duplicate Assert,Qwen 2.5 Coder 32B,Chain-of-Thought,none,0,1,159,157,2,0,0,1,159,157,2,0,0
3266,Duplicate Assert,Qwen 2.5 Coder 32B,Chain-of-Thought,none,0,0,3010,3010,0,0,0,0,3010,3010,0,0,0
3267,Duplicate Assert,Qwen 2.5 Coder 32B,Chain-of-Thought,none,0,0,3010,3010,0,0,0,0,3010,3010,0,0,0
3268,Duplicate Assert,Qwen 2.5 Coder 32B,Chain-of-Thought,none,0,0,3010,3010,0,0,0,0,3010,3010,0,0,0
3269,Duplicate Assert,Qwen 2.5 Coder 32B,Chain-of-Thought,none,0,0,3010,3010,0,0,0,0,3010,3010,0,0,0
3270,Duplicate Assert,Qwen 2.5 Coder 32B,Chain-of-Thought,none,0,0,3010,3010,0,0,0,0,3010,3010,0,0,0
3271,Duplicate Assert,Qwen 2.5 Coder 32B,Chain-of-Thought,none,0,0,3010,3010,0,0,0,0,3010,3010,0,0,0
3272,Duplicate Assert,Qwen 2.5 Coder 32B,Chain-of-Thought,none,0,0,562,562,0,0,0,0,562,562,0,0,0
3273,Duplicate Assert,Qwen 2.5 Coder 32B,Chain-of-Thought,none,0,0,562,562,0,0,0,0,562,562,0,0,0
3274,Magic Number,Qwen 2.5 Coder 32B,Chain-of-Thought,none,0,0,60,60,0,0,0,0,60,60,0,0,0
3275,Magic Number,Qwen 2.5 Coder 32B,Chain-of-Thought,none,0,1,235,231,1,0,3,1,235,231,1,0,3
3276,Magic Number,Qwen 2.5 Coder 32B,Chain-of-Thought,none,0,1,235,231,1,0,3,1,235,231,1,0,3
3277,Magic Number,Qwen 2.5 Coder 32B,Chain-of-Thought,none,0,1,235,231,1,0,3,1,235,231,1,0,3
3278,Magic Number,Qwen 2.5 Coder 32B,Chain-of-Thought,none,0,0,525,517,0,8,0,0,525,517,0,8,0
3279,Magic Number,Qwen 2.5 Coder 32B,Chain-of-Thought,none,0,0,525,517,0,8,0,0,525,517,0,8,0
3280,Magic Number,Qwen 2.5 Coder 32B,Chain-of-Thought,none,0,0,1196,1196,0,0,0,0,1196,1196,0,0,0
3281,Magic Number,Qwen 2.5 Coder 32B,Chain-of-Thought,none,0,0,1196,1196,0,0,0,0,1196,1196,0,0,0
3282,Magic Number,Qwen 2.5 Coder 32B,Chain-of-Thought,none,0,0,169,168,0,1,0,0,169,168,0,1,0
3283,Magic Number,Qwen 2.5 Coder 32B,Chain-of-Thought,none,0,0,169,168,0,1,0,0,169,168,0,1,0
3284,Magic Number,Qwen 2.5 Coder 32B,Chain-of-Thought,none,0,0,169,168,0,1,0,0,169,168,0,1,0
3285,Magic Number,Qwen 2.5 Coder 32B,Chain-of-Thought,none,0,0,169,168,0,1,0,0,169,168,0,1,0
3286,Magic Number,Qwen 2.5 Coder 32B,Chain-of-Thought,none,0,0,169,168,0,1,0,0,169,168,0,1,0
3287,Magic Number,Qwen 2.5 Coder 32B,Chain-of-Thought,none,0,0,169,168,0,1,0,0,169,168,0,1,0
3288,Magic Number,Qwen 2.5 Coder 32B,Chain-of-Thought,none,0,0,169,168,0,1,0,0,169,168,0,1,0
3289,Magic Number,Qwen 2.5 Coder 32B,Chain-of-Thought,none,0,0,169,168,0,1,0,0,169,168,0,1,0
3290,Magic Number,Qwen 2.5 Coder 32B,Chain-of-Thought,none,0,0,169,168,0,1,0,0,169,168,0,1,0
3291,SubOptimalAssert,Qwen 2.5 Coder 32B,Chain-of-Thought,none,0,0,60,60,0,0,0,0,60,60,0,0,0
3292,SubOptimalAssert,Qwen 2.5 Coder 32B,Chain-of-Thought,suites_failed_increase,1,0,525,517,0,8,0,1,0,0,0,8,0
3293,SubOptimalAssert,Qwen 2.5 Coder 32B,Chain-of-Thought,none,0,0,525,517,0,8,0,0,525,517,0,8,0
3294,SubOptimalAssert,Qwen 2.5 Coder 32B,Chain-of-Thought,none,0,0,1196,1196,0,0,0,0,1196,1196,0,0,0
3295,SubOptimalAssert,Qwen 2.5 Coder 32B,Chain-of-Thought,none,0,0,1196,1196,0,0,0,0,1196,1196,0,0,0
3296,SubOptimalAssert,Qwen 2.5 Coder 32B,Chain-of-Thought,none,0,0,1196,1196,0,0,0,0,1196,1196,0,0,0
3297,SubOptimalAssert,Qwen 2.5 Coder 32B,Chain-of-Thought,none,0,0,1196,1196,0,0,0,0,1196,1196,0,0,0
3298,SubOptimalAssert,Qwen 2.5 Coder 32B,Chain-of-Thought,none,0,0,1196,1196,0,0,0,0,1196,1196,0,0,0
3299,SubOptimalAssert,Qwen 2.5 Coder 32B,Chain-of-Thought,none,0,0,562,562,0,0,0,0,562,562,0,0,0
3300,SubOptimalAssert,Qwen 2.5 Coder 32B,Chain-of-Thought,none,0,0,3010,3010,0,0,0,0,3010,3010,0,0,0
3301,SubOptimalAssert,Qwen 2.5 Coder 32B,Chain-of-Thought,none,0,0,462,455,0,7,0,0,462,455,0,7,0
3302,SubOptimalAssert,Qwen 2.5 Coder 32B,Chain-of-Thought,none,0,0,47,47,0,0,0,0,47,47,0,0,0
3303,SubOptimalAssert,Qwen 2.5 Coder 32B,Chain-of-Thought,none,0,0,47,47,0,0,0,0,47,47,0,0,0
3304,SubOptimalAssert,Qwen 2.5 Coder 32B,Chain-of-Thought,none,0,0,47,47,0,0,0,0,47,47,0,0,0
3305,SubOptimalAssert,Qwen 2.5 Coder 32B,Chain-of-Thought,none,0,0,3010,3010,0,0,0,0,3010,3010,0,0,0
3306,OvercommentedTest,Qwen 2.5 Coder 32B,Chain-of-Thought,none,0,1,235,231,1,0,3,1,235,230,2,0,3
3307,OvercommentedTest,Qwen 2.5 Coder 32B,Chain-of-Thought,none,0,1,235,231,1,0,3,1,235,230,2,0,3
3308,OvercommentedTest,Qwen 2.5 Coder 32B,Chain-of-Thought,none,0,1,235,231,1,0,3,1,235,231,1,0,3
3309,OvercommentedTest,Qwen 2.5 Coder 32B,Chain-of-Thought,none,0,1,235,231,1,0,3,1,235,230,2,0,3
3310,OvercommentedTest,Qwen 2.5 Coder 32B,Chain-of-Thought,none,0,0,525,517,0,8,0,0,525,517,0,8,0
3311,OvercommentedTest,Qwen 2.5 Coder 32B,Chain-of-Thought,none,0,0,525,517,0,8,0,0,525,517,0,8,0
3312,OvercommentedTest,Qwen 2.5 Coder 32B,Chain-of-Thought,none,0,0,525,517,0,8,0,0,525,517,0,8,0
3313,OvercommentedTest,Qwen 2.5 Coder 32B,Chain-of-Thought,none,0,0,525,517,0,8,0,0,525,517,0,8,0
3314,OvercommentedTest,Qwen 2.5 Coder 32B,Chain-of-Thought,none,0,0,525,517,0,8,0,0,525,517,0,8,0
3315,OvercommentedTest,Qwen 2.5 Coder 32B,Chain-of-Thought,none,0,0,525,517,0,8,0,0,525,517,0,8,0
3316,OvercommentedTest,Qwen 2.5 Coder 32B,Chain-of-Thought,none,0,0,645,634,0,11,0,0,645,634,0,11,0
3317,OvercommentedTest,Qwen 2.5 Coder 32B,Chain-of-Thought,none,0,0,562,562,0,0,0,0,562,562,0,0,0
3318,OvercommentedTest,Qwen 2.5 Coder 32B,Chain-of-Thought,none,0,0,645,634,0,11,0,0,645,634,0,11,0
3319,OvercommentedTest,Qwen 2.5 Coder 32B,Chain-of-Thought,none,0,0,76,73,0,3,0,0,76,73,0,3,0
3320,OvercommentedTest,Qwen 2.5 Coder 32B,Chain-of-Thought,none,0,0,645,634,0,11,0,0,645,634,0,11,0
3321,AnonymousTest,Qwen 2.5 Coder 32B,Chain-of-Thought,none,0,0,1694,1694,0,0,0,0,1694,1694,0,0,0
3322,AnonymousTest,Qwen 2.5 Coder 32B,Chain-of-Thought,none,0,0,1694,1694,0,0,0,0,1694,1694,0,0,0
3323,AnonymousTest,Qwen 2.5 Coder 32B,Chain-of-Thought,none,0,0,1694,1694,0,0,0,0,1699,1699,0,0,0
3324,AnonymousTest,Qwen 2.5 Coder 32B,Chain-of-Thought,none,0,0,1694,1694,0,0,0,0,1694,1694,0,0,0
3325,AnonymousTest,Qwen 2.5 Coder 32B,Chain-of-Thought,none,0,0,1694,1694,0,0,0,0,1694,1694,0,0,0
3326,AnonymousTest,Qwen 2.5 Coder 32B,Chain-of-Thought,none,0,0,462,455,0,7,0,0,462,455,0,7,0
3327,AnonymousTest,Qwen 2.5 Coder 32B,Chain-of-Thought,none,0,0,462,455,0,7,0,0,462,455,0,7,0
3328,AnonymousTest,Qwen 2.5 Coder 32B,Chain-of-Thought,suites_failed_increase,1,0,76,73,0,3,0,1,0,0,0,3,0
3329,AnonymousTest,Qwen 2.5 Coder 32B,Chain-of-Thought,none,0,0,1694,1694,0,0,0,0,1698,1698,0,0,0
3330,AnonymousTest,Qwen 2.5 Coder 32B,Chain-of-Thought,none,0,0,1694,1694,0,0,0,0,1695,1695,0,0,0
3331,AnonymousTest,Qwen 2.5 Coder 32B,Chain-of-Thought,none,0,0,1196,1196,0,0,0,0,1197,1197,0,0,0
3332,AnonymousTest,Qwen 2.5 Coder 32B,Chain-of-Thought,none,0,0,169,168,0,1,0,0,169,168,0,1,0
3333,AnonymousTest,Qwen 2.5 Coder 32B,Chain-of-Thought,none,0,0,1196,1196,0,0,0,0,1200,1200,0,0,0
3334,AnonymousTest,Qwen 2.5 Coder 32B,Chain-of-Thought,none,0,0,169,168,0,1,0,0,169,168,0,1,0
3335,VerboseStatement,Qwen 2.5 Coder 32B,Chain-of-Thought,suites_failed_increase,1,1,235,231,1,0,3,2,235,230,2,0,3
3336,VerboseStatement,Qwen 2.5 Coder 32B,Chain-of-Thought,suites_failed_increase,1,0,254,243,0,11,0,1,0,0,0,11,0
3337,VerboseStatement,Qwen 2.5 Coder 32B,Chain-of-Thought,none,0,0,254,243,0,11,0,0,254,243,0,11,0
3338,VerboseStatement,Qwen 2.5 Coder 32B,Chain-of-Thought,none,0,0,150,149,0,1,0,0,150,149,0,1,0
3339,VerboseStatement,Qwen 2.5 Coder 32B,Chain-of-Thought,none,0,0,150,149,0,1,0,0,150,149,0,1,0
3340,VerboseStatement,Qwen 2.5 Coder 32B,Chain-of-Thought,none,0,0,525,517,0,8,0,0,525,517,0,8,0
3341,VerboseStatement,Qwen 2.5 Coder 32B,Chain-of-Thought,none,0,0,525,517,0,8,0,0,525,517,0,8,0
3342,VerboseStatement,Qwen 2.5 Coder 32B,Chain-of-Thought,none,0,0,645,634,0,11,0,0,645,633,0,11,1
3343,VerboseStatement,Qwen 2.5 Coder 32B,Chain-of-Thought,none,0,0,645,634,0,11,0,0,645,634,0,11,0
3344,VerboseStatement,Qwen 2.5 Coder 32B,Chain-of-Thought,none,0,0,645,634,0,11,0,0,645,634,0,11,0
3345,VerboseStatement,Qwen 2.5 Coder 32B,Chain-of-Thought,none,0,0,1196,1196,0,0,0,0,1196,1196,0,0,0
3346,VerboseStatement,Qwen 2.5 Coder 32B,Chain-of-Thought,none,0,0,1196,1196,0,0,0,0,1196,1196,0,0,0
3347,VerboseStatement,Qwen 2.5 Coder 32B,Chain-of-Thought,none,0,0,1196,1196,0,0,0,0,1196,1196,0,0,0
3348,VerboseStatement,Qwen 2.5 Coder 32B,Chain-of-Thought,none,0,0,562,562,0,0,0,0,562,562,0,0,0
3349,VerboseStatement,Qwen 2.5 Coder 32B,Chain-of-Thought,none,0,0,3010,3010,0,0,0,0,3010,3010,0,0,0
3350,Sleepy Test,Qwen 2.5 Coder 32B,Chain-of-Thought,none,0,1,235,231,1,0,3,1,235,231,1,0,3
3351,Sleepy Test,Qwen 2.5 Coder 32B,Chain-of-Thought,suites_failed_increase,1,1,235,231,1,0,3,2,235,230,2,0,3
3353,Sleepy Test,Qwen 2.5 Coder 32B,Chain-of-Thought,none,0,1,235,231,1,0,3,1,235,231,1,0,3
3354,Sleepy Test,Qwen 2.5 Coder 32B,Chain-of-Thought,suites_failed_increase,1,1,235,231,1,0,3,2,235,229,3,0,3
3355,Sleepy Test,Qwen 2.5 Coder 32B,Chain-of-Thought,none,0,0,645,634,0,11,0,0,645,634,0,11,0
3356,Sleepy Test,Qwen 2.5 Coder 32B,Chain-of-Thought,none,0,0,645,634,0,11,0,0,645,634,0,11,0
3357,Sleepy Test,Qwen 2.5 Coder 32B,Chain-of-Thought,none,0,0,645,634,0,11,0,0,646,634,0,11,1
3358,Sleepy Test,Qwen 2.5 Coder 32B,Chain-of-Thought,none,0,0,645,634,0,11,0,0,645,634,0,11,0
3359,Sleepy Test,Qwen 2.5 Coder 32B,Chain-of-Thought,none,0,0,645,634,0,11,0,0,645,633,0,11,1
3360,Sleepy Test,Qwen 2.5 Coder 32B,Chain-of-Thought,none,0,0,645,634,0,11,0,0,645,634,0,11,0
3361,Sleepy Test,Qwen 2.5 Coder 32B,Chain-of-Thought,none,0,0,169,168,0,1,0,0,169,168,0,1,0
3362,Sleepy Test,Qwen 2.5 Coder 32B,Chain-of-Thought,none,0,0,3010,3010,0,0,0,0,3010,3010,0,0,0
3363,Sleepy Test,Qwen 2.5 Coder 32B,Chain-of-Thought,none,0,0,47,47,0,0,0,0,47,47,0,0,0
3364,Sleepy Test,Qwen 2.5 Coder 32B,Chain-of-Thought,none,0,0,47,47,0,0,0,0,47,47,0,0,0
3365,ConditionalTestLogic,Qwen 2.5 Coder 32B,Chain-of-Thought,none,0,0,1694,1694,0,0,0,0,1694,1694,0,0,0
3366,ConditionalTestLogic,Qwen 2.5 Coder 32B,Chain-of-Thought,none,0,0,1694,1694,0,0,0,0,1694,1694,0,0,0
3367,ConditionalTestLogic,Qwen 2.5 Coder 32B,Chain-of-Thought,none,0,0,1694,1694,0,0,0,0,1694,1694,0,0,0
3368,ConditionalTestLogic,Qwen 2.5 Coder 32B,Chain-of-Thought,none,0,0,1694,1694,0,0,0,0,1694,1694,0,0,0
3369,ConditionalTestLogic,Qwen 2.5 Coder 32B,Chain-of-Thought,none,0,0,1694,1694,0,0,0,0,1694,1694,0,0,0
3370,ConditionalTestLogic,Qwen 2.5 Coder 32B,Chain-of-Thought,none,0,0,1694,1694,0,0,0,0,1694,1694,0,0,0
3371,ConditionalTestLogic,Qwen 2.5 Coder 32B,Chain-of-Thought,none,0,0,1694,1694,0,0,0,0,1694,1694,0,0,0
3372,ConditionalTestLogic,Qwen 2.5 Coder 32B,Chain-of-Thought,none,0,0,1694,1694,0,0,0,0,1694,1694,0,0,0
3373,ConditionalTestLogic,Qwen 2.5 Coder 32B,Chain-of-Thought,none,0,0,1694,1694,0,0,0,0,1695,1695,0,0,0
3374,ConditionalTestLogic,Qwen 2.5 Coder 32B,Chain-of-Thought,none,0,0,481,478,0,3,0,0,481,478,0,3,0
3375,ConditionalTestLogic,Qwen 2.5 Coder 32B,Chain-of-Thought,none,0,1,235,231,1,0,3,1,235,231,1,0,3
3376,ConditionalTestLogic,Qwen 2.5 Coder 32B,Chain-of-Thought,none,0,0,525,517,0,8,0,0,525,517,0,8,0
3377,ConditionalTestLogic,Qwen 2.5 Coder 32B,Chain-of-Thought,suites_failed_increase,1,0,525,517,0,8,0,1,0,0,0,8,0
3378,ConditionalTestLogic,Qwen 2.5 Coder 32B,Chain-of-Thought,none,0,0,525,517,0,8,0,0,525,517,0,8,0
3379,ConditionalTestLogic,Qwen 2.5 Coder 32B,Chain-of-Thought,none,0,0,525,517,0,8,0,0,525,517,0,8,0
3380,ConditionalTestLogic,Qwen 2.5 Coder 32B,Chain-of-Thought,none,0,0,525,517,0,8,0,0,525,517,0,8,0
3381,ConditionalTestLogic,Qwen 2.5 Coder 32B,Chain-of-Thought,none,0,0,525,517,0,8,0,0,525,517,0,8,0
3382,ConditionalTestLogic,Qwen 2.5 Coder 32B,Chain-of-Thought,suites_failed_increase,1,0,525,517,0,8,0,1,0,0,0,8,0
3383,ConditionalTestLogic,Qwen 2.5 Coder 32B,Chain-of-Thought,none,0,0,645,634,0,11,0,0,645,634,0,11,0
3384,ConditionalTestLogic,Qwen 2.5 Coder 32B,Chain-of-Thought,none,0,0,1196,1196,0,0,0,0,1196,1196,0,0,0
3385,Exception Handling,Qwen 2.5 Coder 32B,Chain-of-Thought,suites_failed_increase,1,0,1367,1367,0,0,0,1,1367,1366,1,0,0
3386,Exception Handling,Qwen 2.5 Coder 32B,Chain-of-Thought,none,0,0,1367,1367,0,0,0,0,1367,1367,0,0,0
3387,Exception Handling,Qwen 2.5 Coder 32B,Chain-of-Thought,none,0,0,1694,1694,0,0,0,0,1694,1694,0,0,0
3388,Exception Handling,Qwen 2.5 Coder 32B,Chain-of-Thought,none,0,0,1694,1694,0,0,0,0,1694,1694,0,0,0
3389,Exception Handling,Qwen 2.5 Coder 32B,Chain-of-Thought,none,0,0,462,455,0,7,0,0,462,455,0,7,0
3390,Exception Handling,Qwen 2.5 Coder 32B,Chain-of-Thought,suites_failed_increase,1,0,242,242,0,0,0,1,242,241,1,0,0
3391,Exception Handling,Qwen 2.5 Coder 32B,Chain-of-Thought,none,0,0,208,207,0,1,0,0,185,183,2,0,0
3392,Exception Handling,Qwen 2.5 Coder 32B,Chain-of-Thought,none,0,0,525,517,0,8,0,0,525,517,0,8,0
3393,Exception Handling,Qwen 2.5 Coder 32B,Chain-of-Thought,none,0,0,525,517,0,8,0,0,525,517,0,8,0
3394,Exception Handling,Qwen 2.5 Coder 32B,Chain-of-Thought,none,0,0,525,517,0,8,0,0,525,517,0,8,0
3395,Exception Handling,Qwen 2.5 Coder 32B,Chain-of-Thought,suites_failed_increase,1,0,44,44,0,0,0,1,44,43,1,0,0
3396,Exception Handling,Qwen 2.5 Coder 32B,Chain-of-Thought,none,0,0,1694,1694,0,0,0,0,1694,1694,0,0,0
3397,Exception Handling,Qwen 2.5 Coder 32B,Chain-of-Thought,suites_failed_increase,1,0,1367,1367,0,0,0,1,1367,1366,1,0,0
3398,Exception Handling,Qwen 2.5 Coder 32B,Chain-of-Thought,suites_failed_increase,1,0,1367,1367,0,0,0,1,1367,1366,1,0,0
3399,Exception Handling,Qwen 2.5 Coder 32B,Chain-of-Thought,suites_failed_increase,1,0,1367,1367,0,0,0,1,1367,1366,1,0,0
3400,Exception Handling,Qwen 2.5 Coder 32B,Chain-of-Thought,suites_failed_increase,1,0,1367,1367,0,0,0,1,1367,1366,1,0,0
3401,Exception Handling,Qwen 2.5 Coder 32B,Chain-of-Thought,none,0,0,1367,1367,0,0,0,0,1367,1367,0,0,0
3402,Exception Handling,Qwen 2.5 Coder 32B,Chain-of-Thought,none,0,0,1367,1367,0,0,0,0,1367,1367,0,0,0
3403,Exception Handling,Qwen 2.5 Coder 32B,Chain-of-Thought,suites_failed_increase,1,0,1367,1367,0,0,0,1,1367,1366,1,0,0
3404,Exception Handling,Qwen 2.5 Coder 32B,Chain-of-Thought,suites_failed_increase,1,0,462,455,0,7,0,2,0,0,0,7,0
3405,Duplicate Assert,Qwen 2.5 Coder 32B,Chain-of-Thought,none,0,0,1367,1367,0,0,0,0,1367,1367,0,0,0
3406,Duplicate Assert,Qwen 2.5 Coder 32B,Chain-of-Thought,none,0,0,1367,1367,0,0,0,0,1367,1367,0,0,0
3407,Duplicate Assert,Qwen 2.5 Coder 32B,Chain-of-Thought,none,0,0,1367,1367,0,0,0,0,1367,1367,0,0,0
3408,Duplicate Assert,Qwen 2.5 Coder 32B,Chain-of-Thought,none,0,0,1367,1367,0,0,0,0,1367,1367,0,0,0
3409,Duplicate Assert,Qwen 2.5 Coder 32B,Chain-of-Thought,none,0,0,3010,3010,0,0,0,0,3010,3010,0,0,0
3410,Magic Number,Qwen 2.5 Coder 32B,Chain-of-Thought,none,0,0,1367,1367,0,0,0,0,1367,1367,0,0,0
3411,Magic Number,Qwen 2.5 Coder 32B,Chain-of-Thought,none,0,0,242,242,0,0,0,0,242,242,0,0,0
3412,Magic Number,Qwen 2.5 Coder 32B,Chain-of-Thought,none,0,0,208,207,0,1,0,0,208,207,0,1,0
3413,Sleepy Test,Qwen 2.5 Coder 32B,Chain-of-Thought,none,0,1,235,231,1,0,3,1,235,230,2,0,3
3414,Sleepy Test,Qwen 2.5 Coder 32B,Chain-of-Thought,none,0,1,235,231,1,0,3,1,235,231,1,0,3
3415,Sleepy Test,Qwen 2.5 Coder 32B,Chain-of-Thought,none,0,1,235,231,1,0,3,1,235,231,1,0,3
3416,Sleepy Test,Qwen 2.5 Coder 32B,Chain-of-Thought,suites_failed_increase,1,1,235,231,1,0,3,2,235,230,2,0,3
3417,Sleepy Test,Qwen 2.5 Coder 32B,Chain-of-Thought,none,0,1,235,231,1,0,3,1,235,231,1,0,3
3418,SubOptimalAssert,Qwen 2.5 Coder 32B,Chain-of-Thought,none,0,0,1367,1367,0,0,0,0,1367,1367,0,0,0
3419,SubOptimalAssert,Qwen 2.5 Coder 32B,Chain-of-Thought,none,0,0,1367,1367,0,0,0,0,1367,1367,0,0,0
3420,SubOptimalAssert,Qwen 2.5 Coder 32B,Chain-of-Thought,none,0,0,1367,1367,0,0,0,0,1367,1367,0,0,0
3421,SubOptimalAssert,Qwen 2.5 Coder 32B,Chain-of-Thought,none,0,0,1694,1694,0,0,0,0,1694,1694,0,0,0
3422,SubOptimalAssert,Qwen 2.5 Coder 32B,Chain-of-Thought,none,0,0,1196,1196,0,0,0,0,1196,1196,0,0,0
3423,OvercommentedTest,Qwen 2.5 Coder 32B,Chain-of-Thought,none,0,0,1694,1694,0,0,0,0,1694,1694,0,0,0
3424,OvercommentedTest,Qwen 2.5 Coder 32B,Chain-of-Thought,none,0,0,1694,1694,0,0,0,0,1694,1694,0,0,0
3425,OvercommentedTest,Qwen 2.5 Coder 32B,Chain-of-Thought,none,0,0,1694,1694,0,0,0,0,1694,1694,0,0,0
3426,OvercommentedTest,Qwen 2.5 Coder 32B,Chain-of-Thought,none,0,0,1694,1694,0,0,0,0,1694,1694,0,0,0
3427,OvercommentedTest,Qwen 2.5 Coder 32B,Chain-of-Thought,none,0,0,1694,1694,0,0,0,0,1694,1694,0,0,0
3428,AnonymousTest,Qwen 2.5 Coder 32B,Chain-of-Thought,none,0,0,1367,1367,0,0,0,0,1367,1367,0,0,0
3429,AnonymousTest,Qwen 2.5 Coder 32B,Chain-of-Thought,none,0,0,1367,1367,0,0,0,0,1367,1367,0,0,0
3430,AnonymousTest,Qwen 2.5 Coder 32B,Chain-of-Thought,none,0,0,202,202,0,0,0,0,202,202,0,0,0
3431,AnonymousTest,Qwen 2.5 Coder 32B,Chain-of-Thought,none,0,0,202,202,0,0,0,0,202,202,0,0,0
3432,AnonymousTest,Qwen 2.5 Coder 32B,Chain-of-Thought,none,0,0,202,202,0,0,0,0,202,202,0,0,0
3433,VerboseStatement,Qwen 2.5 Coder 32B,Chain-of-Thought,none,0,0,1694,1694,0,0,0,0,1694,1694,0,0,0
3434,VerboseStatement,Qwen 2.5 Coder 32B,Chain-of-Thought,none,0,0,1694,1694,0,0,0,0,1694,1694,0,0,0
3435,VerboseStatement,Qwen 2.5 Coder 32B,Chain-of-Thought,none,0,0,1694,1694,0,0,0,0,1694,1694,0,0,0
3436,VerboseStatement,Qwen 2.5 Coder 32B,Chain-of-Thought,none,0,0,1694,1694,0,0,0,0,1694,1694,0,0,0
3437,Unknown Test,Qwen 2.5 Coder 32B,Chain-of-Thought,none,0,1,235,231,1,0,3,1,235,231,1,0,3
3438,Unknown Test,Qwen 2.5 Coder 32B,Chain-of-Thought,none,0,0,525,517,0,8,0,0,525,517,0,8,0
3439,Unknown Test,Qwen 2.5 Coder 32B,Chain-of-Thought,none,0,0,645,634,0,11,0,0,645,633,0,11,1
3440,Unknown Test,Qwen 2.5 Coder 32B,Chain-of-Thought,none,0,0,645,634,0,11,0,0,645,633,0,11,1
3441,Unknown Test,Qwen 2.5 Coder 32B,Chain-of-Thought,none,0,0,645,634,0,11,0,0,645,633,0,11,1
3442,Unknown Test,Qwen 2.5 Coder 32B,Chain-of-Thought,none,0,0,645,634,0,11,0,0,645,633,0,11,1
3443,Unknown Test,Qwen 2.5 Coder 32B,Chain-of-Thought,none,0,0,645,634,0,11,0,0,645,633,0,11,1
3444,Unknown Test,Qwen 2.5 Coder 32B,Chain-of-Thought,none,0,0,645,634,0,11,0,0,645,633,0,11,1
3445,Unknown Test,Qwen 2.5 Coder 32B,Chain-of-Thought,none,0,0,645,634,0,11,0,0,645,633,0,11,1
3446,Unknown Test,Qwen 2.5 Coder 32B,Chain-of-Thought,none,0,0,645,634,0,11,0,0,645,633,0,11,1
3447,Unknown Test,Qwen 2.5 Coder 32B,Chain-of-Thought,suites_failed_increase,1,0,169,168,0,1,0,1,0,0,0,1,0
3448,Unknown Test,Qwen 2.5 Coder 32B,Chain-of-Thought,none,0,0,169,168,0,1,0,0,169,168,0,1,0
3449,Unknown Test,Qwen 2.5 Coder 32B,Chain-of-Thought,suites_failed_increase,1,0,169,168,0,1,0,1,0,0,0,1,0
3450,Unknown Test,Qwen 2.5 Coder 32B,Chain-of-Thought,none,0,0,169,168,0,1,0,0,169,168,0,1,0
3451,Unknown Test,Qwen 2.5 Coder 32B,Chain-of-Thought,none,0,0,169,168,0,1,0,0,169,168,0,1,0
3452,Unknown Test,Qwen 2.5 Coder 32B,Chain-of-Thought,none,0,0,169,168,0,1,0,0,169,168,0,1,0
3453,Unknown Test,Qwen 2.5 Coder 32B,Chain-of-Thought,none,0,0,169,168,0,1,0,0,169,168,0,1,0
3454,Unknown Test,Qwen 2.5 Coder 32B,Chain-of-Thought,none,0,1,159,157,2,0,0,1,159,157,2,0,0
3455,Unknown Test,Qwen 2.5 Coder 32B,Chain-of-Thought,none,0,0,47,47,0,0,0,0,47,47,0,0,0
3456,Unknown Test,Qwen 2.5 Coder 32B,Chain-of-Thought,suites_failed_increase,1,0,47,47,0,0,0,1,47,46,1,0,0
3457,AnonymousTest,Qwen 2.5 Coder 32B,Chain-of-Thought,none,0,0,645,634,0,11,0,0,646,635,0,11,0
3458,VerboseStatement,Qwen 2.5 Coder 32B,Chain-of-Thought,none,0,0,3010,3010,0,0,0,0,3010,3010,0,0,0
3464,Duplicate Assert,CodeLlama 34B,Zero-Shot,none,0,0,462,455,0,7,0,0,462,455,0,7,0
3465,Duplicate Assert,CodeLlama 34B,Zero-Shot,none,0,0,462,455,0,7,0,0,462,455,0,7,0
3466,Duplicate Assert,Claude Sonnet 4.6,Zero-Shot,none,0,0,462,455,0,7,0,0,462,455,0,7,0
3467,Duplicate Assert,CodeLlama 34B,Zero-Shot,none,0,0,462,455,0,7,0,0,462,455,0,7,0
3468,Duplicate Assert,Claude Sonnet 4.6,Zero-Shot,none,0,0,462,455,0,7,0,0,462,455,0,7,0
3469,Duplicate Assert,Claude Sonnet 4.6,Zero-Shot,none,0,0,462,455,0,7,0,0,462,455,0,7,0
3470,Duplicate Assert,Claude Sonnet 4.6,Zero-Shot,suites_failed_increase,1,0,462,455,0,7,0,1,0,0,0,7,0
3471,Duplicate Assert,Claude Sonnet 4.6,Zero-Shot,none,0,0,462,455,0,7,0,0,462,455,0,7,0
3472,Duplicate Assert,CodeLlama 34B,Zero-Shot,none,0,0,462,455,0,7,0,0,462,455,0,7,0
3473,Duplicate Assert,Claude Sonnet 4.6,Zero-Shot,none,0,0,242,242,0,0,0,0,242,242,0,0,0
3474,Duplicate Assert,Claude Sonnet 4.6,Zero-Shot,suites_failed_increase,1,1,159,157,2,0,0,2,159,156,3,0,0
3475,Duplicate Assert,Claude Sonnet 4.6,Zero-Shot,none,0,0,3010,3010,0,0,0,0,3010,3010,0,0,0
3476,Duplicate Assert,CodeLlama 34B,Zero-Shot,none,0,0,462,455,0,7,0,0,462,455,0,7,0
3477,Duplicate Assert,Claude Sonnet 4.6,Zero-Shot,none,0,0,3010,3010,0,0,0,0,3010,3010,0,0,0
3478,Duplicate Assert,Claude Sonnet 4.6,Zero-Shot,none,0,0,3010,3010,0,0,0,0,3010,3010,0,0,0
3479,Duplicate Assert,Claude Sonnet 4.6,Zero-Shot,none,0,0,3010,3010,0,0,0,0,3010,3010,0,0,0
3480,Duplicate Assert,Claude Sonnet 4.6,Zero-Shot,none,0,0,3010,3010,0,0,0,0,3010,3010,0,0,0
3481,Duplicate Assert,Claude Sonnet 4.6,Zero-Shot,none,0,0,3010,3010,0,0,0,0,3010,3010,0,0,0
3482,Duplicate Assert,CodeLlama 34B,Zero-Shot,suites_failed_increase,1,0,242,242,0,0,0,1,242,241,1,0,0
3483,Duplicate Assert,Claude Sonnet 4.6,Zero-Shot,none,0,0,562,562,0,0,0,0,562,562,0,0,0
3484,Duplicate Assert,Claude Sonnet 4.6,Zero-Shot,none,0,0,562,562,0,0,0,0,562,562,0,0,0
3485,Magic Number,Claude Sonnet 4.6,Zero-Shot,none,0,0,60,60,0,0,0,0,60,60,0,0,0
3486,Magic Number,Claude Sonnet 4.6,Zero-Shot,none,0,1,235,231,1,0,3,1,235,231,1,0,3
3487,Magic Number,Claude Sonnet 4.6,Zero-Shot,none,0,1,235,231,1,0,3,1,235,231,1,0,3
3488,Magic Number,Claude Sonnet 4.6,Zero-Shot,none,0,1,235,231,1,0,3,1,235,231,1,0,3
3489,Magic Number,Claude Sonnet 4.6,Zero-Shot,none,0,0,525,517,0,8,0,0,525,517,0,8,0
3490,Duplicate Assert,CodeLlama 34B,Zero-Shot,none,0,1,159,157,2,0,0,1,159,157,2,0,0
3491,Magic Number,Claude Sonnet 4.6,Zero-Shot,none,0,0,525,517,0,8,0,0,525,517,0,8,0
3492,Magic Number,Claude Sonnet 4.6,Zero-Shot,none,0,0,1196,1196,0,0,0,0,1196,1196,0,0,0
3493,Magic Number,Claude Sonnet 4.6,Zero-Shot,none,0,0,1196,1196,0,0,0,0,1196,1196,0,0,0
3494,Duplicate Assert,CodeLlama 34B,Zero-Shot,none,0,0,3010,3010,0,0,0,0,3010,3010,0,0,0
3495,Magic Number,Claude Sonnet 4.6,Zero-Shot,suites_failed_increase,1,0,169,168,0,1,0,1,0,0,0,1,0
3496,Magic Number,Claude Sonnet 4.6,Zero-Shot,none,0,0,169,168,0,1,0,0,169,168,0,1,0
3497,Magic Number,Claude Sonnet 4.6,Zero-Shot,none,0,0,169,168,0,1,0,0,169,168,0,1,0
3498,Duplicate Assert,CodeLlama 34B,Zero-Shot,none,0,0,3010,3010,0,0,0,0,3010,3010,0,0,0
3499,Magic Number,Claude Sonnet 4.6,Zero-Shot,none,0,0,169,168,0,1,0,0,169,168,0,1,0
3500,Magic Number,Claude Sonnet 4.6,Zero-Shot,none,0,0,169,168,0,1,0,0,169,168,0,1,0
3501,Magic Number,Claude Sonnet 4.6,Zero-Shot,none,0,0,169,168,0,1,0,0,169,168,0,1,0
3502,Magic Number,Claude Sonnet 4.6,Zero-Shot,none,0,0,169,168,0,1,0,0,169,168,0,1,0
3503,Magic Number,Claude Sonnet 4.6,Zero-Shot,none,0,0,169,168,0,1,0,0,169,168,0,1,0
3504,Duplicate Assert,GPT-5.2,Zero-Shot,none,0,0,462,455,0,7,0,0,462,455,0,7,0
3505,Magic Number,Claude Sonnet 4.6,Zero-Shot,none,0,0,169,168,0,1,0,0,169,168,0,1,0
3506,SubOptimalAssert,Claude Sonnet 4.6,Zero-Shot,none,0,0,60,60,0,0,0,0,60,60,0,0,0
3507,SubOptimalAssert,Claude Sonnet 4.6,Zero-Shot,none,0,0,525,517,0,8,0,0,525,517,0,8,0
3508,SubOptimalAssert,Claude Sonnet 4.6,Zero-Shot,none,0,0,525,517,0,8,0,0,525,517,0,8,0
3509,Duplicate Assert,GPT-5.2,Zero-Shot,none,0,0,462,455,0,7,0,0,462,455,0,7,0
3510,SubOptimalAssert,Claude Sonnet 4.6,Zero-Shot,none,0,0,1196,1196,0,0,0,0,1196,1196,0,0,0
3511,SubOptimalAssert,Claude Sonnet 4.6,Zero-Shot,none,0,0,1196,1196,0,0,0,0,1196,1196,0,0,0
3512,SubOptimalAssert,Claude Sonnet 4.6,Zero-Shot,none,0,0,1196,1196,0,0,0,0,1196,1196,0,0,0
3513,SubOptimalAssert,Claude Sonnet 4.6,Zero-Shot,none,0,0,1196,1196,0,0,0,0,1196,1196,0,0,0
3514,Duplicate Assert,GPT-5.2,Zero-Shot,none,0,0,462,455,0,7,0,0,462,455,0,7,0
3515,SubOptimalAssert,Claude Sonnet 4.6,Zero-Shot,none,0,0,1196,1196,0,0,0,0,1196,1196,0,0,0
3516,SubOptimalAssert,Claude Sonnet 4.6,Zero-Shot,none,0,0,562,562,0,0,0,0,562,562,0,0,0
3517,SubOptimalAssert,Claude Sonnet 4.6,Zero-Shot,none,0,0,3010,3010,0,0,0,0,3010,3010,0,0,0
3518,Duplicate Assert,GPT-5.2,Zero-Shot,none,0,0,462,455,0,7,0,0,462,455,0,7,0
3519,Duplicate Assert,CodeLlama 34B,Zero-Shot,suites_failed_increase,1,0,3010,3010,0,0,0,1,3010,3009,1,0,0
3520,SubOptimalAssert,Claude Sonnet 4.6,Zero-Shot,suites_failed_increase,1,0,462,455,0,7,0,1,0,0,0,7,0
3521,SubOptimalAssert,Claude Sonnet 4.6,Zero-Shot,none,0,0,47,47,0,0,0,0,47,47,0,0,0
3522,Duplicate Assert,GPT-5.2,Zero-Shot,none,0,0,462,455,0,7,0,0,462,455,0,7,0
3523,SubOptimalAssert,Claude Sonnet 4.6,Zero-Shot,none,0,0,47,47,0,0,0,0,47,47,0,0,0
3524,SubOptimalAssert,Claude Sonnet 4.6,Zero-Shot,none,0,0,47,47,0,0,0,0,47,47,0,0,0
3525,Duplicate Assert,GPT-5.2,Zero-Shot,none,0,0,242,242,0,0,0,0,242,242,0,0,0
3526,SubOptimalAssert,Claude Sonnet 4.6,Zero-Shot,none,0,0,3010,3010,0,0,0,0,3010,3010,0,0,0
3527,Duplicate Assert,CodeLlama 34B,Zero-Shot,none,0,0,3010,3010,0,0,0,0,3010,3010,0,0,0
3528,OvercommentedTest,Claude Sonnet 4.6,Zero-Shot,none,0,1,235,231,1,0,3,1,235,231,1,0,3
3529,Duplicate Assert,GPT-5.2,Zero-Shot,none,0,1,159,157,2,0,0,1,159,157,2,0,0
3530,Duplicate Assert,GPT-5.2,Zero-Shot,none,0,0,3010,3010,0,0,0,0,3010,3010,0,0,0
3531,OvercommentedTest,Claude Sonnet 4.6,Zero-Shot,none,0,1,235,231,1,0,3,1,235,231,1,0,3
3532,OvercommentedTest,Claude Sonnet 4.6,Zero-Shot,none,0,1,235,231,1,0,3,1,235,230,2,0,3
3533,Duplicate Assert,GPT-5.2,Zero-Shot,none,0,0,3010,3010,0,0,0,0,3010,3010,0,0,0
3534,OvercommentedTest,Claude Sonnet 4.6,Zero-Shot,none,0,1,235,231,1,0,3,1,235,231,1,0,3
3535,Duplicate Assert,GPT-5.2,Zero-Shot,none,0,0,3010,3010,0,0,0,0,3010,3010,0,0,0
3536,OvercommentedTest,Claude Sonnet 4.6,Zero-Shot,none,0,0,525,517,0,8,0,0,525,517,0,8,0
3537,Duplicate Assert,CodeLlama 34B,Zero-Shot,suites_failed_increase,1,0,3010,3010,0,0,0,1,3010,3009,1,0,0
3538,OvercommentedTest,Claude Sonnet 4.6,Zero-Shot,none,0,0,525,517,0,8,0,0,525,517,0,8,0
3539,Duplicate Assert,GPT-5.2,Zero-Shot,none,0,0,3010,3010,0,0,0,0,3010,3010,0,0,0
3540,Duplicate Assert,GPT-5.2,Zero-Shot,none,0,0,3010,3010,0,0,0,0,3010,3010,0,0,0
3541,Duplicate Assert,CodeLlama 34B,Zero-Shot,none,0,0,3010,3010,0,0,0,0,3010,3010,0,0,0
3542,Duplicate Assert,GPT-5.2,Zero-Shot,none,0,0,3010,3010,0,0,0,0,3010,3010,0,0,0
3543,OvercommentedTest,Claude Sonnet 4.6,Zero-Shot,none,0,0,525,517,0,8,0,0,525,517,0,8,0
3544,OvercommentedTest,Claude Sonnet 4.6,Zero-Shot,none,0,0,525,517,0,8,0,0,525,517,0,8,0
3545,Duplicate Assert,GPT-5.2,Zero-Shot,none,0,0,562,562,0,0,0,0,562,562,0,0,0
3546,OvercommentedTest,Claude Sonnet 4.6,Zero-Shot,none,0,0,525,517,0,8,0,0,525,517,0,8,0
3547,Duplicate Assert,GPT-5.2,Zero-Shot,none,0,0,562,562,0,0,0,0,562,562,0,0,0
3548,Magic Number,GPT-5.2,Zero-Shot,none,0,0,60,60,0,0,0,0,60,60,0,0,0
3549,Magic Number,GPT-5.2,Zero-Shot,none,0,1,235,231,1,0,3,1,235,230,2,0,3
3550,Duplicate Assert,CodeLlama 34B,Zero-Shot,suites_failed_increase,1,0,562,562,0,0,0,1,562,561,1,0,0
3551,OvercommentedTest,Claude Sonnet 4.6,Zero-Shot,none,0,0,525,517,0,8,0,0,525,517,0,8,0
3552,Magic Number,GPT-5.2,Zero-Shot,none,0,1,235,231,1,0,3,1,235,231,1,0,3
3553,OvercommentedTest,Claude Sonnet 4.6,Zero-Shot,none,0,0,645,634,0,11,0,0,645,634,0,11,0
3554,Magic Number,GPT-5.2,Zero-Shot,none,0,1,235,231,1,0,3,1,235,231,1,0,3
3555,OvercommentedTest,Claude Sonnet 4.6,Zero-Shot,none,0,0,562,562,0,0,0,0,562,562,0,0,0
3556,OvercommentedTest,Claude Sonnet 4.6,Zero-Shot,none,0,0,645,634,0,11,0,0,645,634,0,11,0
3557,Magic Number,GPT-5.2,Zero-Shot,none,0,0,525,517,0,8,0,0,525,517,0,8,0
3558,Duplicate Assert,CodeLlama 34B,Zero-Shot,none,0,0,562,562,0,0,0,0,562,562,0,0,0
3559,OvercommentedTest,Claude Sonnet 4.6,Zero-Shot,none,0,0,76,73,0,3,0,0,76,73,0,3,0
3560,Magic Number,GPT-5.2,Zero-Shot,none,0,0,525,517,0,8,0,0,525,517,0,8,0
3561,OvercommentedTest,Claude Sonnet 4.6,Zero-Shot,none,0,0,645,634,0,11,0,0,645,634,0,11,0
3562,Magic Number,GPT-5.2,Zero-Shot,none,0,0,1196,1196,0,0,0,0,1196,1196,0,0,0
3563,AnonymousTest,Claude Sonnet 4.6,Zero-Shot,none,0,0,1694,1694,0,0,0,0,1694,1694,0,0,0
3564,Magic Number,GPT-5.2,Zero-Shot,none,0,0,1196,1196,0,0,0,0,1196,1196,0,0,0
3565,Magic Number,CodeLlama 34B,Zero-Shot,suites_failed_increase,1,0,60,60,0,0,0,1,60,59,1,0,0
3566,AnonymousTest,Claude Sonnet 4.6,Zero-Shot,none,0,0,1694,1694,0,0,0,0,1694,1694,0,0,0
3567,Magic Number,GPT-5.2,Zero-Shot,none,0,0,169,168,0,1,0,0,169,168,0,1,0
3568,AnonymousTest,Claude Sonnet 4.6,Zero-Shot,none,0,0,1694,1694,0,0,0,0,1699,1699,0,0,0
3569,Magic Number,GPT-5.2,Zero-Shot,none,0,0,169,168,0,1,0,0,169,168,0,1,0
3570,Magic Number,GPT-5.2,Zero-Shot,none,0,0,169,168,0,1,0,0,169,168,0,1,0
3571,AnonymousTest,Claude Sonnet 4.6,Zero-Shot,none,0,0,1694,1694,0,0,0,0,1694,1694,0,0,0
3572,Magic Number,CodeLlama 34B,Zero-Shot,none,0,1,235,231,1,0,3,1,235,231,1,0,3
3573,Magic Number,GPT-5.2,Zero-Shot,none,0,0,169,168,0,1,0,0,169,168,0,1,0
3574,Magic Number,GPT-5.2,Zero-Shot,none,0,0,169,168,0,1,0,0,169,168,0,1,0
3575,AnonymousTest,Claude Sonnet 4.6,Zero-Shot,none,0,0,1694,1694,0,0,0,0,1699,1699,0,0,0
3576,Magic Number,GPT-5.2,Zero-Shot,none,0,0,169,168,0,1,0,0,169,168,0,1,0
3577,AnonymousTest,Claude Sonnet 4.6,Zero-Shot,none,0,0,462,455,0,7,0,0,462,455,0,7,0
3578,Magic Number,GPT-5.2,Zero-Shot,suites_failed_increase,1,0,169,168,0,1,0,1,0,0,0,1,0
3579,AnonymousTest,Claude Sonnet 4.6,Zero-Shot,suites_failed_increase,1,0,462,455,0,7,0,1,0,0,0,7,0
3580,Magic Number,GPT-5.2,Zero-Shot,none,0,0,169,168,0,1,0,0,169,168,0,1,0
3581,AnonymousTest,Claude Sonnet 4.6,Zero-Shot,none,0,0,76,73,0,3,0,0,76,73,0,3,0
3582,Magic Number,GPT-5.2,Zero-Shot,none,0,0,169,168,0,1,0,0,169,168,0,1,0
3583,AnonymousTest,Claude Sonnet 4.6,Zero-Shot,none,0,0,1694,1694,0,0,0,0,1694,1694,0,0,0
3584,Magic Number,CodeLlama 34B,Zero-Shot,suites_failed_increase,1,1,235,231,1,0,3,2,235,230,2,0,3
3585,SubOptimalAssert,GPT-5.2,Zero-Shot,none,0,0,60,60,0,0,0,0,60,60,0,0,0
3586,AnonymousTest,Claude Sonnet 4.6,Zero-Shot,none,0,0,1694,1694,0,0,0,0,1695,1695,0,0,0
3587,SubOptimalAssert,GPT-5.2,Zero-Shot,none,0,0,525,517,0,8,0,0,525,517,0,8,0
3588,AnonymousTest,Claude Sonnet 4.6,Zero-Shot,none,0,0,1196,1196,0,0,0,0,1197,1197,0,0,0
3589,SubOptimalAssert,GPT-5.2,Zero-Shot,none,0,0,525,517,0,8,0,0,525,517,0,8,0
3590,AnonymousTest,Claude Sonnet 4.6,Zero-Shot,none,0,0,169,168,0,1,0,0,169,168,0,1,0
3591,SubOptimalAssert,GPT-5.2,Zero-Shot,none,0,0,1196,1196,0,0,0,0,1196,1196,0,0,0
3592,SubOptimalAssert,GPT-5.2,Zero-Shot,none,0,0,1196,1196,0,0,0,0,1196,1196,0,0,0
3593,AnonymousTest,Claude Sonnet 4.6,Zero-Shot,none,0,0,1196,1196,0,0,0,0,1200,1200,0,0,0
3594,SubOptimalAssert,GPT-5.2,Zero-Shot,none,0,0,1196,1196,0,0,0,0,1196,1196,0,0,0
3595,AnonymousTest,Claude Sonnet 4.6,Zero-Shot,none,0,0,169,168,0,1,0,0,169,168,0,1,0
3596,SubOptimalAssert,GPT-5.2,Zero-Shot,none,0,0,1196,1196,0,0,0,0,1196,1196,0,0,0
3597,Magic Number,CodeLlama 34B,Zero-Shot,suites_failed_increase,1,1,235,231,1,0,3,2,235,230,2,0,3
3598,SubOptimalAssert,GPT-5.2,Zero-Shot,none,0,0,1196,1196,0,0,0,0,1200,1200,0,0,0
3599,SubOptimalAssert,GPT-5.2,Zero-Shot,none,0,0,562,562,0,0,0,0,562,562,0,0,0
3600,VerboseStatement,Claude Sonnet 4.6,Zero-Shot,none,0,1,235,231,1,0,3,1,235,231,1,0,3
3601,SubOptimalAssert,GPT-5.2,Zero-Shot,none,0,0,3010,3010,0,0,0,0,3010,3010,0,0,0
3602,SubOptimalAssert,GPT-5.2,Zero-Shot,none,0,0,462,455,0,7,0,0,462,455,0,7,0
3603,SubOptimalAssert,GPT-5.2,Zero-Shot,none,0,0,47,47,0,0,0,0,47,47,0,0,0
3604,SubOptimalAssert,GPT-5.2,Zero-Shot,none,0,0,47,47,0,0,0,0,47,47,0,0,0
3605,VerboseStatement,Claude Sonnet 4.6,Zero-Shot,none,0,0,254,243,0,11,0,0,254,243,0,11,0
3606,Magic Number,CodeLlama 34B,Zero-Shot,suites_failed_increase,1,0,525,517,0,8,0,1,0,0,0,8,0
3607,SubOptimalAssert,GPT-5.2,Zero-Shot,none,0,0,47,47,0,0,0,0,12,11,1,0,0
3608,SubOptimalAssert,GPT-5.2,Zero-Shot,none,0,0,3010,3010,0,0,0,0,3010,3010,0,0,0
3609,Magic Number,CodeLlama 34B,Zero-Shot,none,0,0,525,517,0,8,0,0,525,517,0,8,0
3610,VerboseStatement,Claude Sonnet 4.6,Zero-Shot,none,0,0,254,243,0,11,0,0,254,243,0,11,0
3611,OvercommentedTest,GPT-5.2,Zero-Shot,suites_failed_increase,1,1,235,231,1,0,3,2,235,230,2,0,3
3612,VerboseStatement,Claude Sonnet 4.6,Zero-Shot,none,0,0,150,149,0,1,0,0,150,149,0,1,0
3613,OvercommentedTest,GPT-5.2,Zero-Shot,none,0,1,235,231,1,0,3,1,235,231,1,0,3
3614,Magic Number,CodeLlama 34B,Zero-Shot,none,0,0,1196,1196,0,0,0,0,1196,1196,0,0,0
3615,OvercommentedTest,GPT-5.2,Zero-Shot,none,0,1,235,231,1,0,3,1,235,230,2,0,3
3616,VerboseStatement,Claude Sonnet 4.6,Zero-Shot,none,0,0,150,149,0,1,0,0,150,149,0,1,0
3617,OvercommentedTest,GPT-5.2,Zero-Shot,none,0,1,235,231,1,0,3,1,235,230,2,0,3
3618,OvercommentedTest,GPT-5.2,Zero-Shot,suites_failed_increase,1,0,525,517,0,8,0,1,0,0,0,8,0
3619,OvercommentedTest,GPT-5.2,Zero-Shot,none,0,0,525,517,0,8,0,0,525,517,0,8,0
3620,VerboseStatement,Claude Sonnet 4.6,Zero-Shot,suites_failed_increase,1,0,525,517,0,8,0,1,0,0,0,8,0
3621,Magic Number,CodeLlama 34B,Zero-Shot,none,0,0,1196,1196,0,0,0,0,1196,1196,0,0,0
3622,VerboseStatement,Claude Sonnet 4.6,Zero-Shot,suites_failed_increase,1,0,525,517,0,8,0,1,0,0,0,8,0
3623,OvercommentedTest,GPT-5.2,Zero-Shot,suites_failed_increase,1,0,525,517,0,8,0,1,0,0,0,8,0
3624,Magic Number,CodeLlama 34B,Zero-Shot,none,0,0,169,168,0,1,0,0,169,168,0,1,0
3625,OvercommentedTest,GPT-5.2,Zero-Shot,none,0,0,525,517,0,8,0,0,525,517,0,8,0
3626,VerboseStatement,Claude Sonnet 4.6,Zero-Shot,none,0,0,645,634,0,11,0,0,645,634,0,11,0
3627,VerboseStatement,Claude Sonnet 4.6,Zero-Shot,none,0,0,645,634,0,11,0,0,645,634,0,11,0
3628,OvercommentedTest,GPT-5.2,Zero-Shot,none,0,0,525,517,0,8,0,0,525,517,0,8,0
3629,VerboseStatement,Claude Sonnet 4.6,Zero-Shot,none,0,0,645,634,0,11,0,0,645,634,0,11,0
3630,VerboseStatement,Claude Sonnet 4.6,Zero-Shot,none,0,0,1196,1196,0,0,0,0,1196,1196,0,0,0
3631,Magic Number,CodeLlama 34B,Zero-Shot,suites_failed_increase,1,0,169,168,0,1,0,1,0,0,0,1,0
3632,OvercommentedTest,GPT-5.2,Zero-Shot,none,0,0,525,517,0,8,0,0,525,517,0,8,0
3633,Magic Number,CodeLlama 34B,Zero-Shot,none,0,0,169,168,0,1,0,0,169,168,0,1,0
3634,OvercommentedTest,GPT-5.2,Zero-Shot,none,0,0,645,634,0,11,0,0,645,634,0,11,0
3635,VerboseStatement,Claude Sonnet 4.6,Zero-Shot,none,0,0,1196,1196,0,0,0,0,1196,1196,0,0,0
3636,OvercommentedTest,GPT-5.2,Zero-Shot,none,0,0,562,562,0,0,0,0,562,562,0,0,0
3637,VerboseStatement,Claude Sonnet 4.6,Zero-Shot,none,0,0,1196,1196,0,0,0,0,1196,1196,0,0,0
3638,OvercommentedTest,GPT-5.2,Zero-Shot,none,0,0,645,634,0,11,0,0,645,634,0,11,0
3639,Magic Number,CodeLlama 34B,Zero-Shot,suites_failed_increase,1,0,169,168,0,1,0,1,0,0,0,1,0
3640,VerboseStatement,Claude Sonnet 4.6,Zero-Shot,none,0,0,562,562,0,0,0,0,562,562,0,0,0
3641,OvercommentedTest,GPT-5.2,Zero-Shot,none,0,0,76,73,0,3,0,0,76,73,0,3,0
3642,Magic Number,CodeLlama 34B,Zero-Shot,none,0,0,169,168,0,1,0,0,169,168,0,1,0
3643,OvercommentedTest,GPT-5.2,Zero-Shot,none,0,0,645,634,0,11,0,0,645,634,0,11,0
3644,VerboseStatement,Claude Sonnet 4.6,Zero-Shot,none,0,0,3010,3010,0,0,0,0,3010,3010,0,0,0
3645,AnonymousTest,GPT-5.2,Zero-Shot,none,0,0,1694,1694,0,0,0,0,1694,1694,0,0,0
3646,Magic Number,CodeLlama 34B,Zero-Shot,none,0,0,169,168,0,1,0,0,169,168,0,1,0
3647,AnonymousTest,GPT-5.2,Zero-Shot,none,0,0,1694,1694,0,0,0,0,1694,1694,0,0,0
3648,Sleepy Test,Claude Sonnet 4.6,Zero-Shot,none,0,1,235,231,1,0,3,1,235,231,1,0,3
3649,Sleepy Test,Claude Sonnet 4.6,Zero-Shot,suites_failed_increase,1,1,235,231,1,0,3,2,235,230,2,0,3
3650,AnonymousTest,GPT-5.2,Zero-Shot,none,0,0,1694,1694,0,0,0,0,1699,1699,0,0,0
3651,Magic Number,CodeLlama 34B,Zero-Shot,suites_failed_increase,1,0,169,168,0,1,0,1,0,0,0,1,0
3652,AnonymousTest,GPT-5.2,Zero-Shot,none,0,0,1694,1694,0,0,0,0,1694,1694,0,0,0
3653,AnonymousTest,GPT-5.2,Zero-Shot,none,0,0,1694,1694,0,0,0,0,1699,1699,0,0,0
3654,AnonymousTest,GPT-5.2,Zero-Shot,none,0,0,462,455,0,7,0,0,462,455,0,7,0
3655,Sleepy Test,Claude Sonnet 4.6,Zero-Shot,suites_failed_increase,1,1,235,231,1,0,3,2,235,230,2,0,3
3656,Magic Number,CodeLlama 34B,Zero-Shot,suites_failed_increase,1,0,169,168,0,1,0,1,0,0,0,1,0
3657,Sleepy Test,Claude Sonnet 4.6,Zero-Shot,none,0,1,235,231,1,0,3,1,235,231,1,0,3
3658,AnonymousTest,GPT-5.2,Zero-Shot,none,0,0,462,455,0,7,0,0,462,455,0,7,0
3659,Sleepy Test,Claude Sonnet 4.6,Zero-Shot,suites_failed_increase,1,1,235,231,1,0,3,2,235,229,3,0,3
3660,AnonymousTest,GPT-5.2,Zero-Shot,none,0,0,76,73,0,3,0,0,76,73,0,3,0
3661,Sleepy Test,Claude Sonnet 4.6,Zero-Shot,none,0,0,645,634,0,11,0,0,645,634,0,11,0
3662,Magic Number,CodeLlama 34B,Zero-Shot,suites_failed_increase,1,0,169,168,0,1,0,1,0,0,0,1,0
3663,AnonymousTest,GPT-5.2,Zero-Shot,none,0,0,1694,1694,0,0,0,0,1698,1698,0,0,0
3664,Sleepy Test,Claude Sonnet 4.6,Zero-Shot,none,0,0,645,634,0,11,0,0,645,634,0,11,0
3665,Sleepy Test,Claude Sonnet 4.6,Zero-Shot,none,0,0,645,634,0,11,0,0,645,634,0,11,0
3666,AnonymousTest,GPT-5.2,Zero-Shot,none,0,0,1694,1694,0,0,0,0,1694,1694,0,0,0
3667,AnonymousTest,GPT-5.2,Zero-Shot,none,0,0,1196,1196,0,0,0,0,1196,1196,0,0,0
3668,Sleepy Test,Claude Sonnet 4.6,Zero-Shot,none,0,0,645,634,0,11,0,0,645,634,0,11,0
3669,AnonymousTest,GPT-5.2,Zero-Shot,none,0,0,169,168,0,1,0,0,169,168,0,1,0
3670,Sleepy Test,Claude Sonnet 4.6,Zero-Shot,none,0,0,645,634,0,11,0,0,645,634,0,11,0
3671,SubOptimalAssert,CodeLlama 34B,Zero-Shot,suites_failed_increase,1,0,60,60,0,0,0,1,60,59,1,0,0
3672,AnonymousTest,GPT-5.2,Zero-Shot,none,0,0,1196,1196,0,0,0,0,1200,1200,0,0,0
3673,Sleepy Test,Claude Sonnet 4.6,Zero-Shot,none,0,0,645,634,0,11,0,0,645,634,0,11,0
3674,AnonymousTest,GPT-5.2,Zero-Shot,none,0,0,169,168,0,1,0,0,169,168,0,1,0
3675,SubOptimalAssert,CodeLlama 34B,Zero-Shot,none,0,0,525,517,0,8,0,0,525,517,0,8,0
3676,Sleepy Test,Claude Sonnet 4.6,Zero-Shot,none,0,0,169,168,0,1,0,0,169,168,0,1,0
3677,VerboseStatement,GPT-5.2,Zero-Shot,none,0,1,235,231,1,0,3,1,235,231,1,0,3
3678,Sleepy Test,Claude Sonnet 4.6,Zero-Shot,none,0,0,3010,3010,0,0,0,0,3010,3010,0,0,0
3679,SubOptimalAssert,CodeLlama 34B,Zero-Shot,none,0,0,525,517,0,8,0,0,525,517,0,8,0
3680,Sleepy Test,Claude Sonnet 4.6,Zero-Shot,none,0,0,47,47,0,0,0,0,47,47,0,0,0
3681,Sleepy Test,Claude Sonnet 4.6,Zero-Shot,none,0,0,47,47,0,0,0,0,47,47,0,0,0
3682,VerboseStatement,GPT-5.2,Zero-Shot,none,0,0,254,243,0,11,0,0,254,243,0,11,0
3683,SubOptimalAssert,CodeLlama 34B,Zero-Shot,none,0,0,1196,1196,0,0,0,0,1196,1196,0,0,0
3684,ConditionalTestLogic,Claude Sonnet 4.6,Zero-Shot,none,0,0,1694,1694,0,0,0,0,1694,1694,0,0,0
3685,SubOptimalAssert,CodeLlama 34B,Zero-Shot,none,0,0,1196,1196,0,0,0,0,1196,1196,0,0,0
3686,VerboseStatement,GPT-5.2,Zero-Shot,none,0,0,254,243,0,11,0,0,254,243,0,11,0
3687,SubOptimalAssert,CodeLlama 34B,Zero-Shot,none,0,0,1196,1196,0,0,0,0,1196,1196,0,0,0
3688,VerboseStatement,GPT-5.2,Zero-Shot,none,0,0,150,149,0,1,0,0,150,149,0,1,0
3689,SubOptimalAssert,CodeLlama 34B,Zero-Shot,none,0,0,1196,1196,0,0,0,0,1196,1196,0,0,0
3690,VerboseStatement,GPT-5.2,Zero-Shot,none,0,0,150,149,0,1,0,0,150,149,0,1,0
3691,ConditionalTestLogic,Claude Sonnet 4.6,Zero-Shot,none,0,0,1694,1694,0,0,0,0,1694,1694,0,0,0
3692,SubOptimalAssert,CodeLlama 34B,Zero-Shot,none,0,0,1196,1196,0,0,0,0,1196,1196,0,0,0
3693,SubOptimalAssert,CodeLlama 34B,Zero-Shot,none,0,0,562,562,0,0,0,0,562,562,0,0,0
3694,VerboseStatement,GPT-5.2,Zero-Shot,none,0,0,525,517,0,8,0,0,525,517,0,8,0
3695,ConditionalTestLogic,Claude Sonnet 4.6,Zero-Shot,none,0,0,1694,1694,0,0,0,0,1694,1694,0,0,0
3696,ConditionalTestLogic,Claude Sonnet 4.6,Zero-Shot,suites_failed_increase,1,0,1694,1694,0,0,0,1,1689,1688,1,0,0
3697,ConditionalTestLogic,Claude Sonnet 4.6,Zero-Shot,none,0,0,1694,1694,0,0,0,0,1694,1694,0,0,0
3698,VerboseStatement,GPT-5.2,Zero-Shot,none,0,0,525,517,0,8,0,0,525,517,0,8,0
3699,ConditionalTestLogic,Claude Sonnet 4.6,Zero-Shot,none,0,0,1694,1694,0,0,0,0,1694,1694,0,0,0
3700,SubOptimalAssert,CodeLlama 34B,Zero-Shot,none,0,0,3010,3010,0,0,0,0,3011,3011,0,0,0
3701,ConditionalTestLogic,Claude Sonnet 4.6,Zero-Shot,none,0,0,1694,1694,0,0,0,0,1695,1695,0,0,0
3702,VerboseStatement,GPT-5.2,Zero-Shot,none,0,0,645,634,0,11,0,0,645,634,0,11,0
3703,VerboseStatement,GPT-5.2,Zero-Shot,none,0,0,645,634,0,11,0,0,645,634,0,11,0
3704,SubOptimalAssert,CodeLlama 34B,Zero-Shot,suites_failed_increase,1,0,462,455,0,7,0,1,0,0,0,7,0
3705,VerboseStatement,GPT-5.2,Zero-Shot,none,0,0,645,634,0,11,0,0,645,634,0,11,0
3706,SubOptimalAssert,CodeLlama 34B,Zero-Shot,none,0,0,47,47,0,0,0,0,47,47,0,0,0
3707,VerboseStatement,GPT-5.2,Zero-Shot,none,0,0,1196,1196,0,0,0,0,1196,1196,0,0,0
3708,ConditionalTestLogic,Claude Sonnet 4.6,Zero-Shot,none,0,0,1694,1694,0,0,0,0,1694,1694,0,0,0
3709,ConditionalTestLogic,Claude Sonnet 4.6,Zero-Shot,none,0,0,1694,1694,0,0,0,0,1695,1695,0,0,0
3710,ConditionalTestLogic,Claude Sonnet 4.6,Zero-Shot,suites_failed_increase,1,0,481,478,0,3,0,1,0,0,0,3,0
3711,VerboseStatement,GPT-5.2,Zero-Shot,none,0,0,1196,1196,0,0,0,0,1196,1196,0,0,0
3712,ConditionalTestLogic,Claude Sonnet 4.6,Zero-Shot,none,0,1,235,231,1,0,3,1,235,231,1,0,3
3713,ConditionalTestLogic,Claude Sonnet 4.6,Zero-Shot,none,0,0,525,517,0,8,0,0,525,517,0,8,0
3714,VerboseStatement,GPT-5.2,Zero-Shot,none,0,0,1196,1196,0,0,0,0,1196,1196,0,0,0
3715,SubOptimalAssert,CodeLlama 34B,Zero-Shot,none,0,0,47,47,0,0,0,0,47,47,0,0,0
3716,ConditionalTestLogic,Claude Sonnet 4.6,Zero-Shot,none,0,0,525,517,0,8,0,0,525,517,0,8,0
3717,ConditionalTestLogic,Claude Sonnet 4.6,Zero-Shot,suites_failed_increase,1,0,525,517,0,8,0,1,0,0,0,8,0
3718,VerboseStatement,GPT-5.2,Zero-Shot,none,0,0,562,562,0,0,0,0,562,562,0,0,0
3719,ConditionalTestLogic,Claude Sonnet 4.6,Zero-Shot,none,0,0,525,517,0,8,0,0,525,517,0,8,0
3720,ConditionalTestLogic,Claude Sonnet 4.6,Zero-Shot,none,0,0,525,517,0,8,0,0,525,517,0,8,0
3721,VerboseStatement,GPT-5.2,Zero-Shot,none,0,0,3010,3010,0,0,0,0,3010,3010,0,0,0
3722,SubOptimalAssert,CodeLlama 34B,Zero-Shot,none,0,0,47,47,0,0,0,0,47,47,0,0,0
3723,ConditionalTestLogic,Claude Sonnet 4.6,Zero-Shot,none,0,0,525,517,0,8,0,0,525,517,0,8,0
3724,ConditionalTestLogic,Claude Sonnet 4.6,Zero-Shot,suites_failed_increase,1,0,525,517,0,8,0,1,0,0,0,8,0
3725,Sleepy Test,GPT-5.2,Zero-Shot,none,0,1,235,231,1,0,3,1,235,230,2,0,3
3726,SubOptimalAssert,CodeLlama 34B,Zero-Shot,suites_failed_increase,1,0,3010,3010,0,0,0,1,3010,3009,1,0,0
3727,ConditionalTestLogic,Claude Sonnet 4.6,Zero-Shot,none,0,0,645,634,0,11,0,0,645,634,0,11,0
3728,Sleepy Test,GPT-5.2,Zero-Shot,suites_failed_increase,1,1,235,231,1,0,3,2,235,230,2,0,3
3729,ConditionalTestLogic,Claude Sonnet 4.6,Zero-Shot,none,0,0,1196,1196,0,0,0,0,1196,1196,0,0,0
3730,Exception Handling,Claude Sonnet 4.6,Zero-Shot,none,0,0,1367,1367,0,0,0,0,1367,1367,0,0,0
3731,Exception Handling,Claude Sonnet 4.6,Zero-Shot,suites_failed_increase,1,0,1367,1367,0,0,0,1,1367,1366,1,0,0
3732,Sleepy Test,GPT-5.2,Zero-Shot,suites_failed_increase,1,1,235,231,1,0,3,2,235,230,2,0,3
3733,Exception Handling,Claude Sonnet 4.6,Zero-Shot,none,0,0,1694,1694,0,0,0,0,1694,1694,0,0,0
3734,Sleepy Test,GPT-5.2,Zero-Shot,none,0,1,235,231,1,0,3,1,235,230,2,0,3
3735,Exception Handling,Claude Sonnet 4.6,Zero-Shot,none,0,0,1694,1694,0,0,0,0,1694,1694,0,0,0
3736,OvercommentedTest,CodeLlama 34B,Zero-Shot,none,0,1,235,231,1,0,3,1,235,231,1,0,3
3737,Exception Handling,Claude Sonnet 4.6,Zero-Shot,none,0,0,462,455,0,7,0,0,462,455,0,7,0
3738,Sleepy Test,GPT-5.2,Zero-Shot,none,0,1,235,231,1,0,3,1,235,231,1,0,3
3739,Exception Handling,Claude Sonnet 4.6,Zero-Shot,none,0,0,242,242,0,0,0,0,242,242,0,0,0
3740,Exception Handling,Claude Sonnet 4.6,Zero-Shot,none,0,0,208,207,0,1,0,0,67,66,1,0,0
3741,Sleepy Test,GPT-5.2,Zero-Shot,none,0,0,645,634,0,11,0,0,645,634,0,11,0
3742,Sleepy Test,GPT-5.2,Zero-Shot,none,0,0,645,634,0,11,0,0,645,634,0,11,0
3743,Exception Handling,Claude Sonnet 4.6,Zero-Shot,none,0,0,525,517,0,8,0,0,525,517,0,8,0
3744,Exception Handling,Claude Sonnet 4.6,Zero-Shot,none,0,0,525,517,0,8,0,0,525,517,0,8,0
3745,Sleepy Test,GPT-5.2,Zero-Shot,none,0,0,645,634,0,11,0,0,645,634,0,11,0
3746,Exception Handling,Claude Sonnet 4.6,Zero-Shot,none,0,0,525,517,0,8,0,0,525,517,0,8,0
3747,Sleepy Test,GPT-5.2,Zero-Shot,none,0,0,645,634,0,11,0,0,645,634,0,11,0
3748,OvercommentedTest,CodeLlama 34B,Zero-Shot,none,0,1,235,231,1,0,3,1,235,230,2,0,3
3749,Exception Handling,Claude Sonnet 4.6,Zero-Shot,none,0,0,44,44,0,0,0,0,44,44,0,0,0
3750,Sleepy Test,GPT-5.2,Zero-Shot,none,0,0,645,634,0,11,0,0,645,634,0,11,0
3751,Sleepy Test,GPT-5.2,Zero-Shot,none,0,0,645,634,0,11,0,0,645,634,0,11,0
3752,Exception Handling,Claude Sonnet 4.6,Zero-Shot,none,0,0,1694,1694,0,0,0,0,1694,1694,0,0,0
3753,Exception Handling,Claude Sonnet 4.6,Zero-Shot,none,0,0,1367,1367,0,0,0,0,1367,1367,0,0,0
3754,OvercommentedTest,CodeLlama 34B,Zero-Shot,none,0,1,235,231,1,0,3,1,235,231,1,0,3
3755,Sleepy Test,GPT-5.2,Zero-Shot,suites_failed_increase,1,0,169,168,0,1,0,1,0,0,0,1,0
3756,Exception Handling,Claude Sonnet 4.6,Zero-Shot,none,0,0,1367,1367,0,0,0,0,1367,1367,0,0,0
3757,Sleepy Test,GPT-5.2,Zero-Shot,none,0,0,3010,3010,0,0,0,0,3010,3010,0,0,0
3758,Exception Handling,Claude Sonnet 4.6,Zero-Shot,none,0,0,1367,1367,0,0,0,0,1367,1367,0,0,0
3759,Exception Handling,Claude Sonnet 4.6,Zero-Shot,none,0,0,1367,1367,0,0,0,0,1367,1367,0,0,0
3760,Sleepy Test,GPT-5.2,Zero-Shot,none,0,0,47,47,0,0,0,0,47,47,0,0,0
3761,Exception Handling,Claude Sonnet 4.6,Zero-Shot,none,0,0,1367,1367,0,0,0,0,1367,1367,0,0,0
3762,Sleepy Test,GPT-5.2,Zero-Shot,none,0,0,47,47,0,0,0,0,47,47,0,0,0
3763,Exception Handling,Claude Sonnet 4.6,Zero-Shot,none,0,0,1367,1367,0,0,0,0,1367,1367,0,0,0
3764,OvercommentedTest,CodeLlama 34B,Zero-Shot,none,0,1,235,231,1,0,3,1,235,231,1,0,3
3765,Exception Handling,Claude Sonnet 4.6,Zero-Shot,none,0,0,1367,1367,0,0,0,0,1367,1367,0,0,0
3766,Exception Handling,Claude Sonnet 4.6,Zero-Shot,suites_failed_increase,1,0,462,455,0,7,0,1,0,0,0,7,0
3767,ConditionalTestLogic,GPT-5.2,Zero-Shot,none,0,0,1694,1694,0,0,0,0,1694,1694,0,0,0
3768,Duplicate Assert,Claude Sonnet 4.6,Zero-Shot,none,0,0,1367,1367,0,0,0,0,1367,1367,0,0,0
3769,Duplicate Assert,Claude Sonnet 4.6,Zero-Shot,none,0,0,1367,1367,0,0,0,0,1367,1367,0,0,0
3770,OvercommentedTest,CodeLlama 34B,Zero-Shot,none,0,0,525,517,0,8,0,0,525,517,0,8,0
3771,Duplicate Assert,Claude Sonnet 4.6,Zero-Shot,none,0,0,1367,1367,0,0,0,0,1367,1367,0,0,0
3772,Duplicate Assert,Claude Sonnet 4.6,Zero-Shot,none,0,0,1367,1367,0,0,0,0,1367,1367,0,0,0
3773,Duplicate Assert,Claude Sonnet 4.6,Zero-Shot,none,0,0,3010,3010,0,0,0,0,3010,3010,0,0,0
3774,Magic Number,Claude Sonnet 4.6,Zero-Shot,none,0,0,1367,1367,0,0,0,0,1367,1367,0,0,0
3775,OvercommentedTest,CodeLlama 34B,Zero-Shot,none,0,0,525,517,0,8,0,0,525,517,0,8,0
3776,ConditionalTestLogic,GPT-5.2,Zero-Shot,none,0,0,1694,1694,0,0,0,0,1694,1694,0,0,0
3777,Magic Number,Claude Sonnet 4.6,Zero-Shot,none,0,0,242,242,0,0,0,0,242,242,0,0,0
3778,Magic Number,Claude Sonnet 4.6,Zero-Shot,none,0,0,208,207,0,1,0,0,208,207,0,1,0
3779,ConditionalTestLogic,GPT-5.2,Zero-Shot,none,0,0,1694,1694,0,0,0,0,1694,1694,0,0,0
3780,Sleepy Test,Claude Sonnet 4.6,Zero-Shot,none,0,1,235,231,1,0,3,1,235,231,1,0,3
3781,ConditionalTestLogic,GPT-5.2,Zero-Shot,none,0,0,1694,1694,0,0,0,0,1694,1694,0,0,0
3782,Sleepy Test,Claude Sonnet 4.6,Zero-Shot,none,0,1,235,231,1,0,3,1,235,231,1,0,3
3783,ConditionalTestLogic,GPT-5.2,Zero-Shot,none,0,0,1694,1694,0,0,0,0,1694,1694,0,0,0
3784,Sleepy Test,Claude Sonnet 4.6,Zero-Shot,none,0,1,235,231,1,0,3,1,235,231,1,0,3
3785,Sleepy Test,Claude Sonnet 4.6,Zero-Shot,suites_failed_increase,1,1,235,231,1,0,3,2,235,229,3,0,3
3786,Sleepy Test,Claude Sonnet 4.6,Zero-Shot,none,0,1,235,231,1,0,3,1,235,231,1,0,3
3787,ConditionalTestLogic,GPT-5.2,Zero-Shot,none,0,0,1694,1694,0,0,0,0,1695,1694,0,1,0
3788,SubOptimalAssert,Claude Sonnet 4.6,Zero-Shot,none,0,0,1367,1367,0,0,0,0,1367,1367,0,0,0
3789,SubOptimalAssert,Claude Sonnet 4.6,Zero-Shot,none,0,0,1367,1367,0,0,0,0,1367,1367,0,0,0
3790,ConditionalTestLogic,GPT-5.2,Zero-Shot,none,0,0,1694,1694,0,0,0,0,1694,1694,0,0,0
3791,SubOptimalAssert,Claude Sonnet 4.6,Zero-Shot,none,0,0,1367,1367,0,0,0,0,1367,1367,0,0,0
3792,SubOptimalAssert,Claude Sonnet 4.6,Zero-Shot,none,0,0,1694,1694,0,0,0,0,1694,1694,0,0,0
3793,SubOptimalAssert,Claude Sonnet 4.6,Zero-Shot,none,0,0,1196,1196,0,0,0,0,1196,1196,0,0,0
3794,OvercommentedTest,Claude Sonnet 4.6,Zero-Shot,none,0,0,1694,1694,0,0,0,0,1694,1694,0,0,0
3795,OvercommentedTest,Claude Sonnet 4.6,Zero-Shot,none,0,0,1694,1694,0,0,0,0,1694,1694,0,0,0
3796,OvercommentedTest,CodeLlama 34B,Zero-Shot,none,0,0,525,517,0,8,0,0,525,517,0,8,0
3797,ConditionalTestLogic,GPT-5.2,Zero-Shot,none,0,0,1694,1694,0,0,0,0,1694,1694,0,0,0
3798,OvercommentedTest,Claude Sonnet 4.6,Zero-Shot,none,0,0,1694,1694,0,0,0,0,1694,1694,0,0,0
3799,ConditionalTestLogic,GPT-5.2,Zero-Shot,none,0,0,1694,1694,0,0,0,0,1694,1694,0,0,0
3800,ConditionalTestLogic,GPT-5.2,Zero-Shot,none,0,0,481,478,0,3,0,0,481,478,0,3,0
3801,OvercommentedTest,Claude Sonnet 4.6,Zero-Shot,none,0,0,1694,1694,0,0,0,0,1694,1694,0,0,0
3802,ConditionalTestLogic,GPT-5.2,Zero-Shot,none,0,1,235,231,1,0,3,1,235,231,1,0,3
3803,OvercommentedTest,CodeLlama 34B,Zero-Shot,none,0,0,525,517,0,8,0,0,525,517,0,8,0
3804,ConditionalTestLogic,GPT-5.2,Zero-Shot,none,0,0,525,517,0,8,0,0,525,517,0,8,0
3805,OvercommentedTest,Claude Sonnet 4.6,Zero-Shot,none,0,0,1694,1694,0,0,0,0,1694,1694,0,0,0
3806,ConditionalTestLogic,GPT-5.2,Zero-Shot,none,0,0,525,517,0,8,0,0,525,517,0,8,0
3807,AnonymousTest,Claude Sonnet 4.6,Zero-Shot,none,0,0,1367,1367,0,0,0,0,1367,1367,0,0,0
3808,ConditionalTestLogic,GPT-5.2,Zero-Shot,none,0,0,525,517,0,8,0,0,525,517,0,8,0
3809,AnonymousTest,Claude Sonnet 4.6,Zero-Shot,none,0,0,1367,1367,0,0,0,0,1367,1367,0,0,0
3810,ConditionalTestLogic,GPT-5.2,Zero-Shot,none,0,0,525,517,0,8,0,0,525,517,0,8,0
3811,AnonymousTest,Claude Sonnet 4.6,Zero-Shot,none,0,0,202,202,0,0,0,0,203,203,0,0,0
3812,AnonymousTest,Claude Sonnet 4.6,Zero-Shot,none,0,0,202,202,0,0,0,0,202,202,0,0,0
3813,ConditionalTestLogic,GPT-5.2,Zero-Shot,none,0,0,525,517,0,8,0,0,525,517,0,8,0
3814,OvercommentedTest,CodeLlama 34B,Zero-Shot,none,0,0,525,517,0,8,0,0,525,517,0,8,0
3815,AnonymousTest,Claude Sonnet 4.6,Zero-Shot,none,0,0,202,202,0,0,0,0,202,202,0,0,0
3816,ConditionalTestLogic,GPT-5.2,Zero-Shot,suites_failed_increase,1,0,525,517,0,8,0,1,0,0,0,8,0
3817,VerboseStatement,Claude Sonnet 4.6,Zero-Shot,none,0,0,1694,1694,0,0,0,0,1694,1694,0,0,0
3818,ConditionalTestLogic,GPT-5.2,Zero-Shot,suites_failed_increase,1,0,525,517,0,8,0,1,0,0,0,8,0
3819,ConditionalTestLogic,GPT-5.2,Zero-Shot,none,0,0,645,634,0,11,0,0,645,634,0,11,0
3820,VerboseStatement,Claude Sonnet 4.6,Zero-Shot,none,0,0,1694,1694,0,0,0,0,1694,1694,0,0,0
3821,ConditionalTestLogic,GPT-5.2,Zero-Shot,none,0,0,1196,1196,0,0,0,0,1205,1205,0,0,0
3822,Exception Handling,GPT-5.2,Zero-Shot,none,0,0,1367,1367,0,0,0,0,1367,1367,0,0,0
3823,VerboseStatement,Claude Sonnet 4.6,Zero-Shot,none,0,0,1694,1694,0,0,0,0,1694,1694,0,0,0
3824,Exception Handling,GPT-5.2,Zero-Shot,none,0,0,1367,1367,0,0,0,0,1367,1367,0,0,0
3825,Exception Handling,GPT-5.2,Zero-Shot,none,0,0,1694,1694,0,0,0,0,1694,1694,0,0,0
3826,VerboseStatement,Claude Sonnet 4.6,Zero-Shot,none,0,0,1694,1694,0,0,0,0,1694,1694,0,0,0
3827,Exception Handling,GPT-5.2,Zero-Shot,none,0,0,1694,1694,0,0,0,0,1694,1694,0,0,0
3828,Unknown Test,Claude Sonnet 4.6,Zero-Shot,none,0,1,235,231,1,0,3,1,235,231,1,0,3
3829,Exception Handling,GPT-5.2,Zero-Shot,none,0,0,462,455,0,7,0,0,462,455,0,7,0
3830,Unknown Test,Claude Sonnet 4.6,Zero-Shot,none,0,0,525,517,0,8,0,0,525,517,0,8,0
3831,Exception Handling,GPT-5.2,Zero-Shot,none,0,0,242,242,0,0,0,0,242,242,0,0,0
3832,Unknown Test,Claude Sonnet 4.6,Zero-Shot,none,0,0,645,634,0,11,0,0,645,633,0,11,1
3833,Exception Handling,GPT-5.2,Zero-Shot,none,0,0,208,207,0,1,0,0,166,165,1,0,0
3834,Unknown Test,Claude Sonnet 4.6,Zero-Shot,none,0,0,645,634,0,11,0,0,645,633,0,11,1
3835,Unknown Test,Claude Sonnet 4.6,Zero-Shot,none,0,0,645,634,0,11,0,0,645,633,0,11,1
3836,Exception Handling,GPT-5.2,Zero-Shot,none,0,0,525,517,0,8,0,0,525,517,0,8,0
3837,Unknown Test,Claude Sonnet 4.6,Zero-Shot,none,0,0,645,634,0,11,0,0,645,633,0,11,1
3838,Exception Handling,GPT-5.2,Zero-Shot,none,0,0,525,517,0,8,0,0,525,517,0,8,0
3839,OvercommentedTest,CodeLlama 34B,Zero-Shot,none,0,0,525,517,0,8,0,0,525,517,0,8,0
3840,Unknown Test,Claude Sonnet 4.6,Zero-Shot,none,0,0,645,634,0,11,0,0,645,634,0,11,0
3841,Exception Handling,GPT-5.2,Zero-Shot,none,0,0,525,517,0,8,0,0,525,517,0,8,0
3842,Unknown Test,Claude Sonnet 4.6,Zero-Shot,none,0,0,645,634,0,11,0,0,645,633,0,11,1
3843,Exception Handling,GPT-5.2,Zero-Shot,none,0,0,44,44,0,0,0,0,44,44,0,0,0
3844,Unknown Test,Claude Sonnet 4.6,Zero-Shot,none,0,0,645,634,0,11,0,0,645,634,0,11,0
3845,Unknown Test,Claude Sonnet 4.6,Zero-Shot,none,0,0,645,634,0,11,0,0,645,633,0,11,1
3846,Unknown Test,Claude Sonnet 4.6,Zero-Shot,none,0,0,169,168,0,1,0,0,169,168,0,1,0
3847,Exception Handling,GPT-5.2,Zero-Shot,none,0,0,1694,1694,0,0,0,0,1694,1694,0,0,0
3848,Unknown Test,Claude Sonnet 4.6,Zero-Shot,none,0,0,169,168,0,1,0,0,169,168,0,1,0
3849,Exception Handling,GPT-5.2,Zero-Shot,none,0,0,1367,1367,0,0,0,0,1367,1367,0,0,0
3850,Unknown Test,Claude Sonnet 4.6,Zero-Shot,none,0,0,169,168,0,1,0,0,169,168,0,1,0
3851,Exception Handling,GPT-5.2,Zero-Shot,none,0,0,1367,1367,0,0,0,0,1367,1367,0,0,0
3852,Unknown Test,Claude Sonnet 4.6,Zero-Shot,none,0,0,169,168,0,1,0,0,169,168,0,1,0
3853,Exception Handling,GPT-5.2,Zero-Shot,none,0,0,1367,1367,0,0,0,0,1367,1367,0,0,0
3854,Unknown Test,Claude Sonnet 4.6,Zero-Shot,none,0,0,169,168,0,1,0,0,169,168,0,1,0
3855,Exception Handling,GPT-5.2,Zero-Shot,none,0,0,1367,1367,0,0,0,0,1367,1367,0,0,0
3856,Unknown Test,Claude Sonnet 4.6,Zero-Shot,none,0,0,169,168,0,1,0,0,169,168,0,1,0
3857,Unknown Test,Claude Sonnet 4.6,Zero-Shot,suites_failed_increase,1,0,169,168,0,1,0,1,0,0,0,1,0
3858,Exception Handling,GPT-5.2,Zero-Shot,none,0,0,1367,1367,0,0,0,0,1367,1367,0,0,0
3859,Unknown Test,Claude Sonnet 4.6,Zero-Shot,none,0,1,159,157,2,0,0,1,159,157,2,0,0
3860,Exception Handling,GPT-5.2,Zero-Shot,none,0,0,1367,1367,0,0,0,0,1367,1367,0,0,0
3861,Unknown Test,Claude Sonnet 4.6,Zero-Shot,none,0,0,47,47,0,0,0,0,47,47,0,0,0
3862,Exception Handling,GPT-5.2,Zero-Shot,none,0,0,1367,1367,0,0,0,0,1367,1367,0,0,0
3863,Unknown Test,Claude Sonnet 4.6,Zero-Shot,none,0,0,47,47,0,0,0,0,47,47,0,0,0
3864,Exception Handling,GPT-5.2,Zero-Shot,none,0,0,462,455,0,7,0,0,462,455,0,7,0
3865,AnonymousTest,Claude Sonnet 4.6,Zero-Shot,none,0,0,645,634,0,11,0,0,647,636,0,11,0
3866,Duplicate Assert,GPT-5.2,Zero-Shot,none,0,0,1367,1367,0,0,0,0,1367,1367,0,0,0
3867,Duplicate Assert,GPT-5.2,Zero-Shot,none,0,0,1367,1367,0,0,0,0,1367,1367,0,0,0
3868,OvercommentedTest,CodeLlama 34B,Zero-Shot,none,0,0,562,562,0,0,0,0,562,562,0,0,0
3869,VerboseStatement,Claude Sonnet 4.6,Zero-Shot,none,0,0,3010,3010,0,0,0,0,3010,3010,0,0,0
3870,Duplicate Assert,GPT-5.2,Zero-Shot,none,0,0,1367,1367,0,0,0,0,1367,1367,0,0,0
3871,Duplicate Assert,GPT-5.2,Zero-Shot,none,0,0,1367,1367,0,0,0,0,1367,1367,0,0,0
3872,OvercommentedTest,CodeLlama 34B,Zero-Shot,none,0,0,645,634,0,11,0,0,645,634,0,11,0
3873,Duplicate Assert,GPT-5.2,Zero-Shot,none,0,0,3010,3010,0,0,0,0,3010,3010,0,0,0
3874,Magic Number,GPT-5.2,Zero-Shot,none,0,0,1367,1367,0,0,0,0,1367,1367,0,0,0
3875,Magic Number,GPT-5.2,Zero-Shot,none,0,0,242,242,0,0,0,0,242,242,0,0,0
3876,Magic Number,GPT-5.2,Zero-Shot,none,0,0,208,207,0,1,0,0,208,207,0,1,0
3877,Sleepy Test,GPT-5.2,Zero-Shot,none,0,1,235,231,1,0,3,1,235,230,2,0,3
3878,OvercommentedTest,CodeLlama 34B,Zero-Shot,none,0,0,76,73,0,3,0,0,76,73,0,3,0
3879,Sleepy Test,GPT-5.2,Zero-Shot,none,0,1,235,231,1,0,3,1,235,231,1,0,3
3880,Sleepy Test,GPT-5.2,Zero-Shot,suites_failed_increase,1,1,235,231,1,0,3,2,235,230,2,0,3
3881,Sleepy Test,GPT-5.2,Zero-Shot,none,0,1,235,231,1,0,3,1,235,231,1,0,3
3882,Sleepy Test,GPT-5.2,Zero-Shot,none,0,1,235,231,1,0,3,1,235,231,1,0,3
3883,OvercommentedTest,CodeLlama 34B,Zero-Shot,none,0,0,645,634,0,11,0,0,645,634,0,11,0
3884,SubOptimalAssert,GPT-5.2,Zero-Shot,none,0,0,1367,1367,0,0,0,0,1367,1367,0,0,0
3885,SubOptimalAssert,GPT-5.2,Zero-Shot,none,0,0,1367,1367,0,0,0,0,1367,1367,0,0,0
3886,AnonymousTest,CodeLlama 34B,Zero-Shot,none,0,0,1694,1694,0,0,0,0,1694,1694,0,0,0
3887,SubOptimalAssert,GPT-5.2,Zero-Shot,none,0,0,1367,1367,0,0,0,0,1367,1367,0,0,0
3888,SubOptimalAssert,GPT-5.2,Zero-Shot,none,0,0,1694,1694,0,0,0,0,1694,1694,0,0,0
3889,SubOptimalAssert,GPT-5.2,Zero-Shot,none,0,0,1196,1196,0,0,0,0,1196,1196,0,0,0
3890,AnonymousTest,CodeLlama 34B,Zero-Shot,none,0,0,1694,1694,0,0,0,0,1694,1694,0,0,0
3891,OvercommentedTest,GPT-5.2,Zero-Shot,none,0,0,1694,1694,0,0,0,0,1694,1694,0,0,0
3892,OvercommentedTest,GPT-5.2,Zero-Shot,none,0,0,1694,1694,0,0,0,0,1694,1694,0,0,0
3893,AnonymousTest,CodeLlama 34B,Zero-Shot,none,0,0,1694,1694,0,0,0,0,1694,1694,0,0,0
3894,OvercommentedTest,GPT-5.2,Zero-Shot,none,0,0,1694,1694,0,0,0,0,1694,1694,0,0,0
3895,OvercommentedTest,GPT-5.2,Zero-Shot,none,0,0,1694,1694,0,0,0,0,1694,1694,0,0,0
3896,OvercommentedTest,GPT-5.2,Zero-Shot,none,0,0,1694,1694,0,0,0,0,1694,1694,0,0,0
3897,AnonymousTest,CodeLlama 34B,Zero-Shot,suites_failed_increase,1,0,1694,1694,0,0,0,1,1690,1690,0,0,0
3898,AnonymousTest,GPT-5.2,Zero-Shot,none,0,0,1367,1367,0,0,0,0,1367,1367,0,0,0
3899,AnonymousTest,GPT-5.2,Zero-Shot,none,0,0,1367,1367,0,0,0,0,1367,1367,0,0,0
3900,AnonymousTest,GPT-5.2,Zero-Shot,none,0,0,202,202,0,0,0,0,202,202,0,0,0
3901,AnonymousTest,GPT-5.2,Zero-Shot,none,0,0,202,202,0,0,0,0,202,202,0,0,0
3902,AnonymousTest,CodeLlama 34B,Zero-Shot,none,0,0,1694,1694,0,0,0,0,1694,1694,0,0,0
3903,AnonymousTest,GPT-5.2,Zero-Shot,none,0,0,202,202,0,0,0,0,202,202,0,0,0
3904,VerboseStatement,GPT-5.2,Zero-Shot,none,0,0,1694,1694,0,0,0,0,1694,1694,0,0,0
3905,VerboseStatement,GPT-5.2,Zero-Shot,none,0,0,1694,1694,0,0,0,0,1694,1694,0,0,0
3906,VerboseStatement,GPT-5.2,Zero-Shot,none,0,0,1694,1694,0,0,0,0,1694,1694,0,0,0
3907,VerboseStatement,GPT-5.2,Zero-Shot,none,0,0,1694,1694,0,0,0,0,1694,1694,0,0,0
3908,Unknown Test,GPT-5.2,Zero-Shot,suites_failed_increase,1,1,235,231,1,0,3,2,235,230,2,0,3
3909,Unknown Test,GPT-5.2,Zero-Shot,suites_failed_increase,1,0,525,517,0,8,0,1,0,0,0,8,0
3910,Unknown Test,GPT-5.2,Zero-Shot,none,0,0,645,634,0,11,0,0,645,633,0,11,1
3911,Unknown Test,GPT-5.2,Zero-Shot,none,0,0,645,634,0,11,0,0,645,634,0,11,0
3912,Unknown Test,GPT-5.2,Zero-Shot,none,0,0,645,634,0,11,0,0,645,633,0,11,1
3913,Unknown Test,GPT-5.2,Zero-Shot,none,0,0,645,634,0,11,0,0,645,633,0,11,1
3914,Unknown Test,GPT-5.2,Zero-Shot,none,0,0,645,634,0,11,0,0,645,634,0,11,0
3915,Unknown Test,GPT-5.2,Zero-Shot,none,0,0,645,634,0,11,0,0,645,633,0,11,1
3916,Unknown Test,GPT-5.2,Zero-Shot,none,0,0,645,634,0,11,0,0,645,633,0,11,1
3917,Unknown Test,GPT-5.2,Zero-Shot,none,0,0,645,634,0,11,0,0,645,633,0,11,1
3918,Unknown Test,GPT-5.2,Zero-Shot,suites_failed_increase,1,0,169,168,0,1,0,1,0,0,0,1,0
3919,Unknown Test,GPT-5.2,Zero-Shot,none,0,0,169,168,0,1,0,0,169,168,0,1,0
3920,Unknown Test,GPT-5.2,Zero-Shot,suites_failed_increase,1,0,169,168,0,1,0,1,0,0,0,1,0
3921,Unknown Test,GPT-5.2,Zero-Shot,suites_failed_increase,1,0,169,168,0,1,0,1,0,0,0,1,0
3922,Unknown Test,GPT-5.2,Zero-Shot,none,0,0,169,168,0,1,0,0,169,168,0,1,0
3923,Unknown Test,GPT-5.2,Zero-Shot,suites_failed_increase,1,0,169,168,0,1,0,1,0,0,0,1,0
3924,Unknown Test,GPT-5.2,Zero-Shot,none,0,0,169,168,0,1,0,0,169,168,0,1,0
3925,Unknown Test,GPT-5.2,Zero-Shot,none,0,1,159,157,2,0,0,1,159,156,3,0,0
3926,Unknown Test,GPT-5.2,Zero-Shot,none,0,0,47,47,0,0,0,0,47,47,0,0,0
3927,Unknown Test,GPT-5.2,Zero-Shot,none,0,0,47,47,0,0,0,0,47,47,0,0,0
3928,AnonymousTest,GPT-5.2,Zero-Shot,none,0,0,645,634,0,11,0,0,647,636,0,11,0
3929,VerboseStatement,GPT-5.2,Zero-Shot,none,0,0,3010,3010,0,0,0,0,3010,3010,0,0,0
3931,AnonymousTest,CodeLlama 34B,Zero-Shot,suites_failed_increase,1,0,462,455,0,7,0,1,0,0,0,7,0
3932,AnonymousTest,CodeLlama 34B,Zero-Shot,none,0,0,76,73,0,3,0,0,76,73,0,3,0
3933,AnonymousTest,CodeLlama 34B,Zero-Shot,none,0,0,1694,1694,0,0,0,0,1694,1694,0,0,0
3934,AnonymousTest,CodeLlama 34B,Zero-Shot,none,0,0,1694,1694,0,0,0,0,1694,1694,0,0,0
3935,AnonymousTest,CodeLlama 34B,Zero-Shot,none,0,0,1196,1196,0,0,0,0,1196,1196,0,0,0
3936,AnonymousTest,CodeLlama 34B,Zero-Shot,none,0,0,169,168,0,1,0,0,169,168,0,1,0
3937,AnonymousTest,CodeLlama 34B,Zero-Shot,none,0,0,1196,1196,0,0,0,0,1196,1196,0,0,0
3938,AnonymousTest,CodeLlama 34B,Zero-Shot,none,0,0,169,168,0,1,0,0,169,168,0,1,0
3939,VerboseStatement,CodeLlama 34B,Zero-Shot,none,0,1,235,231,1,0,3,1,235,231,1,0,3
3940,VerboseStatement,CodeLlama 34B,Zero-Shot,none,0,0,254,243,0,11,0,0,254,243,0,11,0
3941,Duplicate Assert,Claude Sonnet 4.6,Few-Shot,none,0,0,462,455,0,7,0,0,462,455,0,7,0
3942,Duplicate Assert,Claude Sonnet 4.6,Few-Shot,none,0,0,462,455,0,7,0,0,462,455,0,7,0
3943,Duplicate Assert,Claude Sonnet 4.6,Few-Shot,suites_failed_increase,1,0,462,455,0,7,0,1,0,0,0,7,0
3944,Duplicate Assert,GPT-5.2,Few-Shot,none,0,0,462,455,0,7,0,0,462,455,0,7,0
3945,VerboseStatement,CodeLlama 34B,Zero-Shot,none,0,0,254,243,0,11,0,0,254,243,0,11,0
3946,Duplicate Assert,Claude Sonnet 4.6,Few-Shot,none,0,0,462,455,0,7,0,0,462,455,0,7,0
3947,Duplicate Assert,GPT-5.2,Few-Shot,none,0,0,462,455,0,7,0,0,462,455,0,7,0
3948,Duplicate Assert,Claude Sonnet 4.6,Few-Shot,none,0,0,462,455,0,7,0,0,462,455,0,7,0
3949,Duplicate Assert,GPT-5.2,Few-Shot,none,0,0,462,455,0,7,0,0,462,455,0,7,0
3950,Duplicate Assert,Claude Sonnet 4.6,Few-Shot,none,0,0,242,242,0,0,0,0,242,242,0,0,0
3951,Duplicate Assert,GPT-5.2,Few-Shot,none,0,0,462,455,0,7,0,0,462,455,0,7,0
3952,Duplicate Assert,Claude Sonnet 4.6,Few-Shot,none,0,1,159,157,2,0,0,1,159,157,2,0,0
3953,Duplicate Assert,Claude Sonnet 4.6,Few-Shot,none,0,0,3010,3010,0,0,0,0,3010,3010,0,0,0
3954,Duplicate Assert,GPT-5.2,Few-Shot,none,0,0,462,455,0,7,0,0,462,455,0,7,0
3955,Duplicate Assert,Claude Sonnet 4.6,Few-Shot,none,0,0,3010,3010,0,0,0,0,3010,3010,0,0,0
3956,Duplicate Assert,GPT-5.2,Few-Shot,none,0,0,242,242,0,0,0,0,242,242,0,0,0
3957,Duplicate Assert,Claude Sonnet 4.6,Few-Shot,none,0,0,3010,3010,0,0,0,0,3010,3010,0,0,0
3958,VerboseStatement,CodeLlama 34B,Zero-Shot,none,0,0,150,149,0,1,0,0,150,149,0,1,0
3959,Duplicate Assert,Claude Sonnet 4.6,Few-Shot,none,0,0,3010,3010,0,0,0,0,3010,3010,0,0,0
3960,Duplicate Assert,GPT-5.2,Few-Shot,none,0,1,159,157,2,0,0,1,159,157,2,0,0
3961,Duplicate Assert,Claude Sonnet 4.6,Few-Shot,none,0,0,3010,3010,0,0,0,0,3010,3010,0,0,0
3962,Duplicate Assert,GPT-5.2,Few-Shot,none,0,0,3010,3010,0,0,0,0,3010,3010,0,0,0
3963,Duplicate Assert,Claude Sonnet 4.6,Few-Shot,none,0,0,3010,3010,0,0,0,0,3010,3010,0,0,0
3964,Duplicate Assert,GPT-5.2,Few-Shot,none,0,0,3010,3010,0,0,0,0,3010,3010,0,0,0
3965,Duplicate Assert,Claude Sonnet 4.6,Few-Shot,none,0,0,562,562,0,0,0,0,562,562,0,0,0
3966,Duplicate Assert,Claude Sonnet 4.6,Few-Shot,none,0,0,562,562,0,0,0,0,562,562,0,0,0
3967,Duplicate Assert,GPT-5.2,Few-Shot,none,0,0,3010,3010,0,0,0,0,3010,3010,0,0,0
3968,Magic Number,Claude Sonnet 4.6,Few-Shot,none,0,0,60,60,0,0,0,0,60,60,0,0,0
3969,Duplicate Assert,GPT-5.2,Few-Shot,none,0,0,3010,3010,0,0,0,0,3010,3010,0,0,0
3970,Magic Number,Claude Sonnet 4.6,Few-Shot,none,0,1,235,231,1,0,3,1,235,231,1,0,3
3971,Duplicate Assert,GPT-5.2,Few-Shot,none,0,0,3010,3010,0,0,0,0,3010,3010,0,0,0
3972,Magic Number,Claude Sonnet 4.6,Few-Shot,none,0,1,235,231,1,0,3,1,235,231,1,0,3
3973,Duplicate Assert,GPT-5.2,Few-Shot,none,0,0,3010,3010,0,0,0,0,3010,3010,0,0,0
3974,VerboseStatement,CodeLlama 34B,Zero-Shot,none,0,0,150,149,0,1,0,0,150,149,0,1,0
3975,Magic Number,Claude Sonnet 4.6,Few-Shot,none,0,1,235,231,1,0,3,1,235,231,1,0,3
3976,Duplicate Assert,GPT-5.2,Few-Shot,none,0,0,562,562,0,0,0,0,562,562,0,0,0
3977,Magic Number,Claude Sonnet 4.6,Few-Shot,none,0,0,525,517,0,8,0,0,525,517,0,8,0
3978,Duplicate Assert,GPT-5.2,Few-Shot,none,0,0,562,562,0,0,0,0,562,562,0,0,0
3979,Magic Number,Claude Sonnet 4.6,Few-Shot,none,0,0,525,517,0,8,0,0,525,517,0,8,0
3980,Magic Number,GPT-5.2,Few-Shot,none,0,0,60,60,0,0,0,0,60,60,0,0,0
3981,Magic Number,Claude Sonnet 4.6,Few-Shot,none,0,0,1196,1196,0,0,0,0,1196,1196,0,0,0
3982,Magic Number,Claude Sonnet 4.6,Few-Shot,none,0,0,1196,1196,0,0,0,0,1196,1196,0,0,0
3983,Magic Number,GPT-5.2,Few-Shot,none,0,1,235,231,1,0,3,1,235,231,1,0,3
3984,Magic Number,Claude Sonnet 4.6,Few-Shot,suites_failed_increase,1,0,169,168,0,1,0,1,0,0,0,1,0
3985,Magic Number,GPT-5.2,Few-Shot,none,0,1,235,231,1,0,3,1,235,231,1,0,3
3986,Magic Number,Claude Sonnet 4.6,Few-Shot,none,0,0,169,168,0,1,0,0,169,168,0,1,0
3987,Magic Number,Claude Sonnet 4.6,Few-Shot,none,0,0,169,168,0,1,0,0,169,168,0,1,0
3988,Magic Number,GPT-5.2,Few-Shot,none,0,1,235,231,1,0,3,1,235,231,1,0,3
3989,Magic Number,Claude Sonnet 4.6,Few-Shot,none,0,0,169,168,0,1,0,0,169,168,0,1,0
3990,Magic Number,Claude Sonnet 4.6,Few-Shot,none,0,0,169,168,0,1,0,0,169,168,0,1,0
3991,Magic Number,Claude Sonnet 4.6,Few-Shot,none,0,0,169,168,0,1,0,0,169,168,0,1,0
3992,Magic Number,GPT-5.2,Few-Shot,none,0,0,525,517,0,8,0,0,525,517,0,8,0
3993,Magic Number,Claude Sonnet 4.6,Few-Shot,none,0,0,169,168,0,1,0,0,169,168,0,1,0
3994,Magic Number,GPT-5.2,Few-Shot,none,0,0,525,517,0,8,0,0,525,517,0,8,0
3995,Magic Number,Claude Sonnet 4.6,Few-Shot,none,0,0,169,168,0,1,0,0,169,168,0,1,0
3996,Magic Number,GPT-5.2,Few-Shot,none,0,0,1196,1196,0,0,0,0,1196,1196,0,0,0
3997,Magic Number,Claude Sonnet 4.6,Few-Shot,none,0,0,169,168,0,1,0,0,169,168,0,1,0
3998,Magic Number,GPT-5.2,Few-Shot,none,0,0,1196,1196,0,0,0,0,1196,1196,0,0,0
3999,SubOptimalAssert,Claude Sonnet 4.6,Few-Shot,none,0,0,60,60,0,0,0,0,60,60,0,0,0
4000,SubOptimalAssert,Claude Sonnet 4.6,Few-Shot,none,0,0,525,517,0,8,0,0,525,517,0,8,0
4001,SubOptimalAssert,Claude Sonnet 4.6,Few-Shot,none,0,0,525,517,0,8,0,0,525,517,0,8,0
4002,Magic Number,GPT-5.2,Few-Shot,none,0,0,169,168,0,1,0,0,169,168,0,1,0
4003,SubOptimalAssert,Claude Sonnet 4.6,Few-Shot,none,0,0,1196,1196,0,0,0,0,1196,1196,0,0,0
4004,SubOptimalAssert,Claude Sonnet 4.6,Few-Shot,none,0,0,1196,1196,0,0,0,0,1196,1196,0,0,0
4005,Magic Number,GPT-5.2,Few-Shot,none,0,0,169,168,0,1,0,0,169,168,0,1,0
4006,VerboseStatement,CodeLlama 34B,Zero-Shot,suites_failed_increase,1,0,525,517,0,8,0,1,0,0,0,8,0
4007,SubOptimalAssert,Claude Sonnet 4.6,Few-Shot,none,0,0,1196,1196,0,0,0,0,1196,1196,0,0,0
4008,Magic Number,GPT-5.2,Few-Shot,none,0,0,169,168,0,1,0,0,169,168,0,1,0
4009,SubOptimalAssert,Claude Sonnet 4.6,Few-Shot,none,0,0,1196,1196,0,0,0,0,1196,1196,0,0,0
4010,Magic Number,GPT-5.2,Few-Shot,none,0,0,169,168,0,1,0,0,169,168,0,1,0
4011,SubOptimalAssert,Claude Sonnet 4.6,Few-Shot,none,0,0,1196,1196,0,0,0,0,1196,1196,0,0,0
4012,SubOptimalAssert,Claude Sonnet 4.6,Few-Shot,none,0,0,562,562,0,0,0,0,562,562,0,0,0
4013,Magic Number,GPT-5.2,Few-Shot,none,0,0,169,168,0,1,0,0,169,168,0,1,0
4014,Magic Number,GPT-5.2,Few-Shot,none,0,0,169,168,0,1,0,0,169,168,0,1,0
4015,SubOptimalAssert,Claude Sonnet 4.6,Few-Shot,none,0,0,3010,3010,0,0,0,0,3010,3010,0,0,0
4016,SubOptimalAssert,Claude Sonnet 4.6,Few-Shot,none,0,0,462,455,0,7,0,0,462,455,0,7,0
4017,Magic Number,GPT-5.2,Few-Shot,none,0,0,169,168,0,1,0,0,169,168,0,1,0
4018,SubOptimalAssert,Claude Sonnet 4.6,Few-Shot,none,0,0,47,47,0,0,0,0,47,47,0,0,0
4019,SubOptimalAssert,Claude Sonnet 4.6,Few-Shot,none,0,0,47,47,0,0,0,0,47,47,0,0,0
4020,Magic Number,GPT-5.2,Few-Shot,none,0,0,169,168,0,1,0,0,169,168,0,1,0
4021,Magic Number,GPT-5.2,Few-Shot,none,0,0,169,168,0,1,0,0,169,168,0,1,0
4022,SubOptimalAssert,Claude Sonnet 4.6,Few-Shot,none,0,0,47,47,0,0,0,0,47,47,0,0,0
4023,SubOptimalAssert,GPT-5.2,Few-Shot,none,0,0,60,60,0,0,0,0,60,60,0,0,0
4024,SubOptimalAssert,Claude Sonnet 4.6,Few-Shot,none,0,0,3010,3010,0,0,0,0,3010,3010,0,0,0
4025,SubOptimalAssert,GPT-5.2,Few-Shot,none,0,0,525,517,0,8,0,0,525,517,0,8,0
4026,OvercommentedTest,Claude Sonnet 4.6,Few-Shot,none,0,1,235,231,1,0,3,1,235,231,1,0,3
4027,SubOptimalAssert,GPT-5.2,Few-Shot,suites_failed_increase,1,0,525,517,0,8,0,1,0,0,0,8,0
4028,SubOptimalAssert,GPT-5.2,Few-Shot,none,0,0,1196,1196,0,0,0,0,1196,1196,0,0,0
4029,VerboseStatement,CodeLlama 34B,Zero-Shot,none,0,0,525,517,0,8,0,0,525,517,0,8,0
4030,OvercommentedTest,Claude Sonnet 4.6,Few-Shot,none,0,1,235,231,1,0,3,1,235,231,1,0,3
4031,SubOptimalAssert,GPT-5.2,Few-Shot,none,0,0,1196,1196,0,0,0,0,1196,1196,0,0,0
4032,SubOptimalAssert,GPT-5.2,Few-Shot,none,0,0,1196,1196,0,0,0,0,1196,1196,0,0,0
4033,OvercommentedTest,Claude Sonnet 4.6,Few-Shot,none,0,1,235,231,1,0,3,1,235,231,1,0,3
4034,SubOptimalAssert,GPT-5.2,Few-Shot,none,0,0,1196,1196,0,0,0,0,1196,1196,0,0,0
4035,OvercommentedTest,Claude Sonnet 4.6,Few-Shot,none,0,1,235,231,1,0,3,1,235,231,1,0,3
4036,SubOptimalAssert,GPT-5.2,Few-Shot,none,0,0,1196,1196,0,0,0,0,1196,1196,0,0,0
4037,OvercommentedTest,Claude Sonnet 4.6,Few-Shot,none,0,0,525,517,0,8,0,0,525,517,0,8,0
4038,SubOptimalAssert,GPT-5.2,Few-Shot,none,0,0,562,562,0,0,0,0,562,562,0,0,0
4039,SubOptimalAssert,GPT-5.2,Few-Shot,none,0,0,3010,3010,0,0,0,0,3010,3010,0,0,0
4040,OvercommentedTest,Claude Sonnet 4.6,Few-Shot,none,0,0,525,517,0,8,0,0,525,517,0,8,0
4041,SubOptimalAssert,GPT-5.2,Few-Shot,none,0,0,462,455,0,7,0,0,462,455,0,7,0
4042,VerboseStatement,CodeLlama 34B,Zero-Shot,none,0,0,645,634,0,11,0,0,645,634,0,11,0
4043,SubOptimalAssert,GPT-5.2,Few-Shot,none,0,0,47,47,0,0,0,0,47,47,0,0,0
4044,SubOptimalAssert,GPT-5.2,Few-Shot,none,0,0,47,47,0,0,0,0,47,47,0,0,0
4045,OvercommentedTest,Claude Sonnet 4.6,Few-Shot,none,0,0,525,517,0,8,0,0,525,517,0,8,0
4046,SubOptimalAssert,GPT-5.2,Few-Shot,none,0,0,47,47,0,0,0,0,12,11,1,0,0
4047,OvercommentedTest,Claude Sonnet 4.6,Few-Shot,none,0,0,525,517,0,8,0,0,525,517,0,8,0
4048,SubOptimalAssert,GPT-5.2,Few-Shot,suites_failed_increase,1,0,3010,3010,0,0,0,1,3010,3009,1,0,0
4049,OvercommentedTest,Claude Sonnet 4.6,Few-Shot,none,0,0,525,517,0,8,0,0,525,517,0,8,0
4050,OvercommentedTest,GPT-5.2,Few-Shot,none,0,1,235,231,1,0,3,1,235,231,1,0,3
4051,OvercommentedTest,GPT-5.2,Few-Shot,none,0,1,235,231,1,0,3,1,235,231,1,0,3
4052,OvercommentedTest,GPT-5.2,Few-Shot,none,0,1,235,231,1,0,3,1,235,231,1,0,3
4053,OvercommentedTest,Claude Sonnet 4.6,Few-Shot,none,0,0,525,517,0,8,0,0,525,517,0,8,0
4054,OvercommentedTest,GPT-5.2,Few-Shot,none,0,1,235,231,1,0,3,1,235,230,2,0,3
4055,OvercommentedTest,GPT-5.2,Few-Shot,none,0,0,525,517,0,8,0,0,525,517,0,8,0
4056,OvercommentedTest,Claude Sonnet 4.6,Few-Shot,none,0,0,645,634,0,11,0,0,645,634,0,11,0
4057,OvercommentedTest,Claude Sonnet 4.6,Few-Shot,none,0,0,562,562,0,0,0,0,562,562,0,0,0
4058,OvercommentedTest,GPT-5.2,Few-Shot,none,0,0,525,517,0,8,0,0,525,517,0,8,0
4059,VerboseStatement,CodeLlama 34B,Zero-Shot,none,0,0,645,634,0,11,0,0,645,632,0,11,2
4060,OvercommentedTest,Claude Sonnet 4.6,Few-Shot,none,0,0,645,634,0,11,0,0,645,634,0,11,0
4061,OvercommentedTest,Claude Sonnet 4.6,Few-Shot,none,0,0,76,73,0,3,0,0,76,73,0,3,0
4062,OvercommentedTest,Claude Sonnet 4.6,Few-Shot,none,0,0,645,634,0,11,0,0,645,634,0,11,0
4063,OvercommentedTest,GPT-5.2,Few-Shot,none,0,0,525,517,0,8,0,0,525,517,0,8,0
4064,AnonymousTest,Claude Sonnet 4.6,Few-Shot,none,0,0,1694,1694,0,0,0,0,1694,1694,0,0,0
4065,AnonymousTest,Claude Sonnet 4.6,Few-Shot,none,0,0,1694,1694,0,0,0,0,1694,1694,0,0,0
4066,OvercommentedTest,GPT-5.2,Few-Shot,none,0,0,525,517,0,8,0,0,525,517,0,8,0
4067,VerboseStatement,CodeLlama 34B,Zero-Shot,none,0,0,645,634,0,11,0,0,645,634,0,11,0
4068,AnonymousTest,Claude Sonnet 4.6,Few-Shot,none,0,0,1694,1694,0,0,0,0,1699,1699,0,0,0
4069,OvercommentedTest,GPT-5.2,Few-Shot,none,0,0,525,517,0,8,0,0,525,517,0,8,0
4070,AnonymousTest,Claude Sonnet 4.6,Few-Shot,none,0,0,1694,1694,0,0,0,0,1694,1694,0,0,0
4071,AnonymousTest,Claude Sonnet 4.6,Few-Shot,none,0,0,1694,1694,0,0,0,0,1694,1694,0,0,0
4072,AnonymousTest,Claude Sonnet 4.6,Few-Shot,none,0,0,462,455,0,7,0,0,462,455,0,7,0
4073,AnonymousTest,Claude Sonnet 4.6,Few-Shot,none,0,0,462,455,0,7,0,0,462,455,0,7,0
4074,OvercommentedTest,GPT-5.2,Few-Shot,none,0,0,525,517,0,8,0,0,525,517,0,8,0
4075,AnonymousTest,Claude Sonnet 4.6,Few-Shot,none,0,0,76,73,0,3,0,0,76,73,0,3,0
4076,AnonymousTest,Claude Sonnet 4.6,Few-Shot,none,0,0,1694,1694,0,0,0,0,1694,1694,0,0,0
4077,OvercommentedTest,GPT-5.2,Few-Shot,none,0,0,645,634,0,11,0,0,645,634,0,11,0
4078,AnonymousTest,Claude Sonnet 4.6,Few-Shot,none,0,0,1694,1694,0,0,0,0,1694,1694,0,0,0
4079,AnonymousTest,Claude Sonnet 4.6,Few-Shot,none,0,0,1196,1196,0,0,0,0,1197,1197,0,0,0
4080,OvercommentedTest,GPT-5.2,Few-Shot,none,0,0,562,562,0,0,0,0,562,562,0,0,0
4081,AnonymousTest,Claude Sonnet 4.6,Few-Shot,none,0,0,169,168,0,1,0,0,169,168,0,1,0
4082,VerboseStatement,CodeLlama 34B,Zero-Shot,none,0,0,1196,1196,0,0,0,0,1196,1196,0,0,0
4083,OvercommentedTest,GPT-5.2,Few-Shot,none,0,0,645,634,0,11,0,0,645,634,0,11,0
4084,AnonymousTest,Claude Sonnet 4.6,Few-Shot,none,0,0,1196,1196,0,0,0,0,1200,1200,0,0,0
4085,AnonymousTest,Claude Sonnet 4.6,Few-Shot,none,0,0,169,168,0,1,0,0,169,168,0,1,0
4086,OvercommentedTest,GPT-5.2,Few-Shot,none,0,0,76,73,0,3,0,0,76,73,0,3,0
4087,VerboseStatement,Claude Sonnet 4.6,Few-Shot,none,0,1,235,231,1,0,3,1,235,231,1,0,3
4088,OvercommentedTest,GPT-5.2,Few-Shot,none,0,0,645,634,0,11,0,0,645,634,0,11,0
4089,AnonymousTest,GPT-5.2,Few-Shot,none,0,0,1694,1694,0,0,0,0,1694,1694,0,0,0
4090,AnonymousTest,GPT-5.2,Few-Shot,none,0,0,1694,1694,0,0,0,0,1694,1694,0,0,0
4091,VerboseStatement,CodeLlama 34B,Zero-Shot,suites_failed_increase,1,0,1196,1196,0,0,0,1,1196,1195,1,0,0
4092,VerboseStatement,Claude Sonnet 4.6,Few-Shot,none,0,0,254,243,0,11,0,0,254,243,0,11,0
4093,AnonymousTest,GPT-5.2,Few-Shot,none,0,0,1694,1694,0,0,0,0,1699,1699,0,0,0
4094,VerboseStatement,Claude Sonnet 4.6,Few-Shot,none,0,0,254,243,0,11,0,0,254,243,0,11,0
4095,AnonymousTest,GPT-5.2,Few-Shot,none,0,0,1694,1694,0,0,0,0,1694,1694,0,0,0
4096,AnonymousTest,GPT-5.2,Few-Shot,none,0,0,1694,1694,0,0,0,0,1694,1694,0,0,0
4097,VerboseStatement,Claude Sonnet 4.6,Few-Shot,none,0,0,150,149,0,1,0,0,150,149,0,1,0
4098,VerboseStatement,CodeLlama 34B,Zero-Shot,suites_failed_increase,1,0,1196,1196,0,0,0,1,1196,1195,1,0,0
4099,AnonymousTest,GPT-5.2,Few-Shot,none,0,0,462,455,0,7,0,0,462,455,0,7,0
4100,AnonymousTest,GPT-5.2,Few-Shot,none,0,0,462,455,0,7,0,0,462,455,0,7,0
4101,VerboseStatement,Claude Sonnet 4.6,Few-Shot,none,0,0,150,149,0,1,0,0,150,149,0,1,0
4102,AnonymousTest,GPT-5.2,Few-Shot,none,0,0,76,73,0,3,0,0,76,73,0,3,0
4103,AnonymousTest,GPT-5.2,Few-Shot,none,0,0,1694,1694,0,0,0,0,1694,1694,0,0,0
4104,VerboseStatement,Claude Sonnet 4.6,Few-Shot,suites_failed_increase,1,0,525,517,0,8,0,1,0,0,0,8,0
4105,AnonymousTest,GPT-5.2,Few-Shot,none,0,0,1694,1694,0,0,0,0,1694,1694,0,0,0
4106,AnonymousTest,GPT-5.2,Few-Shot,none,0,0,1196,1196,0,0,0,0,1196,1196,0,0,0
4107,VerboseStatement,CodeLlama 34B,Zero-Shot,none,0,0,562,562,0,0,0,0,562,562,0,0,0
4108,AnonymousTest,GPT-5.2,Few-Shot,none,0,0,169,168,0,1,0,0,169,168,0,1,0
4109,VerboseStatement,Claude Sonnet 4.6,Few-Shot,none,0,0,525,517,0,8,0,0,525,517,0,8,0
4110,AnonymousTest,GPT-5.2,Few-Shot,none,0,0,1196,1196,0,0,0,0,1200,1200,0,0,0
4111,VerboseStatement,Claude Sonnet 4.6,Few-Shot,none,0,0,645,634,0,11,0,0,645,634,0,11,0
4112,AnonymousTest,GPT-5.2,Few-Shot,none,0,0,169,168,0,1,0,0,169,168,0,1,0
4113,VerboseStatement,Claude Sonnet 4.6,Few-Shot,none,0,0,645,634,0,11,0,0,645,634,0,11,0
4114,VerboseStatement,GPT-5.2,Few-Shot,none,0,1,235,231,1,0,3,1,235,231,1,0,3
4115,VerboseStatement,Claude Sonnet 4.6,Few-Shot,none,0,0,645,634,0,11,0,0,645,634,0,11,0
4116,VerboseStatement,Claude Sonnet 4.6,Few-Shot,none,0,0,1196,1196,0,0,0,0,1196,1196,0,0,0
4117,VerboseStatement,CodeLlama 34B,Zero-Shot,none,0,0,3010,3010,0,0,0,0,3010,3010,0,0,0
4118,VerboseStatement,GPT-5.2,Few-Shot,none,0,0,254,243,0,11,0,0,254,243,0,11,0
4119,VerboseStatement,Claude Sonnet 4.6,Few-Shot,none,0,0,1196,1196,0,0,0,0,1196,1196,0,0,0
4120,VerboseStatement,Claude Sonnet 4.6,Few-Shot,none,0,0,1196,1196,0,0,0,0,1196,1196,0,0,0
4121,VerboseStatement,GPT-5.2,Few-Shot,none,0,0,254,243,0,11,0,0,254,243,0,11,0
4122,VerboseStatement,Claude Sonnet 4.6,Few-Shot,none,0,0,562,562,0,0,0,0,562,562,0,0,0
4123,VerboseStatement,Claude Sonnet 4.6,Few-Shot,none,0,0,3010,3010,0,0,0,0,3010,3010,0,0,0
4124,Sleepy Test,CodeLlama 34B,Zero-Shot,none,0,1,235,231,1,0,3,1,235,231,1,0,3
4125,VerboseStatement,GPT-5.2,Few-Shot,none,0,0,150,149,0,1,0,0,150,149,0,1,0
4126,Sleepy Test,Claude Sonnet 4.6,Few-Shot,suites_failed_increase,1,1,235,231,1,0,3,2,235,230,2,0,3
4127,Sleepy Test,Claude Sonnet 4.6,Few-Shot,suites_failed_increase,1,1,235,231,1,0,3,2,235,230,2,0,3
4128,VerboseStatement,GPT-5.2,Few-Shot,none,0,0,150,149,0,1,0,0,150,149,0,1,0
4129,Sleepy Test,Claude Sonnet 4.6,Few-Shot,none,0,1,235,231,1,0,3,1,235,231,1,0,3
4130,Sleepy Test,Claude Sonnet 4.6,Few-Shot,none,0,1,235,231,1,0,3,1,235,231,1,0,3
4131,VerboseStatement,GPT-5.2,Few-Shot,none,0,0,525,517,0,8,0,0,525,517,0,8,0
4132,Sleepy Test,CodeLlama 34B,Zero-Shot,suites_failed_increase,1,1,235,231,1,0,3,2,235,230,2,0,3
4133,Sleepy Test,Claude Sonnet 4.6,Few-Shot,suites_failed_increase,1,1,235,231,1,0,3,2,235,229,3,0,3
4134,Sleepy Test,Claude Sonnet 4.6,Few-Shot,none,0,0,645,634,0,11,0,0,645,634,0,11,0
4135,Sleepy Test,Claude Sonnet 4.6,Few-Shot,none,0,0,645,634,0,11,0,0,645,634,0,11,0
4136,Sleepy Test,Claude Sonnet 4.6,Few-Shot,none,0,0,645,634,0,11,0,0,645,634,0,11,0
4137,VerboseStatement,GPT-5.2,Few-Shot,none,0,0,525,517,0,8,0,0,525,517,0,8,0
4138,Sleepy Test,Claude Sonnet 4.6,Few-Shot,none,0,0,645,634,0,11,0,0,645,634,0,11,0
4139,Sleepy Test,Claude Sonnet 4.6,Few-Shot,none,0,0,645,634,0,11,0,0,645,633,0,11,1
4140,VerboseStatement,GPT-5.2,Few-Shot,none,0,0,645,634,0,11,0,0,645,634,0,11,0
4141,Sleepy Test,CodeLlama 34B,Zero-Shot,none,0,1,235,231,1,0,3,1,235,231,1,0,3
4142,Sleepy Test,Claude Sonnet 4.6,Few-Shot,none,0,0,645,634,0,11,0,0,645,634,0,11,0
4143,VerboseStatement,GPT-5.2,Few-Shot,none,0,0,645,634,0,11,0,0,645,634,0,11,0
4144,Sleepy Test,Claude Sonnet 4.6,Few-Shot,none,0,0,169,168,0,1,0,0,169,168,0,1,0
4145,Sleepy Test,Claude Sonnet 4.6,Few-Shot,none,0,0,3010,3010,0,0,0,0,3010,3010,0,0,0
4146,VerboseStatement,GPT-5.2,Few-Shot,none,0,0,645,634,0,11,0,0,645,634,0,11,0
4147,Sleepy Test,CodeLlama 34B,Zero-Shot,none,0,1,235,231,1,0,3,1,235,231,1,0,3
4148,Sleepy Test,Claude Sonnet 4.6,Few-Shot,none,0,0,47,47,0,0,0,0,47,47,0,0,0
4149,Sleepy Test,Claude Sonnet 4.6,Few-Shot,none,0,0,47,47,0,0,0,0,47,47,0,0,0
4150,VerboseStatement,GPT-5.2,Few-Shot,none,0,0,1196,1196,0,0,0,0,1196,1196,0,0,0
4151,ConditionalTestLogic,Claude Sonnet 4.6,Few-Shot,none,0,0,1694,1694,0,0,0,0,1694,1694,0,0,0
4152,VerboseStatement,GPT-5.2,Few-Shot,none,0,0,1196,1196,0,0,0,0,1196,1196,0,0,0
4153,Sleepy Test,CodeLlama 34B,Zero-Shot,none,0,1,235,231,1,0,3,1,235,231,1,0,3
4154,VerboseStatement,GPT-5.2,Few-Shot,none,0,0,1196,1196,0,0,0,0,1196,1196,0,0,0
4155,Sleepy Test,CodeLlama 34B,Zero-Shot,none,0,0,645,634,0,11,0,0,645,634,0,11,0
4156,VerboseStatement,GPT-5.2,Few-Shot,none,0,0,562,562,0,0,0,0,562,562,0,0,0
4157,Sleepy Test,CodeLlama 34B,Zero-Shot,none,0,0,645,634,0,11,0,0,645,634,0,11,0
4158,ConditionalTestLogic,Claude Sonnet 4.6,Few-Shot,none,0,0,1694,1694,0,0,0,0,1694,1694,0,0,0
4159,VerboseStatement,GPT-5.2,Few-Shot,none,0,0,3010,3010,0,0,0,0,3010,3010,0,0,0
4160,Sleepy Test,CodeLlama 34B,Zero-Shot,none,0,0,645,634,0,11,0,0,645,634,0,11,0
4161,Sleepy Test,GPT-5.2,Few-Shot,none,0,1,235,231,1,0,3,1,235,230,2,0,3
4162,ConditionalTestLogic,Claude Sonnet 4.6,Few-Shot,none,0,0,1694,1694,0,0,0,0,1694,1694,0,0,0
4163,ConditionalTestLogic,Claude Sonnet 4.6,Few-Shot,suites_failed_increase,1,0,1694,1694,0,0,0,1,1689,1688,1,0,0
4164,Sleepy Test,GPT-5.2,Few-Shot,suites_failed_increase,1,1,235,231,1,0,3,2,235,230,2,0,3
4165,ConditionalTestLogic,Claude Sonnet 4.6,Few-Shot,none,0,0,1694,1694,0,0,0,0,1694,1694,0,0,0
4166,Sleepy Test,CodeLlama 34B,Zero-Shot,none,0,0,645,634,0,11,0,0,645,634,0,11,0
4167,Sleepy Test,GPT-5.2,Few-Shot,suites_failed_increase,1,1,235,231,1,0,3,2,235,230,2,0,3
4168,ConditionalTestLogic,Claude Sonnet 4.6,Few-Shot,none,0,0,1694,1694,0,0,0,0,1694,1694,0,0,0
4169,Sleepy Test,GPT-5.2,Few-Shot,none,0,1,235,231,1,0,3,1,235,231,1,0,3
4170,ConditionalTestLogic,Claude Sonnet 4.6,Few-Shot,none,0,0,1694,1694,0,0,0,0,1694,1694,0,0,0
4171,Sleepy Test,GPT-5.2,Few-Shot,none,0,1,235,231,1,0,3,1,235,231,1,0,3
4172,Sleepy Test,CodeLlama 34B,Zero-Shot,none,0,0,645,634,0,11,0,0,645,634,0,11,0
4173,Sleepy Test,GPT-5.2,Few-Shot,none,0,0,645,634,0,11,0,0,645,633,0,11,1
4174,Sleepy Test,GPT-5.2,Few-Shot,none,0,0,645,634,0,11,0,0,645,634,0,11,0
4175,Sleepy Test,GPT-5.2,Few-Shot,none,0,0,645,634,0,11,0,0,645,633,0,11,1
4176,ConditionalTestLogic,Claude Sonnet 4.6,Few-Shot,none,0,0,1694,1694,0,0,0,0,1694,1694,0,0,0
4177,Sleepy Test,CodeLlama 34B,Zero-Shot,none,0,0,645,634,0,11,0,0,645,634,0,11,0
4178,Sleepy Test,GPT-5.2,Few-Shot,none,0,0,645,634,0,11,0,0,645,634,0,11,0
4179,ConditionalTestLogic,Claude Sonnet 4.6,Few-Shot,suites_failed_increase,1,0,1694,1694,0,0,0,1,1695,1694,1,0,0
4180,Sleepy Test,GPT-5.2,Few-Shot,none,0,0,645,634,0,11,0,0,645,634,0,11,0
4181,ConditionalTestLogic,Claude Sonnet 4.6,Few-Shot,none,0,0,481,478,0,3,0,0,481,478,0,3,0
4182,ConditionalTestLogic,Claude Sonnet 4.6,Few-Shot,none,0,1,235,231,1,0,3,1,235,231,1,0,3
4183,Sleepy Test,GPT-5.2,Few-Shot,none,0,0,645,634,0,11,0,0,645,634,0,11,0
4184,Sleepy Test,CodeLlama 34B,Zero-Shot,none,0,0,169,168,0,1,0,0,169,168,0,1,0
4185,ConditionalTestLogic,Claude Sonnet 4.6,Few-Shot,none,0,0,525,517,0,8,0,0,525,517,0,8,0
4186,Sleepy Test,GPT-5.2,Few-Shot,none,0,0,169,168,0,1,0,0,169,168,0,1,0
4187,ConditionalTestLogic,Claude Sonnet 4.6,Few-Shot,none,0,0,525,517,0,8,0,0,525,517,0,8,0
4188,Sleepy Test,GPT-5.2,Few-Shot,suites_failed_increase,1,0,3010,3010,0,0,0,1,3010,3009,1,0,0
4189,ConditionalTestLogic,Claude Sonnet 4.6,Few-Shot,none,0,0,525,517,0,8,0,0,525,517,0,8,0
4190,Sleepy Test,GPT-5.2,Few-Shot,none,0,0,47,47,0,0,0,0,47,47,0,0,0
4191,ConditionalTestLogic,Claude Sonnet 4.6,Few-Shot,none,0,0,525,517,0,8,0,0,525,517,0,8,0
4192,Sleepy Test,GPT-5.2,Few-Shot,none,0,0,47,47,0,0,0,0,47,47,0,0,0
4193,ConditionalTestLogic,Claude Sonnet 4.6,Few-Shot,none,0,0,525,517,0,8,0,0,525,517,0,8,0
4194,ConditionalTestLogic,Claude Sonnet 4.6,Few-Shot,none,0,0,525,517,0,8,0,0,525,517,0,8,0
4195,ConditionalTestLogic,GPT-5.2,Few-Shot,none,0,0,1694,1694,0,0,0,0,1695,1695,0,0,0
4196,ConditionalTestLogic,Claude Sonnet 4.6,Few-Shot,suites_failed_increase,1,0,525,517,0,8,0,1,0,0,0,8,0
4197,ConditionalTestLogic,Claude Sonnet 4.6,Few-Shot,none,0,0,645,634,0,11,0,0,645,634,0,11,0
4198,Sleepy Test,CodeLlama 34B,Zero-Shot,none,0,0,3010,3010,0,0,0,0,3010,3010,0,0,0
4199,ConditionalTestLogic,Claude Sonnet 4.6,Few-Shot,none,0,0,1196,1196,0,0,0,0,1196,1196,0,0,0
4200,ConditionalTestLogic,GPT-5.2,Few-Shot,suites_failed_increase,1,0,1694,1694,0,0,0,1,1694,1693,1,0,0
4201,Exception Handling,Claude Sonnet 4.6,Few-Shot,none,0,0,1367,1367,0,0,0,0,1367,1367,0,0,0
4202,Exception Handling,Claude Sonnet 4.6,Few-Shot,suites_failed_increase,1,0,1367,1367,0,0,0,1,1367,1366,1,0,0
4203,Exception Handling,Claude Sonnet 4.6,Few-Shot,none,0,0,1694,1694,0,0,0,0,1694,1694,0,0,0
4204,Exception Handling,Claude Sonnet 4.6,Few-Shot,none,0,0,1694,1694,0,0,0,0,1694,1694,0,0,0
4205,ConditionalTestLogic,GPT-5.2,Few-Shot,none,0,0,1694,1694,0,0,0,0,1694,1694,0,0,0
4206,Sleepy Test,CodeLlama 34B,Zero-Shot,none,0,0,47,47,0,0,0,0,36,35,1,0,0
4207,Exception Handling,Claude Sonnet 4.6,Few-Shot,none,0,0,462,455,0,7,0,0,462,455,0,7,0
4208,ConditionalTestLogic,GPT-5.2,Few-Shot,none,0,0,1694,1694,0,0,0,0,1694,1694,0,0,0
4209,Exception Handling,Claude Sonnet 4.6,Few-Shot,none,0,0,242,242,0,0,0,0,242,242,0,0,0
4210,Exception Handling,Claude Sonnet 4.6,Few-Shot,none,0,0,208,207,0,1,0,0,166,165,1,0,0
4211,ConditionalTestLogic,GPT-5.2,Few-Shot,none,0,0,1694,1694,0,0,0,0,1694,1694,0,0,0
4212,Exception Handling,Claude Sonnet 4.6,Few-Shot,none,0,0,525,517,0,8,0,0,525,517,0,8,0
4213,Sleepy Test,CodeLlama 34B,Zero-Shot,none,0,0,47,47,0,0,0,0,47,47,0,0,0
4214,Exception Handling,Claude Sonnet 4.6,Few-Shot,none,0,0,525,517,0,8,0,0,525,517,0,8,0
4215,ConditionalTestLogic,GPT-5.2,Few-Shot,none,0,0,1694,1694,0,0,0,0,1694,1694,0,0,0
4216,Exception Handling,Claude Sonnet 4.6,Few-Shot,suites_failed_increase,1,0,525,517,0,8,0,1,0,0,0,8,0
4217,Exception Handling,Claude Sonnet 4.6,Few-Shot,none,0,0,44,44,0,0,0,0,44,44,0,0,0
4218,ConditionalTestLogic,GPT-5.2,Few-Shot,none,0,0,1694,1694,0,0,0,0,1695,1695,0,0,0
4219,Exception Handling,Claude Sonnet 4.6,Few-Shot,none,0,0,1694,1694,0,0,0,0,1694,1694,0,0,0
4220,ConditionalTestLogic,CodeLlama 34B,Zero-Shot,none,0,0,1694,1694,0,0,0,0,1694,1694,0,0,0
4221,Exception Handling,Claude Sonnet 4.6,Few-Shot,none,0,0,1367,1367,0,0,0,0,1367,1367,0,0,0
4222,Exception Handling,Claude Sonnet 4.6,Few-Shot,none,0,0,1367,1367,0,0,0,0,1367,1367,0,0,0
4223,Exception Handling,Claude Sonnet 4.6,Few-Shot,none,0,0,1367,1367,0,0,0,0,1367,1367,0,0,0
4224,ConditionalTestLogic,GPT-5.2,Few-Shot,none,0,0,1694,1694,0,0,0,0,1694,1694,0,0,0
4225,Exception Handling,Claude Sonnet 4.6,Few-Shot,none,0,0,1367,1367,0,0,0,0,1367,1367,0,0,0
4226,Exception Handling,Claude Sonnet 4.6,Few-Shot,none,0,0,1367,1367,0,0,0,0,1367,1367,0,0,0
4227,Exception Handling,Claude Sonnet 4.6,Few-Shot,none,0,0,1367,1367,0,0,0,0,1367,1367,0,0,0
4228,ConditionalTestLogic,GPT-5.2,Few-Shot,none,0,0,1694,1694,0,0,0,0,1694,1694,0,0,0
4229,Exception Handling,Claude Sonnet 4.6,Few-Shot,none,0,0,1367,1367,0,0,0,0,1367,1367,0,0,0
4230,ConditionalTestLogic,GPT-5.2,Few-Shot,none,0,0,481,478,0,3,0,0,481,478,0,3,0
4231,Exception Handling,Claude Sonnet 4.6,Few-Shot,suites_failed_increase,1,0,462,455,0,7,0,1,0,0,0,7,0
4232,Duplicate Assert,Claude Sonnet 4.6,Few-Shot,none,0,0,1367,1367,0,0,0,0,1367,1367,0,0,0
4233,ConditionalTestLogic,GPT-5.2,Few-Shot,none,0,1,235,231,1,0,3,1,235,231,1,0,3
4234,Duplicate Assert,Claude Sonnet 4.6,Few-Shot,none,0,0,1367,1367,0,0,0,0,1367,1367,0,0,0
4235,Duplicate Assert,Claude Sonnet 4.6,Few-Shot,none,0,0,1367,1367,0,0,0,0,1367,1367,0,0,0
4236,ConditionalTestLogic,GPT-5.2,Few-Shot,none,0,0,525,517,0,8,0,0,525,517,0,8,0
4237,Duplicate Assert,Claude Sonnet 4.6,Few-Shot,none,0,0,1367,1367,0,0,0,0,1367,1367,0,0,0
4238,ConditionalTestLogic,GPT-5.2,Few-Shot,none,0,0,525,517,0,8,0,0,525,517,0,8,0
4239,Duplicate Assert,Claude Sonnet 4.6,Few-Shot,none,0,0,3010,3010,0,0,0,0,3010,3010,0,0,0
4240,Magic Number,Claude Sonnet 4.6,Few-Shot,none,0,0,1367,1367,0,0,0,0,1367,1367,0,0,0
4241,ConditionalTestLogic,GPT-5.2,Few-Shot,none,0,0,525,517,0,8,0,0,525,517,0,8,0
4242,Magic Number,Claude Sonnet 4.6,Few-Shot,none,0,0,242,242,0,0,0,0,242,242,0,0,0
4243,ConditionalTestLogic,GPT-5.2,Few-Shot,none,0,0,525,517,0,8,0,0,525,517,0,8,0
4244,Magic Number,Claude Sonnet 4.6,Few-Shot,none,0,0,208,207,0,1,0,0,208,207,0,1,0
4245,ConditionalTestLogic,GPT-5.2,Few-Shot,none,0,0,525,517,0,8,0,0,525,517,0,8,0
4246,Sleepy Test,Claude Sonnet 4.6,Few-Shot,none,0,1,235,231,1,0,3,1,235,231,1,0,3
4247,ConditionalTestLogic,GPT-5.2,Few-Shot,suites_failed_increase,1,0,525,517,0,8,0,1,0,0,0,8,0
4248,ConditionalTestLogic,CodeLlama 34B,Zero-Shot,suites_failed_increase,1,0,1694,1694,0,0,0,1,1667,1667,0,0,0
4249,Sleepy Test,Claude Sonnet 4.6,Few-Shot,suites_failed_increase,1,1,235,231,1,0,3,2,235,229,3,0,3
4250,ConditionalTestLogic,GPT-5.2,Few-Shot,suites_failed_increase,1,0,525,517,0,8,0,1,0,0,0,8,0
4251,Sleepy Test,Claude Sonnet 4.6,Few-Shot,suites_failed_increase,1,1,235,231,1,0,3,2,235,230,2,0,3
4252,ConditionalTestLogic,GPT-5.2,Few-Shot,none,0,0,645,634,0,11,0,0,645,634,0,11,0
4253,Sleepy Test,Claude Sonnet 4.6,Few-Shot,suites_failed_increase,1,1,235,231,1,0,3,2,235,229,3,0,3
4254,Sleepy Test,Claude Sonnet 4.6,Few-Shot,none,0,1,235,231,1,0,3,1,235,231,1,0,3
4255,ConditionalTestLogic,GPT-5.2,Few-Shot,none,0,0,1196,1196,0,0,0,0,1196,1196,0,0,0
4256,SubOptimalAssert,Claude Sonnet 4.6,Few-Shot,none,0,0,1367,1367,0,0,0,0,1367,1367,0,0,0
4257,SubOptimalAssert,Claude Sonnet 4.6,Few-Shot,none,0,0,1367,1367,0,0,0,0,1367,1367,0,0,0
4258,Exception Handling,GPT-5.2,Few-Shot,none,0,0,1367,1367,0,0,0,0,1367,1367,0,0,0
4259,SubOptimalAssert,Claude Sonnet 4.6,Few-Shot,none,0,0,1367,1367,0,0,0,0,1367,1367,0,0,0
4260,Exception Handling,GPT-5.2,Few-Shot,none,0,0,1367,1367,0,0,0,0,1367,1367,0,0,0
4261,SubOptimalAssert,Claude Sonnet 4.6,Few-Shot,none,0,0,1694,1694,0,0,0,0,1694,1694,0,0,0
4262,Exception Handling,GPT-5.2,Few-Shot,suites_failed_increase,1,0,1694,1694,0,0,0,1,1694,1693,1,0,0
4263,SubOptimalAssert,Claude Sonnet 4.6,Few-Shot,none,0,0,1196,1196,0,0,0,0,1196,1196,0,0,0
4264,Exception Handling,GPT-5.2,Few-Shot,none,0,0,1694,1694,0,0,0,0,1694,1694,0,0,0
4265,ConditionalTestLogic,CodeLlama 34B,Zero-Shot,none,0,0,1694,1694,0,0,0,0,1694,1694,0,0,0
4266,Exception Handling,GPT-5.2,Few-Shot,none,0,0,462,455,0,7,0,0,462,455,0,7,0
4267,OvercommentedTest,Claude Sonnet 4.6,Few-Shot,none,0,0,1694,1694,0,0,0,0,1694,1694,0,0,0
4268,Exception Handling,GPT-5.2,Few-Shot,none,0,0,242,242,0,0,0,0,242,242,0,0,0
4269,OvercommentedTest,Claude Sonnet 4.6,Few-Shot,none,0,0,1694,1694,0,0,0,0,1694,1694,0,0,0
4270,Exception Handling,GPT-5.2,Few-Shot,none,0,0,208,207,0,1,0,0,185,184,1,0,0
4271,ConditionalTestLogic,CodeLlama 34B,Zero-Shot,none,0,0,1694,1694,0,0,0,0,1694,1694,0,0,0
4272,Exception Handling,GPT-5.2,Few-Shot,none,0,0,525,517,0,8,0,0,525,517,0,8,0
4273,Exception Handling,GPT-5.2,Few-Shot,none,0,0,525,517,0,8,0,0,525,517,0,8,0
4274,OvercommentedTest,Claude Sonnet 4.6,Few-Shot,none,0,0,1694,1694,0,0,0,0,1694,1694,0,0,0
4275,Exception Handling,GPT-5.2,Few-Shot,none,0,0,525,517,0,8,0,0,525,517,0,8,0
4276,OvercommentedTest,Claude Sonnet 4.6,Few-Shot,none,0,0,1694,1694,0,0,0,0,1694,1694,0,0,0
4277,Exception Handling,GPT-5.2,Few-Shot,suites_failed_increase,1,0,44,44,0,0,0,1,44,43,1,0,0
4278,OvercommentedTest,Claude Sonnet 4.6,Few-Shot,none,0,0,1694,1694,0,0,0,0,1694,1694,0,0,0
4279,Exception Handling,GPT-5.2,Few-Shot,none,0,0,1694,1694,0,0,0,0,1694,1694,0,0,0
4280,AnonymousTest,Claude Sonnet 4.6,Few-Shot,none,0,0,1367,1367,0,0,0,0,1367,1367,0,0,0
4281,Exception Handling,GPT-5.2,Few-Shot,none,0,0,1367,1367,0,0,0,0,1367,1367,0,0,0
4282,AnonymousTest,Claude Sonnet 4.6,Few-Shot,none,0,0,1367,1367,0,0,0,0,1367,1367,0,0,0
4283,Exception Handling,GPT-5.2,Few-Shot,none,0,0,1367,1367,0,0,0,0,1367,1367,0,0,0
4284,AnonymousTest,Claude Sonnet 4.6,Few-Shot,none,0,0,202,202,0,0,0,0,202,202,0,0,0
4285,Exception Handling,GPT-5.2,Few-Shot,suites_failed_increase,1,0,1367,1367,0,0,0,1,1367,1366,1,0,0
4286,Exception Handling,GPT-5.2,Few-Shot,none,0,0,1367,1367,0,0,0,0,1367,1367,0,0,0
4287,AnonymousTest,Claude Sonnet 4.6,Few-Shot,none,0,0,202,202,0,0,0,0,202,202,0,0,0
4288,ConditionalTestLogic,CodeLlama 34B,Zero-Shot,none,0,0,1694,1694,0,0,0,0,1694,1694,0,0,0
4289,Exception Handling,GPT-5.2,Few-Shot,none,0,0,1367,1367,0,0,0,0,1367,1367,0,0,0
4290,AnonymousTest,Claude Sonnet 4.6,Few-Shot,none,0,0,202,202,0,0,0,0,202,202,0,0,0
4291,Exception Handling,GPT-5.2,Few-Shot,none,0,0,1367,1367,0,0,0,0,1367,1367,0,0,0
4292,Exception Handling,GPT-5.2,Few-Shot,none,0,0,1367,1367,0,0,0,0,1367,1367,0,0,0
4293,VerboseStatement,Claude Sonnet 4.6,Few-Shot,none,0,0,1694,1694,0,0,0,0,1694,1694,0,0,0
4294,Exception Handling,GPT-5.2,Few-Shot,none,0,0,462,455,0,7,0,0,462,455,0,7,0
4295,Duplicate Assert,GPT-5.2,Few-Shot,none,0,0,1367,1367,0,0,0,0,1367,1367,0,0,0
4296,Duplicate Assert,GPT-5.2,Few-Shot,none,0,0,1367,1367,0,0,0,0,1367,1367,0,0,0
4297,VerboseStatement,Claude Sonnet 4.6,Few-Shot,none,0,0,1694,1694,0,0,0,0,1694,1694,0,0,0
4298,Duplicate Assert,GPT-5.2,Few-Shot,none,0,0,1367,1367,0,0,0,0,1367,1367,0,0,0
4299,Duplicate Assert,GPT-5.2,Few-Shot,none,0,0,1367,1367,0,0,0,0,1367,1367,0,0,0
4300,ConditionalTestLogic,CodeLlama 34B,Zero-Shot,none,0,0,1694,1694,0,0,0,0,1694,1694,0,0,0
4301,VerboseStatement,Claude Sonnet 4.6,Few-Shot,none,0,0,1694,1694,0,0,0,0,1694,1694,0,0,0
4302,Duplicate Assert,GPT-5.2,Few-Shot,none,0,0,3010,3010,0,0,0,0,3010,3010,0,0,0
4303,Magic Number,GPT-5.2,Few-Shot,none,0,0,1367,1367,0,0,0,0,1367,1367,0,0,0
4304,VerboseStatement,Claude Sonnet 4.6,Few-Shot,none,0,0,1694,1694,0,0,0,0,1694,1694,0,0,0
4305,Unknown Test,Claude Sonnet 4.6,Few-Shot,none,0,1,235,231,1,0,3,1,235,231,1,0,3
4306,Magic Number,GPT-5.2,Few-Shot,none,0,0,242,242,0,0,0,0,242,242,0,0,0
4307,Unknown Test,Claude Sonnet 4.6,Few-Shot,suites_failed_increase,1,0,525,517,0,8,0,1,0,0,0,8,0
4308,Unknown Test,Claude Sonnet 4.6,Few-Shot,none,0,0,645,634,0,11,0,0,645,633,0,11,1
4309,Magic Number,GPT-5.2,Few-Shot,none,0,0,208,207,0,1,0,0,185,183,2,0,0
4310,Unknown Test,Claude Sonnet 4.6,Few-Shot,none,0,0,645,634,0,11,0,0,645,633,0,11,1
4311,ConditionalTestLogic,CodeLlama 34B,Zero-Shot,none,0,0,1694,1694,0,0,0,0,1694,1694,0,0,0
4312,Unknown Test,Claude Sonnet 4.6,Few-Shot,none,0,0,645,634,0,11,0,0,645,633,0,11,1
4313,Unknown Test,Claude Sonnet 4.6,Few-Shot,none,0,0,645,634,0,11,0,0,645,633,0,11,1
4314,Unknown Test,Claude Sonnet 4.6,Few-Shot,none,0,0,645,634,0,11,0,0,645,633,0,11,1
4315,Sleepy Test,GPT-5.2,Few-Shot,none,0,1,235,231,1,0,3,1,235,230,2,0,3
4316,Unknown Test,Claude Sonnet 4.6,Few-Shot,none,0,0,645,634,0,11,0,0,645,633,0,11,1
4317,Unknown Test,Claude Sonnet 4.6,Few-Shot,none,0,0,645,634,0,11,0,0,645,633,0,11,1
4318,Sleepy Test,GPT-5.2,Few-Shot,none,0,1,235,231,1,0,3,0,235,232,0,0,3
4319,Unknown Test,Claude Sonnet 4.6,Few-Shot,none,0,0,645,634,0,11,0,0,645,633,0,11,1
4320,Unknown Test,Claude Sonnet 4.6,Few-Shot,none,0,0,169,168,0,1,0,0,169,168,0,1,0
4321,Sleepy Test,GPT-5.2,Few-Shot,none,0,1,235,231,1,0,3,1,235,231,1,0,3
4322,Unknown Test,Claude Sonnet 4.6,Few-Shot,none,0,0,169,168,0,1,0,0,169,168,0,1,0
4323,Unknown Test,Claude Sonnet 4.6,Few-Shot,none,0,0,169,168,0,1,0,0,169,168,0,1,0
4324,Unknown Test,Claude Sonnet 4.6,Few-Shot,none,0,0,169,168,0,1,0,0,169,168,0,1,0
4325,Sleepy Test,GPT-5.2,Few-Shot,suites_failed_increase,1,1,235,231,1,0,3,2,235,229,3,0,3
4326,Unknown Test,Claude Sonnet 4.6,Few-Shot,none,0,0,169,168,0,1,0,0,169,168,0,1,0
4327,Sleepy Test,GPT-5.2,Few-Shot,suites_failed_increase,1,1,235,231,1,0,3,2,235,230,2,0,3
4328,Unknown Test,Claude Sonnet 4.6,Few-Shot,none,0,0,169,168,0,1,0,0,169,168,0,1,0
4329,SubOptimalAssert,GPT-5.2,Few-Shot,none,0,0,1367,1367,0,0,0,0,1367,1367,0,0,0
4330,Unknown Test,Claude Sonnet 4.6,Few-Shot,suites_failed_increase,1,0,169,168,0,1,0,1,0,0,0,1,0
4331,SubOptimalAssert,GPT-5.2,Few-Shot,none,0,0,1367,1367,0,0,0,0,1367,1367,0,0,0
4332,Unknown Test,Claude Sonnet 4.6,Few-Shot,none,0,1,159,157,2,0,0,1,159,156,3,0,0
4333,SubOptimalAssert,GPT-5.2,Few-Shot,none,0,0,1367,1367,0,0,0,0,1367,1367,0,0,0
4334,Unknown Test,Claude Sonnet 4.6,Few-Shot,none,0,0,47,47,0,0,0,0,47,47,0,0,0
4335,SubOptimalAssert,GPT-5.2,Few-Shot,none,0,0,1694,1694,0,0,0,0,1694,1694,0,0,0
4336,Unknown Test,Claude Sonnet 4.6,Few-Shot,suites_failed_increase,1,0,47,47,0,0,0,1,47,46,1,0,0
4337,SubOptimalAssert,GPT-5.2,Few-Shot,none,0,0,1196,1196,0,0,0,0,1196,1196,0,0,0
4338,AnonymousTest,Claude Sonnet 4.6,Few-Shot,none,0,0,645,634,0,11,0,0,647,636,0,11,0
4339,OvercommentedTest,GPT-5.2,Few-Shot,none,0,0,1694,1694,0,0,0,0,1694,1694,0,0,0
4340,VerboseStatement,Claude Sonnet 4.6,Few-Shot,none,0,0,3010,3010,0,0,0,0,3010,3010,0,0,0
4341,OvercommentedTest,GPT-5.2,Few-Shot,none,0,0,1694,1694,0,0,0,0,1694,1694,0,0,0
4342,OvercommentedTest,GPT-5.2,Few-Shot,none,0,0,1694,1694,0,0,0,0,1694,1694,0,0,0
4343,ConditionalTestLogic,CodeLlama 34B,Zero-Shot,none,0,0,1694,1694,0,0,0,0,1694,1694,0,0,0
4344,OvercommentedTest,GPT-5.2,Few-Shot,none,0,0,1694,1694,0,0,0,0,1694,1694,0,0,0
4345,OvercommentedTest,GPT-5.2,Few-Shot,none,0,0,1694,1694,0,0,0,0,1694,1694,0,0,0
4346,AnonymousTest,GPT-5.2,Few-Shot,none,0,0,1367,1367,0,0,0,0,1367,1367,0,0,0
4347,ConditionalTestLogic,CodeLlama 34B,Zero-Shot,none,0,0,1694,1694,0,0,0,0,1694,1694,0,0,0
4348,AnonymousTest,GPT-5.2,Few-Shot,none,0,0,1367,1367,0,0,0,0,1367,1367,0,0,0
4349,AnonymousTest,GPT-5.2,Few-Shot,none,0,0,202,202,0,0,0,0,202,202,0,0,0
4350,AnonymousTest,GPT-5.2,Few-Shot,none,0,0,202,202,0,0,0,0,202,202,0,0,0
4351,ConditionalTestLogic,CodeLlama 34B,Zero-Shot,none,0,0,481,478,0,3,0,0,481,478,0,3,0
4352,AnonymousTest,GPT-5.2,Few-Shot,none,0,0,202,202,0,0,0,0,202,202,0,0,0
4353,VerboseStatement,GPT-5.2,Few-Shot,none,0,0,1694,1694,0,0,0,0,1694,1694,0,0,0
4354,ConditionalTestLogic,CodeLlama 34B,Zero-Shot,none,0,1,235,231,1,0,3,1,235,231,1,0,3
4355,VerboseStatement,GPT-5.2,Few-Shot,none,0,0,1694,1694,0,0,0,0,1694,1694,0,0,0
4356,ConditionalTestLogic,CodeLlama 34B,Zero-Shot,none,0,0,525,517,0,8,0,0,525,517,0,8,0
4357,VerboseStatement,GPT-5.2,Few-Shot,none,0,0,1694,1694,0,0,0,0,1694,1694,0,0,0
4358,VerboseStatement,GPT-5.2,Few-Shot,none,0,0,1694,1694,0,0,0,0,1694,1694,0,0,0
4359,Unknown Test,GPT-5.2,Few-Shot,suites_failed_increase,1,1,235,231,1,0,3,2,235,230,2,0,3
4360,Unknown Test,GPT-5.2,Few-Shot,none,0,0,525,517,0,8,0,0,525,517,0,8,0
4361,ConditionalTestLogic,CodeLlama 34B,Zero-Shot,none,0,0,525,517,0,8,0,0,525,517,0,8,0
4362,Unknown Test,GPT-5.2,Few-Shot,none,0,0,645,634,0,11,0,0,645,633,0,11,1
4363,Unknown Test,GPT-5.2,Few-Shot,none,0,0,645,634,0,11,0,0,645,633,0,11,1
4364,Unknown Test,GPT-5.2,Few-Shot,none,0,0,645,634,0,11,0,0,645,633,0,11,1
4365,Unknown Test,GPT-5.2,Few-Shot,none,0,0,645,634,0,11,0,0,645,633,0,11,1
4366,Unknown Test,GPT-5.2,Few-Shot,none,0,0,645,634,0,11,0,0,645,633,0,11,1
4367,ConditionalTestLogic,CodeLlama 34B,Zero-Shot,none,0,0,525,517,0,8,0,0,525,517,0,8,0
4368,Unknown Test,GPT-5.2,Few-Shot,none,0,0,645,634,0,11,0,0,645,633,0,11,1
4369,Unknown Test,GPT-5.2,Few-Shot,none,0,0,645,634,0,11,0,0,645,633,0,11,1
4370,Unknown Test,GPT-5.2,Few-Shot,none,0,0,645,634,0,11,0,0,645,633,0,11,1
4371,Unknown Test,GPT-5.2,Few-Shot,none,0,0,169,168,0,1,0,0,169,168,0,1,0
4372,Unknown Test,GPT-5.2,Few-Shot,none,0,0,169,168,0,1,0,0,169,168,0,1,0
4373,ConditionalTestLogic,CodeLlama 34B,Zero-Shot,none,0,0,525,517,0,8,0,0,525,517,0,8,0
4374,Unknown Test,GPT-5.2,Few-Shot,none,0,0,169,168,0,1,0,0,169,168,0,1,0
4375,Unknown Test,GPT-5.2,Few-Shot,none,0,0,169,168,0,1,0,0,169,168,0,1,0
4376,Unknown Test,GPT-5.2,Few-Shot,none,0,0,169,168,0,1,0,0,169,168,0,1,0
4377,Unknown Test,GPT-5.2,Few-Shot,none,0,0,169,168,0,1,0,0,169,168,0,1,0
4378,ConditionalTestLogic,CodeLlama 34B,Zero-Shot,suites_failed_increase,1,0,525,517,0,8,0,1,0,0,0,8,0
4379,Unknown Test,GPT-5.2,Few-Shot,none,0,0,169,168,0,1,0,0,169,168,0,1,0
4380,Unknown Test,GPT-5.2,Few-Shot,none,0,1,159,157,2,0,0,1,159,157,2,0,0
4381,Unknown Test,GPT-5.2,Few-Shot,none,0,0,47,47,0,0,0,0,47,47,0,0,0
4382,Unknown Test,GPT-5.2,Few-Shot,none,0,0,47,47,0,0,0,0,47,47,0,0,0
4383,AnonymousTest,GPT-5.2,Few-Shot,none,0,0,645,634,0,11,0,0,645,634,0,11,0
4384,VerboseStatement,GPT-5.2,Few-Shot,none,0,0,3010,3010,0,0,0,0,3010,3010,0,0,0
4385,ConditionalTestLogic,CodeLlama 34B,Zero-Shot,none,0,0,525,517,0,8,0,0,525,517,0,8,0
4386,Duplicate Assert,GPT-5.2,Chain-of-Thought,none,0,0,462,455,0,7,0,0,462,455,0,7,0
4387,Duplicate Assert,GPT-5.2,Chain-of-Thought,none,0,0,462,455,0,7,0,0,462,455,0,7,0
4388,ConditionalTestLogic,CodeLlama 34B,Zero-Shot,suites_failed_increase,1,0,525,517,0,8,0,1,0,0,0,8,0
4389,Duplicate Assert,GPT-5.2,Chain-of-Thought,none,0,0,462,455,0,7,0,0,462,455,0,7,0
4390,Duplicate Assert,GPT-5.2,Chain-of-Thought,none,0,0,462,455,0,7,0,0,462,455,0,7,0
4391,ConditionalTestLogic,CodeLlama 34B,Zero-Shot,none,0,0,645,634,0,11,0,0,645,634,0,11,0
4392,Duplicate Assert,GPT-5.2,Chain-of-Thought,none,0,0,462,455,0,7,0,0,462,455,0,7,0
4393,Duplicate Assert,GPT-5.2,Chain-of-Thought,none,0,0,242,242,0,0,0,0,242,242,0,0,0
4394,Duplicate Assert,GPT-5.2,Chain-of-Thought,suites_failed_increase,1,1,159,157,2,0,0,2,159,156,3,0,0
4395,Duplicate Assert,GPT-5.2,Chain-of-Thought,none,0,0,3010,3010,0,0,0,0,3010,3010,0,0,0
4396,Duplicate Assert,GPT-5.2,Chain-of-Thought,none,0,0,3010,3010,0,0,0,0,3010,3010,0,0,0
4397,Duplicate Assert,GPT-5.2,Chain-of-Thought,none,0,0,3010,3010,0,0,0,0,3010,3010,0,0,0
4398,ConditionalTestLogic,CodeLlama 34B,Zero-Shot,none,0,0,1196,1196,0,0,0,0,1196,1196,0,0,0
4399,Duplicate Assert,GPT-5.2,Chain-of-Thought,none,0,0,3010,3010,0,0,0,0,3010,3010,0,0,0
4400,Duplicate Assert,GPT-5.2,Chain-of-Thought,none,0,0,3010,3010,0,0,0,0,3010,3010,0,0,0
4401,Exception Handling,CodeLlama 34B,Zero-Shot,suites_failed_increase,1,0,1367,1367,0,0,0,1,1367,1366,1,0,0
4402,Duplicate Assert,GPT-5.2,Chain-of-Thought,none,0,0,3010,3010,0,0,0,0,3010,3010,0,0,0
4403,Duplicate Assert,GPT-5.2,Chain-of-Thought,none,0,0,562,562,0,0,0,0,562,562,0,0,0
4404,Exception Handling,CodeLlama 34B,Zero-Shot,suites_failed_increase,1,0,1367,1367,0,0,0,1,1367,1366,1,0,0
4405,Duplicate Assert,GPT-5.2,Chain-of-Thought,none,0,0,562,562,0,0,0,0,562,562,0,0,0
4406,Magic Number,GPT-5.2,Chain-of-Thought,none,0,0,60,60,0,0,0,0,60,60,0,0,0
4407,Exception Handling,CodeLlama 34B,Zero-Shot,none,0,0,1694,1694,0,0,0,0,1694,1694,0,0,0
4408,Magic Number,GPT-5.2,Chain-of-Thought,none,0,1,235,231,1,0,3,1,235,231,1,0,3
4409,Magic Number,GPT-5.2,Chain-of-Thought,none,0,1,235,231,1,0,3,1,235,231,1,0,3
4410,Exception Handling,CodeLlama 34B,Zero-Shot,none,0,0,1694,1694,0,0,0,0,1694,1694,0,0,0
4411,Magic Number,GPT-5.2,Chain-of-Thought,none,0,1,235,231,1,0,3,1,235,231,1,0,3
4412,Magic Number,GPT-5.2,Chain-of-Thought,none,0,0,525,517,0,8,0,0,525,517,0,8,0
4413,Magic Number,GPT-5.2,Chain-of-Thought,none,0,0,525,517,0,8,0,0,525,517,0,8,0
4414,Exception Handling,CodeLlama 34B,Zero-Shot,none,0,0,462,455,0,7,0,0,462,455,0,7,0
4415,Magic Number,GPT-5.2,Chain-of-Thought,none,0,0,1196,1196,0,0,0,0,1196,1196,0,0,0
4416,Magic Number,GPT-5.2,Chain-of-Thought,none,0,0,1196,1196,0,0,0,0,1196,1196,0,0,0
4417,Exception Handling,CodeLlama 34B,Zero-Shot,none,0,0,242,242,0,0,0,0,242,242,0,0,0
4418,Magic Number,GPT-5.2,Chain-of-Thought,none,0,0,169,168,0,1,0,0,169,168,0,1,0
4419,Magic Number,GPT-5.2,Chain-of-Thought,none,0,0,169,168,0,1,0,0,169,168,0,1,0
4420,Exception Handling,CodeLlama 34B,Zero-Shot,none,0,0,208,207,0,1,0,0,185,184,1,0,0
4421,Magic Number,GPT-5.2,Chain-of-Thought,none,0,0,169,168,0,1,0,0,169,168,0,1,0
4422,Magic Number,GPT-5.2,Chain-of-Thought,none,0,0,169,168,0,1,0,0,169,168,0,1,0
4423,Magic Number,GPT-5.2,Chain-of-Thought,none,0,0,169,168,0,1,0,0,169,168,0,1,0
4424,Magic Number,GPT-5.2,Chain-of-Thought,none,0,0,169,168,0,1,0,0,169,168,0,1,0
4425,Magic Number,GPT-5.2,Chain-of-Thought,none,0,0,169,168,0,1,0,0,169,168,0,1,0
4426,Exception Handling,CodeLlama 34B,Zero-Shot,none,0,0,525,517,0,8,0,0,525,517,0,8,0
4427,Magic Number,GPT-5.2,Chain-of-Thought,none,0,0,169,168,0,1,0,0,169,168,0,1,0
4428,Magic Number,GPT-5.2,Chain-of-Thought,none,0,0,169,168,0,1,0,0,169,168,0,1,0
4429,SubOptimalAssert,GPT-5.2,Chain-of-Thought,none,0,0,60,60,0,0,0,0,60,60,0,0,0
4430,Exception Handling,CodeLlama 34B,Zero-Shot,suites_failed_increase,1,0,525,517,0,8,0,1,0,0,0,8,0
4431,SubOptimalAssert,GPT-5.2,Chain-of-Thought,none,0,0,525,517,0,8,0,0,525,517,0,8,0
4432,SubOptimalAssert,GPT-5.2,Chain-of-Thought,none,0,0,525,517,0,8,0,0,525,517,0,8,0
4433,SubOptimalAssert,GPT-5.2,Chain-of-Thought,none,0,0,1196,1196,0,0,0,0,1196,1196,0,0,0
4434,SubOptimalAssert,GPT-5.2,Chain-of-Thought,none,0,0,1196,1196,0,0,0,0,1196,1196,0,0,0
4435,SubOptimalAssert,GPT-5.2,Chain-of-Thought,none,0,0,1196,1196,0,0,0,0,1196,1196,0,0,0
4436,SubOptimalAssert,GPT-5.2,Chain-of-Thought,none,0,0,1196,1196,0,0,0,0,1196,1196,0,0,0
4437,Exception Handling,CodeLlama 34B,Zero-Shot,none,0,0,525,517,0,8,0,0,525,517,0,8,0
4438,SubOptimalAssert,GPT-5.2,Chain-of-Thought,none,0,0,1196,1196,0,0,0,0,1196,1196,0,0,0
4439,SubOptimalAssert,GPT-5.2,Chain-of-Thought,none,0,0,562,562,0,0,0,0,562,562,0,0,0
4440,SubOptimalAssert,GPT-5.2,Chain-of-Thought,none,0,0,3010,3010,0,0,0,0,3010,3010,0,0,0
4441,Exception Handling,CodeLlama 34B,Zero-Shot,none,0,0,44,44,0,0,0,0,44,44,0,0,0
4442,SubOptimalAssert,GPT-5.2,Chain-of-Thought,none,0,0,462,455,0,7,0,0,462,455,0,7,0
4443,SubOptimalAssert,GPT-5.2,Chain-of-Thought,none,0,0,47,47,0,0,0,0,47,47,0,0,0
4444,SubOptimalAssert,GPT-5.2,Chain-of-Thought,none,0,0,47,47,0,0,0,0,47,47,0,0,0
4445,SubOptimalAssert,GPT-5.2,Chain-of-Thought,none,0,0,47,47,0,0,0,0,19,18,1,0,0
4446,SubOptimalAssert,GPT-5.2,Chain-of-Thought,suites_failed_increase,1,0,3010,3010,0,0,0,1,3010,3009,1,0,0
4447,OvercommentedTest,GPT-5.2,Chain-of-Thought,none,0,1,235,231,1,0,3,1,235,231,1,0,3
4448,OvercommentedTest,GPT-5.2,Chain-of-Thought,none,0,1,235,231,1,0,3,1,235,231,1,0,3
4449,OvercommentedTest,GPT-5.2,Chain-of-Thought,none,0,1,235,231,1,0,3,1,235,231,1,0,3
4450,OvercommentedTest,GPT-5.2,Chain-of-Thought,none,0,1,235,231,1,0,3,1,235,230,2,0,3
4451,OvercommentedTest,GPT-5.2,Chain-of-Thought,none,0,0,525,517,0,8,0,0,525,517,0,8,0
4452,Exception Handling,CodeLlama 34B,Zero-Shot,none,0,0,1694,1694,0,0,0,0,1694,1694,0,0,0
4453,OvercommentedTest,GPT-5.2,Chain-of-Thought,none,0,0,525,517,0,8,0,0,525,517,0,8,0
4454,Exception Handling,CodeLlama 34B,Zero-Shot,suites_failed_increase,1,0,1367,1367,0,0,0,1,1367,1366,1,0,0
4455,OvercommentedTest,GPT-5.2,Chain-of-Thought,none,0,0,525,517,0,8,0,0,525,517,0,8,0
4456,OvercommentedTest,GPT-5.2,Chain-of-Thought,none,0,0,525,517,0,8,0,0,525,517,0,8,0
4457,Exception Handling,CodeLlama 34B,Zero-Shot,suites_failed_increase,1,0,1367,1367,0,0,0,1,1367,1366,1,0,0
4458,Exception Handling,CodeLlama 34B,Zero-Shot,suites_failed_increase,1,0,1367,1367,0,0,0,1,1367,1366,1,0,0
4459,OvercommentedTest,GPT-5.2,Chain-of-Thought,none,0,0,525,517,0,8,0,0,525,517,0,8,0
4460,Exception Handling,CodeLlama 34B,Zero-Shot,suites_failed_increase,1,0,1367,1367,0,0,0,1,1367,1366,1,0,0
4461,OvercommentedTest,GPT-5.2,Chain-of-Thought,none,0,0,525,517,0,8,0,0,525,517,0,8,0
4462,OvercommentedTest,GPT-5.2,Chain-of-Thought,none,0,0,645,634,0,11,0,0,645,634,0,11,0
4463,OvercommentedTest,GPT-5.2,Chain-of-Thought,none,0,0,562,562,0,0,0,0,562,562,0,0,0
4464,Exception Handling,CodeLlama 34B,Zero-Shot,suites_failed_increase,1,0,1367,1367,0,0,0,1,1367,1366,1,0,0
4465,OvercommentedTest,GPT-5.2,Chain-of-Thought,none,0,0,645,634,0,11,0,0,645,634,0,11,0
4466,OvercommentedTest,GPT-5.2,Chain-of-Thought,none,0,0,76,73,0,3,0,0,76,73,0,3,0
4467,Exception Handling,CodeLlama 34B,Zero-Shot,suites_failed_increase,1,0,1367,1367,0,0,0,1,1367,1366,1,0,0
4468,OvercommentedTest,GPT-5.2,Chain-of-Thought,none,0,0,645,634,0,11,0,0,645,634,0,11,0
4469,AnonymousTest,GPT-5.2,Chain-of-Thought,none,0,0,1694,1694,0,0,0,0,1694,1694,0,0,0
4470,Exception Handling,CodeLlama 34B,Zero-Shot,suites_failed_increase,1,0,1367,1367,0,0,0,1,1367,1366,1,0,0
4471,AnonymousTest,GPT-5.2,Chain-of-Thought,none,0,0,1694,1694,0,0,0,0,1694,1694,0,0,0
4472,AnonymousTest,GPT-5.2,Chain-of-Thought,none,0,0,1694,1694,0,0,0,0,1699,1699,0,0,0
4473,Exception Handling,CodeLlama 34B,Zero-Shot,none,0,0,462,455,0,7,0,0,462,455,0,7,0
4474,AnonymousTest,GPT-5.2,Chain-of-Thought,none,0,0,1694,1694,0,0,0,0,1694,1694,0,0,0
4475,AnonymousTest,GPT-5.2,Chain-of-Thought,none,0,0,1694,1694,0,0,0,0,1699,1699,0,0,0
4476,Duplicate Assert,CodeLlama 34B,Zero-Shot,none,0,0,1367,1367,0,0,0,0,1367,1367,0,0,0
4477,AnonymousTest,GPT-5.2,Chain-of-Thought,none,0,0,462,455,0,7,0,0,462,455,0,7,0
4478,AnonymousTest,GPT-5.2,Chain-of-Thought,none,0,0,462,455,0,7,0,0,462,455,0,7,0
4479,Duplicate Assert,CodeLlama 34B,Zero-Shot,none,0,0,1367,1367,0,0,0,0,1367,1367,0,0,0
4480,AnonymousTest,GPT-5.2,Chain-of-Thought,none,0,0,76,73,0,3,0,0,76,73,0,3,0
4481,AnonymousTest,GPT-5.2,Chain-of-Thought,none,0,0,1694,1694,0,0,0,0,1698,1698,0,0,0
4482,Duplicate Assert,CodeLlama 34B,Zero-Shot,none,0,0,1367,1367,0,0,0,0,1367,1367,0,0,0
4483,AnonymousTest,GPT-5.2,Chain-of-Thought,none,0,0,1694,1694,0,0,0,0,1694,1694,0,0,0
4484,AnonymousTest,GPT-5.2,Chain-of-Thought,none,0,0,1196,1196,0,0,0,0,1197,1197,0,0,0
4485,Duplicate Assert,CodeLlama 34B,Zero-Shot,none,0,0,1367,1367,0,0,0,0,1367,1367,0,0,0
4486,AnonymousTest,GPT-5.2,Chain-of-Thought,none,0,0,169,168,0,1,0,0,169,168,0,1,0
4487,AnonymousTest,GPT-5.2,Chain-of-Thought,none,0,0,1196,1196,0,0,0,0,1200,1200,0,0,0
4488,AnonymousTest,GPT-5.2,Chain-of-Thought,none,0,0,169,168,0,1,0,0,169,168,0,1,0
4489,Duplicate Assert,CodeLlama 34B,Zero-Shot,none,0,0,3010,3010,0,0,0,0,3010,3010,0,0,0
4490,VerboseStatement,GPT-5.2,Chain-of-Thought,none,0,1,235,231,1,0,3,1,235,231,1,0,3
4491,Magic Number,CodeLlama 34B,Zero-Shot,none,0,0,1367,1367,0,0,0,0,1367,1367,0,0,0
4492,VerboseStatement,GPT-5.2,Chain-of-Thought,none,0,0,254,243,0,11,0,0,254,243,0,11,0
4493,Magic Number,CodeLlama 34B,Zero-Shot,none,0,0,242,242,0,0,0,0,242,242,0,0,0
4494,VerboseStatement,GPT-5.2,Chain-of-Thought,none,0,0,254,243,0,11,0,0,254,243,0,11,0
4495,VerboseStatement,GPT-5.2,Chain-of-Thought,none,0,0,150,149,0,1,0,0,150,149,0,1,0
4496,Magic Number,CodeLlama 34B,Zero-Shot,none,0,0,208,207,0,1,0,0,65,64,1,0,0
4497,VerboseStatement,GPT-5.2,Chain-of-Thought,none,0,0,150,149,0,1,0,0,150,149,0,1,0
4498,Sleepy Test,CodeLlama 34B,Zero-Shot,none,0,1,235,231,1,0,3,1,235,231,1,0,3
4499,VerboseStatement,GPT-5.2,Chain-of-Thought,none,0,0,525,517,0,8,0,0,525,517,0,8,0
4500,VerboseStatement,GPT-5.2,Chain-of-Thought,none,0,0,525,517,0,8,0,0,525,517,0,8,0
4501,Sleepy Test,CodeLlama 34B,Zero-Shot,none,0,1,235,231,1,0,3,1,235,231,1,0,3
4502,VerboseStatement,GPT-5.2,Chain-of-Thought,none,0,0,645,634,0,11,0,0,645,634,0,11,0
4503,Sleepy Test,CodeLlama 34B,Zero-Shot,none,0,1,235,231,1,0,3,1,235,231,1,0,3
4504,VerboseStatement,GPT-5.2,Chain-of-Thought,none,0,0,645,634,0,11,0,0,645,634,0,11,0
4505,VerboseStatement,GPT-5.2,Chain-of-Thought,none,0,0,645,634,0,11,0,0,645,634,0,11,0
4506,VerboseStatement,GPT-5.2,Chain-of-Thought,none,0,0,1196,1196,0,0,0,0,1196,1196,0,0,0
4507,Sleepy Test,CodeLlama 34B,Zero-Shot,none,0,1,235,231,1,0,3,1,235,231,1,0,3
4508,VerboseStatement,GPT-5.2,Chain-of-Thought,none,0,0,1196,1196,0,0,0,0,1196,1196,0,0,0
4509,Sleepy Test,CodeLlama 34B,Zero-Shot,none,0,1,235,231,1,0,3,1,235,231,1,0,3
4510,VerboseStatement,GPT-5.2,Chain-of-Thought,none,0,0,1196,1196,0,0,0,0,1196,1196,0,0,0
4511,SubOptimalAssert,CodeLlama 34B,Zero-Shot,none,0,0,1367,1367,0,0,0,0,1367,1367,0,0,0
4512,VerboseStatement,GPT-5.2,Chain-of-Thought,none,0,0,562,562,0,0,0,0,562,562,0,0,0
4513,SubOptimalAssert,CodeLlama 34B,Zero-Shot,none,0,0,1367,1367,0,0,0,0,1367,1367,0,0,0
4514,VerboseStatement,GPT-5.2,Chain-of-Thought,none,0,0,3010,3010,0,0,0,0,3010,3010,0,0,0
4515,Sleepy Test,GPT-5.2,Chain-of-Thought,none,0,1,235,231,1,0,3,1,235,231,1,0,3
4516,SubOptimalAssert,CodeLlama 34B,Zero-Shot,none,0,0,1367,1367,0,0,0,0,1367,1367,0,0,0
4517,Sleepy Test,GPT-5.2,Chain-of-Thought,suites_failed_increase,1,1,235,231,1,0,3,2,235,230,2,0,3
4518,SubOptimalAssert,CodeLlama 34B,Zero-Shot,suites_failed_increase,1,0,1694,1694,0,0,0,1,1694,1693,1,0,0
4519,Sleepy Test,GPT-5.2,Chain-of-Thought,none,0,1,235,231,1,0,3,1,235,231,1,0,3
4520,SubOptimalAssert,CodeLlama 34B,Zero-Shot,suites_failed_increase,1,0,1196,1196,0,0,0,1,1196,1195,1,0,0
4521,Sleepy Test,GPT-5.2,Chain-of-Thought,none,0,1,235,231,1,0,3,1,235,231,1,0,3
4522,Sleepy Test,GPT-5.2,Chain-of-Thought,none,0,1,235,231,1,0,3,1,235,231,1,0,3
4523,Sleepy Test,GPT-5.2,Chain-of-Thought,none,0,0,645,634,0,11,0,0,645,634,0,11,0
4524,Sleepy Test,GPT-5.2,Chain-of-Thought,none,0,0,645,634,0,11,0,0,645,634,0,11,0
4525,Sleepy Test,GPT-5.2,Chain-of-Thought,none,0,0,645,634,0,11,0,0,645,634,0,11,0
4526,Sleepy Test,GPT-5.2,Chain-of-Thought,none,0,0,645,634,0,11,0,0,645,634,0,11,0
4527,OvercommentedTest,CodeLlama 34B,Zero-Shot,none,0,0,1694,1694,0,0,0,0,1694,1694,0,0,0
4528,Sleepy Test,GPT-5.2,Chain-of-Thought,none,0,0,645,634,0,11,0,0,645,634,0,11,0
4529,Sleepy Test,GPT-5.2,Chain-of-Thought,none,0,0,645,634,0,11,0,0,645,634,0,11,0
4530,Sleepy Test,GPT-5.2,Chain-of-Thought,none,0,0,169,168,0,1,0,0,169,168,0,1,0
4531,Sleepy Test,GPT-5.2,Chain-of-Thought,none,0,0,3010,3010,0,0,0,0,3010,3010,0,0,0
4532,Sleepy Test,GPT-5.2,Chain-of-Thought,none,0,0,47,47,0,0,0,0,47,47,0,0,0
4533,Sleepy Test,GPT-5.2,Chain-of-Thought,suites_failed_increase,1,0,47,47,0,0,0,1,47,45,2,0,0
4534,OvercommentedTest,CodeLlama 34B,Zero-Shot,none,0,0,1694,1694,0,0,0,0,1694,1694,0,0,0
4535,ConditionalTestLogic,GPT-5.2,Chain-of-Thought,none,0,0,1694,1694,0,0,0,0,1694,1694,0,0,0
4536,ConditionalTestLogic,GPT-5.2,Chain-of-Thought,none,0,0,1694,1694,0,0,0,0,1694,1694,0,0,0
4537,ConditionalTestLogic,GPT-5.2,Chain-of-Thought,none,0,0,1694,1694,0,0,0,0,1694,1694,0,0,0
4538,ConditionalTestLogic,GPT-5.2,Chain-of-Thought,none,0,0,1694,1694,0,0,0,0,1694,1694,0,0,0
4539,ConditionalTestLogic,GPT-5.2,Chain-of-Thought,none,0,0,1694,1694,0,0,0,0,1694,1694,0,0,0
4540,OvercommentedTest,CodeLlama 34B,Zero-Shot,none,0,0,1694,1694,0,0,0,0,1694,1694,0,0,0
4541,ConditionalTestLogic,GPT-5.2,Chain-of-Thought,none,0,0,1694,1694,0,0,0,0,1694,1694,0,0,0
4542,ConditionalTestLogic,GPT-5.2,Chain-of-Thought,none,0,0,1694,1694,0,0,0,0,1694,1694,0,0,0
4543,OvercommentedTest,CodeLlama 34B,Zero-Shot,none,0,0,1694,1694,0,0,0,0,1694,1694,0,0,0
4544,ConditionalTestLogic,GPT-5.2,Chain-of-Thought,none,0,0,1694,1694,0,0,0,0,1694,1694,0,0,0
4545,ConditionalTestLogic,GPT-5.2,Chain-of-Thought,none,0,0,1694,1694,0,0,0,0,1694,1694,0,0,0
4546,ConditionalTestLogic,GPT-5.2,Chain-of-Thought,none,0,0,481,478,0,3,0,0,481,478,0,3,0
4547,ConditionalTestLogic,GPT-5.2,Chain-of-Thought,none,0,1,235,231,1,0,3,1,235,231,1,0,3
4548,ConditionalTestLogic,GPT-5.2,Chain-of-Thought,none,0,0,525,517,0,8,0,0,525,517,0,8,0
4549,ConditionalTestLogic,GPT-5.2,Chain-of-Thought,none,0,0,525,517,0,8,0,0,525,517,0,8,0
4550,ConditionalTestLogic,GPT-5.2,Chain-of-Thought,none,0,0,525,517,0,8,0,0,525,517,0,8,0
4551,ConditionalTestLogic,GPT-5.2,Chain-of-Thought,none,0,0,525,517,0,8,0,0,525,517,0,8,0
4552,ConditionalTestLogic,GPT-5.2,Chain-of-Thought,none,0,0,525,517,0,8,0,0,525,517,0,8,0
4553,ConditionalTestLogic,GPT-5.2,Chain-of-Thought,none,0,0,525,517,0,8,0,0,525,517,0,8,0
4554,OvercommentedTest,CodeLlama 34B,Zero-Shot,none,0,0,1694,1694,0,0,0,0,1694,1694,0,0,0
4555,ConditionalTestLogic,GPT-5.2,Chain-of-Thought,suites_failed_increase,1,0,525,517,0,8,0,1,0,0,0,8,0
4556,AnonymousTest,CodeLlama 34B,Zero-Shot,none,0,0,1367,1367,0,0,0,0,1367,1367,0,0,0
4557,ConditionalTestLogic,GPT-5.2,Chain-of-Thought,none,0,0,645,634,0,11,0,0,645,634,0,11,0
4558,ConditionalTestLogic,GPT-5.2,Chain-of-Thought,none,0,0,1196,1196,0,0,0,0,1205,1205,0,0,0
4559,Exception Handling,GPT-5.2,Chain-of-Thought,none,0,0,1367,1367,0,0,0,0,1367,1367,0,0,0
4560,AnonymousTest,CodeLlama 34B,Zero-Shot,suites_failed_increase,1,0,1367,1367,0,0,0,1,1367,1366,1,0,0
4561,Exception Handling,GPT-5.2,Chain-of-Thought,none,0,0,1367,1367,0,0,0,0,1367,1367,0,0,0
4562,Exception Handling,GPT-5.2,Chain-of-Thought,none,0,0,1694,1694,0,0,0,0,1694,1694,0,0,0
4563,Exception Handling,GPT-5.2,Chain-of-Thought,none,0,0,1694,1694,0,0,0,0,1694,1694,0,0,0
4564,AnonymousTest,CodeLlama 34B,Zero-Shot,none,0,0,202,202,0,0,0,0,202,202,0,0,0
4565,Exception Handling,GPT-5.2,Chain-of-Thought,suites_failed_increase,1,0,462,455,0,7,0,1,0,0,0,7,0
4566,Exception Handling,GPT-5.2,Chain-of-Thought,none,0,0,242,242,0,0,0,0,242,242,0,0,0
4567,Exception Handling,GPT-5.2,Chain-of-Thought,none,0,0,208,207,0,1,0,0,176,175,1,0,0
4568,Exception Handling,GPT-5.2,Chain-of-Thought,none,0,0,525,517,0,8,0,0,525,517,0,8,0
4569,AnonymousTest,CodeLlama 34B,Zero-Shot,suites_failed_increase,1,0,202,202,0,0,0,1,202,201,1,0,0
4570,Exception Handling,GPT-5.2,Chain-of-Thought,none,0,0,525,517,0,8,0,0,525,517,0,8,0
4571,Exception Handling,GPT-5.2,Chain-of-Thought,none,0,0,525,517,0,8,0,0,525,517,0,8,0
4572,Exception Handling,GPT-5.2,Chain-of-Thought,suites_failed_increase,1,0,44,44,0,0,0,1,44,43,1,0,0
4573,AnonymousTest,CodeLlama 34B,Zero-Shot,none,0,0,202,202,0,0,0,0,202,202,0,0,0
4574,Exception Handling,GPT-5.2,Chain-of-Thought,none,0,0,1694,1694,0,0,0,0,1694,1694,0,0,0
4575,Exception Handling,GPT-5.2,Chain-of-Thought,none,0,0,1367,1367,0,0,0,0,1367,1367,0,0,0
4576,Exception Handling,GPT-5.2,Chain-of-Thought,none,0,0,1367,1367,0,0,0,0,1367,1367,0,0,0
4577,Exception Handling,GPT-5.2,Chain-of-Thought,none,0,0,1367,1367,0,0,0,0,1367,1367,0,0,0
4578,Exception Handling,GPT-5.2,Chain-of-Thought,none,0,0,1367,1367,0,0,0,0,1367,1367,0,0,0
4579,Exception Handling,GPT-5.2,Chain-of-Thought,none,0,0,1367,1367,0,0,0,0,1367,1367,0,0,0
4580,Exception Handling,GPT-5.2,Chain-of-Thought,none,0,0,1367,1367,0,0,0,0,1367,1367,0,0,0
4581,Exception Handling,GPT-5.2,Chain-of-Thought,none,0,0,1367,1367,0,0,0,0,1367,1367,0,0,0
4582,Exception Handling,GPT-5.2,Chain-of-Thought,suites_failed_increase,1,0,462,455,0,7,0,1,0,0,0,7,0
4583,VerboseStatement,CodeLlama 34B,Zero-Shot,none,0,0,1694,1694,0,0,0,0,1694,1694,0,0,0
4584,Duplicate Assert,GPT-5.2,Chain-of-Thought,none,0,0,1367,1367,0,0,0,0,1367,1367,0,0,0
4585,Duplicate Assert,GPT-5.2,Chain-of-Thought,none,0,0,1367,1367,0,0,0,0,1367,1367,0,0,0
4586,Duplicate Assert,GPT-5.2,Chain-of-Thought,none,0,0,1367,1367,0,0,0,0,1367,1367,0,0,0
4587,Duplicate Assert,GPT-5.2,Chain-of-Thought,none,0,0,1367,1367,0,0,0,0,1367,1367,0,0,0
4588,Duplicate Assert,GPT-5.2,Chain-of-Thought,none,0,0,3010,3010,0,0,0,0,3010,3010,0,0,0
4589,Magic Number,GPT-5.2,Chain-of-Thought,none,0,0,1367,1367,0,0,0,0,1367,1367,0,0,0
4590,Magic Number,GPT-5.2,Chain-of-Thought,none,0,0,242,242,0,0,0,0,242,242,0,0,0
4591,Magic Number,GPT-5.2,Chain-of-Thought,none,0,0,208,207,0,1,0,0,208,207,0,1,0
4592,VerboseStatement,CodeLlama 34B,Zero-Shot,suites_failed_increase,1,0,1694,1694,0,0,0,1,1677,1677,0,0,0
4593,Sleepy Test,GPT-5.2,Chain-of-Thought,none,0,1,235,231,1,0,3,1,235,230,2,0,3
4594,Sleepy Test,GPT-5.2,Chain-of-Thought,suites_failed_increase,1,1,235,231,1,0,3,2,235,230,2,0,3
4595,Sleepy Test,GPT-5.2,Chain-of-Thought,suites_failed_increase,1,1,235,231,1,0,3,2,235,229,3,0,3
4596,Sleepy Test,GPT-5.2,Chain-of-Thought,none,0,1,235,231,1,0,3,1,235,230,2,0,3
4597,Sleepy Test,GPT-5.2,Chain-of-Thought,none,0,1,235,231,1,0,3,1,235,231,1,0,3
4598,SubOptimalAssert,GPT-5.2,Chain-of-Thought,none,0,0,1367,1367,0,0,0,0,1367,1367,0,0,0
4599,SubOptimalAssert,GPT-5.2,Chain-of-Thought,none,0,0,1367,1367,0,0,0,0,1367,1367,0,0,0
4600,SubOptimalAssert,GPT-5.2,Chain-of-Thought,none,0,0,1367,1367,0,0,0,0,1367,1367,0,0,0
4601,SubOptimalAssert,GPT-5.2,Chain-of-Thought,none,0,0,1694,1694,0,0,0,0,1694,1694,0,0,0
4602,SubOptimalAssert,GPT-5.2,Chain-of-Thought,none,0,0,1196,1196,0,0,0,0,1196,1196,0,0,0
4603,VerboseStatement,CodeLlama 34B,Zero-Shot,none,0,0,1694,1694,0,0,0,0,1694,1694,0,0,0
4604,OvercommentedTest,GPT-5.2,Chain-of-Thought,none,0,0,1694,1694,0,0,0,0,1694,1694,0,0,0
4605,OvercommentedTest,GPT-5.2,Chain-of-Thought,none,0,0,1694,1694,0,0,0,0,1694,1694,0,0,0
4606,OvercommentedTest,GPT-5.2,Chain-of-Thought,none,0,0,1694,1694,0,0,0,0,1694,1694,0,0,0
4607,OvercommentedTest,GPT-5.2,Chain-of-Thought,none,0,0,1694,1694,0,0,0,0,1694,1694,0,0,0
4608,VerboseStatement,CodeLlama 34B,Zero-Shot,suites_failed_increase,1,0,1694,1694,0,0,0,1,1676,1676,0,0,0
4609,OvercommentedTest,GPT-5.2,Chain-of-Thought,none,0,0,1694,1694,0,0,0,0,1694,1694,0,0,0
4610,AnonymousTest,GPT-5.2,Chain-of-Thought,none,0,0,1367,1367,0,0,0,0,1367,1367,0,0,0
4611,AnonymousTest,GPT-5.2,Chain-of-Thought,none,0,0,1367,1367,0,0,0,0,1367,1367,0,0,0
4612,Unknown Test,CodeLlama 34B,Zero-Shot,none,0,1,235,231,1,0,3,1,235,231,1,0,3
4613,AnonymousTest,GPT-5.2,Chain-of-Thought,none,0,0,202,202,0,0,0,0,202,202,0,0,0
4614,AnonymousTest,GPT-5.2,Chain-of-Thought,none,0,0,202,202,0,0,0,0,202,202,0,0,0
4615,Unknown Test,CodeLlama 34B,Zero-Shot,suites_failed_increase,1,0,525,517,0,8,0,1,0,0,0,8,0
4616,AnonymousTest,GPT-5.2,Chain-of-Thought,none,0,0,202,202,0,0,0,0,202,202,0,0,0
4617,Unknown Test,CodeLlama 34B,Zero-Shot,none,0,0,645,634,0,11,0,0,645,633,0,11,1
4618,VerboseStatement,GPT-5.2,Chain-of-Thought,none,0,0,1694,1694,0,0,0,0,1694,1694,0,0,0
4619,Unknown Test,CodeLlama 34B,Zero-Shot,none,0,0,645,634,0,11,0,0,645,633,0,11,1
4620,VerboseStatement,GPT-5.2,Chain-of-Thought,none,0,0,1694,1694,0,0,0,0,1694,1694,0,0,0
4621,Unknown Test,CodeLlama 34B,Zero-Shot,none,0,0,645,634,0,11,0,0,645,634,0,11,0
4622,VerboseStatement,GPT-5.2,Chain-of-Thought,none,0,0,1694,1694,0,0,0,0,1694,1694,0,0,0
4623,Unknown Test,CodeLlama 34B,Zero-Shot,none,0,0,645,634,0,11,0,0,645,633,0,11,1
4624,VerboseStatement,GPT-5.2,Chain-of-Thought,none,0,0,1694,1694,0,0,0,0,1694,1694,0,0,0
4625,Unknown Test,GPT-5.2,Chain-of-Thought,none,0,1,235,231,1,0,3,1,235,231,1,0,3
4626,Unknown Test,CodeLlama 34B,Zero-Shot,none,0,0,645,634,0,11,0,0,646,633,0,11,2
4627,Unknown Test,GPT-5.2,Chain-of-Thought,suites_failed_increase,1,0,525,517,0,8,0,1,0,0,0,8,0
4628,Unknown Test,GPT-5.2,Chain-of-Thought,none,0,0,645,634,0,11,0,0,645,633,0,11,1
4629,Unknown Test,GPT-5.2,Chain-of-Thought,none,0,0,645,634,0,11,0,0,645,633,0,11,1
4630,Unknown Test,CodeLlama 34B,Zero-Shot,none,0,0,645,634,0,11,0,0,645,633,0,11,1
4631,Unknown Test,GPT-5.2,Chain-of-Thought,none,0,0,645,634,0,11,0,0,645,633,0,11,1
4632,Unknown Test,GPT-5.2,Chain-of-Thought,none,0,0,645,634,0,11,0,0,645,633,0,11,1
4633,Unknown Test,GPT-5.2,Chain-of-Thought,none,0,0,645,634,0,11,0,0,645,633,0,11,1
4634,Unknown Test,CodeLlama 34B,Zero-Shot,none,0,0,645,634,0,11,0,0,645,633,0,11,1
4635,Unknown Test,GPT-5.2,Chain-of-Thought,none,0,0,645,634,0,11,0,0,645,633,0,11,1
4636,Unknown Test,GPT-5.2,Chain-of-Thought,none,0,0,645,634,0,11,0,0,645,633,0,11,1
4637,Unknown Test,CodeLlama 34B,Zero-Shot,none,0,0,645,634,0,11,0,0,645,633,0,11,1
4638,Unknown Test,GPT-5.2,Chain-of-Thought,none,0,0,645,634,0,11,0,0,645,633,0,11,1
4639,Unknown Test,GPT-5.2,Chain-of-Thought,none,0,0,169,168,0,1,0,0,169,168,0,1,0
4640,Unknown Test,GPT-5.2,Chain-of-Thought,none,0,0,169,168,0,1,0,0,169,168,0,1,0
4641,Unknown Test,CodeLlama 34B,Zero-Shot,suites_failed_increase,1,0,169,168,0,1,0,1,0,0,0,1,0
4642,Unknown Test,GPT-5.2,Chain-of-Thought,none,0,0,169,168,0,1,0,0,169,168,0,1,0
4643,Unknown Test,GPT-5.2,Chain-of-Thought,none,0,0,169,168,0,1,0,0,169,168,0,1,0
4644,Unknown Test,GPT-5.2,Chain-of-Thought,none,0,0,169,168,0,1,0,0,169,168,0,1,0
4645,Unknown Test,CodeLlama 34B,Zero-Shot,suites_failed_increase,1,0,169,168,0,1,0,1,0,0,0,1,0
4646,Unknown Test,GPT-5.2,Chain-of-Thought,none,0,0,169,168,0,1,0,0,169,168,0,1,0
4647,Unknown Test,GPT-5.2,Chain-of-Thought,none,0,0,169,168,0,1,0,0,169,168,0,1,0
4648,Unknown Test,CodeLlama 34B,Zero-Shot,suites_failed_increase,1,0,169,168,0,1,0,1,0,0,0,1,0
4649,Unknown Test,GPT-5.2,Chain-of-Thought,none,0,1,159,157,2,0,0,1,159,157,2,0,0
4650,Unknown Test,GPT-5.2,Chain-of-Thought,none,0,0,47,47,0,0,0,0,47,47,0,0,0
4651,Unknown Test,GPT-5.2,Chain-of-Thought,none,0,0,47,47,0,0,0,0,47,47,0,0,0
4652,AnonymousTest,GPT-5.2,Chain-of-Thought,none,0,0,645,634,0,11,0,0,647,636,0,11,0
4653,Unknown Test,CodeLlama 34B,Zero-Shot,none,0,0,169,168,0,1,0,0,169,168,0,1,0
4654,VerboseStatement,GPT-5.2,Chain-of-Thought,none,0,0,3010,3010,0,0,0,0,3010,3010,0,0,0
4655,Unknown Test,CodeLlama 34B,Zero-Shot,none,0,0,169,168,0,1,0,0,169,168,0,1,0
4656,Unknown Test,CodeLlama 34B,Zero-Shot,none,0,0,169,168,0,1,0,0,169,168,0,1,0
4657,Unknown Test,CodeLlama 34B,Zero-Shot,suites_failed_increase,1,0,169,168,0,1,0,1,0,0,0,1,0
4658,Unknown Test,CodeLlama 34B,Zero-Shot,none,0,1,159,157,2,0,0,1,159,156,3,0,0
4659,Unknown Test,CodeLlama 34B,Zero-Shot,none,0,0,47,47,0,0,0,0,47,47,0,0,0
4660,Unknown Test,CodeLlama 34B,Zero-Shot,suites_failed_increase,1,0,47,47,0,0,0,1,47,46,1,0,0
4661,AnonymousTest,CodeLlama 34B,Zero-Shot,none,0,0,645,634,0,11,0,0,647,636,0,11,0
4662,VerboseStatement,CodeLlama 34B,Zero-Shot,none,0,0,3010,3010,0,0,0,0,3010,3010,0,0,0
4663,Duplicate Assert,CodeLlama 34B,Few-Shot,none,0,0,462,455,0,7,0,0,462,455,0,7,0
4664,Duplicate Assert,CodeLlama 34B,Few-Shot,none,0,0,462,455,0,7,0,0,462,455,0,7,0
4665,Duplicate Assert,CodeLlama 34B,Few-Shot,none,0,0,462,455,0,7,0,0,462,455,0,7,0
4666,Duplicate Assert,CodeLlama 34B,Few-Shot,none,0,0,462,455,0,7,0,0,462,455,0,7,0
4667,Duplicate Assert,CodeLlama 34B,Few-Shot,none,0,0,462,455,0,7,0,0,462,455,0,7,0
4668,Duplicate Assert,CodeLlama 34B,Few-Shot,none,0,0,242,242,0,0,0,0,242,242,0,0,0
4669,Duplicate Assert,CodeLlama 34B,Few-Shot,none,0,1,159,157,2,0,0,1,159,157,2,0,0
4670,Duplicate Assert,CodeLlama 34B,Few-Shot,none,0,0,3010,3010,0,0,0,0,3010,3010,0,0,0
4671,Duplicate Assert,CodeLlama 34B,Few-Shot,none,0,0,3010,3010,0,0,0,0,3010,3010,0,0,0
4672,Duplicate Assert,CodeLlama 34B,Few-Shot,none,0,0,3010,3010,0,0,0,0,3010,3010,0,0,0
4673,Duplicate Assert,CodeLlama 34B,Few-Shot,none,0,0,3010,3010,0,0,0,0,3010,3010,0,0,0
4674,Duplicate Assert,CodeLlama 34B,Few-Shot,none,0,0,3010,3010,0,0,0,0,3010,3010,0,0,0
4675,Duplicate Assert,CodeLlama 34B,Few-Shot,none,0,0,3010,3010,0,0,0,0,3010,3010,0,0,0
4676,Duplicate Assert,CodeLlama 34B,Few-Shot,none,0,0,562,562,0,0,0,0,562,562,0,0,0
4677,Duplicate Assert,CodeLlama 34B,Few-Shot,none,0,0,562,562,0,0,0,0,562,562,0,0,0
4678,Magic Number,CodeLlama 34B,Few-Shot,suites_failed_increase,1,0,60,60,0,0,0,1,60,59,1,0,0
4679,Magic Number,CodeLlama 34B,Few-Shot,none,0,1,235,231,1,0,3,1,235,231,1,0,3
4680,Magic Number,CodeLlama 34B,Few-Shot,none,0,1,235,231,1,0,3,1,235,231,1,0,3
4681,Magic Number,CodeLlama 34B,Few-Shot,suites_failed_increase,1,1,235,231,1,0,3,2,235,229,3,0,3
4682,Magic Number,CodeLlama 34B,Few-Shot,none,0,0,525,517,0,8,0,0,525,517,0,8,0
4683,Magic Number,CodeLlama 34B,Few-Shot,none,0,0,525,517,0,8,0,0,525,517,0,8,0
4684,Magic Number,CodeLlama 34B,Few-Shot,none,0,0,1196,1196,0,0,0,0,1196,1196,0,0,0
4685,Magic Number,CodeLlama 34B,Few-Shot,none,0,0,1196,1196,0,0,0,0,1196,1196,0,0,0
4686,Magic Number,CodeLlama 34B,Few-Shot,suites_failed_increase,1,0,169,168,0,1,0,1,0,0,0,1,0
4687,Magic Number,CodeLlama 34B,Few-Shot,none,0,0,169,168,0,1,0,0,169,168,0,1,0
4688,Magic Number,CodeLlama 34B,Few-Shot,none,0,0,169,168,0,1,0,0,169,168,0,1,0
4689,Magic Number,CodeLlama 34B,Few-Shot,none,0,0,169,168,0,1,0,0,169,168,0,1,0
4690,Magic Number,CodeLlama 34B,Few-Shot,none,0,0,169,168,0,1,0,0,169,168,0,1,0
4691,Magic Number,CodeLlama 34B,Few-Shot,none,0,0,169,168,0,1,0,0,169,168,0,1,0
4692,Magic Number,CodeLlama 34B,Few-Shot,none,0,0,169,168,0,1,0,0,169,168,0,1,0
4693,Magic Number,CodeLlama 34B,Few-Shot,suites_failed_increase,1,0,169,168,0,1,0,1,0,0,0,1,0
4694,Magic Number,CodeLlama 34B,Few-Shot,suites_failed_increase,1,0,169,168,0,1,0,1,0,0,0,1,0
4695,SubOptimalAssert,CodeLlama 34B,Few-Shot,suites_failed_increase,1,0,60,60,0,0,0,1,60,59,1,0,0
4696,SubOptimalAssert,CodeLlama 34B,Few-Shot,none,0,0,525,517,0,8,0,0,525,517,0,8,0
4697,SubOptimalAssert,CodeLlama 34B,Few-Shot,suites_failed_increase,1,0,525,517,0,8,0,1,0,0,0,8,0
4698,SubOptimalAssert,CodeLlama 34B,Few-Shot,none,0,0,1196,1196,0,0,0,0,1196,1196,0,0,0
4699,SubOptimalAssert,CodeLlama 34B,Few-Shot,suites_failed_increase,1,0,1196,1196,0,0,0,1,1196,1195,1,0,0
4700,SubOptimalAssert,CodeLlama 34B,Few-Shot,none,0,0,1196,1196,0,0,0,0,1196,1196,0,0,0
4701,SubOptimalAssert,CodeLlama 34B,Few-Shot,none,0,0,1196,1196,0,0,0,0,1196,1196,0,0,0
4702,SubOptimalAssert,CodeLlama 34B,Few-Shot,none,0,0,1196,1196,0,0,0,0,1196,1196,0,0,0
4703,SubOptimalAssert,CodeLlama 34B,Few-Shot,none,0,0,562,562,0,0,0,0,562,562,0,0,0
4704,SubOptimalAssert,CodeLlama 34B,Few-Shot,none,0,0,3010,3010,0,0,0,0,3010,3010,0,0,0
4705,SubOptimalAssert,CodeLlama 34B,Few-Shot,suites_failed_increase,1,0,462,455,0,7,0,1,0,0,0,7,0
4706,SubOptimalAssert,CodeLlama 34B,Few-Shot,none,0,0,47,47,0,0,0,0,47,47,0,0,0
4707,SubOptimalAssert,CodeLlama 34B,Few-Shot,none,0,0,47,47,0,0,0,0,47,47,0,0,0
4708,SubOptimalAssert,CodeLlama 34B,Few-Shot,none,0,0,47,47,0,0,0,0,47,47,0,0,0
4709,Duplicate Assert,Claude Sonnet 4.6,Chain-of-Thought,none,0,0,462,455,0,7,0,0,462,455,0,7,0
4710,Duplicate Assert,Claude Sonnet 4.6,Chain-of-Thought,none,0,0,462,455,0,7,0,0,462,455,0,7,0
4711,Duplicate Assert,Claude Sonnet 4.6,Chain-of-Thought,none,0,0,462,455,0,7,0,0,462,455,0,7,0
4713,Duplicate Assert,Claude Sonnet 4.6,Chain-of-Thought,none,0,0,462,455,0,7,0,0,462,455,0,7,0
4714,Duplicate Assert,Claude Sonnet 4.6,Chain-of-Thought,none,0,0,462,455,0,7,0,0,462,455,0,7,0
4715,Duplicate Assert,Claude Sonnet 4.6,Chain-of-Thought,none,0,0,242,242,0,0,0,0,242,242,0,0,0
4716,Duplicate Assert,Claude Sonnet 4.6,Chain-of-Thought,none,0,1,159,157,2,0,0,1,159,157,2,0,0
4717,OvercommentedTest,CodeLlama 34B,Few-Shot,none,0,1,235,231,1,0,3,1,235,231,1,0,3
4718,Duplicate Assert,Claude Sonnet 4.6,Chain-of-Thought,none,0,0,3010,3010,0,0,0,0,3010,3010,0,0,0
4719,Duplicate Assert,Claude Sonnet 4.6,Chain-of-Thought,none,0,0,3010,3010,0,0,0,0,3010,3010,0,0,0
4720,Duplicate Assert,Claude Sonnet 4.6,Chain-of-Thought,none,0,0,3010,3010,0,0,0,0,3010,3010,0,0,0
4721,Duplicate Assert,Claude Sonnet 4.6,Chain-of-Thought,none,0,0,3010,3010,0,0,0,0,3010,3010,0,0,0
4722,Duplicate Assert,Claude Sonnet 4.6,Chain-of-Thought,none,0,0,3010,3010,0,0,0,0,3010,3010,0,0,0
4723,Duplicate Assert,Claude Sonnet 4.6,Chain-of-Thought,none,0,0,3010,3010,0,0,0,0,3010,3010,0,0,0
4724,OvercommentedTest,CodeLlama 34B,Few-Shot,none,0,1,235,231,1,0,3,1,235,231,1,0,3
4725,Duplicate Assert,Claude Sonnet 4.6,Chain-of-Thought,none,0,0,562,562,0,0,0,0,562,562,0,0,0
4726,Duplicate Assert,Claude Sonnet 4.6,Chain-of-Thought,none,0,0,562,562,0,0,0,0,562,562,0,0,0
4727,Magic Number,Claude Sonnet 4.6,Chain-of-Thought,none,0,0,60,60,0,0,0,0,60,60,0,0,0
4728,OvercommentedTest,CodeLlama 34B,Few-Shot,none,0,1,235,231,1,0,3,1,235,231,1,0,3
4729,Magic Number,Claude Sonnet 4.6,Chain-of-Thought,none,0,1,235,231,1,0,3,1,235,231,1,0,3
4730,Magic Number,Claude Sonnet 4.6,Chain-of-Thought,none,0,1,235,231,1,0,3,1,235,231,1,0,3
4731,Magic Number,Claude Sonnet 4.6,Chain-of-Thought,none,0,1,235,231,1,0,3,1,235,231,1,0,3
4732,OvercommentedTest,CodeLlama 34B,Few-Shot,none,0,1,235,231,1,0,3,1,235,231,1,0,3
4733,Magic Number,Claude Sonnet 4.6,Chain-of-Thought,none,0,0,525,517,0,8,0,0,525,517,0,8,0
4734,Magic Number,Claude Sonnet 4.6,Chain-of-Thought,none,0,0,525,517,0,8,0,0,525,517,0,8,0
4735,Magic Number,Claude Sonnet 4.6,Chain-of-Thought,none,0,0,1196,1196,0,0,0,0,1196,1196,0,0,0
4736,OvercommentedTest,CodeLlama 34B,Few-Shot,none,0,0,525,517,0,8,0,0,525,517,0,8,0
4737,Magic Number,Claude Sonnet 4.6,Chain-of-Thought,none,0,0,1196,1196,0,0,0,0,1196,1196,0,0,0
4738,Magic Number,Claude Sonnet 4.6,Chain-of-Thought,none,0,0,169,168,0,1,0,0,169,168,0,1,0
4739,Magic Number,Claude Sonnet 4.6,Chain-of-Thought,none,0,0,169,168,0,1,0,0,169,168,0,1,0
4740,OvercommentedTest,CodeLlama 34B,Few-Shot,none,0,0,525,517,0,8,0,0,525,517,0,8,0
4741,Magic Number,Claude Sonnet 4.6,Chain-of-Thought,none,0,0,169,168,0,1,0,0,169,168,0,1,0
4742,Magic Number,Claude Sonnet 4.6,Chain-of-Thought,none,0,0,169,168,0,1,0,0,169,168,0,1,0
4743,Magic Number,Claude Sonnet 4.6,Chain-of-Thought,none,0,0,169,168,0,1,0,0,169,168,0,1,0
4744,Magic Number,Claude Sonnet 4.6,Chain-of-Thought,none,0,0,169,168,0,1,0,0,169,168,0,1,0
4745,Magic Number,Claude Sonnet 4.6,Chain-of-Thought,none,0,0,169,168,0,1,0,0,169,168,0,1,0
4746,Magic Number,Claude Sonnet 4.6,Chain-of-Thought,none,0,0,169,168,0,1,0,0,169,168,0,1,0
4747,Magic Number,Claude Sonnet 4.6,Chain-of-Thought,none,0,0,169,168,0,1,0,0,169,168,0,1,0
4748,SubOptimalAssert,Claude Sonnet 4.6,Chain-of-Thought,none,0,0,60,60,0,0,0,0,60,60,0,0,0
4749,SubOptimalAssert,Claude Sonnet 4.6,Chain-of-Thought,none,0,0,525,517,0,8,0,0,525,517,0,8,0
4750,SubOptimalAssert,Claude Sonnet 4.6,Chain-of-Thought,none,0,0,525,517,0,8,0,0,525,517,0,8,0
4751,SubOptimalAssert,Claude Sonnet 4.6,Chain-of-Thought,none,0,0,1196,1196,0,0,0,0,1196,1196,0,0,0
4752,SubOptimalAssert,Claude Sonnet 4.6,Chain-of-Thought,none,0,0,1196,1196,0,0,0,0,1196,1196,0,0,0
4753,SubOptimalAssert,Claude Sonnet 4.6,Chain-of-Thought,none,0,0,1196,1196,0,0,0,0,1196,1196,0,0,0
4754,SubOptimalAssert,Claude Sonnet 4.6,Chain-of-Thought,none,0,0,1196,1196,0,0,0,0,1196,1196,0,0,0
4755,SubOptimalAssert,Claude Sonnet 4.6,Chain-of-Thought,none,0,0,1196,1196,0,0,0,0,1196,1196,0,0,0
4756,SubOptimalAssert,Claude Sonnet 4.6,Chain-of-Thought,none,0,0,562,562,0,0,0,0,562,562,0,0,0
4757,SubOptimalAssert,Claude Sonnet 4.6,Chain-of-Thought,none,0,0,3010,3010,0,0,0,0,3010,3010,0,0,0
4758,SubOptimalAssert,Claude Sonnet 4.6,Chain-of-Thought,none,0,0,462,455,0,7,0,0,462,455,0,7,0
4759,SubOptimalAssert,Claude Sonnet 4.6,Chain-of-Thought,none,0,0,47,47,0,0,0,0,47,47,0,0,0
4760,SubOptimalAssert,Claude Sonnet 4.6,Chain-of-Thought,none,0,0,47,47,0,0,0,0,47,47,0,0,0
4761,OvercommentedTest,CodeLlama 34B,Few-Shot,none,0,0,525,517,0,8,0,0,525,517,0,8,0
4762,SubOptimalAssert,Claude Sonnet 4.6,Chain-of-Thought,none,0,0,47,47,0,0,0,0,47,47,0,0,0
4763,SubOptimalAssert,Claude Sonnet 4.6,Chain-of-Thought,none,0,0,3010,3010,0,0,0,0,3010,3010,0,0,0
4764,OvercommentedTest,Claude Sonnet 4.6,Chain-of-Thought,none,0,1,235,231,1,0,3,1,235,231,1,0,3
4765,OvercommentedTest,Claude Sonnet 4.6,Chain-of-Thought,none,0,1,235,231,1,0,3,1,235,231,1,0,3
4766,OvercommentedTest,Claude Sonnet 4.6,Chain-of-Thought,none,0,1,235,231,1,0,3,1,235,231,1,0,3
4767,OvercommentedTest,Claude Sonnet 4.6,Chain-of-Thought,none,0,1,235,231,1,0,3,1,235,231,1,0,3
4768,OvercommentedTest,CodeLlama 34B,Few-Shot,none,0,0,525,517,0,8,0,0,525,517,0,8,0
4769,OvercommentedTest,Claude Sonnet 4.6,Chain-of-Thought,none,0,0,525,517,0,8,0,0,525,517,0,8,0
4770,OvercommentedTest,Claude Sonnet 4.6,Chain-of-Thought,none,0,0,525,517,0,8,0,0,525,517,0,8,0
4771,OvercommentedTest,Claude Sonnet 4.6,Chain-of-Thought,suites_failed_increase,1,0,525,517,0,8,0,1,0,0,0,8,0
4772,OvercommentedTest,Claude Sonnet 4.6,Chain-of-Thought,none,0,0,525,517,0,8,0,0,525,517,0,8,0
4773,OvercommentedTest,CodeLlama 34B,Few-Shot,none,0,0,525,517,0,8,0,0,525,517,0,8,0
4774,OvercommentedTest,Claude Sonnet 4.6,Chain-of-Thought,none,0,0,525,517,0,8,0,0,525,517,0,8,0
4775,OvercommentedTest,Claude Sonnet 4.6,Chain-of-Thought,suites_failed_increase,1,0,525,517,0,8,0,1,0,0,0,8,0
4776,OvercommentedTest,Claude Sonnet 4.6,Chain-of-Thought,none,0,0,645,634,0,11,0,0,645,634,0,11,0
4777,OvercommentedTest,Claude Sonnet 4.6,Chain-of-Thought,none,0,0,562,562,0,0,0,0,562,562,0,0,0
4778,OvercommentedTest,Claude Sonnet 4.6,Chain-of-Thought,none,0,0,645,634,0,11,0,0,645,634,0,11,0
4779,OvercommentedTest,Claude Sonnet 4.6,Chain-of-Thought,none,0,0,76,73,0,3,0,0,76,73,0,3,0
4780,OvercommentedTest,Claude Sonnet 4.6,Chain-of-Thought,none,0,0,645,634,0,11,0,0,645,634,0,11,0
4781,AnonymousTest,Claude Sonnet 4.6,Chain-of-Thought,none,0,0,1694,1694,0,0,0,0,1694,1694,0,0,0
4782,AnonymousTest,Claude Sonnet 4.6,Chain-of-Thought,none,0,0,1694,1694,0,0,0,0,1694,1694,0,0,0
4783,AnonymousTest,Claude Sonnet 4.6,Chain-of-Thought,none,0,0,1694,1694,0,0,0,0,1699,1699,0,0,0
4784,AnonymousTest,Claude Sonnet 4.6,Chain-of-Thought,none,0,0,1694,1694,0,0,0,0,1694,1694,0,0,0
4785,OvercommentedTest,CodeLlama 34B,Few-Shot,none,0,0,525,517,0,8,0,0,525,517,0,8,0
4786,AnonymousTest,Claude Sonnet 4.6,Chain-of-Thought,none,0,0,1694,1694,0,0,0,0,1699,1699,0,0,0
4787,AnonymousTest,Claude Sonnet 4.6,Chain-of-Thought,none,0,0,462,455,0,7,0,0,462,455,0,7,0
4788,AnonymousTest,Claude Sonnet 4.6,Chain-of-Thought,none,0,0,462,455,0,7,0,0,462,455,0,7,0
4789,AnonymousTest,Claude Sonnet 4.6,Chain-of-Thought,none,0,0,76,73,0,3,0,0,76,73,0,3,0
4790,AnonymousTest,Claude Sonnet 4.6,Chain-of-Thought,none,0,0,1694,1694,0,0,0,0,1694,1694,0,0,0
4791,AnonymousTest,Claude Sonnet 4.6,Chain-of-Thought,none,0,0,1694,1694,0,0,0,0,1695,1695,0,0,0
4792,AnonymousTest,Claude Sonnet 4.6,Chain-of-Thought,none,0,0,1196,1196,0,0,0,0,1197,1197,0,0,0
4793,AnonymousTest,Claude Sonnet 4.6,Chain-of-Thought,none,0,0,169,168,0,1,0,0,169,168,0,1,0
4794,AnonymousTest,Claude Sonnet 4.6,Chain-of-Thought,none,0,0,1196,1196,0,0,0,0,1200,1200,0,0,0
4795,AnonymousTest,Claude Sonnet 4.6,Chain-of-Thought,none,0,0,169,168,0,1,0,0,169,168,0,1,0
4796,VerboseStatement,Claude Sonnet 4.6,Chain-of-Thought,none,0,1,235,231,1,0,3,1,235,231,1,0,3
4797,VerboseStatement,Claude Sonnet 4.6,Chain-of-Thought,none,0,0,254,243,0,11,0,0,254,243,0,11,0
4798,OvercommentedTest,CodeLlama 34B,Few-Shot,none,0,0,562,562,0,0,0,0,562,562,0,0,0
4799,VerboseStatement,Claude Sonnet 4.6,Chain-of-Thought,none,0,0,254,243,0,11,0,0,254,243,0,11,0
4800,OvercommentedTest,CodeLlama 34B,Few-Shot,none,0,0,645,634,0,11,0,0,645,634,0,11,0
4801,VerboseStatement,Claude Sonnet 4.6,Chain-of-Thought,none,0,0,150,149,0,1,0,0,150,149,0,1,0
4802,VerboseStatement,Claude Sonnet 4.6,Chain-of-Thought,none,0,0,150,149,0,1,0,0,150,149,0,1,0
4803,VerboseStatement,Claude Sonnet 4.6,Chain-of-Thought,none,0,0,525,517,0,8,0,0,525,517,0,8,0
4804,OvercommentedTest,CodeLlama 34B,Few-Shot,none,0,0,76,73,0,3,0,0,76,73,0,3,0
4805,VerboseStatement,Claude Sonnet 4.6,Chain-of-Thought,none,0,0,525,517,0,8,0,0,525,517,0,8,0
4806,VerboseStatement,Claude Sonnet 4.6,Chain-of-Thought,none,0,0,645,634,0,11,0,0,645,634,0,11,0
4807,VerboseStatement,Claude Sonnet 4.6,Chain-of-Thought,none,0,0,645,634,0,11,0,0,645,634,0,11,0
4808,VerboseStatement,Claude Sonnet 4.6,Chain-of-Thought,none,0,0,645,634,0,11,0,0,645,634,0,11,0
4809,OvercommentedTest,CodeLlama 34B,Few-Shot,none,0,0,645,634,0,11,0,0,645,634,0,11,0
4810,VerboseStatement,Claude Sonnet 4.6,Chain-of-Thought,none,0,0,1196,1196,0,0,0,0,1196,1196,0,0,0
4811,AnonymousTest,CodeLlama 34B,Few-Shot,none,0,0,1694,1694,0,0,0,0,1694,1694,0,0,0
4812,VerboseStatement,Claude Sonnet 4.6,Chain-of-Thought,none,0,0,1196,1196,0,0,0,0,1196,1196,0,0,0
4813,AnonymousTest,CodeLlama 34B,Few-Shot,none,0,0,1694,1694,0,0,0,0,1694,1694,0,0,0
4814,VerboseStatement,Claude Sonnet 4.6,Chain-of-Thought,none,0,0,1196,1196,0,0,0,0,1196,1196,0,0,0
4815,VerboseStatement,Claude Sonnet 4.6,Chain-of-Thought,none,0,0,562,562,0,0,0,0,562,562,0,0,0
4816,VerboseStatement,Claude Sonnet 4.6,Chain-of-Thought,none,0,0,3010,3010,0,0,0,0,3010,3010,0,0,0
4817,AnonymousTest,CodeLlama 34B,Few-Shot,none,0,0,1694,1694,0,0,0,0,1694,1694,0,0,0
4818,Sleepy Test,Claude Sonnet 4.6,Chain-of-Thought,none,0,1,235,231,1,0,3,1,235,230,2,0,3
4819,Sleepy Test,Claude Sonnet 4.6,Chain-of-Thought,suites_failed_increase,1,1,235,231,1,0,3,2,235,230,2,0,3
4820,Sleepy Test,Claude Sonnet 4.6,Chain-of-Thought,none,0,1,235,231,1,0,3,1,235,231,1,0,3
4821,AnonymousTest,CodeLlama 34B,Few-Shot,suites_failed_increase,1,0,1694,1694,0,0,0,1,1690,1690,0,0,0
4822,Sleepy Test,Claude Sonnet 4.6,Chain-of-Thought,none,0,1,235,231,1,0,3,1,235,231,1,0,3
4823,Sleepy Test,Claude Sonnet 4.6,Chain-of-Thought,suites_failed_increase,1,1,235,231,1,0,3,2,235,229,3,0,3
4824,Sleepy Test,Claude Sonnet 4.6,Chain-of-Thought,none,0,0,645,634,0,11,0,0,645,634,0,11,0
4825,Sleepy Test,Claude Sonnet 4.6,Chain-of-Thought,none,0,0,645,634,0,11,0,0,645,634,0,11,0
4826,AnonymousTest,CodeLlama 34B,Few-Shot,none,0,0,1694,1694,0,0,0,0,1694,1694,0,0,0
4827,Sleepy Test,Claude Sonnet 4.6,Chain-of-Thought,none,0,0,645,634,0,11,0,0,645,634,0,11,0
4828,Sleepy Test,Claude Sonnet 4.6,Chain-of-Thought,none,0,0,645,634,0,11,0,0,645,634,0,11,0
4829,Sleepy Test,Claude Sonnet 4.6,Chain-of-Thought,none,0,0,645,634,0,11,0,0,645,634,0,11,0
4830,Sleepy Test,Claude Sonnet 4.6,Chain-of-Thought,none,0,0,645,634,0,11,0,0,645,633,0,11,1
4831,AnonymousTest,CodeLlama 34B,Few-Shot,suites_failed_increase,1,0,462,455,0,7,0,1,0,0,0,7,0
4832,Sleepy Test,Claude Sonnet 4.6,Chain-of-Thought,none,0,0,169,168,0,1,0,0,169,168,0,1,0
4833,Sleepy Test,Claude Sonnet 4.6,Chain-of-Thought,none,0,0,3010,3010,0,0,0,0,3010,3010,0,0,0
4834,Sleepy Test,Claude Sonnet 4.6,Chain-of-Thought,none,0,0,47,47,0,0,0,0,47,47,0,0,0
4835,AnonymousTest,CodeLlama 34B,Few-Shot,suites_failed_increase,1,0,462,455,0,7,0,1,0,0,0,7,0
4836,Sleepy Test,Claude Sonnet 4.6,Chain-of-Thought,none,0,0,47,47,0,0,0,0,47,47,0,0,0
4837,ConditionalTestLogic,Claude Sonnet 4.6,Chain-of-Thought,none,0,0,1694,1694,0,0,0,0,1694,1694,0,0,0
4838,AnonymousTest,CodeLlama 34B,Few-Shot,none,0,0,76,73,0,3,0,0,76,73,0,3,0
4839,AnonymousTest,CodeLlama 34B,Few-Shot,none,0,0,1694,1694,0,0,0,0,1694,1694,0,0,0
4840,ConditionalTestLogic,Claude Sonnet 4.6,Chain-of-Thought,none,0,0,1694,1694,0,0,0,0,1694,1694,0,0,0
4841,AnonymousTest,CodeLlama 34B,Few-Shot,none,0,0,1694,1694,0,0,0,0,1694,1694,0,0,0
4842,AnonymousTest,CodeLlama 34B,Few-Shot,none,0,0,1196,1196,0,0,0,0,1196,1196,0,0,0
4843,ConditionalTestLogic,Claude Sonnet 4.6,Chain-of-Thought,none,0,0,1694,1694,0,0,0,0,1694,1694,0,0,0
4844,ConditionalTestLogic,Claude Sonnet 4.6,Chain-of-Thought,suites_failed_increase,1,0,1694,1694,0,0,0,1,1689,1688,1,0,0
4845,AnonymousTest,CodeLlama 34B,Few-Shot,none,0,0,169,168,0,1,0,0,169,168,0,1,0
4846,ConditionalTestLogic,Claude Sonnet 4.6,Chain-of-Thought,none,0,0,1694,1694,0,0,0,0,1694,1694,0,0,0
4847,ConditionalTestLogic,Claude Sonnet 4.6,Chain-of-Thought,none,0,0,1694,1694,0,0,0,0,1695,1695,0,0,0
4848,AnonymousTest,CodeLlama 34B,Few-Shot,none,0,0,1196,1196,0,0,0,0,1196,1196,0,0,0
4849,ConditionalTestLogic,Claude Sonnet 4.6,Chain-of-Thought,none,0,0,1694,1694,0,0,0,0,1695,1695,0,0,0
4850,AnonymousTest,CodeLlama 34B,Few-Shot,none,0,0,169,168,0,1,0,0,169,168,0,1,0
4851,ConditionalTestLogic,Claude Sonnet 4.6,Chain-of-Thought,none,0,0,1694,1694,0,0,0,0,1695,1695,0,0,0
4852,ConditionalTestLogic,Claude Sonnet 4.6,Chain-of-Thought,none,0,0,1694,1694,0,0,0,0,1695,1695,0,0,0
4853,ConditionalTestLogic,Claude Sonnet 4.6,Chain-of-Thought,none,0,0,481,478,0,3,0,0,481,478,0,3,0
4854,VerboseStatement,CodeLlama 34B,Few-Shot,none,0,1,235,231,1,0,3,1,235,231,1,0,3
4855,ConditionalTestLogic,Claude Sonnet 4.6,Chain-of-Thought,none,0,1,235,231,1,0,3,1,235,231,1,0,3
4856,ConditionalTestLogic,Claude Sonnet 4.6,Chain-of-Thought,suites_failed_increase,1,0,525,517,0,8,0,1,0,0,0,8,0
4857,ConditionalTestLogic,Claude Sonnet 4.6,Chain-of-Thought,none,0,0,525,517,0,8,0,0,525,517,0,8,0
4858,ConditionalTestLogic,Claude Sonnet 4.6,Chain-of-Thought,none,0,0,525,517,0,8,0,0,525,517,0,8,0
4859,ConditionalTestLogic,Claude Sonnet 4.6,Chain-of-Thought,none,0,0,525,517,0,8,0,0,525,517,0,8,0
4860,ConditionalTestLogic,Claude Sonnet 4.6,Chain-of-Thought,none,0,0,525,517,0,8,0,0,525,517,0,8,0
4861,ConditionalTestLogic,Claude Sonnet 4.6,Chain-of-Thought,none,0,0,525,517,0,8,0,0,525,517,0,8,0
4862,ConditionalTestLogic,Claude Sonnet 4.6,Chain-of-Thought,suites_failed_increase,1,0,525,517,0,8,0,1,0,0,0,8,0
4863,ConditionalTestLogic,Claude Sonnet 4.6,Chain-of-Thought,none,0,0,645,634,0,11,0,0,645,634,0,11,0
4864,ConditionalTestLogic,Claude Sonnet 4.6,Chain-of-Thought,none,0,0,1196,1196,0,0,0,0,1205,1205,0,0,0
4865,VerboseStatement,CodeLlama 34B,Few-Shot,none,0,0,254,243,0,11,0,0,254,243,0,11,0
4866,Exception Handling,Claude Sonnet 4.6,Chain-of-Thought,none,0,0,1367,1367,0,0,0,0,1367,1367,0,0,0
4867,Exception Handling,Claude Sonnet 4.6,Chain-of-Thought,suites_failed_increase,1,0,1367,1367,0,0,0,1,1367,1366,1,0,0
4868,Exception Handling,Claude Sonnet 4.6,Chain-of-Thought,none,0,0,1694,1694,0,0,0,0,1694,1694,0,0,0
4869,Exception Handling,Claude Sonnet 4.6,Chain-of-Thought,none,0,0,1694,1694,0,0,0,0,1694,1694,0,0,0
4870,Exception Handling,Claude Sonnet 4.6,Chain-of-Thought,none,0,0,462,455,0,7,0,0,462,455,0,7,0
4871,Exception Handling,Claude Sonnet 4.6,Chain-of-Thought,none,0,0,242,242,0,0,0,0,242,242,0,0,0
4872,Exception Handling,Claude Sonnet 4.6,Chain-of-Thought,none,0,0,208,207,0,1,0,0,176,175,1,0,0
4873,Exception Handling,Claude Sonnet 4.6,Chain-of-Thought,none,0,0,525,517,0,8,0,0,525,517,0,8,0
4874,Exception Handling,Claude Sonnet 4.6,Chain-of-Thought,none,0,0,525,517,0,8,0,0,525,517,0,8,0
4875,Exception Handling,Claude Sonnet 4.6,Chain-of-Thought,none,0,0,525,517,0,8,0,0,525,517,0,8,0
4876,Exception Handling,Claude Sonnet 4.6,Chain-of-Thought,none,0,0,44,44,0,0,0,0,44,44,0,0,0
4877,VerboseStatement,CodeLlama 34B,Few-Shot,none,0,0,254,243,0,11,0,0,254,243,0,11,0
4878,Exception Handling,Claude Sonnet 4.6,Chain-of-Thought,none,0,0,1694,1694,0,0,0,0,1694,1694,0,0,0
4879,Exception Handling,Claude Sonnet 4.6,Chain-of-Thought,none,0,0,1367,1367,0,0,0,0,1367,1367,0,0,0
4880,Exception Handling,Claude Sonnet 4.6,Chain-of-Thought,none,0,0,1367,1367,0,0,0,0,1367,1367,0,0,0
4881,Exception Handling,Claude Sonnet 4.6,Chain-of-Thought,none,0,0,1367,1367,0,0,0,0,1367,1367,0,0,0
4882,Exception Handling,Claude Sonnet 4.6,Chain-of-Thought,none,0,0,1367,1367,0,0,0,0,1367,1367,0,0,0
4883,Exception Handling,Claude Sonnet 4.6,Chain-of-Thought,none,0,0,1367,1367,0,0,0,0,1367,1367,0,0,0
4884,Exception Handling,Claude Sonnet 4.6,Chain-of-Thought,none,0,0,1367,1367,0,0,0,0,1367,1367,0,0,0
4885,Exception Handling,Claude Sonnet 4.6,Chain-of-Thought,none,0,0,1367,1367,0,0,0,0,1367,1367,0,0,0
4886,Exception Handling,Claude Sonnet 4.6,Chain-of-Thought,suites_failed_increase,1,0,462,455,0,7,0,1,0,0,0,7,0
4887,Duplicate Assert,Claude Sonnet 4.6,Chain-of-Thought,none,0,0,1367,1367,0,0,0,0,1367,1367,0,0,0
4888,Duplicate Assert,Claude Sonnet 4.6,Chain-of-Thought,none,0,0,1367,1367,0,0,0,0,1367,1367,0,0,0
4889,Duplicate Assert,Claude Sonnet 4.6,Chain-of-Thought,none,0,0,1367,1367,0,0,0,0,1367,1367,0,0,0
4890,Duplicate Assert,Claude Sonnet 4.6,Chain-of-Thought,none,0,0,1367,1367,0,0,0,0,1367,1367,0,0,0
4891,Duplicate Assert,Claude Sonnet 4.6,Chain-of-Thought,none,0,0,3010,3010,0,0,0,0,3010,3010,0,0,0
4892,Magic Number,Claude Sonnet 4.6,Chain-of-Thought,none,0,0,1367,1367,0,0,0,0,1367,1367,0,0,0
4893,VerboseStatement,CodeLlama 34B,Few-Shot,none,0,0,150,149,0,1,0,0,150,149,0,1,0
4894,Magic Number,Claude Sonnet 4.6,Chain-of-Thought,none,0,0,242,242,0,0,0,0,242,242,0,0,0
4895,Magic Number,Claude Sonnet 4.6,Chain-of-Thought,none,0,0,208,207,0,1,0,0,208,207,0,1,0
4896,Sleepy Test,Claude Sonnet 4.6,Chain-of-Thought,none,0,1,235,231,1,0,3,1,235,231,1,0,3
4897,Sleepy Test,Claude Sonnet 4.6,Chain-of-Thought,none,0,1,235,231,1,0,3,1,235,231,1,0,3
4898,Sleepy Test,Claude Sonnet 4.6,Chain-of-Thought,suites_failed_increase,1,1,235,231,1,0,3,2,235,229,3,0,3
4899,Sleepy Test,Claude Sonnet 4.6,Chain-of-Thought,none,0,1,235,231,1,0,3,1,235,231,1,0,3
4900,Sleepy Test,Claude Sonnet 4.6,Chain-of-Thought,none,0,1,235,231,1,0,3,1,235,231,1,0,3
4901,VerboseStatement,CodeLlama 34B,Few-Shot,none,0,0,150,149,0,1,0,0,150,149,0,1,0
4902,SubOptimalAssert,Claude Sonnet 4.6,Chain-of-Thought,none,0,0,1367,1367,0,0,0,0,1367,1367,0,0,0
4903,SubOptimalAssert,Claude Sonnet 4.6,Chain-of-Thought,none,0,0,1367,1367,0,0,0,0,1367,1367,0,0,0
4904,SubOptimalAssert,Claude Sonnet 4.6,Chain-of-Thought,none,0,0,1367,1367,0,0,0,0,1367,1367,0,0,0
4905,SubOptimalAssert,Claude Sonnet 4.6,Chain-of-Thought,none,0,0,1694,1694,0,0,0,0,1694,1694,0,0,0
4906,SubOptimalAssert,Claude Sonnet 4.6,Chain-of-Thought,none,0,0,1196,1196,0,0,0,0,1196,1196,0,0,0
4907,OvercommentedTest,Claude Sonnet 4.6,Chain-of-Thought,none,0,0,1694,1694,0,0,0,0,1694,1694,0,0,0
4908,OvercommentedTest,Claude Sonnet 4.6,Chain-of-Thought,none,0,0,1694,1694,0,0,0,0,1694,1694,0,0,0
4909,OvercommentedTest,Claude Sonnet 4.6,Chain-of-Thought,none,0,0,1694,1694,0,0,0,0,1694,1694,0,0,0
4910,OvercommentedTest,Claude Sonnet 4.6,Chain-of-Thought,none,0,0,1694,1694,0,0,0,0,1694,1694,0,0,0
4911,VerboseStatement,CodeLlama 34B,Few-Shot,none,0,0,525,517,0,8,0,0,525,517,0,8,0
4912,OvercommentedTest,Claude Sonnet 4.6,Chain-of-Thought,none,0,0,1694,1694,0,0,0,0,1694,1694,0,0,0
4913,AnonymousTest,Claude Sonnet 4.6,Chain-of-Thought,none,0,0,1367,1367,0,0,0,0,1367,1367,0,0,0
4914,AnonymousTest,Claude Sonnet 4.6,Chain-of-Thought,none,0,0,1367,1367,0,0,0,0,1367,1367,0,0,0
4915,AnonymousTest,Claude Sonnet 4.6,Chain-of-Thought,none,0,0,202,202,0,0,0,0,202,202,0,0,0
4916,AnonymousTest,Claude Sonnet 4.6,Chain-of-Thought,none,0,0,202,202,0,0,0,0,202,202,0,0,0
4917,AnonymousTest,Claude Sonnet 4.6,Chain-of-Thought,none,0,0,202,202,0,0,0,0,202,202,0,0,0
4918,VerboseStatement,Claude Sonnet 4.6,Chain-of-Thought,none,0,0,1694,1694,0,0,0,0,1694,1694,0,0,0
4919,VerboseStatement,Claude Sonnet 4.6,Chain-of-Thought,none,0,0,1694,1694,0,0,0,0,1694,1694,0,0,0
4920,VerboseStatement,Claude Sonnet 4.6,Chain-of-Thought,none,0,0,1694,1694,0,0,0,0,1694,1694,0,0,0
4921,VerboseStatement,Claude Sonnet 4.6,Chain-of-Thought,none,0,0,1694,1694,0,0,0,0,1694,1694,0,0,0
4922,Unknown Test,Claude Sonnet 4.6,Chain-of-Thought,none,0,1,235,231,1,0,3,1,235,231,1,0,3
4923,Unknown Test,Claude Sonnet 4.6,Chain-of-Thought,suites_failed_increase,1,0,525,517,0,8,0,1,0,0,0,8,0
4924,Unknown Test,Claude Sonnet 4.6,Chain-of-Thought,none,0,0,645,634,0,11,0,0,645,633,0,11,1
4925,Unknown Test,Claude Sonnet 4.6,Chain-of-Thought,none,0,0,645,634,0,11,0,0,645,633,0,11,1
4926,VerboseStatement,CodeLlama 34B,Few-Shot,none,0,0,525,517,0,8,0,0,525,517,0,8,0
4927,Unknown Test,Claude Sonnet 4.6,Chain-of-Thought,none,0,0,645,634,0,11,0,0,645,633,0,11,1
4928,Unknown Test,Claude Sonnet 4.6,Chain-of-Thought,none,0,0,645,634,0,11,0,0,645,633,0,11,1
4929,Unknown Test,Claude Sonnet 4.6,Chain-of-Thought,none,0,0,645,634,0,11,0,0,645,633,0,11,1
4930,Unknown Test,Claude Sonnet 4.6,Chain-of-Thought,none,0,0,645,634,0,11,0,0,645,633,0,11,1
4931,Unknown Test,Claude Sonnet 4.6,Chain-of-Thought,none,0,0,645,634,0,11,0,0,645,633,0,11,1
4932,Unknown Test,Claude Sonnet 4.6,Chain-of-Thought,none,0,0,645,634,0,11,0,0,645,633,0,11,1
4933,Unknown Test,Claude Sonnet 4.6,Chain-of-Thought,none,0,0,169,168,0,1,0,0,169,168,0,1,0
4934,Unknown Test,Claude Sonnet 4.6,Chain-of-Thought,none,0,0,169,168,0,1,0,0,169,168,0,1,0
4935,Unknown Test,Claude Sonnet 4.6,Chain-of-Thought,suites_failed_increase,1,0,169,168,0,1,0,1,0,0,0,1,0
4936,Unknown Test,Claude Sonnet 4.6,Chain-of-Thought,none,0,0,169,168,0,1,0,0,169,168,0,1,0
4937,Unknown Test,Claude Sonnet 4.6,Chain-of-Thought,none,0,0,169,168,0,1,0,0,169,168,0,1,0
4938,Unknown Test,Claude Sonnet 4.6,Chain-of-Thought,none,0,0,169,168,0,1,0,0,169,168,0,1,0
4939,VerboseStatement,CodeLlama 34B,Few-Shot,none,0,0,645,634,0,11,0,0,645,634,0,11,0
4940,Unknown Test,Claude Sonnet 4.6,Chain-of-Thought,suites_failed_increase,1,0,169,168,0,1,0,1,0,0,0,1,0
4941,Unknown Test,Claude Sonnet 4.6,Chain-of-Thought,none,0,1,159,157,2,0,0,1,159,157,2,0,0
4942,Unknown Test,Claude Sonnet 4.6,Chain-of-Thought,none,0,0,47,47,0,0,0,0,47,47,0,0,0
4943,Unknown Test,Claude Sonnet 4.6,Chain-of-Thought,none,0,0,47,47,0,0,0,0,47,47,0,0,0
4944,AnonymousTest,Claude Sonnet 4.6,Chain-of-Thought,none,0,0,645,634,0,11,0,0,647,636,0,11,0
4945,VerboseStatement,CodeLlama 34B,Few-Shot,none,0,0,645,634,0,11,0,0,645,634,0,11,0
4946,VerboseStatement,Claude Sonnet 4.6,Chain-of-Thought,none,0,0,3010,3010,0,0,0,0,3010,3010,0,0,0
4947,VerboseStatement,CodeLlama 34B,Few-Shot,none,0,0,645,634,0,11,0,0,645,634,0,11,0
4948,VerboseStatement,CodeLlama 34B,Few-Shot,none,0,0,1196,1196,0,0,0,0,1196,1196,0,0,0
4949,VerboseStatement,CodeLlama 34B,Few-Shot,suites_failed_increase,1,0,1196,1196,0,0,0,1,1196,1195,1,0,0
4950,VerboseStatement,CodeLlama 34B,Few-Shot,none,0,0,1196,1196,0,0,0,0,1196,1196,0,0,0
4951,VerboseStatement,CodeLlama 34B,Few-Shot,none,0,0,562,562,0,0,0,0,562,562,0,0,0
4952,VerboseStatement,CodeLlama 34B,Few-Shot,none,0,0,3010,3010,0,0,0,0,3010,3010,0,0,0
4953,Sleepy Test,CodeLlama 34B,Few-Shot,none,0,1,235,231,1,0,3,1,235,231,1,0,3
4954,Sleepy Test,CodeLlama 34B,Few-Shot,suites_failed_increase,1,1,235,231,1,0,3,2,235,230,2,0,3
4955,Sleepy Test,CodeLlama 34B,Few-Shot,none,0,1,235,231,1,0,3,1,235,231,1,0,3
4956,Sleepy Test,CodeLlama 34B,Few-Shot,none,0,1,235,231,1,0,3,1,235,231,1,0,3
4957,Sleepy Test,CodeLlama 34B,Few-Shot,none,0,1,235,231,1,0,3,1,235,231,1,0,3
4958,Sleepy Test,CodeLlama 34B,Few-Shot,none,0,0,645,634,0,11,0,0,645,634,0,11,0
4959,Sleepy Test,CodeLlama 34B,Few-Shot,none,0,0,645,634,0,11,0,0,645,634,0,11,0
4960,Sleepy Test,CodeLlama 34B,Few-Shot,none,0,0,645,634,0,11,0,0,645,634,0,11,0
4961,Sleepy Test,CodeLlama 34B,Few-Shot,none,0,0,645,634,0,11,0,0,645,634,0,11,0
4962,Sleepy Test,CodeLlama 34B,Few-Shot,none,0,0,645,634,0,11,0,0,645,634,0,11,0
4963,Sleepy Test,CodeLlama 34B,Few-Shot,none,0,0,645,634,0,11,0,0,645,634,0,11,0
4964,Sleepy Test,CodeLlama 34B,Few-Shot,none,0,0,169,168,0,1,0,0,169,168,0,1,0
4965,Sleepy Test,CodeLlama 34B,Few-Shot,none,0,0,3010,3010,0,0,0,0,3010,3010,0,0,0
4966,Sleepy Test,CodeLlama 34B,Few-Shot,none,0,0,47,47,0,0,0,0,47,47,0,0,0
4967,Sleepy Test,CodeLlama 34B,Few-Shot,none,0,0,47,47,0,0,0,0,47,47,0,0,0
4968,ConditionalTestLogic,CodeLlama 34B,Few-Shot,none,0,0,1694,1694,0,0,0,0,1694,1694,0,0,0
4969,ConditionalTestLogic,CodeLlama 34B,Few-Shot,none,0,0,1694,1694,0,0,0,0,1694,1694,0,0,0
4970,ConditionalTestLogic,CodeLlama 34B,Few-Shot,none,0,0,1694,1694,0,0,0,0,1694,1694,0,0,0
4971,ConditionalTestLogic,CodeLlama 34B,Few-Shot,none,0,0,1694,1694,0,0,0,0,1694,1694,0,0,0
4972,ConditionalTestLogic,CodeLlama 34B,Few-Shot,none,0,0,1694,1694,0,0,0,0,1694,1694,0,0,0
4973,ConditionalTestLogic,CodeLlama 34B,Few-Shot,none,0,0,1694,1694,0,0,0,0,1695,1695,0,0,0
4974,ConditionalTestLogic,CodeLlama 34B,Few-Shot,none,0,0,1694,1694,0,0,0,0,1694,1694,0,0,0
4975,ConditionalTestLogic,CodeLlama 34B,Few-Shot,none,0,0,1694,1694,0,0,0,0,1694,1694,0,0,0
4976,ConditionalTestLogic,CodeLlama 34B,Few-Shot,suites_failed_increase,1,0,1694,1694,0,0,0,1,1694,1693,1,0,0
4977,ConditionalTestLogic,CodeLlama 34B,Few-Shot,suites_failed_increase,1,0,481,478,0,3,0,1,0,0,0,3,0
4978,ConditionalTestLogic,CodeLlama 34B,Few-Shot,none,0,1,235,231,1,0,3,1,235,231,1,0,3
4979,ConditionalTestLogic,CodeLlama 34B,Few-Shot,none,0,0,525,517,0,8,0,0,525,517,0,8,0
4980,ConditionalTestLogic,CodeLlama 34B,Few-Shot,none,0,0,525,517,0,8,0,0,525,517,0,8,0
4981,ConditionalTestLogic,CodeLlama 34B,Few-Shot,suites_failed_increase,1,0,525,517,0,8,0,1,0,0,0,8,0
4982,ConditionalTestLogic,CodeLlama 34B,Few-Shot,none,0,0,525,517,0,8,0,0,525,517,0,8,0
4983,ConditionalTestLogic,CodeLlama 34B,Few-Shot,none,0,0,525,517,0,8,0,0,525,517,0,8,0
4984,ConditionalTestLogic,CodeLlama 34B,Few-Shot,none,0,0,525,517,0,8,0,0,525,517,0,8,0
4985,ConditionalTestLogic,CodeLlama 34B,Few-Shot,none,0,0,525,517,0,8,0,0,525,517,0,8,0
4986,ConditionalTestLogic,CodeLlama 34B,Few-Shot,none,0,0,645,634,0,11,0,0,645,634,0,11,0
4987,ConditionalTestLogic,CodeLlama 34B,Few-Shot,none,0,0,1196,1196,0,0,0,0,1196,1196,0,0,0
4988,Exception Handling,CodeLlama 34B,Few-Shot,none,0,0,1367,1367,0,0,0,0,1367,1367,0,0,0
4989,Exception Handling,CodeLlama 34B,Few-Shot,suites_failed_increase,1,0,1367,1367,0,0,0,1,1367,1366,1,0,0
4990,Exception Handling,CodeLlama 34B,Few-Shot,suites_failed_increase,1,0,1694,1694,0,0,0,1,1694,1693,1,0,0
4991,Exception Handling,CodeLlama 34B,Few-Shot,none,0,0,1694,1694,0,0,0,0,1694,1694,0,0,0
4992,Exception Handling,CodeLlama 34B,Few-Shot,none,0,0,462,455,0,7,0,0,462,455,0,7,0
4993,Exception Handling,CodeLlama 34B,Few-Shot,none,0,0,242,242,0,0,0,0,242,242,0,0,0
4994,Exception Handling,CodeLlama 34B,Few-Shot,suites_failed_increase,1,0,208,207,0,1,0,1,178,177,0,1,0
4995,Exception Handling,CodeLlama 34B,Few-Shot,none,0,0,525,517,0,8,0,0,525,517,0,8,0
4996,Exception Handling,CodeLlama 34B,Few-Shot,none,0,0,525,517,0,8,0,0,525,517,0,8,0
4997,Exception Handling,CodeLlama 34B,Few-Shot,none,0,0,525,517,0,8,0,0,525,517,0,8,0
4998,Exception Handling,CodeLlama 34B,Few-Shot,none,0,0,44,44,0,0,0,0,44,44,0,0,0
4999,Exception Handling,CodeLlama 34B,Few-Shot,none,0,0,1694,1694,0,0,0,0,1694,1694,0,0,0
5000,Exception Handling,CodeLlama 34B,Few-Shot,suites_failed_increase,1,0,1367,1367,0,0,0,1,1367,1366,1,0,0
5001,Exception Handling,CodeLlama 34B,Few-Shot,suites_failed_increase,1,0,1367,1367,0,0,0,1,1367,1366,1,0,0
5002,Exception Handling,CodeLlama 34B,Few-Shot,suites_failed_increase,1,0,1367,1367,0,0,0,1,1367,1366,1,0,0
5003,Exception Handling,CodeLlama 34B,Few-Shot,suites_failed_increase,1,0,1367,1367,0,0,0,1,1367,1366,1,0,0
5004,Exception Handling,CodeLlama 34B,Few-Shot,suites_failed_increase,1,0,1367,1367,0,0,0,1,1367,1366,1,0,0
5005,Exception Handling,CodeLlama 34B,Few-Shot,suites_failed_increase,1,0,1367,1367,0,0,0,1,1367,1366,1,0,0
5006,Exception Handling,CodeLlama 34B,Few-Shot,suites_failed_increase,1,0,1367,1367,0,0,0,1,1367,1366,1,0,0
5007,Exception Handling,CodeLlama 34B,Few-Shot,suites_failed_increase,1,0,462,455,0,7,0,1,0,0,0,7,0
5008,Duplicate Assert,CodeLlama 34B,Few-Shot,none,0,0,1367,1367,0,0,0,0,1367,1367,0,0,0
5009,Duplicate Assert,CodeLlama 34B,Few-Shot,none,0,0,1367,1367,0,0,0,0,1367,1367,0,0,0
5010,Duplicate Assert,CodeLlama 34B,Few-Shot,none,0,0,1367,1367,0,0,0,0,1367,1367,0,0,0
5011,Duplicate Assert,CodeLlama 34B,Few-Shot,none,0,0,1367,1367,0,0,0,0,1367,1367,0,0,0
5012,Duplicate Assert,CodeLlama 34B,Few-Shot,none,0,0,3010,3010,0,0,0,0,3010,3010,0,0,0
5013,Magic Number,CodeLlama 34B,Few-Shot,none,0,0,1367,1367,0,0,0,0,1367,1367,0,0,0
5014,Magic Number,CodeLlama 34B,Few-Shot,none,0,0,242,242,0,0,0,0,242,242,0,0,0
5015,Magic Number,CodeLlama 34B,Few-Shot,none,0,0,208,207,0,1,0,0,208,207,0,1,0
5016,Sleepy Test,CodeLlama 34B,Few-Shot,none,0,1,235,231,1,0,3,1,235,230,2,0,3
5017,Sleepy Test,CodeLlama 34B,Few-Shot,suites_failed_increase,1,1,235,231,1,0,3,2,235,230,2,0,3
5018,Sleepy Test,CodeLlama 34B,Few-Shot,none,0,1,235,231,1,0,3,1,235,231,1,0,3
5019,Sleepy Test,CodeLlama 34B,Few-Shot,none,0,1,235,231,1,0,3,1,235,231,1,0,3
5020,Sleepy Test,CodeLlama 34B,Few-Shot,none,0,1,235,231,1,0,3,1,235,231,1,0,3
5021,SubOptimalAssert,CodeLlama 34B,Few-Shot,none,0,0,1367,1367,0,0,0,0,1367,1367,0,0,0
5022,SubOptimalAssert,CodeLlama 34B,Few-Shot,none,0,0,1367,1367,0,0,0,0,1367,1367,0,0,0
5023,SubOptimalAssert,CodeLlama 34B,Few-Shot,none,0,0,1367,1367,0,0,0,0,1367,1367,0,0,0
5024,SubOptimalAssert,CodeLlama 34B,Few-Shot,none,0,0,1694,1694,0,0,0,0,1694,1694,0,0,0
5025,SubOptimalAssert,CodeLlama 34B,Few-Shot,suites_failed_increase,1,0,1196,1196,0,0,0,1,1196,1195,1,0,0
5026,OvercommentedTest,CodeLlama 34B,Few-Shot,none,0,0,1694,1694,0,0,0,0,1694,1694,0,0,0
5027,OvercommentedTest,CodeLlama 34B,Few-Shot,none,0,0,1694,1694,0,0,0,0,1694,1694,0,0,0
5028,OvercommentedTest,CodeLlama 34B,Few-Shot,none,0,0,1694,1694,0,0,0,0,1694,1694,0,0,0
5029,OvercommentedTest,CodeLlama 34B,Few-Shot,none,0,0,1694,1694,0,0,0,0,1694,1694,0,0,0
5030,OvercommentedTest,CodeLlama 34B,Few-Shot,none,0,0,1694,1694,0,0,0,0,1694,1694,0,0,0
5031,AnonymousTest,CodeLlama 34B,Few-Shot,none,0,0,1367,1367,0,0,0,0,1367,1367,0,0,0
5032,AnonymousTest,CodeLlama 34B,Few-Shot,suites_failed_increase,1,0,1367,1367,0,0,0,1,1367,1366,1,0,0
5033,AnonymousTest,CodeLlama 34B,Few-Shot,none,0,0,202,202,0,0,0,0,202,202,0,0,0
5034,AnonymousTest,CodeLlama 34B,Few-Shot,suites_failed_increase,1,0,202,202,0,0,0,1,202,201,1,0,0
5035,AnonymousTest,CodeLlama 34B,Few-Shot,none,0,0,202,202,0,0,0,0,202,202,0,0,0
5036,VerboseStatement,CodeLlama 34B,Few-Shot,none,0,0,1694,1694,0,0,0,0,1694,1694,0,0,0
5037,VerboseStatement,CodeLlama 34B,Few-Shot,none,0,0,1694,1694,0,0,0,0,1694,1694,0,0,0
5038,VerboseStatement,CodeLlama 34B,Few-Shot,none,0,0,1694,1694,0,0,0,0,1694,1694,0,0,0
5039,VerboseStatement,CodeLlama 34B,Few-Shot,none,0,0,1694,1694,0,0,0,0,1694,1694,0,0,0
5040,Unknown Test,CodeLlama 34B,Few-Shot,none,0,1,235,231,1,0,3,1,235,231,1,0,3
5041,Unknown Test,CodeLlama 34B,Few-Shot,none,0,0,525,517,0,8,0,0,525,517,0,8,0
5042,Unknown Test,CodeLlama 34B,Few-Shot,none,0,0,645,634,0,11,0,0,645,633,0,11,1
5043,Unknown Test,CodeLlama 34B,Few-Shot,none,0,0,645,634,0,11,0,0,645,634,0,11,0
5044,Unknown Test,CodeLlama 34B,Few-Shot,none,0,0,645,634,0,11,0,0,645,634,0,11,0
5045,Unknown Test,CodeLlama 34B,Few-Shot,none,0,0,645,634,0,11,0,0,645,634,0,11,0
5046,Unknown Test,CodeLlama 34B,Few-Shot,none,0,0,645,634,0,11,0,0,645,634,0,11,0
5047,Unknown Test,CodeLlama 34B,Few-Shot,none,0,0,645,634,0,11,0,0,645,633,0,11,1
5048,Unknown Test,CodeLlama 34B,Few-Shot,none,0,0,645,634,0,11,0,0,645,634,0,11,0
5049,Unknown Test,CodeLlama 34B,Few-Shot,none,0,0,645,634,0,11,0,0,645,634,0,11,0
5050,Unknown Test,CodeLlama 34B,Few-Shot,none,0,0,169,168,0,1,0,0,169,168,0,1,0
5051,Unknown Test,CodeLlama 34B,Few-Shot,none,0,0,169,168,0,1,0,0,169,168,0,1,0
5052,Unknown Test,CodeLlama 34B,Few-Shot,suites_failed_increase,1,0,169,168,0,1,0,1,0,0,0,1,0
5053,Unknown Test,CodeLlama 34B,Few-Shot,none,0,0,169,168,0,1,0,0,169,168,0,1,0
5054,Unknown Test,CodeLlama 34B,Few-Shot,none,0,0,169,168,0,1,0,0,169,168,0,1,0
5055,Unknown Test,CodeLlama 34B,Few-Shot,none,0,0,169,168,0,1,0,0,169,168,0,1,0
5056,Unknown Test,CodeLlama 34B,Few-Shot,suites_failed_increase,1,0,169,168,0,1,0,1,0,0,0,1,0
5057,Unknown Test,CodeLlama 34B,Few-Shot,syntax_error,0,1,159,157,2,0,0,1,0,0,0,0,0
5058,Unknown Test,CodeLlama 34B,Few-Shot,none,0,0,47,47,0,0,0,0,32,31,1,0,0
5059,Unknown Test,CodeLlama 34B,Few-Shot,none,0,0,47,47,0,0,0,0,47,47,0,0,0
5060,AnonymousTest,CodeLlama 34B,Few-Shot,none,0,0,645,634,0,11,0,0,647,636,0,11,0
5061,VerboseStatement,CodeLlama 34B,Few-Shot,none,0,0,3010,3010,0,0,0,0,3010,3010,0,0,0
5062,Duplicate Assert,CodeLlama 34B,Chain-of-Thought,none,0,0,462,455,0,7,0,0,462,455,0,7,0
5063,Duplicate Assert,CodeLlama 34B,Chain-of-Thought,suites_failed_increase,1,0,462,455,0,7,0,1,0,0,0,7,0
5064,Duplicate Assert,CodeLlama 34B,Chain-of-Thought,none,0,0,462,455,0,7,0,0,462,455,0,7,0
5065,Duplicate Assert,CodeLlama 34B,Chain-of-Thought,none,0,0,462,455,0,7,0,0,462,455,0,7,0
5066,Duplicate Assert,CodeLlama 34B,Chain-of-Thought,none,0,0,462,455,0,7,0,0,462,455,0,7,0
5067,Duplicate Assert,CodeLlama 34B,Chain-of-Thought,none,0,0,242,242,0,0,0,0,242,242,0,0,0
5068,Duplicate Assert,CodeLlama 34B,Chain-of-Thought,none,0,1,159,157,2,0,0,1,159,157,2,0,0
5069,Duplicate Assert,CodeLlama 34B,Chain-of-Thought,none,0,0,3010,3010,0,0,0,0,3010,3010,0,0,0
5070,Duplicate Assert,CodeLlama 34B,Chain-of-Thought,none,0,0,3010,3010,0,0,0,0,3010,3010,0,0,0
5071,Duplicate Assert,CodeLlama 34B,Chain-of-Thought,none,0,0,3010,3010,0,0,0,0,3010,3010,0,0,0
5072,Duplicate Assert,CodeLlama 34B,Chain-of-Thought,none,0,0,3010,3010,0,0,0,0,3010,3010,0,0,0
5073,Duplicate Assert,CodeLlama 34B,Chain-of-Thought,none,0,0,3010,3010,0,0,0,0,3010,3010,0,0,0
5074,Duplicate Assert,CodeLlama 34B,Chain-of-Thought,none,0,0,3010,3010,0,0,0,0,3010,3010,0,0,0
5075,Duplicate Assert,CodeLlama 34B,Chain-of-Thought,none,0,0,562,562,0,0,0,0,562,562,0,0,0
5076,Duplicate Assert,CodeLlama 34B,Chain-of-Thought,none,0,0,562,562,0,0,0,0,562,562,0,0,0
5077,Magic Number,CodeLlama 34B,Chain-of-Thought,none,0,0,60,60,0,0,0,0,60,60,0,0,0
5078,Magic Number,CodeLlama 34B,Chain-of-Thought,none,0,1,235,231,1,0,3,1,235,231,1,0,3
5079,Magic Number,CodeLlama 34B,Chain-of-Thought,none,0,1,235,231,1,0,3,1,235,231,1,0,3
5080,Magic Number,CodeLlama 34B,Chain-of-Thought,none,0,1,235,231,1,0,3,1,235,231,1,0,3
5081,Magic Number,CodeLlama 34B,Chain-of-Thought,none,0,0,525,517,0,8,0,0,525,517,0,8,0
5082,Magic Number,CodeLlama 34B,Chain-of-Thought,none,0,0,525,517,0,8,0,0,525,517,0,8,0
5083,Magic Number,CodeLlama 34B,Chain-of-Thought,none,0,0,1196,1196,0,0,0,0,1196,1196,0,0,0
5084,Magic Number,CodeLlama 34B,Chain-of-Thought,none,0,0,1196,1196,0,0,0,0,1196,1196,0,0,0
5085,Magic Number,CodeLlama 34B,Chain-of-Thought,none,0,0,169,168,0,1,0,0,169,168,0,1,0
5086,Magic Number,CodeLlama 34B,Chain-of-Thought,none,0,0,169,168,0,1,0,0,169,168,0,1,0
5087,Magic Number,CodeLlama 34B,Chain-of-Thought,none,0,0,169,168,0,1,0,0,169,168,0,1,0
5088,Magic Number,CodeLlama 34B,Chain-of-Thought,none,0,0,169,168,0,1,0,0,169,168,0,1,0
5089,Magic Number,CodeLlama 34B,Chain-of-Thought,suites_failed_increase,1,0,169,168,0,1,0,1,0,0,0,1,0
5090,Magic Number,CodeLlama 34B,Chain-of-Thought,none,0,0,169,168,0,1,0,0,169,168,0,1,0
5091,Magic Number,CodeLlama 34B,Chain-of-Thought,suites_failed_increase,1,0,169,168,0,1,0,1,0,0,0,1,0
5092,Magic Number,CodeLlama 34B,Chain-of-Thought,suites_failed_increase,1,0,169,168,0,1,0,1,149,148,0,1,0
5093,Magic Number,CodeLlama 34B,Chain-of-Thought,suites_failed_increase,1,0,169,168,0,1,0,1,0,0,0,1,0
5094,SubOptimalAssert,CodeLlama 34B,Chain-of-Thought,suites_failed_increase,1,0,60,60,0,0,0,1,60,59,1,0,0
5095,SubOptimalAssert,CodeLlama 34B,Chain-of-Thought,none,0,0,525,517,0,8,0,0,525,517,0,8,0
5096,SubOptimalAssert,CodeLlama 34B,Chain-of-Thought,none,0,0,525,517,0,8,0,0,525,517,0,8,0
5097,SubOptimalAssert,CodeLlama 34B,Chain-of-Thought,none,0,0,1196,1196,0,0,0,0,1196,1196,0,0,0
5098,SubOptimalAssert,CodeLlama 34B,Chain-of-Thought,suites_failed_increase,1,0,1196,1196,0,0,0,1,1196,1195,1,0,0
5099,SubOptimalAssert,CodeLlama 34B,Chain-of-Thought,none,0,0,1196,1196,0,0,0,0,1196,1196,0,0,0
5100,SubOptimalAssert,CodeLlama 34B,Chain-of-Thought,none,0,0,1196,1196,0,0,0,0,1196,1196,0,0,0
5101,SubOptimalAssert,CodeLlama 34B,Chain-of-Thought,none,0,0,1196,1196,0,0,0,0,1196,1196,0,0,0
5102,SubOptimalAssert,CodeLlama 34B,Chain-of-Thought,none,0,0,562,562,0,0,0,0,562,562,0,0,0
5103,SubOptimalAssert,CodeLlama 34B,Chain-of-Thought,none,0,0,3010,3010,0,0,0,0,3010,3010,0,0,0
5104,SubOptimalAssert,CodeLlama 34B,Chain-of-Thought,suites_failed_increase,1,0,462,455,0,7,0,1,0,0,0,7,0
5105,SubOptimalAssert,CodeLlama 34B,Chain-of-Thought,none,0,0,47,47,0,0,0,0,47,47,0,0,0
5106,SubOptimalAssert,CodeLlama 34B,Chain-of-Thought,none,0,0,47,47,0,0,0,0,47,47,0,0,0
5107,SubOptimalAssert,CodeLlama 34B,Chain-of-Thought,none,0,0,47,47,0,0,0,0,47,47,0,0,0
5108,SubOptimalAssert,CodeLlama 34B,Chain-of-Thought,suites_failed_increase,1,0,3010,3010,0,0,0,1,3010,3009,1,0,0
5109,OvercommentedTest,CodeLlama 34B,Chain-of-Thought,none,0,1,235,231,1,0,3,1,235,230,2,0,3
5110,OvercommentedTest,CodeLlama 34B,Chain-of-Thought,none,0,1,235,231,1,0,3,1,235,231,1,0,3
5111,OvercommentedTest,CodeLlama 34B,Chain-of-Thought,none,0,1,235,231,1,0,3,1,235,231,1,0,3
5112,OvercommentedTest,CodeLlama 34B,Chain-of-Thought,none,0,1,235,231,1,0,3,1,235,231,1,0,3
5113,OvercommentedTest,CodeLlama 34B,Chain-of-Thought,none,0,0,525,517,0,8,0,0,525,517,0,8,0
5114,OvercommentedTest,CodeLlama 34B,Chain-of-Thought,none,0,0,525,517,0,8,0,0,525,517,0,8,0
5115,OvercommentedTest,CodeLlama 34B,Chain-of-Thought,none,0,0,525,517,0,8,0,0,525,517,0,8,0
5116,OvercommentedTest,CodeLlama 34B,Chain-of-Thought,none,0,0,525,517,0,8,0,0,525,517,0,8,0
5117,OvercommentedTest,CodeLlama 34B,Chain-of-Thought,none,0,0,525,517,0,8,0,0,525,517,0,8,0
5118,OvercommentedTest,CodeLlama 34B,Chain-of-Thought,none,0,0,525,517,0,8,0,0,525,517,0,8,0
5119,OvercommentedTest,CodeLlama 34B,Chain-of-Thought,none,0,0,645,634,0,11,0,0,645,634,0,11,0
5120,OvercommentedTest,CodeLlama 34B,Chain-of-Thought,none,0,0,562,562,0,0,0,0,562,562,0,0,0
5121,OvercommentedTest,CodeLlama 34B,Chain-of-Thought,none,0,0,645,634,0,11,0,0,645,634,0,11,0
5122,OvercommentedTest,CodeLlama 34B,Chain-of-Thought,none,0,0,76,73,0,3,0,0,76,73,0,3,0
5123,OvercommentedTest,CodeLlama 34B,Chain-of-Thought,none,0,0,645,634,0,11,0,0,645,634,0,11,0
5124,AnonymousTest,CodeLlama 34B,Chain-of-Thought,none,0,0,1694,1694,0,0,0,0,1694,1694,0,0,0
5125,AnonymousTest,CodeLlama 34B,Chain-of-Thought,none,0,0,1694,1694,0,0,0,0,1694,1694,0,0,0
5126,AnonymousTest,CodeLlama 34B,Chain-of-Thought,none,0,0,1694,1694,0,0,0,0,1696,1696,0,0,0
5127,AnonymousTest,CodeLlama 34B,Chain-of-Thought,none,0,0,1694,1694,0,0,0,0,1694,1694,0,0,0
5128,AnonymousTest,CodeLlama 34B,Chain-of-Thought,suites_failed_increase,1,0,1694,1694,0,0,0,1,1699,1698,1,0,0
5129,AnonymousTest,CodeLlama 34B,Chain-of-Thought,suites_failed_increase,1,0,462,455,0,7,0,1,0,0,0,7,0
5130,AnonymousTest,CodeLlama 34B,Chain-of-Thought,suites_failed_increase,1,0,462,455,0,7,0,1,0,0,0,7,0
5131,AnonymousTest,CodeLlama 34B,Chain-of-Thought,none,0,0,76,73,0,3,0,0,76,73,0,3,0
5132,AnonymousTest,CodeLlama 34B,Chain-of-Thought,none,0,0,1694,1694,0,0,0,0,1694,1694,0,0,0
5133,AnonymousTest,CodeLlama 34B,Chain-of-Thought,none,0,0,1694,1694,0,0,0,0,1694,1694,0,0,0
5134,AnonymousTest,CodeLlama 34B,Chain-of-Thought,none,0,0,1196,1196,0,0,0,0,1196,1196,0,0,0
5135,AnonymousTest,CodeLlama 34B,Chain-of-Thought,none,0,0,169,168,0,1,0,0,169,168,0,1,0
5136,AnonymousTest,CodeLlama 34B,Chain-of-Thought,none,0,0,1196,1196,0,0,0,0,1196,1196,0,0,0
5137,AnonymousTest,CodeLlama 34B,Chain-of-Thought,none,0,0,169,168,0,1,0,0,169,168,0,1,0
5138,VerboseStatement,CodeLlama 34B,Chain-of-Thought,suites_failed_increase,1,1,235,231,1,0,3,2,235,230,2,0,3
5139,VerboseStatement,CodeLlama 34B,Chain-of-Thought,none,0,0,254,243,0,11,0,0,254,243,0,11,0
5140,VerboseStatement,CodeLlama 34B,Chain-of-Thought,none,0,0,254,243,0,11,0,0,254,243,0,11,0
5141,VerboseStatement,CodeLlama 34B,Chain-of-Thought,none,0,0,150,149,0,1,0,0,150,149,0,1,0
5142,VerboseStatement,CodeLlama 34B,Chain-of-Thought,none,0,0,150,149,0,1,0,0,150,149,0,1,0
5143,VerboseStatement,CodeLlama 34B,Chain-of-Thought,none,0,0,525,517,0,8,0,0,525,517,0,8,0
5144,VerboseStatement,CodeLlama 34B,Chain-of-Thought,none,0,0,525,517,0,8,0,0,525,517,0,8,0
5145,VerboseStatement,CodeLlama 34B,Chain-of-Thought,none,0,0,645,634,0,11,0,0,645,634,0,11,0
5146,VerboseStatement,CodeLlama 34B,Chain-of-Thought,none,0,0,645,634,0,11,0,0,645,634,0,11,0
5147,VerboseStatement,CodeLlama 34B,Chain-of-Thought,none,0,0,645,634,0,11,0,0,645,634,0,11,0
5148,VerboseStatement,CodeLlama 34B,Chain-of-Thought,none,0,0,1196,1196,0,0,0,0,1196,1196,0,0,0
5149,VerboseStatement,CodeLlama 34B,Chain-of-Thought,suites_failed_increase,1,0,1196,1196,0,0,0,1,1196,1195,1,0,0
5150,VerboseStatement,CodeLlama 34B,Chain-of-Thought,suites_failed_increase,1,0,1196,1196,0,0,0,1,1196,1195,1,0,0
5151,VerboseStatement,CodeLlama 34B,Chain-of-Thought,none,0,0,562,562,0,0,0,0,562,562,0,0,0
5152,VerboseStatement,CodeLlama 34B,Chain-of-Thought,none,0,0,3010,3010,0,0,0,0,3010,3010,0,0,0
5153,Sleepy Test,CodeLlama 34B,Chain-of-Thought,suites_failed_increase,1,1,235,231,1,0,3,2,235,230,2,0,3
5154,Sleepy Test,CodeLlama 34B,Chain-of-Thought,suites_failed_increase,1,1,235,231,1,0,3,2,235,230,2,0,3
5155,Sleepy Test,CodeLlama 34B,Chain-of-Thought,suites_failed_increase,1,1,235,231,1,0,3,2,235,230,2,0,3
5156,Sleepy Test,CodeLlama 34B,Chain-of-Thought,none,0,1,235,231,1,0,3,1,235,231,1,0,3
5157,Sleepy Test,CodeLlama 34B,Chain-of-Thought,suites_failed_increase,1,1,235,231,1,0,3,2,235,230,2,0,3
5158,Sleepy Test,CodeLlama 34B,Chain-of-Thought,none,0,0,645,634,0,11,0,0,645,633,0,11,1
5159,Sleepy Test,CodeLlama 34B,Chain-of-Thought,none,0,0,645,634,0,11,0,0,645,634,0,11,0
5160,Sleepy Test,CodeLlama 34B,Chain-of-Thought,none,0,0,645,634,0,11,0,0,645,633,0,11,1
5161,Sleepy Test,CodeLlama 34B,Chain-of-Thought,none,0,0,645,634,0,11,0,0,645,634,0,11,0
5162,Sleepy Test,CodeLlama 34B,Chain-of-Thought,none,0,0,645,634,0,11,0,0,645,633,0,11,1
5163,Sleepy Test,CodeLlama 34B,Chain-of-Thought,none,0,0,645,634,0,11,0,0,645,634,0,11,0
5164,Sleepy Test,CodeLlama 34B,Chain-of-Thought,none,0,0,169,168,0,1,0,0,169,168,0,1,0
5165,Sleepy Test,CodeLlama 34B,Chain-of-Thought,none,0,0,3010,3010,0,0,0,0,3010,3010,0,0,0
5166,Sleepy Test,CodeLlama 34B,Chain-of-Thought,none,0,0,47,47,0,0,0,0,47,47,0,0,0
5167,Sleepy Test,CodeLlama 34B,Chain-of-Thought,none,0,0,47,47,0,0,0,0,47,47,0,0,0
5168,ConditionalTestLogic,CodeLlama 34B,Chain-of-Thought,none,0,0,1694,1694,0,0,0,0,1694,1694,0,0,0
5169,ConditionalTestLogic,CodeLlama 34B,Chain-of-Thought,none,0,0,1694,1694,0,0,0,0,1694,1694,0,0,0
5170,ConditionalTestLogic,CodeLlama 34B,Chain-of-Thought,none,0,0,1694,1694,0,0,0,0,1694,1694,0,0,0
5171,ConditionalTestLogic,CodeLlama 34B,Chain-of-Thought,none,0,0,1694,1694,0,0,0,0,1694,1694,0,0,0
5172,ConditionalTestLogic,CodeLlama 34B,Chain-of-Thought,none,0,0,1694,1694,0,0,0,0,1694,1694,0,0,0
5173,ConditionalTestLogic,CodeLlama 34B,Chain-of-Thought,none,0,0,1694,1694,0,0,0,0,1694,1694,0,0,0
5174,ConditionalTestLogic,CodeLlama 34B,Chain-of-Thought,none,0,0,1694,1694,0,0,0,0,1694,1694,0,0,0
5175,ConditionalTestLogic,CodeLlama 34B,Chain-of-Thought,none,0,0,1694,1694,0,0,0,0,1694,1694,0,0,0
5176,ConditionalTestLogic,CodeLlama 34B,Chain-of-Thought,none,0,0,1694,1694,0,0,0,0,1694,1694,0,0,0
5177,ConditionalTestLogic,CodeLlama 34B,Chain-of-Thought,none,0,0,481,478,0,3,0,0,481,478,0,3,0
5178,ConditionalTestLogic,CodeLlama 34B,Chain-of-Thought,none,0,1,235,231,1,0,3,1,235,231,1,0,3
5179,ConditionalTestLogic,CodeLlama 34B,Chain-of-Thought,none,0,0,525,517,0,8,0,0,525,517,0,8,0
5180,ConditionalTestLogic,CodeLlama 34B,Chain-of-Thought,none,0,0,525,517,0,8,0,0,525,517,0,8,0
5181,ConditionalTestLogic,CodeLlama 34B,Chain-of-Thought,none,0,0,525,517,0,8,0,0,525,517,0,8,0
5182,ConditionalTestLogic,CodeLlama 34B,Chain-of-Thought,none,0,0,525,517,0,8,0,0,525,517,0,8,0
5183,ConditionalTestLogic,CodeLlama 34B,Chain-of-Thought,none,0,0,525,517,0,8,0,0,525,517,0,8,0
5184,ConditionalTestLogic,CodeLlama 34B,Chain-of-Thought,suites_failed_increase,1,0,525,517,0,8,0,2,0,0,0,8,0
5185,ConditionalTestLogic,CodeLlama 34B,Chain-of-Thought,none,0,0,525,517,0,8,0,0,525,517,0,8,0
5186,ConditionalTestLogic,CodeLlama 34B,Chain-of-Thought,none,0,0,645,634,0,11,0,0,645,634,0,11,0
5187,ConditionalTestLogic,CodeLlama 34B,Chain-of-Thought,none,0,0,1196,1196,0,0,0,0,1196,1196,0,0,0
5188,Exception Handling,CodeLlama 34B,Chain-of-Thought,suites_failed_increase,1,0,1367,1367,0,0,0,1,1367,1366,1,0,0
5189,Exception Handling,CodeLlama 34B,Chain-of-Thought,suites_failed_increase,1,0,1367,1367,0,0,0,1,1367,1366,1,0,0
5190,Exception Handling,CodeLlama 34B,Chain-of-Thought,none,0,0,1694,1694,0,0,0,0,1694,1694,0,0,0
5191,Exception Handling,CodeLlama 34B,Chain-of-Thought,none,0,0,1694,1694,0,0,0,0,1694,1694,0,0,0
5192,Exception Handling,CodeLlama 34B,Chain-of-Thought,none,0,0,462,455,0,7,0,0,462,455,0,7,0
5193,Exception Handling,CodeLlama 34B,Chain-of-Thought,none,0,0,242,242,0,0,0,0,242,242,0,0,0
5194,Exception Handling,CodeLlama 34B,Chain-of-Thought,none,0,0,208,207,0,1,0,0,185,184,1,0,0
5195,Exception Handling,CodeLlama 34B,Chain-of-Thought,suites_failed_increase,1,0,525,517,0,8,0,1,0,0,0,8,0
5196,Exception Handling,CodeLlama 34B,Chain-of-Thought,none,0,0,525,517,0,8,0,0,525,517,0,8,0
5197,Exception Handling,CodeLlama 34B,Chain-of-Thought,none,0,0,525,517,0,8,0,0,525,517,0,8,0
5198,Exception Handling,CodeLlama 34B,Chain-of-Thought,none,0,0,44,44,0,0,0,0,44,44,0,0,0
5199,Exception Handling,CodeLlama 34B,Chain-of-Thought,suites_failed_increase,1,0,1694,1694,0,0,0,1,1694,1693,1,0,0
5200,Exception Handling,CodeLlama 34B,Chain-of-Thought,suites_failed_increase,1,0,1367,1367,0,0,0,1,1367,1366,1,0,0
5201,Exception Handling,CodeLlama 34B,Chain-of-Thought,suites_failed_increase,1,0,1367,1367,0,0,0,1,1367,1366,1,0,0
5202,Exception Handling,CodeLlama 34B,Chain-of-Thought,suites_failed_increase,1,0,1367,1367,0,0,0,1,1367,1366,1,0,0
5203,Exception Handling,CodeLlama 34B,Chain-of-Thought,suites_failed_increase,1,0,1367,1367,0,0,0,1,1367,1366,1,0,0
5204,Exception Handling,CodeLlama 34B,Chain-of-Thought,none,0,0,1367,1367,0,0,0,0,1367,1367,0,0,0
5205,Exception Handling,CodeLlama 34B,Chain-of-Thought,suites_failed_increase,1,0,1367,1367,0,0,0,1,1367,1366,1,0,0
5206,Exception Handling,CodeLlama 34B,Chain-of-Thought,suites_failed_increase,1,0,1367,1367,0,0,0,1,1367,1366,1,0,0
5207,Exception Handling,CodeLlama 34B,Chain-of-Thought,suites_failed_increase,1,0,462,455,0,7,0,1,0,0,0,7,0
5208,Duplicate Assert,CodeLlama 34B,Chain-of-Thought,none,0,0,1367,1367,0,0,0,0,1367,1367,0,0,0
5209,Duplicate Assert,CodeLlama 34B,Chain-of-Thought,none,0,0,1367,1367,0,0,0,0,1367,1367,0,0,0
5210,Duplicate Assert,CodeLlama 34B,Chain-of-Thought,none,0,0,1367,1367,0,0,0,0,1367,1367,0,0,0
5211,Duplicate Assert,CodeLlama 34B,Chain-of-Thought,none,0,0,1367,1367,0,0,0,0,1367,1367,0,0,0
5212,Duplicate Assert,CodeLlama 34B,Chain-of-Thought,none,0,0,3010,3010,0,0,0,0,3010,3010,0,0,0
5213,Magic Number,CodeLlama 34B,Chain-of-Thought,none,0,0,1367,1367,0,0,0,0,1367,1367,0,0,0
5214,Magic Number,CodeLlama 34B,Chain-of-Thought,none,0,0,242,242,0,0,0,0,242,242,0,0,0
5215,Magic Number,CodeLlama 34B,Chain-of-Thought,none,0,0,208,207,0,1,0,0,74,73,1,0,0
5216,Sleepy Test,CodeLlama 34B,Chain-of-Thought,none,0,1,235,231,1,0,3,1,235,230,2,0,3
5217,Sleepy Test,CodeLlama 34B,Chain-of-Thought,none,0,1,235,231,1,0,3,1,235,231,1,0,3
5218,Sleepy Test,CodeLlama 34B,Chain-of-Thought,none,0,1,235,231,1,0,3,1,235,231,1,0,3
5219,Sleepy Test,CodeLlama 34B,Chain-of-Thought,suites_failed_increase,1,1,235,231,1,0,3,2,235,229,3,0,3
5220,Sleepy Test,CodeLlama 34B,Chain-of-Thought,none,0,1,235,231,1,0,3,1,235,231,1,0,3
5221,SubOptimalAssert,CodeLlama 34B,Chain-of-Thought,suites_failed_increase,1,0,1367,1367,0,0,0,1,1367,1366,1,0,0
5222,SubOptimalAssert,CodeLlama 34B,Chain-of-Thought,none,0,0,1367,1367,0,0,0,0,1367,1367,0,0,0
5223,SubOptimalAssert,CodeLlama 34B,Chain-of-Thought,none,0,0,1367,1367,0,0,0,0,1367,1367,0,0,0
5224,SubOptimalAssert,CodeLlama 34B,Chain-of-Thought,none,0,0,1694,1694,0,0,0,0,1694,1694,0,0,0
5225,SubOptimalAssert,CodeLlama 34B,Chain-of-Thought,suites_failed_increase,1,0,1196,1196,0,0,0,1,1196,1195,1,0,0
5226,OvercommentedTest,CodeLlama 34B,Chain-of-Thought,none,0,0,1694,1694,0,0,0,0,1694,1694,0,0,0
5227,OvercommentedTest,CodeLlama 34B,Chain-of-Thought,none,0,0,1694,1694,0,0,0,0,1694,1694,0,0,0
5228,OvercommentedTest,CodeLlama 34B,Chain-of-Thought,none,0,0,1694,1694,0,0,0,0,1694,1694,0,0,0
5229,OvercommentedTest,CodeLlama 34B,Chain-of-Thought,none,0,0,1694,1694,0,0,0,0,1694,1694,0,0,0
5230,OvercommentedTest,CodeLlama 34B,Chain-of-Thought,none,0,0,1694,1694,0,0,0,0,1694,1694,0,0,0
5231,AnonymousTest,CodeLlama 34B,Chain-of-Thought,none,0,0,1367,1367,0,0,0,0,1367,1367,0,0,0
5232,AnonymousTest,CodeLlama 34B,Chain-of-Thought,none,0,0,202,202,0,0,0,0,202,202,0,0,0
5233,AnonymousTest,CodeLlama 34B,Chain-of-Thought,none,0,0,202,202,0,0,0,0,202,202,0,0,0
5234,AnonymousTest,CodeLlama 34B,Chain-of-Thought,none,0,0,202,202,0,0,0,0,202,202,0,0,0
5235,VerboseStatement,CodeLlama 34B,Chain-of-Thought,none,0,0,1694,1694,0,0,0,0,1694,1694,0,0,0
5236,VerboseStatement,CodeLlama 34B,Chain-of-Thought,none,0,0,1694,1694,0,0,0,0,1694,1694,0,0,0
5237,VerboseStatement,CodeLlama 34B,Chain-of-Thought,none,0,0,1694,1694,0,0,0,0,1694,1694,0,0,0
5238,VerboseStatement,CodeLlama 34B,Chain-of-Thought,none,0,0,1694,1694,0,0,0,0,1694,1694,0,0,0
5239,Unknown Test,CodeLlama 34B,Chain-of-Thought,none,0,1,235,231,1,0,3,1,235,231,1,0,3
5240,Unknown Test,CodeLlama 34B,Chain-of-Thought,none,0,0,525,517,0,8,0,0,525,517,0,8,0
5241,Unknown Test,CodeLlama 34B,Chain-of-Thought,none,0,0,645,634,0,11,0,0,645,633,0,11,1
5242,Unknown Test,CodeLlama 34B,Chain-of-Thought,none,0,0,645,634,0,11,0,0,0,0,0,0,0
5243,Unknown Test,CodeLlama 34B,Chain-of-Thought,none,0,0,645,634,0,11,0,0,645,633,0,11,1
5244,Unknown Test,CodeLlama 34B,Chain-of-Thought,none,0,0,645,634,0,11,0,0,645,633,0,11,1
5245,Unknown Test,CodeLlama 34B,Chain-of-Thought,none,0,0,645,634,0,11,0,0,0,0,0,0,0
5246,Unknown Test,CodeLlama 34B,Chain-of-Thought,none,0,0,645,634,0,11,0,0,645,633,0,11,1
5247,Unknown Test,CodeLlama 34B,Chain-of-Thought,none,0,0,645,634,0,11,0,0,645,633,0,11,1
5248,Unknown Test,CodeLlama 34B,Chain-of-Thought,none,0,0,645,634,0,11,0,0,645,633,0,11,1
5249,Unknown Test,CodeLlama 34B,Chain-of-Thought,suites_failed_increase,1,0,169,168,0,1,0,1,0,0,0,1,0
5250,Unknown Test,CodeLlama 34B,Chain-of-Thought,suites_failed_increase,1,0,169,168,0,1,0,1,0,0,0,1,0
5251,Unknown Test,CodeLlama 34B,Chain-of-Thought,suites_failed_increase,1,0,169,168,0,1,0,1,0,0,0,1,0
5252,Unknown Test,CodeLlama 34B,Chain-of-Thought,suites_failed_increase,1,0,169,168,0,1,0,1,0,0,0,1,0
5253,Unknown Test,CodeLlama 34B,Chain-of-Thought,suites_failed_increase,1,0,169,168,0,1,0,1,0,0,0,1,0
5254,Unknown Test,CodeLlama 34B,Chain-of-Thought,none,0,0,169,168,0,1,0,0,169,168,0,1,0
5255,Unknown Test,CodeLlama 34B,Chain-of-Thought,suites_failed_increase,1,0,169,168,0,1,0,1,0,0,0,1,0
5256,Unknown Test,CodeLlama 34B,Chain-of-Thought,syntax_error,0,1,159,157,2,0,0,1,0,0,0,0,0
5257,Unknown Test,CodeLlama 34B,Chain-of-Thought,none,0,0,47,47,0,0,0,0,28,27,1,0,0
5258,Unknown Test,CodeLlama 34B,Chain-of-Thought,suites_failed_increase,1,0,47,47,0,0,0,1,47,46,1,0,0
5259,AnonymousTest,CodeLlama 34B,Chain-of-Thought,none,0,0,645,634,0,11,0,0,647,636,0,11,0
5260,VerboseStatement,CodeLlama 34B,Chain-of-Thought,none,0,0,3010,3010,0,0,0,0,3010,3010,0,0,0
5261,AnonymousTest,CodeLlama 34B,Chain-of-Thought,none,0,0,1367,1367,0,0,0,0,1367,1367,0,0,0
5262,OvercommentedTest,CodeLlama 34B,Zero-Shot,none,0,0,645,634,0,11,0,0,645,634,0,11,0
5263,OvercommentedTest,CodeLlama 34B,Few-Shot,none,0,0,645,634,0,11,0,0,645,634,0,11,0
5875,Duplicate Assert,DeepSeek-V3.2,Zero-Shot,suites_failed_increase,1,0,462,455,0,7,0,1,0,0,0,7,0
5876,Duplicate Assert,DeepSeek-V3.2,Zero-Shot,none,0,0,462,455,0,7,0,0,462,455,0,7,0
5877,Duplicate Assert,DeepSeek-V3.2,Zero-Shot,none,0,0,462,455,0,7,0,0,462,455,0,7,0
5878,Duplicate Assert,DeepSeek-V3.2,Zero-Shot,none,0,0,462,455,0,7,0,0,462,455,0,7,0
5879,Duplicate Assert,DeepSeek-V3.2,Zero-Shot,none,0,0,462,455,0,7,0,0,462,455,0,7,0
5880,Duplicate Assert,DeepSeek-V3.2,Zero-Shot,none,0,0,242,242,0,0,0,0,242,242,0,0,0
5881,Duplicate Assert,DeepSeek-V3.2,Zero-Shot,none,0,1,159,157,2,0,0,1,159,157,2,0,0
5882,Duplicate Assert,DeepSeek-V3.2,Zero-Shot,none,0,0,3010,3010,0,0,0,0,3010,3010,0,0,0
5883,Duplicate Assert,DeepSeek-V3.2,Zero-Shot,none,0,0,3010,3010,0,0,0,0,3010,3010,0,0,0
5884,Duplicate Assert,DeepSeek-V3.2,Zero-Shot,none,0,0,3010,3010,0,0,0,0,3010,3010,0,0,0
5885,Duplicate Assert,DeepSeek-V3.2,Zero-Shot,none,0,0,3010,3010,0,0,0,0,3010,3010,0,0,0
5886,Duplicate Assert,DeepSeek-V3.2,Zero-Shot,none,0,0,3010,3010,0,0,0,0,3010,3010,0,0,0
5887,Duplicate Assert,DeepSeek-V3.2,Zero-Shot,none,0,0,3010,3010,0,0,0,0,3010,3010,0,0,0
5888,Duplicate Assert,DeepSeek-V3.2,Zero-Shot,none,0,0,562,562,0,0,0,0,562,562,0,0,0
5889,Duplicate Assert,DeepSeek-V3.2,Zero-Shot,none,0,0,562,562,0,0,0,0,562,562,0,0,0
5890,Magic Number,DeepSeek-V3.2,Zero-Shot,none,0,0,60,60,0,0,0,0,60,60,0,0,0
5891,Magic Number,DeepSeek-V3.2,Zero-Shot,none,0,1,235,231,1,0,3,1,235,231,1,0,3
5892,Magic Number,DeepSeek-V3.2,Zero-Shot,none,0,1,235,231,1,0,3,1,235,231,1,0,3
5893,Magic Number,DeepSeek-V3.2,Zero-Shot,none,0,1,235,231,1,0,3,1,235,231,1,0,3
5894,Magic Number,DeepSeek-V3.2,Zero-Shot,none,0,0,525,517,0,8,0,0,525,517,0,8,0
5895,Magic Number,DeepSeek-V3.2,Zero-Shot,none,0,0,525,517,0,8,0,0,525,517,0,8,0
5896,Magic Number,DeepSeek-V3.2,Zero-Shot,none,0,0,1196,1196,0,0,0,0,1196,1196,0,0,0
5897,Magic Number,DeepSeek-V3.2,Zero-Shot,none,0,0,1196,1196,0,0,0,0,1196,1196,0,0,0
5898,Magic Number,DeepSeek-V3.2,Zero-Shot,suites_failed_increase,1,0,169,168,0,1,0,1,0,0,0,1,0
5899,Magic Number,DeepSeek-V3.2,Zero-Shot,none,0,0,169,168,0,1,0,0,169,168,0,1,0
5900,Magic Number,DeepSeek-V3.2,Zero-Shot,none,0,0,169,168,0,1,0,0,169,168,0,1,0
5901,Magic Number,DeepSeek-V3.2,Zero-Shot,none,0,0,169,168,0,1,0,0,169,168,0,1,0
5902,Magic Number,DeepSeek-V3.2,Zero-Shot,none,0,0,169,168,0,1,0,0,169,168,0,1,0
5903,Magic Number,DeepSeek-V3.2,Zero-Shot,none,0,0,169,168,0,1,0,0,169,168,0,1,0
5904,Magic Number,DeepSeek-V3.2,Zero-Shot,none,0,0,169,168,0,1,0,0,169,168,0,1,0
5905,Magic Number,DeepSeek-V3.2,Zero-Shot,none,0,0,169,168,0,1,0,0,169,168,0,1,0
5906,Magic Number,DeepSeek-V3.2,Zero-Shot,none,0,0,169,168,0,1,0,0,169,168,0,1,0
5907,SubOptimalAssert,DeepSeek-V3.2,Zero-Shot,none,0,0,60,60,0,0,0,0,60,60,0,0,0
5908,SubOptimalAssert,DeepSeek-V3.2,Zero-Shot,none,0,0,525,517,0,8,0,0,525,517,0,8,0
5909,SubOptimalAssert,DeepSeek-V3.2,Zero-Shot,none,0,0,525,517,0,8,0,0,525,517,0,8,0
5910,SubOptimalAssert,DeepSeek-V3.2,Zero-Shot,none,0,0,1196,1196,0,0,0,0,1196,1196,0,0,0
5911,SubOptimalAssert,DeepSeek-V3.2,Zero-Shot,none,0,0,1196,1196,0,0,0,0,1196,1196,0,0,0
5912,SubOptimalAssert,DeepSeek-V3.2,Zero-Shot,none,0,0,1196,1196,0,0,0,0,1196,1196,0,0,0
5913,SubOptimalAssert,DeepSeek-V3.2,Zero-Shot,none,0,0,1196,1196,0,0,0,0,1196,1196,0,0,0
5914,SubOptimalAssert,DeepSeek-V3.2,Zero-Shot,none,0,0,1196,1196,0,0,0,0,1200,1200,0,0,0
5915,SubOptimalAssert,DeepSeek-V3.2,Zero-Shot,none,0,0,562,562,0,0,0,0,563,563,0,0,0
5916,SubOptimalAssert,DeepSeek-V3.2,Zero-Shot,none,0,0,3010,3010,0,0,0,0,3010,3010,0,0,0
5917,SubOptimalAssert,DeepSeek-V3.2,Zero-Shot,none,0,0,462,455,0,7,0,0,462,455,0,7,0
5918,SubOptimalAssert,DeepSeek-V3.2,Zero-Shot,none,0,0,47,47,0,0,0,0,36,35,1,0,0
5919,SubOptimalAssert,DeepSeek-V3.2,Zero-Shot,none,0,0,47,47,0,0,0,0,47,47,0,0,0
5920,SubOptimalAssert,DeepSeek-V3.2,Zero-Shot,none,0,0,47,47,0,0,0,0,15,14,1,0,0
5921,SubOptimalAssert,DeepSeek-V3.2,Zero-Shot,none,0,0,3010,3010,0,0,0,0,3010,3010,0,0,0
5922,OvercommentedTest,DeepSeek-V3.2,Zero-Shot,none,0,1,235,231,1,0,3,1,235,231,1,0,3
5923,OvercommentedTest,DeepSeek-V3.2,Zero-Shot,none,0,1,235,231,1,0,3,1,235,231,1,0,3
5924,OvercommentedTest,DeepSeek-V3.2,Zero-Shot,none,0,1,235,231,1,0,3,1,235,230,2,0,3
5925,OvercommentedTest,DeepSeek-V3.2,Zero-Shot,none,0,1,235,231,1,0,3,1,235,231,1,0,3
5926,OvercommentedTest,DeepSeek-V3.2,Zero-Shot,none,0,0,525,517,0,8,0,0,525,517,0,8,0
5927,OvercommentedTest,DeepSeek-V3.2,Zero-Shot,none,0,0,525,517,0,8,0,0,525,517,0,8,0
5928,OvercommentedTest,DeepSeek-V3.2,Zero-Shot,none,0,0,525,517,0,8,0,0,525,517,0,8,0
5929,OvercommentedTest,DeepSeek-V3.2,Zero-Shot,none,0,0,525,517,0,8,0,0,525,517,0,8,0
5930,OvercommentedTest,DeepSeek-V3.2,Zero-Shot,none,0,0,525,517,0,8,0,0,525,517,0,8,0
5931,OvercommentedTest,DeepSeek-V3.2,Zero-Shot,none,0,0,525,517,0,8,0,0,525,517,0,8,0
5932,OvercommentedTest,DeepSeek-V3.2,Zero-Shot,none,0,0,645,634,0,11,0,0,645,634,0,11,0
5933,OvercommentedTest,DeepSeek-V3.2,Zero-Shot,none,0,0,562,562,0,0,0,0,562,562,0,0,0
5934,OvercommentedTest,DeepSeek-V3.2,Zero-Shot,none,0,0,645,634,0,11,0,0,645,634,0,11,0
5935,OvercommentedTest,DeepSeek-V3.2,Zero-Shot,none,0,0,76,73,0,3,0,0,76,73,0,3,0
5936,OvercommentedTest,DeepSeek-V3.2,Zero-Shot,none,0,0,645,634,0,11,0,0,645,634,0,11,0
5937,AnonymousTest,DeepSeek-V3.2,Zero-Shot,none,0,0,1694,1694,0,0,0,0,1694,1694,0,0,0
5938,AnonymousTest,DeepSeek-V3.2,Zero-Shot,none,0,0,1694,1694,0,0,0,0,1694,1694,0,0,0
5939,AnonymousTest,DeepSeek-V3.2,Zero-Shot,none,0,0,1694,1694,0,0,0,0,1699,1699,0,0,0
5940,AnonymousTest,DeepSeek-V3.2,Zero-Shot,none,0,0,1694,1694,0,0,0,0,1694,1694,0,0,0
5941,AnonymousTest,DeepSeek-V3.2,Zero-Shot,none,0,0,1694,1694,0,0,0,0,1696,1696,0,0,0
5942,AnonymousTest,DeepSeek-V3.2,Zero-Shot,none,0,0,462,455,0,7,0,0,462,455,0,7,0
5943,AnonymousTest,DeepSeek-V3.2,Zero-Shot,suites_failed_increase,1,0,462,455,0,7,0,1,0,0,0,7,0
5944,AnonymousTest,DeepSeek-V3.2,Zero-Shot,none,0,0,76,73,0,3,0,0,76,73,0,3,0
5945,AnonymousTest,DeepSeek-V3.2,Zero-Shot,none,0,0,1694,1694,0,0,0,0,1698,1698,0,0,0
5946,AnonymousTest,DeepSeek-V3.2,Zero-Shot,none,0,0,1694,1694,0,0,0,0,1694,1694,0,0,0
5947,AnonymousTest,DeepSeek-V3.2,Zero-Shot,none,0,0,1196,1196,0,0,0,0,1197,1197,0,0,0
5948,AnonymousTest,DeepSeek-V3.2,Zero-Shot,none,0,0,169,168,0,1,0,0,169,168,0,1,0
5949,AnonymousTest,DeepSeek-V3.2,Zero-Shot,none,0,0,1196,1196,0,0,0,0,1200,1200,0,0,0
5950,AnonymousTest,DeepSeek-V3.2,Zero-Shot,none,0,0,169,168,0,1,0,0,169,168,0,1,0
5951,VerboseStatement,DeepSeek-V3.2,Zero-Shot,none,0,1,235,231,1,0,3,1,235,230,2,0,3
5952,VerboseStatement,DeepSeek-V3.2,Zero-Shot,none,0,0,254,243,0,11,0,0,254,243,0,11,0
5953,VerboseStatement,DeepSeek-V3.2,Zero-Shot,none,0,0,150,149,0,1,0,0,150,149,0,1,0
5954,VerboseStatement,DeepSeek-V3.2,Zero-Shot,none,0,0,150,149,0,1,0,0,150,149,0,1,0
5955,VerboseStatement,DeepSeek-V3.2,Zero-Shot,none,0,0,525,517,0,8,0,0,525,517,0,8,0
5956,VerboseStatement,DeepSeek-V3.2,Zero-Shot,none,0,0,525,517,0,8,0,0,525,517,0,8,0
5957,VerboseStatement,DeepSeek-V3.2,Zero-Shot,none,0,0,645,634,0,11,0,0,645,634,0,11,0
5958,VerboseStatement,DeepSeek-V3.2,Zero-Shot,none,0,0,645,634,0,11,0,0,646,634,0,11,1
5959,VerboseStatement,DeepSeek-V3.2,Zero-Shot,none,0,0,645,634,0,11,0,0,645,634,0,11,0
5960,VerboseStatement,DeepSeek-V3.2,Zero-Shot,none,0,0,1196,1196,0,0,0,0,1196,1196,0,0,0
5961,VerboseStatement,DeepSeek-V3.2,Zero-Shot,none,0,0,1196,1196,0,0,0,0,1196,1196,0,0,0
5962,VerboseStatement,DeepSeek-V3.2,Zero-Shot,none,0,0,1196,1196,0,0,0,0,1196,1196,0,0,0
5963,VerboseStatement,DeepSeek-V3.2,Zero-Shot,none,0,0,3010,3010,0,0,0,0,3010,3010,0,0,0
5964,Sleepy Test,DeepSeek-V3.2,Zero-Shot,suites_failed_increase,1,1,235,231,1,0,3,2,235,230,2,0,3
5965,Sleepy Test,DeepSeek-V3.2,Zero-Shot,none,0,1,235,231,1,0,3,1,235,231,1,0,3
5966,Sleepy Test,DeepSeek-V3.2,Zero-Shot,suites_failed_increase,1,1,235,231,1,0,3,2,235,230,2,0,3
5967,Sleepy Test,DeepSeek-V3.2,Zero-Shot,none,0,1,235,231,1,0,3,1,235,231,1,0,3
5968,Sleepy Test,DeepSeek-V3.2,Zero-Shot,none,0,1,235,231,1,0,3,1,235,231,1,0,3
5969,Sleepy Test,DeepSeek-V3.2,Zero-Shot,none,0,0,645,634,0,11,0,0,645,634,0,11,0
5970,Sleepy Test,DeepSeek-V3.2,Zero-Shot,none,0,0,645,634,0,11,0,0,645,634,0,11,0
5971,Sleepy Test,DeepSeek-V3.2,Zero-Shot,none,0,0,645,634,0,11,0,0,645,634,0,11,0
5972,Sleepy Test,DeepSeek-V3.2,Zero-Shot,none,0,0,645,634,0,11,0,0,645,634,0,11,0
5973,Sleepy Test,DeepSeek-V3.2,Zero-Shot,none,0,0,645,634,0,11,0,0,645,634,0,11,0
5974,Sleepy Test,DeepSeek-V3.2,Zero-Shot,none,0,0,645,634,0,11,0,0,645,634,0,11,0
5975,Sleepy Test,DeepSeek-V3.2,Zero-Shot,none,0,0,169,168,0,1,0,0,169,168,0,1,0
5976,Sleepy Test,DeepSeek-V3.2,Zero-Shot,none,0,0,3010,3010,0,0,0,0,3010,3010,0,0,0
5977,Sleepy Test,DeepSeek-V3.2,Zero-Shot,none,0,0,47,47,0,0,0,0,47,47,0,0,0
5980,ConditionalTestLogic,DeepSeek-V3.2,Zero-Shot,none,0,0,1694,1694,0,0,0,0,1693,1693,0,0,0
5981,ConditionalTestLogic,DeepSeek-V3.2,Zero-Shot,none,0,0,1694,1694,0,0,0,0,1694,1694,0,0,0
5982,ConditionalTestLogic,DeepSeek-V3.2,Zero-Shot,none,0,0,1694,1694,0,0,0,0,1694,1694,0,0,0
5983,ConditionalTestLogic,DeepSeek-V3.2,Zero-Shot,none,0,0,1694,1694,0,0,0,0,1694,1694,0,0,0
5984,ConditionalTestLogic,DeepSeek-V3.2,Zero-Shot,none,0,0,1694,1694,0,0,0,0,1694,1694,0,0,0
5985,ConditionalTestLogic,DeepSeek-V3.2,Zero-Shot,none,0,0,1694,1694,0,0,0,0,1694,1694,0,0,0
5986,ConditionalTestLogic,DeepSeek-V3.2,Zero-Shot,none,0,0,1694,1694,0,0,0,0,1694,1694,0,0,0
5987,ConditionalTestLogic,DeepSeek-V3.2,Zero-Shot,none,0,0,481,478,0,3,0,0,481,478,0,3,0
5988,ConditionalTestLogic,DeepSeek-V3.2,Zero-Shot,none,0,0,525,517,0,8,0,0,525,517,0,8,0
5989,ConditionalTestLogic,DeepSeek-V3.2,Zero-Shot,none,0,0,525,517,0,8,0,0,525,517,0,8,0
5990,ConditionalTestLogic,DeepSeek-V3.2,Zero-Shot,none,0,0,525,517,0,8,0,0,525,517,0,8,0
5991,ConditionalTestLogic,DeepSeek-V3.2,Zero-Shot,none,0,0,525,517,0,8,0,0,525,517,0,8,0
5992,ConditionalTestLogic,DeepSeek-V3.2,Zero-Shot,none,0,0,525,517,0,8,0,0,525,517,0,8,0
5993,ConditionalTestLogic,DeepSeek-V3.2,Zero-Shot,none,0,0,525,517,0,8,0,0,525,517,0,8,0
5994,ConditionalTestLogic,DeepSeek-V3.2,Zero-Shot,suites_failed_increase,1,0,525,517,0,8,0,1,0,0,0,8,0
5995,ConditionalTestLogic,DeepSeek-V3.2,Zero-Shot,none,0,0,645,634,0,11,0,0,645,634,0,11,0
5996,ConditionalTestLogic,DeepSeek-V3.2,Zero-Shot,none,0,0,1196,1196,0,0,0,0,1205,1205,0,0,0
5997,Exception Handling,DeepSeek-V3.2,Zero-Shot,suites_failed_increase,1,0,1367,1367,0,0,0,1,1367,1366,1,0,0
5998,Exception Handling,DeepSeek-V3.2,Zero-Shot,none,0,0,1367,1367,0,0,0,0,1367,1367,0,0,0
5999,Exception Handling,DeepSeek-V3.2,Zero-Shot,none,0,0,1694,1694,0,0,0,0,1694,1694,0,0,0
6000,Exception Handling,DeepSeek-V3.2,Zero-Shot,none,0,0,1694,1694,0,0,0,0,1694,1694,0,0,0
6001,Exception Handling,DeepSeek-V3.2,Zero-Shot,none,0,0,462,455,0,7,0,0,462,455,0,7,0
6002,Exception Handling,DeepSeek-V3.2,Zero-Shot,none,0,0,242,242,0,0,0,0,242,242,0,0,0
6003,Exception Handling,DeepSeek-V3.2,Zero-Shot,none,0,0,208,207,0,1,0,0,185,184,1,0,0
6004,Exception Handling,DeepSeek-V3.2,Zero-Shot,none,0,0,525,517,0,8,0,0,525,517,0,8,0
6005,Exception Handling,DeepSeek-V3.2,Zero-Shot,suites_failed_increase,1,0,525,517,0,8,0,2,0,0,0,8,0
6006,Exception Handling,DeepSeek-V3.2,Zero-Shot,none,0,0,525,517,0,8,0,0,525,517,0,8,0
6008,Exception Handling,DeepSeek-V3.2,Zero-Shot,none,0,0,1694,1694,0,0,0,0,1694,1694,0,0,0
6009,Exception Handling,DeepSeek-V3.2,Zero-Shot,suites_failed_increase,1,0,1367,1367,0,0,0,1,1367,1366,1,0,0
6010,Exception Handling,DeepSeek-V3.2,Zero-Shot,suites_failed_increase,1,0,1367,1367,0,0,0,1,1367,1366,1,0,0
6011,Exception Handling,DeepSeek-V3.2,Zero-Shot,suites_failed_increase,1,0,1367,1367,0,0,0,1,1367,1366,1,0,0
6012,Exception Handling,DeepSeek-V3.2,Zero-Shot,suites_failed_increase,1,0,1367,1367,0,0,0,1,1367,1366,1,0,0
6013,Exception Handling,DeepSeek-V3.2,Zero-Shot,none,0,0,1367,1367,0,0,0,0,1367,1367,0,0,0
6014,Exception Handling,DeepSeek-V3.2,Zero-Shot,none,0,0,1367,1367,0,0,0,0,1367,1367,0,0,0
6015,Exception Handling,DeepSeek-V3.2,Zero-Shot,none,0,0,1367,1367,0,0,0,0,1367,1367,0,0,0
6016,Exception Handling,DeepSeek-V3.2,Zero-Shot,none,0,0,462,455,0,7,0,0,462,455,0,7,0
6017,Duplicate Assert,DeepSeek-V3.2,Zero-Shot,none,0,0,1367,1367,0,0,0,0,1368,1368,0,0,0
6018,Duplicate Assert,DeepSeek-V3.2,Zero-Shot,none,0,0,1367,1367,0,0,0,0,1367,1367,0,0,0
6019,Duplicate Assert,DeepSeek-V3.2,Zero-Shot,none,0,0,1367,1367,0,0,0,0,1367,1367,0,0,0
6020,Duplicate Assert,DeepSeek-V3.2,Zero-Shot,none,0,0,1367,1367,0,0,0,0,1367,1367,0,0,0
6021,Duplicate Assert,DeepSeek-V3.2,Zero-Shot,none,0,0,3010,3010,0,0,0,0,3010,3010,0,0,0
6022,Magic Number,DeepSeek-V3.2,Zero-Shot,none,0,0,1367,1367,0,0,0,0,1367,1367,0,0,0
6023,Magic Number,DeepSeek-V3.2,Zero-Shot,none,0,0,242,242,0,0,0,0,242,242,0,0,0
6024,Magic Number,DeepSeek-V3.2,Zero-Shot,none,0,0,208,207,0,1,0,0,208,207,0,1,0
6025,Sleepy Test,DeepSeek-V3.2,Zero-Shot,none,0,1,235,231,1,0,3,1,235,231,1,0,3
6026,Sleepy Test,DeepSeek-V3.2,Zero-Shot,none,0,1,235,231,1,0,3,1,235,230,2,0,3
6027,Sleepy Test,DeepSeek-V3.2,Zero-Shot,suites_failed_increase,1,1,235,231,1,0,3,2,235,229,3,0,3
6028,Sleepy Test,DeepSeek-V3.2,Zero-Shot,none,0,1,235,231,1,0,3,1,235,230,2,0,3
6029,SubOptimalAssert,DeepSeek-V3.2,Zero-Shot,none,0,0,1367,1367,0,0,0,0,1367,1367,0,0,0
6030,SubOptimalAssert,DeepSeek-V3.2,Zero-Shot,none,0,0,1367,1367,0,0,0,0,1367,1367,0,0,0
6031,SubOptimalAssert,DeepSeek-V3.2,Zero-Shot,none,0,0,1367,1367,0,0,0,0,1367,1367,0,0,0
6032,SubOptimalAssert,DeepSeek-V3.2,Zero-Shot,none,0,0,1694,1694,0,0,0,0,1694,1694,0,0,0
6033,SubOptimalAssert,DeepSeek-V3.2,Zero-Shot,none,0,0,1196,1196,0,0,0,0,1196,1196,0,0,0
6034,OvercommentedTest,DeepSeek-V3.2,Zero-Shot,none,0,0,1694,1694,0,0,0,0,1694,1694,0,0,0
6035,OvercommentedTest,DeepSeek-V3.2,Zero-Shot,none,0,0,1694,1694,0,0,0,0,1694,1694,0,0,0
6036,OvercommentedTest,DeepSeek-V3.2,Zero-Shot,none,0,0,1694,1694,0,0,0,0,1694,1694,0,0,0
6037,OvercommentedTest,DeepSeek-V3.2,Zero-Shot,none,0,0,1694,1694,0,0,0,0,1694,1694,0,0,0
6039,AnonymousTest,DeepSeek-V3.2,Zero-Shot,none,0,0,1367,1367,0,0,0,0,1367,1367,0,0,0
6040,AnonymousTest,DeepSeek-V3.2,Zero-Shot,none,0,0,1367,1367,0,0,0,0,1367,1367,0,0,0
6041,AnonymousTest,DeepSeek-V3.2,Zero-Shot,none,0,0,202,202,0,0,0,0,202,202,0,0,0
6042,AnonymousTest,DeepSeek-V3.2,Zero-Shot,none,0,0,202,202,0,0,0,0,202,202,0,0,0
6043,AnonymousTest,DeepSeek-V3.2,Zero-Shot,none,0,0,202,202,0,0,0,0,202,202,0,0,0
6044,VerboseStatement,DeepSeek-V3.2,Zero-Shot,none,0,0,1694,1694,0,0,0,0,1694,1694,0,0,0
6045,VerboseStatement,DeepSeek-V3.2,Zero-Shot,none,0,0,1694,1694,0,0,0,0,1694,1694,0,0,0
6046,VerboseStatement,DeepSeek-V3.2,Zero-Shot,none,0,0,1694,1694,0,0,0,0,1694,1694,0,0,0
6048,Unknown Test,DeepSeek-V3.2,Zero-Shot,suites_failed_increase,1,1,235,231,1,0,3,2,235,230,2,0,3
6049,Unknown Test,DeepSeek-V3.2,Zero-Shot,suites_failed_increase,1,0,525,517,0,8,0,1,0,0,0,8,0
6050,Unknown Test,DeepSeek-V3.2,Zero-Shot,none,0,0,645,634,0,11,0,0,645,633,0,11,1
6051,Unknown Test,DeepSeek-V3.2,Zero-Shot,none,0,0,645,634,0,11,0,0,645,634,0,11,0
6052,Unknown Test,DeepSeek-V3.2,Zero-Shot,none,0,0,645,634,0,11,0,0,645,633,0,11,1
6053,Unknown Test,DeepSeek-V3.2,Zero-Shot,none,0,0,645,634,0,11,0,0,645,633,0,11,1
6054,Unknown Test,DeepSeek-V3.2,Zero-Shot,none,0,0,645,634,0,11,0,0,645,633,0,11,1
6055,Unknown Test,DeepSeek-V3.2,Zero-Shot,none,0,0,645,634,0,11,0,0,645,633,0,11,1
6056,Unknown Test,DeepSeek-V3.2,Zero-Shot,none,0,0,645,634,0,11,0,0,645,633,0,11,1
6057,Unknown Test,DeepSeek-V3.2,Zero-Shot,none,0,0,645,634,0,11,0,0,645,633,0,11,1
6058,Unknown Test,DeepSeek-V3.2,Zero-Shot,suites_failed_increase,1,0,169,168,0,1,0,1,0,0,0,1,0
6059,Unknown Test,DeepSeek-V3.2,Zero-Shot,suites_failed_increase,1,0,169,168,0,1,0,1,0,0,0,1,0
6061,Unknown Test,DeepSeek-V3.2,Zero-Shot,none,0,0,169,168,0,1,0,0,169,168,0,1,0
6062,Unknown Test,DeepSeek-V3.2,Zero-Shot,suites_failed_increase,1,0,169,168,0,1,0,1,0,0,0,1,0
6063,Unknown Test,DeepSeek-V3.2,Zero-Shot,none,0,0,169,168,0,1,0,0,169,168,0,1,0
6064,Unknown Test,DeepSeek-V3.2,Zero-Shot,none,0,0,169,168,0,1,0,0,169,168,0,1,0
6065,Unknown Test,DeepSeek-V3.2,Zero-Shot,none,0,1,159,157,2,0,0,1,159,156,3,0,0
6066,Unknown Test,DeepSeek-V3.2,Zero-Shot,none,0,0,47,47,0,0,0,0,47,47,0,0,0
6067,Unknown Test,DeepSeek-V3.2,Zero-Shot,suites_failed_increase,1,0,47,47,0,0,0,1,47,46,1,0,0
6068,AnonymousTest,DeepSeek-V3.2,Zero-Shot,none,0,0,645,634,0,11,0,0,645,634,0,11,0
6069,VerboseStatement,DeepSeek-V3.2,Zero-Shot,none,0,0,3010,3010,0,0,0,0,3010,3010,0,0,0
6070,VerboseStatement,DeepSeek-V3.2,Zero-Shot,suites_failed_increase,1,0,254,243,0,11,0,1,0,0,0,11,0
6071,VerboseStatement,DeepSeek-V3.2,Zero-Shot,none,0,0,562,562,0,0,0,0,562,562,0,0,0
6072,ConditionalTestLogic,DeepSeek-V3.2,Zero-Shot,none,0,0,1694,1694,0,0,0,0,1695,1695,0,0,0
6073,ConditionalTestLogic,DeepSeek-V3.2,Zero-Shot,none,0,1,235,231,1,0,3,1,235,231,1,0,3
6074,Sleepy Test,DeepSeek-V3.2,Zero-Shot,suites_failed_increase,1,1,235,231,1,0,3,2,235,230,2,0,3
6075,Duplicate Assert,DeepSeek-V3.2,Few-Shot,none,0,0,462,455,0,7,0,0,462,455,0,7,0
6076,Duplicate Assert,DeepSeek-V3.2,Few-Shot,suites_failed_increase,1,0,462,455,0,7,0,1,0,0,0,7,0
6077,Duplicate Assert,DeepSeek-V3.2,Few-Shot,none,0,0,462,455,0,7,0,0,462,455,0,7,0
6078,Duplicate Assert,DeepSeek-V3.2,Few-Shot,none,0,0,462,455,0,7,0,0,462,455,0,7,0
6079,Duplicate Assert,DeepSeek-V3.2,Few-Shot,none,0,0,462,455,0,7,0,0,462,455,0,7,0
6080,Duplicate Assert,DeepSeek-V3.2,Few-Shot,none,0,0,242,242,0,0,0,0,242,242,0,0,0
6081,Duplicate Assert,DeepSeek-V3.2,Few-Shot,none,0,1,159,157,2,0,0,1,159,157,2,0,0
6082,Duplicate Assert,DeepSeek-V3.2,Few-Shot,none,0,0,3010,3010,0,0,0,0,3010,3010,0,0,0
6083,Duplicate Assert,DeepSeek-V3.2,Few-Shot,none,0,0,3010,3010,0,0,0,0,3010,3010,0,0,0
6084,Duplicate Assert,DeepSeek-V3.2,Few-Shot,none,0,0,3010,3010,0,0,0,0,3010,3010,0,0,0
6085,Duplicate Assert,DeepSeek-V3.2,Few-Shot,none,0,0,3010,3010,0,0,0,0,3010,3010,0,0,0
6086,Duplicate Assert,DeepSeek-V3.2,Few-Shot,none,0,0,3010,3010,0,0,0,0,3010,3010,0,0,0
6087,Duplicate Assert,DeepSeek-V3.2,Few-Shot,none,0,0,3010,3010,0,0,0,0,3010,3010,0,0,0
6088,Duplicate Assert,DeepSeek-V3.2,Few-Shot,none,0,0,562,562,0,0,0,0,562,562,0,0,0
6089,Duplicate Assert,DeepSeek-V3.2,Few-Shot,none,0,0,562,562,0,0,0,0,562,562,0,0,0
6090,Magic Number,DeepSeek-V3.2,Few-Shot,none,0,0,60,60,0,0,0,0,60,60,0,0,0
6091,Magic Number,DeepSeek-V3.2,Few-Shot,none,0,1,235,231,1,0,3,1,235,231,1,0,3
6092,Magic Number,DeepSeek-V3.2,Few-Shot,none,0,1,235,231,1,0,3,1,235,231,1,0,3
6093,Magic Number,DeepSeek-V3.2,Few-Shot,none,0,1,235,231,1,0,3,1,235,231,1,0,3
6094,Magic Number,DeepSeek-V3.2,Few-Shot,none,0,0,525,517,0,8,0,0,525,517,0,8,0
6095,Magic Number,DeepSeek-V3.2,Few-Shot,none,0,0,525,517,0,8,0,0,525,517,0,8,0
6096,Magic Number,DeepSeek-V3.2,Few-Shot,none,0,0,1196,1196,0,0,0,0,1196,1196,0,0,0
6097,Magic Number,DeepSeek-V3.2,Few-Shot,none,0,0,1196,1196,0,0,0,0,1196,1196,0,0,0
6098,Magic Number,DeepSeek-V3.2,Few-Shot,none,0,0,169,168,0,1,0,0,169,168,0,1,0
6099,Magic Number,DeepSeek-V3.2,Few-Shot,none,0,0,169,168,0,1,0,0,169,168,0,1,0
6100,Magic Number,DeepSeek-V3.2,Few-Shot,none,0,0,169,168,0,1,0,0,169,168,0,1,0
6101,Magic Number,DeepSeek-V3.2,Few-Shot,none,0,0,169,168,0,1,0,0,169,168,0,1,0
6102,Magic Number,DeepSeek-V3.2,Few-Shot,none,0,0,169,168,0,1,0,0,169,168,0,1,0
6103,Magic Number,DeepSeek-V3.2,Few-Shot,none,0,0,169,168,0,1,0,0,169,168,0,1,0
6104,Magic Number,DeepSeek-V3.2,Few-Shot,none,0,0,169,168,0,1,0,0,169,168,0,1,0
6105,Magic Number,DeepSeek-V3.2,Few-Shot,suites_failed_increase,1,0,169,168,0,1,0,1,0,0,0,1,0
6106,Magic Number,DeepSeek-V3.2,Few-Shot,none,0,0,169,168,0,1,0,0,169,168,0,1,0
6107,SubOptimalAssert,DeepSeek-V3.2,Few-Shot,none,0,0,60,60,0,0,0,0,60,60,0,0,0
6108,SubOptimalAssert,DeepSeek-V3.2,Few-Shot,none,0,0,525,517,0,8,0,0,525,517,0,8,0
6109,SubOptimalAssert,DeepSeek-V3.2,Few-Shot,none,0,0,525,517,0,8,0,0,525,517,0,8,0
6110,SubOptimalAssert,DeepSeek-V3.2,Few-Shot,none,0,0,1196,1196,0,0,0,0,1196,1196,0,0,0
6111,SubOptimalAssert,DeepSeek-V3.2,Few-Shot,none,0,0,1196,1196,0,0,0,0,1196,1196,0,0,0
6112,SubOptimalAssert,DeepSeek-V3.2,Few-Shot,none,0,0,1196,1196,0,0,0,0,1196,1196,0,0,0
6113,SubOptimalAssert,DeepSeek-V3.2,Few-Shot,none,0,0,1196,1196,0,0,0,0,1196,1196,0,0,0
6114,SubOptimalAssert,DeepSeek-V3.2,Few-Shot,none,0,0,1196,1196,0,0,0,0,1196,1196,0,0,0
6115,SubOptimalAssert,DeepSeek-V3.2,Few-Shot,none,0,0,562,562,0,0,0,0,562,562,0,0,0
6116,SubOptimalAssert,DeepSeek-V3.2,Few-Shot,none,0,0,3010,3010,0,0,0,0,3010,3010,0,0,0
6117,SubOptimalAssert,DeepSeek-V3.2,Few-Shot,none,0,0,462,455,0,7,0,0,462,455,0,7,0
6118,SubOptimalAssert,DeepSeek-V3.2,Few-Shot,none,0,0,47,47,0,0,0,0,47,47,0,0,0
6119,SubOptimalAssert,DeepSeek-V3.2,Few-Shot,none,0,0,47,47,0,0,0,0,47,47,0,0,0
6120,SubOptimalAssert,DeepSeek-V3.2,Few-Shot,none,0,0,47,47,0,0,0,0,47,47,0,0,0
6121,SubOptimalAssert,DeepSeek-V3.2,Few-Shot,none,0,0,3010,3010,0,0,0,0,3010,3010,0,0,0
6122,OvercommentedTest,DeepSeek-V3.2,Few-Shot,none,0,1,235,231,1,0,3,1,235,231,1,0,3
6123,OvercommentedTest,DeepSeek-V3.2,Few-Shot,none,0,1,235,231,1,0,3,1,235,230,2,0,3
6124,OvercommentedTest,DeepSeek-V3.2,Few-Shot,none,0,1,235,231,1,0,3,1,235,231,1,0,3
6125,OvercommentedTest,DeepSeek-V3.2,Few-Shot,none,0,1,235,231,1,0,3,1,235,231,1,0,3
6126,OvercommentedTest,DeepSeek-V3.2,Few-Shot,none,0,0,525,517,0,8,0,0,525,517,0,8,0
6127,OvercommentedTest,DeepSeek-V3.2,Few-Shot,none,0,0,525,517,0,8,0,0,525,517,0,8,0
6128,OvercommentedTest,DeepSeek-V3.2,Few-Shot,none,0,0,525,517,0,8,0,0,525,517,0,8,0
6129,OvercommentedTest,DeepSeek-V3.2,Few-Shot,none,0,0,525,517,0,8,0,0,525,517,0,8,0
6130,OvercommentedTest,DeepSeek-V3.2,Few-Shot,none,0,0,525,517,0,8,0,0,525,517,0,8,0
6131,OvercommentedTest,DeepSeek-V3.2,Few-Shot,none,0,0,525,517,0,8,0,0,525,517,0,8,0
6132,OvercommentedTest,DeepSeek-V3.2,Few-Shot,none,0,0,645,634,0,11,0,0,645,634,0,11,0
6133,OvercommentedTest,DeepSeek-V3.2,Few-Shot,none,0,0,562,562,0,0,0,0,562,562,0,0,0
6134,OvercommentedTest,DeepSeek-V3.2,Few-Shot,none,0,0,645,634,0,11,0,0,645,634,0,11,0
6135,OvercommentedTest,DeepSeek-V3.2,Few-Shot,none,0,0,76,73,0,3,0,0,76,73,0,3,0
6136,OvercommentedTest,DeepSeek-V3.2,Few-Shot,none,0,0,645,634,0,11,0,0,645,634,0,11,0
6137,AnonymousTest,DeepSeek-V3.2,Few-Shot,none,0,0,1694,1694,0,0,0,0,1694,1694,0,0,0
6138,AnonymousTest,DeepSeek-V3.2,Few-Shot,none,0,0,1694,1694,0,0,0,0,1694,1694,0,0,0
6139,AnonymousTest,DeepSeek-V3.2,Few-Shot,none,0,0,1694,1694,0,0,0,0,1694,1694,0,0,0
6140,AnonymousTest,DeepSeek-V3.2,Few-Shot,none,0,0,1694,1694,0,0,0,0,1694,1694,0,0,0
6141,AnonymousTest,DeepSeek-V3.2,Few-Shot,none,0,0,1694,1694,0,0,0,0,1694,1694,0,0,0
6142,AnonymousTest,DeepSeek-V3.2,Few-Shot,none,0,0,462,455,0,7,0,0,462,455,0,7,0
6143,AnonymousTest,DeepSeek-V3.2,Few-Shot,none,0,0,462,455,0,7,0,0,462,455,0,7,0
6144,AnonymousTest,DeepSeek-V3.2,Few-Shot,none,0,0,76,73,0,3,0,0,76,73,0,3,0
6145,AnonymousTest,DeepSeek-V3.2,Few-Shot,none,0,0,1694,1694,0,0,0,0,1694,1694,0,0,0
6146,AnonymousTest,DeepSeek-V3.2,Few-Shot,none,0,0,1694,1694,0,0,0,0,1694,1694,0,0,0
6147,AnonymousTest,DeepSeek-V3.2,Few-Shot,none,0,0,1196,1196,0,0,0,0,1197,1197,0,0,0
6148,AnonymousTest,DeepSeek-V3.2,Few-Shot,none,0,0,169,168,0,1,0,0,169,168,0,1,0
6149,AnonymousTest,DeepSeek-V3.2,Few-Shot,none,0,0,1196,1196,0,0,0,0,1200,1200,0,0,0
6150,AnonymousTest,DeepSeek-V3.2,Few-Shot,none,0,0,169,168,0,1,0,0,169,168,0,1,0
6151,VerboseStatement,DeepSeek-V3.2,Few-Shot,none,0,1,235,231,1,0,3,1,235,231,1,0,3
6152,VerboseStatement,DeepSeek-V3.2,Few-Shot,suites_failed_increase,1,0,254,243,0,11,0,1,0,0,0,11,0
6153,VerboseStatement,DeepSeek-V3.2,Few-Shot,none,0,0,254,243,0,11,0,0,254,243,0,11,0
6154,VerboseStatement,DeepSeek-V3.2,Few-Shot,none,0,0,150,149,0,1,0,0,150,149,0,1,0
6155,VerboseStatement,DeepSeek-V3.2,Few-Shot,none,0,0,150,149,0,1,0,0,150,149,0,1,0
6156,VerboseStatement,DeepSeek-V3.2,Few-Shot,none,0,0,525,517,0,8,0,0,525,517,0,8,0
6157,VerboseStatement,DeepSeek-V3.2,Few-Shot,none,0,0,525,517,0,8,0,0,525,517,0,8,0
6158,VerboseStatement,DeepSeek-V3.2,Few-Shot,none,0,0,645,634,0,11,0,0,645,634,0,11,0
6159,VerboseStatement,DeepSeek-V3.2,Few-Shot,none,0,0,645,634,0,11,0,0,645,634,0,11,0
6160,VerboseStatement,DeepSeek-V3.2,Few-Shot,none,0,0,645,634,0,11,0,0,645,634,0,11,0
6161,VerboseStatement,DeepSeek-V3.2,Few-Shot,none,0,0,1196,1196,0,0,0,0,1196,1196,0,0,0
6162,VerboseStatement,DeepSeek-V3.2,Few-Shot,none,0,0,1196,1196,0,0,0,0,1196,1196,0,0,0
6163,VerboseStatement,DeepSeek-V3.2,Few-Shot,none,0,0,1196,1196,0,0,0,0,1196,1196,0,0,0
6164,VerboseStatement,DeepSeek-V3.2,Few-Shot,none,0,0,562,562,0,0,0,0,562,562,0,0,0
6165,VerboseStatement,DeepSeek-V3.2,Few-Shot,none,0,0,3010,3010,0,0,0,0,3010,3010,0,0,0
6166,Sleepy Test,DeepSeek-V3.2,Few-Shot,suites_failed_increase,1,1,235,231,1,0,3,2,235,230,2,0,3
6167,Sleepy Test,DeepSeek-V3.2,Few-Shot,suites_failed_increase,1,1,235,231,1,0,3,2,235,229,3,0,3
6168,Sleepy Test,DeepSeek-V3.2,Few-Shot,suites_failed_increase,1,1,235,231,1,0,3,2,235,230,2,0,3
6169,Sleepy Test,DeepSeek-V3.2,Few-Shot,none,0,1,235,231,1,0,3,1,235,231,1,0,3
6170,Sleepy Test,DeepSeek-V3.2,Few-Shot,none,0,1,235,231,1,0,3,1,235,231,1,0,3
6171,Sleepy Test,DeepSeek-V3.2,Few-Shot,none,0,0,645,634,0,11,0,0,645,634,0,11,0
6172,Sleepy Test,DeepSeek-V3.2,Few-Shot,none,0,0,645,634,0,11,0,0,645,634,0,11,0
6173,Sleepy Test,DeepSeek-V3.2,Few-Shot,none,0,0,645,634,0,11,0,0,645,634,0,11,0
6174,Sleepy Test,DeepSeek-V3.2,Few-Shot,none,0,0,645,634,0,11,0,0,645,634,0,11,0
6175,Sleepy Test,DeepSeek-V3.2,Few-Shot,none,0,0,645,634,0,11,0,0,645,634,0,11,0
6176,Sleepy Test,DeepSeek-V3.2,Few-Shot,none,0,0,645,634,0,11,0,0,645,634,0,11,0
6177,Sleepy Test,DeepSeek-V3.2,Few-Shot,none,0,0,169,168,0,1,0,0,169,168,0,1,0
6178,Sleepy Test,DeepSeek-V3.2,Few-Shot,none,0,0,3010,3010,0,0,0,0,3010,3010,0,0,0
6179,Sleepy Test,DeepSeek-V3.2,Few-Shot,none,0,0,47,47,0,0,0,0,47,47,0,0,0
6180,Sleepy Test,DeepSeek-V3.2,Few-Shot,none,0,0,47,47,0,0,0,0,47,47,0,0,0
6181,ConditionalTestLogic,DeepSeek-V3.2,Few-Shot,none,0,0,1694,1694,0,0,0,0,1694,1694,0,0,0
6182,ConditionalTestLogic,DeepSeek-V3.2,Few-Shot,none,0,0,1694,1694,0,0,0,0,1694,1694,0,0,0
6183,ConditionalTestLogic,DeepSeek-V3.2,Few-Shot,none,0,0,1694,1694,0,0,0,0,1694,1694,0,0,0
6184,ConditionalTestLogic,DeepSeek-V3.2,Few-Shot,none,0,0,1694,1694,0,0,0,0,1694,1694,0,0,0
6185,ConditionalTestLogic,DeepSeek-V3.2,Few-Shot,none,0,0,1694,1694,0,0,0,0,1694,1694,0,0,0
6186,ConditionalTestLogic,DeepSeek-V3.2,Few-Shot,none,0,0,1694,1694,0,0,0,0,1694,1694,0,0,0
6187,ConditionalTestLogic,DeepSeek-V3.2,Few-Shot,none,0,0,1694,1694,0,0,0,0,1694,1694,0,0,0
6188,ConditionalTestLogic,DeepSeek-V3.2,Few-Shot,suites_failed_increase,1,0,1694,1694,0,0,0,1,1694,1693,1,0,0
6189,ConditionalTestLogic,DeepSeek-V3.2,Few-Shot,none,0,0,1694,1694,0,0,0,0,1695,1695,0,0,0
6190,ConditionalTestLogic,DeepSeek-V3.2,Few-Shot,none,0,0,481,478,0,3,0,0,481,478,0,3,0
6191,ConditionalTestLogic,DeepSeek-V3.2,Few-Shot,none,0,1,235,231,1,0,3,1,235,231,1,0,3
6192,ConditionalTestLogic,DeepSeek-V3.2,Few-Shot,none,0,0,525,517,0,8,0,0,525,517,0,8,0
6193,ConditionalTestLogic,DeepSeek-V3.2,Few-Shot,none,0,0,525,517,0,8,0,0,525,517,0,8,0
6194,ConditionalTestLogic,DeepSeek-V3.2,Few-Shot,none,0,0,525,517,0,8,0,0,525,517,0,8,0
6195,ConditionalTestLogic,DeepSeek-V3.2,Few-Shot,none,0,0,525,517,0,8,0,0,525,517,0,8,0
6196,ConditionalTestLogic,DeepSeek-V3.2,Few-Shot,none,0,0,525,517,0,8,0,0,525,517,0,8,0
6197,ConditionalTestLogic,DeepSeek-V3.2,Few-Shot,none,0,0,525,517,0,8,0,0,525,517,0,8,0
6198,ConditionalTestLogic,DeepSeek-V3.2,Few-Shot,suites_failed_increase,1,0,525,517,0,8,0,1,0,0,0,8,0
6199,ConditionalTestLogic,DeepSeek-V3.2,Few-Shot,none,0,0,645,634,0,11,0,0,645,634,0,11,0
6200,ConditionalTestLogic,DeepSeek-V3.2,Few-Shot,none,0,0,1196,1196,0,0,0,0,1205,1205,0,0,0
6201,Exception Handling,DeepSeek-V3.2,Few-Shot,none,0,0,1367,1367,0,0,0,0,1367,1367,0,0,0
6202,Exception Handling,DeepSeek-V3.2,Few-Shot,none,0,0,1367,1367,0,0,0,0,1367,1367,0,0,0
6203,Exception Handling,DeepSeek-V3.2,Few-Shot,none,0,0,1694,1694,0,0,0,0,1694,1694,0,0,0
6204,Exception Handling,DeepSeek-V3.2,Few-Shot,none,0,0,1694,1694,0,0,0,0,1694,1694,0,0,0
6205,Exception Handling,DeepSeek-V3.2,Few-Shot,suites_failed_increase,1,0,462,455,0,7,0,1,0,0,0,7,0
6206,Exception Handling,DeepSeek-V3.2,Few-Shot,none,0,0,242,242,0,0,0,0,242,242,0,0,0
6207,Exception Handling,DeepSeek-V3.2,Few-Shot,none,0,0,208,207,0,1,0,0,185,184,1,0,0
6208,Exception Handling,DeepSeek-V3.2,Few-Shot,none,0,0,525,517,0,8,0,0,525,517,0,8,0
6209,Exception Handling,DeepSeek-V3.2,Few-Shot,none,0,0,525,517,0,8,0,0,525,517,0,8,0
6210,Exception Handling,DeepSeek-V3.2,Few-Shot,none,0,0,525,517,0,8,0,0,525,517,0,8,0
6211,Exception Handling,DeepSeek-V3.2,Few-Shot,none,0,0,44,44,0,0,0,0,44,44,0,0,0
6212,Exception Handling,DeepSeek-V3.2,Few-Shot,none,0,0,1694,1694,0,0,0,0,1694,1694,0,0,0
6213,Exception Handling,DeepSeek-V3.2,Few-Shot,none,0,0,1367,1367,0,0,0,0,1367,1367,0,0,0
6214,Exception Handling,DeepSeek-V3.2,Few-Shot,none,0,0,1367,1367,0,0,0,0,1367,1367,0,0,0
6215,Exception Handling,DeepSeek-V3.2,Few-Shot,none,0,0,1367,1367,0,0,0,0,1367,1367,0,0,0
6216,Exception Handling,DeepSeek-V3.2,Few-Shot,none,0,0,1367,1367,0,0,0,0,1367,1367,0,0,0
6217,Exception Handling,DeepSeek-V3.2,Few-Shot,none,0,0,1367,1367,0,0,0,0,1367,1367,0,0,0
6218,Exception Handling,DeepSeek-V3.2,Few-Shot,none,0,0,1367,1367,0,0,0,0,1367,1367,0,0,0
6219,Exception Handling,DeepSeek-V3.2,Few-Shot,none,0,0,1367,1367,0,0,0,0,1367,1367,0,0,0
6220,Exception Handling,DeepSeek-V3.2,Few-Shot,none,0,0,462,455,0,7,0,0,462,455,0,7,0
6221,Duplicate Assert,DeepSeek-V3.2,Few-Shot,none,0,0,1367,1367,0,0,0,0,1367,1367,0,0,0
6222,Duplicate Assert,DeepSeek-V3.2,Few-Shot,none,0,0,1367,1367,0,0,0,0,1367,1367,0,0,0
6223,Duplicate Assert,DeepSeek-V3.2,Few-Shot,none,0,0,1367,1367,0,0,0,0,1367,1367,0,0,0
6224,Duplicate Assert,DeepSeek-V3.2,Few-Shot,none,0,0,1367,1367,0,0,0,0,1367,1367,0,0,0
6225,Duplicate Assert,DeepSeek-V3.2,Few-Shot,none,0,0,3010,3010,0,0,0,0,3010,3010,0,0,0
6226,Magic Number,DeepSeek-V3.2,Few-Shot,none,0,0,1367,1367,0,0,0,0,1367,1367,0,0,0
6227,Magic Number,DeepSeek-V3.2,Few-Shot,none,0,0,242,242,0,0,0,0,242,242,0,0,0
6228,Magic Number,DeepSeek-V3.2,Few-Shot,none,0,0,208,207,0,1,0,0,208,207,0,1,0
6229,Sleepy Test,DeepSeek-V3.2,Few-Shot,none,0,1,235,231,1,0,3,1,235,230,2,0,3
6230,Sleepy Test,DeepSeek-V3.2,Few-Shot,none,0,1,235,231,1,0,3,1,235,231,1,0,3
6231,Sleepy Test,DeepSeek-V3.2,Few-Shot,suites_failed_increase,1,1,235,231,1,0,3,2,235,230,2,0,3
6232,Sleepy Test,DeepSeek-V3.2,Few-Shot,suites_failed_increase,1,1,235,231,1,0,3,2,235,230,2,0,3
6233,Sleepy Test,DeepSeek-V3.2,Few-Shot,none,0,1,235,231,1,0,3,1,235,231,1,0,3
6234,SubOptimalAssert,DeepSeek-V3.2,Few-Shot,none,0,0,1367,1367,0,0,0,0,1367,1367,0,0,0
6235,SubOptimalAssert,DeepSeek-V3.2,Few-Shot,none,0,0,1367,1367,0,0,0,0,1367,1367,0,0,0
6236,SubOptimalAssert,DeepSeek-V3.2,Few-Shot,none,0,0,1367,1367,0,0,0,0,1367,1367,0,0,0
6237,SubOptimalAssert,DeepSeek-V3.2,Few-Shot,none,0,0,1694,1694,0,0,0,0,1694,1694,0,0,0
6238,SubOptimalAssert,DeepSeek-V3.2,Few-Shot,none,0,0,1196,1196,0,0,0,0,1196,1196,0,0,0
6239,OvercommentedTest,DeepSeek-V3.2,Few-Shot,none,0,0,1694,1694,0,0,0,0,1694,1694,0,0,0
6240,OvercommentedTest,DeepSeek-V3.2,Few-Shot,none,0,0,1694,1694,0,0,0,0,1694,1694,0,0,0
6241,OvercommentedTest,DeepSeek-V3.2,Few-Shot,none,0,0,1694,1694,0,0,0,0,1694,1694,0,0,0
6242,OvercommentedTest,DeepSeek-V3.2,Few-Shot,none,0,0,1694,1694,0,0,0,0,1694,1694,0,0,0
6243,OvercommentedTest,DeepSeek-V3.2,Few-Shot,suites_failed_increase,1,0,1694,1694,0,0,0,1,1694,1693,1,0,0
6244,AnonymousTest,DeepSeek-V3.2,Few-Shot,none,0,0,1367,1367,0,0,0,0,1367,1367,0,0,0
6245,AnonymousTest,DeepSeek-V3.2,Few-Shot,none,0,0,1367,1367,0,0,0,0,1367,1367,0,0,0
6246,AnonymousTest,DeepSeek-V3.2,Few-Shot,none,0,0,202,202,0,0,0,0,202,202,0,0,0
6247,AnonymousTest,DeepSeek-V3.2,Few-Shot,none,0,0,202,202,0,0,0,0,202,202,0,0,0
6248,AnonymousTest,DeepSeek-V3.2,Few-Shot,none,0,0,202,202,0,0,0,0,202,202,0,0,0
6249,VerboseStatement,DeepSeek-V3.2,Few-Shot,none,0,0,1694,1694,0,0,0,0,1694,1694,0,0,0
6250,VerboseStatement,DeepSeek-V3.2,Few-Shot,none,0,0,1694,1694,0,0,0,0,1694,1694,0,0,0
6251,VerboseStatement,DeepSeek-V3.2,Few-Shot,none,0,0,1694,1694,0,0,0,0,1694,1694,0,0,0
6252,VerboseStatement,DeepSeek-V3.2,Few-Shot,suites_failed_increase,1,0,1694,1694,0,0,0,1,1694,1693,1,0,0
6253,Unknown Test,DeepSeek-V3.2,Few-Shot,none,0,1,235,231,1,0,3,1,235,231,1,0,3
6254,Unknown Test,DeepSeek-V3.2,Few-Shot,none,0,0,525,517,0,8,0,0,525,517,0,8,0
6255,Unknown Test,DeepSeek-V3.2,Few-Shot,none,0,0,645,634,0,11,0,0,645,633,0,11,1
6256,Unknown Test,DeepSeek-V3.2,Few-Shot,none,0,0,645,634,0,11,0,0,645,633,0,11,1
6257,Unknown Test,DeepSeek-V3.2,Few-Shot,none,0,0,645,634,0,11,0,0,645,633,0,11,1
6258,Unknown Test,DeepSeek-V3.2,Few-Shot,none,0,0,645,634,0,11,0,0,645,633,0,11,1
6259,Unknown Test,DeepSeek-V3.2,Few-Shot,none,0,0,645,634,0,11,0,0,645,633,0,11,1
6260,Unknown Test,DeepSeek-V3.2,Few-Shot,none,0,0,645,634,0,11,0,0,645,633,0,11,1
6261,Unknown Test,DeepSeek-V3.2,Few-Shot,none,0,0,645,634,0,11,0,0,645,633,0,11,1
6262,Unknown Test,DeepSeek-V3.2,Few-Shot,none,0,0,645,634,0,11,0,0,645,633,0,11,1
6263,Unknown Test,DeepSeek-V3.2,Few-Shot,none,0,0,169,168,0,1,0,0,169,168,0,1,0
6264,Unknown Test,DeepSeek-V3.2,Few-Shot,none,0,0,169,168,0,1,0,0,169,168,0,1,0
6265,Unknown Test,DeepSeek-V3.2,Few-Shot,none,0,0,169,168,0,1,0,0,169,168,0,1,0
6266,Unknown Test,DeepSeek-V3.2,Few-Shot,none,0,0,169,168,0,1,0,0,169,168,0,1,0
6267,Unknown Test,DeepSeek-V3.2,Few-Shot,none,0,0,169,168,0,1,0,0,169,168,0,1,0
6268,Unknown Test,DeepSeek-V3.2,Few-Shot,none,0,0,169,168,0,1,0,0,169,168,0,1,0
6269,Unknown Test,DeepSeek-V3.2,Few-Shot,none,0,0,169,168,0,1,0,0,169,168,0,1,0
6270,Unknown Test,DeepSeek-V3.2,Few-Shot,none,0,1,159,157,2,0,0,1,159,157,2,0,0
6271,Unknown Test,DeepSeek-V3.2,Few-Shot,none,0,0,47,47,0,0,0,0,47,47,0,0,0
6272,Unknown Test,DeepSeek-V3.2,Few-Shot,suites_failed_increase,1,0,47,47,0,0,0,1,47,46,1,0,0
6273,AnonymousTest,DeepSeek-V3.2,Few-Shot,none,0,0,645,634,0,11,0,0,647,636,0,11,0
6274,VerboseStatement,DeepSeek-V3.2,Few-Shot,none,0,0,3010,3010,0,0,0,0,3010,3010,0,0,0
6275,Duplicate Assert,DeepSeek-V3.2,Chain-of-Thought,suites_failed_increase,1,0,462,455,0,7,0,1,0,0,0,7,0
6276,Duplicate Assert,DeepSeek-V3.2,Chain-of-Thought,none,0,0,462,455,0,7,0,0,462,455,0,7,0
6277,Duplicate Assert,DeepSeek-V3.2,Chain-of-Thought,suites_failed_increase,1,0,462,455,0,7,0,1,0,0,0,7,0
6278,Duplicate Assert,DeepSeek-V3.2,Chain-of-Thought,none,0,0,462,455,0,7,0,0,462,455,0,7,0
6279,Duplicate Assert,DeepSeek-V3.2,Chain-of-Thought,none,0,0,462,455,0,7,0,0,462,455,0,7,0
6280,Duplicate Assert,DeepSeek-V3.2,Chain-of-Thought,none,0,0,242,242,0,0,0,0,242,242,0,0,0
6281,Duplicate Assert,DeepSeek-V3.2,Chain-of-Thought,none,0,1,159,157,2,0,0,1,159,157,2,0,0
6282,Duplicate Assert,DeepSeek-V3.2,Chain-of-Thought,none,0,0,3010,3010,0,0,0,0,3010,3010,0,0,0
6283,Duplicate Assert,DeepSeek-V3.2,Chain-of-Thought,none,0,0,3010,3010,0,0,0,0,3010,3010,0,0,0
6284,Duplicate Assert,DeepSeek-V3.2,Chain-of-Thought,none,0,0,3010,3010,0,0,0,0,3010,3010,0,0,0
6285,Duplicate Assert,DeepSeek-V3.2,Chain-of-Thought,none,0,0,3010,3010,0,0,0,0,3010,3010,0,0,0
6286,Duplicate Assert,DeepSeek-V3.2,Chain-of-Thought,none,0,0,3010,3010,0,0,0,0,3010,3010,0,0,0
6287,Duplicate Assert,DeepSeek-V3.2,Chain-of-Thought,none,0,0,3010,3010,0,0,0,0,3010,3010,0,0,0
6288,Duplicate Assert,DeepSeek-V3.2,Chain-of-Thought,none,0,0,562,562,0,0,0,0,562,562,0,0,0
6289,Duplicate Assert,DeepSeek-V3.2,Chain-of-Thought,none,0,0,562,562,0,0,0,0,562,562,0,0,0
6290,Magic Number,DeepSeek-V3.2,Chain-of-Thought,none,0,0,60,60,0,0,0,0,60,60,0,0,0
6291,Magic Number,DeepSeek-V3.2,Chain-of-Thought,none,0,1,235,231,1,0,3,1,235,231,1,0,3
6292,Magic Number,DeepSeek-V3.2,Chain-of-Thought,none,0,1,235,231,1,0,3,1,235,230,2,0,3
6293,Magic Number,DeepSeek-V3.2,Chain-of-Thought,none,0,1,235,231,1,0,3,1,235,231,1,0,3
6294,Magic Number,DeepSeek-V3.2,Chain-of-Thought,none,0,0,525,517,0,8,0,0,525,517,0,8,0
6295,Magic Number,DeepSeek-V3.2,Chain-of-Thought,none,0,0,525,517,0,8,0,0,525,517,0,8,0
6296,Magic Number,DeepSeek-V3.2,Chain-of-Thought,none,0,0,1196,1196,0,0,0,0,1196,1196,0,0,0
6297,Magic Number,DeepSeek-V3.2,Chain-of-Thought,none,0,0,1196,1196,0,0,0,0,1196,1196,0,0,0
6298,Magic Number,DeepSeek-V3.2,Chain-of-Thought,none,0,0,169,168,0,1,0,0,169,168,0,1,0
6299,Magic Number,DeepSeek-V3.2,Chain-of-Thought,none,0,0,169,168,0,1,0,0,169,168,0,1,0
6300,Magic Number,DeepSeek-V3.2,Chain-of-Thought,none,0,0,169,168,0,1,0,0,169,168,0,1,0
6301,Magic Number,DeepSeek-V3.2,Chain-of-Thought,none,0,0,169,168,0,1,0,0,169,168,0,1,0
6302,Magic Number,DeepSeek-V3.2,Chain-of-Thought,none,0,0,169,168,0,1,0,0,169,168,0,1,0
6303,Magic Number,DeepSeek-V3.2,Chain-of-Thought,none,0,0,169,168,0,1,0,0,169,168,0,1,0
6304,Magic Number,DeepSeek-V3.2,Chain-of-Thought,none,0,0,169,168,0,1,0,0,169,168,0,1,0
6305,Magic Number,DeepSeek-V3.2,Chain-of-Thought,none,0,0,169,168,0,1,0,0,169,168,0,1,0
6306,Magic Number,DeepSeek-V3.2,Chain-of-Thought,none,0,0,169,168,0,1,0,0,169,168,0,1,0
6307,SubOptimalAssert,DeepSeek-V3.2,Chain-of-Thought,none,0,0,60,60,0,0,0,0,60,60,0,0,0
6308,SubOptimalAssert,DeepSeek-V3.2,Chain-of-Thought,suites_failed_increase,1,0,525,517,0,8,0,1,0,0,0,8,0
6309,SubOptimalAssert,DeepSeek-V3.2,Chain-of-Thought,none,0,0,525,517,0,8,0,0,525,517,0,8,0
6310,SubOptimalAssert,DeepSeek-V3.2,Chain-of-Thought,none,0,0,1196,1196,0,0,0,0,1196,1196,0,0,0
6311,SubOptimalAssert,DeepSeek-V3.2,Chain-of-Thought,none,0,0,1196,1196,0,0,0,0,1196,1196,0,0,0
6312,SubOptimalAssert,DeepSeek-V3.2,Chain-of-Thought,none,0,0,1196,1196,0,0,0,0,1196,1196,0,0,0
6313,SubOptimalAssert,DeepSeek-V3.2,Chain-of-Thought,none,0,0,1196,1196,0,0,0,0,1196,1196,0,0,0
6314,SubOptimalAssert,DeepSeek-V3.2,Chain-of-Thought,none,0,0,1196,1196,0,0,0,0,1196,1196,0,0,0
6315,SubOptimalAssert,DeepSeek-V3.2,Chain-of-Thought,none,0,0,562,562,0,0,0,0,562,562,0,0,0
6316,SubOptimalAssert,DeepSeek-V3.2,Chain-of-Thought,none,0,0,3010,3010,0,0,0,0,3010,3010,0,0,0
6317,SubOptimalAssert,DeepSeek-V3.2,Chain-of-Thought,none,0,0,462,455,0,7,0,0,462,455,0,7,0
6318,SubOptimalAssert,DeepSeek-V3.2,Chain-of-Thought,none,0,0,47,47,0,0,0,0,47,47,0,0,0
6319,SubOptimalAssert,DeepSeek-V3.2,Chain-of-Thought,none,0,0,47,47,0,0,0,0,47,47,0,0,0
6320,SubOptimalAssert,DeepSeek-V3.2,Chain-of-Thought,none,0,0,47,47,0,0,0,0,47,47,0,0,0
6321,SubOptimalAssert,DeepSeek-V3.2,Chain-of-Thought,none,0,0,3010,3010,0,0,0,0,3010,3010,0,0,0
6322,OvercommentedTest,DeepSeek-V3.2,Chain-of-Thought,none,0,1,235,231,1,0,3,1,235,231,1,0,3
6323,OvercommentedTest,DeepSeek-V3.2,Chain-of-Thought,none,0,1,235,231,1,0,3,1,235,230,2,0,3
6324,OvercommentedTest,DeepSeek-V3.2,Chain-of-Thought,none,0,1,235,231,1,0,3,1,235,231,1,0,3
6325,OvercommentedTest,DeepSeek-V3.2,Chain-of-Thought,none,0,1,235,231,1,0,3,1,235,231,1,0,3
6326,OvercommentedTest,DeepSeek-V3.2,Chain-of-Thought,none,0,0,525,517,0,8,0,0,525,517,0,8,0
6327,OvercommentedTest,DeepSeek-V3.2,Chain-of-Thought,none,0,0,525,517,0,8,0,0,525,517,0,8,0
6328,OvercommentedTest,DeepSeek-V3.2,Chain-of-Thought,none,0,0,525,517,0,8,0,0,525,517,0,8,0
6329,OvercommentedTest,DeepSeek-V3.2,Chain-of-Thought,none,0,0,525,517,0,8,0,0,525,517,0,8,0
6330,OvercommentedTest,DeepSeek-V3.2,Chain-of-Thought,none,0,0,525,517,0,8,0,0,525,517,0,8,0
6331,OvercommentedTest,DeepSeek-V3.2,Chain-of-Thought,none,0,0,525,517,0,8,0,0,525,517,0,8,0
6332,OvercommentedTest,DeepSeek-V3.2,Chain-of-Thought,none,0,0,645,634,0,11,0,0,645,634,0,11,0
6333,OvercommentedTest,DeepSeek-V3.2,Chain-of-Thought,none,0,0,562,562,0,0,0,0,562,562,0,0,0
6334,OvercommentedTest,DeepSeek-V3.2,Chain-of-Thought,none,0,0,645,634,0,11,0,0,645,634,0,11,0
6335,OvercommentedTest,DeepSeek-V3.2,Chain-of-Thought,none,0,0,76,73,0,3,0,0,76,73,0,3,0
6336,OvercommentedTest,DeepSeek-V3.2,Chain-of-Thought,none,0,0,645,634,0,11,0,0,645,634,0,11,0
6337,AnonymousTest,DeepSeek-V3.2,Chain-of-Thought,none,0,0,1694,1694,0,0,0,0,1694,1694,0,0,0
6338,AnonymousTest,DeepSeek-V3.2,Chain-of-Thought,none,0,0,1694,1694,0,0,0,0,1694,1694,0,0,0
6339,AnonymousTest,DeepSeek-V3.2,Chain-of-Thought,none,0,0,1694,1694,0,0,0,0,1694,1694,0,0,0
6340,AnonymousTest,DeepSeek-V3.2,Chain-of-Thought,none,0,0,1694,1694,0,0,0,0,1694,1694,0,0,0
6341,AnonymousTest,DeepSeek-V3.2,Chain-of-Thought,none,0,0,1694,1694,0,0,0,0,1699,1699,0,0,0
6342,AnonymousTest,DeepSeek-V3.2,Chain-of-Thought,suites_failed_increase,1,0,462,455,0,7,0,1,0,0,0,7,0
6343,AnonymousTest,DeepSeek-V3.2,Chain-of-Thought,none,0,0,462,455,0,7,0,0,462,455,0,7,0
6344,AnonymousTest,DeepSeek-V3.2,Chain-of-Thought,none,0,0,76,73,0,3,0,0,76,73,0,3,0
6345,AnonymousTest,DeepSeek-V3.2,Chain-of-Thought,none,0,0,1694,1694,0,0,0,0,1698,1698,0,0,0
6346,AnonymousTest,DeepSeek-V3.2,Chain-of-Thought,none,0,0,1694,1694,0,0,0,0,1694,1694,0,0,0
6347,AnonymousTest,DeepSeek-V3.2,Chain-of-Thought,none,0,0,1196,1196,0,0,0,0,1197,1197,0,0,0
6348,AnonymousTest,DeepSeek-V3.2,Chain-of-Thought,none,0,0,169,168,0,1,0,0,169,168,0,1,0
6349,AnonymousTest,DeepSeek-V3.2,Chain-of-Thought,none,0,0,1196,1196,0,0,0,0,1200,1200,0,0,0
6350,AnonymousTest,DeepSeek-V3.2,Chain-of-Thought,none,0,0,169,168,0,1,0,0,169,168,0,1,0
6351,VerboseStatement,DeepSeek-V3.2,Chain-of-Thought,none,0,1,235,231,1,0,3,1,235,231,1,0,3
6352,VerboseStatement,DeepSeek-V3.2,Chain-of-Thought,none,0,0,254,243,0,11,0,0,254,243,0,11,0
6353,VerboseStatement,DeepSeek-V3.2,Chain-of-Thought,none,0,0,254,243,0,11,0,0,254,243,0,11,0
6354,VerboseStatement,DeepSeek-V3.2,Chain-of-Thought,none,0,0,150,149,0,1,0,0,150,149,0,1,0
6355,VerboseStatement,DeepSeek-V3.2,Chain-of-Thought,none,0,0,150,149,0,1,0,0,150,149,0,1,0
6356,VerboseStatement,DeepSeek-V3.2,Chain-of-Thought,none,0,0,525,517,0,8,0,0,525,517,0,8,0
6357,VerboseStatement,DeepSeek-V3.2,Chain-of-Thought,none,0,0,525,517,0,8,0,0,525,517,0,8,0
6358,VerboseStatement,DeepSeek-V3.2,Chain-of-Thought,none,0,0,645,634,0,11,0,0,645,634,0,11,0
6359,VerboseStatement,DeepSeek-V3.2,Chain-of-Thought,none,0,0,645,634,0,11,0,0,645,634,0,11,0
6360,VerboseStatement,DeepSeek-V3.2,Chain-of-Thought,none,0,0,645,634,0,11,0,0,645,634,0,11,0
6361,VerboseStatement,DeepSeek-V3.2,Chain-of-Thought,none,0,0,1196,1196,0,0,0,0,1196,1196,0,0,0
6362,VerboseStatement,DeepSeek-V3.2,Chain-of-Thought,none,0,0,1196,1196,0,0,0,0,1196,1196,0,0,0
6363,VerboseStatement,DeepSeek-V3.2,Chain-of-Thought,none,0,0,1196,1196,0,0,0,0,1196,1196,0,0,0
6364,VerboseStatement,DeepSeek-V3.2,Chain-of-Thought,none,0,0,562,562,0,0,0,0,562,562,0,0,0
6365,VerboseStatement,DeepSeek-V3.2,Chain-of-Thought,none,0,0,3010,3010,0,0,0,0,3010,3010,0,0,0
6366,Sleepy Test,DeepSeek-V3.2,Chain-of-Thought,suites_failed_increase,1,1,235,231,1,0,3,2,235,230,2,0,3
6367,Sleepy Test,DeepSeek-V3.2,Chain-of-Thought,none,0,1,235,231,1,0,3,1,235,231,1,0,3
6368,Sleepy Test,DeepSeek-V3.2,Chain-of-Thought,suites_failed_increase,1,1,235,231,1,0,3,2,235,230,2,0,3
6369,Sleepy Test,DeepSeek-V3.2,Chain-of-Thought,none,0,1,235,231,1,0,3,1,235,230,2,0,3
6370,Sleepy Test,DeepSeek-V3.2,Chain-of-Thought,none,0,1,235,231,1,0,3,1,235,231,1,0,3
6371,Sleepy Test,DeepSeek-V3.2,Chain-of-Thought,none,0,0,645,634,0,11,0,0,645,634,0,11,0
6372,Sleepy Test,DeepSeek-V3.2,Chain-of-Thought,none,0,0,645,634,0,11,0,0,645,634,0,11,0
6373,Sleepy Test,DeepSeek-V3.2,Chain-of-Thought,none,0,0,645,634,0,11,0,0,645,634,0,11,0
6374,Sleepy Test,DeepSeek-V3.2,Chain-of-Thought,none,0,0,645,634,0,11,0,0,645,634,0,11,0
6375,Sleepy Test,DeepSeek-V3.2,Chain-of-Thought,none,0,0,645,634,0,11,0,0,645,634,0,11,0
6376,Sleepy Test,DeepSeek-V3.2,Chain-of-Thought,none,0,0,645,634,0,11,0,0,645,634,0,11,0
6377,Sleepy Test,DeepSeek-V3.2,Chain-of-Thought,none,0,0,169,168,0,1,0,0,169,168,0,1,0
6378,Sleepy Test,DeepSeek-V3.2,Chain-of-Thought,none,0,0,3010,3010,0,0,0,0,3010,3010,0,0,0
6379,Sleepy Test,DeepSeek-V3.2,Chain-of-Thought,none,0,0,47,47,0,0,0,0,47,47,0,0,0
6380,Sleepy Test,DeepSeek-V3.2,Chain-of-Thought,none,0,0,47,47,0,0,0,0,47,47,0,0,0
6381,ConditionalTestLogic,DeepSeek-V3.2,Chain-of-Thought,none,0,0,1694,1694,0,0,0,0,1695,1695,0,0,0
6382,ConditionalTestLogic,DeepSeek-V3.2,Chain-of-Thought,suites_failed_increase,1,0,1694,1694,0,0,0,1,1694,1693,1,0,0
6383,ConditionalTestLogic,DeepSeek-V3.2,Chain-of-Thought,none,0,0,1694,1694,0,0,0,0,1694,1694,0,0,0
6384,ConditionalTestLogic,DeepSeek-V3.2,Chain-of-Thought,none,0,0,1694,1694,0,0,0,0,1694,1694,0,0,0
6385,ConditionalTestLogic,DeepSeek-V3.2,Chain-of-Thought,none,0,0,1694,1694,0,0,0,0,1694,1694,0,0,0
6386,ConditionalTestLogic,DeepSeek-V3.2,Chain-of-Thought,suites_failed_increase,1,0,1694,1694,0,0,0,1,1694,1693,1,0,0
6387,ConditionalTestLogic,DeepSeek-V3.2,Chain-of-Thought,none,0,0,1694,1694,0,0,0,0,1695,1695,0,0,0
6388,ConditionalTestLogic,DeepSeek-V3.2,Chain-of-Thought,suites_failed_increase,1,0,1694,1694,0,0,0,1,1694,1693,1,0,0
6389,ConditionalTestLogic,DeepSeek-V3.2,Chain-of-Thought,none,0,0,1694,1694,0,0,0,0,1694,1694,0,0,0
6390,ConditionalTestLogic,DeepSeek-V3.2,Chain-of-Thought,none,0,0,481,478,0,3,0,0,481,478,0,3,0
6391,ConditionalTestLogic,DeepSeek-V3.2,Chain-of-Thought,none,0,1,235,231,1,0,3,1,235,231,1,0,3
6392,ConditionalTestLogic,DeepSeek-V3.2,Chain-of-Thought,none,0,0,525,517,0,8,0,0,525,517,0,8,0
6393,ConditionalTestLogic,DeepSeek-V3.2,Chain-of-Thought,none,0,0,525,517,0,8,0,0,525,517,0,8,0
6394,ConditionalTestLogic,DeepSeek-V3.2,Chain-of-Thought,none,0,0,525,517,0,8,0,0,525,517,0,8,0
6395,ConditionalTestLogic,DeepSeek-V3.2,Chain-of-Thought,none,0,0,525,517,0,8,0,0,525,517,0,8,0
6396,ConditionalTestLogic,DeepSeek-V3.2,Chain-of-Thought,none,0,0,525,517,0,8,0,0,525,517,0,8,0
6397,ConditionalTestLogic,DeepSeek-V3.2,Chain-of-Thought,none,0,0,525,517,0,8,0,0,525,517,0,8,0
6398,ConditionalTestLogic,DeepSeek-V3.2,Chain-of-Thought,suites_failed_increase,1,0,525,517,0,8,0,1,0,0,0,8,0
6399,ConditionalTestLogic,DeepSeek-V3.2,Chain-of-Thought,none,0,0,645,634,0,11,0,0,645,634,0,11,0
6400,ConditionalTestLogic,DeepSeek-V3.2,Chain-of-Thought,none,0,0,1196,1196,0,0,0,0,1205,1205,0,0,0
6401,Exception Handling,DeepSeek-V3.2,Chain-of-Thought,none,0,0,1367,1367,0,0,0,0,1367,1367,0,0,0
6402,Exception Handling,DeepSeek-V3.2,Chain-of-Thought,none,0,0,1367,1367,0,0,0,0,1367,1367,0,0,0
6403,Exception Handling,DeepSeek-V3.2,Chain-of-Thought,none,0,0,1694,1694,0,0,0,0,1694,1694,0,0,0
6404,Exception Handling,DeepSeek-V3.2,Chain-of-Thought,none,0,0,1694,1694,0,0,0,0,1694,1694,0,0,0
6405,Exception Handling,DeepSeek-V3.2,Chain-of-Thought,none,0,0,462,455,0,7,0,0,462,455,0,7,0
6406,Exception Handling,DeepSeek-V3.2,Chain-of-Thought,none,0,0,242,242,0,0,0,0,242,242,0,0,0
6407,Exception Handling,DeepSeek-V3.2,Chain-of-Thought,none,0,0,208,207,0,1,0,0,208,207,0,1,0
6408,Exception Handling,DeepSeek-V3.2,Chain-of-Thought,suites_failed_increase,1,0,525,517,0,8,0,1,0,0,0,8,0
6409,Exception Handling,DeepSeek-V3.2,Chain-of-Thought,suites_failed_increase,1,0,525,517,0,8,0,1,0,0,0,8,0
6410,Exception Handling,DeepSeek-V3.2,Chain-of-Thought,none,0,0,525,517,0,8,0,0,525,517,0,8,0
6411,Exception Handling,DeepSeek-V3.2,Chain-of-Thought,suites_failed_increase,1,0,44,44,0,0,0,1,44,43,1,0,0
6412,Exception Handling,DeepSeek-V3.2,Chain-of-Thought,none,0,0,1694,1694,0,0,0,0,1694,1694,0,0,0
6413,Exception Handling,DeepSeek-V3.2,Chain-of-Thought,suites_failed_increase,1,0,1367,1367,0,0,0,1,1367,1366,1,0,0
6414,Exception Handling,DeepSeek-V3.2,Chain-of-Thought,none,0,0,1367,1367,0,0,0,0,1367,1367,0,0,0
6415,Exception Handling,DeepSeek-V3.2,Chain-of-Thought,none,0,0,1367,1367,0,0,0,0,1367,1367,0,0,0
6416,Exception Handling,DeepSeek-V3.2,Chain-of-Thought,none,0,0,1367,1367,0,0,0,0,1367,1367,0,0,0
6417,Exception Handling,DeepSeek-V3.2,Chain-of-Thought,suites_failed_increase,1,0,1367,1367,0,0,0,1,1367,1366,1,0,0
6418,Exception Handling,DeepSeek-V3.2,Chain-of-Thought,none,0,0,1367,1367,0,0,0,0,1367,1367,0,0,0
6419,Exception Handling,DeepSeek-V3.2,Chain-of-Thought,none,0,0,1367,1367,0,0,0,0,1367,1367,0,0,0
6420,Exception Handling,DeepSeek-V3.2,Chain-of-Thought,none,0,0,462,455,0,7,0,0,462,455,0,7,0
6421,Duplicate Assert,DeepSeek-V3.2,Chain-of-Thought,none,0,0,1367,1367,0,0,0,0,1367,1367,0,0,0
6422,Duplicate Assert,DeepSeek-V3.2,Chain-of-Thought,none,0,0,1367,1367,0,0,0,0,1367,1367,0,0,0
6423,Duplicate Assert,DeepSeek-V3.2,Chain-of-Thought,none,0,0,1367,1367,0,0,0,0,1367,1367,0,0,0
6424,Duplicate Assert,DeepSeek-V3.2,Chain-of-Thought,none,0,0,1367,1367,0,0,0,0,1367,1367,0,0,0
6425,Duplicate Assert,DeepSeek-V3.2,Chain-of-Thought,none,0,0,3010,3010,0,0,0,0,3010,3010,0,0,0
6426,Magic Number,DeepSeek-V3.2,Chain-of-Thought,none,0,0,1367,1367,0,0,0,0,1367,1367,0,0,0
6427,Magic Number,DeepSeek-V3.2,Chain-of-Thought,none,0,0,242,242,0,0,0,0,242,242,0,0,0
6428,Magic Number,DeepSeek-V3.2,Chain-of-Thought,none,0,0,208,207,0,1,0,0,208,207,0,1,0
6429,Sleepy Test,DeepSeek-V3.2,Chain-of-Thought,none,0,1,235,231,1,0,3,1,235,231,1,0,3
6430,Sleepy Test,DeepSeek-V3.2,Chain-of-Thought,none,0,1,235,231,1,0,3,1,235,231,1,0,3
6431,Sleepy Test,DeepSeek-V3.2,Chain-of-Thought,suites_failed_increase,1,1,235,231,1,0,3,2,235,230,2,0,3
6432,Sleepy Test,DeepSeek-V3.2,Chain-of-Thought,suites_failed_increase,1,1,235,231,1,0,3,2,235,229,3,0,3
6433,Sleepy Test,DeepSeek-V3.2,Chain-of-Thought,none,0,1,235,231,1,0,3,1,235,231,1,0,3
6434,SubOptimalAssert,DeepSeek-V3.2,Chain-of-Thought,none,0,0,1367,1367,0,0,0,0,1367,1367,0,0,0
6435,SubOptimalAssert,DeepSeek-V3.2,Chain-of-Thought,none,0,0,1367,1367,0,0,0,0,1367,1367,0,0,0
6436,SubOptimalAssert,DeepSeek-V3.2,Chain-of-Thought,none,0,0,1367,1367,0,0,0,0,1367,1367,0,0,0
6437,SubOptimalAssert,DeepSeek-V3.2,Chain-of-Thought,none,0,0,1694,1694,0,0,0,0,1694,1694,0,0,0
6438,SubOptimalAssert,DeepSeek-V3.2,Chain-of-Thought,none,0,0,1196,1196,0,0,0,0,1196,1196,0,0,0
6439,OvercommentedTest,DeepSeek-V3.2,Chain-of-Thought,none,0,0,1694,1694,0,0,0,0,1694,1694,0,0,0
6440,OvercommentedTest,DeepSeek-V3.2,Chain-of-Thought,none,0,0,1694,1694,0,0,0,0,1694,1694,0,0,0
6441,OvercommentedTest,DeepSeek-V3.2,Chain-of-Thought,none,0,0,1694,1694,0,0,0,0,1694,1694,0,0,0
6442,OvercommentedTest,DeepSeek-V3.2,Chain-of-Thought,none,0,0,1694,1694,0,0,0,0,1694,1694,0,0,0
6443,OvercommentedTest,DeepSeek-V3.2,Chain-of-Thought,suites_failed_increase,1,0,1694,1694,0,0,0,1,1694,1693,1,0,0
6444,AnonymousTest,DeepSeek-V3.2,Chain-of-Thought,none,0,0,1367,1367,0,0,0,0,1367,1367,0,0,0
6445,AnonymousTest,DeepSeek-V3.2,Chain-of-Thought,none,0,0,1367,1367,0,0,0,0,1367,1367,0,0,0
6446,AnonymousTest,DeepSeek-V3.2,Chain-of-Thought,none,0,0,202,202,0,0,0,0,202,202,0,0,0
6447,AnonymousTest,DeepSeek-V3.2,Chain-of-Thought,none,0,0,202,202,0,0,0,0,202,202,0,0,0
6448,AnonymousTest,DeepSeek-V3.2,Chain-of-Thought,none,0,0,202,202,0,0,0,0,202,202,0,0,0
6449,VerboseStatement,DeepSeek-V3.2,Chain-of-Thought,none,0,0,1694,1694,0,0,0,0,1694,1694,0,0,0
6450,VerboseStatement,DeepSeek-V3.2,Chain-of-Thought,none,0,0,1694,1694,0,0,0,0,1694,1694,0,0,0
6451,VerboseStatement,DeepSeek-V3.2,Chain-of-Thought,none,0,0,1694,1694,0,0,0,0,1694,1694,0,0,0
6452,VerboseStatement,DeepSeek-V3.2,Chain-of-Thought,suites_failed_increase,1,0,1694,1694,0,0,0,1,1694,1693,1,0,0
6453,Unknown Test,DeepSeek-V3.2,Chain-of-Thought,none,0,1,235,231,1,0,3,1,235,231,1,0,3
6454,Unknown Test,DeepSeek-V3.2,Chain-of-Thought,suites_failed_increase,1,0,525,517,0,8,0,1,0,0,0,8,0
6455,Unknown Test,DeepSeek-V3.2,Chain-of-Thought,none,0,0,645,634,0,11,0,0,645,633,0,11,1
6456,Unknown Test,DeepSeek-V3.2,Chain-of-Thought,none,0,0,645,634,0,11,0,0,646,633,0,11,2
6457,Unknown Test,DeepSeek-V3.2,Chain-of-Thought,none,0,0,645,634,0,11,0,0,645,633,0,11,1
6458,Unknown Test,DeepSeek-V3.2,Chain-of-Thought,none,0,0,645,634,0,11,0,0,645,633,0,11,1
6459,Unknown Test,DeepSeek-V3.2,Chain-of-Thought,none,0,0,645,634,0,11,0,0,645,633,0,11,1
6460,Unknown Test,DeepSeek-V3.2,Chain-of-Thought,none,0,0,645,634,0,11,0,0,645,633,0,11,1
6461,Unknown Test,DeepSeek-V3.2,Chain-of-Thought,none,0,0,645,634,0,11,0,0,645,633,0,11,1
6462,Unknown Test,DeepSeek-V3.2,Chain-of-Thought,none,0,0,645,634,0,11,0,0,645,633,0,11,1
6463,Unknown Test,DeepSeek-V3.2,Chain-of-Thought,none,0,0,169,168,0,1,0,0,169,168,0,1,0
6464,Unknown Test,DeepSeek-V3.2,Chain-of-Thought,none,0,0,169,168,0,1,0,0,169,168,0,1,0
6465,Unknown Test,DeepSeek-V3.2,Chain-of-Thought,none,0,0,169,168,0,1,0,0,169,168,0,1,0
6466,Unknown Test,DeepSeek-V3.2,Chain-of-Thought,none,0,0,169,168,0,1,0,0,169,168,0,1,0
6467,Unknown Test,DeepSeek-V3.2,Chain-of-Thought,none,0,0,169,168,0,1,0,0,169,168,0,1,0
6468,Unknown Test,DeepSeek-V3.2,Chain-of-Thought,none,0,0,169,168,0,1,0,0,169,168,0,1,0
6469,Unknown Test,DeepSeek-V3.2,Chain-of-Thought,none,0,0,169,168,0,1,0,0,169,168,0,1,0
6470,Unknown Test,DeepSeek-V3.2,Chain-of-Thought,none,0,1,159,157,2,0,0,1,159,157,2,0,0
6471,Unknown Test,DeepSeek-V3.2,Chain-of-Thought,none,0,0,47,47,0,0,0,0,47,47,0,0,0
6472,Unknown Test,DeepSeek-V3.2,Chain-of-Thought,suites_failed_increase,1,0,47,47,0,0,0,1,47,46,1,0,0
6473,AnonymousTest,DeepSeek-V3.2,Chain-of-Thought,none,0,0,645,634,0,11,0,0,645,634,0,11,0
6474,VerboseStatement,DeepSeek-V3.2,Chain-of-Thought,none,0,0,3010,3010,0,0,0,0,3010,3010,0,0,0
7075,SubOptimalAssert,CodeLlama 34B,Few-Shot,suites_failed_increase,1,0,3010,3010,0,0,0,1,3010,3009,1,0,0
7076,AnonymousTest,CodeLlama 34B,Zero-Shot,suites_failed_increase,1,0,462,455,0,7,0,1,0,0,0,7,0
7077,Duplicate Assert,Gemini 2.5 Pro,Zero-Shot,none,0,0,462,455,0,7,0,0,462,455,0,7,0
7078,Duplicate Assert,Gemini 2.5 Pro,Zero-Shot,none,0,0,462,455,0,7,0,0,462,455,0,7,0
7079,Duplicate Assert,Gemini 2.5 Pro,Zero-Shot,none,0,0,462,455,0,7,0,0,462,455,0,7,0
7080,Duplicate Assert,Gemini 2.5 Pro,Zero-Shot,none,0,0,462,455,0,7,0,0,462,455,0,7,0
7081,Duplicate Assert,Gemini 2.5 Pro,Zero-Shot,none,0,0,242,242,0,0,0,0,244,244,0,0,0
7082,Duplicate Assert,Gemini 2.5 Pro,Zero-Shot,none,0,1,159,157,2,0,0,1,159,157,2,0,0
7083,Duplicate Assert,Gemini 2.5 Pro,Zero-Shot,none,0,0,3010,3010,0,0,0,0,3010,3010,0,0,0
7084,Duplicate Assert,Gemini 2.5 Pro,Zero-Shot,none,0,0,3010,3010,0,0,0,0,3010,3010,0,0,0
7085,Duplicate Assert,Gemini 2.5 Pro,Zero-Shot,none,0,0,3010,3010,0,0,0,0,3010,3010,0,0,0
7086,Duplicate Assert,Gemini 2.5 Pro,Zero-Shot,none,0,0,3010,3010,0,0,0,0,3010,3010,0,0,0
7087,Duplicate Assert,Gemini 2.5 Pro,Zero-Shot,none,0,0,3010,3010,0,0,0,0,3010,3010,0,0,0
7088,Duplicate Assert,Gemini 2.5 Pro,Zero-Shot,none,0,0,3010,3010,0,0,0,0,3010,3010,0,0,0
7089,Duplicate Assert,Gemini 2.5 Pro,Zero-Shot,none,0,0,562,562,0,0,0,0,562,562,0,0,0
7090,Duplicate Assert,Gemini 2.5 Pro,Zero-Shot,none,0,0,562,562,0,0,0,0,563,563,0,0,0
7091,Magic Number,Gemini 2.5 Pro,Zero-Shot,none,0,0,60,60,0,0,0,0,60,60,0,0,0
7092,Magic Number,Gemini 2.5 Pro,Zero-Shot,none,0,1,235,231,1,0,3,1,235,231,1,0,3
7093,Magic Number,Gemini 2.5 Pro,Zero-Shot,none,0,1,235,231,1,0,3,1,235,231,1,0,3
7094,Magic Number,Gemini 2.5 Pro,Zero-Shot,none,0,1,235,231,1,0,3,1,235,231,1,0,3
7095,Magic Number,Gemini 2.5 Pro,Zero-Shot,none,0,0,525,517,0,8,0,0,525,517,0,8,0
7096,Magic Number,Gemini 2.5 Pro,Zero-Shot,none,0,0,525,517,0,8,0,0,525,517,0,8,0
7097,Magic Number,Gemini 2.5 Pro,Zero-Shot,none,0,0,1196,1196,0,0,0,0,1196,1196,0,0,0
7098,Magic Number,Gemini 2.5 Pro,Zero-Shot,none,0,0,1196,1196,0,0,0,0,1196,1196,0,0,0
7099,Magic Number,Gemini 2.5 Pro,Zero-Shot,suites_failed_increase,1,0,169,168,0,1,0,1,0,0,0,1,0
7100,Magic Number,Gemini 2.5 Pro,Zero-Shot,none,0,0,169,168,0,1,0,0,169,168,0,1,0
7101,Magic Number,Gemini 2.5 Pro,Zero-Shot,none,0,0,169,168,0,1,0,0,169,168,0,1,0
7102,Magic Number,Gemini 2.5 Pro,Zero-Shot,none,0,0,169,168,0,1,0,0,169,168,0,1,0
7103,Magic Number,Gemini 2.5 Pro,Zero-Shot,none,0,0,169,168,0,1,0,0,169,168,0,1,0
7104,Magic Number,Gemini 2.5 Pro,Zero-Shot,none,0,0,169,168,0,1,0,0,169,168,0,1,0
7105,Magic Number,Gemini 2.5 Pro,Zero-Shot,none,0,0,169,168,0,1,0,0,169,168,0,1,0
7106,Magic Number,Gemini 2.5 Pro,Zero-Shot,none,0,0,169,168,0,1,0,0,169,168,0,1,0
7107,Magic Number,Gemini 2.5 Pro,Zero-Shot,none,0,0,169,168,0,1,0,0,169,168,0,1,0
7108,SubOptimalAssert,Gemini 2.5 Pro,Zero-Shot,none,0,0,60,60,0,0,0,0,60,60,0,0,0
7109,SubOptimalAssert,Gemini 2.5 Pro,Zero-Shot,suites_failed_increase,1,0,525,517,0,8,0,1,0,0,0,8,0
7110,SubOptimalAssert,Gemini 2.5 Pro,Zero-Shot,none,0,0,525,517,0,8,0,0,525,517,0,8,0
7111,SubOptimalAssert,Gemini 2.5 Pro,Zero-Shot,none,0,0,1196,1196,0,0,0,0,1196,1196,0,0,0
7112,SubOptimalAssert,Gemini 2.5 Pro,Zero-Shot,none,0,0,1196,1196,0,0,0,0,1196,1196,0,0,0
7113,SubOptimalAssert,Gemini 2.5 Pro,Zero-Shot,none,0,0,1196,1196,0,0,0,0,1196,1196,0,0,0
7114,SubOptimalAssert,Gemini 2.5 Pro,Zero-Shot,none,0,0,1196,1196,0,0,0,0,1196,1196,0,0,0
7115,SubOptimalAssert,Gemini 2.5 Pro,Zero-Shot,none,0,0,1196,1196,0,0,0,0,1200,1200,0,0,0
7116,SubOptimalAssert,Gemini 2.5 Pro,Zero-Shot,none,0,0,562,562,0,0,0,0,563,563,0,0,0
7117,SubOptimalAssert,Gemini 2.5 Pro,Zero-Shot,none,0,0,3010,3010,0,0,0,0,3010,3010,0,0,0
7118,SubOptimalAssert,Gemini 2.5 Pro,Zero-Shot,none,0,0,462,455,0,7,0,0,462,455,0,7,0
7119,SubOptimalAssert,Gemini 2.5 Pro,Zero-Shot,none,0,0,47,47,0,0,0,0,47,47,0,0,0
7120,SubOptimalAssert,Gemini 2.5 Pro,Zero-Shot,none,0,0,47,47,0,0,0,0,47,47,0,0,0
7121,SubOptimalAssert,Gemini 2.5 Pro,Zero-Shot,none,0,0,47,47,0,0,0,0,19,18,1,0,0
7122,SubOptimalAssert,Gemini 2.5 Pro,Zero-Shot,none,0,0,3010,3010,0,0,0,0,3011,3011,0,0,0
7123,OvercommentedTest,Gemini 2.5 Pro,Zero-Shot,none,0,1,235,231,1,0,3,1,235,230,2,0,3
7124,OvercommentedTest,Gemini 2.5 Pro,Zero-Shot,none,0,1,235,231,1,0,3,1,235,231,1,0,3
7125,OvercommentedTest,Gemini 2.5 Pro,Zero-Shot,none,0,1,235,231,1,0,3,1,235,231,1,0,3
7126,OvercommentedTest,Gemini 2.5 Pro,Zero-Shot,none,0,1,235,231,1,0,3,1,235,231,1,0,3
7127,OvercommentedTest,Gemini 2.5 Pro,Zero-Shot,none,0,0,525,517,0,8,0,0,526,518,0,8,0
7128,OvercommentedTest,Gemini 2.5 Pro,Zero-Shot,none,0,0,525,517,0,8,0,0,525,517,0,8,0
7129,OvercommentedTest,Gemini 2.5 Pro,Zero-Shot,none,0,0,525,517,0,8,0,0,525,517,0,8,0
7130,OvercommentedTest,Gemini 2.5 Pro,Zero-Shot,none,0,0,525,517,0,8,0,0,525,517,0,8,0
7131,OvercommentedTest,Gemini 2.5 Pro,Zero-Shot,none,0,0,525,517,0,8,0,0,525,517,0,8,0
7132,OvercommentedTest,Gemini 2.5 Pro,Zero-Shot,none,0,0,645,634,0,11,0,0,645,634,0,11,0
7133,OvercommentedTest,Gemini 2.5 Pro,Zero-Shot,none,0,0,562,562,0,0,0,0,562,562,0,0,0
7134,OvercommentedTest,Gemini 2.5 Pro,Zero-Shot,none,0,0,645,634,0,11,0,0,645,634,0,11,0
7135,OvercommentedTest,Gemini 2.5 Pro,Zero-Shot,none,0,0,645,634,0,11,0,0,645,634,0,11,0
7136,AnonymousTest,Gemini 2.5 Pro,Zero-Shot,none,0,0,1694,1694,0,0,0,0,1694,1694,0,0,0
7137,AnonymousTest,Gemini 2.5 Pro,Zero-Shot,none,0,0,1694,1694,0,0,0,0,1694,1694,0,0,0
7138,AnonymousTest,Gemini 2.5 Pro,Zero-Shot,none,0,0,1694,1694,0,0,0,0,1699,1699,0,0,0
7139,AnonymousTest,Gemini 2.5 Pro,Zero-Shot,none,0,0,1694,1694,0,0,0,0,1694,1694,0,0,0
7140,AnonymousTest,Gemini 2.5 Pro,Zero-Shot,none,0,0,1694,1694,0,0,0,0,1695,1695,0,0,0
7141,AnonymousTest,Gemini 2.5 Pro,Zero-Shot,none,0,0,462,455,0,7,0,0,462,455,0,7,0
7142,AnonymousTest,Gemini 2.5 Pro,Zero-Shot,none,0,0,462,455,0,7,0,0,462,455,0,7,0
7143,AnonymousTest,Gemini 2.5 Pro,Zero-Shot,none,0,0,76,73,0,3,0,0,76,73,0,3,0
7144,AnonymousTest,Gemini 2.5 Pro,Zero-Shot,none,0,0,1694,1694,0,0,0,0,1698,1698,0,0,0
7145,AnonymousTest,Gemini 2.5 Pro,Zero-Shot,none,0,0,1694,1694,0,0,0,0,1695,1695,0,0,0
7146,AnonymousTest,Gemini 2.5 Pro,Zero-Shot,none,0,0,1196,1196,0,0,0,0,1197,1197,0,0,0
7147,AnonymousTest,Gemini 2.5 Pro,Zero-Shot,none,0,0,169,168,0,1,0,0,169,168,0,1,0
7148,AnonymousTest,Gemini 2.5 Pro,Zero-Shot,none,0,0,1196,1196,0,0,0,0,1200,1200,0,0,0
7149,AnonymousTest,Gemini 2.5 Pro,Zero-Shot,none,0,0,169,168,0,1,0,0,169,168,0,1,0
7150,VerboseStatement,Gemini 2.5 Pro,Zero-Shot,none,0,1,235,231,1,0,3,1,235,231,1,0,3
7151,VerboseStatement,Gemini 2.5 Pro,Zero-Shot,suites_failed_increase,1,0,254,243,0,11,0,1,0,0,0,11,0
7152,VerboseStatement,Gemini 2.5 Pro,Zero-Shot,none,0,0,150,149,0,1,0,0,150,149,0,1,0
7153,VerboseStatement,Gemini 2.5 Pro,Zero-Shot,none,0,0,150,149,0,1,0,0,150,149,0,1,0
7154,VerboseStatement,Gemini 2.5 Pro,Zero-Shot,none,0,0,525,517,0,8,0,0,525,517,0,8,0
7155,VerboseStatement,Gemini 2.5 Pro,Zero-Shot,none,0,0,525,517,0,8,0,0,525,517,0,8,0
7156,VerboseStatement,Gemini 2.5 Pro,Zero-Shot,none,0,0,645,634,0,11,0,0,645,634,0,11,0
7157,VerboseStatement,Gemini 2.5 Pro,Zero-Shot,none,0,0,645,634,0,11,0,0,645,634,0,11,0
7158,VerboseStatement,Gemini 2.5 Pro,Zero-Shot,none,0,0,645,634,0,11,0,0,645,633,0,11,1
7159,VerboseStatement,Gemini 2.5 Pro,Zero-Shot,none,0,0,1196,1196,0,0,0,0,1196,1196,0,0,0
7160,VerboseStatement,Gemini 2.5 Pro,Zero-Shot,none,0,0,1196,1196,0,0,0,0,1196,1196,0,0,0
7161,VerboseStatement,Gemini 2.5 Pro,Zero-Shot,none,0,0,562,562,0,0,0,0,569,569,0,0,0
7162,VerboseStatement,Gemini 2.5 Pro,Zero-Shot,suites_failed_increase,1,0,3010,3010,0,0,0,1,2954,2954,0,0,0
7163,Sleepy Test,Gemini 2.5 Pro,Zero-Shot,suites_failed_increase,1,1,235,231,1,0,3,2,235,230,2,0,3
7164,Sleepy Test,Gemini 2.5 Pro,Zero-Shot,suites_failed_increase,1,1,235,231,1,0,3,2,235,230,2,0,3
7165,Sleepy Test,Gemini 2.5 Pro,Zero-Shot,none,0,1,235,231,1,0,3,1,235,231,1,0,3
7166,Sleepy Test,Gemini 2.5 Pro,Zero-Shot,none,0,1,235,231,1,0,3,1,235,231,1,0,3
7167,Sleepy Test,Gemini 2.5 Pro,Zero-Shot,none,0,0,645,634,0,11,0,0,645,634,0,11,0
7168,Sleepy Test,Gemini 2.5 Pro,Zero-Shot,none,0,0,645,634,0,11,0,0,645,634,0,11,0
7169,Sleepy Test,Gemini 2.5 Pro,Zero-Shot,none,0,0,645,634,0,11,0,0,645,633,0,11,1
7170,Sleepy Test,Gemini 2.5 Pro,Zero-Shot,none,0,0,645,634,0,11,0,0,645,634,0,11,0
7171,Sleepy Test,Gemini 2.5 Pro,Zero-Shot,none,0,0,645,634,0,11,0,0,645,634,0,11,0
7172,Sleepy Test,Gemini 2.5 Pro,Zero-Shot,none,0,0,645,634,0,11,0,0,645,634,0,11,0
7173,Sleepy Test,Gemini 2.5 Pro,Zero-Shot,none,0,0,169,168,0,1,0,0,169,168,0,1,0
7174,Sleepy Test,Gemini 2.5 Pro,Zero-Shot,none,0,0,3010,3010,0,0,0,0,3010,3010,0,0,0
7175,Sleepy Test,Gemini 2.5 Pro,Zero-Shot,none,0,0,47,47,0,0,0,0,47,47,0,0,0
7176,Sleepy Test,Gemini 2.5 Pro,Zero-Shot,none,0,0,47,47,0,0,0,0,47,47,0,0,0
7177,ConditionalTestLogic,Gemini 2.5 Pro,Zero-Shot,none,0,0,1694,1694,0,0,0,0,1694,1694,0,0,0
7178,ConditionalTestLogic,Gemini 2.5 Pro,Zero-Shot,none,0,0,1694,1694,0,0,0,0,1694,1694,0,0,0
7179,ConditionalTestLogic,Gemini 2.5 Pro,Zero-Shot,none,0,0,1694,1694,0,0,0,0,1695,1695,0,0,0
7180,ConditionalTestLogic,Gemini 2.5 Pro,Zero-Shot,none,0,0,481,478,0,3,0,0,481,478,0,3,0
7181,ConditionalTestLogic,Gemini 2.5 Pro,Zero-Shot,none,0,1,235,231,1,0,3,1,235,231,1,0,3
7182,ConditionalTestLogic,Gemini 2.5 Pro,Zero-Shot,suites_failed_increase,1,0,525,517,0,8,0,1,0,0,0,8,0
7183,ConditionalTestLogic,Gemini 2.5 Pro,Zero-Shot,none,0,0,525,517,0,8,0,0,525,517,0,8,0
7184,ConditionalTestLogic,Gemini 2.5 Pro,Zero-Shot,none,0,0,525,517,0,8,0,0,525,517,0,8,0
7185,ConditionalTestLogic,Gemini 2.5 Pro,Zero-Shot,none,0,0,525,517,0,8,0,0,525,517,0,8,0
7186,ConditionalTestLogic,Gemini 2.5 Pro,Zero-Shot,none,0,0,525,517,0,8,0,0,525,517,0,8,0
7187,ConditionalTestLogic,Gemini 2.5 Pro,Zero-Shot,suites_failed_increase,1,0,525,517,0,8,0,1,0,0,0,8,0
7188,ConditionalTestLogic,Gemini 2.5 Pro,Zero-Shot,none,0,0,645,634,0,11,0,0,645,634,0,11,0
7189,ConditionalTestLogic,Gemini 2.5 Pro,Zero-Shot,none,0,0,1196,1196,0,0,0,0,1205,1205,0,0,0
7190,Exception Handling,Gemini 2.5 Pro,Zero-Shot,none,0,0,1367,1367,0,0,0,0,1367,1367,0,0,0
7191,Exception Handling,Gemini 2.5 Pro,Zero-Shot,none,0,0,1367,1367,0,0,0,0,1367,1367,0,0,0
7192,Exception Handling,Gemini 2.5 Pro,Zero-Shot,none,0,0,1694,1694,0,0,0,0,1694,1694,0,0,0
7193,Exception Handling,Gemini 2.5 Pro,Zero-Shot,none,0,0,1694,1694,0,0,0,0,1694,1694,0,0,0
7194,Exception Handling,Gemini 2.5 Pro,Zero-Shot,suites_failed_increase,1,0,462,455,0,7,0,1,0,0,0,7,0
7195,Exception Handling,Gemini 2.5 Pro,Zero-Shot,none,0,0,242,242,0,0,0,0,242,242,0,0,0
7196,Exception Handling,Gemini 2.5 Pro,Zero-Shot,none,0,0,208,207,0,1,0,0,185,184,1,0,0
7197,Exception Handling,Gemini 2.5 Pro,Zero-Shot,none,0,0,525,517,0,8,0,0,525,517,0,8,0
7198,Exception Handling,Gemini 2.5 Pro,Zero-Shot,none,0,0,525,517,0,8,0,0,525,517,0,8,0
7199,Exception Handling,Gemini 2.5 Pro,Zero-Shot,none,0,0,1694,1694,0,0,0,0,1694,1694,0,0,0
7200,Exception Handling,Gemini 2.5 Pro,Zero-Shot,suites_failed_increase,1,0,1367,1367,0,0,0,1,1367,1366,1,0,0
7201,Exception Handling,Gemini 2.5 Pro,Zero-Shot,suites_failed_increase,1,0,1367,1367,0,0,0,1,1367,1366,1,0,0
7202,Exception Handling,Gemini 2.5 Pro,Zero-Shot,none,0,0,1367,1367,0,0,0,0,1367,1367,0,0,0
7203,Exception Handling,Gemini 2.5 Pro,Zero-Shot,none,0,0,1367,1367,0,0,0,0,1367,1367,0,0,0
7204,Exception Handling,Gemini 2.5 Pro,Zero-Shot,none,0,0,1367,1367,0,0,0,0,1367,1367,0,0,0
7205,Exception Handling,Gemini 2.5 Pro,Zero-Shot,none,0,0,1367,1367,0,0,0,0,1367,1367,0,0,0
7206,Exception Handling,Gemini 2.5 Pro,Zero-Shot,none,0,0,1367,1367,0,0,0,0,1367,1367,0,0,0
7207,Exception Handling,Gemini 2.5 Pro,Zero-Shot,none,0,0,462,455,0,7,0,0,462,455,0,7,0
7208,Duplicate Assert,Gemini 2.5 Pro,Zero-Shot,none,0,0,1367,1367,0,0,0,0,1368,1368,0,0,0
7209,Duplicate Assert,Gemini 2.5 Pro,Zero-Shot,none,0,0,1367,1367,0,0,0,0,1368,1368,0,0,0
7210,Duplicate Assert,Gemini 2.5 Pro,Zero-Shot,none,0,0,1367,1367,0,0,0,0,1368,1368,0,0,0
7211,Duplicate Assert,Gemini 2.5 Pro,Zero-Shot,none,0,0,1367,1367,0,0,0,0,1368,1368,0,0,0
7212,Duplicate Assert,Gemini 2.5 Pro,Zero-Shot,suites_failed_increase,1,0,3010,3010,0,0,0,1,3012,3011,1,0,0
7213,Magic Number,Gemini 2.5 Pro,Zero-Shot,none,0,0,1367,1367,0,0,0,0,1367,1367,0,0,0
7214,Magic Number,Gemini 2.5 Pro,Zero-Shot,none,0,0,242,242,0,0,0,0,247,247,0,0,0
7215,Magic Number,Gemini 2.5 Pro,Zero-Shot,none,0,0,208,207,0,1,0,0,208,207,0,1,0
7216,Sleepy Test,Gemini 2.5 Pro,Zero-Shot,none,0,1,235,231,1,0,3,1,235,231,1,0,3
7217,Sleepy Test,Gemini 2.5 Pro,Zero-Shot,none,0,1,235,231,1,0,3,1,235,230,2,0,3
7218,Sleepy Test,Gemini 2.5 Pro,Zero-Shot,none,0,1,235,231,1,0,3,1,235,231,1,0,3
7219,Sleepy Test,Gemini 2.5 Pro,Zero-Shot,suites_failed_increase,1,1,235,231,1,0,3,2,235,230,2,0,3
7220,SubOptimalAssert,Gemini 2.5 Pro,Zero-Shot,none,0,0,1367,1367,0,0,0,0,1367,1367,0,0,0
7221,SubOptimalAssert,Gemini 2.5 Pro,Zero-Shot,none,0,0,1367,1367,0,0,0,0,1367,1367,0,0,0
7222,SubOptimalAssert,Gemini 2.5 Pro,Zero-Shot,none,0,0,1367,1367,0,0,0,0,1367,1367,0,0,0
7223,SubOptimalAssert,Gemini 2.5 Pro,Zero-Shot,none,0,0,1694,1694,0,0,0,0,1694,1694,0,0,0
7224,SubOptimalAssert,Gemini 2.5 Pro,Zero-Shot,none,0,0,1196,1196,0,0,0,0,1196,1196,0,0,0
7225,OvercommentedTest,Gemini 2.5 Pro,Zero-Shot,none,0,0,1694,1694,0,0,0,0,1694,1694,0,0,0
7226,OvercommentedTest,Gemini 2.5 Pro,Zero-Shot,none,0,0,1694,1694,0,0,0,0,1694,1694,0,0,0
7227,AnonymousTest,Gemini 2.5 Pro,Zero-Shot,none,0,0,1367,1367,0,0,0,0,1367,1367,0,0,0
7228,AnonymousTest,Gemini 2.5 Pro,Zero-Shot,none,0,0,1367,1367,0,0,0,0,1367,1367,0,0,0
7229,AnonymousTest,Gemini 2.5 Pro,Zero-Shot,none,0,0,202,202,0,0,0,0,202,202,0,0,0
7230,AnonymousTest,Gemini 2.5 Pro,Zero-Shot,none,0,0,202,202,0,0,0,0,202,202,0,0,0
7231,AnonymousTest,Gemini 2.5 Pro,Zero-Shot,none,0,0,202,202,0,0,0,0,202,202,0,0,0
7232,VerboseStatement,Gemini 2.5 Pro,Zero-Shot,none,0,0,1694,1694,0,0,0,0,1694,1694,0,0,0
7233,VerboseStatement,Gemini 2.5 Pro,Zero-Shot,none,0,0,1694,1694,0,0,0,0,1694,1694,0,0,0
7234,VerboseStatement,Gemini 2.5 Pro,Zero-Shot,none,0,0,1694,1694,0,0,0,0,1694,1694,0,0,0
7235,Unknown Test,Gemini 2.5 Pro,Zero-Shot,suites_failed_increase,1,1,235,231,1,0,3,2,235,229,3,0,3
7236,Unknown Test,Gemini 2.5 Pro,Zero-Shot,none,0,0,525,517,0,8,0,0,525,517,0,8,0
7237,Unknown Test,Gemini 2.5 Pro,Zero-Shot,none,0,0,645,634,0,11,0,0,645,634,0,11,0
7238,Unknown Test,Gemini 2.5 Pro,Zero-Shot,none,0,0,645,634,0,11,0,0,645,633,0,11,1
7239,Unknown Test,Gemini 2.5 Pro,Zero-Shot,none,0,0,645,634,0,11,0,0,645,634,0,11,0
7240,Unknown Test,Gemini 2.5 Pro,Zero-Shot,none,0,0,645,634,0,11,0,0,645,633,0,11,1
7241,Unknown Test,Gemini 2.5 Pro,Zero-Shot,none,0,0,645,634,0,11,0,0,645,633,0,11,1
7242,Unknown Test,Gemini 2.5 Pro,Zero-Shot,none,0,0,645,634,0,11,0,0,645,633,0,11,1
7243,Unknown Test,Gemini 2.5 Pro,Zero-Shot,none,0,0,645,634,0,11,0,0,645,633,0,11,1
7244,Unknown Test,Gemini 2.5 Pro,Zero-Shot,suites_failed_increase,1,0,169,168,0,1,0,1,0,0,0,1,0
7245,Unknown Test,Gemini 2.5 Pro,Zero-Shot,suites_failed_increase,1,0,169,168,0,1,0,1,0,0,0,1,0
7246,Unknown Test,Gemini 2.5 Pro,Zero-Shot,suites_failed_increase,1,0,169,168,0,1,0,1,0,0,0,1,0
7247,Unknown Test,Gemini 2.5 Pro,Zero-Shot,suites_failed_increase,1,0,169,168,0,1,0,1,0,0,0,1,0
7248,Unknown Test,Gemini 2.5 Pro,Zero-Shot,none,0,0,169,168,0,1,0,0,169,168,0,1,0
7249,Unknown Test,Gemini 2.5 Pro,Zero-Shot,none,0,0,169,168,0,1,0,0,169,168,0,1,0
7250,Unknown Test,Gemini 2.5 Pro,Zero-Shot,suites_failed_increase,1,0,169,168,0,1,0,1,0,0,0,1,0
7251,Unknown Test,Gemini 2.5 Pro,Zero-Shot,none,0,1,159,157,2,0,0,1,159,156,3,0,0
7252,Unknown Test,Gemini 2.5 Pro,Zero-Shot,none,0,0,47,47,0,0,0,0,47,47,0,0,0
7253,Unknown Test,Gemini 2.5 Pro,Zero-Shot,none,0,0,47,47,0,0,0,0,47,47,0,0,0
7254,AnonymousTest,Gemini 2.5 Pro,Zero-Shot,none,0,0,645,634,0,11,0,0,647,636,0,11,0
7255,Duplicate Assert,Gemini 2.5 Pro,Zero-Shot,none,0,0,462,455,0,7,0,0,462,455,0,7,0
7256,OvercommentedTest,Gemini 2.5 Pro,Zero-Shot,none,0,0,525,517,0,8,0,0,525,517,0,8,0
7257,OvercommentedTest,Gemini 2.5 Pro,Zero-Shot,none,0,0,76,73,0,3,0,0,76,73,0,3,0
7258,VerboseStatement,Gemini 2.5 Pro,Zero-Shot,none,0,0,254,243,0,11,0,0,254,243,0,11,0
7259,VerboseStatement,Gemini 2.5 Pro,Zero-Shot,none,0,0,1196,1196,0,0,0,0,1196,1196,0,0,0
7260,Sleepy Test,Gemini 2.5 Pro,Zero-Shot,suites_failed_increase,1,1,235,231,1,0,3,2,235,230,2,0,3
7261,ConditionalTestLogic,Gemini 2.5 Pro,Zero-Shot,none,0,0,1694,1694,0,0,0,0,1695,1695,0,0,0
7262,ConditionalTestLogic,Gemini 2.5 Pro,Zero-Shot,none,0,0,1694,1694,0,0,0,0,1694,1694,0,0,0
7263,ConditionalTestLogic,Gemini 2.5 Pro,Zero-Shot,none,0,0,1694,1694,0,0,0,0,1696,1696,0,0,0
7264,ConditionalTestLogic,Gemini 2.5 Pro,Zero-Shot,none,0,0,1694,1694,0,0,0,0,1695,1695,0,0,0
7265,ConditionalTestLogic,Gemini 2.5 Pro,Zero-Shot,none,0,0,1694,1694,0,0,0,0,1695,1695,0,0,0
7266,ConditionalTestLogic,Gemini 2.5 Pro,Zero-Shot,none,0,0,1694,1694,0,0,0,0,1695,1695,0,0,0
7267,ConditionalTestLogic,Gemini 2.5 Pro,Zero-Shot,suites_failed_increase,1,0,525,517,0,8,0,1,0,0,0,8,0
7268,Exception Handling,Gemini 2.5 Pro,Zero-Shot,none,0,0,525,517,0,8,0,0,525,517,0,8,0
7269,Exception Handling,Gemini 2.5 Pro,Zero-Shot,none,0,0,44,44,0,0,0,0,44,44,0,0,0
7270,Sleepy Test,Gemini 2.5 Pro,Zero-Shot,suites_failed_increase,1,1,235,231,1,0,3,2,235,228,4,0,3
7271,OvercommentedTest,Gemini 2.5 Pro,Zero-Shot,none,0,0,1694,1694,0,0,0,0,1694,1694,0,0,0
7272,OvercommentedTest,Gemini 2.5 Pro,Zero-Shot,none,0,0,1694,1694,0,0,0,0,1694,1694,0,0,0
7273,OvercommentedTest,Gemini 2.5 Pro,Zero-Shot,none,0,0,1694,1694,0,0,0,0,1694,1694,0,0,0
7274,VerboseStatement,Gemini 2.5 Pro,Zero-Shot,none,0,0,1694,1694,0,0,0,0,1694,1694,0,0,0
7275,Unknown Test,Gemini 2.5 Pro,Zero-Shot,none,0,0,645,634,0,11,0,0,645,633,0,11,1
7276,VerboseStatement,Gemini 2.5 Pro,Zero-Shot,none,0,0,3010,3010,0,0,0,0,3010,3010,0,0,0
7277,Duplicate Assert,Gemini 2.5 Pro,Few-Shot,none,0,0,462,455,0,7,0,0,462,455,0,7,0
7278,Duplicate Assert,Gemini 2.5 Pro,Few-Shot,none,0,0,462,455,0,7,0,0,462,455,0,7,0
7279,Duplicate Assert,Gemini 2.5 Pro,Few-Shot,none,0,0,462,455,0,7,0,0,462,455,0,7,0
7280,Duplicate Assert,Gemini 2.5 Pro,Few-Shot,none,0,0,462,455,0,7,0,0,462,455,0,7,0
7281,Duplicate Assert,Gemini 2.5 Pro,Few-Shot,none,0,0,462,455,0,7,0,0,462,455,0,7,0
7282,Duplicate Assert,Gemini 2.5 Pro,Few-Shot,none,0,0,242,242,0,0,0,0,244,244,0,0,0
7283,Duplicate Assert,Gemini 2.5 Pro,Few-Shot,none,0,1,159,157,2,0,0,1,159,157,2,0,0
7284,Duplicate Assert,Gemini 2.5 Pro,Few-Shot,none,0,0,3010,3010,0,0,0,0,3010,3010,0,0,0
7285,Duplicate Assert,Gemini 2.5 Pro,Few-Shot,none,0,0,3010,3010,0,0,0,0,3010,3010,0,0,0
7286,Duplicate Assert,Gemini 2.5 Pro,Few-Shot,none,0,0,3010,3010,0,0,0,0,3010,3010,0,0,0
7287,Duplicate Assert,Gemini 2.5 Pro,Few-Shot,none,0,0,3010,3010,0,0,0,0,3010,3010,0,0,0
7288,Duplicate Assert,Gemini 2.5 Pro,Few-Shot,none,0,0,3010,3010,0,0,0,0,3010,3010,0,0,0
7289,Duplicate Assert,Gemini 2.5 Pro,Few-Shot,none,0,0,3010,3010,0,0,0,0,3010,3010,0,0,0
7290,Duplicate Assert,Gemini 2.5 Pro,Few-Shot,none,0,0,562,562,0,0,0,0,562,562,0,0,0
7291,Duplicate Assert,Gemini 2.5 Pro,Few-Shot,none,0,0,562,562,0,0,0,0,563,563,0,0,0
7292,Magic Number,Gemini 2.5 Pro,Few-Shot,none,0,0,60,60,0,0,0,0,60,60,0,0,0
7293,Magic Number,Gemini 2.5 Pro,Few-Shot,none,0,1,235,231,1,0,3,1,235,231,1,0,3
7294,Magic Number,Gemini 2.5 Pro,Few-Shot,none,0,1,235,231,1,0,3,1,235,231,1,0,3
7295,Magic Number,Gemini 2.5 Pro,Few-Shot,none,0,1,235,231,1,0,3,1,235,231,1,0,3
7296,Magic Number,Gemini 2.5 Pro,Few-Shot,none,0,0,525,517,0,8,0,0,525,517,0,8,0
7297,Magic Number,Gemini 2.5 Pro,Few-Shot,none,0,0,525,517,0,8,0,0,525,517,0,8,0
7298,Magic Number,Gemini 2.5 Pro,Few-Shot,none,0,0,1196,1196,0,0,0,0,1196,1196,0,0,0
7299,Magic Number,Gemini 2.5 Pro,Few-Shot,none,0,0,1196,1196,0,0,0,0,1196,1196,0,0,0
7300,Magic Number,Gemini 2.5 Pro,Few-Shot,none,0,0,169,168,0,1,0,0,169,168,0,1,0
7301,Magic Number,Gemini 2.5 Pro,Few-Shot,none,0,0,169,168,0,1,0,0,169,168,0,1,0
7302,Magic Number,Gemini 2.5 Pro,Few-Shot,none,0,0,169,168,0,1,0,0,169,168,0,1,0
7303,Magic Number,Gemini 2.5 Pro,Few-Shot,none,0,0,169,168,0,1,0,0,169,168,0,1,0
7304,Magic Number,Gemini 2.5 Pro,Few-Shot,none,0,0,169,168,0,1,0,0,169,168,0,1,0
7305,Magic Number,Gemini 2.5 Pro,Few-Shot,none,0,0,169,168,0,1,0,0,169,168,0,1,0
7306,Magic Number,Gemini 2.5 Pro,Few-Shot,none,0,0,169,168,0,1,0,0,169,168,0,1,0
7307,Magic Number,Gemini 2.5 Pro,Few-Shot,none,0,0,169,168,0,1,0,0,169,168,0,1,0
7308,Magic Number,Gemini 2.5 Pro,Few-Shot,none,0,0,169,168,0,1,0,0,169,168,0,1,0
7309,SubOptimalAssert,Gemini 2.5 Pro,Few-Shot,none,0,0,60,60,0,0,0,0,60,60,0,0,0
7310,SubOptimalAssert,Gemini 2.5 Pro,Few-Shot,suites_failed_increase,1,0,525,517,0,8,0,1,0,0,0,8,0
7311,SubOptimalAssert,Gemini 2.5 Pro,Few-Shot,none,0,0,525,517,0,8,0,0,525,517,0,8,0
7312,SubOptimalAssert,Gemini 2.5 Pro,Few-Shot,none,0,0,1196,1196,0,0,0,0,1196,1196,0,0,0
7313,SubOptimalAssert,Gemini 2.5 Pro,Few-Shot,none,0,0,1196,1196,0,0,0,0,1196,1196,0,0,0
7314,SubOptimalAssert,Gemini 2.5 Pro,Few-Shot,none,0,0,1196,1196,0,0,0,0,1196,1196,0,0,0
7315,SubOptimalAssert,Gemini 2.5 Pro,Few-Shot,none,0,0,1196,1196,0,0,0,0,1196,1196,0,0,0
7316,SubOptimalAssert,Gemini 2.5 Pro,Few-Shot,none,0,0,1196,1196,0,0,0,0,1200,1200,0,0,0
7317,SubOptimalAssert,Gemini 2.5 Pro,Few-Shot,none,0,0,562,562,0,0,0,0,563,563,0,0,0
7318,SubOptimalAssert,Gemini 2.5 Pro,Few-Shot,none,0,0,3010,3010,0,0,0,0,3010,3010,0,0,0
7319,SubOptimalAssert,Gemini 2.5 Pro,Few-Shot,none,0,0,462,455,0,7,0,0,462,455,0,7,0
7320,SubOptimalAssert,Gemini 2.5 Pro,Few-Shot,none,0,0,47,47,0,0,0,0,47,47,0,0,0
7321,SubOptimalAssert,Gemini 2.5 Pro,Few-Shot,none,0,0,47,47,0,0,0,0,47,47,0,0,0
7322,SubOptimalAssert,Gemini 2.5 Pro,Few-Shot,none,0,0,47,47,0,0,0,0,14,13,1,0,0
7323,SubOptimalAssert,Gemini 2.5 Pro,Few-Shot,none,0,0,3010,3010,0,0,0,0,3011,3011,0,0,0
7324,OvercommentedTest,Gemini 2.5 Pro,Few-Shot,none,0,1,235,231,1,0,3,1,235,231,1,0,3
7325,OvercommentedTest,Gemini 2.5 Pro,Few-Shot,none,0,1,235,231,1,0,3,1,235,231,1,0,3
7326,OvercommentedTest,Gemini 2.5 Pro,Few-Shot,none,0,1,235,231,1,0,3,1,235,231,1,0,3
7327,OvercommentedTest,Gemini 2.5 Pro,Few-Shot,none,0,1,235,231,1,0,3,1,235,231,1,0,3
7328,OvercommentedTest,Gemini 2.5 Pro,Few-Shot,none,0,0,525,517,0,8,0,0,526,518,0,8,0
7329,OvercommentedTest,Gemini 2.5 Pro,Few-Shot,none,0,0,525,517,0,8,0,0,525,517,0,8,0
7330,OvercommentedTest,Gemini 2.5 Pro,Few-Shot,suites_failed_increase,1,0,525,517,0,8,0,1,0,0,0,8,0
7331,OvercommentedTest,Gemini 2.5 Pro,Few-Shot,none,0,0,525,517,0,8,0,0,525,517,0,8,0
7332,OvercommentedTest,Gemini 2.5 Pro,Few-Shot,none,0,0,525,517,0,8,0,0,525,517,0,8,0
7333,OvercommentedTest,Gemini 2.5 Pro,Few-Shot,none,0,0,525,517,0,8,0,0,525,517,0,8,0
7334,OvercommentedTest,Gemini 2.5 Pro,Few-Shot,none,0,0,645,634,0,11,0,0,645,634,0,11,0
7335,OvercommentedTest,Gemini 2.5 Pro,Few-Shot,none,0,0,562,562,0,0,0,0,562,562,0,0,0
7336,OvercommentedTest,Gemini 2.5 Pro,Few-Shot,none,0,0,645,634,0,11,0,0,645,634,0,11,0
7337,OvercommentedTest,Gemini 2.5 Pro,Few-Shot,none,0,0,76,73,0,3,0,0,76,73,0,3,0
7338,OvercommentedTest,Gemini 2.5 Pro,Few-Shot,none,0,0,645,634,0,11,0,0,645,634,0,11,0
7339,AnonymousTest,Gemini 2.5 Pro,Few-Shot,none,0,0,1694,1694,0,0,0,0,1694,1694,0,0,0
7340,AnonymousTest,Gemini 2.5 Pro,Few-Shot,none,0,0,1694,1694,0,0,0,0,1694,1694,0,0,0
7341,AnonymousTest,Gemini 2.5 Pro,Few-Shot,none,0,0,1694,1694,0,0,0,0,1697,1697,0,0,0
7342,AnonymousTest,Gemini 2.5 Pro,Few-Shot,none,0,0,1694,1694,0,0,0,0,1694,1694,0,0,0
7343,AnonymousTest,Gemini 2.5 Pro,Few-Shot,none,0,0,1694,1694,0,0,0,0,1699,1699,0,0,0
7344,AnonymousTest,Gemini 2.5 Pro,Few-Shot,none,0,0,462,455,0,7,0,0,462,455,0,7,0
7345,AnonymousTest,Gemini 2.5 Pro,Few-Shot,none,0,0,462,455,0,7,0,0,462,455,0,7,0
7346,AnonymousTest,Gemini 2.5 Pro,Few-Shot,none,0,0,76,73,0,3,0,0,76,73,0,3,0
7347,AnonymousTest,Gemini 2.5 Pro,Few-Shot,none,0,0,1694,1694,0,0,0,0,1697,1697,0,0,0
7348,AnonymousTest,Gemini 2.5 Pro,Few-Shot,none,0,0,1694,1694,0,0,0,0,1695,1695,0,0,0
7349,AnonymousTest,Gemini 2.5 Pro,Few-Shot,none,0,0,1196,1196,0,0,0,0,1197,1197,0,0,0
7350,AnonymousTest,Gemini 2.5 Pro,Few-Shot,none,0,0,169,168,0,1,0,0,169,168,0,1,0
7351,AnonymousTest,Gemini 2.5 Pro,Few-Shot,none,0,0,1196,1196,0,0,0,0,1200,1200,0,0,0
7352,AnonymousTest,Gemini 2.5 Pro,Few-Shot,none,0,0,169,168,0,1,0,0,169,168,0,1,0
7353,VerboseStatement,Gemini 2.5 Pro,Few-Shot,none,0,1,235,231,1,0,3,1,235,231,1,0,3
7354,VerboseStatement,Gemini 2.5 Pro,Few-Shot,none,0,0,254,243,0,11,0,0,278,267,0,11,0
7355,VerboseStatement,Gemini 2.5 Pro,Few-Shot,none,0,0,254,243,0,11,0,0,254,243,0,11,0
7356,VerboseStatement,Gemini 2.5 Pro,Few-Shot,none,0,0,150,149,0,1,0,0,152,151,0,1,0
7357,VerboseStatement,Gemini 2.5 Pro,Few-Shot,none,0,0,150,149,0,1,0,0,150,149,0,1,0
7358,VerboseStatement,Gemini 2.5 Pro,Few-Shot,none,0,0,525,517,0,8,0,0,525,517,0,8,0
7359,VerboseStatement,Gemini 2.5 Pro,Few-Shot,none,0,0,525,517,0,8,0,0,525,517,0,8,0
7360,VerboseStatement,Gemini 2.5 Pro,Few-Shot,none,0,0,645,634,0,11,0,0,645,634,0,11,0
7361,VerboseStatement,Gemini 2.5 Pro,Few-Shot,none,0,0,645,634,0,11,0,0,645,634,0,11,0
7362,VerboseStatement,Gemini 2.5 Pro,Few-Shot,none,0,0,645,634,0,11,0,0,645,634,0,11,0
7363,VerboseStatement,Gemini 2.5 Pro,Few-Shot,none,0,0,1196,1196,0,0,0,0,1196,1196,0,0,0
7364,VerboseStatement,Gemini 2.5 Pro,Few-Shot,none,0,0,1196,1196,0,0,0,0,1215,1215,0,0,0
7365,VerboseStatement,Gemini 2.5 Pro,Few-Shot,none,0,0,1196,1196,0,0,0,0,1196,1196,0,0,0
7366,VerboseStatement,Gemini 2.5 Pro,Few-Shot,none,0,0,562,562,0,0,0,0,569,569,0,0,0
7367,VerboseStatement,Gemini 2.5 Pro,Few-Shot,none,0,0,3010,3010,0,0,0,0,3010,3010,0,0,0
7368,Sleepy Test,Gemini 2.5 Pro,Few-Shot,none,0,1,235,231,1,0,3,1,235,231,1,0,3
7369,Sleepy Test,Gemini 2.5 Pro,Few-Shot,suites_failed_increase,1,1,235,231,1,0,3,2,235,229,3,0,3
7370,Sleepy Test,Gemini 2.5 Pro,Few-Shot,suites_failed_increase,1,1,235,231,1,0,3,2,235,230,2,0,3
7371,Sleepy Test,Gemini 2.5 Pro,Few-Shot,none,0,1,235,231,1,0,3,1,235,231,1,0,3
7372,Sleepy Test,Gemini 2.5 Pro,Few-Shot,none,0,1,235,231,1,0,3,1,235,231,1,0,3
7373,Sleepy Test,Gemini 2.5 Pro,Few-Shot,none,0,0,645,634,0,11,0,0,645,634,0,11,0
7374,Sleepy Test,Gemini 2.5 Pro,Few-Shot,none,0,0,645,634,0,11,0,0,645,634,0,11,0
7375,Sleepy Test,Gemini 2.5 Pro,Few-Shot,none,0,0,645,634,0,11,0,0,645,633,0,11,1
7376,Sleepy Test,Gemini 2.5 Pro,Few-Shot,none,0,0,645,634,0,11,0,0,645,634,0,11,0
7377,Sleepy Test,Gemini 2.5 Pro,Few-Shot,none,0,0,645,634,0,11,0,0,645,634,0,11,0
7378,Sleepy Test,Gemini 2.5 Pro,Few-Shot,none,0,0,645,634,0,11,0,0,645,634,0,11,0
7379,Sleepy Test,Gemini 2.5 Pro,Few-Shot,none,0,0,169,168,0,1,0,0,169,168,0,1,0
7380,Sleepy Test,Gemini 2.5 Pro,Few-Shot,none,0,0,3010,3010,0,0,0,0,3010,3010,0,0,0
7381,Sleepy Test,Gemini 2.5 Pro,Few-Shot,none,0,0,47,47,0,0,0,0,47,47,0,0,0
7382,Sleepy Test,Gemini 2.5 Pro,Few-Shot,none,0,0,47,47,0,0,0,0,47,47,0,0,0
7383,ConditionalTestLogic,Gemini 2.5 Pro,Few-Shot,none,0,0,1694,1694,0,0,0,0,1694,1694,0,0,0
7384,ConditionalTestLogic,Gemini 2.5 Pro,Few-Shot,none,0,0,1694,1694,0,0,0,0,1694,1694,0,0,0
7385,ConditionalTestLogic,Gemini 2.5 Pro,Few-Shot,none,0,0,1694,1694,0,0,0,0,1694,1694,0,0,0
7386,ConditionalTestLogic,Gemini 2.5 Pro,Few-Shot,none,0,0,1694,1694,0,0,0,0,1694,1694,0,0,0
7387,ConditionalTestLogic,Gemini 2.5 Pro,Few-Shot,none,0,0,1694,1694,0,0,0,0,1695,1695,0,0,0
7388,ConditionalTestLogic,Gemini 2.5 Pro,Few-Shot,none,0,0,1694,1694,0,0,0,0,1695,1695,0,0,0
7389,ConditionalTestLogic,Gemini 2.5 Pro,Few-Shot,suites_failed_increase,1,0,1694,1694,0,0,0,1,1694,1693,1,0,0
7390,ConditionalTestLogic,Gemini 2.5 Pro,Few-Shot,none,0,0,1694,1694,0,0,0,0,1696,1695,0,1,0
7391,ConditionalTestLogic,Gemini 2.5 Pro,Few-Shot,none,0,0,1694,1694,0,0,0,0,1695,1695,0,0,0
7392,ConditionalTestLogic,Gemini 2.5 Pro,Few-Shot,none,0,0,481,478,0,3,0,0,481,478,0,3,0
7393,ConditionalTestLogic,Gemini 2.5 Pro,Few-Shot,none,0,1,235,231,1,0,3,1,235,231,1,0,3
7394,ConditionalTestLogic,Gemini 2.5 Pro,Few-Shot,none,0,0,525,517,0,8,0,0,525,517,0,8,0
7395,ConditionalTestLogic,Gemini 2.5 Pro,Few-Shot,none,0,0,525,517,0,8,0,0,525,517,0,8,0
7396,ConditionalTestLogic,Gemini 2.5 Pro,Few-Shot,suites_failed_increase,1,0,525,517,0,8,0,1,0,0,0,8,0
7397,ConditionalTestLogic,Gemini 2.5 Pro,Few-Shot,none,0,0,525,517,0,8,0,0,525,517,0,8,0
7398,ConditionalTestLogic,Gemini 2.5 Pro,Few-Shot,none,0,0,525,517,0,8,0,0,525,517,0,8,0
7399,ConditionalTestLogic,Gemini 2.5 Pro,Few-Shot,suites_failed_increase,1,0,525,517,0,8,0,1,0,0,0,8,0
7400,ConditionalTestLogic,Gemini 2.5 Pro,Few-Shot,suites_failed_increase,1,0,525,517,0,8,0,1,0,0,0,8,0
7401,ConditionalTestLogic,Gemini 2.5 Pro,Few-Shot,none,0,0,645,634,0,11,0,0,645,634,0,11,0
7402,ConditionalTestLogic,Gemini 2.5 Pro,Few-Shot,none,0,0,1196,1196,0,0,0,0,1205,1205,0,0,0
7403,Exception Handling,Gemini 2.5 Pro,Few-Shot,none,0,0,1367,1367,0,0,0,0,1367,1367,0,0,0
7404,Exception Handling,Gemini 2.5 Pro,Few-Shot,none,0,0,1367,1367,0,0,0,0,1367,1367,0,0,0
7405,Exception Handling,Gemini 2.5 Pro,Few-Shot,none,0,0,1694,1694,0,0,0,0,1694,1694,0,0,0
7406,Exception Handling,Gemini 2.5 Pro,Few-Shot,none,0,0,1694,1694,0,0,0,0,1694,1694,0,0,0
7407,Exception Handling,Gemini 2.5 Pro,Few-Shot,none,0,0,462,455,0,7,0,0,462,455,0,7,0
7408,Exception Handling,Gemini 2.5 Pro,Few-Shot,none,0,0,242,242,0,0,0,0,242,242,0,0,0
7409,Exception Handling,Gemini 2.5 Pro,Few-Shot,none,0,0,208,207,0,1,0,0,175,174,1,0,0
7410,Exception Handling,Gemini 2.5 Pro,Few-Shot,none,0,0,525,517,0,8,0,0,525,517,0,8,0
7411,Exception Handling,Gemini 2.5 Pro,Few-Shot,none,0,0,525,517,0,8,0,0,525,517,0,8,0
7412,Exception Handling,Gemini 2.5 Pro,Few-Shot,none,0,0,525,517,0,8,0,0,525,517,0,8,0
7413,Exception Handling,Gemini 2.5 Pro,Few-Shot,none,0,0,44,44,0,0,0,0,44,44,0,0,0
7414,Exception Handling,Gemini 2.5 Pro,Few-Shot,none,0,0,1694,1694,0,0,0,0,1694,1694,0,0,0
7415,Exception Handling,Gemini 2.5 Pro,Few-Shot,suites_failed_increase,1,0,1367,1367,0,0,0,1,1367,1366,1,0,0
7416,Exception Handling,Gemini 2.5 Pro,Few-Shot,suites_failed_increase,1,0,1367,1367,0,0,0,1,1367,1366,1,0,0
7417,Exception Handling,Gemini 2.5 Pro,Few-Shot,suites_failed_increase,1,0,1367,1367,0,0,0,1,1367,1366,1,0,0
7418,Exception Handling,Gemini 2.5 Pro,Few-Shot,none,0,0,1367,1367,0,0,0,0,1367,1367,0,0,0
7419,Exception Handling,Gemini 2.5 Pro,Few-Shot,none,0,0,1367,1367,0,0,0,0,1367,1367,0,0,0
7420,Exception Handling,Gemini 2.5 Pro,Few-Shot,suites_failed_increase,1,0,1367,1367,0,0,0,1,1367,1366,1,0,0
7421,Exception Handling,Gemini 2.5 Pro,Few-Shot,suites_failed_increase,1,0,1367,1367,0,0,0,1,1367,1366,1,0,0
7422,Exception Handling,Gemini 2.5 Pro,Few-Shot,none,0,0,462,455,0,7,0,0,462,455,0,7,0
7423,Duplicate Assert,Gemini 2.5 Pro,Few-Shot,none,0,0,1367,1367,0,0,0,0,1367,1367,0,0,0
7424,Duplicate Assert,Gemini 2.5 Pro,Few-Shot,none,0,0,1367,1367,0,0,0,0,1367,1367,0,0,0
7425,Duplicate Assert,Gemini 2.5 Pro,Few-Shot,none,0,0,1367,1367,0,0,0,0,1368,1368,0,0,0
7426,Duplicate Assert,Gemini 2.5 Pro,Few-Shot,none,0,0,1367,1367,0,0,0,0,1367,1367,0,0,0
7427,Duplicate Assert,Gemini 2.5 Pro,Few-Shot,none,0,0,3010,3010,0,0,0,0,3010,3010,0,0,0
7428,Magic Number,Gemini 2.5 Pro,Few-Shot,none,0,0,1367,1367,0,0,0,0,1367,1367,0,0,0
7429,Magic Number,Gemini 2.5 Pro,Few-Shot,none,0,0,242,242,0,0,0,0,247,247,0,0,0
7430,Magic Number,Gemini 2.5 Pro,Few-Shot,none,0,0,208,207,0,1,0,0,208,207,0,1,0
7431,Sleepy Test,Gemini 2.5 Pro,Few-Shot,none,0,1,235,231,1,0,3,1,235,230,2,0,3
7432,Sleepy Test,Gemini 2.5 Pro,Few-Shot,suites_failed_increase,1,1,235,231,1,0,3,2,235,230,2,0,3
7433,Sleepy Test,Gemini 2.5 Pro,Few-Shot,none,0,1,235,231,1,0,3,1,235,231,1,0,3
7434,Sleepy Test,Gemini 2.5 Pro,Few-Shot,none,0,1,235,231,1,0,3,1,235,231,1,0,3
7435,Sleepy Test,Gemini 2.5 Pro,Few-Shot,none,0,1,235,231,1,0,3,1,235,231,1,0,3
7436,SubOptimalAssert,Gemini 2.5 Pro,Few-Shot,none,0,0,1367,1367,0,0,0,0,1367,1367,0,0,0
7437,SubOptimalAssert,Gemini 2.5 Pro,Few-Shot,none,0,0,1367,1367,0,0,0,0,1367,1367,0,0,0
7438,SubOptimalAssert,Gemini 2.5 Pro,Few-Shot,none,0,0,1367,1367,0,0,0,0,1367,1367,0,0,0
7439,SubOptimalAssert,Gemini 2.5 Pro,Few-Shot,none,0,0,1694,1694,0,0,0,0,1694,1694,0,0,0
7440,SubOptimalAssert,Gemini 2.5 Pro,Few-Shot,none,0,0,1196,1196,0,0,0,0,1196,1196,0,0,0
7441,OvercommentedTest,Gemini 2.5 Pro,Few-Shot,none,0,0,1694,1694,0,0,0,0,1694,1694,0,0,0
7442,OvercommentedTest,Gemini 2.5 Pro,Few-Shot,none,0,0,1694,1694,0,0,0,0,1694,1694,0,0,0
7443,OvercommentedTest,Gemini 2.5 Pro,Few-Shot,none,0,0,1694,1694,0,0,0,0,1697,1697,0,0,0
7444,OvercommentedTest,Gemini 2.5 Pro,Few-Shot,none,0,0,1694,1694,0,0,0,0,1694,1694,0,0,0
7445,OvercommentedTest,Gemini 2.5 Pro,Few-Shot,none,0,0,1694,1694,0,0,0,0,1694,1694,0,0,0
7446,AnonymousTest,Gemini 2.5 Pro,Few-Shot,none,0,0,1367,1367,0,0,0,0,1367,1367,0,0,0
7447,AnonymousTest,Gemini 2.5 Pro,Few-Shot,none,0,0,1367,1367,0,0,0,0,1367,1367,0,0,0
7448,AnonymousTest,Gemini 2.5 Pro,Few-Shot,none,0,0,202,202,0,0,0,0,202,202,0,0,0
7449,AnonymousTest,Gemini 2.5 Pro,Few-Shot,none,0,0,202,202,0,0,0,0,202,202,0,0,0
7450,AnonymousTest,Gemini 2.5 Pro,Few-Shot,none,0,0,202,202,0,0,0,0,202,202,0,0,0
7451,VerboseStatement,Gemini 2.5 Pro,Few-Shot,none,0,0,1694,1694,0,0,0,0,1694,1694,0,0,0
7452,VerboseStatement,Gemini 2.5 Pro,Few-Shot,none,0,0,1694,1694,0,0,0,0,1694,1694,0,0,0
7453,VerboseStatement,Gemini 2.5 Pro,Few-Shot,none,0,0,1694,1694,0,0,0,0,1694,1694,0,0,0
7454,VerboseStatement,Gemini 2.5 Pro,Few-Shot,none,0,0,1694,1694,0,0,0,0,1694,1694,0,0,0
7455,Unknown Test,Gemini 2.5 Pro,Few-Shot,none,0,1,235,231,1,0,3,1,235,231,1,0,3
7456,Unknown Test,Gemini 2.5 Pro,Few-Shot,none,0,0,525,517,0,8,0,0,525,517,0,8,0
7457,Unknown Test,Gemini 2.5 Pro,Few-Shot,none,0,0,645,634,0,11,0,0,645,633,0,11,1
7458,Unknown Test,Gemini 2.5 Pro,Few-Shot,none,0,0,645,634,0,11,0,0,645,633,0,11,1
7459,Unknown Test,Gemini 2.5 Pro,Few-Shot,none,0,0,645,634,0,11,0,0,645,633,0,11,1
7460,Unknown Test,Gemini 2.5 Pro,Few-Shot,none,0,0,645,634,0,11,0,0,645,633,0,11,1
7461,Unknown Test,Gemini 2.5 Pro,Few-Shot,none,0,0,645,634,0,11,0,0,645,633,0,11,1
7462,Unknown Test,Gemini 2.5 Pro,Few-Shot,none,0,0,645,634,0,11,0,0,645,633,0,11,1
7463,Unknown Test,Gemini 2.5 Pro,Few-Shot,none,0,0,645,634,0,11,0,0,645,633,0,11,1
7464,Unknown Test,Gemini 2.5 Pro,Few-Shot,none,0,0,645,634,0,11,0,0,645,633,0,11,1
7465,Unknown Test,Gemini 2.5 Pro,Few-Shot,suites_failed_increase,1,0,169,168,0,1,0,1,0,0,0,1,0
7466,Unknown Test,Gemini 2.5 Pro,Few-Shot,suites_failed_increase,1,0,169,168,0,1,0,1,0,0,0,1,0
7467,Unknown Test,Gemini 2.5 Pro,Few-Shot,suites_failed_increase,1,0,169,168,0,1,0,1,0,0,0,1,0
7468,Unknown Test,Gemini 2.5 Pro,Few-Shot,none,0,0,169,168,0,1,0,0,169,168,0,1,0
7469,Unknown Test,Gemini 2.5 Pro,Few-Shot,none,0,0,169,168,0,1,0,0,169,168,0,1,0
7470,Unknown Test,Gemini 2.5 Pro,Few-Shot,none,0,0,169,168,0,1,0,0,169,168,0,1,0
7471,Unknown Test,Gemini 2.5 Pro,Few-Shot,suites_failed_increase,1,0,169,168,0,1,0,1,0,0,0,1,0
7472,Unknown Test,Gemini 2.5 Pro,Few-Shot,none,0,1,159,157,2,0,0,1,159,157,2,0,0
7473,Unknown Test,Gemini 2.5 Pro,Few-Shot,none,0,0,47,47,0,0,0,0,47,47,0,0,0
7474,Unknown Test,Gemini 2.5 Pro,Few-Shot,suites_failed_increase,1,0,47,47,0,0,0,1,47,46,1,0,0
7475,AnonymousTest,Gemini 2.5 Pro,Few-Shot,none,0,0,645,634,0,11,0,0,647,636,0,11,0
7476,VerboseStatement,Gemini 2.5 Pro,Few-Shot,none,0,0,3010,3010,0,0,0,0,3010,3010,0,0,0
7477,Duplicate Assert,Gemini 2.5 Pro,Chain-of-Thought,none,0,0,462,455,0,7,0,0,462,455,0,7,0
7478,Duplicate Assert,Gemini 2.5 Pro,Chain-of-Thought,none,0,0,462,455,0,7,0,0,462,455,0,7,0
7479,Duplicate Assert,Gemini 2.5 Pro,Chain-of-Thought,none,0,0,462,455,0,7,0,0,462,455,0,7,0
7480,Duplicate Assert,Gemini 2.5 Pro,Chain-of-Thought,none,0,0,462,455,0,7,0,0,462,455,0,7,0
7481,Duplicate Assert,Gemini 2.5 Pro,Chain-of-Thought,none,0,0,462,455,0,7,0,0,462,455,0,7,0
7482,Duplicate Assert,Gemini 2.5 Pro,Chain-of-Thought,none,0,0,242,242,0,0,0,0,242,242,0,0,0
7483,Duplicate Assert,Gemini 2.5 Pro,Chain-of-Thought,none,0,1,159,157,2,0,0,1,159,157,2,0,0
7484,Duplicate Assert,Gemini 2.5 Pro,Chain-of-Thought,none,0,0,3010,3010,0,0,0,0,3010,3010,0,0,0
7485,Duplicate Assert,Gemini 2.5 Pro,Chain-of-Thought,none,0,0,3010,3010,0,0,0,0,3010,3010,0,0,0
7486,Duplicate Assert,Gemini 2.5 Pro,Chain-of-Thought,none,0,0,3010,3010,0,0,0,0,3010,3010,0,0,0
7487,Duplicate Assert,Gemini 2.5 Pro,Chain-of-Thought,none,0,0,3010,3010,0,0,0,0,3010,3010,0,0,0
7488,Duplicate Assert,Gemini 2.5 Pro,Chain-of-Thought,none,0,0,3010,3010,0,0,0,0,3010,3010,0,0,0
7489,Duplicate Assert,Gemini 2.5 Pro,Chain-of-Thought,none,0,0,3010,3010,0,0,0,0,3010,3010,0,0,0
7490,Duplicate Assert,Gemini 2.5 Pro,Chain-of-Thought,none,0,0,562,562,0,0,0,0,562,562,0,0,0
7491,Duplicate Assert,Gemini 2.5 Pro,Chain-of-Thought,none,0,0,562,562,0,0,0,0,562,562,0,0,0
7492,Magic Number,Gemini 2.5 Pro,Chain-of-Thought,none,0,0,60,60,0,0,0,0,60,60,0,0,0
7493,Magic Number,Gemini 2.5 Pro,Chain-of-Thought,none,0,1,235,231,1,0,3,1,235,231,1,0,3
7494,Magic Number,Gemini 2.5 Pro,Chain-of-Thought,none,0,1,235,231,1,0,3,1,235,231,1,0,3
7495,Magic Number,Gemini 2.5 Pro,Chain-of-Thought,none,0,1,235,231,1,0,3,1,235,231,1,0,3
7496,Magic Number,Gemini 2.5 Pro,Chain-of-Thought,none,0,0,525,517,0,8,0,0,525,517,0,8,0
7497,Magic Number,Gemini 2.5 Pro,Chain-of-Thought,none,0,0,525,517,0,8,0,0,525,517,0,8,0
7498,Magic Number,Gemini 2.5 Pro,Chain-of-Thought,none,0,0,1196,1196,0,0,0,0,1196,1196,0,0,0
7499,Magic Number,Gemini 2.5 Pro,Chain-of-Thought,none,0,0,1196,1196,0,0,0,0,1196,1196,0,0,0
7500,Magic Number,Gemini 2.5 Pro,Chain-of-Thought,suites_failed_increase,1,0,169,168,0,1,0,1,0,0,0,1,0
7501,Magic Number,Gemini 2.5 Pro,Chain-of-Thought,none,0,0,169,168,0,1,0,0,169,168,0,1,0
7502,Magic Number,Gemini 2.5 Pro,Chain-of-Thought,none,0,0,169,168,0,1,0,0,169,168,0,1,0
7503,Magic Number,Gemini 2.5 Pro,Chain-of-Thought,none,0,0,169,168,0,1,0,0,169,168,0,1,0
7504,Magic Number,Gemini 2.5 Pro,Chain-of-Thought,none,0,0,169,168,0,1,0,0,169,168,0,1,0
7505,Magic Number,Gemini 2.5 Pro,Chain-of-Thought,none,0,0,169,168,0,1,0,0,169,168,0,1,0
7506,Magic Number,Gemini 2.5 Pro,Chain-of-Thought,none,0,0,169,168,0,1,0,0,169,168,0,1,0
7507,Magic Number,Gemini 2.5 Pro,Chain-of-Thought,none,0,0,169,168,0,1,0,0,169,168,0,1,0
7508,Magic Number,Gemini 2.5 Pro,Chain-of-Thought,none,0,0,169,168,0,1,0,0,169,168,0,1,0
7509,SubOptimalAssert,Gemini 2.5 Pro,Chain-of-Thought,none,0,0,60,60,0,0,0,0,60,60,0,0,0
7510,SubOptimalAssert,Gemini 2.5 Pro,Chain-of-Thought,none,0,0,525,517,0,8,0,0,525,517,0,8,0
7511,SubOptimalAssert,Gemini 2.5 Pro,Chain-of-Thought,none,0,0,525,517,0,8,0,0,525,517,0,8,0
7512,SubOptimalAssert,Gemini 2.5 Pro,Chain-of-Thought,none,0,0,1196,1196,0,0,0,0,1196,1196,0,0,0
7513,SubOptimalAssert,Gemini 2.5 Pro,Chain-of-Thought,none,0,0,1196,1196,0,0,0,0,1196,1196,0,0,0
7514,SubOptimalAssert,Gemini 2.5 Pro,Chain-of-Thought,none,0,0,1196,1196,0,0,0,0,1196,1196,0,0,0
7515,SubOptimalAssert,Gemini 2.5 Pro,Chain-of-Thought,none,0,0,1196,1196,0,0,0,0,1196,1196,0,0,0
7516,SubOptimalAssert,Gemini 2.5 Pro,Chain-of-Thought,none,0,0,1196,1196,0,0,0,0,1200,1200,0,0,0
7517,SubOptimalAssert,Gemini 2.5 Pro,Chain-of-Thought,none,0,0,562,562,0,0,0,0,563,563,0,0,0
7518,SubOptimalAssert,Gemini 2.5 Pro,Chain-of-Thought,none,0,0,3010,3010,0,0,0,0,3010,3010,0,0,0
7519,SubOptimalAssert,Gemini 2.5 Pro,Chain-of-Thought,none,0,0,462,455,0,7,0,0,462,455,0,7,0
7520,SubOptimalAssert,Gemini 2.5 Pro,Chain-of-Thought,none,0,0,47,47,0,0,0,0,47,47,0,0,0
7521,SubOptimalAssert,Gemini 2.5 Pro,Chain-of-Thought,none,0,0,47,47,0,0,0,0,47,47,0,0,0
7522,SubOptimalAssert,Gemini 2.5 Pro,Chain-of-Thought,none,0,0,47,47,0,0,0,0,47,47,0,0,0
7523,SubOptimalAssert,Gemini 2.5 Pro,Chain-of-Thought,none,0,0,3010,3010,0,0,0,0,3011,3011,0,0,0
7524,OvercommentedTest,Gemini 2.5 Pro,Chain-of-Thought,none,0,1,235,231,1,0,3,1,235,230,2,0,3
7525,OvercommentedTest,Gemini 2.5 Pro,Chain-of-Thought,none,0,1,235,231,1,0,3,1,236,231,1,1,3
7526,OvercommentedTest,Gemini 2.5 Pro,Chain-of-Thought,none,0,1,235,231,1,0,3,1,235,231,1,0,3
7527,OvercommentedTest,Gemini 2.5 Pro,Chain-of-Thought,none,0,1,235,231,1,0,3,1,235,231,1,0,3
7528,OvercommentedTest,Gemini 2.5 Pro,Chain-of-Thought,none,0,0,525,517,0,8,0,0,526,518,0,8,0
7529,OvercommentedTest,Gemini 2.5 Pro,Chain-of-Thought,none,0,0,525,517,0,8,0,0,525,517,0,8,0
7530,OvercommentedTest,Gemini 2.5 Pro,Chain-of-Thought,none,0,0,525,517,0,8,0,0,525,517,0,8,0
7531,OvercommentedTest,Gemini 2.5 Pro,Chain-of-Thought,none,0,0,525,517,0,8,0,0,525,517,0,8,0
7532,OvercommentedTest,Gemini 2.5 Pro,Chain-of-Thought,none,0,0,525,517,0,8,0,0,525,517,0,8,0
7533,OvercommentedTest,Gemini 2.5 Pro,Chain-of-Thought,suites_failed_increase,1,0,525,517,0,8,0,1,0,0,0,8,0
7534,OvercommentedTest,Gemini 2.5 Pro,Chain-of-Thought,none,0,0,645,634,0,11,0,0,645,634,0,11,0
7535,OvercommentedTest,Gemini 2.5 Pro,Chain-of-Thought,none,0,0,562,562,0,0,0,0,562,562,0,0,0
7536,OvercommentedTest,Gemini 2.5 Pro,Chain-of-Thought,none,0,0,645,634,0,11,0,0,645,634,0,11,0
7537,OvercommentedTest,Gemini 2.5 Pro,Chain-of-Thought,none,0,0,76,73,0,3,0,0,76,73,0,3,0
7538,OvercommentedTest,Gemini 2.5 Pro,Chain-of-Thought,none,0,0,645,634,0,11,0,0,645,634,0,11,0
7539,AnonymousTest,Gemini 2.5 Pro,Chain-of-Thought,none,0,0,1694,1694,0,0,0,0,1694,1694,0,0,0
7540,AnonymousTest,Gemini 2.5 Pro,Chain-of-Thought,none,0,0,1694,1694,0,0,0,0,1694,1694,0,0,0
7541,AnonymousTest,Gemini 2.5 Pro,Chain-of-Thought,none,0,0,1694,1694,0,0,0,0,1699,1699,0,0,0
7542,AnonymousTest,Gemini 2.5 Pro,Chain-of-Thought,none,0,0,1694,1694,0,0,0,0,1694,1694,0,0,0
7543,AnonymousTest,Gemini 2.5 Pro,Chain-of-Thought,none,0,0,1694,1694,0,0,0,0,1695,1695,0,0,0
7544,AnonymousTest,Gemini 2.5 Pro,Chain-of-Thought,none,0,0,462,455,0,7,0,0,462,455,0,7,0
7545,AnonymousTest,Gemini 2.5 Pro,Chain-of-Thought,none,0,0,462,455,0,7,0,0,462,455,0,7,0
7546,AnonymousTest,Gemini 2.5 Pro,Chain-of-Thought,none,0,0,76,73,0,3,0,0,76,73,0,3,0
7547,AnonymousTest,Gemini 2.5 Pro,Chain-of-Thought,none,0,0,1694,1694,0,0,0,0,1697,1697,0,0,0
7548,AnonymousTest,Gemini 2.5 Pro,Chain-of-Thought,none,0,0,1694,1694,0,0,0,0,1695,1695,0,0,0
7549,AnonymousTest,Gemini 2.5 Pro,Chain-of-Thought,none,0,0,1196,1196,0,0,0,0,1197,1197,0,0,0
7550,AnonymousTest,Gemini 2.5 Pro,Chain-of-Thought,none,0,0,169,168,0,1,0,0,169,168,0,1,0
7551,AnonymousTest,Gemini 2.5 Pro,Chain-of-Thought,none,0,0,1196,1196,0,0,0,0,1200,1200,0,0,0
7552,AnonymousTest,Gemini 2.5 Pro,Chain-of-Thought,none,0,0,169,168,0,1,0,0,169,168,0,1,0
7553,VerboseStatement,Gemini 2.5 Pro,Chain-of-Thought,none,0,1,235,231,1,0,3,1,235,231,1,0,3
7554,VerboseStatement,Gemini 2.5 Pro,Chain-of-Thought,none,0,0,254,243,0,11,0,0,278,267,0,11,0
7555,VerboseStatement,Gemini 2.5 Pro,Chain-of-Thought,suites_failed_increase,1,0,254,243,0,11,0,1,0,0,0,11,0
7556,VerboseStatement,Gemini 2.5 Pro,Chain-of-Thought,none,0,0,150,149,0,1,0,0,152,151,0,1,0
7557,VerboseStatement,Gemini 2.5 Pro,Chain-of-Thought,none,0,0,150,149,0,1,0,0,150,149,0,1,0
7558,VerboseStatement,Gemini 2.5 Pro,Chain-of-Thought,none,0,0,525,517,0,8,0,0,525,517,0,8,0
7559,VerboseStatement,Gemini 2.5 Pro,Chain-of-Thought,none,0,0,525,517,0,8,0,0,525,517,0,8,0
7560,VerboseStatement,Gemini 2.5 Pro,Chain-of-Thought,none,0,0,645,634,0,11,0,0,645,634,0,11,0
7561,VerboseStatement,Gemini 2.5 Pro,Chain-of-Thought,none,0,0,645,634,0,11,0,0,645,634,0,11,0
7562,VerboseStatement,Gemini 2.5 Pro,Chain-of-Thought,none,0,0,645,634,0,11,0,0,645,634,0,11,0
7563,VerboseStatement,Gemini 2.5 Pro,Chain-of-Thought,none,0,0,1196,1196,0,0,0,0,1196,1196,0,0,0
7564,VerboseStatement,Gemini 2.5 Pro,Chain-of-Thought,none,0,0,1196,1196,0,0,0,0,1196,1196,0,0,0
7565,VerboseStatement,Gemini 2.5 Pro,Chain-of-Thought,none,0,0,1196,1196,0,0,0,0,1201,1201,0,0,0
7566,VerboseStatement,Gemini 2.5 Pro,Chain-of-Thought,none,0,0,562,562,0,0,0,0,569,569,0,0,0
7567,VerboseStatement,Gemini 2.5 Pro,Chain-of-Thought,none,0,0,3010,3010,0,0,0,0,3010,3010,0,0,0
7568,Sleepy Test,Gemini 2.5 Pro,Chain-of-Thought,suites_failed_increase,1,1,235,231,1,0,3,2,235,230,2,0,3
7569,Sleepy Test,Gemini 2.5 Pro,Chain-of-Thought,suites_failed_increase,1,1,235,231,1,0,3,2,235,230,2,0,3
7570,Sleepy Test,Gemini 2.5 Pro,Chain-of-Thought,suites_failed_increase,1,1,235,231,1,0,3,2,235,230,2,0,3
7571,Sleepy Test,Gemini 2.5 Pro,Chain-of-Thought,none,0,1,235,231,1,0,3,1,235,231,1,0,3
7572,Sleepy Test,Gemini 2.5 Pro,Chain-of-Thought,none,0,1,235,231,1,0,3,1,235,231,1,0,3
7573,Sleepy Test,Gemini 2.5 Pro,Chain-of-Thought,none,0,0,645,634,0,11,0,0,645,634,0,11,0
7574,Sleepy Test,Gemini 2.5 Pro,Chain-of-Thought,none,0,0,645,634,0,11,0,0,645,633,0,11,1
7575,Sleepy Test,Gemini 2.5 Pro,Chain-of-Thought,none,0,0,645,634,0,11,0,0,645,633,0,11,1
7576,Sleepy Test,Gemini 2.5 Pro,Chain-of-Thought,none,0,0,645,634,0,11,0,0,645,634,0,11,0
7577,Sleepy Test,Gemini 2.5 Pro,Chain-of-Thought,none,0,0,645,634,0,11,0,0,645,634,0,11,0
7578,Sleepy Test,Gemini 2.5 Pro,Chain-of-Thought,none,0,0,645,634,0,11,0,0,645,634,0,11,0
7579,Sleepy Test,Gemini 2.5 Pro,Chain-of-Thought,none,0,0,169,168,0,1,0,0,169,168,0,1,0
7580,Sleepy Test,Gemini 2.5 Pro,Chain-of-Thought,none,0,0,3010,3010,0,0,0,0,3010,3010,0,0,0
7581,Sleepy Test,Gemini 2.5 Pro,Chain-of-Thought,none,0,0,47,47,0,0,0,0,47,47,0,0,0
7582,Sleepy Test,Gemini 2.5 Pro,Chain-of-Thought,suites_failed_increase,1,0,47,47,0,0,0,1,47,45,2,0,0
7583,ConditionalTestLogic,Gemini 2.5 Pro,Chain-of-Thought,none,0,0,1694,1694,0,0,0,0,1695,1695,0,0,0
7584,ConditionalTestLogic,Gemini 2.5 Pro,Chain-of-Thought,none,0,0,1694,1694,0,0,0,0,1696,1696,0,0,0
7585,ConditionalTestLogic,Gemini 2.5 Pro,Chain-of-Thought,none,0,0,1694,1694,0,0,0,0,1696,1696,0,0,0
7586,ConditionalTestLogic,Gemini 2.5 Pro,Chain-of-Thought,suites_failed_increase,1,0,1694,1694,0,0,0,1,1689,1688,1,0,0
7587,ConditionalTestLogic,Gemini 2.5 Pro,Chain-of-Thought,suites_failed_increase,1,0,1694,1694,0,0,0,1,1695,1694,1,0,0
7588,ConditionalTestLogic,Gemini 2.5 Pro,Chain-of-Thought,none,0,0,1694,1694,0,0,0,0,1695,1695,0,0,0
7589,ConditionalTestLogic,Gemini 2.5 Pro,Chain-of-Thought,none,0,0,1694,1694,0,0,0,0,1695,1695,0,0,0
7590,ConditionalTestLogic,Gemini 2.5 Pro,Chain-of-Thought,none,0,0,1694,1694,0,0,0,0,1696,1696,0,0,0
7591,ConditionalTestLogic,Gemini 2.5 Pro,Chain-of-Thought,none,0,0,1694,1694,0,0,0,0,1695,1695,0,0,0
7592,ConditionalTestLogic,Gemini 2.5 Pro,Chain-of-Thought,suites_failed_increase,1,0,481,478,0,3,0,1,0,0,0,3,0
7593,ConditionalTestLogic,Gemini 2.5 Pro,Chain-of-Thought,none,0,1,235,231,1,0,3,1,236,232,1,0,3
7594,ConditionalTestLogic,Gemini 2.5 Pro,Chain-of-Thought,none,0,0,525,517,0,8,0,0,525,517,0,8,0
7595,ConditionalTestLogic,Gemini 2.5 Pro,Chain-of-Thought,none,0,0,525,517,0,8,0,0,525,517,0,8,0
7596,ConditionalTestLogic,Gemini 2.5 Pro,Chain-of-Thought,none,0,0,525,517,0,8,0,0,525,517,0,8,0
7597,ConditionalTestLogic,Gemini 2.5 Pro,Chain-of-Thought,none,0,0,525,517,0,8,0,0,525,517,0,8,0
7598,ConditionalTestLogic,Gemini 2.5 Pro,Chain-of-Thought,none,0,0,525,517,0,8,0,0,525,517,0,8,0
7599,ConditionalTestLogic,Gemini 2.5 Pro,Chain-of-Thought,none,0,0,525,517,0,8,0,0,525,517,0,8,0
7600,ConditionalTestLogic,Gemini 2.5 Pro,Chain-of-Thought,suites_failed_increase,1,0,525,517,0,8,0,1,0,0,0,8,0
7601,ConditionalTestLogic,Gemini 2.5 Pro,Chain-of-Thought,none,0,0,645,634,0,11,0,0,645,634,0,11,0
7602,ConditionalTestLogic,Gemini 2.5 Pro,Chain-of-Thought,none,0,0,1196,1196,0,0,0,0,1205,1205,0,0,0
7603,Exception Handling,Gemini 2.5 Pro,Chain-of-Thought,none,0,0,1367,1367,0,0,0,0,1367,1367,0,0,0
7604,Exception Handling,Gemini 2.5 Pro,Chain-of-Thought,none,0,0,1367,1367,0,0,0,0,1367,1367,0,0,0
7605,Exception Handling,Gemini 2.5 Pro,Chain-of-Thought,none,0,0,1694,1694,0,0,0,0,1694,1694,0,0,0
7606,Exception Handling,Gemini 2.5 Pro,Chain-of-Thought,none,0,0,1694,1694,0,0,0,0,1694,1694,0,0,0
7607,Exception Handling,Gemini 2.5 Pro,Chain-of-Thought,suites_failed_increase,1,0,462,455,0,7,0,1,0,0,0,7,0
7608,Exception Handling,Gemini 2.5 Pro,Chain-of-Thought,none,0,0,242,242,0,0,0,0,242,242,0,0,0
7609,Exception Handling,Gemini 2.5 Pro,Chain-of-Thought,none,0,0,208,207,0,1,0,0,173,172,1,0,0
7610,Exception Handling,Gemini 2.5 Pro,Chain-of-Thought,suites_failed_increase,1,0,525,517,0,8,0,1,0,0,0,8,0
7611,Exception Handling,Gemini 2.5 Pro,Chain-of-Thought,none,0,0,525,517,0,8,0,0,525,517,0,8,0
7612,Exception Handling,Gemini 2.5 Pro,Chain-of-Thought,none,0,0,525,517,0,8,0,0,525,517,0,8,0
7613,Exception Handling,Gemini 2.5 Pro,Chain-of-Thought,suites_failed_increase,1,0,44,44,0,0,0,1,44,43,1,0,0
7614,Exception Handling,Gemini 2.5 Pro,Chain-of-Thought,none,0,0,1694,1694,0,0,0,0,1694,1694,0,0,0
7615,Exception Handling,Gemini 2.5 Pro,Chain-of-Thought,none,0,0,1367,1367,0,0,0,0,1367,1367,0,0,0
7616,Exception Handling,Gemini 2.5 Pro,Chain-of-Thought,suites_failed_increase,1,0,1367,1367,0,0,0,1,1367,1366,1,0,0
7617,Exception Handling,Gemini 2.5 Pro,Chain-of-Thought,none,0,0,1367,1367,0,0,0,0,1367,1367,0,0,0
7618,Exception Handling,Gemini 2.5 Pro,Chain-of-Thought,none,0,0,1367,1367,0,0,0,0,1367,1367,0,0,0
7619,Exception Handling,Gemini 2.5 Pro,Chain-of-Thought,none,0,0,1367,1367,0,0,0,0,1367,1367,0,0,0
7620,Exception Handling,Gemini 2.5 Pro,Chain-of-Thought,suites_failed_increase,1,0,1367,1367,0,0,0,1,1367,1366,1,0,0
7621,Exception Handling,Gemini 2.5 Pro,Chain-of-Thought,none,0,0,1367,1367,0,0,0,0,1367,1367,0,0,0
7622,Exception Handling,Gemini 2.5 Pro,Chain-of-Thought,none,0,0,462,455,0,7,0,0,462,455,0,7,0
7623,Duplicate Assert,Gemini 2.5 Pro,Chain-of-Thought,none,0,0,1367,1367,0,0,0,0,1367,1367,0,0,0
7624,Duplicate Assert,Gemini 2.5 Pro,Chain-of-Thought,none,0,0,1367,1367,0,0,0,0,1367,1367,0,0,0
7625,Duplicate Assert,Gemini 2.5 Pro,Chain-of-Thought,none,0,0,1367,1367,0,0,0,0,1368,1368,0,0,0
7626,Duplicate Assert,Gemini 2.5 Pro,Chain-of-Thought,none,0,0,1367,1367,0,0,0,0,1367,1367,0,0,0
7627,Duplicate Assert,Gemini 2.5 Pro,Chain-of-Thought,none,0,0,3010,3010,0,0,0,0,3012,3012,0,0,0
7628,Magic Number,Gemini 2.5 Pro,Chain-of-Thought,none,0,0,1367,1367,0,0,0,0,1367,1367,0,0,0
7629,Magic Number,Gemini 2.5 Pro,Chain-of-Thought,none,0,0,242,242,0,0,0,0,242,242,0,0,0
7630,Magic Number,Gemini 2.5 Pro,Chain-of-Thought,none,0,0,208,207,0,1,0,0,208,207,0,1,0
7631,Sleepy Test,Gemini 2.5 Pro,Chain-of-Thought,none,0,1,235,231,1,0,3,1,235,230,2,0,3
7632,Sleepy Test,Gemini 2.5 Pro,Chain-of-Thought,suites_failed_increase,1,1,235,231,1,0,3,2,235,230,2,0,3
7633,Sleepy Test,Gemini 2.5 Pro,Chain-of-Thought,none,0,1,235,231,1,0,3,1,235,231,1,0,3
7634,Sleepy Test,Gemini 2.5 Pro,Chain-of-Thought,none,0,1,235,231,1,0,3,1,235,231,1,0,3
7635,Sleepy Test,Gemini 2.5 Pro,Chain-of-Thought,none,0,1,235,231,1,0,3,1,235,231,1,0,3
7636,SubOptimalAssert,Gemini 2.5 Pro,Chain-of-Thought,suites_failed_increase,1,0,1367,1367,0,0,0,1,1367,1366,1,0,0
7637,SubOptimalAssert,Gemini 2.5 Pro,Chain-of-Thought,none,0,0,1367,1367,0,0,0,0,1367,1367,0,0,0
7638,SubOptimalAssert,Gemini 2.5 Pro,Chain-of-Thought,none,0,0,1367,1367,0,0,0,0,1367,1367,0,0,0
7639,SubOptimalAssert,Gemini 2.5 Pro,Chain-of-Thought,none,0,0,1694,1694,0,0,0,0,1694,1694,0,0,0
7640,SubOptimalAssert,Gemini 2.5 Pro,Chain-of-Thought,none,0,0,1196,1196,0,0,0,0,1196,1196,0,0,0
7641,OvercommentedTest,Gemini 2.5 Pro,Chain-of-Thought,none,0,0,1694,1694,0,0,0,0,1694,1694,0,0,0
7642,OvercommentedTest,Gemini 2.5 Pro,Chain-of-Thought,none,0,0,1694,1694,0,0,0,0,1694,1694,0,0,0
7643,OvercommentedTest,Gemini 2.5 Pro,Chain-of-Thought,suites_failed_increase,1,0,1694,1694,0,0,0,1,1697,1693,4,0,0
7644,OvercommentedTest,Gemini 2.5 Pro,Chain-of-Thought,none,0,0,1694,1694,0,0,0,0,1694,1694,0,0,0
7645,OvercommentedTest,Gemini 2.5 Pro,Chain-of-Thought,none,0,0,1694,1694,0,0,0,0,1696,1696,0,0,0
7646,AnonymousTest,Gemini 2.5 Pro,Chain-of-Thought,none,0,0,1367,1367,0,0,0,0,1367,1367,0,0,0
7647,AnonymousTest,Gemini 2.5 Pro,Chain-of-Thought,none,0,0,1367,1367,0,0,0,0,1367,1367,0,0,0
7648,AnonymousTest,Gemini 2.5 Pro,Chain-of-Thought,none,0,0,202,202,0,0,0,0,202,202,0,0,0
7649,AnonymousTest,Gemini 2.5 Pro,Chain-of-Thought,none,0,0,202,202,0,0,0,0,202,202,0,0,0
7650,AnonymousTest,Gemini 2.5 Pro,Chain-of-Thought,none,0,0,202,202,0,0,0,0,202,202,0,0,0
7651,VerboseStatement,Gemini 2.5 Pro,Chain-of-Thought,none,0,0,1694,1694,0,0,0,0,1694,1694,0,0,0
7652,VerboseStatement,Gemini 2.5 Pro,Chain-of-Thought,none,0,0,1694,1694,0,0,0,0,1694,1694,0,0,0
7653,VerboseStatement,Gemini 2.5 Pro,Chain-of-Thought,none,0,0,1694,1694,0,0,0,0,1694,1694,0,0,0
7654,VerboseStatement,Gemini 2.5 Pro,Chain-of-Thought,suites_failed_increase,1,0,1694,1694,0,0,0,1,1694,1693,1,0,0
7655,Unknown Test,Gemini 2.5 Pro,Chain-of-Thought,none,0,1,235,231,1,0,3,1,235,231,1,0,3
7656,Unknown Test,Gemini 2.5 Pro,Chain-of-Thought,suites_failed_increase,1,0,525,517,0,8,0,1,0,0,0,8,0
7657,Unknown Test,Gemini 2.5 Pro,Chain-of-Thought,none,0,0,645,634,0,11,0,0,645,633,0,11,1
7658,Unknown Test,Gemini 2.5 Pro,Chain-of-Thought,none,0,0,645,634,0,11,0,0,645,633,0,11,1
7659,Unknown Test,Gemini 2.5 Pro,Chain-of-Thought,none,0,0,645,634,0,11,0,0,645,633,0,11,1
7660,Unknown Test,Gemini 2.5 Pro,Chain-of-Thought,none,0,0,645,634,0,11,0,0,645,633,0,11,1
7661,Unknown Test,Gemini 2.5 Pro,Chain-of-Thought,none,0,0,645,634,0,11,0,0,645,633,0,11,1
7662,Unknown Test,Gemini 2.5 Pro,Chain-of-Thought,none,0,0,645,634,0,11,0,0,645,633,0,11,1
7663,Unknown Test,Gemini 2.5 Pro,Chain-of-Thought,none,0,0,645,634,0,11,0,0,645,633,0,11,1
7664,Unknown Test,Gemini 2.5 Pro,Chain-of-Thought,none,0,0,645,634,0,11,0,0,645,633,0,11,1
7665,Unknown Test,Gemini 2.5 Pro,Chain-of-Thought,suites_failed_increase,1,0,169,168,0,1,0,1,0,0,0,1,0
7666,Unknown Test,Gemini 2.5 Pro,Chain-of-Thought,suites_failed_increase,1,0,169,168,0,1,0,1,0,0,0,1,0
7667,Unknown Test,Gemini 2.5 Pro,Chain-of-Thought,suites_failed_increase,1,0,169,168,0,1,0,1,0,0,0,1,0
7668,Unknown Test,Gemini 2.5 Pro,Chain-of-Thought,none,0,0,169,168,0,1,0,0,169,168,0,1,0
7669,Unknown Test,Gemini 2.5 Pro,Chain-of-Thought,none,0,0,169,168,0,1,0,0,169,168,0,1,0
7670,Unknown Test,Gemini 2.5 Pro,Chain-of-Thought,none,0,0,169,168,0,1,0,0,169,168,0,1,0
7671,Unknown Test,Gemini 2.5 Pro,Chain-of-Thought,suites_failed_increase,1,0,169,168,0,1,0,1,0,0,0,1,0
7672,Unknown Test,Gemini 2.5 Pro,Chain-of-Thought,none,0,1,159,157,2,0,0,1,159,156,3,0,0
7673,Unknown Test,Gemini 2.5 Pro,Chain-of-Thought,none,0,0,47,47,0,0,0,0,47,47,0,0,0
7674,Unknown Test,Gemini 2.5 Pro,Chain-of-Thought,none,0,0,47,47,0,0,0,0,47,47,0,0,0
7675,AnonymousTest,Gemini 2.5 Pro,Chain-of-Thought,none,0,0,645,634,0,11,0,0,647,636,0,11,0
7676,VerboseStatement,Gemini 2.5 Pro,Chain-of-Thought,none,0,0,3010,3010,0,0,0,0,3010,3010,0,0,0
8365,OvercommentedTest,DeepSeek-V3.2,Zero-Shot,suites_failed_increase,1,0,1694,1694,0,0,0,1,1694,1693,1,0,0
8366,Sleepy Test,DeepSeek-V3.2,Zero-Shot,none,0,0,47,47,0,0,0,0,47,47,0,0,0
8367,ConditionalTestLogic,DeepSeek-V3.2,Zero-Shot,none,0,0,1694,1694,0,0,0,0,1694,1694,0,0,0
8368,Exception Handling,DeepSeek-V3.2,Zero-Shot,none,0,0,44,44,0,0,0,0,44,44,0,0,0
8369,Unknown Test,DeepSeek-V3.2,Zero-Shot,suites_failed_increase,1,0,169,168,0,1,0,1,0,0,0,1,0
8370,VerboseStatement,DeepSeek-V3.2,Zero-Shot,suites_failed_increase,1,0,1694,1694,0,0,0,1,1694,1693,1,0,0
8373,Sleepy Test,Qwen 2.5 Coder 32B,Chain-of-Thought,suites_failed_increase,1,1,235,231,1,0,3,2,231,227,1,0,3
