file,type,line,method,source
/test/unit/utils.spec.js,IdenticalTestDescription,"{'startLine':649,'endLine':661}","it(""should be resolved"", () => {
			let p = Promise.resolve()
				.delay(200)
				.then(() => ""OK"")
				.timeout(250);

			//clock.tick(2200);
			//clock.tick(3000);

			return p.catch(protectReject).then(res => {
				expect(res).toBe(""OK"");
			});
		})",snuts
/test/unit/utils.spec.js,IdenticalTestDescription,"{'startLine':676,'endLine':687}","it(""should be timed out"", () => {
			let p = Promise.resolve()
				.delay(200)
				.then(() => ""OK"")
				.timeout(150);

			//clock.tick(2500);

			return p.then(protectReject).catch(err => {
				expect(err).toBeInstanceOf(Promise.TimeoutError);
			});
		})",snuts
/test/unit/utils.spec.js,IdenticalTestDescription,"{'startLine':691,'endLine':705}","it(""should be resolved"", () => {
			return Promise.mapSeries(
				[
					""First"",
					Promise.resolve(""Second""),
					""Third"",
					new Promise(resolve => resolve(""Fourth""))
				],
				p => p
			)
				.catch(protectReject)
				.then(res => {
					expect(res).toEqual([""First"", ""Second"", ""Third"", ""Fourth""]);
				});
		})",snuts
/test/unit/utils.spec.js,IdenticalTestDescription,"{'startLine':731,'endLine':752}","it(""should be rejected"", () => {
			const fn = jest.fn((item, i) => {
				if (i == 2) throw new Error(""Wrong"");
				return item;
			});

			return Promise.mapSeries(
				[
					""First"",
					Promise.resolve(""Second""),
					""Third"",
					new Promise(resolve => resolve(""Fourth""))
				],
				fn
			)
				.then(protectReject)
				.catch(res => {
					expect(res).toBeInstanceOf(Error);
					expect(res.message).toBe(""Wrong"");
					expect(fn).toBeCalledTimes(3);
				});
		})",snuts
/test/unit/utils.spec.js,IdenticalTestDescription,"{'startLine':778,'endLine':792}","it(""should be rejected"", () => {
				return utils
					.promiseAllControl(
						[
							""First"",
							Promise.resolve(""Second""),
							""Third"",
							new Promise((resolve, reject) => reject(""Error""))
						],
						false
					)
					.catch(res => {
						expect(res).toEqual(""Error"");
					});
			})",snuts
/test/unit/utils.spec.js,ConditionalTestLogic,"{'startLine':733,'endLine':733}","it(""should be rejected"", () => {
			const fn = jest.fn((item, i) => {
				if (i == 2) throw new Error(""Wrong"");
				return item;
			});

			return Promise.mapSeries(
				[
					""First"",
					Promise.resolve(""Second""),
					""Third"",
					new Promise(resolve => resolve(""Fourth""))
				],
				fn
			)
				.then(protectReject)
				.catch(res => {
					expect(res).toBeInstanceOf(Error);
					expect(res.message).toBe(""Wrong"");
					expect(fn).toBeCalledTimes(3);
				});
		})",snuts
/test/unit/utils.spec.js,NonFunctionalStatement,"{'startLine':10,'endLine':10}","it(""should return true for Objects and Arrays and false for anything else"", () => {
		expect(utils.isObject({})).toBe(true);
		expect(utils.isObject(Object.create(null))).toBe(true);
		expect(utils.isObject(new Object(null))).toBe(true);
		expect(utils.isObject(new (function () {})())).toBe(true);
		expect(utils.isObject([])).toBe(true);
		expect(utils.isObject(Array.from([]))).toBe(true);
		expect(utils.isObject(new Array(null))).toBe(true);

		expect(utils.isObject(null)).toBe(false);
		expect(utils.isObject(function () {})).toBe(false);
		expect(utils.isObject(() => {})).toBe(false);
		expect(utils.isObject(async () => {})).toBe(false);
		expect(utils.isObject(class Dummy {})).toBe(false);
		expect(utils.isObject(1)).toBe(false);
		expect(utils.isObject(""string"")).toBe(false);
		expect(utils.isObject(new String(""""))).toBe(false);
		expect(utils.isObject(NaN)).toBe(false);
	})",snuts
/test/unit/utils.spec.js,NonFunctionalStatement,"{'startLine':16,'endLine':16}","it(""should return true for Objects and Arrays and false for anything else"", () => {
		expect(utils.isObject({})).toBe(true);
		expect(utils.isObject(Object.create(null))).toBe(true);
		expect(utils.isObject(new Object(null))).toBe(true);
		expect(utils.isObject(new (function () {})())).toBe(true);
		expect(utils.isObject([])).toBe(true);
		expect(utils.isObject(Array.from([]))).toBe(true);
		expect(utils.isObject(new Array(null))).toBe(true);

		expect(utils.isObject(null)).toBe(false);
		expect(utils.isObject(function () {})).toBe(false);
		expect(utils.isObject(() => {})).toBe(false);
		expect(utils.isObject(async () => {})).toBe(false);
		expect(utils.isObject(class Dummy {})).toBe(false);
		expect(utils.isObject(1)).toBe(false);
		expect(utils.isObject(""string"")).toBe(false);
		expect(utils.isObject(new String(""""))).toBe(false);
		expect(utils.isObject(NaN)).toBe(false);
	})",snuts
/test/unit/utils.spec.js,NonFunctionalStatement,"{'startLine':17,'endLine':17}","it(""should return true for Objects and Arrays and false for anything else"", () => {
		expect(utils.isObject({})).toBe(true);
		expect(utils.isObject(Object.create(null))).toBe(true);
		expect(utils.isObject(new Object(null))).toBe(true);
		expect(utils.isObject(new (function () {})())).toBe(true);
		expect(utils.isObject([])).toBe(true);
		expect(utils.isObject(Array.from([]))).toBe(true);
		expect(utils.isObject(new Array(null))).toBe(true);

		expect(utils.isObject(null)).toBe(false);
		expect(utils.isObject(function () {})).toBe(false);
		expect(utils.isObject(() => {})).toBe(false);
		expect(utils.isObject(async () => {})).toBe(false);
		expect(utils.isObject(class Dummy {})).toBe(false);
		expect(utils.isObject(1)).toBe(false);
		expect(utils.isObject(""string"")).toBe(false);
		expect(utils.isObject(new String(""""))).toBe(false);
		expect(utils.isObject(NaN)).toBe(false);
	})",snuts
/test/unit/utils.spec.js,NonFunctionalStatement,"{'startLine':18,'endLine':18}","it(""should return true for Objects and Arrays and false for anything else"", () => {
		expect(utils.isObject({})).toBe(true);
		expect(utils.isObject(Object.create(null))).toBe(true);
		expect(utils.isObject(new Object(null))).toBe(true);
		expect(utils.isObject(new (function () {})())).toBe(true);
		expect(utils.isObject([])).toBe(true);
		expect(utils.isObject(Array.from([]))).toBe(true);
		expect(utils.isObject(new Array(null))).toBe(true);

		expect(utils.isObject(null)).toBe(false);
		expect(utils.isObject(function () {})).toBe(false);
		expect(utils.isObject(() => {})).toBe(false);
		expect(utils.isObject(async () => {})).toBe(false);
		expect(utils.isObject(class Dummy {})).toBe(false);
		expect(utils.isObject(1)).toBe(false);
		expect(utils.isObject(""string"")).toBe(false);
		expect(utils.isObject(new String(""""))).toBe(false);
		expect(utils.isObject(NaN)).toBe(false);
	})",snuts
/test/unit/utils.spec.js,NonFunctionalStatement,"{'startLine':33,'endLine':33}","it(""should return true for POJOs false for anything else"", () => {
		expect(utils.isPlainObject({})).toBe(true);
		expect(utils.isPlainObject(Object.create(null))).toBe(true);
		expect(utils.isPlainObject(new Object(null))).toBe(true);

		expect(utils.isPlainObject(new (function () {})())).toBe(false);
		expect(utils.isPlainObject([])).toBe(false);
		expect(utils.isPlainObject(Array.from([]))).toBe(false);
		expect(utils.isPlainObject(new Array(null))).toBe(false);
		expect(utils.isPlainObject([])).toBe(false);
		expect(utils.isPlainObject(null)).toBe(false);
		expect(utils.isPlainObject(function () {})).toBe(false);
		expect(utils.isPlainObject(() => {})).toBe(false);
		expect(utils.isPlainObject(async () => {})).toBe(false);
		expect(utils.isPlainObject(class Dummy {})).toBe(false);
		expect(utils.isPlainObject(1)).toBe(false);
		expect(utils.isPlainObject(""string"")).toBe(false);
		expect(utils.isPlainObject(new String(""""))).toBe(false);
		expect(utils.isPlainObject(NaN)).toBe(false);
	})",snuts
/test/unit/utils.spec.js,NonFunctionalStatement,"{'startLine':39,'endLine':39}","it(""should return true for POJOs false for anything else"", () => {
		expect(utils.isPlainObject({})).toBe(true);
		expect(utils.isPlainObject(Object.create(null))).toBe(true);
		expect(utils.isPlainObject(new Object(null))).toBe(true);

		expect(utils.isPlainObject(new (function () {})())).toBe(false);
		expect(utils.isPlainObject([])).toBe(false);
		expect(utils.isPlainObject(Array.from([]))).toBe(false);
		expect(utils.isPlainObject(new Array(null))).toBe(false);
		expect(utils.isPlainObject([])).toBe(false);
		expect(utils.isPlainObject(null)).toBe(false);
		expect(utils.isPlainObject(function () {})).toBe(false);
		expect(utils.isPlainObject(() => {})).toBe(false);
		expect(utils.isPlainObject(async () => {})).toBe(false);
		expect(utils.isPlainObject(class Dummy {})).toBe(false);
		expect(utils.isPlainObject(1)).toBe(false);
		expect(utils.isPlainObject(""string"")).toBe(false);
		expect(utils.isPlainObject(new String(""""))).toBe(false);
		expect(utils.isPlainObject(NaN)).toBe(false);
	})",snuts
/test/unit/utils.spec.js,NonFunctionalStatement,"{'startLine':40,'endLine':40}","it(""should return true for POJOs false for anything else"", () => {
		expect(utils.isPlainObject({})).toBe(true);
		expect(utils.isPlainObject(Object.create(null))).toBe(true);
		expect(utils.isPlainObject(new Object(null))).toBe(true);

		expect(utils.isPlainObject(new (function () {})())).toBe(false);
		expect(utils.isPlainObject([])).toBe(false);
		expect(utils.isPlainObject(Array.from([]))).toBe(false);
		expect(utils.isPlainObject(new Array(null))).toBe(false);
		expect(utils.isPlainObject([])).toBe(false);
		expect(utils.isPlainObject(null)).toBe(false);
		expect(utils.isPlainObject(function () {})).toBe(false);
		expect(utils.isPlainObject(() => {})).toBe(false);
		expect(utils.isPlainObject(async () => {})).toBe(false);
		expect(utils.isPlainObject(class Dummy {})).toBe(false);
		expect(utils.isPlainObject(1)).toBe(false);
		expect(utils.isPlainObject(""string"")).toBe(false);
		expect(utils.isPlainObject(new String(""""))).toBe(false);
		expect(utils.isPlainObject(NaN)).toBe(false);
	})",snuts
/test/unit/utils.spec.js,NonFunctionalStatement,"{'startLine':41,'endLine':41}","it(""should return true for POJOs false for anything else"", () => {
		expect(utils.isPlainObject({})).toBe(true);
		expect(utils.isPlainObject(Object.create(null))).toBe(true);
		expect(utils.isPlainObject(new Object(null))).toBe(true);

		expect(utils.isPlainObject(new (function () {})())).toBe(false);
		expect(utils.isPlainObject([])).toBe(false);
		expect(utils.isPlainObject(Array.from([]))).toBe(false);
		expect(utils.isPlainObject(new Array(null))).toBe(false);
		expect(utils.isPlainObject([])).toBe(false);
		expect(utils.isPlainObject(null)).toBe(false);
		expect(utils.isPlainObject(function () {})).toBe(false);
		expect(utils.isPlainObject(() => {})).toBe(false);
		expect(utils.isPlainObject(async () => {})).toBe(false);
		expect(utils.isPlainObject(class Dummy {})).toBe(false);
		expect(utils.isPlainObject(1)).toBe(false);
		expect(utils.isPlainObject(""string"")).toBe(false);
		expect(utils.isPlainObject(new String(""""))).toBe(false);
		expect(utils.isPlainObject(NaN)).toBe(false);
	})",snuts
/test/unit/utils.spec.js,NonFunctionalStatement,"{'startLine':58,'endLine':58}","it(""should return true for strings and false for anything else"", () => {
		expect(utils.isString(""string"")).toBe(true);
		expect(utils.isString(new String(""""))).toBe(true);

		expect(utils.isString({})).toBe(false);
		expect(utils.isString(Object.create(null))).toBe(false);
		expect(utils.isString(new Object(null))).toBe(false);
		expect(utils.isString(new (function () {})())).toBe(false);
		expect(utils.isString([])).toBe(false);
		expect(utils.isString(Array.from([]))).toBe(false);
		expect(utils.isString(new Array(null))).toBe(false);
		expect(utils.isString(null)).toBe(false);
		expect(utils.isString(function () {})).toBe(false);
		expect(utils.isString(() => {})).toBe(false);
		expect(utils.isString(async () => {})).toBe(false);
		expect(utils.isString(class Dummy {})).toBe(false);
		expect(utils.isString(1)).toBe(false);
		expect(utils.isString(NaN)).toBe(false);
	})",snuts
/test/unit/utils.spec.js,NonFunctionalStatement,"{'startLine':63,'endLine':63}","it(""should return true for strings and false for anything else"", () => {
		expect(utils.isString(""string"")).toBe(true);
		expect(utils.isString(new String(""""))).toBe(true);

		expect(utils.isString({})).toBe(false);
		expect(utils.isString(Object.create(null))).toBe(false);
		expect(utils.isString(new Object(null))).toBe(false);
		expect(utils.isString(new (function () {})())).toBe(false);
		expect(utils.isString([])).toBe(false);
		expect(utils.isString(Array.from([]))).toBe(false);
		expect(utils.isString(new Array(null))).toBe(false);
		expect(utils.isString(null)).toBe(false);
		expect(utils.isString(function () {})).toBe(false);
		expect(utils.isString(() => {})).toBe(false);
		expect(utils.isString(async () => {})).toBe(false);
		expect(utils.isString(class Dummy {})).toBe(false);
		expect(utils.isString(1)).toBe(false);
		expect(utils.isString(NaN)).toBe(false);
	})",snuts
/test/unit/utils.spec.js,NonFunctionalStatement,"{'startLine':64,'endLine':64}","it(""should return true for strings and false for anything else"", () => {
		expect(utils.isString(""string"")).toBe(true);
		expect(utils.isString(new String(""""))).toBe(true);

		expect(utils.isString({})).toBe(false);
		expect(utils.isString(Object.create(null))).toBe(false);
		expect(utils.isString(new Object(null))).toBe(false);
		expect(utils.isString(new (function () {})())).toBe(false);
		expect(utils.isString([])).toBe(false);
		expect(utils.isString(Array.from([]))).toBe(false);
		expect(utils.isString(new Array(null))).toBe(false);
		expect(utils.isString(null)).toBe(false);
		expect(utils.isString(function () {})).toBe(false);
		expect(utils.isString(() => {})).toBe(false);
		expect(utils.isString(async () => {})).toBe(false);
		expect(utils.isString(class Dummy {})).toBe(false);
		expect(utils.isString(1)).toBe(false);
		expect(utils.isString(NaN)).toBe(false);
	})",snuts
/test/unit/utils.spec.js,NonFunctionalStatement,"{'startLine':65,'endLine':65}","it(""should return true for strings and false for anything else"", () => {
		expect(utils.isString(""string"")).toBe(true);
		expect(utils.isString(new String(""""))).toBe(true);

		expect(utils.isString({})).toBe(false);
		expect(utils.isString(Object.create(null))).toBe(false);
		expect(utils.isString(new Object(null))).toBe(false);
		expect(utils.isString(new (function () {})())).toBe(false);
		expect(utils.isString([])).toBe(false);
		expect(utils.isString(Array.from([]))).toBe(false);
		expect(utils.isString(new Array(null))).toBe(false);
		expect(utils.isString(null)).toBe(false);
		expect(utils.isString(function () {})).toBe(false);
		expect(utils.isString(() => {})).toBe(false);
		expect(utils.isString(async () => {})).toBe(false);
		expect(utils.isString(class Dummy {})).toBe(false);
		expect(utils.isString(1)).toBe(false);
		expect(utils.isString(NaN)).toBe(false);
	})",snuts
/test/unit/utils.spec.js,NonFunctionalStatement,"{'startLine':74,'endLine':74}","it(""should return true for function types"", () => {
		expect(utils.isFunction(function () {})).toBe(true);
		expect(utils.isFunction(() => {})).toBe(true);
		expect(utils.isFunction(async () => {})).toBe(true);
		expect(utils.isFunction(class Dummy {})).toBe(true);

		expect(utils.isFunction({})).toBe(false);
		expect(utils.isFunction([])).toBe(false);
		expect(utils.isFunction(null)).toBe(false);
		expect(utils.isFunction(1)).toBe(false);
		expect(utils.isFunction(""string"")).toBe(false);
		expect(utils.isFunction(NaN)).toBe(false);
	})",snuts
/test/unit/utils.spec.js,NonFunctionalStatement,"{'startLine':75,'endLine':75}","it(""should return true for function types"", () => {
		expect(utils.isFunction(function () {})).toBe(true);
		expect(utils.isFunction(() => {})).toBe(true);
		expect(utils.isFunction(async () => {})).toBe(true);
		expect(utils.isFunction(class Dummy {})).toBe(true);

		expect(utils.isFunction({})).toBe(false);
		expect(utils.isFunction([])).toBe(false);
		expect(utils.isFunction(null)).toBe(false);
		expect(utils.isFunction(1)).toBe(false);
		expect(utils.isFunction(""string"")).toBe(false);
		expect(utils.isFunction(NaN)).toBe(false);
	})",snuts
/test/unit/utils.spec.js,NonFunctionalStatement,"{'startLine':76,'endLine':76}","it(""should return true for function types"", () => {
		expect(utils.isFunction(function () {})).toBe(true);
		expect(utils.isFunction(() => {})).toBe(true);
		expect(utils.isFunction(async () => {})).toBe(true);
		expect(utils.isFunction(class Dummy {})).toBe(true);

		expect(utils.isFunction({})).toBe(false);
		expect(utils.isFunction([])).toBe(false);
		expect(utils.isFunction(null)).toBe(false);
		expect(utils.isFunction(1)).toBe(false);
		expect(utils.isFunction(""string"")).toBe(false);
		expect(utils.isFunction(NaN)).toBe(false);
	})",snuts
/test/unit/utils.spec.js,NonFunctionalStatement,"{'startLine':175,'endLine':175}","it(""should check the param"", () => {
		expect(utils.isPromise()).toBe(false);
		expect(utils.isPromise({})).toBe(false);
		expect(utils.isPromise(new Promise(() => {}))).toBe(true);
		expect(utils.isPromise(Promise.resolve())).toBe(true);
		//expect(utils.isPromise(Promise.reject())).toBe(true); // node gives warning
	})",snuts
/test/unit/utils.spec.js,NonFunctionalStatement,"{'startLine':799,'endLine':799}","it(""should detect the arguments of the Function"", () => {
		expect(utils.functionArguments(() => {})).toEqual([]);
		expect(utils.functionArguments(function () {})).toEqual([]);

		expect(utils.functionArguments(alpha => {})).toEqual([""alpha""]);
		expect(utils.functionArguments(function (alpha) {})).toEqual([""alpha""]);

		expect(utils.functionArguments((alpha, beta) => {})).toEqual([""alpha"", ""beta""]);
		expect(utils.functionArguments(function (alpha, beta) {})).toEqual([""alpha"", ""beta""]);

		expect(utils.functionArguments(async (alpha, beta) => {})).toEqual([""alpha"", ""beta""]);
		expect(utils.functionArguments(async function (alpha, beta) {})).toEqual([""alpha"", ""beta""]);
	})",snuts
/test/unit/utils.spec.js,NonFunctionalStatement,"{'startLine':800,'endLine':800}","it(""should detect the arguments of the Function"", () => {
		expect(utils.functionArguments(() => {})).toEqual([]);
		expect(utils.functionArguments(function () {})).toEqual([]);

		expect(utils.functionArguments(alpha => {})).toEqual([""alpha""]);
		expect(utils.functionArguments(function (alpha) {})).toEqual([""alpha""]);

		expect(utils.functionArguments((alpha, beta) => {})).toEqual([""alpha"", ""beta""]);
		expect(utils.functionArguments(function (alpha, beta) {})).toEqual([""alpha"", ""beta""]);

		expect(utils.functionArguments(async (alpha, beta) => {})).toEqual([""alpha"", ""beta""]);
		expect(utils.functionArguments(async function (alpha, beta) {})).toEqual([""alpha"", ""beta""]);
	})",snuts
/test/unit/utils.spec.js,NonFunctionalStatement,"{'startLine':802,'endLine':802}","it(""should detect the arguments of the Function"", () => {
		expect(utils.functionArguments(() => {})).toEqual([]);
		expect(utils.functionArguments(function () {})).toEqual([]);

		expect(utils.functionArguments(alpha => {})).toEqual([""alpha""]);
		expect(utils.functionArguments(function (alpha) {})).toEqual([""alpha""]);

		expect(utils.functionArguments((alpha, beta) => {})).toEqual([""alpha"", ""beta""]);
		expect(utils.functionArguments(function (alpha, beta) {})).toEqual([""alpha"", ""beta""]);

		expect(utils.functionArguments(async (alpha, beta) => {})).toEqual([""alpha"", ""beta""]);
		expect(utils.functionArguments(async function (alpha, beta) {})).toEqual([""alpha"", ""beta""]);
	})",snuts
/test/unit/utils.spec.js,NonFunctionalStatement,"{'startLine':803,'endLine':803}","it(""should detect the arguments of the Function"", () => {
		expect(utils.functionArguments(() => {})).toEqual([]);
		expect(utils.functionArguments(function () {})).toEqual([]);

		expect(utils.functionArguments(alpha => {})).toEqual([""alpha""]);
		expect(utils.functionArguments(function (alpha) {})).toEqual([""alpha""]);

		expect(utils.functionArguments((alpha, beta) => {})).toEqual([""alpha"", ""beta""]);
		expect(utils.functionArguments(function (alpha, beta) {})).toEqual([""alpha"", ""beta""]);

		expect(utils.functionArguments(async (alpha, beta) => {})).toEqual([""alpha"", ""beta""]);
		expect(utils.functionArguments(async function (alpha, beta) {})).toEqual([""alpha"", ""beta""]);
	})",snuts
/test/unit/utils.spec.js,NonFunctionalStatement,"{'startLine':805,'endLine':805}","it(""should detect the arguments of the Function"", () => {
		expect(utils.functionArguments(() => {})).toEqual([]);
		expect(utils.functionArguments(function () {})).toEqual([]);

		expect(utils.functionArguments(alpha => {})).toEqual([""alpha""]);
		expect(utils.functionArguments(function (alpha) {})).toEqual([""alpha""]);

		expect(utils.functionArguments((alpha, beta) => {})).toEqual([""alpha"", ""beta""]);
		expect(utils.functionArguments(function (alpha, beta) {})).toEqual([""alpha"", ""beta""]);

		expect(utils.functionArguments(async (alpha, beta) => {})).toEqual([""alpha"", ""beta""]);
		expect(utils.functionArguments(async function (alpha, beta) {})).toEqual([""alpha"", ""beta""]);
	})",snuts
/test/unit/utils.spec.js,NonFunctionalStatement,"{'startLine':806,'endLine':806}","it(""should detect the arguments of the Function"", () => {
		expect(utils.functionArguments(() => {})).toEqual([]);
		expect(utils.functionArguments(function () {})).toEqual([]);

		expect(utils.functionArguments(alpha => {})).toEqual([""alpha""]);
		expect(utils.functionArguments(function (alpha) {})).toEqual([""alpha""]);

		expect(utils.functionArguments((alpha, beta) => {})).toEqual([""alpha"", ""beta""]);
		expect(utils.functionArguments(function (alpha, beta) {})).toEqual([""alpha"", ""beta""]);

		expect(utils.functionArguments(async (alpha, beta) => {})).toEqual([""alpha"", ""beta""]);
		expect(utils.functionArguments(async function (alpha, beta) {})).toEqual([""alpha"", ""beta""]);
	})",snuts
/test/unit/utils.spec.js,NonFunctionalStatement,"{'startLine':808,'endLine':808}","it(""should detect the arguments of the Function"", () => {
		expect(utils.functionArguments(() => {})).toEqual([]);
		expect(utils.functionArguments(function () {})).toEqual([]);

		expect(utils.functionArguments(alpha => {})).toEqual([""alpha""]);
		expect(utils.functionArguments(function (alpha) {})).toEqual([""alpha""]);

		expect(utils.functionArguments((alpha, beta) => {})).toEqual([""alpha"", ""beta""]);
		expect(utils.functionArguments(function (alpha, beta) {})).toEqual([""alpha"", ""beta""]);

		expect(utils.functionArguments(async (alpha, beta) => {})).toEqual([""alpha"", ""beta""]);
		expect(utils.functionArguments(async function (alpha, beta) {})).toEqual([""alpha"", ""beta""]);
	})",snuts
/test/unit/utils.spec.js,NonFunctionalStatement,"{'startLine':809,'endLine':809}","it(""should detect the arguments of the Function"", () => {
		expect(utils.functionArguments(() => {})).toEqual([]);
		expect(utils.functionArguments(function () {})).toEqual([]);

		expect(utils.functionArguments(alpha => {})).toEqual([""alpha""]);
		expect(utils.functionArguments(function (alpha) {})).toEqual([""alpha""]);

		expect(utils.functionArguments((alpha, beta) => {})).toEqual([""alpha"", ""beta""]);
		expect(utils.functionArguments(function (alpha, beta) {})).toEqual([""alpha"", ""beta""]);

		expect(utils.functionArguments(async (alpha, beta) => {})).toEqual([""alpha"", ""beta""]);
		expect(utils.functionArguments(async function (alpha, beta) {})).toEqual([""alpha"", ""beta""]);
	})",snuts
/test/unit/utils.spec.js,SubOptimalAssert,"{'startLine':141,'endLine':141}","it(""should generate unique token"", () => {
		let res1 = utils.generateToken();
		expect(res1.length).toBe(36);
		expect(res1).toMatch(REGEX_MATCHER);

		let res2 = utils.generateToken();
		expect(res2).toMatch(REGEX_MATCHER);
		expect(res1).not.toEqual(res2);
	})",snuts
/test/unit/utils.spec.js,SubOptimalAssert,"{'startLine':501,'endLine':501}","it(""should parse byte string to number of bytes"", () => {
		expect(utils.parseByteString()).toBe(null);
		expect(utils.parseByteString(null)).toBe(null);
		expect(utils.parseByteString(0)).toBe(0);
		expect(utils.parseByteString(1000)).toBe(1000);
		expect(utils.parseByteString(10000)).toBe(10000);
		expect(utils.parseByteString(100000000)).toBe(100000000);

		expect(utils.parseByteString("""")).toBe(null);
		expect(utils.parseByteString(""0"")).toBe(0);
		expect(utils.parseByteString(""1"")).toBe(1);
		expect(utils.parseByteString(""10"")).toBe(10);
		expect(utils.parseByteString(""100"")).toBe(100);
		expect(utils.parseByteString(""1000"")).toBe(1000);
		expect(utils.parseByteString(""a"")).toBe(null);
		expect(utils.parseByteString(""b"")).toBe(null);
		expect(utils.parseByteString(""B"")).toBe(null);

		expect(utils.parseByteString(""1b"")).toBe(1);
		expect(utils.parseByteString(""5B"")).toBe(5);
		expect(utils.parseByteString(""100b"")).toBe(100);
		expect(utils.parseByteString(""1000b"")).toBe(1000);
		expect(utils.parseByteString(""0kb"")).toBe(0);
		expect(utils.parseByteString(""1kb"")).toBe(1024);
		expect(utils.parseByteString(""100kb"")).toBe(102400);
		expect(utils.parseByteString(""512kb"")).toBe(524288);
		expect(utils.parseByteString(""1mb"")).toBe(1048576);
		expect(utils.parseByteString(""5mb"")).toBe(5242880);
		expect(utils.parseByteString(""2.56GB"")).toBe(2748779069);
		expect(utils.parseByteString(""2.8TB"")).toBe(3078632557772);
	})",snuts
/test/unit/utils.spec.js,SubOptimalAssert,"{'startLine':502,'endLine':502}","it(""should parse byte string to number of bytes"", () => {
		expect(utils.parseByteString()).toBe(null);
		expect(utils.parseByteString(null)).toBe(null);
		expect(utils.parseByteString(0)).toBe(0);
		expect(utils.parseByteString(1000)).toBe(1000);
		expect(utils.parseByteString(10000)).toBe(10000);
		expect(utils.parseByteString(100000000)).toBe(100000000);

		expect(utils.parseByteString("""")).toBe(null);
		expect(utils.parseByteString(""0"")).toBe(0);
		expect(utils.parseByteString(""1"")).toBe(1);
		expect(utils.parseByteString(""10"")).toBe(10);
		expect(utils.parseByteString(""100"")).toBe(100);
		expect(utils.parseByteString(""1000"")).toBe(1000);
		expect(utils.parseByteString(""a"")).toBe(null);
		expect(utils.parseByteString(""b"")).toBe(null);
		expect(utils.parseByteString(""B"")).toBe(null);

		expect(utils.parseByteString(""1b"")).toBe(1);
		expect(utils.parseByteString(""5B"")).toBe(5);
		expect(utils.parseByteString(""100b"")).toBe(100);
		expect(utils.parseByteString(""1000b"")).toBe(1000);
		expect(utils.parseByteString(""0kb"")).toBe(0);
		expect(utils.parseByteString(""1kb"")).toBe(1024);
		expect(utils.parseByteString(""100kb"")).toBe(102400);
		expect(utils.parseByteString(""512kb"")).toBe(524288);
		expect(utils.parseByteString(""1mb"")).toBe(1048576);
		expect(utils.parseByteString(""5mb"")).toBe(5242880);
		expect(utils.parseByteString(""2.56GB"")).toBe(2748779069);
		expect(utils.parseByteString(""2.8TB"")).toBe(3078632557772);
	})",snuts
/test/unit/utils.spec.js,SubOptimalAssert,"{'startLine':508,'endLine':508}","it(""should parse byte string to number of bytes"", () => {
		expect(utils.parseByteString()).toBe(null);
		expect(utils.parseByteString(null)).toBe(null);
		expect(utils.parseByteString(0)).toBe(0);
		expect(utils.parseByteString(1000)).toBe(1000);
		expect(utils.parseByteString(10000)).toBe(10000);
		expect(utils.parseByteString(100000000)).toBe(100000000);

		expect(utils.parseByteString("""")).toBe(null);
		expect(utils.parseByteString(""0"")).toBe(0);
		expect(utils.parseByteString(""1"")).toBe(1);
		expect(utils.parseByteString(""10"")).toBe(10);
		expect(utils.parseByteString(""100"")).toBe(100);
		expect(utils.parseByteString(""1000"")).toBe(1000);
		expect(utils.parseByteString(""a"")).toBe(null);
		expect(utils.parseByteString(""b"")).toBe(null);
		expect(utils.parseByteString(""B"")).toBe(null);

		expect(utils.parseByteString(""1b"")).toBe(1);
		expect(utils.parseByteString(""5B"")).toBe(5);
		expect(utils.parseByteString(""100b"")).toBe(100);
		expect(utils.parseByteString(""1000b"")).toBe(1000);
		expect(utils.parseByteString(""0kb"")).toBe(0);
		expect(utils.parseByteString(""1kb"")).toBe(1024);
		expect(utils.parseByteString(""100kb"")).toBe(102400);
		expect(utils.parseByteString(""512kb"")).toBe(524288);
		expect(utils.parseByteString(""1mb"")).toBe(1048576);
		expect(utils.parseByteString(""5mb"")).toBe(5242880);
		expect(utils.parseByteString(""2.56GB"")).toBe(2748779069);
		expect(utils.parseByteString(""2.8TB"")).toBe(3078632557772);
	})",snuts
/test/unit/utils.spec.js,SubOptimalAssert,"{'startLine':514,'endLine':514}","it(""should parse byte string to number of bytes"", () => {
		expect(utils.parseByteString()).toBe(null);
		expect(utils.parseByteString(null)).toBe(null);
		expect(utils.parseByteString(0)).toBe(0);
		expect(utils.parseByteString(1000)).toBe(1000);
		expect(utils.parseByteString(10000)).toBe(10000);
		expect(utils.parseByteString(100000000)).toBe(100000000);

		expect(utils.parseByteString("""")).toBe(null);
		expect(utils.parseByteString(""0"")).toBe(0);
		expect(utils.parseByteString(""1"")).toBe(1);
		expect(utils.parseByteString(""10"")).toBe(10);
		expect(utils.parseByteString(""100"")).toBe(100);
		expect(utils.parseByteString(""1000"")).toBe(1000);
		expect(utils.parseByteString(""a"")).toBe(null);
		expect(utils.parseByteString(""b"")).toBe(null);
		expect(utils.parseByteString(""B"")).toBe(null);

		expect(utils.parseByteString(""1b"")).toBe(1);
		expect(utils.parseByteString(""5B"")).toBe(5);
		expect(utils.parseByteString(""100b"")).toBe(100);
		expect(utils.parseByteString(""1000b"")).toBe(1000);
		expect(utils.parseByteString(""0kb"")).toBe(0);
		expect(utils.parseByteString(""1kb"")).toBe(1024);
		expect(utils.parseByteString(""100kb"")).toBe(102400);
		expect(utils.parseByteString(""512kb"")).toBe(524288);
		expect(utils.parseByteString(""1mb"")).toBe(1048576);
		expect(utils.parseByteString(""5mb"")).toBe(5242880);
		expect(utils.parseByteString(""2.56GB"")).toBe(2748779069);
		expect(utils.parseByteString(""2.8TB"")).toBe(3078632557772);
	})",snuts
/test/unit/utils.spec.js,SubOptimalAssert,"{'startLine':515,'endLine':515}","it(""should parse byte string to number of bytes"", () => {
		expect(utils.parseByteString()).toBe(null);
		expect(utils.parseByteString(null)).toBe(null);
		expect(utils.parseByteString(0)).toBe(0);
		expect(utils.parseByteString(1000)).toBe(1000);
		expect(utils.parseByteString(10000)).toBe(10000);
		expect(utils.parseByteString(100000000)).toBe(100000000);

		expect(utils.parseByteString("""")).toBe(null);
		expect(utils.parseByteString(""0"")).toBe(0);
		expect(utils.parseByteString(""1"")).toBe(1);
		expect(utils.parseByteString(""10"")).toBe(10);
		expect(utils.parseByteString(""100"")).toBe(100);
		expect(utils.parseByteString(""1000"")).toBe(1000);
		expect(utils.parseByteString(""a"")).toBe(null);
		expect(utils.parseByteString(""b"")).toBe(null);
		expect(utils.parseByteString(""B"")).toBe(null);

		expect(utils.parseByteString(""1b"")).toBe(1);
		expect(utils.parseByteString(""5B"")).toBe(5);
		expect(utils.parseByteString(""100b"")).toBe(100);
		expect(utils.parseByteString(""1000b"")).toBe(1000);
		expect(utils.parseByteString(""0kb"")).toBe(0);
		expect(utils.parseByteString(""1kb"")).toBe(1024);
		expect(utils.parseByteString(""100kb"")).toBe(102400);
		expect(utils.parseByteString(""512kb"")).toBe(524288);
		expect(utils.parseByteString(""1mb"")).toBe(1048576);
		expect(utils.parseByteString(""5mb"")).toBe(5242880);
		expect(utils.parseByteString(""2.56GB"")).toBe(2748779069);
		expect(utils.parseByteString(""2.8TB"")).toBe(3078632557772);
	})",snuts
/test/unit/utils.spec.js,SubOptimalAssert,"{'startLine':516,'endLine':516}","it(""should parse byte string to number of bytes"", () => {
		expect(utils.parseByteString()).toBe(null);
		expect(utils.parseByteString(null)).toBe(null);
		expect(utils.parseByteString(0)).toBe(0);
		expect(utils.parseByteString(1000)).toBe(1000);
		expect(utils.parseByteString(10000)).toBe(10000);
		expect(utils.parseByteString(100000000)).toBe(100000000);

		expect(utils.parseByteString("""")).toBe(null);
		expect(utils.parseByteString(""0"")).toBe(0);
		expect(utils.parseByteString(""1"")).toBe(1);
		expect(utils.parseByteString(""10"")).toBe(10);
		expect(utils.parseByteString(""100"")).toBe(100);
		expect(utils.parseByteString(""1000"")).toBe(1000);
		expect(utils.parseByteString(""a"")).toBe(null);
		expect(utils.parseByteString(""b"")).toBe(null);
		expect(utils.parseByteString(""B"")).toBe(null);

		expect(utils.parseByteString(""1b"")).toBe(1);
		expect(utils.parseByteString(""5B"")).toBe(5);
		expect(utils.parseByteString(""100b"")).toBe(100);
		expect(utils.parseByteString(""1000b"")).toBe(1000);
		expect(utils.parseByteString(""0kb"")).toBe(0);
		expect(utils.parseByteString(""1kb"")).toBe(1024);
		expect(utils.parseByteString(""100kb"")).toBe(102400);
		expect(utils.parseByteString(""512kb"")).toBe(524288);
		expect(utils.parseByteString(""1mb"")).toBe(1048576);
		expect(utils.parseByteString(""5mb"")).toBe(5242880);
		expect(utils.parseByteString(""2.56GB"")).toBe(2748779069);
		expect(utils.parseByteString(""2.8TB"")).toBe(3078632557772);
	})",snuts
/test/unit/utils.spec.js,VerboseStatement,"{'startLine':6,'endLine':24}","it(""should return true for Objects and Arrays and false for anything else"", () => {
		expect(utils.isObject({})).toBe(true);
		expect(utils.isObject(Object.create(null))).toBe(true);
		expect(utils.isObject(new Object(null))).toBe(true);
		expect(utils.isObject(new (function () {})())).toBe(true);
		expect(utils.isObject([])).toBe(true);
		expect(utils.isObject(Array.from([]))).toBe(true);
		expect(utils.isObject(new Array(null))).toBe(true);

		expect(utils.isObject(null)).toBe(false);
		expect(utils.isObject(function () {})).toBe(false);
		expect(utils.isObject(() => {})).toBe(false);
		expect(utils.isObject(async () => {})).toBe(false);
		expect(utils.isObject(class Dummy {})).toBe(false);
		expect(utils.isObject(1)).toBe(false);
		expect(utils.isObject(""string"")).toBe(false);
		expect(utils.isObject(new String(""""))).toBe(false);
		expect(utils.isObject(NaN)).toBe(false);
	})",snuts
/test/unit/utils.spec.js,VerboseStatement,"{'startLine':28,'endLine':47}","it(""should return true for POJOs false for anything else"", () => {
		expect(utils.isPlainObject({})).toBe(true);
		expect(utils.isPlainObject(Object.create(null))).toBe(true);
		expect(utils.isPlainObject(new Object(null))).toBe(true);

		expect(utils.isPlainObject(new (function () {})())).toBe(false);
		expect(utils.isPlainObject([])).toBe(false);
		expect(utils.isPlainObject(Array.from([]))).toBe(false);
		expect(utils.isPlainObject(new Array(null))).toBe(false);
		expect(utils.isPlainObject([])).toBe(false);
		expect(utils.isPlainObject(null)).toBe(false);
		expect(utils.isPlainObject(function () {})).toBe(false);
		expect(utils.isPlainObject(() => {})).toBe(false);
		expect(utils.isPlainObject(async () => {})).toBe(false);
		expect(utils.isPlainObject(class Dummy {})).toBe(false);
		expect(utils.isPlainObject(1)).toBe(false);
		expect(utils.isPlainObject(""string"")).toBe(false);
		expect(utils.isPlainObject(new String(""""))).toBe(false);
		expect(utils.isPlainObject(NaN)).toBe(false);
	})",snuts
/test/unit/utils.spec.js,VerboseStatement,"{'startLine':51,'endLine':69}","it(""should return true for strings and false for anything else"", () => {
		expect(utils.isString(""string"")).toBe(true);
		expect(utils.isString(new String(""""))).toBe(true);

		expect(utils.isString({})).toBe(false);
		expect(utils.isString(Object.create(null))).toBe(false);
		expect(utils.isString(new Object(null))).toBe(false);
		expect(utils.isString(new (function () {})())).toBe(false);
		expect(utils.isString([])).toBe(false);
		expect(utils.isString(Array.from([]))).toBe(false);
		expect(utils.isString(new Array(null))).toBe(false);
		expect(utils.isString(null)).toBe(false);
		expect(utils.isString(function () {})).toBe(false);
		expect(utils.isString(() => {})).toBe(false);
		expect(utils.isString(async () => {})).toBe(false);
		expect(utils.isString(class Dummy {})).toBe(false);
		expect(utils.isString(1)).toBe(false);
		expect(utils.isString(NaN)).toBe(false);
	})",snuts
/test/unit/utils.spec.js,VerboseStatement,"{'startLine':112,'endLine':132}","it(""should humanize elapsed milliseconds"", () => {
		expect(utils.humanize()).toBe(""?"");
		expect(utils.humanize(1)).toBe(""1ms"");
		expect(utils.humanize(10)).toBe(""10ms"");
		expect(utils.humanize(100)).toBe(""100ms"");
		expect(utils.humanize(1000)).toBe(""1s"");
		expect(utils.humanize(10000)).toBe(""10s"");
		expect(utils.humanize(100000)).toBe(""1m"");
		expect(utils.humanize(1000000)).toBe(""16m"");
		expect(utils.humanize(10000000)).toBe(""2h"");
		expect(utils.humanize(100000000)).toBe(""27h"");

		expect(utils.humanize(0)).toBe(""now"");
		expect(utils.humanize(0.1)).toBe(""100μs"");
		expect(utils.humanize(0.01)).toBe(""10μs"");
		expect(utils.humanize(0.001)).toBe(""1μs"");
		expect(utils.humanize(0.0001)).toBe(""100ns"");
		expect(utils.humanize(0.00001)).toBe(""10ns"");
		expect(utils.humanize(0.000001)).toBe(""1ns"");
		expect(utils.humanize(0.0000001)).toBe(""now"");
	})",snuts
/test/unit/utils.spec.js,VerboseStatement,"{'startLine':500,'endLine':530}","it(""should parse byte string to number of bytes"", () => {
		expect(utils.parseByteString()).toBe(null);
		expect(utils.parseByteString(null)).toBe(null);
		expect(utils.parseByteString(0)).toBe(0);
		expect(utils.parseByteString(1000)).toBe(1000);
		expect(utils.parseByteString(10000)).toBe(10000);
		expect(utils.parseByteString(100000000)).toBe(100000000);

		expect(utils.parseByteString("""")).toBe(null);
		expect(utils.parseByteString(""0"")).toBe(0);
		expect(utils.parseByteString(""1"")).toBe(1);
		expect(utils.parseByteString(""10"")).toBe(10);
		expect(utils.parseByteString(""100"")).toBe(100);
		expect(utils.parseByteString(""1000"")).toBe(1000);
		expect(utils.parseByteString(""a"")).toBe(null);
		expect(utils.parseByteString(""b"")).toBe(null);
		expect(utils.parseByteString(""B"")).toBe(null);

		expect(utils.parseByteString(""1b"")).toBe(1);
		expect(utils.parseByteString(""5B"")).toBe(5);
		expect(utils.parseByteString(""100b"")).toBe(100);
		expect(utils.parseByteString(""1000b"")).toBe(1000);
		expect(utils.parseByteString(""0kb"")).toBe(0);
		expect(utils.parseByteString(""1kb"")).toBe(1024);
		expect(utils.parseByteString(""100kb"")).toBe(102400);
		expect(utils.parseByteString(""512kb"")).toBe(524288);
		expect(utils.parseByteString(""1mb"")).toBe(1048576);
		expect(utils.parseByteString(""5mb"")).toBe(5242880);
		expect(utils.parseByteString(""2.56GB"")).toBe(2748779069);
		expect(utils.parseByteString(""2.8TB"")).toBe(3078632557772);
	})",snuts
/test/unit/transit.spec.js,AnonymousTest,"{'startLine':21,'endLine':51}","it(""create instance"", () => {
		let transit = new Transit(broker, transporter, transitOptions);
		expect(transit).toBeDefined();
		expect(transit.opts).toBe(transitOptions);
		expect(transit.logger).toBeDefined();
		expect(transit.nodeID).toBe(broker.nodeID);
		expect(transit.instanceID).toBe(broker.instanceID);
		expect(transit.tx).toBe(transporter);
		expect(transit.discoverer).toBe(broker.registry.discoverer);

		expect(transit.pendingRequests).toBeInstanceOf(Map);
		expect(transit.pendingReqStreams).toBeInstanceOf(Map);
		expect(transit.pendingResStreams).toBeInstanceOf(Map);

		expect(transit.stat).toEqual({
			packets: {
				sent: {
					count: 0,
					bytes: 0
				},
				received: {
					count: 0,
					bytes: 0
				}
			}
		});

		expect(transit.connected).toBe(false);
		expect(transit.disconnecting).toBe(false);
		expect(transit.isReady).toBe(false);
	})",snuts
/test/unit/transit.spec.js,IdenticalTestDescription,"{'startLine':858,'endLine':863}","it(""should return false"", () => {
			const pass = transit._handleIncomingRequestStream(
				Object.assign({}, payload, { stream: false })
			);
			expect(pass).toBe(false);
		})",snuts
/test/unit/transit.spec.js,IdenticalTestDescription,"{'startLine':865,'endLine':868}","it(""should return false"", () => {
			const pass = transit._handleIncomingRequestStream(payload);
			expect(pass).toBe(false);
		})",snuts
/test/unit/transit.spec.js,IdenticalTestDescription,"{'startLine':921,'endLine':929}","it(""should create new stream"", () => {
			const pass = transit._handleIncomingRequestStream(
				Object.assign({}, payload, { stream: true, seq: 0 })
			);
			expect(pass).toBeInstanceOf(Transform);
			pass.on(""data"", data => STORE.push(data.toString()));
			pass.on(""error"", errorHandler);
			pass.on(""end"", () => STORE.push(""-- END --""));
		})",snuts
/test/unit/transit.spec.js,IdenticalTestDescription,"{'startLine':931,'endLine':943}","it(""should add chunks"", () => {
			expect(
				transit._handleIncomingRequestStream(
					Object.assign({}, payload, { stream: true, seq: 1, params: ""CHUNK-1"" })
				)
			).toBeNull();
			expect(
				transit._handleIncomingRequestStream(
					Object.assign({}, payload, { stream: true, seq: 2, params: ""CHUNK-2"" })
				)
			).toBeNull();
			expect(STORE).toEqual([""CHUNK-1"", ""CHUNK-2""]);
		})",snuts
/test/unit/transit.spec.js,IdenticalTestDescription,"{'startLine':970,'endLine':978}","it(""should create new stream"", () => {
			const pass = transit._handleIncomingRequestStream(
				Object.assign({}, payload, { stream: true, seq: 0 })
			);
			expect(pass).toBeInstanceOf(Transform);
			pass.on(""data"", data => STORE.push(data.toString()));
			pass.on(""error"", () => STORE.push(""-- ERROR --""));
			pass.on(""end"", () => STORE.push(""-- END --""));
		})",snuts
/test/unit/transit.spec.js,IdenticalTestDescription,"{'startLine':1035,'endLine':1043}","it(""should create new stream"", () => {
			const pass = transit._handleIncomingRequestStream(
				Object.assign({}, payload, { stream: true, seq: 0 })
			);
			expect(pass).toBeInstanceOf(Transform);
			pass.on(""data"", data => STORE.push(data.toString()));
			pass.on(""error"", () => STORE.push(""-- ERROR --""));
			pass.on(""end"", () => STORE.push(""-- END --""));
		})",snuts
/test/unit/transit.spec.js,IdenticalTestDescription,"{'startLine':1045,'endLine':1093}","it(""should reorder chunks"", () => {
			expect(
				transit._handleIncomingRequestStream(
					Object.assign({}, payload, { stream: false, seq: 7 })
				)
			).toBeNull();
			expect(
				transit._handleIncomingRequestStream(
					Object.assign({}, payload, { stream: true, seq: 6, params: ""CHUNK-6"" })
				)
			).toBeNull();
			expect(
				transit._handleIncomingRequestStream(
					Object.assign({}, payload, { stream: true, seq: 5, params: ""CHUNK-5"" })
				)
			).toBeNull();
			expect(
				transit._handleIncomingRequestStream(
					Object.assign({}, payload, { stream: true, seq: 4, params: ""CHUNK-4"" })
				)
			).toBeNull();
			expect(
				transit._handleIncomingRequestStream(
					Object.assign({}, payload, { stream: true, seq: 3, params: ""CHUNK-3"" })
				)
			).toBeNull();
			expect(
				transit._handleIncomingRequestStream(
					Object.assign({}, payload, { stream: true, seq: 2, params: ""CHUNK-2"" })
				)
			).toBeNull();
			expect(
				transit._handleIncomingRequestStream(
					Object.assign({}, payload, { stream: true, seq: 1, params: ""CHUNK-1"" })
				)
			).toBeNull();

			return broker.Promise.delay(100).then(() => {
				expect(STORE).toEqual([
					""CHUNK-1"",
					""CHUNK-2"",
					""CHUNK-3"",
					""CHUNK-4"",
					""CHUNK-5"",
					""CHUNK-6"",
					""-- END --""
				]);
			});
		})",snuts
/test/unit/transit.spec.js,IdenticalTestDescription,"{'startLine':1100,'endLine':1106}","it(""should create new stream"", () => {
			expect(
				transit._handleIncomingRequestStream(
					Object.assign({}, payload, { stream: true, seq: 1, params: ""CHUNK-1"" })
				)
			).toBeNull();
		})",snuts
/test/unit/transit.spec.js,IdenticalTestDescription,"{'startLine':1108,'endLine':1159}","it(""should reorder chunks"", () => {
			const pass = transit._handleIncomingRequestStream(
				Object.assign({}, payload, { stream: true, seq: 0 })
			);
			expect(pass).toBeInstanceOf(Transform);
			pass.on(""data"", data => STORE.push(data.toString()));
			pass.on(""error"", () => STORE.push(""-- ERROR --""));
			pass.on(""end"", () => STORE.push(""-- END --""));

			expect(
				transit._handleIncomingRequestStream(
					Object.assign({}, payload, { stream: true, seq: 4, params: ""CHUNK-4"" })
				)
			).toBeNull();
			expect(
				transit._handleIncomingRequestStream(
					Object.assign({}, payload, { stream: true, seq: 3, params: ""CHUNK-3"" })
				)
			).toBeNull();
			expect(
				transit._handleIncomingRequestStream(
					Object.assign({}, payload, { stream: true, seq: 2, params: ""CHUNK-2"" })
				)
			).toBeNull();
			expect(
				transit._handleIncomingRequestStream(
					Object.assign({}, payload, { stream: false, seq: 7 })
				)
			).toBeNull();
			expect(
				transit._handleIncomingRequestStream(
					Object.assign({}, payload, { stream: true, seq: 6, params: ""CHUNK-6"" })
				)
			).toBeNull();
			expect(
				transit._handleIncomingRequestStream(
					Object.assign({}, payload, { stream: true, seq: 5, params: ""CHUNK-5"" })
				)
			).toBeNull();

			return broker.Promise.delay(500).then(() => {
				expect(STORE).toEqual([
					""CHUNK-1"",
					""CHUNK-2"",
					""CHUNK-3"",
					""CHUNK-4"",
					""CHUNK-5"",
					""CHUNK-6"",
					""-- END --""
				]);
			});
		})",snuts
/test/unit/transit.spec.js,IdenticalTestDescription,"{'startLine':1373,'endLine':1379}","it(""should return false"", () => {
			const pass = transit._handleIncomingResponseStream(
				Object.assign({}, payload, { stream: false, seq: 0 }),
				req
			);
			expect(pass).toBe(false);
		})",snuts
/test/unit/transit.spec.js,IdenticalTestDescription,"{'startLine':1381,'endLine':1387}","it(""should return false"", () => {
			const pass = transit._handleIncomingResponseStream(
				Object.assign({}, payload, { stream: false }),
				req
			);
			expect(pass).toBe(false);
		})",snuts
/test/unit/transit.spec.js,IdenticalTestDescription,"{'startLine':1389,'endLine':1392}","it(""should return false"", () => {
			const pass = transit._handleIncomingResponseStream(payload, req);
			expect(pass).toBe(false);
		})",snuts
/test/unit/transit.spec.js,IdenticalTestDescription,"{'startLine':1406,'endLine':1419}","it(""should create new stream"", () => {
			expect(
				transit._handleIncomingResponseStream(
					Object.assign({}, payload, { stream: true, seq: 0 }),
					req
				)
			).toBe(true);
			expect(req.resolve).toHaveBeenCalledTimes(1);
			const pass = req.resolve.mock.calls[0][0];
			expect(pass).toBeInstanceOf(Transform);
			pass.on(""data"", data => STORE.push(data.toString()));
			pass.on(""error"", () => STORE.push(""-- ERROR --""));
			pass.on(""end"", () => STORE.push(""-- END --""));
		})",snuts
/test/unit/transit.spec.js,IdenticalTestDescription,"{'startLine':1421,'endLine':1441}","it(""should add chunks"", () => {
			expect(
				transit._handleIncomingResponseStream(
					Object.assign({}, payload, { stream: true, seq: 1, data: ""CHUNK-1"" }),
					req
				)
			).toBe(true);
			expect(
				transit._handleIncomingResponseStream(
					Object.assign({}, payload, { stream: true, seq: 2, data: ""CHUNK-2"" }),
					req
				)
			).toBe(true);
			expect(
				transit._handleIncomingResponseStream(
					Object.assign({}, payload, { stream: true, seq: 3, data: ""CHUNK-3"" }),
					req
				)
			).toBe(true);
			expect(STORE).toEqual([""CHUNK-1"", ""CHUNK-2"", ""CHUNK-3""]);
		})",snuts
/test/unit/transit.spec.js,IdenticalTestDescription,"{'startLine':1443,'endLine':1453}","it(""should close the stream"", () => {
			expect(
				transit._handleIncomingResponseStream(
					Object.assign({}, payload, { stream: false, seq: 4 }),
					req
				)
			).toBe(true);
			return broker.Promise.delay(100).then(() => {
				expect(STORE).toEqual([""CHUNK-1"", ""CHUNK-2"", ""CHUNK-3"", ""-- END --""]);
			});
		})",snuts
/test/unit/transit.spec.js,IdenticalTestDescription,"{'startLine':1468,'endLine':1481}","it(""should create new stream"", () => {
			expect(
				transit._handleIncomingResponseStream(
					Object.assign({}, payload, { stream: true, seq: 0 }),
					req
				)
			).toBe(true);
			expect(req.resolve).toHaveBeenCalledTimes(1);
			const pass = req.resolve.mock.calls[0][0];
			expect(pass).toBeInstanceOf(Transform);
			pass.on(""data"", data => STORE.push(data.toString()));
			pass.on(""error"", errorHandler);
			pass.on(""end"", () => STORE.push(""-- END --""));
		})",snuts
/test/unit/transit.spec.js,IdenticalTestDescription,"{'startLine':1483,'endLine':1497}","it(""should add chunks"", () => {
			expect(
				transit._handleIncomingResponseStream(
					Object.assign({}, payload, { stream: true, seq: 1, data: ""CHUNK-1"" }),
					req
				)
			).toBe(true);
			expect(
				transit._handleIncomingResponseStream(
					Object.assign({}, payload, { stream: true, seq: 2, data: ""CHUNK-2"" }),
					req
				)
			).toBe(true);
			expect(STORE).toEqual([""CHUNK-1"", ""CHUNK-2""]);
		})",snuts
/test/unit/transit.spec.js,IdenticalTestDescription,"{'startLine':1499,'endLine':1517}","it(""should got error"", () => {
			expect(
				transit._handleIncomingResponseStream(
					Object.assign({}, payload, {
						success: false,
						stream: false,
						seq: 3,
						error: { name: ""MoleculerError"", message: ""Some stream error"" }
					}),
					req
				)
			).toBe(true);
			return broker.Promise.delay(100).then(() => {
				expect(STORE).toEqual([""CHUNK-1"", ""CHUNK-2"", ""-- ERROR --"", ""-- END --""]);

				expect(errorHandler).toHaveBeenCalledTimes(1);
				expect(errorHandler.mock.calls[0][0]).toBeInstanceOf(E.MoleculerError);
			});
		})",snuts
/test/unit/transit.spec.js,IdenticalTestDescription,"{'startLine':1532,'endLine':1545}","it(""should create new stream"", () => {
			expect(
				transit._handleIncomingResponseStream(
					Object.assign({}, payload, { stream: true, seq: 0 }),
					req
				)
			).toBe(true);
			expect(req.resolve).toHaveBeenCalledTimes(1);
			const pass = req.resolve.mock.calls[0][0];
			expect(pass).toBeInstanceOf(Transform);
			pass.on(""data"", data => STORE.push(data.toString()));
			pass.on(""error"", errorHandler);
			pass.on(""end"", () => STORE.push(""-- END --""));
		})",snuts
/test/unit/transit.spec.js,IdenticalTestDescription,"{'startLine':1547,'endLine':1602}","it(""should reorder chunks"", () => {
			expect(
				transit._handleIncomingResponseStream(
					Object.assign({}, payload, { stream: true, seq: 1, data: ""CHUNK-1"" }),
					req
				)
			).toBe(true);
			expect(
				transit._handleIncomingResponseStream(
					Object.assign({}, payload, { stream: true, seq: 4, data: ""CHUNK-4"" }),
					req
				)
			).toBe(true);
			expect(
				transit._handleIncomingResponseStream(
					Object.assign({}, payload, { stream: true, seq: 3, data: ""CHUNK-3"" }),
					req
				)
			).toBe(true);
			expect(
				transit._handleIncomingResponseStream(
					Object.assign({}, payload, { stream: true, seq: 2, data: ""CHUNK-2"" }),
					req
				)
			).toBe(true);
			expect(
				transit._handleIncomingResponseStream(
					Object.assign({}, payload, { stream: true, seq: 6, data: ""CHUNK-6"" }),
					req
				)
			).toBe(true);
			expect(
				transit._handleIncomingResponseStream(
					Object.assign({}, payload, { stream: true, seq: 5, data: ""CHUNK-5"" }),
					req
				)
			).toBe(true);
			expect(
				transit._handleIncomingResponseStream(
					Object.assign({}, payload, { stream: false, seq: 7 }),
					req
				)
			).toBe(true);

			return broker.Promise.delay(100).then(() => {
				expect(STORE).toEqual([
					""CHUNK-1"",
					""CHUNK-2"",
					""CHUNK-3"",
					""CHUNK-4"",
					""CHUNK-5"",
					""CHUNK-6"",
					""-- END --""
				]);
			});
		})",snuts
/test/unit/transit.spec.js,IdenticalTestDescription,"{'startLine':1617,'endLine':1630}","it(""should create new stream"", () => {
			expect(
				transit._handleIncomingResponseStream(
					Object.assign({}, payload, { stream: true, seq: 0 }),
					req
				)
			).toBe(true);
			expect(req.resolve).toHaveBeenCalledTimes(1);
			const pass = req.resolve.mock.calls[0][0];
			expect(pass).toBeInstanceOf(Transform);
			pass.on(""data"", data => STORE.push(data.toString()));
			pass.on(""error"", errorHandler);
			pass.on(""end"", () => STORE.push(""-- END --""));
		})",snuts
/test/unit/transit.spec.js,IdenticalTestDescription,"{'startLine':1632,'endLine':1687}","it(""should reorder chunks"", () => {
			expect(
				transit._handleIncomingResponseStream(
					Object.assign({}, payload, { stream: false, seq: 7 }),
					req
				)
			).toBe(true);
			expect(
				transit._handleIncomingResponseStream(
					Object.assign({}, payload, { stream: true, seq: 6, data: ""CHUNK-6"" }),
					req
				)
			).toBe(true);
			expect(
				transit._handleIncomingResponseStream(
					Object.assign({}, payload, { stream: true, seq: 5, data: ""CHUNK-5"" }),
					req
				)
			).toBe(true);
			expect(
				transit._handleIncomingResponseStream(
					Object.assign({}, payload, { stream: true, seq: 4, data: ""CHUNK-4"" }),
					req
				)
			).toBe(true);
			expect(
				transit._handleIncomingResponseStream(
					Object.assign({}, payload, { stream: true, seq: 3, data: ""CHUNK-3"" }),
					req
				)
			).toBe(true);
			expect(
				transit._handleIncomingResponseStream(
					Object.assign({}, payload, { stream: true, seq: 2, data: ""CHUNK-2"" }),
					req
				)
			).toBe(true);
			expect(
				transit._handleIncomingResponseStream(
					Object.assign({}, payload, { stream: true, seq: 1, data: ""CHUNK-1"" }),
					req
				)
			).toBe(true);

			return broker.Promise.delay(100).then(() => {
				expect(STORE).toEqual([
					""CHUNK-1"",
					""CHUNK-2"",
					""CHUNK-3"",
					""CHUNK-4"",
					""CHUNK-5"",
					""CHUNK-6"",
					""-- END --""
				]);
			});
		})",snuts
/test/unit/transit.spec.js,IdenticalTestDescription,"{'startLine':1702,'endLine':1709}","it(""should create new stream"", () => {
			expect(
				transit._handleIncomingResponseStream(
					Object.assign({}, payload, { stream: true, seq: 1, data: ""CHUNK-1"" }),
					req
				)
			).toBe(true);
		})",snuts
/test/unit/transit.spec.js,IdenticalTestDescription,"{'startLine':1711,'endLine':1773}","it(""should reorder chunks"", () => {
			expect(
				transit._handleIncomingResponseStream(
					Object.assign({}, payload, { stream: true, seq: 0 }),
					req
				)
			).toBe(true);
			expect(req.resolve).toHaveBeenCalledTimes(1);
			const pass = req.resolve.mock.calls[0][0];
			expect(pass).toBeInstanceOf(Transform);
			pass.on(""data"", data => STORE.push(data.toString()));
			pass.on(""error"", errorHandler);
			pass.on(""end"", () => STORE.push(""-- END --""));

			expect(
				transit._handleIncomingResponseStream(
					Object.assign({}, payload, { stream: true, seq: 4, data: ""CHUNK-4"" }),
					req
				)
			).toBe(true);
			expect(
				transit._handleIncomingResponseStream(
					Object.assign({}, payload, { stream: true, seq: 3, data: ""CHUNK-3"" }),
					req
				)
			).toBe(true);
			expect(
				transit._handleIncomingResponseStream(
					Object.assign({}, payload, { stream: true, seq: 2, data: ""CHUNK-2"" }),
					req
				)
			).toBe(true);
			expect(
				transit._handleIncomingResponseStream(
					Object.assign({}, payload, { stream: false, seq: 7 }),
					req
				)
			).toBe(true);
			expect(
				transit._handleIncomingResponseStream(
					Object.assign({}, payload, { stream: true, seq: 6, data: ""CHUNK-6"" }),
					req
				)
			).toBe(true);
			expect(
				transit._handleIncomingResponseStream(
					Object.assign({}, payload, { stream: true, seq: 5, data: ""CHUNK-5"" }),
					req
				)
			).toBe(true);

			return broker.Promise.delay(500).then(() => {
				expect(STORE).toEqual([
					""CHUNK-1"",
					""CHUNK-2"",
					""CHUNK-3"",
					""CHUNK-4"",
					""CHUNK-5"",
					""CHUNK-6"",
					""-- END --""
				]);
			});
		})",snuts
/test/unit/transit.spec.js,IdenticalTestDescription,"{'startLine':1799,'endLine':1811}","it(""should create packet"", () => {
		return transit
			.request(ctx)
			.catch(protectReject)
			.then(() => {
				expect(transit._sendRequest).toHaveBeenCalledTimes(1);
				expect(transit._sendRequest).toHaveBeenCalledWith(
					ctx,
					expect.any(Function),
					expect.any(Function)
				);
			});
	})",snuts
/test/unit/transit.spec.js,IdenticalTestDescription,"{'startLine':1870,'endLine':1905}","it(""should create packet"", () => {
			return transit
				._sendRequest(ctx, resolve, reject)
				.catch(protectReject)
				.then(() => {
					expect(transit.publish).toHaveBeenCalledTimes(1);
					expect(transit.publish).toHaveBeenCalledWith({
						type: ""REQ"",
						target: ""remote"",
						payload: {
							action: ""users.find"",
							id: ""12345"",
							level: 6,
							meta: { user: { id: 5, roles: [""user""] } },
							tracing: true,
							params: { a: 5 },
							parentID: ""0000"",
							requestID: ""1111"",
							caller: ""posts.list"",
							stream: false,
							timeout: 500
						}
					});

					expect(transit.pendingRequests.get(id)).toEqual({
						action: {
							name: ""users.find""
						},
						nodeID: ""remote"",
						ctx,
						resolve,
						reject,
						stream: false
					});
				});
		})",snuts
/test/unit/transit.spec.js,IdenticalTestDescription,"{'startLine':2524,'endLine':2539}","it(""should broadcast an error"", async () => {
		// Mock an error
		transit.publish = jest.fn(() =>
			Promise.reject(new Error(""Error during failedSendEventPacket!""))
		);

		ctx.eventGroups = [""users"", ""mail""];
		await transit.sendEvent(ctx);

		expect(broker.broadcastLocal).toHaveBeenCalledTimes(1);
		expect(broker.broadcastLocal).toHaveBeenCalledWith(""$transit.error"", {
			error: new Error(""Error during failedSendEventPacket!""),
			module: ""transit"",
			type: C.FAILED_SEND_EVENT_PACKET
		});
	})",snuts
/test/unit/transit.spec.js,IdenticalTestDescription,"{'startLine':2709,'endLine':2724}","it(""should broadcast an error"", async () => {
			// Mock an error
			transit.publish = jest.fn(() =>
				Promise.reject(new Error(""Error during failedSendResponsePacket!""))
			);

			const data = { id: 1, name: ""John Doe"" };
			await transit.sendResponse(""node2"", ""12345"", meta, data);

			expect(broker.broadcastLocal).toHaveBeenCalledTimes(1);
			expect(broker.broadcastLocal).toHaveBeenCalledWith(""$transit.error"", {
				error: new Error(""Error during failedSendResponsePacket!""),
				module: ""transit"",
				type: C.FAILED_SEND_RESPONSE_PACKET
			});
		})",snuts
/test/unit/transit.spec.js,IdenticalTestDescription,"{'startLine':2732,'endLine':2807}","it(""should send stream chunks"", () => {
			transit.publish.mockClear();

			let stream = new Stream.Readable({
				read() {}
			});

			return transit
				.sendResponse(""node2"", ""12345"", meta, stream)
				.then(() => {
					expect(transit.publish).toHaveBeenCalledTimes(1);
					expect(transit.publish).toHaveBeenLastCalledWith({
						payload: {
							data: null,
							id: ""12345"",
							meta,
							seq: 0,
							stream: true,
							success: true
						},
						target: ""node2"",
						type: ""RES""
					});

					transit.publish.mockClear();
					stream.push(""first chunk"");
					stream.push(""second chunk"");
				})
				.delay(100)
				.then(() => {
					expect(transit.publish).toHaveBeenCalledTimes(2);
					expect(transit.publish).toHaveBeenCalledWith({
						payload: {
							data: Buffer.from(""first chunk""),
							id: ""12345"",
							meta,
							seq: 1,
							stream: true,
							success: true
						},
						target: ""node2"",
						type: ""RES""
					});

					expect(transit.publish).toHaveBeenCalledWith({
						payload: {
							data: Buffer.from(""second chunk""),
							id: ""12345"",
							meta,
							seq: 2,
							stream: true,
							success: true
						},
						target: ""node2"",
						type: ""RES""
					});

					transit.publish.mockClear();
					stream.emit(""end"");
				})
				.delay(100)
				.then(() => {
					expect(transit.publish).toHaveBeenCalledWith({
						payload: {
							data: null,
							id: ""12345"",
							meta,
							seq: 3,
							stream: false,
							success: true
						},
						target: ""node2"",
						type: ""RES""
					});
				});
		})",snuts
/test/unit/transit.spec.js,IdenticalTestDescription,"{'startLine':2809,'endLine':2879}","it(""should send stream chunks"", () => {
			transit.publish.mockClear();

			let stream = new Stream.Readable({
				read() {}
			});

			return transit
				.sendResponse(""node2"", ""12345"", meta, stream)
				.then(() => {
					expect(transit.publish).toHaveBeenCalledTimes(1);
					expect(transit.publish).toHaveBeenLastCalledWith({
						payload: {
							data: null,
							id: ""12345"",
							meta,
							seq: 0,
							stream: true,
							success: true
						},
						target: ""node2"",
						type: ""RES""
					});

					transit.publish.mockClear();
					stream.push(""first chunk"");
				})
				.delay(20)
				.then(() => expect(stream.isPaused()).toBeTruthy())
				.delay(80)
				.then(() => {
					expect(stream.isPaused()).toBeFalsy();
					expect(transit.publish).toHaveBeenCalledTimes(1);
					expect(transit.publish).toHaveBeenCalledWith({
						payload: {
							data: Buffer.from(""first chunk""),
							id: ""12345"",
							meta,
							seq: 1,
							stream: true,
							success: true
						},
						target: ""node2"",
						type: ""RES""
					});

					transit.publish.mockClear();
					transit._createPayloadErrorField = jest.fn(() => ({ error: true }));

					stream.emit(""error"", new Error(""Something happened""));
				})
				.delay(100)
				.then(() => {
					expect(transit.publish).toHaveBeenCalledTimes(1);
					expect(transit.publish).toHaveBeenCalledWith({
						payload: {
							data: null,
							error: {
								error: true
							},
							id: ""12345"",
							meta,
							seq: 2,
							stream: false,
							success: false
						},
						target: ""node2"",
						type: ""RES""
					});
				});
		})",snuts
/test/unit/transit.spec.js,IdenticalTestDescription,"{'startLine':2881,'endLine':2958}","it(""should send splitted stream chunks"", () => {
			transit.publish.mockClear();
			transit.opts.maxChunkSize = 100;
			let randomData = crypto.randomBytes(1024);
			let stream = new Stream.Readable({
				read() {}
			});

			return transit
				.sendResponse(""node2"", ""12345"", meta, stream)
				.then(() => {
					expect(transit.publish).toHaveBeenCalledTimes(1);
					expect(transit.publish).toHaveBeenLastCalledWith({
						payload: {
							data: null,
							id: ""12345"",
							meta,
							seq: 0,
							stream: true,
							success: true
						},
						target: ""node2"",
						type: ""RES""
					});

					transit.publish.mockClear();
					stream.push(randomData);
				})
				.delay(20)
				.then(() => expect(stream.isPaused()).toBeTruthy())
				.delay(80)
				.then(() => {
					expect(stream.isPaused()).toBeFalsy();
					expect(transit.publish).toHaveBeenCalledTimes(
						Math.ceil(randomData.length / transit.opts.maxChunkSize)
					);

					for (
						let slice = 0;
						slice < Math.ceil(randomData.length / transit.opts.maxChunkSize);
						++slice
					) {
						expect(transit.publish).toHaveBeenCalledWith({
							payload: {
								data: randomData.slice(
									slice * transit.opts.maxChunkSize,
									(slice + 1) * transit.opts.maxChunkSize
								),
								id: ""12345"",
								meta,
								seq: slice + 1,
								stream: true,
								success: true
							},
							target: ""node2"",
							type: ""RES""
						});
					}

					transit.publish.mockClear();
					stream.emit(""end"");
				})
				.delay(100)
				.then(() => {
					expect(transit.publish).toHaveBeenCalledWith({
						payload: {
							data: null,
							id: ""12345"",
							meta,
							seq: Math.ceil(randomData.length / transit.opts.maxChunkSize) + 1,
							stream: false,
							success: true
						},
						target: ""node2"",
						type: ""RES""
					});
				});
		})",snuts
/test/unit/transit.spec.js,IdenticalTestDescription,"{'startLine':2980,'endLine':2989}","it(""should call publish with correct params"", () => {
		transit.publish = jest.fn(() => Promise.resolve());

		transit.discoverNodes();
		expect(transit.publish).toHaveBeenCalledTimes(1);
		const packet = transit.publish.mock.calls[0][0];
		expect(packet).toBeInstanceOf(P.Packet);
		expect(packet.type).toBe(P.PACKET_DISCOVER);
		expect(packet.payload).toEqual({});
	})",snuts
/test/unit/transit.spec.js,IdenticalTestDescription,"{'startLine':2991,'endLine':3004}","it(""should broadcast an error"", async () => {
		// Mock an error
		transit.publish = jest.fn(() =>
			Promise.reject(new Error(""Error during failedNodesDiscovery!""))
		);

		await transit.discoverNodes();
		expect(broker.broadcastLocal).toHaveBeenCalledTimes(1);
		expect(broker.broadcastLocal).toHaveBeenCalledWith(""$transit.error"", {
			error: new Error(""Error during failedNodesDiscovery!""),
			module: ""transit"",
			type: C.FAILED_NODES_DISCOVERY
		});
	})",snuts
/test/unit/transit.spec.js,IdenticalTestDescription,"{'startLine':3025,'endLine':3035}","it(""should call publish with correct params"", () => {
		transit.publish = jest.fn(() => Promise.resolve());

		transit.discoverNode(""node-2"");
		expect(transit.publish).toHaveBeenCalledTimes(1);
		const packet = transit.publish.mock.calls[0][0];
		expect(packet).toBeInstanceOf(P.Packet);
		expect(packet.type).toBe(P.PACKET_DISCOVER);
		expect(packet.target).toBe(""node-2"");
		expect(packet.payload).toEqual({});
	})",snuts
/test/unit/transit.spec.js,IdenticalTestDescription,"{'startLine':3037,'endLine':3050}","it(""should broadcast an error"", async () => {
		// Mock an error
		transit.publish = jest.fn(() =>
			Promise.reject(new Error(""Error during failedNodeDiscovery!""))
		);

		await transit.discoverNode();
		expect(broker.broadcastLocal).toHaveBeenCalledTimes(1);
		expect(broker.broadcastLocal).toHaveBeenCalledWith(""$transit.error"", {
			error: new Error(""Error during failedNodeDiscovery!""),
			module: ""transit"",
			type: C.FAILED_NODE_DISCOVERY
		});
	})",snuts
/test/unit/transit.spec.js,IdenticalTestDescription,"{'startLine':3136,'endLine':3149}","it(""should broadcast an error"", async () => {
		// Mock an error
		transit.publish = jest.fn(() =>
			Promise.reject(new Error(""Error during failedSendInfoPacket!""))
		);

		await transit.sendNodeInfo(localNodeInfo, ""node2"");
		expect(broker.broadcastLocal).toHaveBeenCalledTimes(1);
		expect(broker.broadcastLocal).toHaveBeenCalledWith(""$transit.error"", {
			error: new Error(""Error during failedSendInfoPacket!""),
			module: ""transit"",
			type: C.FAILED_SEND_INFO_PACKET
		});
	})",snuts
/test/unit/transit.spec.js,IdenticalTestDescription,"{'startLine':3173,'endLine':3181}","it(""should call publish with correct params"", () => {
		transit.sendPing(""node-2"");
		expect(transit.publish).toHaveBeenCalledTimes(1);
		const packet = transit.publish.mock.calls[0][0];
		expect(packet).toBeInstanceOf(P.Packet);
		expect(packet.type).toBe(P.PACKET_PING);
		expect(packet.target).toBe(""node-2"");
		expect(packet.payload).toEqual({ time: expect.any(Number), id: expect.any(String) });
	})",snuts
/test/unit/transit.spec.js,IdenticalTestDescription,"{'startLine':3183,'endLine':3196}","it(""should broadcast an error"", async () => {
		// Mock an error
		transit.publish = jest.fn(() =>
			Promise.reject(new Error(""Error during failedSendPingPacket!""))
		);

		await transit.sendPing(""node-2"");
		expect(broker.broadcastLocal).toHaveBeenCalledTimes(1);
		expect(broker.broadcastLocal).toHaveBeenCalledWith(""$transit.error"", {
			error: new Error(""Error during failedSendPingPacket!""),
			module: ""transit"",
			type: C.FAILED_SEND_PING_PACKET
		});
	})",snuts
/test/unit/transit.spec.js,IdenticalTestDescription,"{'startLine':3220,'endLine':3228}","it(""should call publish with correct params"", () => {
		transit.sendPong({ sender: ""node-2"", time: 123456 });
		expect(transit.publish).toHaveBeenCalledTimes(1);
		const packet = transit.publish.mock.calls[0][0];
		expect(packet).toBeInstanceOf(P.Packet);
		expect(packet.type).toBe(P.PACKET_PONG);
		expect(packet.target).toBe(""node-2"");
		expect(packet.payload).toEqual({ time: 123456, arrived: expect.any(Number) });
	})",snuts
/test/unit/transit.spec.js,IdenticalTestDescription,"{'startLine':3230,'endLine':3243}","it(""should broadcast an error"", async () => {
		// Mock an error
		transit.publish = jest.fn(() =>
			Promise.reject(new Error(""Error during failedSendPongPacket!""))
		);

		await transit.sendPong({ sender: ""node-2"", time: 123456 });
		expect(broker.broadcastLocal).toHaveBeenCalledTimes(1);
		expect(broker.broadcastLocal).toHaveBeenCalledWith(""$transit.error"", {
			error: new Error(""Error during failedSendPongPacket!""),
			module: ""transit"",
			type: C.FAILED_SEND_PONG_PACKET
		});
	})",snuts
/test/unit/transit.spec.js,IdenticalTestDescription,"{'startLine':3290,'endLine':3297}","it(""should call publish with correct params"", () => {
		transit.sendHeartbeat({ cpu: 12 });
		expect(transit.publish).toHaveBeenCalledTimes(1);
		const packet = transit.publish.mock.calls[0][0];
		expect(packet).toBeInstanceOf(P.Packet);
		expect(packet.type).toBe(P.PACKET_HEARTBEAT);
		expect(packet.payload.cpu).toBe(12);
	})",snuts
/test/unit/transit.spec.js,IdenticalTestDescription,"{'startLine':3299,'endLine':3312}","it(""should broadcast an error"", async () => {
		// Mock an error
		transit.publish = jest.fn(() =>
			Promise.reject(new Error(""Error during failedSendHeartbeatPacket!""))
		);

		await transit.sendHeartbeat({ cpu: 12 });
		expect(broker.broadcastLocal).toHaveBeenCalledTimes(1);
		expect(broker.broadcastLocal).toHaveBeenCalledWith(""$transit.error"", {
			error: new Error(""Error during failedSendHeartbeatPacket!""),
			module: ""transit"",
			type: C.FAILED_SEND_HEARTBEAT_PACKET
		});
	})",snuts
/test/unit/transit.spec.js,NonFunctionalStatement,"{'startLine':1942,'endLine':1942}","it(""should send stream chunks"", () => {
			transit.publish.mockClear();

			let stream = new Stream.Readable({
				read() {}
			});
			ctx.params = stream;

			return transit
				._sendRequest(ctx, resolve, reject)
				.catch(protectReject)
				.then(() => {
					expect(transit.publish).toHaveBeenCalledTimes(1);
					expect(transit.publish).toHaveBeenCalledWith({
						type: ""REQ"",
						target: ""remote"",
						payload: {
							action: ""users.find"",
							id: ""12345"",
							level: 1,
							meta: {},
							tracing: null,
							params: null,
							parentID: null,
							requestID: ""req-12345"",
							caller: null,
							seq: 0,
							stream: true,
							timeout: null
						}
					});

					transit.publish.mockClear();
					stream.push(""first chunk"");
					stream.push(""second chunk"");
				})
				.delay(100)
				.then(() => {
					expect(transit.publish).toHaveBeenCalledTimes(2);
					expect(transit.publish).toHaveBeenCalledWith({
						type: ""REQ"",
						target: ""remote"",
						payload: {
							action: ""users.find"",
							id: ""12345"",
							level: 1,
							meta: {},
							tracing: null,
							params: Buffer.from(""first chunk""),
							parentID: null,
							requestID: ""req-12345"",
							caller: null,
							seq: 1,
							stream: true,
							timeout: null
						}
					});

					expect(transit.publish).toHaveBeenCalledWith({
						type: ""REQ"",
						target: ""remote"",
						payload: {
							action: ""users.find"",
							id: ""12345"",
							level: 1,
							meta: {},
							tracing: null,
							params: Buffer.from(""second chunk""),
							parentID: null,
							requestID: ""req-12345"",
							caller: null,
							seq: 2,
							stream: true,
							timeout: null
						}
					});

					transit.publish.mockClear();
					stream.emit(""end"");
				})
				.delay(100)
				.then(() => {
					expect(transit.publish).toHaveBeenCalledWith({
						type: ""REQ"",
						target: ""remote"",
						payload: {
							action: ""users.find"",
							id: ""12345"",
							level: 1,
							meta: {},
							tracing: null,
							params: null,
							parentID: null,
							requestID: ""req-12345"",
							caller: null,
							seq: 3,
							stream: false,
							timeout: null
						}
					});
				});
		})",snuts
/test/unit/transit.spec.js,NonFunctionalStatement,"{'startLine':2046,'endLine':2046}","it(""should send splitted stream chunks"", () => {
			transit.publish.mockClear();
			transit.opts.maxChunkSize = 100;
			let randomData = crypto.randomBytes(1024);
			let stream = new Stream.Readable({
				read() {}
			});
			ctx.params = stream;

			return transit
				._sendRequest(ctx, resolve, reject)
				.catch(protectReject)
				.then(() => {
					expect(transit.publish).toHaveBeenCalledTimes(1);
					expect(transit.publish).toHaveBeenCalledWith({
						type: ""REQ"",
						target: ""remote"",
						payload: {
							action: ""users.find"",
							id: ""12345"",
							level: 1,
							meta: {},
							tracing: null,
							params: null,
							parentID: null,
							requestID: ""req-12345"",
							caller: null,
							seq: 0,
							stream: true,
							timeout: null
						}
					});

					transit.publish.mockClear();
					stream.push(randomData);
				})
				.delay(20)
				.then(() => expect(stream.isPaused()).toBeTruthy())
				.delay(80)
				.then(() => {
					expect(stream.isPaused()).toBeFalsy();
					expect(transit.publish).toHaveBeenCalledTimes(
						Math.ceil(randomData.length / transit.opts.maxChunkSize)
					);

					for (
						let slice = 0;
						slice < Math.ceil(randomData.length / transit.opts.maxChunkSize);
						++slice
					) {
						expect(transit.publish).toHaveBeenCalledWith({
							type: ""REQ"",
							target: ""remote"",
							payload: {
								action: ""users.find"",
								id: ""12345"",
								level: 1,
								meta: {},
								tracing: null,
								params: randomData.slice(
									slice * transit.opts.maxChunkSize,
									(slice + 1) * transit.opts.maxChunkSize
								),
								parentID: null,
								requestID: ""req-12345"",
								caller: null,
								seq: slice + 1,
								stream: true,
								timeout: null
							}
						});
					}

					transit.publish.mockClear();
					stream.emit(""end"");
				})
				.delay(100)
				.then(() => {
					expect(transit.publish).toHaveBeenCalledWith({
						type: ""REQ"",
						target: ""remote"",
						payload: {
							action: ""users.find"",
							id: ""12345"",
							level: 1,
							meta: {},
							tracing: null,
							params: null,
							parentID: null,
							requestID: ""req-12345"",
							caller: null,
							seq: Math.ceil(randomData.length / transit.opts.maxChunkSize) + 1,
							stream: false,
							timeout: null
						}
					});
				});
		})",snuts
/test/unit/transit.spec.js,NonFunctionalStatement,"{'startLine':2234,'endLine':2234}","it(""should send stream error"", () => {
			transit.publish.mockClear();

			let stream = new Stream.Readable({
				read() {}
			});
			ctx.params = stream;

			return transit
				._sendRequest(ctx, resolve, reject)
				.catch(protectReject)
				.then(() => {
					expect(transit.publish).toHaveBeenCalledTimes(1);
					expect(transit.publish).toHaveBeenCalledWith({
						type: ""REQ"",
						target: ""remote"",
						payload: {
							action: ""users.find"",
							id: ""12345"",
							level: 1,
							meta: {},
							tracing: null,
							params: null,
							parentID: null,
							requestID: ""req-12345"",
							caller: null,
							seq: 0,
							stream: true,
							timeout: null
						}
					});

					transit.publish.mockClear();
					stream.push(""first chunk"");
				})
				.delay(100)
				.then(() => {
					expect(transit.publish).toHaveBeenCalledTimes(1);
					expect(transit.publish).toHaveBeenCalledWith({
						type: ""REQ"",
						target: ""remote"",
						payload: {
							action: ""users.find"",
							id: ""12345"",
							level: 1,
							meta: {},
							tracing: null,
							params: Buffer.from(""first chunk""),
							parentID: null,
							requestID: ""req-12345"",
							caller: null,
							seq: 1,
							stream: true,
							timeout: null
						}
					});

					transit.publish.mockClear();
					transit._createPayloadErrorField = jest.fn(() => ({ error: true }));

					stream.emit(""error"", new Error(""Something happened""));
				})
				.delay(100)
				.then(() => {
					expect(transit.publish).toHaveBeenCalledTimes(1);
					expect(transit.publish).toHaveBeenCalledWith({
						type: ""REQ"",
						target: ""remote"",
						payload: {
							action: ""users.find"",
							id: ""12345"",
							level: 1,
							meta: {
								$streamError: {
									error: true
								}
							},
							tracing: null,
							params: null,
							parentID: null,
							requestID: ""req-12345"",
							caller: null,
							seq: 2,
							stream: false,
							timeout: null
						}
					});

					expect(transit._createPayloadErrorField).toHaveBeenCalledTimes(1);
				});
		})",snuts
/test/unit/transit.spec.js,NonFunctionalStatement,"{'startLine':2327,'endLine':2327}","it(""should send stream objects"", () => {
			transit.publish.mockClear();

			let stream = new Stream.Readable({
				objectMode: true,
				read() {}
			});
			ctx.params = stream;

			return transit
				._sendRequest(ctx, resolve, reject)
				.catch(protectReject)
				.then(() => {
					expect(transit.publish).toHaveBeenCalledTimes(1);
					expect(transit.publish).toHaveBeenCalledWith({
						type: ""REQ"",
						target: ""remote"",
						payload: {
							action: ""users.find"",
							id: ""12345"",
							level: 1,
							meta: { $streamObjectMode: true },
							tracing: null,
							params: null,
							parentID: null,
							requestID: ""req-12345"",
							caller: null,
							seq: 0,
							stream: true,
							timeout: null
						}
					});

					transit.publish.mockClear();
					stream.push({ id: 0 });
					stream.push({ id: 1 });
				})
				.delay(100)
				.then(() => {
					expect(transit.publish).toHaveBeenCalledTimes(2);
					expect(transit.publish).toHaveBeenCalledWith({
						type: ""REQ"",
						target: ""remote"",
						payload: {
							action: ""users.find"",
							id: ""12345"",
							level: 1,
							meta: { $streamObjectMode: true },
							tracing: null,
							params: { id: 0 },
							parentID: null,
							requestID: ""req-12345"",
							caller: null,
							seq: 1,
							stream: true,
							timeout: null
						}
					});

					expect(transit.publish).toHaveBeenCalledWith({
						type: ""REQ"",
						target: ""remote"",
						payload: {
							action: ""users.find"",
							id: ""12345"",
							level: 1,
							meta: { $streamObjectMode: true },
							tracing: null,
							params: { id: 1 },
							parentID: null,
							requestID: ""req-12345"",
							caller: null,
							seq: 2,
							stream: true,
							timeout: null
						}
					});

					transit.publish.mockClear();
					stream.emit(""end"");
				})
				.delay(100)
				.then(() => {
					expect(transit.publish).toHaveBeenCalledWith({
						type: ""REQ"",
						target: ""remote"",
						payload: {
							action: ""users.find"",
							id: ""12345"",
							level: 1,
							meta: { $streamObjectMode: true },
							tracing: null,
							params: null,
							parentID: null,
							requestID: ""req-12345"",
							caller: null,
							seq: 3,
							stream: false,
							timeout: null
						}
					});
				});
		})",snuts
/test/unit/transit.spec.js,NonFunctionalStatement,"{'startLine':2736,'endLine':2736}","it(""should send stream chunks"", () => {
			transit.publish.mockClear();

			let stream = new Stream.Readable({
				read() {}
			});

			return transit
				.sendResponse(""node2"", ""12345"", meta, stream)
				.then(() => {
					expect(transit.publish).toHaveBeenCalledTimes(1);
					expect(transit.publish).toHaveBeenLastCalledWith({
						payload: {
							data: null,
							id: ""12345"",
							meta,
							seq: 0,
							stream: true,
							success: true
						},
						target: ""node2"",
						type: ""RES""
					});

					transit.publish.mockClear();
					stream.push(""first chunk"");
					stream.push(""second chunk"");
				})
				.delay(100)
				.then(() => {
					expect(transit.publish).toHaveBeenCalledTimes(2);
					expect(transit.publish).toHaveBeenCalledWith({
						payload: {
							data: Buffer.from(""first chunk""),
							id: ""12345"",
							meta,
							seq: 1,
							stream: true,
							success: true
						},
						target: ""node2"",
						type: ""RES""
					});

					expect(transit.publish).toHaveBeenCalledWith({
						payload: {
							data: Buffer.from(""second chunk""),
							id: ""12345"",
							meta,
							seq: 2,
							stream: true,
							success: true
						},
						target: ""node2"",
						type: ""RES""
					});

					transit.publish.mockClear();
					stream.emit(""end"");
				})
				.delay(100)
				.then(() => {
					expect(transit.publish).toHaveBeenCalledWith({
						payload: {
							data: null,
							id: ""12345"",
							meta,
							seq: 3,
							stream: false,
							success: true
						},
						target: ""node2"",
						type: ""RES""
					});
				});
		})",snuts
/test/unit/transit.spec.js,NonFunctionalStatement,"{'startLine':2813,'endLine':2813}","it(""should send stream chunks"", () => {
			transit.publish.mockClear();

			let stream = new Stream.Readable({
				read() {}
			});

			return transit
				.sendResponse(""node2"", ""12345"", meta, stream)
				.then(() => {
					expect(transit.publish).toHaveBeenCalledTimes(1);
					expect(transit.publish).toHaveBeenLastCalledWith({
						payload: {
							data: null,
							id: ""12345"",
							meta,
							seq: 0,
							stream: true,
							success: true
						},
						target: ""node2"",
						type: ""RES""
					});

					transit.publish.mockClear();
					stream.push(""first chunk"");
				})
				.delay(20)
				.then(() => expect(stream.isPaused()).toBeTruthy())
				.delay(80)
				.then(() => {
					expect(stream.isPaused()).toBeFalsy();
					expect(transit.publish).toHaveBeenCalledTimes(1);
					expect(transit.publish).toHaveBeenCalledWith({
						payload: {
							data: Buffer.from(""first chunk""),
							id: ""12345"",
							meta,
							seq: 1,
							stream: true,
							success: true
						},
						target: ""node2"",
						type: ""RES""
					});

					transit.publish.mockClear();
					transit._createPayloadErrorField = jest.fn(() => ({ error: true }));

					stream.emit(""error"", new Error(""Something happened""));
				})
				.delay(100)
				.then(() => {
					expect(transit.publish).toHaveBeenCalledTimes(1);
					expect(transit.publish).toHaveBeenCalledWith({
						payload: {
							data: null,
							error: {
								error: true
							},
							id: ""12345"",
							meta,
							seq: 2,
							stream: false,
							success: false
						},
						target: ""node2"",
						type: ""RES""
					});
				});
		})",snuts
/test/unit/transit.spec.js,NonFunctionalStatement,"{'startLine':2886,'endLine':2886}","it(""should send splitted stream chunks"", () => {
			transit.publish.mockClear();
			transit.opts.maxChunkSize = 100;
			let randomData = crypto.randomBytes(1024);
			let stream = new Stream.Readable({
				read() {}
			});

			return transit
				.sendResponse(""node2"", ""12345"", meta, stream)
				.then(() => {
					expect(transit.publish).toHaveBeenCalledTimes(1);
					expect(transit.publish).toHaveBeenLastCalledWith({
						payload: {
							data: null,
							id: ""12345"",
							meta,
							seq: 0,
							stream: true,
							success: true
						},
						target: ""node2"",
						type: ""RES""
					});

					transit.publish.mockClear();
					stream.push(randomData);
				})
				.delay(20)
				.then(() => expect(stream.isPaused()).toBeTruthy())
				.delay(80)
				.then(() => {
					expect(stream.isPaused()).toBeFalsy();
					expect(transit.publish).toHaveBeenCalledTimes(
						Math.ceil(randomData.length / transit.opts.maxChunkSize)
					);

					for (
						let slice = 0;
						slice < Math.ceil(randomData.length / transit.opts.maxChunkSize);
						++slice
					) {
						expect(transit.publish).toHaveBeenCalledWith({
							payload: {
								data: randomData.slice(
									slice * transit.opts.maxChunkSize,
									(slice + 1) * transit.opts.maxChunkSize
								),
								id: ""12345"",
								meta,
								seq: slice + 1,
								stream: true,
								success: true
							},
							target: ""node2"",
							type: ""RES""
						});
					}

					transit.publish.mockClear();
					stream.emit(""end"");
				})
				.delay(100)
				.then(() => {
					expect(transit.publish).toHaveBeenCalledWith({
						payload: {
							data: null,
							id: ""12345"",
							meta,
							seq: Math.ceil(randomData.length / transit.opts.maxChunkSize) + 1,
							stream: false,
							success: true
						},
						target: ""node2"",
						type: ""RES""
					});
				});
		})",snuts
/test/unit/transit.spec.js,VerboseStatement,"{'startLine':21,'endLine':51}","it(""create instance"", () => {
		let transit = new Transit(broker, transporter, transitOptions);
		expect(transit).toBeDefined();
		expect(transit.opts).toBe(transitOptions);
		expect(transit.logger).toBeDefined();
		expect(transit.nodeID).toBe(broker.nodeID);
		expect(transit.instanceID).toBe(broker.instanceID);
		expect(transit.tx).toBe(transporter);
		expect(transit.discoverer).toBe(broker.registry.discoverer);

		expect(transit.pendingRequests).toBeInstanceOf(Map);
		expect(transit.pendingReqStreams).toBeInstanceOf(Map);
		expect(transit.pendingResStreams).toBeInstanceOf(Map);

		expect(transit.stat).toEqual({
			packets: {
				sent: {
					count: 0,
					bytes: 0
				},
				received: {
					count: 0,
					bytes: 0
				}
			}
		});

		expect(transit.connected).toBe(false);
		expect(transit.disconnecting).toBe(false);
		expect(transit.isReady).toBe(false);
	})",snuts
/test/unit/transit.spec.js,VerboseStatement,"{'startLine':1238,'endLine':1283}","it(""should call reject with error"", () => {
		transit._handleIncomingResponseStream.mockClear();

		let err;
		let req = {
			action: { name: ""posts.find"" },
			ctx: { nodeID: null },
			resolve: jest.fn(),
			reject: jest.fn(e => (err = e))
		};
		transit.pendingRequests.set(id, req);

		let payload = {
			ver: ""4"",
			sender: ""remote"",
			id,
			success: false,
			error: {
				name: ""ValidationError"",
				code: 422,
				retryable: true,
				data: { a: 5 },
				stack: ""STACK-TRACE""
			}
		};

		transit.responseHandler(payload);

		expect(transit._handleIncomingResponseStream).toHaveBeenCalledTimes(0);

		expect(req.reject).toHaveBeenCalledTimes(1);
		expect(req.reject).toHaveBeenCalledWith(err);
		expect(req.resolve).toHaveBeenCalledTimes(0);
		expect(req.ctx.nodeID).toBe(""remote"");

		expect(err).toBeInstanceOf(Error);
		expect(err).toBeInstanceOf(E.ValidationError);
		expect(err.name).toBe(""ValidationError"");
		expect(err.code).toBe(422);
		expect(err.retryable).toBe(true);
		expect(err.data).toEqual({ a: 5 });
		expect(err.stack).toBe(""STACK-TRACE"");
		expect(err.nodeID).toBe(""remote"");

		expect(transit.pendingRequests.size).toBe(0);
	})",snuts
/test/unit/transit.spec.js,VerboseStatement,"{'startLine':1285,'endLine':1329}","it(""should call reject with custom error"", () => {
		transit._handleIncomingResponseStream.mockClear();

		let err;
		let req = {
			action: { name: ""posts.find"" },
			ctx: { nodeID: null },
			resolve: jest.fn(),
			reject: jest.fn(e => (err = e))
		};
		transit.pendingRequests.set(id, req);

		let payload = {
			ver: ""4"",
			sender: ""remote"",
			id,
			success: false,
			error: {
				name: ""MyCustomError"",
				code: 456,
				retryable: true,
				data: { a: 5 },
				stack: ""MY-STACK-TRACE""
			}
		};

		transit.responseHandler(payload);

		expect(transit._handleIncomingResponseStream).toHaveBeenCalledTimes(0);

		expect(req.reject).toHaveBeenCalledTimes(1);
		expect(req.reject).toHaveBeenCalledWith(err);
		expect(req.resolve).toHaveBeenCalledTimes(0);
		expect(req.ctx.nodeID).toBe(""remote"");

		expect(err).toBeInstanceOf(Error);
		expect(err.name).toBe(""MyCustomError"");
		expect(err.code).toBe(456);
		expect(err.retryable).toBe(true);
		expect(err.data).toEqual({ a: 5 });
		expect(err.stack).toBe(""MY-STACK-TRACE"");
		expect(err.nodeID).toBe(""remote"");

		expect(transit.pendingRequests.size).toBe(0);
	})",snuts
/test/unit/transit.spec.js,VerboseStatement,"{'startLine':1711,'endLine':1773}","it(""should reorder chunks"", () => {
			expect(
				transit._handleIncomingResponseStream(
					Object.assign({}, payload, { stream: true, seq: 0 }),
					req
				)
			).toBe(true);
			expect(req.resolve).toHaveBeenCalledTimes(1);
			const pass = req.resolve.mock.calls[0][0];
			expect(pass).toBeInstanceOf(Transform);
			pass.on(""data"", data => STORE.push(data.toString()));
			pass.on(""error"", errorHandler);
			pass.on(""end"", () => STORE.push(""-- END --""));

			expect(
				transit._handleIncomingResponseStream(
					Object.assign({}, payload, { stream: true, seq: 4, data: ""CHUNK-4"" }),
					req
				)
			).toBe(true);
			expect(
				transit._handleIncomingResponseStream(
					Object.assign({}, payload, { stream: true, seq: 3, data: ""CHUNK-3"" }),
					req
				)
			).toBe(true);
			expect(
				transit._handleIncomingResponseStream(
					Object.assign({}, payload, { stream: true, seq: 2, data: ""CHUNK-2"" }),
					req
				)
			).toBe(true);
			expect(
				transit._handleIncomingResponseStream(
					Object.assign({}, payload, { stream: false, seq: 7 }),
					req
				)
			).toBe(true);
			expect(
				transit._handleIncomingResponseStream(
					Object.assign({}, payload, { stream: true, seq: 6, data: ""CHUNK-6"" }),
					req
				)
			).toBe(true);
			expect(
				transit._handleIncomingResponseStream(
					Object.assign({}, payload, { stream: true, seq: 5, data: ""CHUNK-5"" }),
					req
				)
			).toBe(true);

			return broker.Promise.delay(500).then(() => {
				expect(STORE).toEqual([
					""CHUNK-1"",
					""CHUNK-2"",
					""CHUNK-3"",
					""CHUNK-4"",
					""CHUNK-5"",
					""CHUNK-6"",
					""-- END --""
				]);
			});
		})",snuts
/test/unit/transit.spec.js,VerboseStatement,"{'startLine':2682,'endLine':2707}","it(""should call publish with the error"", () => {
			transit.publish.mockClear();
			transit.sendResponse(
				""node2"",
				""12345"",
				meta,
				null,
				new E.ValidationError(""Not valid params"", ""ERR_INVALID_A_PARAM"", { a: ""Too small"" })
			);
			expect(transit.publish).toHaveBeenCalledTimes(1);
			const packet = transit.publish.mock.calls[0][0];
			expect(packet).toBeInstanceOf(P.Packet);
			expect(packet.type).toBe(P.PACKET_RESPONSE);
			expect(packet.target).toBe(""node2"");
			expect(packet.payload.id).toBe(""12345"");
			expect(packet.payload.meta).toBe(meta);
			expect(packet.payload.success).toBe(false);
			expect(packet.payload.data).toBeNull();
			expect(packet.payload.error).toBeDefined();
			expect(packet.payload.error.name).toBe(""ValidationError"");
			expect(packet.payload.error.message).toBe(""Not valid params"");
			expect(packet.payload.error.code).toBe(422);
			expect(packet.payload.error.type).toBe(""ERR_INVALID_A_PARAM"");
			expect(packet.payload.error.nodeID).toBe(""node1"");
			expect(packet.payload.error.data).toEqual({ a: ""Too small"" });
		})",snuts
/test/unit/service.spec.js,IdenticalTestDescription,"{'startLine':565,'endLine':584}","it(""should call broker methods"", async () => {
			svc.parseServiceSchema({
				name: ""posts""
			});

			broker.registerLocalService.mockClear();
			broker.callMiddlewareHook.mockClear();
			svc.waitForServices.mockClear();

			await svc._start();

			expect(broker.callMiddlewareHook).toBeCalledTimes(2);
			expect(broker.callMiddlewareHook).toHaveBeenNthCalledWith(1, ""serviceStarting"", [svc]);
			expect(broker.callMiddlewareHook).toHaveBeenNthCalledWith(2, ""serviceStarted"", [svc]);

			expect(broker.registerLocalService).toBeCalledTimes(1);
			expect(broker.registerLocalService).toBeCalledWith(svc._serviceSpecification);

			expect(svc.waitForServices).toBeCalledTimes(0);
		})",snuts
/test/unit/service.spec.js,IdenticalTestDescription,"{'startLine':685,'endLine':701}","it(""should call broker methods"", async () => {
			svc.parseServiceSchema({
				name: ""posts""
			});

			broker.callMiddlewareHook.mockClear();

			await svc._stop();

			expect(broker.callMiddlewareHook).toBeCalledTimes(2);
			expect(broker.callMiddlewareHook).toHaveBeenNthCalledWith(1, ""serviceStopping"", [svc], {
				reverse: true
			});
			expect(broker.callMiddlewareHook).toHaveBeenNthCalledWith(2, ""serviceStopped"", [svc], {
				reverse: true
			});
		})",snuts
/test/unit/service.spec.js,IdenticalTestDescription,"{'startLine':822,'endLine':832}","it(""should throw error if action handler is not defined"", () => {
			expect(() => {
				svc._createAction({}, ""list"");
			}).toThrowError(""Missing action handler on 'list' action in 'v2.posts' service!"");
			expect(() => {
				svc._createAction({ handler: null }, ""list"");
			}).toThrowError(""Missing action handler on 'list' action in 'v2.posts' service!"");
			expect(() => {
				svc._createAction({ handler: ""wrong"" }, ""list"");
			}).toThrowError(""Missing action handler on 'list' action in 'v2.posts' service!"");
		})",snuts
/test/unit/service.spec.js,IdenticalTestDescription,"{'startLine':834,'endLine':855}","it(""should create action definition from a shorthand handler"", () => {
			const handler = jest.fn(function () {
				expect(this).toBe(svc);
				return ""Hello"";
			});
			svc.Promise.method.mockClear();

			const res = svc._createAction(handler, ""list"");

			expect(res).toEqual({
				name: ""v2.posts.list"",
				rawName: ""list"",
				handler: expect.any(Function),
				service: svc
			});

			expect.assertions(4);

			expect(svc.Promise.method).toBeCalledTimes(1);

			return res.handler().then(res => expect(res).toBe(""Hello""));
		})",snuts
/test/unit/service.spec.js,IdenticalTestDescription,"{'startLine':929,'endLine':947}","it(""should set cache: true if $cache is defined in service settings"", () => {
			svc.settings.$cache = false;

			const handler = jest.fn(() => ""Hello"");
			const res = svc._createAction(
				{
					handler
				},
				""list""
			);

			expect(res).toStrictEqual({
				name: ""v2.posts.list"",
				rawName: ""list"",
				handler: expect.any(Function),
				service: svc,
				cache: false
			});
		})",snuts
/test/unit/service.spec.js,IdenticalTestDescription,"{'startLine':970,'endLine':993}","it(""should not overwrite cache value if defined in action schema"", () => {
			svc.settings.$cache = true;

			const handler = jest.fn(() => ""Hello"");
			const res = svc._createAction(
				{
					handler,
					cache: {
						keys: [""id""]
					}
				},
				""list""
			);

			expect(res).toStrictEqual({
				name: ""v2.posts.list"",
				rawName: ""list"",
				handler: expect.any(Function),
				service: svc,
				cache: {
					keys: [""id""]
				}
			});
		})",snuts
/test/unit/service.spec.js,IdenticalTestDescription,"{'startLine':1692,'endLine':1720}","it(""should merge values"", () => {
			const src = {
				a: 5,
				b: ""John"",
				c: {
					d: true,
					e: 45.8
				}
			};

			const prev = {
				a: 10,
				c: {
					e: 10.5,
					f: ""Fox""
				}
			};

			const res = Service.prototype.mergeSchemaMetadata(src, prev);
			expect(res).toEqual({
				a: 5,
				b: ""John"",
				c: {
					d: true,
					e: 45.8,
					f: ""Fox""
				}
			});
		})",snuts
/test/unit/service.spec.js,IdenticalTestDescription,"{'startLine':1724,'endLine':1730}","it(""should merge values"", () => {
			const src = [1, 2, 3, 4, 5];
			const prev = [2, 4, 6, 8, 10];

			const res = Service.prototype.mergeSchemaUniqArray(src, prev);
			expect(res).toEqual([1, 2, 3, 4, 5, 6, 8, 10]);
		})",snuts
/test/unit/service.spec.js,IdenticalTestDescription,"{'startLine':1751,'endLine':1762}","it(""should merge values"", () => {
			jest.spyOn(Service.prototype, ""mergeSchemaUniqArray"");

			const src = [1, 2, 3, 4, 5];
			const prev = [2, 4, 6, 8, 10];

			const res = Service.prototype.mergeSchemaDependencies(src, prev);
			expect(res).toEqual([1, 2, 3, 4, 5, 6, 8, 10]);

			expect(Service.prototype.mergeSchemaUniqArray).toBeCalledTimes(1);
			expect(Service.prototype.mergeSchemaUniqArray).toBeCalledWith(src, prev);
		})",snuts
/test/unit/service.spec.js,IdenticalTestDescription,"{'startLine':1766,'endLine':1807}","it(""should merge values"", () => {
			const src = {
				before: {
					all: ""src-before-all""
				},
				after: {
					list: [""src-after-list1"", ""src-after-list2""]
				},
				error: {
					all: ""src-error-all"",
					remove: ""src-error-remove""
				}
			};

			const prev = {
				before: {
					all: ""prev-before-all"",
					create: ""prev-before-create""
				},
				after: {
					list: ""prev-after-list""
				},
				error: {
					all: ""prev-error-all""
				}
			};

			const res = Service.prototype.mergeSchemaHooks(src, prev);
			expect(res).toEqual({
				before: {
					all: [""prev-before-all"", ""src-before-all""],
					create: ""prev-before-create""
				},
				after: {
					list: [""src-after-list1"", ""src-after-list2"", ""prev-after-list""]
				},
				error: {
					all: [""src-error-all"", ""prev-error-all""],
					remove: [""src-error-remove""]
				}
			});
		})",snuts
/test/unit/service.spec.js,IdenticalTestDescription,"{'startLine':1944,'endLine':1966}","it(""should merge values"", () => {
			const src = {
				find: ""src-find"",
				list: ""src-list"",
				update: ""src-update""
			};

			const prev = {
				create: ""prev-create"",
				list: ""prev-list"",
				update: ""prev-update"",
				remove: ""prev-remove""
			};

			const res = Service.prototype.mergeSchemaMethods(src, prev);
			expect(res).toEqual({
				create: ""prev-create"",
				find: ""src-find"",
				list: ""src-list"",
				update: ""src-update"",
				remove: ""prev-remove""
			});
		})",snuts
/test/unit/service.spec.js,IdenticalTestDescription,"{'startLine':1970,'endLine':2026}","it(""should merge actions"", () => {
			const src = {
				create() {},
				find: {
					params: {
						count: ""number""
					},
					handler() {}
				},
				update: {
					handler() {}
				}
			};

			const prev = {
				find: {
					group: ""user""
				},

				update: {
					handler() {}
				},

				patch: {
					params: {
						update: ""object""
					},
					handler() {}
				},

				remove() {}
			};

			const res = Service.prototype.mergeSchemaEvents(src, prev);
			expect(res).toEqual({
				create: {
					handler: expect.any(Function)
				},
				find: {
					group: ""user"",
					params: {
						count: ""number""
					},
					handler: expect.any(Function)
				},
				update: {
					handler: [expect.any(Function), expect.any(Function)]
				},
				patch: {
					params: {
						update: ""object""
					},
					handler: expect.any(Function)
				},
				remove: expect.any(Function)
			});
		})",snuts
/test/unit/service.spec.js,IdenticalTestDescription,"{'startLine':2030,'endLine':2036}","it(""should merge values"", () => {
			const res = Service.prototype.mergeSchemaLifecycleHandlers(
				""src-created"",
				""prev-created""
			);
			expect(res).toEqual([""prev-created"", ""src-created""]);
		})",snuts
/test/unit/service.spec.js,IdenticalTestDescription,"{'startLine':2040,'endLine':2049}","it(""should merge values"", () => {
			expect(Service.prototype.mergeSchemaUnknown(""John"", ""Bob"")).toBe(""John"");
			expect(Service.prototype.mergeSchemaUnknown(""John"", null)).toBe(""John"");
			expect(Service.prototype.mergeSchemaUnknown(null, ""Bob"")).toBeNull();
			expect(Service.prototype.mergeSchemaUnknown(null, null)).toBeNull();

			expect(Service.prototype.mergeSchemaUnknown(""John"", undefined)).toBe(""John"");
			expect(Service.prototype.mergeSchemaUnknown(undefined, ""Bob"")).toBe(""Bob"");
			expect(Service.prototype.mergeSchemaUnknown(undefined, undefined)).toBeUndefined();
		})",snuts
/test/unit/service.spec.js,NonFunctionalStatement,"{'startLine':147,'endLine':147}","it(""should throw error if method name is now allowed"", () => {
			expect(() => {
				svc.parseServiceSchema({
					name: ""posts"",
					methods: {
						actions() {}
					}
				});
			}).toThrowError(""Invalid method name 'actions' in 'posts' service!"");

			expect(() => {
				svc.parseServiceSchema({
					name: ""posts"",
					methods: {
						applyMixins() {}
					}
				});
			}).toThrowError(""Invalid method name 'applyMixins' in 'posts' service!"");

			expect(() => {
				svc.parseServiceSchema({
					name: ""posts"",
					methods: {
						mergeSchemaSettings() {}
					}
				});
			}).toThrowError(""Invalid method name 'mergeSchemaSettings' in 'posts' service!"");

			expect(() => {
				svc.parseServiceSchema({
					name: ""posts"",
					methods: {
						mergeSchemaUnknown() {}
					}
				});
			}).toThrowError(""Invalid method name 'mergeSchemaUnknown' in 'posts' service!"");
		})",snuts
/test/unit/service.spec.js,NonFunctionalStatement,"{'startLine':156,'endLine':156}","it(""should throw error if method name is now allowed"", () => {
			expect(() => {
				svc.parseServiceSchema({
					name: ""posts"",
					methods: {
						actions() {}
					}
				});
			}).toThrowError(""Invalid method name 'actions' in 'posts' service!"");

			expect(() => {
				svc.parseServiceSchema({
					name: ""posts"",
					methods: {
						applyMixins() {}
					}
				});
			}).toThrowError(""Invalid method name 'applyMixins' in 'posts' service!"");

			expect(() => {
				svc.parseServiceSchema({
					name: ""posts"",
					methods: {
						mergeSchemaSettings() {}
					}
				});
			}).toThrowError(""Invalid method name 'mergeSchemaSettings' in 'posts' service!"");

			expect(() => {
				svc.parseServiceSchema({
					name: ""posts"",
					methods: {
						mergeSchemaUnknown() {}
					}
				});
			}).toThrowError(""Invalid method name 'mergeSchemaUnknown' in 'posts' service!"");
		})",snuts
/test/unit/service.spec.js,NonFunctionalStatement,"{'startLine':165,'endLine':165}","it(""should throw error if method name is now allowed"", () => {
			expect(() => {
				svc.parseServiceSchema({
					name: ""posts"",
					methods: {
						actions() {}
					}
				});
			}).toThrowError(""Invalid method name 'actions' in 'posts' service!"");

			expect(() => {
				svc.parseServiceSchema({
					name: ""posts"",
					methods: {
						applyMixins() {}
					}
				});
			}).toThrowError(""Invalid method name 'applyMixins' in 'posts' service!"");

			expect(() => {
				svc.parseServiceSchema({
					name: ""posts"",
					methods: {
						mergeSchemaSettings() {}
					}
				});
			}).toThrowError(""Invalid method name 'mergeSchemaSettings' in 'posts' service!"");

			expect(() => {
				svc.parseServiceSchema({
					name: ""posts"",
					methods: {
						mergeSchemaUnknown() {}
					}
				});
			}).toThrowError(""Invalid method name 'mergeSchemaUnknown' in 'posts' service!"");
		})",snuts
/test/unit/service.spec.js,NonFunctionalStatement,"{'startLine':174,'endLine':174}","it(""should throw error if method name is now allowed"", () => {
			expect(() => {
				svc.parseServiceSchema({
					name: ""posts"",
					methods: {
						actions() {}
					}
				});
			}).toThrowError(""Invalid method name 'actions' in 'posts' service!"");

			expect(() => {
				svc.parseServiceSchema({
					name: ""posts"",
					methods: {
						applyMixins() {}
					}
				});
			}).toThrowError(""Invalid method name 'applyMixins' in 'posts' service!"");

			expect(() => {
				svc.parseServiceSchema({
					name: ""posts"",
					methods: {
						mergeSchemaSettings() {}
					}
				});
			}).toThrowError(""Invalid method name 'mergeSchemaSettings' in 'posts' service!"");

			expect(() => {
				svc.parseServiceSchema({
					name: ""posts"",
					methods: {
						mergeSchemaUnknown() {}
					}
				});
			}).toThrowError(""Invalid method name 'mergeSchemaUnknown' in 'posts' service!"");
		})",snuts
/test/unit/service.spec.js,NonFunctionalStatement,"{'startLine':563,'endLine':563}","describe(""Test _start"", () => {
		const broker = new ServiceBroker({ logger: false });

		const svc = new Service(broker);

		jest.spyOn(broker, ""registerLocalService"");
		jest.spyOn(broker, ""callMiddlewareHook"");
		jest.spyOn(svc, ""waitForServices"").mockImplementation(async () => {});

		it(""should call broker methods"", async () => {
			svc.parseServiceSchema({
				name: ""posts""
			});

			broker.registerLocalService.mockClear();
			broker.callMiddlewareHook.mockClear();
			svc.waitForServices.mockClear();

			await svc._start();

			expect(broker.callMiddlewareHook).toBeCalledTimes(2);
			expect(broker.callMiddlewareHook).toHaveBeenNthCalledWith(1, ""serviceStarting"", [svc]);
			expect(broker.callMiddlewareHook).toHaveBeenNthCalledWith(2, ""serviceStarted"", [svc]);

			expect(broker.registerLocalService).toBeCalledTimes(1);
			expect(broker.registerLocalService).toBeCalledWith(svc._serviceSpecification);

			expect(svc.waitForServices).toBeCalledTimes(0);
		});

		it(""should call waitForServices if dependencies are defined"", async () => {
			svc.parseServiceSchema({
				name: ""posts"",
				dependencies: [""users"", ""auth""]
			});

			broker.registerLocalService.mockClear();
			broker.callMiddlewareHook.mockClear();
			svc.waitForServices.mockClear();

			await svc._start();

			expect(broker.callMiddlewareHook).toBeCalledTimes(2);
			expect(broker.callMiddlewareHook).toHaveBeenNthCalledWith(1, ""serviceStarting"", [svc]);
			expect(broker.callMiddlewareHook).toHaveBeenNthCalledWith(2, ""serviceStarted"", [svc]);

			expect(broker.registerLocalService).toBeCalledTimes(1);
			expect(broker.registerLocalService).toBeCalledWith(svc._serviceSpecification);

			expect(svc.waitForServices).toBeCalledTimes(1);
			expect(svc.waitForServices).toBeCalledWith([""users"", ""auth""], 0, 1000);
		});

		it(""should call waitForServices if dependencies are defined & $dependencyTimeout"", async () => {
			svc.parseServiceSchema({
				name: ""posts"",
				settings: {
					$dependencyTimeout: 3000
				},
				dependencies: [""users"", ""auth""]
			});

			svc.waitForServices.mockClear();

			await svc._start();

			expect(svc.waitForServices).toBeCalledTimes(1);
			expect(svc.waitForServices).toBeCalledWith([""users"", ""auth""], 3000, 1000);
		});

		it(""should call waitForServices if dependencies are defined & $dependencyInterval"", async () => {
			svc.parseServiceSchema({
				name: ""posts"",
				settings: {
					$dependencyInterval: 100
				},
				dependencies: [""users"", ""auth""]
			});

			svc.waitForServices.mockClear();

			await svc._start();

			expect(svc.waitForServices).toBeCalledTimes(1);
			expect(svc.waitForServices).toBeCalledWith([""users"", ""auth""], 0, 100);
		});

		it(""should call single started lifecycle event handler"", async () => {
			const started = jest.fn(async () => {});
			svc.parseServiceSchema({
				name: ""posts"",
				started
			});

			await svc._start();

			expect(started).toBeCalledTimes(1);
			expect(started).toBeCalledWith();
		});

		it(""should call multiple started lifecycle event handler"", async () => {
			let FLOW = [];

			const started1 = jest.fn(async () => FLOW.push(""S1""));
			const started2 = jest.fn(async () => FLOW.push(""S2""));
			svc.parseServiceSchema({
				name: ""posts"",
				started: [started1, started2]
			});

			await svc._start();

			expect(started1).toBeCalledTimes(1);
			expect(started1).toBeCalledWith();

			expect(started2).toBeCalledTimes(1);
			expect(started2).toBeCalledWith();

			expect(FLOW.join(""-"")).toBe(""S1-S2"");
		});
	})",snuts
/test/unit/service.spec.js,NonFunctionalStatement,"{'startLine':644,'endLine':644}","it(""should call single started lifecycle event handler"", async () => {
			const started = jest.fn(async () => {});
			svc.parseServiceSchema({
				name: ""posts"",
				started
			});

			await svc._start();

			expect(started).toBeCalledTimes(1);
			expect(started).toBeCalledWith();
		})",snuts
/test/unit/service.spec.js,NonFunctionalStatement,"{'startLine':704,'endLine':704}","it(""should call single stopped lifecycle event handler"", async () => {
			const stopped = jest.fn(async () => {});
			svc.parseServiceSchema({
				name: ""posts"",
				stopped
			});

			await svc._stop();

			expect(stopped).toBeCalledTimes(1);
			expect(stopped).toBeCalledWith();
		})",snuts
/test/unit/service.spec.js,NonFunctionalStatement,"{'startLine':1267,'endLine':1267}","describe(""Test waitForServices"", () => {
		const broker = new ServiceBroker({ logger: false });
		jest.spyOn(broker, ""waitForServices"").mockImplementation(async () => {});

		const svc = new Service(broker);

		it(""should call broker.waitForServices"", async () => {
			await svc.waitForServices([""users"", ""auth""], 3000, 500);

			expect(broker.waitForServices).toHaveBeenCalledTimes(1);
			expect(broker.waitForServices).toHaveBeenCalledWith(
				[""users"", ""auth""],
				3000,
				500,
				svc.logger
			);
		});
	})",snuts
/test/unit/service.spec.js,NonFunctionalStatement,"{'startLine':1431,'endLine':1431}","it(""should call merge methods"", () => {
			const mixin2 = {};

			const mixin = {
				name: ""posts"",
				version: 3,

				mixins: [mixin2],

				dependencies: [""users"", ""auth""],

				settings: {
					a: 5
				},

				metadata: {
					region: ""us-west""
				},

				hooks: {
					before: {
						""*"": () => {}
					},
					after: {
						list: [() => {}, () => {}]
					},
					error: {
						""*"": () => {}
					}
				},

				actions: {
					find() {},

					get: {
						cache: true,
						params: {
							a: ""string""
						}
					},

					delete: false
				},

				methods: {
					doSomething() {}
				},

				events: {
					""user.created""() {},
					""user.updated"": {
						group: ""user"",
						handler: () => {}
					}
				},

				created() {},
				started() {},
				stopped() {},

				custom: ""123""
			};

			Service.prototype.mergeSchemas({}, mixin);

			expect(Service.prototype.mergeSchemaSettings).toBeCalledTimes(1);
			expect(Service.prototype.mergeSchemaSettings).toBeCalledWith(mixin.settings, undefined);

			expect(Service.prototype.mergeSchemaMetadata).toBeCalledTimes(1);
			expect(Service.prototype.mergeSchemaMetadata).toBeCalledWith(mixin.metadata, undefined);

			expect(Service.prototype.mergeSchemaHooks).toBeCalledTimes(1);
			expect(Service.prototype.mergeSchemaHooks).toBeCalledWith(mixin.hooks, {});

			expect(Service.prototype.mergeSchemaActions).toBeCalledTimes(1);
			expect(Service.prototype.mergeSchemaActions).toBeCalledWith(mixin.actions, {});

			expect(Service.prototype.mergeSchemaMethods).toBeCalledTimes(1);
			expect(Service.prototype.mergeSchemaMethods).toBeCalledWith(mixin.methods, undefined);

			expect(Service.prototype.mergeSchemaEvents).toBeCalledTimes(1);
			expect(Service.prototype.mergeSchemaEvents).toBeCalledWith(mixin.events, {});

			expect(Service.prototype.mergeSchemaLifecycleHandlers).toBeCalledTimes(3);
			expect(Service.prototype.mergeSchemaLifecycleHandlers).toBeCalledWith(
				mixin.created,
				undefined
			);
			expect(Service.prototype.mergeSchemaLifecycleHandlers).toBeCalledWith(
				mixin.started,
				undefined
			);
			expect(Service.prototype.mergeSchemaLifecycleHandlers).toBeCalledWith(
				mixin.stopped,
				undefined
			);

			expect(Service.prototype.mergeSchemaUniqArray).toBeCalledTimes(2);
			expect(Service.prototype.mergeSchemaUniqArray).toHaveBeenNthCalledWith(
				1,
				mixin.mixins,
				undefined
			);
			expect(Service.prototype.mergeSchemaUniqArray).toHaveBeenNthCalledWith(
				2,
				mixin.dependencies,
				undefined
			);

			expect(Service.prototype.mergeSchemaUnknown).toBeCalledTimes(1);
			expect(Service.prototype.mergeSchemaUnknown).toHaveBeenNthCalledWith(
				1,
				mixin.custom,
				undefined
			);
		})",snuts
/test/unit/service.spec.js,NonFunctionalStatement,"{'startLine':1434,'endLine':1434}","it(""should call merge methods"", () => {
			const mixin2 = {};

			const mixin = {
				name: ""posts"",
				version: 3,

				mixins: [mixin2],

				dependencies: [""users"", ""auth""],

				settings: {
					a: 5
				},

				metadata: {
					region: ""us-west""
				},

				hooks: {
					before: {
						""*"": () => {}
					},
					after: {
						list: [() => {}, () => {}]
					},
					error: {
						""*"": () => {}
					}
				},

				actions: {
					find() {},

					get: {
						cache: true,
						params: {
							a: ""string""
						}
					},

					delete: false
				},

				methods: {
					doSomething() {}
				},

				events: {
					""user.created""() {},
					""user.updated"": {
						group: ""user"",
						handler: () => {}
					}
				},

				created() {},
				started() {},
				stopped() {},

				custom: ""123""
			};

			Service.prototype.mergeSchemas({}, mixin);

			expect(Service.prototype.mergeSchemaSettings).toBeCalledTimes(1);
			expect(Service.prototype.mergeSchemaSettings).toBeCalledWith(mixin.settings, undefined);

			expect(Service.prototype.mergeSchemaMetadata).toBeCalledTimes(1);
			expect(Service.prototype.mergeSchemaMetadata).toBeCalledWith(mixin.metadata, undefined);

			expect(Service.prototype.mergeSchemaHooks).toBeCalledTimes(1);
			expect(Service.prototype.mergeSchemaHooks).toBeCalledWith(mixin.hooks, {});

			expect(Service.prototype.mergeSchemaActions).toBeCalledTimes(1);
			expect(Service.prototype.mergeSchemaActions).toBeCalledWith(mixin.actions, {});

			expect(Service.prototype.mergeSchemaMethods).toBeCalledTimes(1);
			expect(Service.prototype.mergeSchemaMethods).toBeCalledWith(mixin.methods, undefined);

			expect(Service.prototype.mergeSchemaEvents).toBeCalledTimes(1);
			expect(Service.prototype.mergeSchemaEvents).toBeCalledWith(mixin.events, {});

			expect(Service.prototype.mergeSchemaLifecycleHandlers).toBeCalledTimes(3);
			expect(Service.prototype.mergeSchemaLifecycleHandlers).toBeCalledWith(
				mixin.created,
				undefined
			);
			expect(Service.prototype.mergeSchemaLifecycleHandlers).toBeCalledWith(
				mixin.started,
				undefined
			);
			expect(Service.prototype.mergeSchemaLifecycleHandlers).toBeCalledWith(
				mixin.stopped,
				undefined
			);

			expect(Service.prototype.mergeSchemaUniqArray).toBeCalledTimes(2);
			expect(Service.prototype.mergeSchemaUniqArray).toHaveBeenNthCalledWith(
				1,
				mixin.mixins,
				undefined
			);
			expect(Service.prototype.mergeSchemaUniqArray).toHaveBeenNthCalledWith(
				2,
				mixin.dependencies,
				undefined
			);

			expect(Service.prototype.mergeSchemaUnknown).toBeCalledTimes(1);
			expect(Service.prototype.mergeSchemaUnknown).toHaveBeenNthCalledWith(
				1,
				mixin.custom,
				undefined
			);
		})",snuts
/test/unit/service.spec.js,NonFunctionalStatement,"{'startLine':1434,'endLine':1434}","it(""should call merge methods"", () => {
			const mixin2 = {};

			const mixin = {
				name: ""posts"",
				version: 3,

				mixins: [mixin2],

				dependencies: [""users"", ""auth""],

				settings: {
					a: 5
				},

				metadata: {
					region: ""us-west""
				},

				hooks: {
					before: {
						""*"": () => {}
					},
					after: {
						list: [() => {}, () => {}]
					},
					error: {
						""*"": () => {}
					}
				},

				actions: {
					find() {},

					get: {
						cache: true,
						params: {
							a: ""string""
						}
					},

					delete: false
				},

				methods: {
					doSomething() {}
				},

				events: {
					""user.created""() {},
					""user.updated"": {
						group: ""user"",
						handler: () => {}
					}
				},

				created() {},
				started() {},
				stopped() {},

				custom: ""123""
			};

			Service.prototype.mergeSchemas({}, mixin);

			expect(Service.prototype.mergeSchemaSettings).toBeCalledTimes(1);
			expect(Service.prototype.mergeSchemaSettings).toBeCalledWith(mixin.settings, undefined);

			expect(Service.prototype.mergeSchemaMetadata).toBeCalledTimes(1);
			expect(Service.prototype.mergeSchemaMetadata).toBeCalledWith(mixin.metadata, undefined);

			expect(Service.prototype.mergeSchemaHooks).toBeCalledTimes(1);
			expect(Service.prototype.mergeSchemaHooks).toBeCalledWith(mixin.hooks, {});

			expect(Service.prototype.mergeSchemaActions).toBeCalledTimes(1);
			expect(Service.prototype.mergeSchemaActions).toBeCalledWith(mixin.actions, {});

			expect(Service.prototype.mergeSchemaMethods).toBeCalledTimes(1);
			expect(Service.prototype.mergeSchemaMethods).toBeCalledWith(mixin.methods, undefined);

			expect(Service.prototype.mergeSchemaEvents).toBeCalledTimes(1);
			expect(Service.prototype.mergeSchemaEvents).toBeCalledWith(mixin.events, {});

			expect(Service.prototype.mergeSchemaLifecycleHandlers).toBeCalledTimes(3);
			expect(Service.prototype.mergeSchemaLifecycleHandlers).toBeCalledWith(
				mixin.created,
				undefined
			);
			expect(Service.prototype.mergeSchemaLifecycleHandlers).toBeCalledWith(
				mixin.started,
				undefined
			);
			expect(Service.prototype.mergeSchemaLifecycleHandlers).toBeCalledWith(
				mixin.stopped,
				undefined
			);

			expect(Service.prototype.mergeSchemaUniqArray).toBeCalledTimes(2);
			expect(Service.prototype.mergeSchemaUniqArray).toHaveBeenNthCalledWith(
				1,
				mixin.mixins,
				undefined
			);
			expect(Service.prototype.mergeSchemaUniqArray).toHaveBeenNthCalledWith(
				2,
				mixin.dependencies,
				undefined
			);

			expect(Service.prototype.mergeSchemaUnknown).toBeCalledTimes(1);
			expect(Service.prototype.mergeSchemaUnknown).toHaveBeenNthCalledWith(
				1,
				mixin.custom,
				undefined
			);
		})",snuts
/test/unit/service.spec.js,NonFunctionalStatement,"{'startLine':1437,'endLine':1437}","it(""should call merge methods"", () => {
			const mixin2 = {};

			const mixin = {
				name: ""posts"",
				version: 3,

				mixins: [mixin2],

				dependencies: [""users"", ""auth""],

				settings: {
					a: 5
				},

				metadata: {
					region: ""us-west""
				},

				hooks: {
					before: {
						""*"": () => {}
					},
					after: {
						list: [() => {}, () => {}]
					},
					error: {
						""*"": () => {}
					}
				},

				actions: {
					find() {},

					get: {
						cache: true,
						params: {
							a: ""string""
						}
					},

					delete: false
				},

				methods: {
					doSomething() {}
				},

				events: {
					""user.created""() {},
					""user.updated"": {
						group: ""user"",
						handler: () => {}
					}
				},

				created() {},
				started() {},
				stopped() {},

				custom: ""123""
			};

			Service.prototype.mergeSchemas({}, mixin);

			expect(Service.prototype.mergeSchemaSettings).toBeCalledTimes(1);
			expect(Service.prototype.mergeSchemaSettings).toBeCalledWith(mixin.settings, undefined);

			expect(Service.prototype.mergeSchemaMetadata).toBeCalledTimes(1);
			expect(Service.prototype.mergeSchemaMetadata).toBeCalledWith(mixin.metadata, undefined);

			expect(Service.prototype.mergeSchemaHooks).toBeCalledTimes(1);
			expect(Service.prototype.mergeSchemaHooks).toBeCalledWith(mixin.hooks, {});

			expect(Service.prototype.mergeSchemaActions).toBeCalledTimes(1);
			expect(Service.prototype.mergeSchemaActions).toBeCalledWith(mixin.actions, {});

			expect(Service.prototype.mergeSchemaMethods).toBeCalledTimes(1);
			expect(Service.prototype.mergeSchemaMethods).toBeCalledWith(mixin.methods, undefined);

			expect(Service.prototype.mergeSchemaEvents).toBeCalledTimes(1);
			expect(Service.prototype.mergeSchemaEvents).toBeCalledWith(mixin.events, {});

			expect(Service.prototype.mergeSchemaLifecycleHandlers).toBeCalledTimes(3);
			expect(Service.prototype.mergeSchemaLifecycleHandlers).toBeCalledWith(
				mixin.created,
				undefined
			);
			expect(Service.prototype.mergeSchemaLifecycleHandlers).toBeCalledWith(
				mixin.started,
				undefined
			);
			expect(Service.prototype.mergeSchemaLifecycleHandlers).toBeCalledWith(
				mixin.stopped,
				undefined
			);

			expect(Service.prototype.mergeSchemaUniqArray).toBeCalledTimes(2);
			expect(Service.prototype.mergeSchemaUniqArray).toHaveBeenNthCalledWith(
				1,
				mixin.mixins,
				undefined
			);
			expect(Service.prototype.mergeSchemaUniqArray).toHaveBeenNthCalledWith(
				2,
				mixin.dependencies,
				undefined
			);

			expect(Service.prototype.mergeSchemaUnknown).toBeCalledTimes(1);
			expect(Service.prototype.mergeSchemaUnknown).toHaveBeenNthCalledWith(
				1,
				mixin.custom,
				undefined
			);
		})",snuts
/test/unit/service.spec.js,NonFunctionalStatement,"{'startLine':1442,'endLine':1442}","it(""should call merge methods"", () => {
			const mixin2 = {};

			const mixin = {
				name: ""posts"",
				version: 3,

				mixins: [mixin2],

				dependencies: [""users"", ""auth""],

				settings: {
					a: 5
				},

				metadata: {
					region: ""us-west""
				},

				hooks: {
					before: {
						""*"": () => {}
					},
					after: {
						list: [() => {}, () => {}]
					},
					error: {
						""*"": () => {}
					}
				},

				actions: {
					find() {},

					get: {
						cache: true,
						params: {
							a: ""string""
						}
					},

					delete: false
				},

				methods: {
					doSomething() {}
				},

				events: {
					""user.created""() {},
					""user.updated"": {
						group: ""user"",
						handler: () => {}
					}
				},

				created() {},
				started() {},
				stopped() {},

				custom: ""123""
			};

			Service.prototype.mergeSchemas({}, mixin);

			expect(Service.prototype.mergeSchemaSettings).toBeCalledTimes(1);
			expect(Service.prototype.mergeSchemaSettings).toBeCalledWith(mixin.settings, undefined);

			expect(Service.prototype.mergeSchemaMetadata).toBeCalledTimes(1);
			expect(Service.prototype.mergeSchemaMetadata).toBeCalledWith(mixin.metadata, undefined);

			expect(Service.prototype.mergeSchemaHooks).toBeCalledTimes(1);
			expect(Service.prototype.mergeSchemaHooks).toBeCalledWith(mixin.hooks, {});

			expect(Service.prototype.mergeSchemaActions).toBeCalledTimes(1);
			expect(Service.prototype.mergeSchemaActions).toBeCalledWith(mixin.actions, {});

			expect(Service.prototype.mergeSchemaMethods).toBeCalledTimes(1);
			expect(Service.prototype.mergeSchemaMethods).toBeCalledWith(mixin.methods, undefined);

			expect(Service.prototype.mergeSchemaEvents).toBeCalledTimes(1);
			expect(Service.prototype.mergeSchemaEvents).toBeCalledWith(mixin.events, {});

			expect(Service.prototype.mergeSchemaLifecycleHandlers).toBeCalledTimes(3);
			expect(Service.prototype.mergeSchemaLifecycleHandlers).toBeCalledWith(
				mixin.created,
				undefined
			);
			expect(Service.prototype.mergeSchemaLifecycleHandlers).toBeCalledWith(
				mixin.started,
				undefined
			);
			expect(Service.prototype.mergeSchemaLifecycleHandlers).toBeCalledWith(
				mixin.stopped,
				undefined
			);

			expect(Service.prototype.mergeSchemaUniqArray).toBeCalledTimes(2);
			expect(Service.prototype.mergeSchemaUniqArray).toHaveBeenNthCalledWith(
				1,
				mixin.mixins,
				undefined
			);
			expect(Service.prototype.mergeSchemaUniqArray).toHaveBeenNthCalledWith(
				2,
				mixin.dependencies,
				undefined
			);

			expect(Service.prototype.mergeSchemaUnknown).toBeCalledTimes(1);
			expect(Service.prototype.mergeSchemaUnknown).toHaveBeenNthCalledWith(
				1,
				mixin.custom,
				undefined
			);
		})",snuts
/test/unit/service.spec.js,NonFunctionalStatement,"{'startLine':1455,'endLine':1455}","it(""should call merge methods"", () => {
			const mixin2 = {};

			const mixin = {
				name: ""posts"",
				version: 3,

				mixins: [mixin2],

				dependencies: [""users"", ""auth""],

				settings: {
					a: 5
				},

				metadata: {
					region: ""us-west""
				},

				hooks: {
					before: {
						""*"": () => {}
					},
					after: {
						list: [() => {}, () => {}]
					},
					error: {
						""*"": () => {}
					}
				},

				actions: {
					find() {},

					get: {
						cache: true,
						params: {
							a: ""string""
						}
					},

					delete: false
				},

				methods: {
					doSomething() {}
				},

				events: {
					""user.created""() {},
					""user.updated"": {
						group: ""user"",
						handler: () => {}
					}
				},

				created() {},
				started() {},
				stopped() {},

				custom: ""123""
			};

			Service.prototype.mergeSchemas({}, mixin);

			expect(Service.prototype.mergeSchemaSettings).toBeCalledTimes(1);
			expect(Service.prototype.mergeSchemaSettings).toBeCalledWith(mixin.settings, undefined);

			expect(Service.prototype.mergeSchemaMetadata).toBeCalledTimes(1);
			expect(Service.prototype.mergeSchemaMetadata).toBeCalledWith(mixin.metadata, undefined);

			expect(Service.prototype.mergeSchemaHooks).toBeCalledTimes(1);
			expect(Service.prototype.mergeSchemaHooks).toBeCalledWith(mixin.hooks, {});

			expect(Service.prototype.mergeSchemaActions).toBeCalledTimes(1);
			expect(Service.prototype.mergeSchemaActions).toBeCalledWith(mixin.actions, {});

			expect(Service.prototype.mergeSchemaMethods).toBeCalledTimes(1);
			expect(Service.prototype.mergeSchemaMethods).toBeCalledWith(mixin.methods, undefined);

			expect(Service.prototype.mergeSchemaEvents).toBeCalledTimes(1);
			expect(Service.prototype.mergeSchemaEvents).toBeCalledWith(mixin.events, {});

			expect(Service.prototype.mergeSchemaLifecycleHandlers).toBeCalledTimes(3);
			expect(Service.prototype.mergeSchemaLifecycleHandlers).toBeCalledWith(
				mixin.created,
				undefined
			);
			expect(Service.prototype.mergeSchemaLifecycleHandlers).toBeCalledWith(
				mixin.started,
				undefined
			);
			expect(Service.prototype.mergeSchemaLifecycleHandlers).toBeCalledWith(
				mixin.stopped,
				undefined
			);

			expect(Service.prototype.mergeSchemaUniqArray).toBeCalledTimes(2);
			expect(Service.prototype.mergeSchemaUniqArray).toHaveBeenNthCalledWith(
				1,
				mixin.mixins,
				undefined
			);
			expect(Service.prototype.mergeSchemaUniqArray).toHaveBeenNthCalledWith(
				2,
				mixin.dependencies,
				undefined
			);

			expect(Service.prototype.mergeSchemaUnknown).toBeCalledTimes(1);
			expect(Service.prototype.mergeSchemaUnknown).toHaveBeenNthCalledWith(
				1,
				mixin.custom,
				undefined
			);
		})",snuts
/test/unit/service.spec.js,NonFunctionalStatement,"{'startLine':1459,'endLine':1459}","it(""should call merge methods"", () => {
			const mixin2 = {};

			const mixin = {
				name: ""posts"",
				version: 3,

				mixins: [mixin2],

				dependencies: [""users"", ""auth""],

				settings: {
					a: 5
				},

				metadata: {
					region: ""us-west""
				},

				hooks: {
					before: {
						""*"": () => {}
					},
					after: {
						list: [() => {}, () => {}]
					},
					error: {
						""*"": () => {}
					}
				},

				actions: {
					find() {},

					get: {
						cache: true,
						params: {
							a: ""string""
						}
					},

					delete: false
				},

				methods: {
					doSomething() {}
				},

				events: {
					""user.created""() {},
					""user.updated"": {
						group: ""user"",
						handler: () => {}
					}
				},

				created() {},
				started() {},
				stopped() {},

				custom: ""123""
			};

			Service.prototype.mergeSchemas({}, mixin);

			expect(Service.prototype.mergeSchemaSettings).toBeCalledTimes(1);
			expect(Service.prototype.mergeSchemaSettings).toBeCalledWith(mixin.settings, undefined);

			expect(Service.prototype.mergeSchemaMetadata).toBeCalledTimes(1);
			expect(Service.prototype.mergeSchemaMetadata).toBeCalledWith(mixin.metadata, undefined);

			expect(Service.prototype.mergeSchemaHooks).toBeCalledTimes(1);
			expect(Service.prototype.mergeSchemaHooks).toBeCalledWith(mixin.hooks, {});

			expect(Service.prototype.mergeSchemaActions).toBeCalledTimes(1);
			expect(Service.prototype.mergeSchemaActions).toBeCalledWith(mixin.actions, {});

			expect(Service.prototype.mergeSchemaMethods).toBeCalledTimes(1);
			expect(Service.prototype.mergeSchemaMethods).toBeCalledWith(mixin.methods, undefined);

			expect(Service.prototype.mergeSchemaEvents).toBeCalledTimes(1);
			expect(Service.prototype.mergeSchemaEvents).toBeCalledWith(mixin.events, {});

			expect(Service.prototype.mergeSchemaLifecycleHandlers).toBeCalledTimes(3);
			expect(Service.prototype.mergeSchemaLifecycleHandlers).toBeCalledWith(
				mixin.created,
				undefined
			);
			expect(Service.prototype.mergeSchemaLifecycleHandlers).toBeCalledWith(
				mixin.started,
				undefined
			);
			expect(Service.prototype.mergeSchemaLifecycleHandlers).toBeCalledWith(
				mixin.stopped,
				undefined
			);

			expect(Service.prototype.mergeSchemaUniqArray).toBeCalledTimes(2);
			expect(Service.prototype.mergeSchemaUniqArray).toHaveBeenNthCalledWith(
				1,
				mixin.mixins,
				undefined
			);
			expect(Service.prototype.mergeSchemaUniqArray).toHaveBeenNthCalledWith(
				2,
				mixin.dependencies,
				undefined
			);

			expect(Service.prototype.mergeSchemaUnknown).toBeCalledTimes(1);
			expect(Service.prototype.mergeSchemaUnknown).toHaveBeenNthCalledWith(
				1,
				mixin.custom,
				undefined
			);
		})",snuts
/test/unit/service.spec.js,NonFunctionalStatement,"{'startLine':1462,'endLine':1462}","it(""should call merge methods"", () => {
			const mixin2 = {};

			const mixin = {
				name: ""posts"",
				version: 3,

				mixins: [mixin2],

				dependencies: [""users"", ""auth""],

				settings: {
					a: 5
				},

				metadata: {
					region: ""us-west""
				},

				hooks: {
					before: {
						""*"": () => {}
					},
					after: {
						list: [() => {}, () => {}]
					},
					error: {
						""*"": () => {}
					}
				},

				actions: {
					find() {},

					get: {
						cache: true,
						params: {
							a: ""string""
						}
					},

					delete: false
				},

				methods: {
					doSomething() {}
				},

				events: {
					""user.created""() {},
					""user.updated"": {
						group: ""user"",
						handler: () => {}
					}
				},

				created() {},
				started() {},
				stopped() {},

				custom: ""123""
			};

			Service.prototype.mergeSchemas({}, mixin);

			expect(Service.prototype.mergeSchemaSettings).toBeCalledTimes(1);
			expect(Service.prototype.mergeSchemaSettings).toBeCalledWith(mixin.settings, undefined);

			expect(Service.prototype.mergeSchemaMetadata).toBeCalledTimes(1);
			expect(Service.prototype.mergeSchemaMetadata).toBeCalledWith(mixin.metadata, undefined);

			expect(Service.prototype.mergeSchemaHooks).toBeCalledTimes(1);
			expect(Service.prototype.mergeSchemaHooks).toBeCalledWith(mixin.hooks, {});

			expect(Service.prototype.mergeSchemaActions).toBeCalledTimes(1);
			expect(Service.prototype.mergeSchemaActions).toBeCalledWith(mixin.actions, {});

			expect(Service.prototype.mergeSchemaMethods).toBeCalledTimes(1);
			expect(Service.prototype.mergeSchemaMethods).toBeCalledWith(mixin.methods, undefined);

			expect(Service.prototype.mergeSchemaEvents).toBeCalledTimes(1);
			expect(Service.prototype.mergeSchemaEvents).toBeCalledWith(mixin.events, {});

			expect(Service.prototype.mergeSchemaLifecycleHandlers).toBeCalledTimes(3);
			expect(Service.prototype.mergeSchemaLifecycleHandlers).toBeCalledWith(
				mixin.created,
				undefined
			);
			expect(Service.prototype.mergeSchemaLifecycleHandlers).toBeCalledWith(
				mixin.started,
				undefined
			);
			expect(Service.prototype.mergeSchemaLifecycleHandlers).toBeCalledWith(
				mixin.stopped,
				undefined
			);

			expect(Service.prototype.mergeSchemaUniqArray).toBeCalledTimes(2);
			expect(Service.prototype.mergeSchemaUniqArray).toHaveBeenNthCalledWith(
				1,
				mixin.mixins,
				undefined
			);
			expect(Service.prototype.mergeSchemaUniqArray).toHaveBeenNthCalledWith(
				2,
				mixin.dependencies,
				undefined
			);

			expect(Service.prototype.mergeSchemaUnknown).toBeCalledTimes(1);
			expect(Service.prototype.mergeSchemaUnknown).toHaveBeenNthCalledWith(
				1,
				mixin.custom,
				undefined
			);
		})",snuts
/test/unit/service.spec.js,NonFunctionalStatement,"{'startLine':1466,'endLine':1466}","it(""should call merge methods"", () => {
			const mixin2 = {};

			const mixin = {
				name: ""posts"",
				version: 3,

				mixins: [mixin2],

				dependencies: [""users"", ""auth""],

				settings: {
					a: 5
				},

				metadata: {
					region: ""us-west""
				},

				hooks: {
					before: {
						""*"": () => {}
					},
					after: {
						list: [() => {}, () => {}]
					},
					error: {
						""*"": () => {}
					}
				},

				actions: {
					find() {},

					get: {
						cache: true,
						params: {
							a: ""string""
						}
					},

					delete: false
				},

				methods: {
					doSomething() {}
				},

				events: {
					""user.created""() {},
					""user.updated"": {
						group: ""user"",
						handler: () => {}
					}
				},

				created() {},
				started() {},
				stopped() {},

				custom: ""123""
			};

			Service.prototype.mergeSchemas({}, mixin);

			expect(Service.prototype.mergeSchemaSettings).toBeCalledTimes(1);
			expect(Service.prototype.mergeSchemaSettings).toBeCalledWith(mixin.settings, undefined);

			expect(Service.prototype.mergeSchemaMetadata).toBeCalledTimes(1);
			expect(Service.prototype.mergeSchemaMetadata).toBeCalledWith(mixin.metadata, undefined);

			expect(Service.prototype.mergeSchemaHooks).toBeCalledTimes(1);
			expect(Service.prototype.mergeSchemaHooks).toBeCalledWith(mixin.hooks, {});

			expect(Service.prototype.mergeSchemaActions).toBeCalledTimes(1);
			expect(Service.prototype.mergeSchemaActions).toBeCalledWith(mixin.actions, {});

			expect(Service.prototype.mergeSchemaMethods).toBeCalledTimes(1);
			expect(Service.prototype.mergeSchemaMethods).toBeCalledWith(mixin.methods, undefined);

			expect(Service.prototype.mergeSchemaEvents).toBeCalledTimes(1);
			expect(Service.prototype.mergeSchemaEvents).toBeCalledWith(mixin.events, {});

			expect(Service.prototype.mergeSchemaLifecycleHandlers).toBeCalledTimes(3);
			expect(Service.prototype.mergeSchemaLifecycleHandlers).toBeCalledWith(
				mixin.created,
				undefined
			);
			expect(Service.prototype.mergeSchemaLifecycleHandlers).toBeCalledWith(
				mixin.started,
				undefined
			);
			expect(Service.prototype.mergeSchemaLifecycleHandlers).toBeCalledWith(
				mixin.stopped,
				undefined
			);

			expect(Service.prototype.mergeSchemaUniqArray).toBeCalledTimes(2);
			expect(Service.prototype.mergeSchemaUniqArray).toHaveBeenNthCalledWith(
				1,
				mixin.mixins,
				undefined
			);
			expect(Service.prototype.mergeSchemaUniqArray).toHaveBeenNthCalledWith(
				2,
				mixin.dependencies,
				undefined
			);

			expect(Service.prototype.mergeSchemaUnknown).toBeCalledTimes(1);
			expect(Service.prototype.mergeSchemaUnknown).toHaveBeenNthCalledWith(
				1,
				mixin.custom,
				undefined
			);
		})",snuts
/test/unit/service.spec.js,NonFunctionalStatement,"{'startLine':1467,'endLine':1467}","it(""should call merge methods"", () => {
			const mixin2 = {};

			const mixin = {
				name: ""posts"",
				version: 3,

				mixins: [mixin2],

				dependencies: [""users"", ""auth""],

				settings: {
					a: 5
				},

				metadata: {
					region: ""us-west""
				},

				hooks: {
					before: {
						""*"": () => {}
					},
					after: {
						list: [() => {}, () => {}]
					},
					error: {
						""*"": () => {}
					}
				},

				actions: {
					find() {},

					get: {
						cache: true,
						params: {
							a: ""string""
						}
					},

					delete: false
				},

				methods: {
					doSomething() {}
				},

				events: {
					""user.created""() {},
					""user.updated"": {
						group: ""user"",
						handler: () => {}
					}
				},

				created() {},
				started() {},
				stopped() {},

				custom: ""123""
			};

			Service.prototype.mergeSchemas({}, mixin);

			expect(Service.prototype.mergeSchemaSettings).toBeCalledTimes(1);
			expect(Service.prototype.mergeSchemaSettings).toBeCalledWith(mixin.settings, undefined);

			expect(Service.prototype.mergeSchemaMetadata).toBeCalledTimes(1);
			expect(Service.prototype.mergeSchemaMetadata).toBeCalledWith(mixin.metadata, undefined);

			expect(Service.prototype.mergeSchemaHooks).toBeCalledTimes(1);
			expect(Service.prototype.mergeSchemaHooks).toBeCalledWith(mixin.hooks, {});

			expect(Service.prototype.mergeSchemaActions).toBeCalledTimes(1);
			expect(Service.prototype.mergeSchemaActions).toBeCalledWith(mixin.actions, {});

			expect(Service.prototype.mergeSchemaMethods).toBeCalledTimes(1);
			expect(Service.prototype.mergeSchemaMethods).toBeCalledWith(mixin.methods, undefined);

			expect(Service.prototype.mergeSchemaEvents).toBeCalledTimes(1);
			expect(Service.prototype.mergeSchemaEvents).toBeCalledWith(mixin.events, {});

			expect(Service.prototype.mergeSchemaLifecycleHandlers).toBeCalledTimes(3);
			expect(Service.prototype.mergeSchemaLifecycleHandlers).toBeCalledWith(
				mixin.created,
				undefined
			);
			expect(Service.prototype.mergeSchemaLifecycleHandlers).toBeCalledWith(
				mixin.started,
				undefined
			);
			expect(Service.prototype.mergeSchemaLifecycleHandlers).toBeCalledWith(
				mixin.stopped,
				undefined
			);

			expect(Service.prototype.mergeSchemaUniqArray).toBeCalledTimes(2);
			expect(Service.prototype.mergeSchemaUniqArray).toHaveBeenNthCalledWith(
				1,
				mixin.mixins,
				undefined
			);
			expect(Service.prototype.mergeSchemaUniqArray).toHaveBeenNthCalledWith(
				2,
				mixin.dependencies,
				undefined
			);

			expect(Service.prototype.mergeSchemaUnknown).toBeCalledTimes(1);
			expect(Service.prototype.mergeSchemaUnknown).toHaveBeenNthCalledWith(
				1,
				mixin.custom,
				undefined
			);
		})",snuts
/test/unit/service.spec.js,NonFunctionalStatement,"{'startLine':1468,'endLine':1468}","it(""should call merge methods"", () => {
			const mixin2 = {};

			const mixin = {
				name: ""posts"",
				version: 3,

				mixins: [mixin2],

				dependencies: [""users"", ""auth""],

				settings: {
					a: 5
				},

				metadata: {
					region: ""us-west""
				},

				hooks: {
					before: {
						""*"": () => {}
					},
					after: {
						list: [() => {}, () => {}]
					},
					error: {
						""*"": () => {}
					}
				},

				actions: {
					find() {},

					get: {
						cache: true,
						params: {
							a: ""string""
						}
					},

					delete: false
				},

				methods: {
					doSomething() {}
				},

				events: {
					""user.created""() {},
					""user.updated"": {
						group: ""user"",
						handler: () => {}
					}
				},

				created() {},
				started() {},
				stopped() {},

				custom: ""123""
			};

			Service.prototype.mergeSchemas({}, mixin);

			expect(Service.prototype.mergeSchemaSettings).toBeCalledTimes(1);
			expect(Service.prototype.mergeSchemaSettings).toBeCalledWith(mixin.settings, undefined);

			expect(Service.prototype.mergeSchemaMetadata).toBeCalledTimes(1);
			expect(Service.prototype.mergeSchemaMetadata).toBeCalledWith(mixin.metadata, undefined);

			expect(Service.prototype.mergeSchemaHooks).toBeCalledTimes(1);
			expect(Service.prototype.mergeSchemaHooks).toBeCalledWith(mixin.hooks, {});

			expect(Service.prototype.mergeSchemaActions).toBeCalledTimes(1);
			expect(Service.prototype.mergeSchemaActions).toBeCalledWith(mixin.actions, {});

			expect(Service.prototype.mergeSchemaMethods).toBeCalledTimes(1);
			expect(Service.prototype.mergeSchemaMethods).toBeCalledWith(mixin.methods, undefined);

			expect(Service.prototype.mergeSchemaEvents).toBeCalledTimes(1);
			expect(Service.prototype.mergeSchemaEvents).toBeCalledWith(mixin.events, {});

			expect(Service.prototype.mergeSchemaLifecycleHandlers).toBeCalledTimes(3);
			expect(Service.prototype.mergeSchemaLifecycleHandlers).toBeCalledWith(
				mixin.created,
				undefined
			);
			expect(Service.prototype.mergeSchemaLifecycleHandlers).toBeCalledWith(
				mixin.started,
				undefined
			);
			expect(Service.prototype.mergeSchemaLifecycleHandlers).toBeCalledWith(
				mixin.stopped,
				undefined
			);

			expect(Service.prototype.mergeSchemaUniqArray).toBeCalledTimes(2);
			expect(Service.prototype.mergeSchemaUniqArray).toHaveBeenNthCalledWith(
				1,
				mixin.mixins,
				undefined
			);
			expect(Service.prototype.mergeSchemaUniqArray).toHaveBeenNthCalledWith(
				2,
				mixin.dependencies,
				undefined
			);

			expect(Service.prototype.mergeSchemaUnknown).toBeCalledTimes(1);
			expect(Service.prototype.mergeSchemaUnknown).toHaveBeenNthCalledWith(
				1,
				mixin.custom,
				undefined
			);
		})",snuts
/test/unit/service.spec.js,NonFunctionalStatement,"{'startLine':1813,'endLine':1813}","it(""should merge actions"", () => {
			const src = {
				create() {},
				find: {
					params: {
						count: ""number""
					},
					handler() {}
				},
				update: false
			};

			const prev = {
				find: {
					cache: true
				},

				update: {
					handler() {}
				},

				patch: {
					params: {
						update: ""object""
					},
					handler() {}
				},

				remove() {}
			};

			const res = Service.prototype.mergeSchemaActions(src, prev);
			expect(res).toEqual({
				create: {
					handler: expect.any(Function)
				},
				find: {
					cache: true,
					params: {
						count: ""number""
					},
					handler: expect.any(Function)
				},
				patch: {
					params: {
						update: ""object""
					},
					handler: expect.any(Function)
				},
				remove: expect.any(Function)
			});
		})",snuts
/test/unit/service.spec.js,NonFunctionalStatement,"{'startLine':1818,'endLine':1818}","it(""should merge actions"", () => {
			const src = {
				create() {},
				find: {
					params: {
						count: ""number""
					},
					handler() {}
				},
				update: false
			};

			const prev = {
				find: {
					cache: true
				},

				update: {
					handler() {}
				},

				patch: {
					params: {
						update: ""object""
					},
					handler() {}
				},

				remove() {}
			};

			const res = Service.prototype.mergeSchemaActions(src, prev);
			expect(res).toEqual({
				create: {
					handler: expect.any(Function)
				},
				find: {
					cache: true,
					params: {
						count: ""number""
					},
					handler: expect.any(Function)
				},
				patch: {
					params: {
						update: ""object""
					},
					handler: expect.any(Function)
				},
				remove: expect.any(Function)
			});
		})",snuts
/test/unit/service.spec.js,NonFunctionalStatement,"{'startLine':1829,'endLine':1829}","it(""should merge actions"", () => {
			const src = {
				create() {},
				find: {
					params: {
						count: ""number""
					},
					handler() {}
				},
				update: false
			};

			const prev = {
				find: {
					cache: true
				},

				update: {
					handler() {}
				},

				patch: {
					params: {
						update: ""object""
					},
					handler() {}
				},

				remove() {}
			};

			const res = Service.prototype.mergeSchemaActions(src, prev);
			expect(res).toEqual({
				create: {
					handler: expect.any(Function)
				},
				find: {
					cache: true,
					params: {
						count: ""number""
					},
					handler: expect.any(Function)
				},
				patch: {
					params: {
						update: ""object""
					},
					handler: expect.any(Function)
				},
				remove: expect.any(Function)
			});
		})",snuts
/test/unit/service.spec.js,NonFunctionalStatement,"{'startLine':1836,'endLine':1836}","it(""should merge actions"", () => {
			const src = {
				create() {},
				find: {
					params: {
						count: ""number""
					},
					handler() {}
				},
				update: false
			};

			const prev = {
				find: {
					cache: true
				},

				update: {
					handler() {}
				},

				patch: {
					params: {
						update: ""object""
					},
					handler() {}
				},

				remove() {}
			};

			const res = Service.prototype.mergeSchemaActions(src, prev);
			expect(res).toEqual({
				create: {
					handler: expect.any(Function)
				},
				find: {
					cache: true,
					params: {
						count: ""number""
					},
					handler: expect.any(Function)
				},
				patch: {
					params: {
						update: ""object""
					},
					handler: expect.any(Function)
				},
				remove: expect.any(Function)
			});
		})",snuts
/test/unit/service.spec.js,NonFunctionalStatement,"{'startLine':1839,'endLine':1839}","it(""should merge actions"", () => {
			const src = {
				create() {},
				find: {
					params: {
						count: ""number""
					},
					handler() {}
				},
				update: false
			};

			const prev = {
				find: {
					cache: true
				},

				update: {
					handler() {}
				},

				patch: {
					params: {
						update: ""object""
					},
					handler() {}
				},

				remove() {}
			};

			const res = Service.prototype.mergeSchemaActions(src, prev);
			expect(res).toEqual({
				create: {
					handler: expect.any(Function)
				},
				find: {
					cache: true,
					params: {
						count: ""number""
					},
					handler: expect.any(Function)
				},
				patch: {
					params: {
						update: ""object""
					},
					handler: expect.any(Function)
				},
				remove: expect.any(Function)
			});
		})",snuts
/test/unit/service.spec.js,NonFunctionalStatement,"{'startLine':1879,'endLine':1879}","it(""should merge actions with hooks"", () => {
			const src = {
				create: {
					hooks: {
						before: ""src-create-before"",
						after: ""src-create-after"",
						error: ""src-create-error""
					}
				},
				find: {
					hooks: {
						before: ""src-create-before"",
						after: [""src-create-after1"", ""src-create-after2""],
						error: ""src-create-error""
					},
					handler() {}
				},
				update: {
					handler() {}
				}
			};

			const prev = {
				create: {
					handler() {}
				},

				find: {
					hooks: {
						before: ""prev-create-before"",
						after: [""prev-create-after1"", ""prev-create-after2""],
						error: ""prev-create-error""
					}
				},

				update: {
					hooks: {
						before: ""prev-update-before"",
						after: ""prev-update-after"",
						error: ""prev-update-error""
					}
				}
			};

			const res = Service.prototype.mergeSchemaActions(src, prev);
			expect(res).toEqual({
				create: {
					hooks: {
						before: ""src-create-before"",
						after: ""src-create-after"",
						error: ""src-create-error""
					},
					handler: expect.any(Function)
				},
				find: {
					hooks: {
						before: [""prev-create-before"", ""src-create-before""],
						after: [
							""src-create-after1"",
							""src-create-after2"",
							""prev-create-after1"",
							""prev-create-after2""
						],
						error: [""src-create-error"", ""prev-create-error""]
					},
					handler: expect.any(Function)
				},
				update: {
					hooks: {
						before: ""prev-update-before"",
						after: ""prev-update-after"",
						error: ""prev-update-error""
					},
					handler: expect.any(Function)
				}
			});
		})",snuts
/test/unit/service.spec.js,NonFunctionalStatement,"{'startLine':1882,'endLine':1882}","it(""should merge actions with hooks"", () => {
			const src = {
				create: {
					hooks: {
						before: ""src-create-before"",
						after: ""src-create-after"",
						error: ""src-create-error""
					}
				},
				find: {
					hooks: {
						before: ""src-create-before"",
						after: [""src-create-after1"", ""src-create-after2""],
						error: ""src-create-error""
					},
					handler() {}
				},
				update: {
					handler() {}
				}
			};

			const prev = {
				create: {
					handler() {}
				},

				find: {
					hooks: {
						before: ""prev-create-before"",
						after: [""prev-create-after1"", ""prev-create-after2""],
						error: ""prev-create-error""
					}
				},

				update: {
					hooks: {
						before: ""prev-update-before"",
						after: ""prev-update-after"",
						error: ""prev-update-error""
					}
				}
			};

			const res = Service.prototype.mergeSchemaActions(src, prev);
			expect(res).toEqual({
				create: {
					hooks: {
						before: ""src-create-before"",
						after: ""src-create-after"",
						error: ""src-create-error""
					},
					handler: expect.any(Function)
				},
				find: {
					hooks: {
						before: [""prev-create-before"", ""src-create-before""],
						after: [
							""src-create-after1"",
							""src-create-after2"",
							""prev-create-after1"",
							""prev-create-after2""
						],
						error: [""src-create-error"", ""prev-create-error""]
					},
					handler: expect.any(Function)
				},
				update: {
					hooks: {
						before: ""prev-update-before"",
						after: ""prev-update-after"",
						error: ""prev-update-error""
					},
					handler: expect.any(Function)
				}
			});
		})",snuts
/test/unit/service.spec.js,NonFunctionalStatement,"{'startLine':1888,'endLine':1888}","it(""should merge actions with hooks"", () => {
			const src = {
				create: {
					hooks: {
						before: ""src-create-before"",
						after: ""src-create-after"",
						error: ""src-create-error""
					}
				},
				find: {
					hooks: {
						before: ""src-create-before"",
						after: [""src-create-after1"", ""src-create-after2""],
						error: ""src-create-error""
					},
					handler() {}
				},
				update: {
					handler() {}
				}
			};

			const prev = {
				create: {
					handler() {}
				},

				find: {
					hooks: {
						before: ""prev-create-before"",
						after: [""prev-create-after1"", ""prev-create-after2""],
						error: ""prev-create-error""
					}
				},

				update: {
					hooks: {
						before: ""prev-update-before"",
						after: ""prev-update-after"",
						error: ""prev-update-error""
					}
				}
			};

			const res = Service.prototype.mergeSchemaActions(src, prev);
			expect(res).toEqual({
				create: {
					hooks: {
						before: ""src-create-before"",
						after: ""src-create-after"",
						error: ""src-create-error""
					},
					handler: expect.any(Function)
				},
				find: {
					hooks: {
						before: [""prev-create-before"", ""src-create-before""],
						after: [
							""src-create-after1"",
							""src-create-after2"",
							""prev-create-after1"",
							""prev-create-after2""
						],
						error: [""src-create-error"", ""prev-create-error""]
					},
					handler: expect.any(Function)
				},
				update: {
					hooks: {
						before: ""prev-update-before"",
						after: ""prev-update-after"",
						error: ""prev-update-error""
					},
					handler: expect.any(Function)
				}
			});
		})",snuts
/test/unit/service.spec.js,NonFunctionalStatement,"{'startLine':1972,'endLine':1972}","it(""should merge actions"", () => {
			const src = {
				create() {},
				find: {
					params: {
						count: ""number""
					},
					handler() {}
				},
				update: {
					handler() {}
				}
			};

			const prev = {
				find: {
					group: ""user""
				},

				update: {
					handler() {}
				},

				patch: {
					params: {
						update: ""object""
					},
					handler() {}
				},

				remove() {}
			};

			const res = Service.prototype.mergeSchemaEvents(src, prev);
			expect(res).toEqual({
				create: {
					handler: expect.any(Function)
				},
				find: {
					group: ""user"",
					params: {
						count: ""number""
					},
					handler: expect.any(Function)
				},
				update: {
					handler: [expect.any(Function), expect.any(Function)]
				},
				patch: {
					params: {
						update: ""object""
					},
					handler: expect.any(Function)
				},
				remove: expect.any(Function)
			});
		})",snuts
/test/unit/service.spec.js,NonFunctionalStatement,"{'startLine':1977,'endLine':1977}","it(""should merge actions"", () => {
			const src = {
				create() {},
				find: {
					params: {
						count: ""number""
					},
					handler() {}
				},
				update: {
					handler() {}
				}
			};

			const prev = {
				find: {
					group: ""user""
				},

				update: {
					handler() {}
				},

				patch: {
					params: {
						update: ""object""
					},
					handler() {}
				},

				remove() {}
			};

			const res = Service.prototype.mergeSchemaEvents(src, prev);
			expect(res).toEqual({
				create: {
					handler: expect.any(Function)
				},
				find: {
					group: ""user"",
					params: {
						count: ""number""
					},
					handler: expect.any(Function)
				},
				update: {
					handler: [expect.any(Function), expect.any(Function)]
				},
				patch: {
					params: {
						update: ""object""
					},
					handler: expect.any(Function)
				},
				remove: expect.any(Function)
			});
		})",snuts
/test/unit/service.spec.js,NonFunctionalStatement,"{'startLine':1980,'endLine':1980}","it(""should merge actions"", () => {
			const src = {
				create() {},
				find: {
					params: {
						count: ""number""
					},
					handler() {}
				},
				update: {
					handler() {}
				}
			};

			const prev = {
				find: {
					group: ""user""
				},

				update: {
					handler() {}
				},

				patch: {
					params: {
						update: ""object""
					},
					handler() {}
				},

				remove() {}
			};

			const res = Service.prototype.mergeSchemaEvents(src, prev);
			expect(res).toEqual({
				create: {
					handler: expect.any(Function)
				},
				find: {
					group: ""user"",
					params: {
						count: ""number""
					},
					handler: expect.any(Function)
				},
				update: {
					handler: [expect.any(Function), expect.any(Function)]
				},
				patch: {
					params: {
						update: ""object""
					},
					handler: expect.any(Function)
				},
				remove: expect.any(Function)
			});
		})",snuts
/test/unit/service.spec.js,NonFunctionalStatement,"{'startLine':1990,'endLine':1990}","it(""should merge actions"", () => {
			const src = {
				create() {},
				find: {
					params: {
						count: ""number""
					},
					handler() {}
				},
				update: {
					handler() {}
				}
			};

			const prev = {
				find: {
					group: ""user""
				},

				update: {
					handler() {}
				},

				patch: {
					params: {
						update: ""object""
					},
					handler() {}
				},

				remove() {}
			};

			const res = Service.prototype.mergeSchemaEvents(src, prev);
			expect(res).toEqual({
				create: {
					handler: expect.any(Function)
				},
				find: {
					group: ""user"",
					params: {
						count: ""number""
					},
					handler: expect.any(Function)
				},
				update: {
					handler: [expect.any(Function), expect.any(Function)]
				},
				patch: {
					params: {
						update: ""object""
					},
					handler: expect.any(Function)
				},
				remove: expect.any(Function)
			});
		})",snuts
/test/unit/service.spec.js,NonFunctionalStatement,"{'startLine':1997,'endLine':1997}","it(""should merge actions"", () => {
			const src = {
				create() {},
				find: {
					params: {
						count: ""number""
					},
					handler() {}
				},
				update: {
					handler() {}
				}
			};

			const prev = {
				find: {
					group: ""user""
				},

				update: {
					handler() {}
				},

				patch: {
					params: {
						update: ""object""
					},
					handler() {}
				},

				remove() {}
			};

			const res = Service.prototype.mergeSchemaEvents(src, prev);
			expect(res).toEqual({
				create: {
					handler: expect.any(Function)
				},
				find: {
					group: ""user"",
					params: {
						count: ""number""
					},
					handler: expect.any(Function)
				},
				update: {
					handler: [expect.any(Function), expect.any(Function)]
				},
				patch: {
					params: {
						update: ""object""
					},
					handler: expect.any(Function)
				},
				remove: expect.any(Function)
			});
		})",snuts
/test/unit/service.spec.js,NonFunctionalStatement,"{'startLine':2000,'endLine':2000}","it(""should merge actions"", () => {
			const src = {
				create() {},
				find: {
					params: {
						count: ""number""
					},
					handler() {}
				},
				update: {
					handler() {}
				}
			};

			const prev = {
				find: {
					group: ""user""
				},

				update: {
					handler() {}
				},

				patch: {
					params: {
						update: ""object""
					},
					handler() {}
				},

				remove() {}
			};

			const res = Service.prototype.mergeSchemaEvents(src, prev);
			expect(res).toEqual({
				create: {
					handler: expect.any(Function)
				},
				find: {
					group: ""user"",
					params: {
						count: ""number""
					},
					handler: expect.any(Function)
				},
				update: {
					handler: [expect.any(Function), expect.any(Function)]
				},
				patch: {
					params: {
						update: ""object""
					},
					handler: expect.any(Function)
				},
				remove: expect.any(Function)
			});
		})",snuts
/test/unit/service.spec.js,VerboseStatement,"{'startLine':70,'endLine':96}","it(""should set common local variables"", () => {
			Service.prototype.applyMixins.mockClear();

			const schema = { name: ""posts"" };
			svc.parseServiceSchema(schema);

			expect(svc.originalSchema).toEqual({ name: ""posts"" });
			expect(svc.originalSchema).not.toBe(schema);

			expect(Service.prototype.applyMixins).toBeCalledTimes(0);

			expect(svc.name).toBe(""posts"");
			expect(svc.version).toBeUndefined();
			expect(svc.settings).toEqual({});
			expect(svc.metadata).toEqual({});
			expect(svc.schema).toBe(schema);
			expect(svc.fullName).toBe(""posts"");
			expect(svc.logger).toBeDefined();

			expect(broker.getLogger).toBeCalledTimes(1);
			expect(broker.getLogger).toBeCalledWith(""posts"", { svc: ""posts"", ver: undefined });

			expect(svc.actions).toEqual({});
			expect(svc.events).toEqual({});

			expect(svc._init).toBeCalledTimes(1);
		})",snuts
/test/unit/service.spec.js,VerboseStatement,"{'startLine':98,'endLine':127}","it(""should set common local variables with version"", () => {
			Service.prototype.applyMixins.mockClear();
			broker.getLogger.mockClear();
			svc._init.mockClear();

			const schema = { name: ""posts"", version: 3, mixins: [] };
			svc.parseServiceSchema(schema);

			expect(svc.originalSchema).toEqual({ name: ""posts"", version: 3, mixins: [] });
			expect(svc.originalSchema).not.toBe(schema);

			expect(Service.prototype.applyMixins).toBeCalledTimes(1);
			expect(Service.prototype.applyMixins).toBeCalledWith(schema);

			expect(svc.name).toBe(""posts"");
			expect(svc.version).toBe(3);
			expect(svc.settings).toEqual({});
			expect(svc.metadata).toEqual({});
			expect(svc.schema).toBe(schema);
			expect(svc.fullName).toBe(""v3.posts"");
			expect(svc.logger).toBeDefined();

			expect(broker.getLogger).toBeCalledTimes(1);
			expect(broker.getLogger).toBeCalledWith(""v3.posts"", { svc: ""posts"", ver: 3 });

			expect(svc.actions).toEqual({});
			expect(svc.events).toEqual({});

			expect(svc._init).toBeCalledTimes(1);
		})",snuts
/test/unit/service.spec.js,VerboseStatement,"{'startLine':220,'endLine':293}","it(""should register actions"", () => {
			jest.spyOn(svc, ""_createAction"").mockImplementation((action, name) => ({
				name,
				handler: action.handler || action
			}));
			jest.spyOn(broker.middlewares, ""wrapHandler"").mockImplementation(
				(type, handler) => handler
			);
			jest.spyOn(broker.registry, ""createPrivateActionEndpoint"").mockImplementation(() => ({
				id: ""nodeID""
			}));
			const schema = {
				name: ""posts"",
				actions: {
					alpha: jest.fn(() => ""Alpha""),
					beta: false,
					gamma: {
						handler: jest.fn()
					}
				}
			};
			svc.parseServiceSchema(schema);

			expect(svc._createAction).toBeCalledTimes(2);
			expect(svc._createAction).toHaveBeenNthCalledWith(1, schema.actions.alpha, ""alpha"");
			expect(svc._createAction).toHaveBeenNthCalledWith(2, schema.actions.gamma, ""gamma"");

			expect(broker.middlewares.wrapHandler).toBeCalledTimes(2);
			expect(broker.middlewares.wrapHandler).toHaveBeenNthCalledWith(
				1,
				""localAction"",
				expect.any(Function),
				{ name: ""alpha"", handler: expect.any(Function) }
			);
			expect(broker.middlewares.wrapHandler).toHaveBeenNthCalledWith(
				2,
				""localAction"",
				expect.any(Function),
				{ name: ""gamma"", handler: expect.any(Function) }
			);

			expect(broker.registry.createPrivateActionEndpoint).toBeCalledTimes(2);
			expect(broker.registry.createPrivateActionEndpoint).toHaveBeenNthCalledWith(1, {
				name: ""alpha"",
				handler: expect.any(Function)
			});
			expect(broker.registry.createPrivateActionEndpoint).toHaveBeenNthCalledWith(2, {
				name: ""gamma"",
				handler: expect.any(Function)
			});

			expect(svc._serviceSpecification).toEqual({
				name: ""posts"",
				version: undefined,
				fullName: ""posts"",
				settings: {},
				metadata: {},
				actions: {
					alpha: {
						name: ""alpha"",
						handler: expect.any(Function)
					},
					gamma: {
						name: ""gamma"",
						handler: expect.any(Function)
					}
				},
				events: {}
			});

			expect(svc.actions.alpha).toBeInstanceOf(Function);
			expect(svc.actions.beta).toBeUndefined();
			expect(svc.actions.gamma).toBeInstanceOf(Function);
		})",snuts
/test/unit/service.spec.js,VerboseStatement,"{'startLine':295,'endLine':319}","it(""should call the handler via this.actions.xy"", () => {
			const schema = {
				name: ""posts"",
				actions: {
					alpha: jest.fn(() => ""Alpha"")
				}
			};
			svc.parseServiceSchema(schema);

			const res = svc.actions.alpha({ a: 5 });

			expect(res).toBe(""Alpha"");
			expect(schema.actions.alpha).toBeCalledTimes(1);
			expect(schema.actions.alpha).toBeCalledWith(expect.any(Context));
			expect(schema.actions.alpha.mock.calls[0][0].params).toEqual({ a: 5 });
			expect(schema.actions.alpha.mock.calls[0][0].endpoint).toEqual({ id: ""nodeID"" });

			schema.actions.alpha.mockClear();
			const fakeCtx = { id: 123 };
			const res2 = svc.actions.alpha({ a: 5 }, { ctx: fakeCtx });

			expect(res2).toBe(""Alpha"");
			expect(schema.actions.alpha).toBeCalledTimes(1);
			expect(schema.actions.alpha).toBeCalledWith(fakeCtx);
		})",snuts
/test/unit/service.spec.js,VerboseStatement,"{'startLine':373,'endLine':399}","it(""should call the handler via this.events.xy"", () => {
			const schema = {
				name: ""posts"",
				events: {
					""user.created"": jest.fn(() => ""User created"")
				}
			};
			svc.parseServiceSchema(schema);

			const res = svc.events[""user.created""]({ id: 5 });

			expect(res).toBe(""User created"");
			expect(schema.events[""user.created""]).toBeCalledTimes(1);
			expect(schema.events[""user.created""]).toBeCalledWith(expect.any(Context));
			expect(schema.events[""user.created""].mock.calls[0][0].params).toEqual({ id: 5 });
			expect(schema.events[""user.created""].mock.calls[0][0].eventName).toBe(""user.created"");
			expect(schema.events[""user.created""].mock.calls[0][0].eventType).toBe(""emit"");
			expect(schema.events[""user.created""].mock.calls[0][0].eventGroups).toEqual([""posts""]);

			schema.events[""user.created""].mockClear();
			const fakeCtx = { id: 123 };
			const res2 = svc.events[""user.created""]({ a: 5 }, { ctx: fakeCtx });

			expect(res2).toBe(""User created"");
			expect(schema.events[""user.created""]).toBeCalledTimes(1);
			expect(schema.events[""user.created""]).toBeCalledWith(fakeCtx);
		})",snuts
/test/unit/service.spec.js,VerboseStatement,"{'startLine':1410,'endLine':1525}","it(""should call merge methods"", () => {
			const mixin2 = {};

			const mixin = {
				name: ""posts"",
				version: 3,

				mixins: [mixin2],

				dependencies: [""users"", ""auth""],

				settings: {
					a: 5
				},

				metadata: {
					region: ""us-west""
				},

				hooks: {
					before: {
						""*"": () => {}
					},
					after: {
						list: [() => {}, () => {}]
					},
					error: {
						""*"": () => {}
					}
				},

				actions: {
					find() {},

					get: {
						cache: true,
						params: {
							a: ""string""
						}
					},

					delete: false
				},

				methods: {
					doSomething() {}
				},

				events: {
					""user.created""() {},
					""user.updated"": {
						group: ""user"",
						handler: () => {}
					}
				},

				created() {},
				started() {},
				stopped() {},

				custom: ""123""
			};

			Service.prototype.mergeSchemas({}, mixin);

			expect(Service.prototype.mergeSchemaSettings).toBeCalledTimes(1);
			expect(Service.prototype.mergeSchemaSettings).toBeCalledWith(mixin.settings, undefined);

			expect(Service.prototype.mergeSchemaMetadata).toBeCalledTimes(1);
			expect(Service.prototype.mergeSchemaMetadata).toBeCalledWith(mixin.metadata, undefined);

			expect(Service.prototype.mergeSchemaHooks).toBeCalledTimes(1);
			expect(Service.prototype.mergeSchemaHooks).toBeCalledWith(mixin.hooks, {});

			expect(Service.prototype.mergeSchemaActions).toBeCalledTimes(1);
			expect(Service.prototype.mergeSchemaActions).toBeCalledWith(mixin.actions, {});

			expect(Service.prototype.mergeSchemaMethods).toBeCalledTimes(1);
			expect(Service.prototype.mergeSchemaMethods).toBeCalledWith(mixin.methods, undefined);

			expect(Service.prototype.mergeSchemaEvents).toBeCalledTimes(1);
			expect(Service.prototype.mergeSchemaEvents).toBeCalledWith(mixin.events, {});

			expect(Service.prototype.mergeSchemaLifecycleHandlers).toBeCalledTimes(3);
			expect(Service.prototype.mergeSchemaLifecycleHandlers).toBeCalledWith(
				mixin.created,
				undefined
			);
			expect(Service.prototype.mergeSchemaLifecycleHandlers).toBeCalledWith(
				mixin.started,
				undefined
			);
			expect(Service.prototype.mergeSchemaLifecycleHandlers).toBeCalledWith(
				mixin.stopped,
				undefined
			);

			expect(Service.prototype.mergeSchemaUniqArray).toBeCalledTimes(2);
			expect(Service.prototype.mergeSchemaUniqArray).toHaveBeenNthCalledWith(
				1,
				mixin.mixins,
				undefined
			);
			expect(Service.prototype.mergeSchemaUniqArray).toHaveBeenNthCalledWith(
				2,
				mixin.dependencies,
				undefined
			);

			expect(Service.prototype.mergeSchemaUnknown).toBeCalledTimes(1);
			expect(Service.prototype.mergeSchemaUnknown).toHaveBeenNthCalledWith(
				1,
				mixin.custom,
				undefined
			);
		})",snuts
/test/unit/service-broker.spec.js,AnonymousTest,"{'startLine':717,'endLine':719}","it(""should reject"", () => {
			return expect(broker.start()).rejects.toBeDefined();
		})",snuts
/test/unit/service-broker.spec.js,IdenticalTestDescription,"{'startLine':640,'endLine':656}","it(""should call started of services, created whilst starting an initial service"", async () => {
			const shouldBeCalled = jest.fn();

			broker.createService({
				name: ""test2"",
				started: () => {
					broker.createService({
						name: ""test3"",
						started: shouldBeCalled
					});
					broker.waitForServices(""test"");
					// do something
				}
			});
			await broker.start();
			expect(shouldBeCalled).toHaveBeenCalledTimes(1);
		})",snuts
/test/unit/service-broker.spec.js,IdenticalTestDescription,"{'startLine':658,'endLine':690}","it(""should call started of services"", async () => {
			optStarted.mockClear();
			broker.transit.connect.mockClear();
			broker.transit.ready.mockClear();
			broker.broadcastLocal.mockClear();
			broker.metrics.set.mockClear();
			broker.callMiddlewareHook.mockClear();

			broker.services.forEach(svc => (svc._start = jest.fn()));
			//broker.scope.enable = jest.fn();
			//broker.tracer.restartScope = jest.fn();

			await broker.start();

			//expect(broker.scope.enable).toHaveBeenCalledTimes(1);
			//expect(broker.tracer.restartScope).toHaveBeenCalledTimes(1);

			expect(optStarted).toHaveBeenCalledTimes(1);
			expect(svc._start).toHaveBeenCalledTimes(1);
			expect(broker.transit.connect).toHaveBeenCalledTimes(1);
			expect(broker.started).toBe(true);

			expect(broker.metrics.set).toHaveBeenCalledTimes(1);
			expect(broker.metrics.set).toHaveBeenCalledWith(""moleculer.broker.started"", 1);
			expect(broker.broadcastLocal).toHaveBeenCalledTimes(1);
			expect(broker.broadcastLocal).toHaveBeenCalledWith(""$broker.started"");

			expect(broker.transit.ready).toHaveBeenCalledTimes(1);

			expect(broker.callMiddlewareHook).toHaveBeenCalledTimes(2);
			expect(broker.callMiddlewareHook).toHaveBeenCalledWith(""starting"", [broker]);
			expect(broker.callMiddlewareHook).toHaveBeenCalledWith(""started"", [broker]);
		})",snuts
/test/unit/service-broker.spec.js,IdenticalTestDescription,"{'startLine':844,'endLine':883}","it(""should call stopped of services"", () => {
			broker.services.forEach(svc => (svc._stop = jest.fn()));
			broker.broadcastLocal.mockClear();
			broker.metrics.set.mockClear();
			broker.callMiddlewareHook.mockClear();
			broker.registry.regenerateLocalRawInfo = jest.fn();
			broker.registry.discoverer.sendLocalNodeInfo = jest.fn();

			return broker.stop().then(() => {
				expect(broker.registry.regenerateLocalRawInfo).toBeCalledTimes(1);
				expect(broker.registry.regenerateLocalRawInfo).toBeCalledWith(true, true);
				expect(broker.registry.discoverer.sendLocalNodeInfo).toBeCalledTimes(1);

				expect(optStopped).toHaveBeenCalledTimes(1);
				expect(svc._stop).toHaveBeenCalledTimes(1);
				expect(broker.transit.disconnect).toHaveBeenCalledTimes(1);
				expect(broker.cacher.close).toHaveBeenCalledTimes(1);
				expect(broker.metrics.stop).toHaveBeenCalledTimes(1);
				expect(broker.tracer.stop).toHaveBeenCalledTimes(1);
				expect(broker.loggerFactory.stop).toHaveBeenCalledTimes(1);

				expect(broker.callMiddlewareHook).toHaveBeenCalledTimes(2);
				expect(broker.callMiddlewareHook).toHaveBeenCalledWith(""stopping"", [broker], {
					reverse: true
				});
				expect(broker.callMiddlewareHook).toHaveBeenCalledWith(""stopped"", [broker], {
					reverse: true
				});

				expect(broker.started).toBe(false);

				expect(broker.broadcastLocal).toHaveBeenCalledTimes(1);
				expect(broker.broadcastLocal).toHaveBeenCalledWith(""$broker.stopped"");

				// expect(broker.scope.stop).toHaveBeenCalledTimes(1);

				expect(broker.metrics.set).toHaveBeenCalledTimes(1);
				expect(broker.metrics.set).toHaveBeenCalledWith(""moleculer.broker.started"", 0);
			});
		})",snuts
/test/unit/service-broker.spec.js,IdenticalTestDescription,"{'startLine':919,'endLine':955}","it(""should call stopped of services"", () => {
			broker.broadcastLocal.mockClear();
			broker.callMiddlewareHook.mockClear();
			broker.metrics.set.mockClear();
			return broker.stop().then(() => {
				expect(optStopped).toHaveBeenCalledTimes(1);
				expect(schema.stopped).toHaveBeenCalledTimes(1);
				expect(broker.transit.disconnect).toHaveBeenCalledTimes(1);
				expect(broker.cacher.close).toHaveBeenCalledTimes(1);
				expect(broker.metrics.stop).toHaveBeenCalledTimes(1);
				expect(broker.tracer.stop).toHaveBeenCalledTimes(1);
				expect(broker.loggerFactory.stop).toHaveBeenCalledTimes(1);

				expect(broker.callMiddlewareHook).toHaveBeenCalledTimes(5);
				expect(broker.callMiddlewareHook).toHaveBeenCalledWith(""stopping"", [broker], {
					reverse: true
				});
				expect(broker.callMiddlewareHook).toHaveBeenCalledWith(""stopped"", [broker], {
					reverse: true
				});

				expect(broker.started).toBe(false);

				expect(broker.broadcastLocal).toHaveBeenCalledTimes(2);
				expect(broker.broadcastLocal).toHaveBeenNthCalledWith(1, ""$broker.error"", {
					error: ""Can't stop!"",
					module: ""broker"",
					type: C.FAILED_STOPPING_SERVICES
				});
				expect(broker.broadcastLocal).toHaveBeenNthCalledWith(2, ""$broker.stopped"");

				// expect(broker.scope.stop).toHaveBeenCalledTimes(1);

				expect(broker.metrics.set).toHaveBeenCalledTimes(1);
				expect(broker.metrics.set).toHaveBeenCalledWith(""moleculer.broker.started"", 0);
			});
		})",snuts
/test/unit/service-broker.spec.js,IdenticalTestDescription,"{'startLine':1341,'endLine':1348}","it(""should load service from schema"", () => {
		// Load schema
		const service = broker.loadService(""./test/services/math.service.js"");
		expect(service).toBeDefined();
		expect(service.__filename).toBeDefined();
		expect(broker.createService).toHaveBeenCalledTimes(1);
		expect(broker._restartService).toHaveBeenCalledTimes(0);
	})",snuts
/test/unit/service-broker.spec.js,IdenticalTestDescription,"{'startLine':1350,'endLine':1358}","it(""should call function which returns Service instance"", () => {
		broker.createService.mockClear();
		broker._restartService.mockClear();
		const service = broker.loadService(""./test/services/users.service.js"");
		expect(service).toBeInstanceOf(broker.ServiceFactory);
		expect(broker.createService).toHaveBeenCalledTimes(0);
		expect(broker._restartService).toHaveBeenCalledTimes(1);
		expect(broker._restartService).toHaveBeenCalledWith(service);
	})",snuts
/test/unit/service-broker.spec.js,IdenticalTestDescription,"{'startLine':1360,'endLine':1367}","it(""should call function which returns schema"", () => {
		broker.createService.mockClear();
		broker._restartService.mockClear();
		const service = broker.loadService(""./test/services/posts.service.js"");
		expect(service).toBeDefined();
		expect(broker.createService).toHaveBeenCalledTimes(1);
		expect(broker._restartService).toHaveBeenCalledTimes(0);
	})",snuts
/test/unit/service-broker.spec.js,IdenticalTestDescription,"{'startLine':1369,'endLine':1377}","it(""should load ES6 class"", () => {
		broker.createService.mockClear();
		broker._restartService.mockClear();
		const service = broker.loadService(""./test/services/greeter.es6.service.js"");
		expect(service).toBeDefined();
		expect(broker.createService).toHaveBeenCalledTimes(0);
		expect(broker._restartService).toHaveBeenCalledTimes(1);
		expect(broker._restartService).toHaveBeenCalledWith(service);
	})",snuts
/test/unit/service-broker.spec.js,IdenticalTestDescription,"{'startLine':1731,'endLine':1741}","it(""should NOT find service by object with name"", () => {
			broker.createService(schema);

			return broker.destroyService({ name: ""greeter"", version: 123 }).catch(err => {
				expect(err).toBeInstanceOf(ServiceNotFoundError);
				expect(err.message).toBe(""Service '123.greeter' not found."");

				// remove service for next tests
				return broker.destroyService({ name: ""greeter"", version: 2 });
			});
		})",snuts
/test/unit/service-broker.spec.js,IdenticalTestDescription,"{'startLine':2539,'endLine':2550}","it(""should reject if no action"", () => {
		broker.registry.getActionEndpoints = jest.fn();
		return broker
			.callWithoutBalancer(""posts.noaction"", {})
			.then(protectReject)
			.catch(err => {
				expect(err).toBeDefined();
				expect(err).toBeInstanceOf(ServiceNotFoundError);
				expect(err.message).toBe(""Service 'posts.noaction' is not found."");
				expect(err.data).toEqual({ action: ""posts.noaction"", nodeID: undefined });
			});
	})",snuts
/test/unit/service-broker.spec.js,IdenticalTestDescription,"{'startLine':3775,'endLine':3806}","it(""should call emitLocalServices with object payload"", () => {
		broker.localBus.emit.mockClear();
		broker.emitLocalServices.mockClear();

		broker.broadcastLocal(""$user.event"", { name: ""John"" });

		expect(broker.emitLocalServices).toHaveBeenCalledTimes(1);
		const ctx = broker.emitLocalServices.mock.calls[0][0];
		expect(broker.emitLocalServices).toHaveBeenNthCalledWith(1, ctx);
		expect(ctx.toJSON()).toEqual({
			id: ""1"",
			ackID: null,
			cachedResult: false,
			caller: null,
			eventGroups: undefined,
			eventName: ""$user.event"",
			eventType: ""broadcastLocal"",
			level: 1,
			meta: {},
			needAck: null,
			nodeID: ""server-1"",
			options: {},
			params: { name: ""John"" },
			parentID: null,
			requestID: ""1"",
			span: null,
			tracing: null
		});

		expect(broker.localBus.emit).toHaveBeenCalledTimes(1);
		expect(broker.localBus.emit).toHaveBeenCalledWith(""$user.event"", { name: ""John"" });
	})",snuts
/test/unit/service-broker.spec.js,IdenticalTestDescription,"{'startLine':3937,'endLine':3959}","it(""should call the original generateToken"", () => {
		let counter = 1;
		const customUidGenerator = jest.fn(broker => `${broker.nodeID}-${counter++}`);
		let broker = new ServiceBroker({
			nodeID: ""node-100"",
			logger: false,
			uidGenerator: customUidGenerator
		});
		utils.generateToken.mockClear();

		expect(broker.generateUid()).toBe(""node-100-1"");

		expect(utils.generateToken).toHaveBeenCalledTimes(0);
		expect(customUidGenerator).toHaveBeenCalledTimes(1);
		expect(customUidGenerator).toHaveBeenCalledWith(broker);

		customUidGenerator.mockClear();
		expect(broker.generateUid()).toBe(""node-100-2"");

		expect(utils.generateToken).toHaveBeenCalledTimes(0);
		expect(customUidGenerator).toHaveBeenCalledTimes(1);
		expect(customUidGenerator).toHaveBeenCalledWith(broker);
	})",snuts
/test/unit/service-broker.spec.js,IdenticalTestDescription,"{'startLine':3992,'endLine':4001}","it(""should call registry.getAllEndpoints"", () => {
		broker.registry.events.getAllEndpoints.mockClear();

		const res = broker.getEventListeners(""event.name"");

		expect(res).toEqual([{}]);

		expect(broker.registry.events.getAllEndpoints).toHaveBeenCalledTimes(1);
		expect(broker.registry.events.getAllEndpoints).toHaveBeenCalledWith(""event.name"");
	})",snuts
/test/unit/service-broker.spec.js,NonFunctionalStatement,"{'startLine':50,'endLine':50}",Unknown,snuts
/test/unit/service-broker.spec.js,NonFunctionalStatement,"{'startLine':1388,'endLine':1388}","it(""should load math service"", () => {
		const schema = {
			name: ""test"",
			actions: {
				empty() {}
			}
		};

		const service = broker.createService(schema);
		expect(service).toBe(schema);
		expect(broker.ServiceFactory).toHaveBeenCalledTimes(1);
		expect(broker.ServiceFactory).toHaveBeenCalledWith(broker, schema, undefined);
	})",snuts
/test/unit/service-broker.spec.js,NonFunctionalStatement,"{'startLine':1404,'endLine':1404}","it(""should can't call mergeSchema if not give schema mods param"", () => {
		const broker = new ServiceBroker({ logger: false });
		broker.ServiceFactory.prototype.mergeSchemas = jest.fn(schema => schema);
		const schema = {
			name: ""test"",
			actions: {
				empty() {}
			}
		};

		broker.createService(schema);
		expect(broker.ServiceFactory.prototype.mergeSchemas).toHaveBeenCalledTimes(0);
	})",snuts
/test/unit/service-broker.spec.js,NonFunctionalStatement,"{'startLine':1418,'endLine':1418}","it(""should call mergeSchema if give schema mods param"", () => {
		const broker = new ServiceBroker({ logger: false });
		broker.ServiceFactory.prototype.mergeSchemas = jest.fn(schema => schema);
		const schema = {
			name: ""test"",
			actions: {
				empty() {}
			}
		};

		const mods = {
			name: ""other"",
			version: 2
		};

		broker.createService(schema, mods);
		expect(broker.ServiceFactory.prototype.mergeSchemas).toHaveBeenCalledTimes(1);
		expect(broker.ServiceFactory.prototype.mergeSchemas).toHaveBeenCalledWith(schema, mods);
	})",snuts
/test/unit/service-broker.spec.js,NonFunctionalStatement,"{'startLine':1511,'endLine':1511}","describe(""For not versioned services"", () => {
		let stopped = jest.fn();
		let broker = new ServiceBroker({ logger: false, internalServices: false });
		let schema = {
			name: ""greeter"",
			actions: {
				hello() {},
				welcome() {}
			},
			stopped
		};
		let service = broker.createService(schema);

		broker.metrics.set = jest.fn();
		jest.spyOn(broker, ""getLocalService"");

		beforeAll(() => broker.start());
		afterAll(() => broker.stop());

		it(""should destroy service"", () => {
			broker.registry.unregisterService = jest.fn();
			broker.servicesChanged = jest.fn();
			broker.metrics.set.mockClear();

			expect(broker.services.length).toBe(1);

			return broker
				.destroyService(service)
				.catch(protectReject)
				.then(() => {
					expect(stopped).toHaveBeenCalledTimes(1);

					expect(broker.getLocalService).toHaveBeenCalledTimes(0);

					expect(broker.registry.unregisterService).toHaveBeenCalledTimes(1);
					expect(broker.registry.unregisterService).toHaveBeenCalledWith(
						""greeter"",
						""node-1234""
					);

					expect(broker.servicesChanged).toHaveBeenCalledTimes(1);
					expect(broker.servicesChanged).toHaveBeenCalledWith(true);

					expect(broker.services.length).toBe(0);

					expect(broker.metrics.set).toHaveBeenCalledTimes(1);
					expect(broker.metrics.set).toHaveBeenCalledWith(
						""moleculer.broker.local.services.total"",
						0
					);
				});
		});

		it(""should find service by name"", () => {
			broker.createService(schema);

			broker.registry.unregisterService.mockClear();
			broker.servicesChanged.mockClear();
			broker.metrics.set.mockClear();
			broker.getLocalService.mockClear();
			schema.stopped.mockClear();

			expect(broker.services.length).toBe(1);

			return broker
				.destroyService(""greeter"")
				.catch(protectReject)
				.then(() => {
					expect(stopped).toHaveBeenCalledTimes(1);

					expect(broker.getLocalService).toHaveBeenCalledTimes(1);
					expect(broker.getLocalService).toHaveBeenCalledWith(""greeter"");

					expect(broker.registry.unregisterService).toHaveBeenCalledTimes(1);
					expect(broker.registry.unregisterService).toHaveBeenCalledWith(
						""greeter"",
						""node-1234""
					);

					expect(broker.servicesChanged).toHaveBeenCalledTimes(1);
					expect(broker.servicesChanged).toHaveBeenCalledWith(true);

					expect(broker.services.length).toBe(0);

					expect(broker.metrics.set).toHaveBeenCalledTimes(1);
					expect(broker.metrics.set).toHaveBeenCalledWith(
						""moleculer.broker.local.services.total"",
						0
					);
				});
		});

		it(""should broadcast error while destroying service"", async () => {
			broker.broadcastLocal = jest.fn();

			jest.spyOn(service, ""_stop"").mockImplementation(() => {
				throw new Error(""Ups!"");
			});

			await broker.destroyService(service);

			expect(broker.broadcastLocal).toHaveBeenCalledTimes(1);
			expect(broker.broadcastLocal).toHaveBeenCalledWith(""$broker.error"", {
				error: new Error(""Ups!""),
				module: ""broker"",
				type: C.FAILED_DESTRUCTION_SERVICE
			});
		});
	})",snuts
/test/unit/service-broker.spec.js,NonFunctionalStatement,"{'startLine':1512,'endLine':1512}","describe(""For not versioned services"", () => {
		let stopped = jest.fn();
		let broker = new ServiceBroker({ logger: false, internalServices: false });
		let schema = {
			name: ""greeter"",
			actions: {
				hello() {},
				welcome() {}
			},
			stopped
		};
		let service = broker.createService(schema);

		broker.metrics.set = jest.fn();
		jest.spyOn(broker, ""getLocalService"");

		beforeAll(() => broker.start());
		afterAll(() => broker.stop());

		it(""should destroy service"", () => {
			broker.registry.unregisterService = jest.fn();
			broker.servicesChanged = jest.fn();
			broker.metrics.set.mockClear();

			expect(broker.services.length).toBe(1);

			return broker
				.destroyService(service)
				.catch(protectReject)
				.then(() => {
					expect(stopped).toHaveBeenCalledTimes(1);

					expect(broker.getLocalService).toHaveBeenCalledTimes(0);

					expect(broker.registry.unregisterService).toHaveBeenCalledTimes(1);
					expect(broker.registry.unregisterService).toHaveBeenCalledWith(
						""greeter"",
						""node-1234""
					);

					expect(broker.servicesChanged).toHaveBeenCalledTimes(1);
					expect(broker.servicesChanged).toHaveBeenCalledWith(true);

					expect(broker.services.length).toBe(0);

					expect(broker.metrics.set).toHaveBeenCalledTimes(1);
					expect(broker.metrics.set).toHaveBeenCalledWith(
						""moleculer.broker.local.services.total"",
						0
					);
				});
		});

		it(""should find service by name"", () => {
			broker.createService(schema);

			broker.registry.unregisterService.mockClear();
			broker.servicesChanged.mockClear();
			broker.metrics.set.mockClear();
			broker.getLocalService.mockClear();
			schema.stopped.mockClear();

			expect(broker.services.length).toBe(1);

			return broker
				.destroyService(""greeter"")
				.catch(protectReject)
				.then(() => {
					expect(stopped).toHaveBeenCalledTimes(1);

					expect(broker.getLocalService).toHaveBeenCalledTimes(1);
					expect(broker.getLocalService).toHaveBeenCalledWith(""greeter"");

					expect(broker.registry.unregisterService).toHaveBeenCalledTimes(1);
					expect(broker.registry.unregisterService).toHaveBeenCalledWith(
						""greeter"",
						""node-1234""
					);

					expect(broker.servicesChanged).toHaveBeenCalledTimes(1);
					expect(broker.servicesChanged).toHaveBeenCalledWith(true);

					expect(broker.services.length).toBe(0);

					expect(broker.metrics.set).toHaveBeenCalledTimes(1);
					expect(broker.metrics.set).toHaveBeenCalledWith(
						""moleculer.broker.local.services.total"",
						0
					);
				});
		});

		it(""should broadcast error while destroying service"", async () => {
			broker.broadcastLocal = jest.fn();

			jest.spyOn(service, ""_stop"").mockImplementation(() => {
				throw new Error(""Ups!"");
			});

			await broker.destroyService(service);

			expect(broker.broadcastLocal).toHaveBeenCalledTimes(1);
			expect(broker.broadcastLocal).toHaveBeenCalledWith(""$broker.error"", {
				error: new Error(""Ups!""),
				module: ""broker"",
				type: C.FAILED_DESTRUCTION_SERVICE
			});
		});
	})",snuts
/test/unit/service-broker.spec.js,NonFunctionalStatement,"{'startLine':1622,'endLine':1622}","describe(""For versioned services"", () => {
		let stopped = jest.fn();
		let broker = new ServiceBroker({ logger: false, internalServices: false });
		let schema = {
			name: ""greeter"",
			version: 2,
			actions: {
				hello() {},
				welcome() {}
			},
			stopped
		};
		let service = broker.createService(schema);

		broker.metrics.set = jest.fn();
		jest.spyOn(broker, ""getLocalService"");

		beforeAll(() => broker.start());
		afterAll(() => broker.stop());

		it(""should destroy service by providing service instance"", () => {
			broker.registry.unregisterService = jest.fn();
			broker.servicesChanged = jest.fn();
			broker.metrics.set.mockClear();

			expect(broker.services.length).toBe(1);

			return broker
				.destroyService(service)
				.catch(protectReject)
				.then(() => {
					expect(stopped).toHaveBeenCalledTimes(1);

					expect(broker.getLocalService).toHaveBeenCalledTimes(0);

					expect(broker.registry.unregisterService).toHaveBeenCalledTimes(1);
					expect(broker.registry.unregisterService).toHaveBeenCalledWith(
						""v2.greeter"",
						""node-1234""
					);

					expect(broker.servicesChanged).toHaveBeenCalledTimes(1);
					expect(broker.servicesChanged).toHaveBeenCalledWith(true);

					expect(broker.services.length).toBe(0);

					expect(broker.metrics.set).toHaveBeenCalledTimes(1);
					expect(broker.metrics.set).toHaveBeenCalledWith(
						""moleculer.broker.local.services.total"",
						0
					);
				});
		});

		it(""should destroy service by providing full service name"", () => {
			broker.createService(schema);

			broker.registry.unregisterService.mockClear();
			broker.servicesChanged.mockClear();
			broker.metrics.set.mockClear();
			broker.getLocalService.mockClear();
			schema.stopped.mockClear();

			expect(broker.services.length).toBe(1);

			return broker
				.destroyService(""v2.greeter"")
				.catch(protectReject)
				.then(() => {
					expect(stopped).toHaveBeenCalledTimes(1);

					expect(broker.getLocalService).toHaveBeenCalledTimes(1);
					expect(broker.getLocalService).toHaveBeenCalledWith(""v2.greeter"");

					expect(broker.registry.unregisterService).toHaveBeenCalledTimes(1);
					expect(broker.registry.unregisterService).toHaveBeenCalledWith(
						""v2.greeter"",
						""node-1234""
					);

					expect(broker.servicesChanged).toHaveBeenCalledTimes(1);
					expect(broker.servicesChanged).toHaveBeenCalledWith(true);

					expect(broker.services.length).toBe(0);

					expect(broker.metrics.set).toHaveBeenCalledTimes(1);
					expect(broker.metrics.set).toHaveBeenCalledWith(
						""moleculer.broker.local.services.total"",
						0
					);
				});
		});

		it(""should NOT find service by string name"", () => {
			broker.createService(schema);

			return broker.destroyService(""greeter"").catch(err => {
				expect(err).toBeInstanceOf(ServiceNotFoundError);
				expect(err.message).toBe(""Service 'greeter' not found."");
				// remove service for next tests
				return broker.destroyService(""v2.greeter"");
			});
		});

		it(""should NOT find service by object with name"", () => {
			broker.createService(schema);

			return broker.destroyService({ name: ""greeter"" }).catch(err => {
				expect(err).toBeInstanceOf(ServiceNotFoundError);
				expect(err.message).toBe(""Service 'greeter' not found."");

				// remove service for next tests
				return broker.destroyService({ name: ""greeter"", version: 2 });
			});
		});

		it(""should NOT find service by object with name"", () => {
			broker.createService(schema);

			return broker.destroyService({ name: ""greeter"", version: 123 }).catch(err => {
				expect(err).toBeInstanceOf(ServiceNotFoundError);
				expect(err.message).toBe(""Service '123.greeter' not found."");

				// remove service for next tests
				return broker.destroyService({ name: ""greeter"", version: 2 });
			});
		});
	})",snuts
/test/unit/service-broker.spec.js,NonFunctionalStatement,"{'startLine':1623,'endLine':1623}","describe(""For versioned services"", () => {
		let stopped = jest.fn();
		let broker = new ServiceBroker({ logger: false, internalServices: false });
		let schema = {
			name: ""greeter"",
			version: 2,
			actions: {
				hello() {},
				welcome() {}
			},
			stopped
		};
		let service = broker.createService(schema);

		broker.metrics.set = jest.fn();
		jest.spyOn(broker, ""getLocalService"");

		beforeAll(() => broker.start());
		afterAll(() => broker.stop());

		it(""should destroy service by providing service instance"", () => {
			broker.registry.unregisterService = jest.fn();
			broker.servicesChanged = jest.fn();
			broker.metrics.set.mockClear();

			expect(broker.services.length).toBe(1);

			return broker
				.destroyService(service)
				.catch(protectReject)
				.then(() => {
					expect(stopped).toHaveBeenCalledTimes(1);

					expect(broker.getLocalService).toHaveBeenCalledTimes(0);

					expect(broker.registry.unregisterService).toHaveBeenCalledTimes(1);
					expect(broker.registry.unregisterService).toHaveBeenCalledWith(
						""v2.greeter"",
						""node-1234""
					);

					expect(broker.servicesChanged).toHaveBeenCalledTimes(1);
					expect(broker.servicesChanged).toHaveBeenCalledWith(true);

					expect(broker.services.length).toBe(0);

					expect(broker.metrics.set).toHaveBeenCalledTimes(1);
					expect(broker.metrics.set).toHaveBeenCalledWith(
						""moleculer.broker.local.services.total"",
						0
					);
				});
		});

		it(""should destroy service by providing full service name"", () => {
			broker.createService(schema);

			broker.registry.unregisterService.mockClear();
			broker.servicesChanged.mockClear();
			broker.metrics.set.mockClear();
			broker.getLocalService.mockClear();
			schema.stopped.mockClear();

			expect(broker.services.length).toBe(1);

			return broker
				.destroyService(""v2.greeter"")
				.catch(protectReject)
				.then(() => {
					expect(stopped).toHaveBeenCalledTimes(1);

					expect(broker.getLocalService).toHaveBeenCalledTimes(1);
					expect(broker.getLocalService).toHaveBeenCalledWith(""v2.greeter"");

					expect(broker.registry.unregisterService).toHaveBeenCalledTimes(1);
					expect(broker.registry.unregisterService).toHaveBeenCalledWith(
						""v2.greeter"",
						""node-1234""
					);

					expect(broker.servicesChanged).toHaveBeenCalledTimes(1);
					expect(broker.servicesChanged).toHaveBeenCalledWith(true);

					expect(broker.services.length).toBe(0);

					expect(broker.metrics.set).toHaveBeenCalledTimes(1);
					expect(broker.metrics.set).toHaveBeenCalledWith(
						""moleculer.broker.local.services.total"",
						0
					);
				});
		});

		it(""should NOT find service by string name"", () => {
			broker.createService(schema);

			return broker.destroyService(""greeter"").catch(err => {
				expect(err).toBeInstanceOf(ServiceNotFoundError);
				expect(err.message).toBe(""Service 'greeter' not found."");
				// remove service for next tests
				return broker.destroyService(""v2.greeter"");
			});
		});

		it(""should NOT find service by object with name"", () => {
			broker.createService(schema);

			return broker.destroyService({ name: ""greeter"" }).catch(err => {
				expect(err).toBeInstanceOf(ServiceNotFoundError);
				expect(err.message).toBe(""Service 'greeter' not found."");

				// remove service for next tests
				return broker.destroyService({ name: ""greeter"", version: 2 });
			});
		});

		it(""should NOT find service by object with name"", () => {
			broker.createService(schema);

			return broker.destroyService({ name: ""greeter"", version: 123 }).catch(err => {
				expect(err).toBeInstanceOf(ServiceNotFoundError);
				expect(err.message).toBe(""Service '123.greeter' not found."");

				// remove service for next tests
				return broker.destroyService({ name: ""greeter"", version: 2 });
			});
		});
	})",snuts
/test/unit/service-broker.spec.js,SubOptimalAssert,"{'startLine':1481,'endLine':1481}","it(""should add service to local services list"", () => {
		let svc = { name: ""test"" };

		expect(broker.services.length).toBe(0);
		broker.addLocalService(svc);
		expect(broker.services.length).toBe(1);
		expect(broker.services[0]).toBe(svc);

		expect(broker.metrics.set).toHaveBeenCalledTimes(1);
		expect(broker.metrics.set).toHaveBeenCalledWith(""moleculer.broker.local.services.total"", 1);
	})",snuts
/test/unit/service-broker.spec.js,SubOptimalAssert,"{'startLine':1483,'endLine':1483}","it(""should add service to local services list"", () => {
		let svc = { name: ""test"" };

		expect(broker.services.length).toBe(0);
		broker.addLocalService(svc);
		expect(broker.services.length).toBe(1);
		expect(broker.services[0]).toBe(svc);

		expect(broker.metrics.set).toHaveBeenCalledTimes(1);
		expect(broker.metrics.set).toHaveBeenCalledWith(""moleculer.broker.local.services.total"", 1);
	})",snuts
/test/unit/service-broker.spec.js,SubOptimalAssert,"{'startLine':1529,'endLine':1529}","it(""should destroy service"", () => {
			broker.registry.unregisterService = jest.fn();
			broker.servicesChanged = jest.fn();
			broker.metrics.set.mockClear();

			expect(broker.services.length).toBe(1);

			return broker
				.destroyService(service)
				.catch(protectReject)
				.then(() => {
					expect(stopped).toHaveBeenCalledTimes(1);

					expect(broker.getLocalService).toHaveBeenCalledTimes(0);

					expect(broker.registry.unregisterService).toHaveBeenCalledTimes(1);
					expect(broker.registry.unregisterService).toHaveBeenCalledWith(
						""greeter"",
						""node-1234""
					);

					expect(broker.servicesChanged).toHaveBeenCalledTimes(1);
					expect(broker.servicesChanged).toHaveBeenCalledWith(true);

					expect(broker.services.length).toBe(0);

					expect(broker.metrics.set).toHaveBeenCalledTimes(1);
					expect(broker.metrics.set).toHaveBeenCalledWith(
						""moleculer.broker.local.services.total"",
						0
					);
				});
		})",snuts
/test/unit/service-broker.spec.js,SubOptimalAssert,"{'startLine':1548,'endLine':1548}","it(""should destroy service"", () => {
			broker.registry.unregisterService = jest.fn();
			broker.servicesChanged = jest.fn();
			broker.metrics.set.mockClear();

			expect(broker.services.length).toBe(1);

			return broker
				.destroyService(service)
				.catch(protectReject)
				.then(() => {
					expect(stopped).toHaveBeenCalledTimes(1);

					expect(broker.getLocalService).toHaveBeenCalledTimes(0);

					expect(broker.registry.unregisterService).toHaveBeenCalledTimes(1);
					expect(broker.registry.unregisterService).toHaveBeenCalledWith(
						""greeter"",
						""node-1234""
					);

					expect(broker.servicesChanged).toHaveBeenCalledTimes(1);
					expect(broker.servicesChanged).toHaveBeenCalledWith(true);

					expect(broker.services.length).toBe(0);

					expect(broker.metrics.set).toHaveBeenCalledTimes(1);
					expect(broker.metrics.set).toHaveBeenCalledWith(
						""moleculer.broker.local.services.total"",
						0
					);
				});
		})",snuts
/test/unit/service-broker.spec.js,SubOptimalAssert,"{'startLine':1567,'endLine':1567}","it(""should find service by name"", () => {
			broker.createService(schema);

			broker.registry.unregisterService.mockClear();
			broker.servicesChanged.mockClear();
			broker.metrics.set.mockClear();
			broker.getLocalService.mockClear();
			schema.stopped.mockClear();

			expect(broker.services.length).toBe(1);

			return broker
				.destroyService(""greeter"")
				.catch(protectReject)
				.then(() => {
					expect(stopped).toHaveBeenCalledTimes(1);

					expect(broker.getLocalService).toHaveBeenCalledTimes(1);
					expect(broker.getLocalService).toHaveBeenCalledWith(""greeter"");

					expect(broker.registry.unregisterService).toHaveBeenCalledTimes(1);
					expect(broker.registry.unregisterService).toHaveBeenCalledWith(
						""greeter"",
						""node-1234""
					);

					expect(broker.servicesChanged).toHaveBeenCalledTimes(1);
					expect(broker.servicesChanged).toHaveBeenCalledWith(true);

					expect(broker.services.length).toBe(0);

					expect(broker.metrics.set).toHaveBeenCalledTimes(1);
					expect(broker.metrics.set).toHaveBeenCalledWith(
						""moleculer.broker.local.services.total"",
						0
					);
				});
		})",snuts
/test/unit/service-broker.spec.js,SubOptimalAssert,"{'startLine':1587,'endLine':1587}","it(""should find service by name"", () => {
			broker.createService(schema);

			broker.registry.unregisterService.mockClear();
			broker.servicesChanged.mockClear();
			broker.metrics.set.mockClear();
			broker.getLocalService.mockClear();
			schema.stopped.mockClear();

			expect(broker.services.length).toBe(1);

			return broker
				.destroyService(""greeter"")
				.catch(protectReject)
				.then(() => {
					expect(stopped).toHaveBeenCalledTimes(1);

					expect(broker.getLocalService).toHaveBeenCalledTimes(1);
					expect(broker.getLocalService).toHaveBeenCalledWith(""greeter"");

					expect(broker.registry.unregisterService).toHaveBeenCalledTimes(1);
					expect(broker.registry.unregisterService).toHaveBeenCalledWith(
						""greeter"",
						""node-1234""
					);

					expect(broker.servicesChanged).toHaveBeenCalledTimes(1);
					expect(broker.servicesChanged).toHaveBeenCalledWith(true);

					expect(broker.services.length).toBe(0);

					expect(broker.metrics.set).toHaveBeenCalledTimes(1);
					expect(broker.metrics.set).toHaveBeenCalledWith(
						""moleculer.broker.local.services.total"",
						0
					);
				});
		})",snuts
/test/unit/service-broker.spec.js,SubOptimalAssert,"{'startLine':1640,'endLine':1640}","it(""should destroy service by providing service instance"", () => {
			broker.registry.unregisterService = jest.fn();
			broker.servicesChanged = jest.fn();
			broker.metrics.set.mockClear();

			expect(broker.services.length).toBe(1);

			return broker
				.destroyService(service)
				.catch(protectReject)
				.then(() => {
					expect(stopped).toHaveBeenCalledTimes(1);

					expect(broker.getLocalService).toHaveBeenCalledTimes(0);

					expect(broker.registry.unregisterService).toHaveBeenCalledTimes(1);
					expect(broker.registry.unregisterService).toHaveBeenCalledWith(
						""v2.greeter"",
						""node-1234""
					);

					expect(broker.servicesChanged).toHaveBeenCalledTimes(1);
					expect(broker.servicesChanged).toHaveBeenCalledWith(true);

					expect(broker.services.length).toBe(0);

					expect(broker.metrics.set).toHaveBeenCalledTimes(1);
					expect(broker.metrics.set).toHaveBeenCalledWith(
						""moleculer.broker.local.services.total"",
						0
					);
				});
		})",snuts
/test/unit/service-broker.spec.js,SubOptimalAssert,"{'startLine':1659,'endLine':1659}","it(""should destroy service by providing service instance"", () => {
			broker.registry.unregisterService = jest.fn();
			broker.servicesChanged = jest.fn();
			broker.metrics.set.mockClear();

			expect(broker.services.length).toBe(1);

			return broker
				.destroyService(service)
				.catch(protectReject)
				.then(() => {
					expect(stopped).toHaveBeenCalledTimes(1);

					expect(broker.getLocalService).toHaveBeenCalledTimes(0);

					expect(broker.registry.unregisterService).toHaveBeenCalledTimes(1);
					expect(broker.registry.unregisterService).toHaveBeenCalledWith(
						""v2.greeter"",
						""node-1234""
					);

					expect(broker.servicesChanged).toHaveBeenCalledTimes(1);
					expect(broker.servicesChanged).toHaveBeenCalledWith(true);

					expect(broker.services.length).toBe(0);

					expect(broker.metrics.set).toHaveBeenCalledTimes(1);
					expect(broker.metrics.set).toHaveBeenCalledWith(
						""moleculer.broker.local.services.total"",
						0
					);
				});
		})",snuts
/test/unit/service-broker.spec.js,SubOptimalAssert,"{'startLine':1678,'endLine':1678}","it(""should destroy service by providing full service name"", () => {
			broker.createService(schema);

			broker.registry.unregisterService.mockClear();
			broker.servicesChanged.mockClear();
			broker.metrics.set.mockClear();
			broker.getLocalService.mockClear();
			schema.stopped.mockClear();

			expect(broker.services.length).toBe(1);

			return broker
				.destroyService(""v2.greeter"")
				.catch(protectReject)
				.then(() => {
					expect(stopped).toHaveBeenCalledTimes(1);

					expect(broker.getLocalService).toHaveBeenCalledTimes(1);
					expect(broker.getLocalService).toHaveBeenCalledWith(""v2.greeter"");

					expect(broker.registry.unregisterService).toHaveBeenCalledTimes(1);
					expect(broker.registry.unregisterService).toHaveBeenCalledWith(
						""v2.greeter"",
						""node-1234""
					);

					expect(broker.servicesChanged).toHaveBeenCalledTimes(1);
					expect(broker.servicesChanged).toHaveBeenCalledWith(true);

					expect(broker.services.length).toBe(0);

					expect(broker.metrics.set).toHaveBeenCalledTimes(1);
					expect(broker.metrics.set).toHaveBeenCalledWith(
						""moleculer.broker.local.services.total"",
						0
					);
				});
		})",snuts
/test/unit/service-broker.spec.js,SubOptimalAssert,"{'startLine':1698,'endLine':1698}","it(""should destroy service by providing full service name"", () => {
			broker.createService(schema);

			broker.registry.unregisterService.mockClear();
			broker.servicesChanged.mockClear();
			broker.metrics.set.mockClear();
			broker.getLocalService.mockClear();
			schema.stopped.mockClear();

			expect(broker.services.length).toBe(1);

			return broker
				.destroyService(""v2.greeter"")
				.catch(protectReject)
				.then(() => {
					expect(stopped).toHaveBeenCalledTimes(1);

					expect(broker.getLocalService).toHaveBeenCalledTimes(1);
					expect(broker.getLocalService).toHaveBeenCalledWith(""v2.greeter"");

					expect(broker.registry.unregisterService).toHaveBeenCalledTimes(1);
					expect(broker.registry.unregisterService).toHaveBeenCalledWith(
						""v2.greeter"",
						""node-1234""
					);

					expect(broker.servicesChanged).toHaveBeenCalledTimes(1);
					expect(broker.servicesChanged).toHaveBeenCalledWith(true);

					expect(broker.services.length).toBe(0);

					expect(broker.metrics.set).toHaveBeenCalledTimes(1);
					expect(broker.metrics.set).toHaveBeenCalledWith(
						""moleculer.broker.local.services.total"",
						0
					);
				});
		})",snuts
/test/unit/service-broker.spec.js,SubOptimalAssert,"{'startLine':2577,'endLine':2577}","it(""should call _remoteCall with new Context without params"", () => {
		action.remoteHandler.mockClear();
		broker.registry.getActionEndpoints = jest.fn(() => ({
			getFirst: () => ep
		}));

		let p = broker.callWithoutBalancer(""posts.find"");
		return p.catch(protectReject).then(ctx => {
			expect(ctx).toBeDefined();
			expect(ctx.broker).toBe(broker);
			expect(ctx.nodeID).toBe(null);
			expect(ctx.level).toBe(1);
			expect(ctx.action.name).toBe(""posts.find"");
			expect(ctx.params).toEqual({});

			expect(action.remoteHandler).toHaveBeenCalledTimes(1);
			expect(action.remoteHandler).toHaveBeenCalledWith(ctx);
		});
	})",snuts
/test/unit/service-broker.spec.js,VerboseStatement,"{'startLine':99,'endLine':150}","it(""should set default options"", () => {
		console.log = jest.fn();
		Registry.prototype.init.mockClear();

		broker = new ServiceBroker();
		expect(broker).toBeDefined();
		expect(broker.options).toEqual(ServiceBroker.defaultOptions);

		expect(broker.Promise).toBe(Promise);
		expect(ServiceBroker.Promise).toBe(Promise);

		expect(broker.ServiceFactory).toBe(Service);
		expect(broker.ContextFactory).toBe(Context);

		expect(broker.namespace).toBe("""");
		expect(broker.nodeID).toBe(""node-1234"");
		expect(broker.instanceID).toBe(""1"");

		expect(broker.loggerFactory).toBeInstanceOf(LoggerFactory);
		expect(broker.logger).toBeDefined();

		expect(broker.metadata).toEqual({});

		expect(broker.localBus).toBeDefined();

		//expect(broker.scope).toBeDefined();

		expect(broker.metrics).toBeDefined();
		expect(broker.tracer).toBeDefined();

		expect(broker.services).toBeInstanceOf(Array);

		expect(broker.registry).toBeInstanceOf(Registry);
		expect(broker.registry.init).toBeCalledTimes(1);
		expect(broker.registry.init).toBeCalledWith(broker);

		expect(broker.middlewares).toBeInstanceOf(MiddlewareHandler);

		expect(broker.cacher).toBeNull();
		expect(broker.serializer).toBeInstanceOf(Serializers.JSON);
		expect(broker.validator).toBeInstanceOf(Validators.Fastest);
		expect(broker.errorRegenerator).toBeInstanceOf(Regenerator);
		expect(broker.transit).toBeUndefined();

		expect(broker.getLocalService(""$node"")).toBeDefined();

		expect(ServiceBroker.defaultOptions).toBeDefined();
		expect(ServiceBroker.MOLECULER_VERSION).toBeDefined();
		expect(broker.MOLECULER_VERSION).toBeDefined();

		expect(broker.call).not.toBe(broker.callWithoutBalancer);
	})",snuts
/test/unit/service-broker.spec.js,VerboseStatement,"{'startLine':152,'endLine':318}","it(""should merge options"", () => {
		broker = new ServiceBroker({
			namespace: ""test"",
			nodeID: ""server-12"",
			transporter: null,
			heartbeatTimeout: 25,
			logger: {
				type: ""Console"",
				options: {
					level: ""error"",
					formatter: ""simple""
				}
			},
			retryPolicy: {
				enabled: true,
				retries: 3
			},
			contextParamsCloning: true,
			maxCallLevel: 10,
			requestTimeout: 5000,

			tracking: {
				enabled: true
			},

			metrics: {
				enabled: true
			},

			tracing: {
				enabled: true
			},

			errorHandler: err => console.log(err),

			disableBalancer: true,
			registry: {
				strategy: Strategies.Random,
				preferLocal: false
			},
			circuitBreaker: {
				enabled: true,
				threshold: 0.3,
				minRequestCount: 10
			},
			bulkhead: {
				enabled: true,
				concurrency: 2
			},
			validator: false,
			internalServices: false,
			hotReload: true,

			metadata: {
				region: ""eu-west1""
			}
		});

		expect(broker).toBeDefined();
		expect(broker.options).toEqual({
			namespace: ""test"",
			nodeID: ""server-12"",
			logger: {
				type: ""Console"",
				options: {
					level: ""error"",
					formatter: ""simple""
				}
			},
			logLevel: null,
			errorRegenerator: null,
			cacher: null,
			serializer: null,
			transporter: null,
			heartbeatTimeout: 25,
			heartbeatInterval: 10,
			tracking: {
				enabled: true,
				shutdownTimeout: 5000
			},

			errorHandler: expect.any(Function),

			metrics: {
				enabled: true
			},

			tracing: {
				enabled: true
			},

			disableBalancer: true,
			registry: {
				strategy: Strategies.Random,
				preferLocal: false,
				stopDelay: 100
			},

			circuitBreaker: {
				enabled: true,
				threshold: 0.3,
				windowTime: 60,
				minRequestCount: 10,
				halfOpenTime: 10 * 1000,
				check: expect.any(Function)
			},

			bulkhead: {
				enabled: true,
				concurrency: 2,
				maxQueueSize: 100
			},

			transit: {
				disableReconnect: false,
				maxQueueSize: 50 * 1000,
				maxChunkSize: 262144,
				disableVersionCheck: false,
				serviceChangedDebounceTime: 1000
			},

			uidGenerator: null,

			retryPolicy: {
				enabled: true,
				retries: 3,
				delay: 100,
				maxDelay: 1000,
				factor: 2,
				check: expect.any(Function)
			},
			requestTimeout: 5000,
			maxCallLevel: 10,
			maxSafeObjectSize: null,
			contextParamsCloning: true,
			validator: false,
			internalServices: false,
			internalMiddlewares: true,
			dependencyInterval: 1000,
			dependencyTimeout: 0,
			hotReload: true,
			middlewares: null,
			replCommands: null,
			replDelimiter: null,
			metadata: {
				region: ""eu-west1""
			},

			skipProcessEventRegistration: false
		});

		expect(broker.services).toBeInstanceOf(Array);
		expect(broker.registry).toBeInstanceOf(Registry);
		expect(broker.transit).toBeUndefined();
		expect(broker.validator).toBeUndefined();
		expect(broker.serializer).toBeInstanceOf(Serializers.JSON);
		expect(broker.namespace).toBe(""test"");
		expect(broker.nodeID).toBe(""server-12"");
		expect(broker.instanceID).toBe(""1"");
		expect(broker.metadata).toEqual({
			region: ""eu-west1""
		});

		expect(broker.call).toBe(broker.callWithoutBalancer);

		expect(broker.getLocalService(""$node"")).not.toBeDefined();
	})",snuts
/test/unit/service-broker.spec.js,VerboseStatement,"{'startLine':592,'endLine':618}","it(""should call started of services"", async () => {
			broker.services.forEach(svc => (svc._start = jest.fn()));
			broker.broadcastLocal = jest.fn();
			broker.metrics.set = jest.fn();
			broker.callMiddlewareHook = jest.fn();
			broker.registry.regenerateLocalRawInfo = jest.fn();

			//broker.scope.enable = jest.fn();
			//broker.tracer.restartScope = jest.fn();

			await broker.start();
			//expect(broker.scope.enable).toHaveBeenCalledTimes(1);
			//expect(broker.tracer.restartScope).toHaveBeenCalledTimes(1);

			expect(optStarted).toHaveBeenCalledTimes(1);
			expect(svc._start).toHaveBeenCalledTimes(1);
			expect(broker.started).toBe(true);

			expect(broker.metrics.set).toHaveBeenCalledTimes(1);
			expect(broker.metrics.set).toHaveBeenCalledWith(""moleculer.broker.started"", 1);
			expect(broker.broadcastLocal).toHaveBeenCalledTimes(1);
			expect(broker.broadcastLocal).toHaveBeenCalledWith(""$broker.started"");

			expect(broker.callMiddlewareHook).toHaveBeenCalledTimes(2);
			expect(broker.callMiddlewareHook).toHaveBeenCalledWith(""starting"", [broker]);
			expect(broker.callMiddlewareHook).toHaveBeenCalledWith(""started"", [broker]);
		})",snuts
/test/unit/service-broker.spec.js,VerboseStatement,"{'startLine':658,'endLine':690}","it(""should call started of services"", async () => {
			optStarted.mockClear();
			broker.transit.connect.mockClear();
			broker.transit.ready.mockClear();
			broker.broadcastLocal.mockClear();
			broker.metrics.set.mockClear();
			broker.callMiddlewareHook.mockClear();

			broker.services.forEach(svc => (svc._start = jest.fn()));
			//broker.scope.enable = jest.fn();
			//broker.tracer.restartScope = jest.fn();

			await broker.start();

			//expect(broker.scope.enable).toHaveBeenCalledTimes(1);
			//expect(broker.tracer.restartScope).toHaveBeenCalledTimes(1);

			expect(optStarted).toHaveBeenCalledTimes(1);
			expect(svc._start).toHaveBeenCalledTimes(1);
			expect(broker.transit.connect).toHaveBeenCalledTimes(1);
			expect(broker.started).toBe(true);

			expect(broker.metrics.set).toHaveBeenCalledTimes(1);
			expect(broker.metrics.set).toHaveBeenCalledWith(""moleculer.broker.started"", 1);
			expect(broker.broadcastLocal).toHaveBeenCalledTimes(1);
			expect(broker.broadcastLocal).toHaveBeenCalledWith(""$broker.started"");

			expect(broker.transit.ready).toHaveBeenCalledTimes(1);

			expect(broker.callMiddlewareHook).toHaveBeenCalledTimes(2);
			expect(broker.callMiddlewareHook).toHaveBeenCalledWith(""starting"", [broker]);
			expect(broker.callMiddlewareHook).toHaveBeenCalledWith(""started"", [broker]);
		})",snuts
/test/unit/service-broker.spec.js,VerboseStatement,"{'startLine':3178,'endLine':3256}","it(""should call sendEvent with ctx"", () => {
		broker.transit.sendEvent.mockClear();
		broker.emit(""user.event"", { name: ""John"" });

		expect(broker.registry.events.callEventHandler).toHaveBeenCalledTimes(1);
		let ctx = broker.registry.events.callEventHandler.mock.calls[0][0];
		expect(broker.registry.events.callEventHandler).toHaveBeenCalledWith(ctx);
		expect(ctx.toJSON()).toEqual({
			id: ""1"",
			ackID: null,
			cachedResult: false,
			caller: null,
			eventGroups: undefined,
			eventName: ""user.event"",
			eventType: ""emit"",
			level: 1,
			meta: {},
			needAck: null,
			nodeID: ""node-1"",
			options: {},
			params: { name: ""John"" },
			parentID: null,
			requestID: ""1"",
			span: null,
			tracing: null
		});

		expect(broker.transit.sendEvent).toHaveBeenCalledTimes(2);
		ctx = broker.transit.sendEvent.mock.calls[0][0];
		expect(broker.transit.sendEvent).toHaveBeenNthCalledWith(1, ctx);
		expect(ctx.toJSON()).toEqual({
			id: ""1"",
			ackID: null,
			cachedResult: false,
			caller: null,
			eventGroups: [""payment"", ""mail""],
			eventName: ""user.event"",
			eventType: ""emit"",
			level: 1,
			meta: {},
			needAck: null,
			nodeID: ""node-2"",
			options: {},
			params: { name: ""John"" },
			parentID: null,
			requestID: ""1"",
			span: null,
			tracing: null
		});

		ctx = broker.transit.sendEvent.mock.calls[1][0];
		expect(broker.transit.sendEvent).toHaveBeenNthCalledWith(2, ctx);
		expect(ctx.toJSON()).toEqual({
			id: ""1"",
			ackID: null,
			cachedResult: false,
			caller: null,
			eventGroups: [""users""],
			eventName: ""user.event"",
			eventType: ""emit"",
			level: 1,
			meta: {},
			needAck: null,
			nodeID: ""node-3"",
			options: {},
			params: { name: ""John"" },
			parentID: null,
			requestID: ""1"",
			span: null,
			tracing: null
		});

		expect(broker.registry.events.getBalancedEndpoints).toHaveBeenCalledTimes(1);
		expect(broker.registry.events.getBalancedEndpoints).toHaveBeenCalledWith(
			""user.event"",
			undefined,
			expect.any(Context)
		);
	})",snuts
/test/unit/service-broker.spec.js,VerboseStatement,"{'startLine':3258,'endLine':3298}","it(""should call sendEvent if no registry balancing"", () => {
		broker.registry.events.callEventHandler.mockClear();
		broker.getEventGroups.mockClear();
		broker.transit.sendEvent.mockClear();
		broker.registry.events.getBalancedEndpoints.mockClear();

		broker.options.disableBalancer = true;

		broker.emit(""user.event"", { name: ""John"" });

		expect(broker.registry.events.callEventHandler).toHaveBeenCalledTimes(0);

		expect(broker.getEventGroups).toHaveBeenCalledTimes(1);
		expect(broker.getEventGroups).toHaveBeenCalledWith(""user.event"");

		expect(broker.transit.sendEvent).toHaveBeenCalledTimes(1);
		const ctx = broker.transit.sendEvent.mock.calls[0][0];
		expect(broker.transit.sendEvent).toHaveBeenCalledWith(ctx);
		expect(ctx.toJSON()).toEqual({
			id: ""1"",
			ackID: null,
			cachedResult: false,
			caller: null,
			eventGroups: [""mail"", ""payment""],
			eventName: ""user.event"",
			eventType: ""emit"",
			level: 1,
			meta: {},
			needAck: null,
			nodeID: ""node-1"",
			options: {},
			params: { name: ""John"" },
			parentID: null,
			requestID: ""1"",
			span: null,
			tracing: null
		});
		expect(ctx.endpoint).toBeNull();

		expect(broker.registry.events.getBalancedEndpoints).toHaveBeenCalledTimes(0);
	})",snuts
/test/unit/service-broker.spec.js,VerboseStatement,"{'startLine':3300,'endLine':3340}","it(""should call sendEvent if no registry balancing with groups"", () => {
		broker.registry.events.callEventHandler.mockClear();
		broker.getEventGroups.mockClear();
		broker.transit.sendEvent.mockClear();
		broker.registry.events.getBalancedEndpoints.mockClear();

		broker.options.disableBalancer = true;

		broker.emit(""user.event"", { name: ""John"" }, [""users"", ""mail""]);

		expect(broker.registry.events.callEventHandler).toHaveBeenCalledTimes(0);
		expect(broker.getEventGroups).toHaveBeenCalledTimes(0);

		expect(broker.transit.sendEvent).toHaveBeenCalledTimes(1);
		const ctx = broker.transit.sendEvent.mock.calls[0][0];
		expect(broker.transit.sendEvent).toHaveBeenCalledWith(ctx);
		expect(ctx.toJSON()).toEqual({
			id: ""1"",
			ackID: null,
			cachedResult: false,
			caller: null,
			eventGroups: [""users"", ""mail""],
			eventName: ""user.event"",
			eventType: ""emit"",
			level: 1,
			meta: {},
			needAck: null,
			nodeID: ""node-1"",
			options: {
				groups: [""users"", ""mail""]
			},
			params: { name: ""John"" },
			parentID: null,
			requestID: ""1"",
			span: null,
			tracing: null
		});
		expect(ctx.endpoint).toBeNull();

		expect(broker.registry.events.getBalancedEndpoints).toHaveBeenCalledTimes(0);
	})",snuts
/test/unit/service-broker.spec.js,VerboseStatement,"{'startLine':3342,'endLine':3383}","it(""should call sendEvent if it is an internal event"", () => {
		broker.registry.events.callEventHandler.mockClear();
		broker.localBus.emit.mockClear();
		broker.transit.sendEvent.mockClear();
		broker.registry.events.getBalancedEndpoints.mockClear();

		broker.options.disableBalancer = true;

		broker.emit(""$user.event"", { name: ""John"" }, [""users"", ""mail""]);

		expect(broker.localBus.emit).toHaveBeenCalledTimes(1);
		expect(broker.localBus.emit).toHaveBeenCalledWith(""$user.event"", { name: ""John"" });

		expect(broker.registry.events.callEventHandler).toHaveBeenCalledTimes(0);
		expect(broker.transit.sendEvent).toHaveBeenCalledTimes(1);
		const ctx = broker.transit.sendEvent.mock.calls[0][0];
		expect(broker.transit.sendEvent).toHaveBeenCalledWith(ctx);
		expect(ctx.toJSON()).toEqual({
			id: ""1"",
			ackID: null,
			cachedResult: false,
			caller: null,
			eventGroups: [""users"", ""mail""],
			eventName: ""$user.event"",
			eventType: ""emit"",
			level: 1,
			meta: {},
			needAck: null,
			nodeID: ""node-1"",
			options: {
				groups: [""users"", ""mail""]
			},
			params: { name: ""John"" },
			parentID: null,
			requestID: ""1"",
			span: null,
			tracing: null
		});
		expect(ctx.endpoint).toBeNull();

		expect(broker.registry.events.getBalancedEndpoints).toHaveBeenCalledTimes(0);
	})",snuts
/test/unit/service-broker.spec.js,VerboseStatement,"{'startLine':3452,'endLine':3511}","it(""should call sendEvent & broadcastLocal with object payload"", () => {
		broker.broadcastLocal.mockClear();
		broker.transit.sendEvent.mockClear();
		broker.registry.events.getAllEndpoints.mockClear();

		broker.broadcast(""user.event"", { name: ""John"" });

		expect(broker.broadcastLocal).toHaveBeenCalledTimes(1);
		expect(broker.broadcastLocal).toHaveBeenCalledWith(""user.event"", { name: ""John"" }, {});

		expect(broker.transit.sendEvent).toHaveBeenCalledTimes(2);
		let ctx = broker.transit.sendEvent.mock.calls[0][0];
		expect(broker.transit.sendEvent).toHaveBeenNthCalledWith(1, ctx);
		expect(ctx.toJSON()).toEqual({
			id: ""1"",
			ackID: null,
			cachedResult: false,
			caller: null,
			eventGroups: undefined,
			eventName: ""user.event"",
			eventType: ""broadcast"",
			level: 1,
			meta: {},
			needAck: null,
			nodeID: ""node-2"",
			options: {},
			params: { name: ""John"" },
			parentID: null,
			requestID: ""1"",
			span: null,
			tracing: null
		});

		ctx = broker.transit.sendEvent.mock.calls[1][0];
		expect(broker.transit.sendEvent).toHaveBeenNthCalledWith(2, ctx);
		expect(ctx.toJSON()).toEqual({
			id: ""1"",
			ackID: null,
			cachedResult: false,
			caller: null,
			eventGroups: undefined,
			eventName: ""user.event"",
			eventType: ""broadcast"",
			level: 1,
			meta: {},
			needAck: null,
			nodeID: ""node-3"",
			options: {},
			params: { name: ""John"" },
			parentID: null,
			requestID: ""1"",
			span: null,
			tracing: null
		});
		expect(broker.registry.events.getAllEndpoints).toHaveBeenCalledTimes(1);
		expect(broker.registry.events.getAllEndpoints).toHaveBeenCalledWith(
			""user.event"",
			undefined
		);
	})",snuts
/test/unit/service-broker.spec.js,VerboseStatement,"{'startLine':3513,'endLine':3577}","it(""should call sendEvent & broadcastLocal with groups"", () => {
		broker.broadcastLocal.mockClear();
		broker.transit.sendEvent.mockClear();
		broker.registry.events.getAllEndpoints.mockClear();

		broker.broadcast(""user.event"", { name: ""John"" }, [""mail"", ""payment""]);

		expect(broker.broadcastLocal).toHaveBeenCalledTimes(1);
		expect(broker.broadcastLocal).toHaveBeenCalledWith(
			""user.event"",
			{ name: ""John"" },
			{ groups: [""mail"", ""payment""] }
		);

		expect(broker.transit.sendEvent).toHaveBeenCalledTimes(2);
		let ctx = broker.transit.sendEvent.mock.calls[0][0];
		expect(broker.transit.sendEvent).toHaveBeenNthCalledWith(1, ctx);
		expect(ctx.toJSON()).toEqual({
			id: ""1"",
			ackID: null,
			cachedResult: false,
			caller: null,
			eventGroups: [""mail"", ""payment""],
			eventName: ""user.event"",
			eventType: ""broadcast"",
			level: 1,
			meta: {},
			needAck: null,
			nodeID: ""node-2"",
			options: { groups: [""mail"", ""payment""] },
			params: { name: ""John"" },
			parentID: null,
			requestID: ""1"",
			span: null,
			tracing: null
		});

		ctx = broker.transit.sendEvent.mock.calls[1][0];
		expect(broker.transit.sendEvent).toHaveBeenNthCalledWith(2, ctx);
		expect(ctx.toJSON()).toEqual({
			id: ""1"",
			ackID: null,
			cachedResult: false,
			caller: null,
			eventGroups: [""mail"", ""payment""],
			eventName: ""user.event"",
			eventType: ""broadcast"",
			level: 1,
			meta: {},
			needAck: null,
			nodeID: ""node-3"",
			options: { groups: [""mail"", ""payment""] },
			params: { name: ""John"" },
			parentID: null,
			requestID: ""1"",
			span: null,
			tracing: null
		});

		expect(broker.registry.events.getAllEndpoints).toHaveBeenCalledTimes(1);
		expect(broker.registry.events.getAllEndpoints).toHaveBeenCalledWith(""user.event"", [
			""mail"",
			""payment""
		]);
	})",snuts
/test/unit/service-broker.spec.js,VerboseStatement,"{'startLine':3579,'endLine':3639}","it(""should call sendEvent if internal event"", () => {
		broker.broadcastLocal.mockClear();
		broker.transit.sendEvent.mockClear();
		broker.registry.events.getAllEndpoints.mockClear();

		broker.broadcast(""$user.event"", { name: ""John"" });

		expect(broker.broadcastLocal).toHaveBeenCalledTimes(1);
		expect(broker.broadcastLocal).toHaveBeenCalledWith(""$user.event"", { name: ""John"" }, {});

		expect(broker.transit.sendEvent).toHaveBeenCalledTimes(2);
		let ctx = broker.transit.sendEvent.mock.calls[0][0];
		expect(broker.transit.sendEvent).toHaveBeenNthCalledWith(1, ctx);
		expect(ctx.toJSON()).toEqual({
			id: ""1"",
			ackID: null,
			cachedResult: false,
			caller: null,
			eventGroups: undefined,
			eventName: ""$user.event"",
			eventType: ""broadcast"",
			level: 1,
			meta: {},
			needAck: null,
			nodeID: ""node-2"",
			options: {},
			params: { name: ""John"" },
			parentID: null,
			requestID: ""1"",
			span: null,
			tracing: null
		});

		ctx = broker.transit.sendEvent.mock.calls[1][0];
		expect(broker.transit.sendEvent).toHaveBeenNthCalledWith(2, ctx);
		expect(ctx.toJSON()).toEqual({
			id: ""1"",
			ackID: null,
			cachedResult: false,
			caller: null,
			eventGroups: undefined,
			eventName: ""$user.event"",
			eventType: ""broadcast"",
			level: 1,
			meta: {},
			needAck: null,
			nodeID: ""node-3"",
			options: {},
			params: { name: ""John"" },
			parentID: null,
			requestID: ""1"",
			span: null,
			tracing: null
		});

		expect(broker.registry.events.getAllEndpoints).toHaveBeenCalledTimes(1);
		expect(broker.registry.events.getAllEndpoints).toHaveBeenCalledWith(
			""$user.event"",
			undefined
		);
	})",snuts
/test/unit/service-broker.spec.js,VerboseStatement,"{'startLine':3641,'endLine':3706}","it(""should call sendEvent without nodeID if no registry balancing"", () => {
		broker.registry.events.getAllEndpoints.mockClear();
		broker.getEventGroups.mockClear();
		broker.broadcastLocal.mockClear();
		broker.transit.sendEvent.mockClear();
		broker.getEventGroups = jest.fn(() => [""payments""]);

		broker.options.disableBalancer = true;

		broker.broadcast(""$user.event"", { name: ""John"" });

		expect(broker.getEventGroups).toHaveBeenCalledTimes(1);
		expect(broker.getEventGroups).toHaveBeenCalledWith(""$user.event"");

		expect(broker.transit.sendEvent).toHaveBeenCalledTimes(2);

		let ctx = broker.transit.sendEvent.mock.calls[0][0];
		expect(broker.transit.sendEvent).toHaveBeenNthCalledWith(1, ctx);
		expect(ctx.toJSON()).toEqual({
			id: ""1"",
			ackID: null,
			cachedResult: false,
			caller: null,
			eventGroups: [""payments""],
			eventName: ""$user.event"",
			eventType: ""broadcast"",
			level: 1,
			meta: {},
			needAck: null,
			nodeID: ""node-2"",
			options: {},
			params: { name: ""John"" },
			parentID: null,
			requestID: ""1"",
			span: null,
			tracing: null
		});
		expect(ctx.endpoint).toEqual({ id: ""node-2"" });

		ctx = broker.transit.sendEvent.mock.calls[1][0];
		expect(broker.transit.sendEvent).toHaveBeenNthCalledWith(2, ctx);
		expect(ctx.toJSON()).toEqual({
			id: ""1"",
			ackID: null,
			cachedResult: false,
			caller: null,
			eventGroups: [""payments""],
			eventName: ""$user.event"",
			eventType: ""broadcast"",
			level: 1,
			meta: {},
			needAck: null,
			nodeID: ""node-3"",
			options: {},
			params: { name: ""John"" },
			parentID: null,
			requestID: ""1"",
			span: null,
			tracing: null
		});
		expect(ctx.endpoint).toEqual({ id: ""node-3"" });

		expect(broker.registry.events.getAllEndpoints).toHaveBeenCalledTimes(1);

		expect(broker.broadcastLocal).toHaveBeenCalledTimes(0);
	})",snuts
/test/unit/middleware.spec.js,AnonymousTest,"{'startLine':11,'endLine':17}","it(""test constructor"", () => {
		let middlewares = new MiddlewareHandler(broker);

		expect(middlewares.broker).toBe(broker);
		expect(middlewares.list).toBeInstanceOf(Array);
		expect(middlewares.registeredHooks).toBeInstanceOf(Object);
	})",snuts
/test/unit/logger-factory.spec.js,AnonymousTest,"{'startLine':19,'endLine':25}","it(""test constructor"", () => {
		let loggerFactory = new LoggerFactory(broker);

		expect(loggerFactory.broker).toBe(broker);
		expect(loggerFactory.appenders).toBeInstanceOf(Array);
		expect(loggerFactory.cache).toBeInstanceOf(Map);
	})",snuts
/test/unit/logger-factory.spec.js,IdenticalTestDescription,"{'startLine':57,'endLine':74}","it(""should add default console appender"", () => {
			broker.options.logLevel = ""debug"";
			Loggers.resolve.mockClear();
			mockInit.mockClear();

			loggerFactory.init(console);
			expect(loggerFactory.appenders.length).toBe(1);

			expect(Loggers.resolve).toHaveBeenCalledTimes(1);
			expect(Loggers.resolve).toHaveBeenCalledWith({
				type: ""Console"",
				options: {
					level: ""debug""
				}
			});

			expect(mockInit).toHaveBeenCalledTimes(1);
		})",snuts
/test/unit/logger-factory.spec.js,IdenticalTestDescription,"{'startLine':210,'endLine':236}","it(""should add multiple appenders"", async () => {
			loggerFactory.init([
				{
					type: ""Console"",
					options: {
						moduleColors: true
					}
				},
				{
					type: ""File"",
					options: {
						folder: ""./my-logs""
					}
				}
			]);
			expect(loggerFactory.appenders.length).toBe(2);

			const appenders = Array.from(loggerFactory.appenders);

			appenders[0].stop = jest.fn();
			appenders[1].stop = jest.fn();

			await loggerFactory.stop();

			expect(appenders[0].stop).toHaveBeenCalledTimes(1);
			expect(appenders[1].stop).toHaveBeenCalledTimes(1);
		})",snuts
/test/unit/logger-factory.spec.js,NonFunctionalStatement,"{'startLine':10,'endLine':10}",Unknown,snuts
/test/unit/logger-factory.spec.js,SubOptimalAssert,"{'startLine':34,'endLine':34}","it(""should not add appenders"", () => {
			loggerFactory.init(null);
			expect(loggerFactory.appenders.length).toBe(0);
			expect(Loggers.resolve).toHaveBeenCalledTimes(0);

			loggerFactory.init(false);
			expect(loggerFactory.appenders.length).toBe(0);
			expect(Loggers.resolve).toHaveBeenCalledTimes(0);
		})",snuts
/test/unit/logger-factory.spec.js,SubOptimalAssert,"{'startLine':38,'endLine':38}","it(""should not add appenders"", () => {
			loggerFactory.init(null);
			expect(loggerFactory.appenders.length).toBe(0);
			expect(Loggers.resolve).toHaveBeenCalledTimes(0);

			loggerFactory.init(false);
			expect(loggerFactory.appenders.length).toBe(0);
			expect(Loggers.resolve).toHaveBeenCalledTimes(0);
		})",snuts
/test/unit/logger-factory.spec.js,SubOptimalAssert,"{'startLine':44,'endLine':44}","it(""should add default console appender"", () => {
			loggerFactory.init(true);
			expect(loggerFactory.appenders.length).toBe(1);

			expect(Loggers.resolve).toHaveBeenCalledTimes(1);
			expect(Loggers.resolve).toHaveBeenCalledWith({
				type: ""Console"",
				options: {
					level: ""info""
				}
			});

			expect(mockInit).toHaveBeenCalledTimes(1);
		})",snuts
/test/unit/logger-factory.spec.js,SubOptimalAssert,"{'startLine':63,'endLine':63}","it(""should add default console appender"", () => {
			broker.options.logLevel = ""debug"";
			Loggers.resolve.mockClear();
			mockInit.mockClear();

			loggerFactory.init(console);
			expect(loggerFactory.appenders.length).toBe(1);

			expect(Loggers.resolve).toHaveBeenCalledTimes(1);
			expect(Loggers.resolve).toHaveBeenCalledWith({
				type: ""Console"",
				options: {
					level: ""debug""
				}
			});

			expect(mockInit).toHaveBeenCalledTimes(1);
		})",snuts
/test/unit/logger-factory.spec.js,SubOptimalAssert,"{'startLine':89,'endLine':89}","it(""should add an appender by object"", () => {
			broker.options.logLevel = ""debug"";
			Loggers.resolve.mockClear();
			mockInit.mockClear();

			loggerFactory.init({
				type: ""Pino"",
				options: {
					pino: {
						a: 5
					}
				}
			});
			expect(loggerFactory.appenders.length).toBe(1);

			expect(Loggers.resolve).toHaveBeenCalledTimes(1);
			expect(Loggers.resolve).toHaveBeenCalledWith({
				type: ""Pino"",
				options: {
					level: ""debug"",
					pino: {
						a: 5
					}
				}
			});

			expect(mockInit).toHaveBeenCalledTimes(1);
			expect(mockInit).toHaveBeenCalledWith(loggerFactory);
		})",snuts
/test/unit/logger-factory.spec.js,SubOptimalAssert,"{'startLine':112,'endLine':112}","it(""should add an appender by string"", () => {
			broker.options.logLevel = ""debug"";
			Loggers.resolve.mockClear();
			mockInit.mockClear();

			loggerFactory.init(""Pino"");
			expect(loggerFactory.appenders.length).toBe(1);

			expect(Loggers.resolve).toHaveBeenCalledTimes(1);
			expect(Loggers.resolve).toHaveBeenCalledWith({
				type: ""Pino"",
				options: {
					level: ""debug""
				}
			});

			expect(mockInit).toHaveBeenCalledTimes(1);
			expect(mockInit).toHaveBeenCalledWith(loggerFactory);
		})",snuts
/test/unit/logger-factory.spec.js,SubOptimalAssert,"{'startLine':146,'endLine':146}","it(""should add multiple appenders"", () => {
			broker.options.logLevel = ""warn"";
			Loggers.resolve.mockClear();
			mockInit.mockClear();

			loggerFactory.init([
				{
					type: ""Console"",
					options: {
						moduleColors: true
					}
				},
				null,
				{
					type: ""File"",
					options: {
						folder: ""./my-logs""
					}
				}
			]);
			expect(loggerFactory.appenders.length).toBe(2);

			expect(Loggers.resolve).toHaveBeenCalledTimes(2);
			expect(Loggers.resolve).toHaveBeenNthCalledWith(1, {
				type: ""Console"",
				options: {
					level: ""warn"",
					moduleColors: true
				}
			});
			expect(Loggers.resolve).toHaveBeenNthCalledWith(2, {
				type: ""File"",
				options: {
					level: ""warn"",
					folder: ""./my-logs""
				}
			});

			expect(mockInit).toHaveBeenCalledTimes(2);
		})",snuts
/test/unit/logger-factory.spec.js,SubOptimalAssert,"{'startLine':173,'endLine':173}","it(""should add multiple appenders by strings"", () => {
			broker.options.logLevel = ""info"";
			Loggers.resolve.mockClear();
			mockInit.mockClear();

			loggerFactory.init([""Console"", ""File""]);
			expect(loggerFactory.appenders.length).toBe(2);

			expect(Loggers.resolve).toHaveBeenCalledTimes(2);
			expect(Loggers.resolve).toHaveBeenNthCalledWith(1, {
				type: ""Console"",
				options: {
					level: ""info""
				}
			});
			expect(Loggers.resolve).toHaveBeenNthCalledWith(2, {
				type: ""File"",
				options: {
					level: ""info""
				}
			});

			expect(mockInit).toHaveBeenCalledTimes(2);
		})",snuts
/test/unit/logger-factory.spec.js,SubOptimalAssert,"{'startLine':198,'endLine':198}","it(""should add custom Appender"", () => {
			Loggers.resolve.mockClear();
			mockInit.mockClear();

			const myAppender = new MyCustomAppender();
			loggerFactory.init(myAppender);
			expect(loggerFactory.appenders.length).toBe(1);

			expect(Loggers.resolve).toHaveBeenCalledTimes(1);
			expect(Loggers.resolve).toHaveBeenNthCalledWith(1, myAppender);

			expect(mockInit).toHaveBeenCalledTimes(1);
		})",snuts
/test/unit/logger-factory.spec.js,SubOptimalAssert,"{'startLine':225,'endLine':225}","it(""should add multiple appenders"", async () => {
			loggerFactory.init([
				{
					type: ""Console"",
					options: {
						moduleColors: true
					}
				},
				{
					type: ""File"",
					options: {
						folder: ""./my-logs""
					}
				}
			]);
			expect(loggerFactory.appenders.length).toBe(2);

			const appenders = Array.from(loggerFactory.appenders);

			appenders[0].stop = jest.fn();
			appenders[1].stop = jest.fn();

			await loggerFactory.stop();

			expect(appenders[0].stop).toHaveBeenCalledTimes(1);
			expect(appenders[1].stop).toHaveBeenCalledTimes(1);
		})",snuts
/test/unit/logger-factory.spec.js,VerboseStatement,"{'startLine':276,'endLine':306}","it(""should call log handlers middlewares"", () => {
			broker.middlewares.add({ newLogEntry: jest.fn() });
			jest.spyOn(broker.middlewares, ""callSyncHandlers"");

			const handler1 = jest.fn();
			const handler2 = jest.fn();

			loggerFactory.appenders = [
				{ getLogHandler: jest.fn(bindings => handler1) },
				{ getLogHandler: jest.fn(bindings => null) },
				{ getLogHandler: jest.fn(bindings => handler2) }
			];

			const bindings = { mod: ""posts"", nodeID: ""node-1"" };
			const logger = loggerFactory.getLogger(bindings);

			logger.info(""message"", { a: 5 });

			expect(broker.middlewares.callSyncHandlers).toHaveBeenCalledTimes(1);
			expect(broker.middlewares.callSyncHandlers).toHaveBeenCalledWith(
				""newLogEntry"",
				[""info"", [""message"", { a: 5 }], bindings],
				{}
			);

			expect(handler1).toHaveBeenCalledTimes(1);
			expect(handler1).toHaveBeenCalledWith(""info"", [""message"", { a: 5 }]);

			expect(handler2).toHaveBeenCalledTimes(1);
			expect(handler2).toHaveBeenCalledWith(""info"", [""message"", { a: 5 }]);
		})",snuts
/test/unit/lock.spec.js,AnonymousTest,"{'startLine':5,'endLine':14}","it(""should lock"", () => {
		const lock = new Lock();

		return lock.acquire(key).then(() => {
			expect(lock.isLocked(key)).toBeTruthy();
			return lock.release(key).then(() => {
				expect(lock.isLocked(key)).toBeFalsy();
			});
		});
	})",snuts
/test/unit/lock.spec.js,AnonymousTest,"{'startLine':16,'endLine':40}","it(""2 locks"", () => {
		const lock = new Lock();
		let released = 0;
		return Promise.all([
			lock.acquire(key).then(() => {
				expect(lock.isLocked(key)).toBeTruthy();
				return new Promise(function (resolve) {
					setTimeout(() => {
						released = 1;
						lock.release(key).then(() => {
							expect(lock.isLocked(key)).toBeFalsy();
							resolve();
						});
					}, 200);
				});
			}),
			lock.acquire(key).then(() => {
				expect(lock.isLocked(key)).toBeTruthy();
				expect(released).toBe(1);
				return lock.release(key).then(() => {
					expect(lock.isLocked(key)).toBeFalsy();
				});
			})
		]);
	})",snuts
/test/unit/health.spec.js,VerboseStatement,"{'startLine':12,'endLine':48}","it(""should return health status"", () => {
		let res = H.getHealthStatus(broker);

		expect(res).toBeDefined();
		expect(res.cpu).toBeDefined();
		expect(res.cpu.load1).toBeDefined();
		expect(res.cpu.load5).toBeDefined();
		expect(res.cpu.load15).toBeDefined();
		expect(res.cpu.cores).toBeDefined();
		expect(res.cpu.utilization).toBeDefined();

		expect(res.mem).toBeDefined();
		expect(res.mem.free).toBeDefined();
		expect(res.mem.total).toBeDefined();
		expect(res.mem.percent).toBeDefined();

		expect(res.os).toBeDefined();
		expect(res.os.uptime).toBeDefined();
		expect(res.os.type).toBeDefined();
		expect(res.os.release).toBeDefined();
		expect(res.os.hostname).toBeDefined();
		expect(res.os.arch).toBeDefined();
		expect(res.os.platform).toBeDefined();
		expect(res.os.user).toBeDefined();
		expect(res.net).toBeDefined();
		expect(res.net.ip).toBeDefined();
		expect(res.client).toBeDefined();
		expect(res.process).toBeDefined();
		expect(res.process.pid).toBeDefined();
		expect(res.process.memory).toBeDefined();
		expect(res.process.uptime).toBeDefined();
		expect(res.process.argv).toBeDefined();
		expect(res.time).toBeDefined();
		expect(res.time.now).toBeDefined();
		expect(res.time.iso).toBeDefined();
		expect(res.time.utc).toBeDefined();
	})",snuts
/test/unit/errors.spec.js,AnonymousTest,"{'startLine':7,'endLine':18}","it(""test MoleculerError"", () => {
		let err = new errors.MoleculerError(""Something went wrong!"", 555, ""ERR_TYPE"", { a: 5 });
		expect(err).toBeDefined();
		expect(err).toBeInstanceOf(Error);
		expect(err).toBeInstanceOf(errors.MoleculerError);
		expect(err.name).toBe(""MoleculerError"");
		expect(err.message).toBe(""Something went wrong!"");
		expect(err.code).toBe(555);
		expect(err.type).toBe(""ERR_TYPE"");
		expect(err.data).toEqual({ a: 5 });
		expect(err.retryable).toBe(false);
	})",snuts
/test/unit/errors.spec.js,AnonymousTest,"{'startLine':20,'endLine':34}","it(""test MoleculerRetryableError"", () => {
		let err = new errors.MoleculerRetryableError(""Something went wrong!"", 555, ""ERR_TYPE"", {
			a: 5
		});
		expect(err).toBeDefined();
		expect(err).toBeInstanceOf(Error);
		expect(err).toBeInstanceOf(errors.MoleculerError);
		expect(err).toBeInstanceOf(errors.MoleculerRetryableError);
		expect(err.name).toBe(""MoleculerRetryableError"");
		expect(err.message).toBe(""Something went wrong!"");
		expect(err.code).toBe(555);
		expect(err.type).toBe(""ERR_TYPE"");
		expect(err.data).toEqual({ a: 5 });
		expect(err.retryable).toBe(true);
	})",snuts
/test/unit/errors.spec.js,AnonymousTest,"{'startLine':36,'endLine':51}","it(""test BrokerDisconnectedError"", () => {
		let err = new errors.BrokerDisconnectedError();
		expect(err).toBeDefined();
		expect(err).toBeInstanceOf(Error);
		expect(err).toBeInstanceOf(errors.MoleculerError);
		expect(err).toBeInstanceOf(errors.MoleculerRetryableError);
		expect(err).toBeInstanceOf(errors.BrokerDisconnectedError);
		expect(err.name).toBe(""BrokerDisconnectedError"");
		expect(err.message).toBe(
			""The broker's transporter has disconnected. Please try again when a connection is reestablished.""
		);
		expect(err.code).toBe(502);
		expect(err.type).toBe(""BAD_GATEWAY"");
		expect(err.data).toEqual(undefined);
		expect(err.retryable).toBe(true);
	})",snuts
/test/unit/errors.spec.js,AnonymousTest,"{'startLine':53,'endLine':68}","it(""test MoleculerServerError"", () => {
		let err = new errors.MoleculerServerError(""Something went wrong!"", 555, ""ERR_TYPE"", {
			a: 5
		});
		expect(err).toBeDefined();
		expect(err).toBeInstanceOf(Error);
		expect(err).toBeInstanceOf(errors.MoleculerError);
		expect(err).toBeInstanceOf(errors.MoleculerRetryableError);
		expect(err).toBeInstanceOf(errors.MoleculerServerError);
		expect(err.name).toBe(""MoleculerServerError"");
		expect(err.message).toBe(""Something went wrong!"");
		expect(err.code).toBe(555);
		expect(err.type).toBe(""ERR_TYPE"");
		expect(err.data).toEqual({ a: 5 });
		expect(err.retryable).toBe(true);
	})",snuts
/test/unit/errors.spec.js,AnonymousTest,"{'startLine':70,'endLine':81}","it(""test MoleculerClientError"", () => {
		let err = new errors.MoleculerClientError(""Client error!"");
		expect(err).toBeDefined();
		expect(err).toBeInstanceOf(Error);
		expect(err).toBeInstanceOf(errors.MoleculerError);
		expect(err).toBeInstanceOf(errors.MoleculerClientError);
		expect(err.code).toBe(400);
		expect(err.name).toBe(""MoleculerClientError"");
		expect(err.message).toBe(""Client error!"");
		//expect(err.data).toEqual({ action: ""posts.find"" });
		expect(err.retryable).toBe(false);
	})",snuts
/test/unit/errors.spec.js,AnonymousTest,"{'startLine':83,'endLine':95}","it(""test ServiceNotFoundError"", () => {
		let err = new errors.ServiceNotFoundError({ action: ""posts.find"" });
		expect(err).toBeDefined();
		expect(err).toBeInstanceOf(Error);
		expect(err).toBeInstanceOf(errors.MoleculerRetryableError);
		expect(err).toBeInstanceOf(errors.ServiceNotFoundError);
		expect(err.code).toBe(404);
		expect(err.name).toBe(""ServiceNotFoundError"");
		expect(err.type).toBe(""SERVICE_NOT_FOUND"");
		expect(err.message).toBe(""Service 'posts.find' is not found."");
		expect(err.data).toEqual({ action: ""posts.find"" });
		expect(err.retryable).toBe(true);
	})",snuts
/test/unit/errors.spec.js,AnonymousTest,"{'startLine':111,'endLine':123}","it(""test ServiceNotAvailableError"", () => {
		let err = new errors.ServiceNotAvailableError({ action: ""posts.find"" });
		expect(err).toBeDefined();
		expect(err).toBeInstanceOf(Error);
		expect(err).toBeInstanceOf(errors.MoleculerRetryableError);
		expect(err).toBeInstanceOf(errors.ServiceNotAvailableError);
		expect(err.code).toBe(404);
		expect(err.name).toBe(""ServiceNotAvailableError"");
		expect(err.message).toBe(""Service 'posts.find' is not available."");
		expect(err.type).toBe(""SERVICE_NOT_AVAILABLE"");
		expect(err.data).toEqual({ action: ""posts.find"" });
		expect(err.retryable).toBe(true);
	})",snuts
/test/unit/errors.spec.js,AnonymousTest,"{'startLine':139,'endLine':153}","it(""test RequestTimeoutError"", () => {
		let err = new errors.RequestTimeoutError({ action: ""posts.find"", nodeID: ""server-2"" });
		expect(err).toBeDefined();
		expect(err).toBeInstanceOf(Error);
		expect(err).toBeInstanceOf(errors.MoleculerRetryableError);
		expect(err).toBeInstanceOf(errors.RequestTimeoutError);
		expect(err.code).toBe(504);
		expect(err.name).toBe(""RequestTimeoutError"");
		expect(err.message).toBe(
			""Request is timed out when call 'posts.find' action on 'server-2' node.""
		);
		expect(err.type).toBe(""REQUEST_TIMEOUT"");
		expect(err.data.nodeID).toBe(""server-2"");
		expect(err.retryable).toBe(true);
	})",snuts
/test/unit/errors.spec.js,AnonymousTest,"{'startLine':155,'endLine':170}","it(""test RequestSkippedError"", () => {
		let err = new errors.RequestSkippedError({ action: ""posts.find"", nodeID: ""server-3"" });
		expect(err).toBeDefined();
		expect(err).toBeInstanceOf(Error);
		expect(err).toBeInstanceOf(errors.MoleculerError);
		expect(err).toBeInstanceOf(errors.RequestSkippedError);
		expect(err.code).toBe(514);
		expect(err.name).toBe(""RequestSkippedError"");
		expect(err.message).toBe(
			""Calling 'posts.find' is skipped because timeout reached on 'server-3' node.""
		);
		expect(err.type).toBe(""REQUEST_SKIPPED"");
		expect(err.data.action).toBe(""posts.find"");
		expect(err.data.nodeID).toBe(""server-3"");
		expect(err.retryable).toBe(false);
	})",snuts
/test/unit/errors.spec.js,AnonymousTest,"{'startLine':172,'endLine':187}","it(""test RequestRejectedError"", () => {
		let err = new errors.RequestRejectedError({ action: ""posts.find"", nodeID: ""server-3"" });
		expect(err).toBeDefined();
		expect(err).toBeInstanceOf(Error);
		expect(err).toBeInstanceOf(errors.MoleculerRetryableError);
		expect(err).toBeInstanceOf(errors.RequestRejectedError);
		expect(err.code).toBe(503);
		expect(err.name).toBe(""RequestRejectedError"");
		expect(err.message).toBe(
			""Request is rejected when call 'posts.find' action on 'server-3' node.""
		);
		expect(err.type).toBe(""REQUEST_REJECTED"");
		expect(err.data.action).toBe(""posts.find"");
		expect(err.data.nodeID).toBe(""server-3"");
		expect(err.retryable).toBe(true);
	})",snuts
/test/unit/errors.spec.js,AnonymousTest,"{'startLine':189,'endLine':211}","it(""test QueueIsFullError"", () => {
		let err = new errors.QueueIsFullError({
			action: ""posts.find"",
			nodeID: ""server-3"",
			size: 100,
			limit: 50
		});
		expect(err).toBeDefined();
		expect(err).toBeInstanceOf(Error);
		expect(err).toBeInstanceOf(errors.MoleculerRetryableError);
		expect(err).toBeInstanceOf(errors.QueueIsFullError);
		expect(err.code).toBe(429);
		expect(err.name).toBe(""QueueIsFullError"");
		expect(err.message).toBe(
			""Queue is full. Request 'posts.find' action on 'server-3' node is rejected.""
		);
		expect(err.type).toBe(""QUEUE_FULL"");
		expect(err.data.action).toBe(""posts.find"");
		expect(err.data.nodeID).toBe(""server-3"");
		expect(err.data.size).toBe(100);
		expect(err.data.limit).toBe(50);
		expect(err.retryable).toBe(true);
	})",snuts
/test/unit/errors.spec.js,AnonymousTest,"{'startLine':213,'endLine':226}","it(""test ValidationError"", () => {
		let data = {};
		let err = new errors.ValidationError(""Param is not correct!"", ""ERR_TYPE"", data);
		expect(err).toBeDefined();
		expect(err).toBeInstanceOf(Error);
		expect(err).toBeInstanceOf(errors.MoleculerClientError);
		expect(err).toBeInstanceOf(errors.ValidationError);
		expect(err.name).toBe(""ValidationError"");
		expect(err.message).toBe(""Param is not correct!"");
		expect(err.code).toBe(422);
		expect(err.type).toBe(""ERR_TYPE"");
		expect(err.data).toBe(data);
		expect(err.retryable).toBe(false);
	})",snuts
/test/unit/errors.spec.js,AnonymousTest,"{'startLine':228,'endLine':240}","it(""test MaxCallLevelError"", () => {
		let err = new errors.MaxCallLevelError({ nodeID: ""server-2"", level: 10 });
		expect(err).toBeDefined();
		expect(err).toBeInstanceOf(Error);
		expect(err).toBeInstanceOf(errors.MoleculerError);
		expect(err).toBeInstanceOf(errors.MaxCallLevelError);
		expect(err.code).toBe(500);
		expect(err.name).toBe(""MaxCallLevelError"");
		expect(err.type).toBe(""MAX_CALL_LEVEL"");
		expect(err.message).toBe(""Request level is reached the limit (10) on 'server-2' node."");
		expect(err.data).toEqual({ nodeID: ""server-2"", level: 10 });
		expect(err.retryable).toBe(false);
	})",snuts
/test/unit/errors.spec.js,AnonymousTest,"{'startLine':242,'endLine':252}","it(""test ServiceSchemaError"", () => {
		let err = new errors.ServiceSchemaError(""Invalid schema def."");
		expect(err).toBeDefined();
		expect(err).toBeInstanceOf(Error);
		expect(err).toBeInstanceOf(errors.ServiceSchemaError);
		expect(err.name).toBe(""ServiceSchemaError"");
		expect(err.message).toBe(""Invalid schema def."");
		expect(err.code).toBe(500);
		expect(err.type).toBe(""SERVICE_SCHEMA_ERROR"");
		expect(err.data).toBeUndefined();
	})",snuts
/test/unit/errors.spec.js,AnonymousTest,"{'startLine':254,'endLine':264}","it(""test BrokerOptionsError"", () => {
		let err = new errors.BrokerOptionsError(""Invalid broker config."", { a: 5 });
		expect(err).toBeDefined();
		expect(err).toBeInstanceOf(Error);
		expect(err).toBeInstanceOf(errors.BrokerOptionsError);
		expect(err.name).toBe(""BrokerOptionsError"");
		expect(err.message).toBe(""Invalid broker config."");
		expect(err.code).toBe(500);
		expect(err.type).toBe(""BROKER_OPTIONS_ERROR"");
		expect(err.data).toEqual({ a: 5 });
	})",snuts
/test/unit/errors.spec.js,AnonymousTest,"{'startLine':266,'endLine':279}","it(""test GracefulStopTimeoutError"", () => {
		let err = new errors.GracefulStopTimeoutError({ service: { name: ""posts"", version: 2 } });
		expect(err).toBeDefined();
		expect(err).toBeInstanceOf(Error);
		expect(err).toBeInstanceOf(errors.GracefulStopTimeoutError);
		expect(err.name).toBe(""GracefulStopTimeoutError"");
		expect(err.message).toBe(""Unable to stop 'posts' service gracefully."");
		expect(err.code).toBe(500);
		expect(err.type).toBe(""GRACEFUL_STOP_TIMEOUT"");
		expect(err.data).toEqual({
			name: ""posts"",
			version: 2
		});
	})",snuts
/test/unit/errors.spec.js,AnonymousTest,"{'startLine':281,'endLine':296}","it(""test ProtocolVersionMismatchError"", () => {
		let err = new errors.ProtocolVersionMismatchError({
			nodeID: ""server-2"",
			actual: ""2"",
			received: ""1""
		});
		expect(err).toBeDefined();
		expect(err).toBeInstanceOf(Error);
		expect(err).toBeInstanceOf(errors.ProtocolVersionMismatchError);
		expect(err.code).toBe(500);
		expect(err.name).toBe(""ProtocolVersionMismatchError"");
		expect(err.message).toBe(""Protocol version mismatch."");
		expect(err.type).toBe(""PROTOCOL_VERSION_MISMATCH"");
		expect(err.data).toEqual({ nodeID: ""server-2"", actual: ""2"", received: ""1"" });
		expect(err.retryable).toBe(false);
	})",snuts
/test/unit/errors.spec.js,AnonymousTest,"{'startLine':298,'endLine':310}","it(""test InvalidPacketDataError"", () => {
		let payload = {};
		let err = new errors.InvalidPacketDataError({ type: ""INFO"", payload });
		expect(err).toBeDefined();
		expect(err).toBeInstanceOf(Error);
		expect(err).toBeInstanceOf(errors.InvalidPacketDataError);
		expect(err.code).toBe(500);
		expect(err.name).toBe(""InvalidPacketDataError"");
		expect(err.type).toBe(""INVALID_PACKET_DATA"");
		expect(err.message).toBe(""Invalid packet data."");
		expect(err.data).toEqual({ type: ""INFO"", payload });
		expect(err.retryable).toBe(false);
	})",snuts
/test/unit/errors.spec.js,ConditionalTestLogic,"{'startLine':757,'endLine':759}","it(""should prefer a custom error over a built-in one"", () => {
			regenerator.restoreCustomError = function ({ name, code, type, data, custom }) {
				if (name === ""MoleculerRetryableError"") {
					return new MyCustomError(name, code, type, data, custom);
				}
			};
			let plainError = {
				name: ""MoleculerRetryableError"",
				code: 456,
				type: ""CUSTOM_TYPE"",
				data: { a: 5 },
				retryable: true,
				nodeID: ""node-1234"",
				stack: ""error stack"",
				custom: { a: 5, b: 6 }
			};
			let payload = { sender: ""payload-sender"" };

			let err = regenerator.restore(plainError, payload);

			expect(err).toBeInstanceOf(MyCustomError);
		})",snuts
/test/unit/errors.spec.js,NonFunctionalStatement,"{'startLine':844,'endLine':844}","describe(""Test Errors.resolveRegenerator"", () => {
	it(""should resolve to a custom regenerator when option is an instance of Errors.Regenerator"", () => {
		class CustomRegenerator extends errors.Regenerator {}

		const result = errors.resolveRegenerator(new CustomRegenerator());

		expect(result).toBeInstanceOf(CustomRegenerator);
	});

	it(""should resolve to Errors.Regenerator when option isn't an instance of Errors.Regenerator"", () => {
		class CustomRegenerator {}

		const result = errors.resolveRegenerator(new CustomRegenerator());

		expect(result).toBeInstanceOf(errors.Regenerator);
	});

	it.each([-1, 0, 1, """", ""custom"", {}, null, undefined, [], true, false, () => {}])(
		""should resolve to Errors.Regenerator when option is '%p'"",
		option => {
			const result = errors.resolveRegenerator(option);

			expect(result).toBeInstanceOf(errors.Regenerator);
		}
	);
})",snuts
/test/unit/errors.spec.js,VerboseStatement,"{'startLine':189,'endLine':211}","it(""test QueueIsFullError"", () => {
		let err = new errors.QueueIsFullError({
			action: ""posts.find"",
			nodeID: ""server-3"",
			size: 100,
			limit: 50
		});
		expect(err).toBeDefined();
		expect(err).toBeInstanceOf(Error);
		expect(err).toBeInstanceOf(errors.MoleculerRetryableError);
		expect(err).toBeInstanceOf(errors.QueueIsFullError);
		expect(err.code).toBe(429);
		expect(err.name).toBe(""QueueIsFullError"");
		expect(err.message).toBe(
			""Queue is full. Request 'posts.find' action on 'server-3' node is rejected.""
		);
		expect(err.type).toBe(""QUEUE_FULL"");
		expect(err.data.action).toBe(""posts.find"");
		expect(err.data.nodeID).toBe(""server-3"");
		expect(err.data.size).toBe(100);
		expect(err.data.limit).toBe(50);
		expect(err.retryable).toBe(true);
	})",snuts
/test/unit/context.spec.js,IdenticalTestDescription,"{'startLine':665,'endLine':684}","it(""should call broker.call method with options"", () => {
		broker.mcall.mockClear();

		let ctx = new Context(broker);
		ctx.level = 4;

		let p = { id: 5 };
		let a = [
			{ action: ""posts.find"", params: p },
			{ action: ""posts.list"", params: p }
		];
		let opts = { timeout: 2500 };

		ctx.mcall(a, opts);

		expect(broker.mcall).toHaveBeenCalledTimes(1);
		expect(broker.mcall).toHaveBeenCalledWith(a, { parentCtx: ctx, timeout: 2500 });
		expect(broker.mcall.mock.calls[0][2]).not.toBe(opts);
		expect(opts.parentCtx).toBeUndefined();
	})",snuts
/test/unit/context.spec.js,IdenticalTestDescription,"{'startLine':707,'endLine':727}","it(""should decrement the timeout with elapsed time"", () => {
		broker.mcall.mockClear();

		let ctx = new Context(broker);
		ctx.startHrTime = process.hrtime();
		ctx.options.timeout = 1000;
		clock.tick(300);

		let p = { id: 5 };
		let a = [
			{ action: ""posts.find"", params: p },
			{ action: ""posts.list"", params: p }
		];
		let opts = {};

		ctx.mcall(a, opts);

		expect(broker.mcall).toHaveBeenCalledTimes(1);
		let bopts = broker.mcall.mock.calls[0][1];
		expect(bopts.timeout).toBe(700);
	})",snuts
/test/unit/context.spec.js,IdenticalTestDescription,"{'startLine':779,'endLine':796}","it(""should throw Error if reached the 'maxCallLevel'"", () => {
		broker.mcall.mockClear();

		let ctx = new Context(broker);
		ctx.level = 5;
		return ctx
			.mcall([
				{ action: ""posts.find"", params: {} },
				{ action: ""posts.list"", params: {} }
			])
			.then(protectReject)
			.catch(err => {
				expect(broker.mcall).toHaveBeenCalledTimes(0);
				expect(err).toBeInstanceOf(MaxCallLevelError);
				expect(err.code).toBe(500);
				expect(err.data).toEqual({ nodeID: broker.nodeID, level: 5 });
			});
	})",snuts
/test/unit/context.spec.js,IdenticalTestDescription,"{'startLine':816,'endLine':830}","it(""should merge meta from sub-context if resolved"", () => {
		let ctx = new Context(broker);
		ctx.meta.a = ""Hello"";
		ctx.meta.b = 1;
		return ctx
			.mcall([
				{ action: ""posts.find"", params: {} },
				{ action: ""posts.list"", params: {} }
			])
			.catch(protectReject)
			.then(() => {
				expect(broker.mcall).toHaveBeenCalledTimes(1);
				expect(ctx.meta).toEqual({ a: ""Hello"", b: 5, c: 3 });
			});
	})",snuts
/test/unit/context.spec.js,IdenticalTestDescription,"{'startLine':832,'endLine':848}","it(""should merge meta from sub-context if rejected"", () => {
		broker.mcall.mockClear();
		let ctx = new Context(broker);
		ctx.meta.a = ""Hello"";
		ctx.meta.b = 1;
		return ctx
			.mcall([
				{ action: ""posts.find"", params: {} },
				{ action: ""posts.list"", params: {} }
			])
			.then(protectReject)
			.catch(e => {
				expect(e).toBe(err);
				expect(broker.mcall).toHaveBeenCalledTimes(1);
				expect(ctx.meta).toEqual({ a: ""Hello"", b: 5, c: 3 });
			});
	})",snuts
/test/unit/context.spec.js,IdenticalTestDescription,"{'startLine':959,'endLine':970}","it(""should call broker.broadcast method without payload & groups"", () => {
		const data = { id: 5 };
		broker.broadcast.mockClear();
		ctx.broadcast(""request.rest"", data, {
			groups: [""mail""]
		});
		expect(broker.broadcast).toHaveBeenCalledTimes(1);
		expect(broker.broadcast).toHaveBeenCalledWith(""request.rest"", data, {
			parentCtx: ctx,
			groups: [""mail""]
		});
	})",snuts
/test/unit/context.spec.js,VerboseStatement,"{'startLine':10,'endLine':50}","it(""test with empty opts"", () => {
		let broker = new ServiceBroker({ nodeID: ""server-123"", logger: false });

		let ctx = new Context(broker);

		expect(ctx.id).toBeDefined();
		expect(ctx.broker).toBeDefined();
		expect(ctx.endpoint).toBeNull();
		expect(ctx.action).toBeNull();
		expect(ctx.event).toBeNull();
		expect(ctx.service).toBeNull();
		expect(ctx.nodeID).toBe(""server-123"");

		expect(ctx.eventName).toBeNull();
		expect(ctx.eventType).toBeNull();
		expect(ctx.eventGroups).toBeNull();

		expect(ctx.options).toEqual({
			timeout: null,
			retries: null
		});

		expect(ctx.parentID).toBeNull();
		expect(ctx.caller).toBeNull();

		expect(ctx.level).toBe(1);

		expect(ctx.params).toBeNull();
		expect(ctx.meta).toEqual({});
		expect(ctx.locals).toEqual({});

		expect(ctx.requestID).toBe(ctx.id);

		expect(ctx.tracing).toBeNull();
		expect(ctx.span).toBeNull();

		expect(ctx.needAck).toBeNull();
		expect(ctx.ackID).toBeNull();

		expect(ctx.cachedResult).toBe(false);
	})",snuts
/test/unit/context.spec.js,VerboseStatement,"{'startLine':77,'endLine':111}","it(""test without opts"", () => {
		const params = { a: 5 };

		let ctx = Context.create(broker, endpoint, params);

		expect(ctx.id).toBeDefined();
		expect(ctx.broker).toBe(broker);
		expect(ctx.endpoint).toBe(endpoint);
		expect(ctx.action).toBe(endpoint.action);
		expect(ctx.service).toBe(endpoint.action.service);
		expect(ctx.event).toBeNull();
		expect(ctx.nodeID).toBe(""server-123"");

		expect(ctx.eventName).toBeNull();
		expect(ctx.eventType).toBeNull();
		expect(ctx.eventGroups).toBeNull();

		expect(ctx.params).toEqual({ a: 5 });
		expect(ctx.meta).toEqual({});

		expect(ctx.options).toEqual({});

		expect(ctx.parentID).toBeNull();
		expect(ctx.caller).toBeNull();

		expect(ctx.tracing).toBeNull();
		expect(ctx.level).toBe(1);

		expect(ctx.needAck).toBeNull();
		expect(ctx.ackID).toBeNull();

		expect(ctx.requestID).toBe(ctx.id);

		expect(ctx.cachedResult).toBe(false);
	})",snuts
/test/unit/context.spec.js,VerboseStatement,"{'startLine':113,'endLine':174}","it(""test with opts"", () => {
		const params = { a: 5 };
		const opts = {
			timeout: 2500,
			retries: 3,
			fallbackResponse: ""Hello"",
			meta: {
				user: ""John"",
				c: 200
			},
			parentCtx: {
				id: 100,
				level: 5,
				meta: {
					token: ""123456"",
					c: 100
				},
				requestID: ""1234567890abcdef"",
				tracing: true,
				action: {
					name: ""posts.list""
				},
				service: {
					fullName: ""posts""
				}
			}
		};

		let ctx = Context.create(broker, endpoint, params, opts);

		expect(ctx.id).toBeDefined();
		expect(ctx.broker).toBe(broker);
		expect(ctx.endpoint).toBe(endpoint);
		expect(ctx.action).toBe(endpoint.action);
		expect(ctx.service).toBe(endpoint.action.service);
		expect(ctx.event).toBeNull();
		expect(ctx.nodeID).toBe(""server-123"");

		expect(ctx.eventName).toBeNull();
		expect(ctx.eventType).toBeNull();
		expect(ctx.eventGroups).toBeNull();

		expect(ctx.params).toEqual({ a: 5 });
		expect(ctx.meta).toEqual({
			token: ""123456"",
			user: ""John"",
			c: 200
		});

		expect(ctx.options).toEqual(opts);

		expect(ctx.parentID).toBe(100);
		expect(ctx.caller).toBe(""posts"");

		expect(ctx.tracing).toBe(true);
		expect(ctx.level).toBe(6);

		expect(ctx.needAck).toBeNull();
		expect(ctx.ackID).toBeNull();

		expect(ctx.requestID).toBe(""1234567890abcdef"");
	})",snuts
/test/unit/context.spec.js,VerboseStatement,"{'startLine':176,'endLine':248}","it(""test with opts & event"", () => {
		const endpoint = {
			event: {
				name: ""user.created"",
				service: {
					name: ""posts""
				}
			},
			id: ""server-123""
		};

		const params = { a: 5 };
		const opts = {
			timeout: 2500,
			retries: 3,
			fallbackResponse: ""Hello"",
			meta: {
				user: ""John"",
				c: 200
			},
			parentCtx: {
				id: 100,
				level: 5,
				meta: {
					token: ""123456"",
					c: 100
				},
				requestID: ""1234567890abcdef"",
				tracing: true,
				service: {
					fullName: ""posts""
				},
				span: {
					id: 300
				}
			},
			caller: ""api""
		};

		let ctx = Context.create(broker, endpoint, params, opts);

		expect(ctx.id).toBeDefined();
		expect(ctx.broker).toBe(broker);
		expect(ctx.endpoint).toBe(endpoint);
		expect(ctx.action).toBeNull();
		expect(ctx.event).toBe(endpoint.event);
		expect(ctx.service).toBe(endpoint.event.service);
		expect(ctx.nodeID).toBe(""server-123"");

		expect(ctx.eventName).toBeNull();
		expect(ctx.eventType).toBeNull();
		expect(ctx.eventGroups).toBeNull();

		expect(ctx.params).toEqual({ a: 5 });
		expect(ctx.meta).toEqual({
			token: ""123456"",
			user: ""John"",
			c: 200
		});

		expect(ctx.options).toEqual(opts);

		expect(ctx.parentID).toBe(300);
		expect(ctx.caller).toBe(""api"");

		expect(ctx.tracing).toBe(true);
		expect(ctx.level).toBe(6);

		expect(ctx.needAck).toBeNull();
		expect(ctx.ackID).toBeNull();

		expect(ctx.requestID).toBe(""1234567890abcdef"");
	})",snuts
/test/unit/context.spec.js,VerboseStatement,"{'startLine':250,'endLine':280}","it(""test with parentSpan"", () => {
		const params = { a: 5 };
		const opts = {
			timeout: 2500,
			parentSpan: {
				id: 111,
				traceID: 222,
				sampled: true
			}
		};

		let ctx = Context.create(broker, endpoint, params, opts);

		expect(ctx.id).toBeDefined();
		expect(ctx.broker).toBe(broker);
		expect(ctx.endpoint).toBe(endpoint);

		expect(ctx.params).toEqual({ a: 5 });

		expect(ctx.options).toEqual(opts);

		expect(ctx.parentID).toBe(111);

		expect(ctx.tracing).toBe(true);
		expect(ctx.level).toBe(1);

		expect(ctx.needAck).toBeNull();
		expect(ctx.ackID).toBeNull();

		expect(ctx.requestID).toBe(222);
	})",snuts
/test/unit/context.spec.js,VerboseStatement,"{'startLine':328,'endLine':361}","it(""should copy all properties without endpoint"", () => {
		const ctx = baseCtx.copy();

		expect(ctx.id).not.toBe(baseCtx.id);
		expect(ctx.broker).toBe(broker);
		expect(ctx.endpoint).toBe(endpoint);
		expect(ctx.action).toBe(endpoint.action);
		expect(ctx.service).toBe(endpoint.action.service);
		expect(ctx.event).toBeNull();
		expect(ctx.nodeID).toBe(""server-123"");

		expect(ctx.eventName).toBeNull();
		expect(ctx.eventType).toBeNull();
		expect(ctx.eventGroups).toBeNull();

		expect(ctx.params).toEqual(baseCtx.params);
		expect(ctx.meta).toEqual(baseCtx.meta);
		expect(ctx.locals).toEqual(baseCtx.locals);

		expect(ctx.options).toEqual(baseCtx.options);

		expect(ctx.parentID).toEqual(baseCtx.parentID);
		expect(ctx.caller).toEqual(baseCtx.caller);

		expect(ctx.tracing).toEqual(baseCtx.tracing);
		expect(ctx.level).toEqual(baseCtx.level);

		expect(ctx.needAck).toEqual(baseCtx.needAck);
		expect(ctx.ackID).toEqual(baseCtx.ackID);

		expect(ctx.requestID).toBe(baseCtx.requestID);

		expect(ctx.cachedResult).toBe(false);
	})",snuts
/test/unit/context.spec.js,VerboseStatement,"{'startLine':363,'endLine':409}","it(""should copy all properties with new endpoint"", () => {
		const newEndpoint = {
			event: {
				name: ""post.created"",
				service: {
					name: ""posts""
				}
			},
			id: ""server-333""
		};

		baseCtx.eventName = ""post.created"";
		baseCtx.eventType = ""emit"";
		baseCtx.eventGroups = [""mail""];

		const ctx = baseCtx.copy(newEndpoint);

		expect(ctx.id).not.toBe(baseCtx.id);
		expect(ctx.broker).toBe(broker);
		expect(ctx.endpoint).toBe(newEndpoint);
		expect(ctx.action).toBeNull();
		expect(ctx.event).toBe(newEndpoint.event);
		expect(ctx.service).toBe(newEndpoint.event.service);
		expect(ctx.nodeID).toBe(""server-333"");

		expect(ctx.eventName).toEqual(""post.created"");
		expect(ctx.eventType).toEqual(""emit"");
		expect(ctx.eventGroups).toEqual([""mail""]);

		expect(ctx.params).toEqual(baseCtx.params);
		expect(ctx.meta).toEqual(baseCtx.meta);

		expect(ctx.options).toEqual(baseCtx.options);

		expect(ctx.parentID).toEqual(baseCtx.parentID);
		expect(ctx.caller).toEqual(baseCtx.caller);

		expect(ctx.tracing).toEqual(baseCtx.tracing);
		expect(ctx.level).toEqual(baseCtx.level);

		expect(ctx.needAck).toEqual(baseCtx.needAck);
		expect(ctx.ackID).toEqual(baseCtx.ackID);

		expect(ctx.requestID).toBe(baseCtx.requestID);

		expect(ctx.cachedResult).toBe(false);
	})",snuts
/test/unit/async-storage.spec.js,OvercommentedTest,"{'startLine':27,'endLine':76}","it(""should set broker & hook & executionAsyncId & store, "", () => {
			const _initBindMock = jest.fn(() => ""_initBindMock"");
			//const _beforeBindMock = jest.fn(() => ""_beforeBindMock"");
			//const _afterBindMock = jest.fn(() => ""_afterBindMock"");
			const _destroyBindMock = jest.fn(() => ""_destroyBindMock"");

			AsyncStorage.prototype._init.bind = _initBindMock;
			//AsyncStorage.prototype._before.bind = _becoreBindMock;
			//AsyncStorage.prototype._after.bind = _afterBindMock;
			AsyncStorage.prototype._destroy.bind = _destroyBindMock;

			// ---- ^ SETUP ^ ---
			const storage = new AsyncStorage(broker);
			// ---- ˇ ASSERTS ˇ ---

			expect(storage.broker).toBe(broker);
			expect(asyncHooks.createHook).toBeCalledTimes(1);
			expect(asyncHooks.createHook).toBeCalledWith({
				init: ""_initBindMock"",
				//before: ""_beforeBindMock"",
				//after: ""_afterBindMock"",
				destroy: ""_destroyBindMock"",
				promiseResolve: ""_destroyBindMock""
			});
			expect(storage.hook).toEqual(""createHookMock"");

			const thisOnMock = {
				broker: {},
				executionAsyncId: executionAsyncIdMock,
				hook: ""createHookMock"",
				store: new Map()
			};
			expect(_initBindMock).toBeCalledTimes(1);
			expect(_initBindMock).toBeCalledWith(thisOnMock);
			//expect(_beforeBindMock).toBeCalledTimes(1);
			//expect(_beforeBindMock).toBeCalledWith(thisOnMock);
			//expect(_afterBindMock).toBeCalledTimes(1);
			//expect(_afterBindMock).toBeCalledWith(thisOnMock);
			expect(_destroyBindMock).toBeCalledTimes(2);
			expect(_destroyBindMock).toHaveBeenNthCalledWith(1, thisOnMock);
			expect(_destroyBindMock).toHaveBeenNthCalledWith(2, thisOnMock);
			expect(storage.executionAsyncId).toBe(executionAsyncIdMock);
			expect(storage.store).toBeInstanceOf(Map);
			expect(storage.store.size).toEqual(0);

			_initBindMock.mockClear();
			//_beforeBindMock.mockClear();
			//_afterBindMock.mockClear();
			_destroyBindMock.mockClear();
		})",snuts
/test/unit/async-storage.spec.js,IdenticalTestDescription,"{'startLine':241,'endLine':250}","it(""should does nothing if store does not contain item by trigerAsyncId"", () => {
			const storage = new AsyncStorage(broker);
			storage.store = { get: jest.fn(), delete: jest.fn() };
			// ---- ^ SETUP ^ ---
			storage._destroy(""asyncId"");
			// ---- ˇ ASSERTS ˇ ---
			expect(storage.store.get).toBeCalledTimes(1);
			expect(storage.store.get).toBeCalledWith(""asyncId"");
			expect(storage.store.delete).toBeCalledTimes(0);
		})",snuts
/test/unit/async-storage.spec.js,VerboseStatement,"{'startLine':27,'endLine':76}","it(""should set broker & hook & executionAsyncId & store, "", () => {
			const _initBindMock = jest.fn(() => ""_initBindMock"");
			//const _beforeBindMock = jest.fn(() => ""_beforeBindMock"");
			//const _afterBindMock = jest.fn(() => ""_afterBindMock"");
			const _destroyBindMock = jest.fn(() => ""_destroyBindMock"");

			AsyncStorage.prototype._init.bind = _initBindMock;
			//AsyncStorage.prototype._before.bind = _becoreBindMock;
			//AsyncStorage.prototype._after.bind = _afterBindMock;
			AsyncStorage.prototype._destroy.bind = _destroyBindMock;

			// ---- ^ SETUP ^ ---
			const storage = new AsyncStorage(broker);
			// ---- ˇ ASSERTS ˇ ---

			expect(storage.broker).toBe(broker);
			expect(asyncHooks.createHook).toBeCalledTimes(1);
			expect(asyncHooks.createHook).toBeCalledWith({
				init: ""_initBindMock"",
				//before: ""_beforeBindMock"",
				//after: ""_afterBindMock"",
				destroy: ""_destroyBindMock"",
				promiseResolve: ""_destroyBindMock""
			});
			expect(storage.hook).toEqual(""createHookMock"");

			const thisOnMock = {
				broker: {},
				executionAsyncId: executionAsyncIdMock,
				hook: ""createHookMock"",
				store: new Map()
			};
			expect(_initBindMock).toBeCalledTimes(1);
			expect(_initBindMock).toBeCalledWith(thisOnMock);
			//expect(_beforeBindMock).toBeCalledTimes(1);
			//expect(_beforeBindMock).toBeCalledWith(thisOnMock);
			//expect(_afterBindMock).toBeCalledTimes(1);
			//expect(_afterBindMock).toBeCalledWith(thisOnMock);
			expect(_destroyBindMock).toBeCalledTimes(2);
			expect(_destroyBindMock).toHaveBeenNthCalledWith(1, thisOnMock);
			expect(_destroyBindMock).toHaveBeenNthCalledWith(2, thisOnMock);
			expect(storage.executionAsyncId).toBe(executionAsyncIdMock);
			expect(storage.store).toBeInstanceOf(Map);
			expect(storage.store.size).toEqual(0);

			_initBindMock.mockClear();
			//_beforeBindMock.mockClear();
			//_afterBindMock.mockClear();
			_destroyBindMock.mockClear();
		})",snuts
/test/integration/validator.spec.js,NonFunctionalStatement,"{'startLine':16,'endLine':16}","describe(""Test broker validator with actions"", () => {
	let schema = {
		name: ""test"",
		actions: {
			withValidation: {
				params: {
					a: { type: ""number"" },
					b: { type: ""number"" }
				},
				handler: jest.fn(() => 123)
			},
			withoutValidation: {
				handler() {}
			}
		}
	};

	const broker = new ServiceBroker({ logger: false });
	broker.validator.validate = jest.fn();
	broker.createService(schema);

	beforeAll(() => broker.start());
	afterAll(() => broker.stop());

	it(""shouldn't wrap validation, if action can't contain params settings"", () => {
		return broker.call(""test.withoutValidation"").then(() => {
			expect(broker.validator.validate).toHaveBeenCalledTimes(0);
		});
	});

	it(""should call handler, if params are correct"", () => {
		schema.actions.withValidation.handler.mockClear();
		let p = { a: 5, b: 10 };
		return broker.call(""test.withValidation"", p).then(res => {
			expect(res).toBe(123);
			expect(schema.actions.withValidation.handler).toHaveBeenCalledTimes(1);
		});
	});

	it(""should throw ValidationError, if params is not correct"", () => {
		schema.actions.withValidation.handler.mockClear();
		let p = { a: 5, b: ""asd"" };
		return broker.call(""test.withValidation"", p).catch(err => {
			expect(err).toBeInstanceOf(ValidationError);
			expect(schema.actions.withValidation.handler).toHaveBeenCalledTimes(0);
		});
	});
})",snuts
/test/integration/stream.spec.js,IdenticalTestDescription,"{'startLine':147,'endLine':167}","it(""should receive stream & handle error"", () => {
		const FLOW = [];
		return b1.Promise.resolve()
			.then(() => b1.call(""file.get""))
			.then(res => {
				expect(res).toBeInstanceOf(Stream.Readable);
				res.on(""data"", msg => FLOW.push(msg.toString()));
				res.on(""error"", err => FLOW.push(""<ERROR:"" + err.message + "">""));
				res.on(""end"", () => FLOW.push(""<END>""));
			})
			.then(() => stream.push(""first chunk""))
			.delay(100)
			.then(() => {
				expect(FLOW).toEqual([""first chunk""]);
				stream.emit(""error"", new Error(""Something happened""));
			})
			.delay(100)
			.then(() => {
				expect(FLOW).toEqual([""first chunk"", ""<ERROR:Something happened>"", ""<END>""]);
			});
	})",snuts
/test/integration/stream.spec.js,IdenticalTestDescription,"{'startLine':235,'endLine':258}","it(""should receive stream & handle error"", () => {
		const FLOW = [];
		const stream = new Stream.Readable({
			read() {}
		});
		return b1.Promise.resolve()
			.then(() => b1.call(""file.convert"", stream))
			.then(res => {
				expect(res).toBeInstanceOf(Stream.Readable);
				res.on(""data"", msg => FLOW.push(msg.toString()));
				res.on(""error"", err => FLOW.push(""<ERROR:"" + err.message + "">""));
				res.on(""end"", () => FLOW.push(""<END>""));
			})
			.then(() => stream.push(""first chunk""))
			.delay(100)
			.then(() => {
				expect(FLOW).toEqual([""FIRST CHUNK""]);
				stream.emit(""error"", new Error(""Something happened""));
			})
			.delay(100)
			.then(() => {
				expect(FLOW).toEqual([""FIRST CHUNK"", ""<ERROR:Something happened>"", ""<END>""]);
			});
	})",snuts
/test/integration/stream.spec.js,IdenticalTestDescription,"{'startLine':432,'endLine':460}","it(""should receive stream in objectMode & handle error"", () => {
		const FLOW = [];
		return b1.Promise.resolve()
			.then(() => b1.call(""db.query""))
			.then(res => {
				expect(res).toBeInstanceOf(Stream.Readable);
				expect(
					res.readableObjectMode === true ||
						(res._readableState && res._readableState.objectMode === true)
				).toBe(true);
				res.on(""data"", msg => FLOW.push(msg));
				res.on(""error"", err => FLOW.push(""<ERROR:"" + err.message + "">""));
				res.on(""end"", () => FLOW.push(""<END>""));
			})
			.then(() => stream.push({ id: 123, data: ""first record"" }))
			.delay(100)
			.then(() => {
				expect(FLOW).toEqual([{ id: 123, data: ""first record"" }]);
				stream.emit(""error"", new Error(""Something happened""));
			})
			.delay(100)
			.then(() => {
				expect(FLOW).toEqual([
					{ id: 123, data: ""first record"" },
					""<ERROR:Something happened>"",
					""<END>""
				]);
			});
	})",snuts
/test/integration/stream.spec.js,IdenticalTestDescription,"{'startLine':543,'endLine':575}","it(""should receive stream in objectMode & handle error"", () => {
		const FLOW = [];
		const stream = new Stream.Readable({
			objectMode: true,
			read() {}
		});
		return b1.Promise.resolve()
			.then(() => b1.call(""csv.parse"", stream))
			.then(res => {
				expect(res).toBeInstanceOf(Stream.Readable);
				expect(
					res.readableObjectMode === true ||
						(res._readableState && res._readableState.objectMode === true)
				).toBe(true);
				res.on(""data"", msg => FLOW.push(msg));
				res.on(""error"", err => FLOW.push(""<ERROR:"" + err.message + "">""));
				res.on(""end"", () => FLOW.push(""<END>""));
			})
			.then(() => stream.push({ id: 123, data: ""first record"" }))
			.delay(100)
			.then(() => {
				expect(FLOW).toEqual([{ line: 1, data: { id: 123, data: ""first record"" } }]);
				stream.emit(""error"", new Error(""Something happened""));
			})
			.delay(100)
			.then(() => {
				expect(FLOW).toEqual([
					{ line: 1, data: { id: 123, data: ""first record"" } },
					""<ERROR:Something happened>"",
					""<END>""
				]);
			});
	})",snuts
/test/integration/stream.spec.js,NonFunctionalStatement,"{'startLine':22,'endLine':22}","describe(""Test to send stream as ctx.param"", () => {
	let b1 = new ServiceBroker({
		logger: false,
		namespace: ""test-1"",
		transporter: ""Fake"",
		nodeID: ""node-1""
	});

	let b2 = new ServiceBroker({
		logger: false,
		namespace: ""test-1"",
		transporter: ""Fake"",
		nodeID: ""node-2""
	});

	let FLOW = [];
	let stream = new Stream.Readable({
		read() {}
	});

	b2.createService({
		name: ""file"",
		actions: {
			save(ctx) {
				expect(FLOW).toEqual([]);
				expect(ctx.params).toBeInstanceOf(Stream.Readable);
				ctx.params.on(""data"", msg => FLOW.push(msg.toString()));
				ctx.params.on(""error"", err => {
					FLOW.push(""<ERROR:"" + err.message + "">"");
				});
				ctx.params.on(""end"", () => FLOW.push(""<END>""));

				return ""OK"";
			}
		}
	});

	beforeAll(() => Promise.all([b1.start(), b2.start(), Promise.resolve().delay(2000)]));
	afterAll(() => Promise.all([b1.stop(), b2.stop()]));

	it(""should receive stream on b2"", () => {
		FLOW = [];
		return b1.Promise.resolve()
			.then(() => b1.call(""file.save"", stream))
			.then(res => expect(res).toBe(""OK""))
			.then(() => stream.push(""first chunk""))
			.delay(100)
			.then(() => {
				expect(FLOW).toEqual([""first chunk""]);
				stream.push(Buffer.from(""second chunk""));
			})
			.delay(100)
			.then(() => {
				expect(FLOW).toEqual([""first chunk"", ""second chunk""]);
				stream.emit(""end"");
			})
			.delay(100)
			.then(() => {
				expect(FLOW).toEqual([""first chunk"", ""second chunk"", ""<END>""]);
			});
	});

	it(""should receive stream & handle error"", () => {
		FLOW = [];
		stream = new Stream.Readable({
			read() {}
		});

		return b1.Promise.resolve()
			.then(() => b1.call(""file.save"", stream))
			.then(res => expect(res).toBe(""OK""))
			.then(() => stream.push(""first chunk""))
			.delay(100)
			.then(() => {
				expect(FLOW).toEqual([""first chunk""]);
				stream.emit(""error"", new Error(""Something happened""));
			})
			.delay(100)
			.then(() => {
				expect(FLOW).toEqual([""first chunk"", ""<ERROR:Something happened>"", ""<END>""]);
			});
	});
})",snuts
/test/integration/stream.spec.js,NonFunctionalStatement,"{'startLine':70,'endLine':70}","it(""should receive stream & handle error"", () => {
		FLOW = [];
		stream = new Stream.Readable({
			read() {}
		});

		return b1.Promise.resolve()
			.then(() => b1.call(""file.save"", stream))
			.then(res => expect(res).toBe(""OK""))
			.then(() => stream.push(""first chunk""))
			.delay(100)
			.then(() => {
				expect(FLOW).toEqual([""first chunk""]);
				stream.emit(""error"", new Error(""Something happened""));
			})
			.delay(100)
			.then(() => {
				expect(FLOW).toEqual([""first chunk"", ""<ERROR:Something happened>"", ""<END>""]);
			});
	})",snuts
/test/integration/stream.spec.js,NonFunctionalStatement,"{'startLine':105,'endLine':105}","describe(""Test to receive a stream as response"", () => {
	let b1 = new ServiceBroker({
		logger: false,
		namespace: ""test-2"",
		transporter: ""Fake"",
		nodeID: ""node-1""
	});

	let b2 = new ServiceBroker({
		logger: false,
		namespace: ""test-2"",
		transporter: ""Fake"",
		nodeID: ""node-2""
	});

	const stream = new Stream.Readable({
		read() {}
	});

	b2.createService({
		name: ""file"",
		actions: {
			get() {
				return stream;
			}
		}
	});

	beforeAll(() => Promise.all([b1.start(), b2.start(), Promise.resolve().delay(2000)]));
	afterAll(() => Promise.all([b1.stop(), b2.stop()]));

	it(""should receive stream"", () => {
		const FLOW = [];
		return b1.Promise.resolve()
			.then(() => b1.call(""file.get""))
			.then(res => {
				expect(res).toBeInstanceOf(Stream.Readable);
				res.on(""data"", msg => FLOW.push(msg.toString()));
				res.on(""error"", err => FLOW.push(""<ERROR:"" + err.message + "">""));
				res.on(""end"", () => FLOW.push(""<END>""));
			})
			.then(() => stream.push(""first chunk""))
			.delay(100)
			.then(() => {
				expect(FLOW).toEqual([""first chunk""]);
				stream.push(Buffer.from(""second chunk""));
			})
			.delay(100)
			.then(() => {
				expect(FLOW).toEqual([""first chunk"", ""second chunk""]);
				stream.emit(""end"");
			})
			.delay(100)
			.then(() => {
				expect(FLOW).toEqual([""first chunk"", ""second chunk"", ""<END>""]);
			});
	});

	it(""should receive stream & handle error"", () => {
		const FLOW = [];
		return b1.Promise.resolve()
			.then(() => b1.call(""file.get""))
			.then(res => {
				expect(res).toBeInstanceOf(Stream.Readable);
				res.on(""data"", msg => FLOW.push(msg.toString()));
				res.on(""error"", err => FLOW.push(""<ERROR:"" + err.message + "">""));
				res.on(""end"", () => FLOW.push(""<END>""));
			})
			.then(() => stream.push(""first chunk""))
			.delay(100)
			.then(() => {
				expect(FLOW).toEqual([""first chunk""]);
				stream.emit(""error"", new Error(""Something happened""));
			})
			.delay(100)
			.then(() => {
				expect(FLOW).toEqual([""first chunk"", ""<ERROR:Something happened>"", ""<END>""]);
			});
	});
})",snuts
/test/integration/stream.spec.js,NonFunctionalStatement,"{'startLine':207,'endLine':207}","it(""should send & receive stream"", () => {
		const FLOW = [];
		const stream = new Stream.Readable({
			read() {}
		});

		return b1.Promise.resolve()
			.then(() => b1.call(""file.convert"", stream))
			.then(res => {
				expect(res).toBeInstanceOf(Stream.Readable);
				res.on(""data"", msg => FLOW.push(msg.toString()));
				res.on(""error"", err => FLOW.push(""<ERROR:"" + err.message + "">""));
				res.on(""end"", () => FLOW.push(""<END>""));
			})
			.then(() => stream.push(""first chunk""))
			.delay(100)
			.then(() => {
				expect(FLOW).toEqual([""FIRST CHUNK""]);
				stream.push(Buffer.from(""second chunk""));
			})
			.delay(100)
			.then(() => {
				expect(FLOW).toEqual([""FIRST CHUNK"", ""SECOND CHUNK""]);
				stream.emit(""end"");
			})
			.delay(100)
			.then(() => {
				expect(FLOW).toEqual([""FIRST CHUNK"", ""SECOND CHUNK"", ""<END>""]);
			});
	})",snuts
/test/integration/stream.spec.js,NonFunctionalStatement,"{'startLine':238,'endLine':238}","it(""should receive stream & handle error"", () => {
		const FLOW = [];
		const stream = new Stream.Readable({
			read() {}
		});
		return b1.Promise.resolve()
			.then(() => b1.call(""file.convert"", stream))
			.then(res => {
				expect(res).toBeInstanceOf(Stream.Readable);
				res.on(""data"", msg => FLOW.push(msg.toString()));
				res.on(""error"", err => FLOW.push(""<ERROR:"" + err.message + "">""));
				res.on(""end"", () => FLOW.push(""<END>""));
			})
			.then(() => stream.push(""first chunk""))
			.delay(100)
			.then(() => {
				expect(FLOW).toEqual([""FIRST CHUNK""]);
				stream.emit(""error"", new Error(""Something happened""));
			})
			.delay(100)
			.then(() => {
				expect(FLOW).toEqual([""FIRST CHUNK"", ""<ERROR:Something happened>"", ""<END>""]);
			});
	})",snuts
/test/integration/stream.spec.js,NonFunctionalStatement,"{'startLine':279,'endLine':279}","describe(""Test to send stream in objectMode as ctx.param"", () => {
	let b1 = new ServiceBroker({
		logger: false,
		namespace: ""test-4"",
		transporter: ""Fake"",
		nodeID: ""node-1""
	});

	let b2 = new ServiceBroker({
		logger: false,
		namespace: ""test-4"",
		transporter: ""Fake"",
		nodeID: ""node-2""
	});

	let FLOW = [];
	let stream = new Stream.Readable({
		objectMode: true,
		read() {}
	});

	b2.createService({
		name: ""data"",
		actions: {
			store(ctx) {
				expect(FLOW).toEqual([]);
				expect(ctx.params).toBeInstanceOf(Stream.Readable);
				expect(
					ctx.params.readableObjectMode === true ||
						(ctx.params._readableState && ctx.params._readableState.objectMode === true)
				).toBe(true);
				ctx.params.on(""data"", msg => FLOW.push(msg));
				ctx.params.on(""error"", err => {
					FLOW.push(""<ERROR:"" + err.message + "">"");
				});
				ctx.params.on(""end"", () => FLOW.push(""<END>""));

				return ""OK"";
			}
		}
	});

	beforeAll(() => Promise.all([b1.start(), b2.start(), Promise.resolve().delay(2000)]));
	afterAll(() => Promise.all([b1.stop(), b2.stop()]));

	it(""should receive stream in objectMode on b2"", () => {
		FLOW = [];
		return b1.Promise.resolve()
			.then(() => b1.call(""data.store"", stream))
			.then(res => expect(res).toBe(""OK""))
			.then(() => stream.push({ id: 123, data: ""first record"" }))
			.delay(100)
			.then(() => {
				expect(FLOW).toEqual([{ id: 123, data: ""first record"" }]);
				stream.push({ id: 786, data: ""second record"" });
			})
			.delay(100)
			.then(() => {
				expect(FLOW).toEqual([
					{ id: 123, data: ""first record"" },
					{ id: 786, data: ""second record"" }
				]);
				stream.emit(""end"");
			})
			.delay(100)
			.then(() => {
				expect(FLOW).toEqual([
					{ id: 123, data: ""first record"" },
					{ id: 786, data: ""second record"" },
					""<END>""
				]);
			});
	});

	it(""should receive stream in objectMode & handle error"", () => {
		FLOW = [];
		stream = new Stream.Readable({
			objectMode: true,
			read() {}
		});

		return b1.Promise.resolve()
			.then(() => b1.call(""data.store"", stream))
			.then(res => expect(res).toBe(""OK""))
			.then(() => stream.push({ id: 123, data: ""first record"" }))
			.delay(100)
			.then(() => {
				expect(FLOW).toEqual([{ id: 123, data: ""first record"" }]);
				stream.emit(""error"", new Error(""Something happened""));
			})
			.delay(100)
			.then(() => {
				expect(FLOW).toEqual([
					{ id: 123, data: ""first record"" },
					""<ERROR:Something happened>"",
					""<END>""
				]);
			});
	});
})",snuts
/test/integration/stream.spec.js,NonFunctionalStatement,"{'startLine':339,'endLine':339}","it(""should receive stream in objectMode & handle error"", () => {
		FLOW = [];
		stream = new Stream.Readable({
			objectMode: true,
			read() {}
		});

		return b1.Promise.resolve()
			.then(() => b1.call(""data.store"", stream))
			.then(res => expect(res).toBe(""OK""))
			.then(() => stream.push({ id: 123, data: ""first record"" }))
			.delay(100)
			.then(() => {
				expect(FLOW).toEqual([{ id: 123, data: ""first record"" }]);
				stream.emit(""error"", new Error(""Something happened""));
			})
			.delay(100)
			.then(() => {
				expect(FLOW).toEqual([
					{ id: 123, data: ""first record"" },
					""<ERROR:Something happened>"",
					""<END>""
				]);
			});
	})",snuts
/test/integration/stream.spec.js,NonFunctionalStatement,"{'startLine':379,'endLine':379}","describe(""Test to receive a stream in objectMode as response"", () => {
	let b1 = new ServiceBroker({
		logger: false,
		namespace: ""test-5"",
		transporter: ""Fake"",
		nodeID: ""node-1""
	});

	let b2 = new ServiceBroker({
		logger: false,
		namespace: ""test-5"",
		transporter: ""Fake"",
		nodeID: ""node-2""
	});

	const stream = new Stream.Readable({
		objectMode: true,
		read() {}
	});

	b2.createService({
		name: ""db"",
		actions: {
			query() {
				return stream;
			}
		}
	});

	beforeAll(() => Promise.all([b1.start(), b2.start(), Promise.resolve().delay(2000)]));
	afterAll(() => Promise.all([b1.stop(), b2.stop()]));

	it(""should receive stream in objectMode"", () => {
		const FLOW = [];
		return b1.Promise.resolve()
			.then(() => b1.call(""db.query""))
			.then(res => {
				expect(res).toBeInstanceOf(Stream.Readable);
				expect(
					res.readableObjectMode === true ||
						(res._readableState && res._readableState.objectMode === true)
				).toBe(true);
				res.on(""data"", msg => FLOW.push(msg));
				res.on(""error"", err => FLOW.push(""<ERROR:"" + err.message + "">""));
				res.on(""end"", () => FLOW.push(""<END>""));
			})
			.then(() => stream.push({ id: 123, data: ""first record"" }))
			.delay(100)
			.then(() => {
				expect(FLOW).toEqual([{ id: 123, data: ""first record"" }]);
				stream.push({ id: 786, data: ""second record"" });
			})
			.delay(100)
			.then(() => {
				expect(FLOW).toEqual([
					{ id: 123, data: ""first record"" },
					{ id: 786, data: ""second record"" }
				]);
				stream.emit(""end"");
			})
			.delay(100)
			.then(() => {
				expect(FLOW).toEqual([
					{ id: 123, data: ""first record"" },
					{ id: 786, data: ""second record"" },
					""<END>""
				]);
			});
	});

	it(""should receive stream in objectMode & handle error"", () => {
		const FLOW = [];
		return b1.Promise.resolve()
			.then(() => b1.call(""db.query""))
			.then(res => {
				expect(res).toBeInstanceOf(Stream.Readable);
				expect(
					res.readableObjectMode === true ||
						(res._readableState && res._readableState.objectMode === true)
				).toBe(true);
				res.on(""data"", msg => FLOW.push(msg));
				res.on(""error"", err => FLOW.push(""<ERROR:"" + err.message + "">""));
				res.on(""end"", () => FLOW.push(""<END>""));
			})
			.then(() => stream.push({ id: 123, data: ""first record"" }))
			.delay(100)
			.then(() => {
				expect(FLOW).toEqual([{ id: 123, data: ""first record"" }]);
				stream.emit(""error"", new Error(""Something happened""));
			})
			.delay(100)
			.then(() => {
				expect(FLOW).toEqual([
					{ id: 123, data: ""first record"" },
					""<ERROR:Something happened>"",
					""<END>""
				]);
			});
	});
})",snuts
/test/integration/stream.spec.js,NonFunctionalStatement,"{'startLine':484,'endLine':484}","describe(""Test duplex streaming, result in objectMode"", () => {
	let b1 = new ServiceBroker({
		logger: false,
		namespace: ""test-6"",
		transporter: ""Fake"",
		nodeID: ""node-1""
	});

	let b2 = new ServiceBroker({
		logger: false,
		namespace: ""test-6"",
		transporter: ""Fake"",
		nodeID: ""node-2""
	});

	b2.createService({
		name: ""csv"",
		actions: {
			parse(ctx) {
				const pass = new Stream.Readable({
					objectMode: true,
					read() {}
				});

				// this fake parser only works if each chunk is exactly one line
				let line = 0;
				ctx.params.on(""data"", msg => pass.push({ line: ++line, data: msg }));
				ctx.params.on(""end"", () => pass.emit(""end""));
				ctx.params.on(""error"", err => pass.emit(""error"", err));
				return pass;
			}
		}
	});

	beforeAll(() => Promise.all([b1.start(), b2.start(), Promise.resolve().delay(2000)]));
	afterAll(() => Promise.all([b1.stop(), b2.stop()]));

	it(""should send & receive stream in objectMode"", () => {
		const FLOW = [];
		const stream = new Stream.Readable({
			objectMode: true,
			read() {}
		});

		return b1.Promise.resolve()
			.then(() => b1.call(""csv.parse"", stream))
			.then(res => {
				expect(res).toBeInstanceOf(Stream.Readable);
				expect(
					res.readableObjectMode === true ||
						(res._readableState && res._readableState.objectMode === true)
				).toBe(true);
				res.on(""data"", msg => FLOW.push(msg));
				res.on(""error"", err => FLOW.push(""<ERROR:"" + err.message + "">""));
				res.on(""end"", () => FLOW.push(""<END>""));
			})
			.then(() => stream.push({ id: 123, data: ""first record"" }))
			.delay(100)
			.then(() => {
				expect(FLOW).toEqual([{ line: 1, data: { id: 123, data: ""first record"" } }]);
				stream.push({ id: 786, data: ""second record"" });
			})
			.delay(100)
			.then(() => {
				expect(FLOW).toEqual([
					{ line: 1, data: { id: 123, data: ""first record"" } },
					{ line: 2, data: { id: 786, data: ""second record"" } }
				]);
				stream.emit(""end"");
			})
			.delay(100)
			.then(() => {
				expect(FLOW).toEqual([
					{ line: 1, data: { id: 123, data: ""first record"" } },
					{ line: 2, data: { id: 786, data: ""second record"" } },
					""<END>""
				]);
			});
	});

	it(""should receive stream in objectMode & handle error"", () => {
		const FLOW = [];
		const stream = new Stream.Readable({
			objectMode: true,
			read() {}
		});
		return b1.Promise.resolve()
			.then(() => b1.call(""csv.parse"", stream))
			.then(res => {
				expect(res).toBeInstanceOf(Stream.Readable);
				expect(
					res.readableObjectMode === true ||
						(res._readableState && res._readableState.objectMode === true)
				).toBe(true);
				res.on(""data"", msg => FLOW.push(msg));
				res.on(""error"", err => FLOW.push(""<ERROR:"" + err.message + "">""));
				res.on(""end"", () => FLOW.push(""<END>""));
			})
			.then(() => stream.push({ id: 123, data: ""first record"" }))
			.delay(100)
			.then(() => {
				expect(FLOW).toEqual([{ line: 1, data: { id: 123, data: ""first record"" } }]);
				stream.emit(""error"", new Error(""Something happened""));
			})
			.delay(100)
			.then(() => {
				expect(FLOW).toEqual([
					{ line: 1, data: { id: 123, data: ""first record"" } },
					""<ERROR:Something happened>"",
					""<END>""
				]);
			});
	});
})",snuts
/test/integration/stream.spec.js,NonFunctionalStatement,"{'startLine':504,'endLine':504}","it(""should send & receive stream in objectMode"", () => {
		const FLOW = [];
		const stream = new Stream.Readable({
			objectMode: true,
			read() {}
		});

		return b1.Promise.resolve()
			.then(() => b1.call(""csv.parse"", stream))
			.then(res => {
				expect(res).toBeInstanceOf(Stream.Readable);
				expect(
					res.readableObjectMode === true ||
						(res._readableState && res._readableState.objectMode === true)
				).toBe(true);
				res.on(""data"", msg => FLOW.push(msg));
				res.on(""error"", err => FLOW.push(""<ERROR:"" + err.message + "">""));
				res.on(""end"", () => FLOW.push(""<END>""));
			})
			.then(() => stream.push({ id: 123, data: ""first record"" }))
			.delay(100)
			.then(() => {
				expect(FLOW).toEqual([{ line: 1, data: { id: 123, data: ""first record"" } }]);
				stream.push({ id: 786, data: ""second record"" });
			})
			.delay(100)
			.then(() => {
				expect(FLOW).toEqual([
					{ line: 1, data: { id: 123, data: ""first record"" } },
					{ line: 2, data: { id: 786, data: ""second record"" } }
				]);
				stream.emit(""end"");
			})
			.delay(100)
			.then(() => {
				expect(FLOW).toEqual([
					{ line: 1, data: { id: 123, data: ""first record"" } },
					{ line: 2, data: { id: 786, data: ""second record"" } },
					""<END>""
				]);
			});
	})",snuts
/test/integration/stream.spec.js,NonFunctionalStatement,"{'startLine':547,'endLine':547}","it(""should receive stream in objectMode & handle error"", () => {
		const FLOW = [];
		const stream = new Stream.Readable({
			objectMode: true,
			read() {}
		});
		return b1.Promise.resolve()
			.then(() => b1.call(""csv.parse"", stream))
			.then(res => {
				expect(res).toBeInstanceOf(Stream.Readable);
				expect(
					res.readableObjectMode === true ||
						(res._readableState && res._readableState.objectMode === true)
				).toBe(true);
				res.on(""data"", msg => FLOW.push(msg));
				res.on(""error"", err => FLOW.push(""<ERROR:"" + err.message + "">""));
				res.on(""end"", () => FLOW.push(""<END>""));
			})
			.then(() => stream.push({ id: 123, data: ""first record"" }))
			.delay(100)
			.then(() => {
				expect(FLOW).toEqual([{ line: 1, data: { id: 123, data: ""first record"" } }]);
				stream.emit(""error"", new Error(""Something happened""));
			})
			.delay(100)
			.then(() => {
				expect(FLOW).toEqual([
					{ line: 1, data: { id: 123, data: ""first record"" } },
					""<ERROR:Something happened>"",
					""<END>""
				]);
			});
	})",snuts
/test/integration/service.lifecycle.spec.js,IdenticalTestDescription,"{'startLine':92,'endLine':101}","it(""should call event handler"", () => {
		broker.broadcastLocal(""user.created"", { id: 1, name: ""John"" });
		expect(eventHandler).toHaveBeenCalledTimes(1);
		expect(eventHandler).toHaveBeenCalledWith(
			{ id: 1, name: ""John"" },
			""node-1"",
			""user.created"",
			expect.any(broker.ContextFactory)
		);
	})",snuts
/test/integration/service.lifecycle.spec.js,IdenticalTestDescription,"{'startLine':103,'endLine':107}","it(""should call stop handler"", () => {
		return broker.stop().then(() => {
			expect(stoppedHandler).toHaveBeenCalledTimes(1);
		});
	})",snuts
/test/integration/service-mixins.spec.js,AnonymousTest,"{'startLine':721,'endLine':723}","it(""calling broker.stop"", () => {
		return broker.stop();
	})",snuts
/test/integration/retry.spec.js,IdenticalTestDescription,"{'startLine':104,'endLine':119}","it(""should retry local calls 3 times"", async () => {
			try {
				await broker0.call(""test.retry"");
				throw new Error(""Should throw error"");
			} catch (err) {
				expect(err).toBeInstanceOf(MoleculerRetryableError);
				expect(err.name).toBe(""MoleculerRetryableError"");
				expect(err.message).toBe(""Something happened"");
				expect(FLOW).toEqual([
					""CALL-broker-1-FROM-caller"",
					""CALL-broker-2-FROM-caller"",
					""CALL-broker-1-FROM-caller"",
					""CALL-broker-2-FROM-caller""
				]);
			}
		})",snuts
/test/integration/retry.spec.js,IdenticalTestDescription,"{'startLine':172,'endLine':187}","it(""should retry local calls 3 times"", async () => {
			try {
				await broker0.call(""test.retry"");
				throw new Error(""Should throw error"");
			} catch (err) {
				expect(err).toBeInstanceOf(MoleculerRetryableError);
				expect(err.name).toBe(""MoleculerRetryableError"");
				expect(err.message).toBe(""Something happened"");
				expect(FLOW).toEqual([
					""CALL-caller-FROM-caller"",
					""CALL-broker-1-FROM-caller"",
					""CALL-broker-2-FROM-caller"",
					""CALL-caller-FROM-caller""
				]);
			}
		})",snuts
/test/integration/registry.spec.js,AnonymousTest,"{'startLine':175,'endLine':200}","it(""stop node2"", () => {
		servicesChanged.mockClear();

		return node2
			.stop()
			.delay(2000)
			.then(() => {
				let infoNode2 = H.getNode(master, ""node-2"");
				expect(infoNode2).toBeDefined();
				expect(infoNode2.available).toBe(false);
				expect(H.hasService(master, ""payments"")).toBe(false);
				expect(H.getActionNodes(master, ""payments.charge"")).toEqual([]);
				expect(H.getActionNodes(master, ""payments.checkCard"")).toEqual([]);
				expect(H.getActionNodes(node1, ""payments.checkCard"")).toEqual([]);

				expect(H.getActionNodes(master, ""users.find"")).toEqual([""node-1""]);
				expect(H.getActionNodes(master, ""users.get"")).toEqual([""node-1""]);

				expect(H.getActionNodes(master, ""$node.list"")).toEqual([""master"", ""node-1""]);

				expect(H.getEventNodes(master, ""user.created"")).toEqual([""node-1""]);
				expect(H.getEventNodes(master, ""user.paid"")).toEqual([]);

				expect(servicesChanged).toHaveBeenCalledTimes(1);
			});
	})",snuts
/test/integration/registry.spec.js,NonFunctionalStatement,"{'startLine':34,'endLine':34}",Unknown,snuts
/test/integration/registry.spec.js,NonFunctionalStatement,"{'startLine':35,'endLine':35}",Unknown,snuts
/test/integration/registry.spec.js,NonFunctionalStatement,"{'startLine':42,'endLine':42}",Unknown,snuts
/test/integration/registry.spec.js,NonFunctionalStatement,"{'startLine':43,'endLine':43}",Unknown,snuts
/test/integration/registry.spec.js,NonFunctionalStatement,"{'startLine':47,'endLine':47}",Unknown,snuts
/test/integration/registry.spec.js,NonFunctionalStatement,"{'startLine':48,'endLine':48}",Unknown,snuts
/test/integration/registry.spec.js,NonFunctionalStatement,"{'startLine':55,'endLine':55}",Unknown,snuts
/test/integration/registry.spec.js,NonFunctionalStatement,"{'startLine':57,'endLine':57}",Unknown,snuts
/test/integration/registry.spec.js,NonFunctionalStatement,"{'startLine':61,'endLine':61}",Unknown,snuts
/test/integration/registry.spec.js,NonFunctionalStatement,"{'startLine':63,'endLine':63}",Unknown,snuts
/test/integration/registry.spec.js,NonFunctionalStatement,"{'startLine':70,'endLine':70}",Unknown,snuts
/test/integration/registry.spec.js,NonFunctionalStatement,"{'startLine':71,'endLine':71}",Unknown,snuts
/test/integration/registry.spec.js,NonFunctionalStatement,"{'startLine':75,'endLine':75}",Unknown,snuts
/test/integration/registry.spec.js,NonFunctionalStatement,"{'startLine':82,'endLine':82}",Unknown,snuts
/test/integration/registry.spec.js,SubOptimalAssert,"{'startLine':152,'endLine':152}","it(""start node2 with userService & payment service"", () => {
		servicesChanged.mockClear();

		return node2
			.start()
			.delay(2000)
			.then(() => {
				let node2 = H.getNode(master, ""node-2"");
				expect(node2).toBeDefined();
				expect(node2.available).toBe(true);
				expect(node2.services.length).toBe(3);

				expect(H.hasService(master, ""payments"")).toBe(true);
				expect(H.hasAction(master, ""payments.charge"")).toBe(true);
				expect(H.hasAction(master, ""payments.checkCard"")).toBe(true);
				expect(H.hasAction(node1, ""payments.checkCard"")).toBe(true);

				expect(H.getActionNodes(master, ""users.find"")).toEqual([""node-1"", ""node-2""]);
				expect(H.getActionNodes(master, ""users.get"")).toEqual([""node-1"", ""node-2""]);

				expect(H.getActionNodes(master, ""$node.list"")).toEqual([
					""master"",
					""node-1"",
					""node-2""
				]);

				expect(H.getEventNodes(master, ""user.created"")).toEqual([""node-1"", ""node-2""]);
				expect(H.getEventNodes(master, ""user.paid"")).toEqual([""node-2""]);

				expect(servicesChanged).toHaveBeenCalledTimes(1);
			});
	})",snuts
/test/integration/registry.spec.js,SubOptimalAssert,"{'startLine':216,'endLine':216}","it(""node2 recreate with posts, paymentMod"", () => {
		servicesChanged.mockClear();

		node2 = H.createNode({ namespace: ""first"", nodeID: ""node-2"" }, [
			paymentModService,
			postService
		]);

		return node2
			.start()
			.delay(2000)
			.then(() => {
				let infoNode2 = H.getNode(master, ""node-2"");
				expect(infoNode2).toBeDefined();
				expect(infoNode2.services.length).toBe(3);
				expect(infoNode2.available).toBe(true);
				expect(H.hasService(master, ""payments"")).toBe(true);
				expect(H.getActionNodes(master, ""payments.charge"")).toEqual([""node-2""]);
				expect(H.getActionNodes(master, ""payments.checkCreditCard"")).toEqual([""node-2""]);
				expect(H.getActionNodes(master, ""payments.checkCard"")).toEqual([]);
				expect(H.isActionAvailable(master, ""payments.checkCard"")).toBe(false);

				expect(H.getActionNodes(master, ""users.find"")).toEqual([""node-1""]);
				expect(H.getActionNodes(master, ""users.get"")).toEqual([""node-1""]);

				expect(H.getEventNodes(master, ""user.created"")).toEqual([""node-1"", ""node-2""]);
				expect(H.getEventNodes(master, ""user.paid"")).toEqual([]);
				expect(H.getEventNodes(master, ""payment.done"")).toEqual([""node-2""]);

				expect(servicesChanged).toHaveBeenCalledTimes(1);
			});
	})",snuts
/test/integration/middlewares.spec.js,IdenticalTestDescription,"{'startLine':198,'endLine':200}","it(""should register plugins"", () => {
			expect(broker.middlewares.count()).toBe(3);
		})",snuts
/test/integration/middlewares.spec.js,IdenticalTestDescription,"{'startLine':275,'endLine':277}","it(""should register plugins"", () => {
			expect(broker.middlewares.count()).toBe(3);
		})",snuts
/test/integration/middlewares.spec.js,IdenticalTestDescription,"{'startLine':279,'endLine':287}","it(""should call only mw1 & mw2 middlewares functions"", () => {
			let p = broker.call(""test.foo"");
			expect(utils.isPromise(p)).toBe(true);
			return p.then(res => {
				expect(res).toEqual({ user: ""bobcsi"" });
				expect(master).toHaveBeenCalledTimes(0);
				expect(flow.join(""-"")).toBe(""B1-B2-B2P-A1"");
			});
		})",snuts
/test/integration/middlewares.spec.js,IdenticalTestDescription,"{'startLine':336,'endLine':343}","it(""should call only mw1 & mw2 middlewares functions"", () => {
			let p = broker.call(""test.foo"");
			expect(utils.isPromise(p)).toBe(true);
			return p.catch(err => {
				expect(err.message).toEqual(""Something happened in mw2"");
				expect(flow.join(""-"")).toBe(""B1-B2"");
			});
		})",snuts
/test/integration/middlewares.spec.js,VerboseStatement,"{'startLine':808,'endLine':851}","it(""--- create broker with transporter"", () => {
		mw1.created = null;
		mw1.starting = null;
		mw1.started = null;
		mw1.stopping = null;
		mw1.stopped = null;
		mw2.created = null;
		mw2.starting = null;
		mw2.started = null;
		mw2.stopping = null;
		mw2.stopped = null;

		broker = new ServiceBroker({
			logger: false,
			nodeID: ""node-1"",
			transporter: ""Fake"",
			internalMiddlewares: false,
			middlewares: [mw1, mw2]
		});
		const broker2 = new ServiceBroker({
			logger: false,
			nodeID: ""node-2"",
			transporter: ""Fake"",
			internalMiddlewares: false,
			middlewares: [mw1, mw2]
		});
		broker2.createService({
			name: ""greeter"",
			actions: {
				hello(ctx) {
					FLOW.push(`svc-${ctx.action.name}-${ctx.params.name}`);
					return `Hello ${ctx.params.name}!`;
				}
			}
		});

		return Promise.all([broker.start(), broker2.start()]).delay(
			2000
		) /*.catch(protectReject).then(() => {
			expect(FLOW).toEqual([

			]);
		})*/;
	})",snuts
/test/integration/event-balancer.spec.js,IdenticalTestDescription,"{'startLine':314,'endLine':317}","it(""send a 'user.created' event with balancing #1"", () => {
		master.emit(""user.created"");
		expect(flow).toEqual([""master-payment-uc"", ""master-users-uc""]);
	})",snuts
/test/integration/event-balancer.spec.js,IdenticalTestDescription,"{'startLine':319,'endLine':322}","it(""send a 'user.created' event with balancing #2"", () => {
		master.emit(""user.created"");
		expect(flow).toEqual([""master-stripe-uc"", ""master-users-uc""]);
	})",snuts
/test/integration/event-balancer.spec.js,IdenticalTestDescription,"{'startLine':331,'endLine':336}","it(""send a 'user.created' event with balancing #1"", () => {
		master.registry.opts.preferLocal = false;
		nodePay1.registry.opts.preferLocal = false;
		master.emit(""user.created"");
		expect(flow).toEqual([""master-stripe-uc"", ""master-users-uc""]);
	})",snuts
/test/integration/event-balancer.spec.js,IdenticalTestDescription,"{'startLine':338,'endLine':341}","it(""send a 'user.created' event with balancing #2"", () => {
		master.emit(""user.created"");
		expect(flow).toEqual([""master-users-uc"", ""pay-1-payment-uc""]);
	})",snuts
/test/integration/event-balancer.spec.js,IdenticalTestDescription,"{'startLine':355,'endLine':364}","it(""broadcast a 'user.created' event to all nodes & services"", () => {
		master.broadcast(""user.created"");
		expect(flow).toEqual([
			""pay-1-payment-uc"",
			""pay-1-stripe-uc"",
			""master-payment-uc"",
			""master-stripe-uc"",
			""master-users-uc""
		]);
	})",snuts
/test/integration/event-balancer.spec.js,IdenticalTestDescription,"{'startLine':366,'endLine':374}","it(""broadcast a 'user.created' event to filtered group"", () => {
		master.broadcast(""user.created"", null, ""payment"");
		expect(flow).toEqual([
			""pay-1-payment-uc"",
			""pay-1-stripe-uc"",
			""master-payment-uc"",
			""master-stripe-uc""
		]);
	})",snuts
/test/integration/event-balancer.spec.js,IdenticalTestDescription,"{'startLine':376,'endLine':384}","it(""broadcast a 'user.created' event to filtered groups"", () => {
		master.broadcast(""user.created"", null, [""payment""]);
		expect(flow).toEqual([
			""pay-1-payment-uc"",
			""pay-1-stripe-uc"",
			""master-payment-uc"",
			""master-stripe-uc""
		]);
	})",snuts
/test/integration/broker.spec.js,IdenticalTestDescription,"{'startLine':347,'endLine':354}","it(""should NOT call action handler because the cache is loaded"", () => {
		handler.mockClear();

		return broker.call(""user.get"").then(res => {
			expect(res).toBe(""Action result"");
			expect(handler).toHaveBeenCalledTimes(0);
		});
	})",snuts
/test/integration/broker.spec.js,ConditionalTestLogic,"{'startLine':65,'endLine':67}","it(""should create service from ES6 instance without schema mods"", () => {
		const handler = jest.fn();

		class ES6Service extends Service {
			constructor(broker, schemaMods) {
				super(broker);

				this.name = ""es6-without-schema-mods"";
				this.version = 2;
				this.actions = {
					send: handler
				};

				if (schemaMods && schemaMods.version) {
					this.version = schemaMods.version;
				}

				this.parseServiceSchema(Object.assign({}, this));
			}
		}

		broker.createService(ES6Service);

		return broker
			.start()
			.catch(protectReject)
			.then(() => {
				expect(broker.getLocalService(""es6-without-schema-mods"", 2)).toBeDefined();
				expect(broker.registry.actions.isAvailable(""v2.es6-without-schema-mods.send"")).toBe(
					true
				);
			})
			.then(() => {
				return broker.call(""v2.es6-without-schema-mods.send"").then(() => {
					expect(handler).toHaveBeenCalledTimes(1);
				});
			})
			.catch(protectReject)
			.then(() => broker.stop());
	})",snuts
/test/integration/broker.spec.js,ConditionalTestLogic,"{'startLine':106,'endLine':108}","it(""should create service from ES6 instance with schema mods"", () => {
		const handler = jest.fn();

		class ES6Service extends Service {
			constructor(broker, schemaMods) {
				super(broker);

				this.name = ""es6-with-schema-mods"";
				this.version = 2;
				this.actions = {
					send: handler
				};

				if (schemaMods && schemaMods.version) {
					this.version = schemaMods.version;
				}

				this.parseServiceSchema(Object.assign({}, this));
			}
		}

		broker.createService(ES6Service, { version: 3 });

		return broker
			.start()
			.catch(protectReject)
			.then(() => {
				expect(broker.getLocalService(""es6-with-schema-mods"", 3)).toBeDefined();
				expect(broker.registry.actions.isAvailable(""v3.es6-with-schema-mods.send"")).toBe(
					true
				);
			})
			.then(() => {
				return broker.call(""v3.es6-with-schema-mods.send"").then(() => {
					expect(handler).toHaveBeenCalledTimes(1);
				});
			})
			.catch(protectReject)
			.then(() => broker.stop());
	})",snuts
/test/integration/broker-transit.spec.js,SubOptimalAssert,"{'startLine':104,'endLine':104}","it(""should have event listener for emitter.some.thing"", () => {
		expect(b1.hasEventListener(""emitter.some.thing"")).toBe(true);
		expect(b2.hasEventListener(""emitter.some.thing"")).toBe(true);

		let res = b1.getEventListeners(""emitter.some.thing"");
		expect(res.length).toBe(1);
		expect(res[0].id).toBe(""node-1"");
		expect(res[0].event.name).toBe(""emitter.**"");

		res = b2.getEventListeners(""emitter.some.thing"");
		expect(res.length).toBe(1);
		expect(res[0].id).toBe(""node-1"");
		expect(res[0].event.name).toBe(""emitter.**"");
	})",snuts
/test/integration/broker-transit.spec.js,SubOptimalAssert,"{'startLine':109,'endLine':109}","it(""should have event listener for emitter.some.thing"", () => {
		expect(b1.hasEventListener(""emitter.some.thing"")).toBe(true);
		expect(b2.hasEventListener(""emitter.some.thing"")).toBe(true);

		let res = b1.getEventListeners(""emitter.some.thing"");
		expect(res.length).toBe(1);
		expect(res[0].id).toBe(""node-1"");
		expect(res[0].event.name).toBe(""emitter.**"");

		res = b2.getEventListeners(""emitter.some.thing"");
		expect(res.length).toBe(1);
		expect(res[0].id).toBe(""node-1"");
		expect(res[0].event.name).toBe(""emitter.**"");
	})",snuts
/test/integration/broker-transit.spec.js,SubOptimalAssert,"{'startLine':119,'endLine':119}","it(""should not have event listener for other.some.thing"", () => {
		expect(b1.hasEventListener(""other.some.thing"")).toBe(false);
		expect(b2.hasEventListener(""other.some.thing"")).toBe(false);

		let res = b1.getEventListeners(""other.some.thing"");
		expect(res.length).toBe(0);

		res = b2.getEventListeners(""other.some.thing"");
		expect(res.length).toBe(0);
	})",snuts
/test/integration/broker-transit.spec.js,SubOptimalAssert,"{'startLine':122,'endLine':122}","it(""should not have event listener for other.some.thing"", () => {
		expect(b1.hasEventListener(""other.some.thing"")).toBe(false);
		expect(b2.hasEventListener(""other.some.thing"")).toBe(false);

		let res = b1.getEventListeners(""other.some.thing"");
		expect(res.length).toBe(0);

		res = b2.getEventListeners(""other.some.thing"");
		expect(res.length).toBe(0);
	})",snuts
/test/integration/broker-internal.spec.js,NonFunctionalStatement,"{'startLine':23,'endLine':23}","describe(""Test internal services"", () => {
	const broker = new ServiceBroker({
		nodeID: ""node-master"",
		logger: false,
		transporter: null,
		internalServices: true,
		metrics: true,
		metadata: { a: 5 }
	});

	broker.createService({
		name: ""greeter"",
		settings: {
			anonymous: ""John""
		},
		metadata: {
			scaling: true
		},
		actions: {
			hello() {},
			welcome: {
				cache: true,
				params: {
					name: { type: ""string"" }
				},
				handler() {}
			}
		},
		events: {
			""say.hi""() {},
			""say.hello""() {}
		}
	});

	broker.createService({
		name: ""echo"",
		version: ""alpha"",
		actions: {
			reply() {}
		}
	});

	beforeAll(() => Promise.all([broker.start()]));
	afterAll(() => Promise.all([broker.stop()]));

	it(""should register $node internal actions"", () => {
		expect(broker.registry.actions.isAvailable(""$node.list"")).toBe(true);
		expect(broker.registry.actions.isAvailable(""$node.services"")).toBe(true);
		expect(broker.registry.actions.isAvailable(""$node.actions"")).toBe(true);
		expect(broker.registry.actions.isAvailable(""$node.events"")).toBe(true);
		expect(broker.registry.actions.isAvailable(""$node.health"")).toBe(true);
	});

	it(""should return node list"", () => {
		const localNode = broker.registry.nodes.localNode;

		return broker.call(""$node.list"").then(res => {
			expect(res).toEqual([
				{
					available: true,
					client: {
						langVersion: process.version,
						type: ""nodejs"",
						version: broker.MOLECULER_VERSION
					},
					config: {},
					cpu: null,
					cpuSeq: null,
					id: ""node-master"",
					instanceID: localNode.instanceID,
					ipList: localNode.ipList,
					hostname: hostname(),
					lastHeartbeatTime: localNode.lastHeartbeatTime,
					offlineSince: null,
					port: null,
					seq: localNode.seq,
					local: true,
					metadata: { a: 5 },
					udpAddress: null
				}
			]);
		});
	});

	it(""should return service list"", () => {
		return broker.call(""$node.services"").then(res => {
			expect(res).toEqual([
				{
					name: ""$node"",
					nodes: [""node-master""],
					settings: {},
					metadata: {},
					version: undefined,
					fullName: ""$node"",
					local: true,
					available: true
				},
				{
					name: ""greeter"",
					nodes: [""node-master""],
					settings: {
						anonymous: ""John""
					},
					metadata: {
						scaling: true
					},
					version: undefined,
					fullName: ""greeter"",
					local: true,
					available: true
				},
				{
					name: ""echo"",
					nodes: [""node-master""],
					settings: {},
					metadata: {},
					version: ""alpha"",
					fullName: ""alpha.echo"",
					local: true,
					available: true
				}
			]);
		});
	});

	it(""should return service list (skipInternal, withActions)"", () => {
		return broker
			.call(""$node.services"", { skipInternal: true, withActions: true })
			.then(res => {
				expect(res).toEqual([
					{
						actions: {
							""greeter.hello"": {
								name: ""greeter.hello"",
								rawName: ""hello""
							},
							""greeter.welcome"": {
								cache: true,
								name: ""greeter.welcome"",
								rawName: ""welcome"",
								params: {
									name: {
										type: ""string""
									}
								}
							}
						},
						name: ""greeter"",
						nodes: [""node-master""],
						settings: {
							anonymous: ""John""
						},
						metadata: {
							scaling: true
						},
						version: undefined,
						fullName: ""greeter"",
						local: true,
						available: true
					},
					{
						actions: {
							""alpha.echo.reply"": {
								name: ""alpha.echo.reply"",
								rawName: ""reply""
							}
						},
						name: ""echo"",
						nodes: [""node-master""],
						settings: {},
						metadata: {},
						version: ""alpha"",
						fullName: ""alpha.echo"",
						local: true,
						available: true
					}
				]);
			});
	});

	it(""should return action list"", () => {
		return broker.call(""$node.actions"").then(res => {
			expect(res).toEqual([
				{
					action: {
						tracing: false,
						cache: false,
						name: ""$node.list"",
						rawName: ""list"",
						params: {
							onlyAvailable: {
								optional: true,
								type: ""boolean"",
								convert: true,
								default: false
							},
							withServices: {
								optional: true,
								type: ""boolean"",
								convert: true,
								default: false
							}
						}
					},
					available: true,
					count: 1,
					hasLocal: true,
					name: ""$node.list""
				},
				{
					action: {
						tracing: false,
						cache: false,
						name: ""$node.services"",
						rawName: ""services"",
						params: {
							onlyLocal: {
								optional: true,
								type: ""boolean"",
								convert: true,
								default: false
							},
							onlyAvailable: {
								optional: true,
								type: ""boolean"",
								convert: true,
								default: false
							},
							skipInternal: {
								optional: true,
								type: ""boolean"",
								convert: true,
								default: false
							},
							withActions: {
								optional: true,
								type: ""boolean"",
								convert: true,
								default: false
							},
							withEvents: {
								optional: true,
								type: ""boolean"",
								convert: true,
								default: false
							},
							grouping: {
								optional: true,
								type: ""boolean"",
								convert: true,
								default: true
							}
						}
					},
					available: true,
					count: 1,
					hasLocal: true,
					name: ""$node.services""
				},
				{
					action: {
						tracing: false,
						cache: false,
						name: ""$node.actions"",
						rawName: ""actions"",
						params: {
							onlyLocal: {
								optional: true,
								type: ""boolean"",
								convert: true,
								default: false
							},
							onlyAvailable: {
								optional: true,
								type: ""boolean"",
								convert: true,
								default: false
							},
							skipInternal: {
								optional: true,
								type: ""boolean"",
								convert: true,
								default: false
							},
							withEndpoints: {
								optional: true,
								type: ""boolean"",
								convert: true,
								default: false
							}
						}
					},
					available: true,
					count: 1,
					hasLocal: true,
					name: ""$node.actions""
				},
				{
					action: {
						tracing: false,
						cache: false,
						name: ""$node.events"",
						rawName: ""events"",
						params: {
							onlyLocal: {
								optional: true,
								type: ""boolean"",
								convert: true,
								default: false
							},
							onlyAvailable: {
								optional: true,
								type: ""boolean"",
								convert: true,
								default: false
							},
							skipInternal: {
								optional: true,
								type: ""boolean"",
								convert: true,
								default: false
							},
							withEndpoints: {
								optional: true,
								type: ""boolean"",
								convert: true,
								default: false
							}
						}
					},
					available: true,
					count: 1,
					hasLocal: true,
					name: ""$node.events""
				},
				{
					action: {
						tracing: false,
						cache: false,
						name: ""$node.health"",
						rawName: ""health""
					},
					available: true,
					count: 1,
					hasLocal: true,
					name: ""$node.health""
				},
				{
					action: {
						tracing: false,
						cache: false,
						name: ""$node.options"",
						rawName: ""options"",
						params: {}
					},
					available: true,
					count: 1,
					hasLocal: true,
					name: ""$node.options""
				},
				{
					action: {
						tracing: false,
						cache: false,
						name: ""$node.metrics"",
						rawName: ""metrics"",
						params: {
							types: {
								type: ""multi"",
								optional: true,
								rules: [{ type: ""string"" }, { type: ""array"", items: ""string"" }]
							},
							includes: {
								type: ""multi"",
								optional: true,
								rules: [{ type: ""string"" }, { type: ""array"", items: ""string"" }]
							},
							excludes: {
								type: ""multi"",
								optional: true,
								rules: [{ type: ""string"" }, { type: ""array"", items: ""string"" }]
							}
						}
					},
					available: true,
					count: 1,
					hasLocal: true,
					name: ""$node.metrics""
				},
				{
					action: {
						name: ""greeter.hello"",
						rawName: ""hello""
					},
					available: true,
					count: 1,
					hasLocal: true,
					name: ""greeter.hello""
				},
				{
					action: {
						cache: true,
						name: ""greeter.welcome"",
						rawName: ""welcome"",
						params: {
							name: {
								type: ""string""
							}
						}
					},
					available: true,
					count: 1,
					hasLocal: true,
					name: ""greeter.welcome""
				},
				{
					action: {
						name: ""alpha.echo.reply"",
						rawName: ""reply""
					},
					available: true,
					count: 1,
					hasLocal: true,
					name: ""alpha.echo.reply""
				}
			]);
		});
	});

	it(""should return action list (skipInternal, withEndpoints)"", () => {
		return broker
			.call(""$node.actions"", { skipInternal: true, withEndpoints: true })
			.then(res => {
				expect(res).toEqual([
					{
						action: {
							name: ""greeter.hello"",
							rawName: ""hello""
						},
						available: true,
						count: 1,
						endpoints: [
							{
								available: true,
								nodeID: ""node-master"",
								state: true
							}
						],
						hasLocal: true,
						name: ""greeter.hello""
					},
					{
						action: {
							cache: true,
							name: ""greeter.welcome"",
							rawName: ""welcome"",
							params: {
								name: {
									type: ""string""
								}
							}
						},
						available: true,
						count: 1,
						endpoints: [
							{
								available: true,
								nodeID: ""node-master"",
								state: true
							}
						],
						hasLocal: true,
						name: ""greeter.welcome""
					},
					{
						action: {
							name: ""alpha.echo.reply"",
							rawName: ""reply""
						},
						available: true,
						count: 1,
						endpoints: [
							{
								available: true,
								nodeID: ""node-master"",
								state: true
							}
						],
						hasLocal: true,
						name: ""alpha.echo.reply""
					}
				]);
			});
	});

	it(""should return event list"", () => {
		return broker.call(""$node.events"").then(res => {
			expect(res).toEqual([
				{
					available: true,
					count: 1,
					event: {
						name: ""say.hi""
					},
					group: ""greeter"",
					hasLocal: true,
					name: ""say.hi""
				},
				{
					available: true,
					count: 1,
					event: {
						name: ""say.hello""
					},
					group: ""greeter"",
					hasLocal: true,
					name: ""say.hello""
				}
			]);
		});
	});

	it(""should return event list (withEndpoints)"", () => {
		return broker.call(""$node.events"", { withEndpoints: true }).then(res => {
			expect(res).toEqual([
				{
					available: true,
					count: 1,
					endpoints: [
						{
							available: true,
							nodeID: ""node-master"",
							state: true
						}
					],
					event: {
						name: ""say.hi""
					},
					group: ""greeter"",
					hasLocal: true,
					name: ""say.hi""
				},
				{
					available: true,
					count: 1,
					endpoints: [
						{
							available: true,
							nodeID: ""node-master"",
							state: true
						}
					],
					event: {
						name: ""say.hello""
					},
					group: ""greeter"",
					hasLocal: true,
					name: ""say.hello""
				}
			]);
		});
	});

	it(""should return health of node"", () => {
		return broker.call(""$node.health"").then(res => {
			expect(res).toBeDefined();
			expect(res.cpu).toBeDefined();
			expect(res.cpu.load1).toBeDefined();
			expect(res.cpu.load5).toBeDefined();
			expect(res.cpu.load15).toBeDefined();
			expect(res.cpu.cores).toBeDefined();
			expect(res.cpu.utilization).toBeDefined();

			expect(res.mem).toBeDefined();
			expect(res.mem.free).toBeDefined();
			expect(res.mem.total).toBeDefined();
			expect(res.mem.percent).toBeDefined();

			expect(res.os).toBeDefined();
			expect(res.os.uptime).toBeDefined();
			expect(res.os.type).toBeDefined();
			expect(res.os.release).toBeDefined();
			expect(res.os.hostname).toBeDefined();
			expect(res.os.arch).toBeDefined();
			expect(res.os.platform).toBeDefined();
			expect(res.os.user).toBeDefined();
			expect(res.net).toBeDefined();
			expect(res.net.ip).toBeDefined();
			expect(res.client).toBeDefined();
			expect(res.process).toBeDefined();
			expect(res.process.pid).toBeDefined();
			expect(res.process.memory).toBeDefined();
			expect(res.process.uptime).toBeDefined();
			expect(res.process.argv).toBeDefined();
			expect(res.time).toBeDefined();
			expect(res.time.now).toBeDefined();
			expect(res.time.iso).toBeDefined();
			expect(res.time.utc).toBeDefined();
		});
	});

	it(""should return metrics"", () => {
		return broker
			.call(""$node.metrics"", {
				includes: [""moleculer.broker.**""]
			})
			.then(res => {
				expect(res).toEqual([
					{
						description: ""Moleculer namespace"",
						labelNames: [],
						name: ""moleculer.broker.namespace"",
						type: ""info"",
						unit: undefined,
						values: [
							{
								key: """",
								labels: {},
								timestamp: expect.any(Number),
								value: """"
							}
						]
					},
					{
						description: ""ServiceBroker started"",
						labelNames: [],
						name: ""moleculer.broker.started"",
						type: ""gauge"",
						unit: undefined,
						values: [
							{
								key: """",
								labels: {},
								timestamp: expect.any(Number),
								value: 1
							}
						]
					},
					{
						description: ""Number of local services"",
						labelNames: [],
						name: ""moleculer.broker.local.services.total"",
						type: ""gauge"",
						unit: undefined,
						values: [
							{
								key: """",
								labels: {},
								timestamp: expect.any(Number),
								value: 3
							}
						]
					},
					{
						description: ""Number of local middlewares"",
						labelNames: [],
						name: ""moleculer.broker.middlewares.total"",
						type: ""gauge"",
						unit: undefined,
						values: [
							{
								key: """",
								labels: {},
								timestamp: expect.any(Number),
								value: 13
							}
						]
					}
				]);
			});
	});
})",snuts
/test/integration/broker-internal.spec.js,NonFunctionalStatement,"{'startLine':29,'endLine':29}","describe(""Test internal services"", () => {
	const broker = new ServiceBroker({
		nodeID: ""node-master"",
		logger: false,
		transporter: null,
		internalServices: true,
		metrics: true,
		metadata: { a: 5 }
	});

	broker.createService({
		name: ""greeter"",
		settings: {
			anonymous: ""John""
		},
		metadata: {
			scaling: true
		},
		actions: {
			hello() {},
			welcome: {
				cache: true,
				params: {
					name: { type: ""string"" }
				},
				handler() {}
			}
		},
		events: {
			""say.hi""() {},
			""say.hello""() {}
		}
	});

	broker.createService({
		name: ""echo"",
		version: ""alpha"",
		actions: {
			reply() {}
		}
	});

	beforeAll(() => Promise.all([broker.start()]));
	afterAll(() => Promise.all([broker.stop()]));

	it(""should register $node internal actions"", () => {
		expect(broker.registry.actions.isAvailable(""$node.list"")).toBe(true);
		expect(broker.registry.actions.isAvailable(""$node.services"")).toBe(true);
		expect(broker.registry.actions.isAvailable(""$node.actions"")).toBe(true);
		expect(broker.registry.actions.isAvailable(""$node.events"")).toBe(true);
		expect(broker.registry.actions.isAvailable(""$node.health"")).toBe(true);
	});

	it(""should return node list"", () => {
		const localNode = broker.registry.nodes.localNode;

		return broker.call(""$node.list"").then(res => {
			expect(res).toEqual([
				{
					available: true,
					client: {
						langVersion: process.version,
						type: ""nodejs"",
						version: broker.MOLECULER_VERSION
					},
					config: {},
					cpu: null,
					cpuSeq: null,
					id: ""node-master"",
					instanceID: localNode.instanceID,
					ipList: localNode.ipList,
					hostname: hostname(),
					lastHeartbeatTime: localNode.lastHeartbeatTime,
					offlineSince: null,
					port: null,
					seq: localNode.seq,
					local: true,
					metadata: { a: 5 },
					udpAddress: null
				}
			]);
		});
	});

	it(""should return service list"", () => {
		return broker.call(""$node.services"").then(res => {
			expect(res).toEqual([
				{
					name: ""$node"",
					nodes: [""node-master""],
					settings: {},
					metadata: {},
					version: undefined,
					fullName: ""$node"",
					local: true,
					available: true
				},
				{
					name: ""greeter"",
					nodes: [""node-master""],
					settings: {
						anonymous: ""John""
					},
					metadata: {
						scaling: true
					},
					version: undefined,
					fullName: ""greeter"",
					local: true,
					available: true
				},
				{
					name: ""echo"",
					nodes: [""node-master""],
					settings: {},
					metadata: {},
					version: ""alpha"",
					fullName: ""alpha.echo"",
					local: true,
					available: true
				}
			]);
		});
	});

	it(""should return service list (skipInternal, withActions)"", () => {
		return broker
			.call(""$node.services"", { skipInternal: true, withActions: true })
			.then(res => {
				expect(res).toEqual([
					{
						actions: {
							""greeter.hello"": {
								name: ""greeter.hello"",
								rawName: ""hello""
							},
							""greeter.welcome"": {
								cache: true,
								name: ""greeter.welcome"",
								rawName: ""welcome"",
								params: {
									name: {
										type: ""string""
									}
								}
							}
						},
						name: ""greeter"",
						nodes: [""node-master""],
						settings: {
							anonymous: ""John""
						},
						metadata: {
							scaling: true
						},
						version: undefined,
						fullName: ""greeter"",
						local: true,
						available: true
					},
					{
						actions: {
							""alpha.echo.reply"": {
								name: ""alpha.echo.reply"",
								rawName: ""reply""
							}
						},
						name: ""echo"",
						nodes: [""node-master""],
						settings: {},
						metadata: {},
						version: ""alpha"",
						fullName: ""alpha.echo"",
						local: true,
						available: true
					}
				]);
			});
	});

	it(""should return action list"", () => {
		return broker.call(""$node.actions"").then(res => {
			expect(res).toEqual([
				{
					action: {
						tracing: false,
						cache: false,
						name: ""$node.list"",
						rawName: ""list"",
						params: {
							onlyAvailable: {
								optional: true,
								type: ""boolean"",
								convert: true,
								default: false
							},
							withServices: {
								optional: true,
								type: ""boolean"",
								convert: true,
								default: false
							}
						}
					},
					available: true,
					count: 1,
					hasLocal: true,
					name: ""$node.list""
				},
				{
					action: {
						tracing: false,
						cache: false,
						name: ""$node.services"",
						rawName: ""services"",
						params: {
							onlyLocal: {
								optional: true,
								type: ""boolean"",
								convert: true,
								default: false
							},
							onlyAvailable: {
								optional: true,
								type: ""boolean"",
								convert: true,
								default: false
							},
							skipInternal: {
								optional: true,
								type: ""boolean"",
								convert: true,
								default: false
							},
							withActions: {
								optional: true,
								type: ""boolean"",
								convert: true,
								default: false
							},
							withEvents: {
								optional: true,
								type: ""boolean"",
								convert: true,
								default: false
							},
							grouping: {
								optional: true,
								type: ""boolean"",
								convert: true,
								default: true
							}
						}
					},
					available: true,
					count: 1,
					hasLocal: true,
					name: ""$node.services""
				},
				{
					action: {
						tracing: false,
						cache: false,
						name: ""$node.actions"",
						rawName: ""actions"",
						params: {
							onlyLocal: {
								optional: true,
								type: ""boolean"",
								convert: true,
								default: false
							},
							onlyAvailable: {
								optional: true,
								type: ""boolean"",
								convert: true,
								default: false
							},
							skipInternal: {
								optional: true,
								type: ""boolean"",
								convert: true,
								default: false
							},
							withEndpoints: {
								optional: true,
								type: ""boolean"",
								convert: true,
								default: false
							}
						}
					},
					available: true,
					count: 1,
					hasLocal: true,
					name: ""$node.actions""
				},
				{
					action: {
						tracing: false,
						cache: false,
						name: ""$node.events"",
						rawName: ""events"",
						params: {
							onlyLocal: {
								optional: true,
								type: ""boolean"",
								convert: true,
								default: false
							},
							onlyAvailable: {
								optional: true,
								type: ""boolean"",
								convert: true,
								default: false
							},
							skipInternal: {
								optional: true,
								type: ""boolean"",
								convert: true,
								default: false
							},
							withEndpoints: {
								optional: true,
								type: ""boolean"",
								convert: true,
								default: false
							}
						}
					},
					available: true,
					count: 1,
					hasLocal: true,
					name: ""$node.events""
				},
				{
					action: {
						tracing: false,
						cache: false,
						name: ""$node.health"",
						rawName: ""health""
					},
					available: true,
					count: 1,
					hasLocal: true,
					name: ""$node.health""
				},
				{
					action: {
						tracing: false,
						cache: false,
						name: ""$node.options"",
						rawName: ""options"",
						params: {}
					},
					available: true,
					count: 1,
					hasLocal: true,
					name: ""$node.options""
				},
				{
					action: {
						tracing: false,
						cache: false,
						name: ""$node.metrics"",
						rawName: ""metrics"",
						params: {
							types: {
								type: ""multi"",
								optional: true,
								rules: [{ type: ""string"" }, { type: ""array"", items: ""string"" }]
							},
							includes: {
								type: ""multi"",
								optional: true,
								rules: [{ type: ""string"" }, { type: ""array"", items: ""string"" }]
							},
							excludes: {
								type: ""multi"",
								optional: true,
								rules: [{ type: ""string"" }, { type: ""array"", items: ""string"" }]
							}
						}
					},
					available: true,
					count: 1,
					hasLocal: true,
					name: ""$node.metrics""
				},
				{
					action: {
						name: ""greeter.hello"",
						rawName: ""hello""
					},
					available: true,
					count: 1,
					hasLocal: true,
					name: ""greeter.hello""
				},
				{
					action: {
						cache: true,
						name: ""greeter.welcome"",
						rawName: ""welcome"",
						params: {
							name: {
								type: ""string""
							}
						}
					},
					available: true,
					count: 1,
					hasLocal: true,
					name: ""greeter.welcome""
				},
				{
					action: {
						name: ""alpha.echo.reply"",
						rawName: ""reply""
					},
					available: true,
					count: 1,
					hasLocal: true,
					name: ""alpha.echo.reply""
				}
			]);
		});
	});

	it(""should return action list (skipInternal, withEndpoints)"", () => {
		return broker
			.call(""$node.actions"", { skipInternal: true, withEndpoints: true })
			.then(res => {
				expect(res).toEqual([
					{
						action: {
							name: ""greeter.hello"",
							rawName: ""hello""
						},
						available: true,
						count: 1,
						endpoints: [
							{
								available: true,
								nodeID: ""node-master"",
								state: true
							}
						],
						hasLocal: true,
						name: ""greeter.hello""
					},
					{
						action: {
							cache: true,
							name: ""greeter.welcome"",
							rawName: ""welcome"",
							params: {
								name: {
									type: ""string""
								}
							}
						},
						available: true,
						count: 1,
						endpoints: [
							{
								available: true,
								nodeID: ""node-master"",
								state: true
							}
						],
						hasLocal: true,
						name: ""greeter.welcome""
					},
					{
						action: {
							name: ""alpha.echo.reply"",
							rawName: ""reply""
						},
						available: true,
						count: 1,
						endpoints: [
							{
								available: true,
								nodeID: ""node-master"",
								state: true
							}
						],
						hasLocal: true,
						name: ""alpha.echo.reply""
					}
				]);
			});
	});

	it(""should return event list"", () => {
		return broker.call(""$node.events"").then(res => {
			expect(res).toEqual([
				{
					available: true,
					count: 1,
					event: {
						name: ""say.hi""
					},
					group: ""greeter"",
					hasLocal: true,
					name: ""say.hi""
				},
				{
					available: true,
					count: 1,
					event: {
						name: ""say.hello""
					},
					group: ""greeter"",
					hasLocal: true,
					name: ""say.hello""
				}
			]);
		});
	});

	it(""should return event list (withEndpoints)"", () => {
		return broker.call(""$node.events"", { withEndpoints: true }).then(res => {
			expect(res).toEqual([
				{
					available: true,
					count: 1,
					endpoints: [
						{
							available: true,
							nodeID: ""node-master"",
							state: true
						}
					],
					event: {
						name: ""say.hi""
					},
					group: ""greeter"",
					hasLocal: true,
					name: ""say.hi""
				},
				{
					available: true,
					count: 1,
					endpoints: [
						{
							available: true,
							nodeID: ""node-master"",
							state: true
						}
					],
					event: {
						name: ""say.hello""
					},
					group: ""greeter"",
					hasLocal: true,
					name: ""say.hello""
				}
			]);
		});
	});

	it(""should return health of node"", () => {
		return broker.call(""$node.health"").then(res => {
			expect(res).toBeDefined();
			expect(res.cpu).toBeDefined();
			expect(res.cpu.load1).toBeDefined();
			expect(res.cpu.load5).toBeDefined();
			expect(res.cpu.load15).toBeDefined();
			expect(res.cpu.cores).toBeDefined();
			expect(res.cpu.utilization).toBeDefined();

			expect(res.mem).toBeDefined();
			expect(res.mem.free).toBeDefined();
			expect(res.mem.total).toBeDefined();
			expect(res.mem.percent).toBeDefined();

			expect(res.os).toBeDefined();
			expect(res.os.uptime).toBeDefined();
			expect(res.os.type).toBeDefined();
			expect(res.os.release).toBeDefined();
			expect(res.os.hostname).toBeDefined();
			expect(res.os.arch).toBeDefined();
			expect(res.os.platform).toBeDefined();
			expect(res.os.user).toBeDefined();
			expect(res.net).toBeDefined();
			expect(res.net.ip).toBeDefined();
			expect(res.client).toBeDefined();
			expect(res.process).toBeDefined();
			expect(res.process.pid).toBeDefined();
			expect(res.process.memory).toBeDefined();
			expect(res.process.uptime).toBeDefined();
			expect(res.process.argv).toBeDefined();
			expect(res.time).toBeDefined();
			expect(res.time.now).toBeDefined();
			expect(res.time.iso).toBeDefined();
			expect(res.time.utc).toBeDefined();
		});
	});

	it(""should return metrics"", () => {
		return broker
			.call(""$node.metrics"", {
				includes: [""moleculer.broker.**""]
			})
			.then(res => {
				expect(res).toEqual([
					{
						description: ""Moleculer namespace"",
						labelNames: [],
						name: ""moleculer.broker.namespace"",
						type: ""info"",
						unit: undefined,
						values: [
							{
								key: """",
								labels: {},
								timestamp: expect.any(Number),
								value: """"
							}
						]
					},
					{
						description: ""ServiceBroker started"",
						labelNames: [],
						name: ""moleculer.broker.started"",
						type: ""gauge"",
						unit: undefined,
						values: [
							{
								key: """",
								labels: {},
								timestamp: expect.any(Number),
								value: 1
							}
						]
					},
					{
						description: ""Number of local services"",
						labelNames: [],
						name: ""moleculer.broker.local.services.total"",
						type: ""gauge"",
						unit: undefined,
						values: [
							{
								key: """",
								labels: {},
								timestamp: expect.any(Number),
								value: 3
							}
						]
					},
					{
						description: ""Number of local middlewares"",
						labelNames: [],
						name: ""moleculer.broker.middlewares.total"",
						type: ""gauge"",
						unit: undefined,
						values: [
							{
								key: """",
								labels: {},
								timestamp: expect.any(Number),
								value: 13
							}
						]
					}
				]);
			});
	});
})",snuts
/test/integration/broker-internal.spec.js,NonFunctionalStatement,"{'startLine':33,'endLine':33}","describe(""Test internal services"", () => {
	const broker = new ServiceBroker({
		nodeID: ""node-master"",
		logger: false,
		transporter: null,
		internalServices: true,
		metrics: true,
		metadata: { a: 5 }
	});

	broker.createService({
		name: ""greeter"",
		settings: {
			anonymous: ""John""
		},
		metadata: {
			scaling: true
		},
		actions: {
			hello() {},
			welcome: {
				cache: true,
				params: {
					name: { type: ""string"" }
				},
				handler() {}
			}
		},
		events: {
			""say.hi""() {},
			""say.hello""() {}
		}
	});

	broker.createService({
		name: ""echo"",
		version: ""alpha"",
		actions: {
			reply() {}
		}
	});

	beforeAll(() => Promise.all([broker.start()]));
	afterAll(() => Promise.all([broker.stop()]));

	it(""should register $node internal actions"", () => {
		expect(broker.registry.actions.isAvailable(""$node.list"")).toBe(true);
		expect(broker.registry.actions.isAvailable(""$node.services"")).toBe(true);
		expect(broker.registry.actions.isAvailable(""$node.actions"")).toBe(true);
		expect(broker.registry.actions.isAvailable(""$node.events"")).toBe(true);
		expect(broker.registry.actions.isAvailable(""$node.health"")).toBe(true);
	});

	it(""should return node list"", () => {
		const localNode = broker.registry.nodes.localNode;

		return broker.call(""$node.list"").then(res => {
			expect(res).toEqual([
				{
					available: true,
					client: {
						langVersion: process.version,
						type: ""nodejs"",
						version: broker.MOLECULER_VERSION
					},
					config: {},
					cpu: null,
					cpuSeq: null,
					id: ""node-master"",
					instanceID: localNode.instanceID,
					ipList: localNode.ipList,
					hostname: hostname(),
					lastHeartbeatTime: localNode.lastHeartbeatTime,
					offlineSince: null,
					port: null,
					seq: localNode.seq,
					local: true,
					metadata: { a: 5 },
					udpAddress: null
				}
			]);
		});
	});

	it(""should return service list"", () => {
		return broker.call(""$node.services"").then(res => {
			expect(res).toEqual([
				{
					name: ""$node"",
					nodes: [""node-master""],
					settings: {},
					metadata: {},
					version: undefined,
					fullName: ""$node"",
					local: true,
					available: true
				},
				{
					name: ""greeter"",
					nodes: [""node-master""],
					settings: {
						anonymous: ""John""
					},
					metadata: {
						scaling: true
					},
					version: undefined,
					fullName: ""greeter"",
					local: true,
					available: true
				},
				{
					name: ""echo"",
					nodes: [""node-master""],
					settings: {},
					metadata: {},
					version: ""alpha"",
					fullName: ""alpha.echo"",
					local: true,
					available: true
				}
			]);
		});
	});

	it(""should return service list (skipInternal, withActions)"", () => {
		return broker
			.call(""$node.services"", { skipInternal: true, withActions: true })
			.then(res => {
				expect(res).toEqual([
					{
						actions: {
							""greeter.hello"": {
								name: ""greeter.hello"",
								rawName: ""hello""
							},
							""greeter.welcome"": {
								cache: true,
								name: ""greeter.welcome"",
								rawName: ""welcome"",
								params: {
									name: {
										type: ""string""
									}
								}
							}
						},
						name: ""greeter"",
						nodes: [""node-master""],
						settings: {
							anonymous: ""John""
						},
						metadata: {
							scaling: true
						},
						version: undefined,
						fullName: ""greeter"",
						local: true,
						available: true
					},
					{
						actions: {
							""alpha.echo.reply"": {
								name: ""alpha.echo.reply"",
								rawName: ""reply""
							}
						},
						name: ""echo"",
						nodes: [""node-master""],
						settings: {},
						metadata: {},
						version: ""alpha"",
						fullName: ""alpha.echo"",
						local: true,
						available: true
					}
				]);
			});
	});

	it(""should return action list"", () => {
		return broker.call(""$node.actions"").then(res => {
			expect(res).toEqual([
				{
					action: {
						tracing: false,
						cache: false,
						name: ""$node.list"",
						rawName: ""list"",
						params: {
							onlyAvailable: {
								optional: true,
								type: ""boolean"",
								convert: true,
								default: false
							},
							withServices: {
								optional: true,
								type: ""boolean"",
								convert: true,
								default: false
							}
						}
					},
					available: true,
					count: 1,
					hasLocal: true,
					name: ""$node.list""
				},
				{
					action: {
						tracing: false,
						cache: false,
						name: ""$node.services"",
						rawName: ""services"",
						params: {
							onlyLocal: {
								optional: true,
								type: ""boolean"",
								convert: true,
								default: false
							},
							onlyAvailable: {
								optional: true,
								type: ""boolean"",
								convert: true,
								default: false
							},
							skipInternal: {
								optional: true,
								type: ""boolean"",
								convert: true,
								default: false
							},
							withActions: {
								optional: true,
								type: ""boolean"",
								convert: true,
								default: false
							},
							withEvents: {
								optional: true,
								type: ""boolean"",
								convert: true,
								default: false
							},
							grouping: {
								optional: true,
								type: ""boolean"",
								convert: true,
								default: true
							}
						}
					},
					available: true,
					count: 1,
					hasLocal: true,
					name: ""$node.services""
				},
				{
					action: {
						tracing: false,
						cache: false,
						name: ""$node.actions"",
						rawName: ""actions"",
						params: {
							onlyLocal: {
								optional: true,
								type: ""boolean"",
								convert: true,
								default: false
							},
							onlyAvailable: {
								optional: true,
								type: ""boolean"",
								convert: true,
								default: false
							},
							skipInternal: {
								optional: true,
								type: ""boolean"",
								convert: true,
								default: false
							},
							withEndpoints: {
								optional: true,
								type: ""boolean"",
								convert: true,
								default: false
							}
						}
					},
					available: true,
					count: 1,
					hasLocal: true,
					name: ""$node.actions""
				},
				{
					action: {
						tracing: false,
						cache: false,
						name: ""$node.events"",
						rawName: ""events"",
						params: {
							onlyLocal: {
								optional: true,
								type: ""boolean"",
								convert: true,
								default: false
							},
							onlyAvailable: {
								optional: true,
								type: ""boolean"",
								convert: true,
								default: false
							},
							skipInternal: {
								optional: true,
								type: ""boolean"",
								convert: true,
								default: false
							},
							withEndpoints: {
								optional: true,
								type: ""boolean"",
								convert: true,
								default: false
							}
						}
					},
					available: true,
					count: 1,
					hasLocal: true,
					name: ""$node.events""
				},
				{
					action: {
						tracing: false,
						cache: false,
						name: ""$node.health"",
						rawName: ""health""
					},
					available: true,
					count: 1,
					hasLocal: true,
					name: ""$node.health""
				},
				{
					action: {
						tracing: false,
						cache: false,
						name: ""$node.options"",
						rawName: ""options"",
						params: {}
					},
					available: true,
					count: 1,
					hasLocal: true,
					name: ""$node.options""
				},
				{
					action: {
						tracing: false,
						cache: false,
						name: ""$node.metrics"",
						rawName: ""metrics"",
						params: {
							types: {
								type: ""multi"",
								optional: true,
								rules: [{ type: ""string"" }, { type: ""array"", items: ""string"" }]
							},
							includes: {
								type: ""multi"",
								optional: true,
								rules: [{ type: ""string"" }, { type: ""array"", items: ""string"" }]
							},
							excludes: {
								type: ""multi"",
								optional: true,
								rules: [{ type: ""string"" }, { type: ""array"", items: ""string"" }]
							}
						}
					},
					available: true,
					count: 1,
					hasLocal: true,
					name: ""$node.metrics""
				},
				{
					action: {
						name: ""greeter.hello"",
						rawName: ""hello""
					},
					available: true,
					count: 1,
					hasLocal: true,
					name: ""greeter.hello""
				},
				{
					action: {
						cache: true,
						name: ""greeter.welcome"",
						rawName: ""welcome"",
						params: {
							name: {
								type: ""string""
							}
						}
					},
					available: true,
					count: 1,
					hasLocal: true,
					name: ""greeter.welcome""
				},
				{
					action: {
						name: ""alpha.echo.reply"",
						rawName: ""reply""
					},
					available: true,
					count: 1,
					hasLocal: true,
					name: ""alpha.echo.reply""
				}
			]);
		});
	});

	it(""should return action list (skipInternal, withEndpoints)"", () => {
		return broker
			.call(""$node.actions"", { skipInternal: true, withEndpoints: true })
			.then(res => {
				expect(res).toEqual([
					{
						action: {
							name: ""greeter.hello"",
							rawName: ""hello""
						},
						available: true,
						count: 1,
						endpoints: [
							{
								available: true,
								nodeID: ""node-master"",
								state: true
							}
						],
						hasLocal: true,
						name: ""greeter.hello""
					},
					{
						action: {
							cache: true,
							name: ""greeter.welcome"",
							rawName: ""welcome"",
							params: {
								name: {
									type: ""string""
								}
							}
						},
						available: true,
						count: 1,
						endpoints: [
							{
								available: true,
								nodeID: ""node-master"",
								state: true
							}
						],
						hasLocal: true,
						name: ""greeter.welcome""
					},
					{
						action: {
							name: ""alpha.echo.reply"",
							rawName: ""reply""
						},
						available: true,
						count: 1,
						endpoints: [
							{
								available: true,
								nodeID: ""node-master"",
								state: true
							}
						],
						hasLocal: true,
						name: ""alpha.echo.reply""
					}
				]);
			});
	});

	it(""should return event list"", () => {
		return broker.call(""$node.events"").then(res => {
			expect(res).toEqual([
				{
					available: true,
					count: 1,
					event: {
						name: ""say.hi""
					},
					group: ""greeter"",
					hasLocal: true,
					name: ""say.hi""
				},
				{
					available: true,
					count: 1,
					event: {
						name: ""say.hello""
					},
					group: ""greeter"",
					hasLocal: true,
					name: ""say.hello""
				}
			]);
		});
	});

	it(""should return event list (withEndpoints)"", () => {
		return broker.call(""$node.events"", { withEndpoints: true }).then(res => {
			expect(res).toEqual([
				{
					available: true,
					count: 1,
					endpoints: [
						{
							available: true,
							nodeID: ""node-master"",
							state: true
						}
					],
					event: {
						name: ""say.hi""
					},
					group: ""greeter"",
					hasLocal: true,
					name: ""say.hi""
				},
				{
					available: true,
					count: 1,
					endpoints: [
						{
							available: true,
							nodeID: ""node-master"",
							state: true
						}
					],
					event: {
						name: ""say.hello""
					},
					group: ""greeter"",
					hasLocal: true,
					name: ""say.hello""
				}
			]);
		});
	});

	it(""should return health of node"", () => {
		return broker.call(""$node.health"").then(res => {
			expect(res).toBeDefined();
			expect(res.cpu).toBeDefined();
			expect(res.cpu.load1).toBeDefined();
			expect(res.cpu.load5).toBeDefined();
			expect(res.cpu.load15).toBeDefined();
			expect(res.cpu.cores).toBeDefined();
			expect(res.cpu.utilization).toBeDefined();

			expect(res.mem).toBeDefined();
			expect(res.mem.free).toBeDefined();
			expect(res.mem.total).toBeDefined();
			expect(res.mem.percent).toBeDefined();

			expect(res.os).toBeDefined();
			expect(res.os.uptime).toBeDefined();
			expect(res.os.type).toBeDefined();
			expect(res.os.release).toBeDefined();
			expect(res.os.hostname).toBeDefined();
			expect(res.os.arch).toBeDefined();
			expect(res.os.platform).toBeDefined();
			expect(res.os.user).toBeDefined();
			expect(res.net).toBeDefined();
			expect(res.net.ip).toBeDefined();
			expect(res.client).toBeDefined();
			expect(res.process).toBeDefined();
			expect(res.process.pid).toBeDefined();
			expect(res.process.memory).toBeDefined();
			expect(res.process.uptime).toBeDefined();
			expect(res.process.argv).toBeDefined();
			expect(res.time).toBeDefined();
			expect(res.time.now).toBeDefined();
			expect(res.time.iso).toBeDefined();
			expect(res.time.utc).toBeDefined();
		});
	});

	it(""should return metrics"", () => {
		return broker
			.call(""$node.metrics"", {
				includes: [""moleculer.broker.**""]
			})
			.then(res => {
				expect(res).toEqual([
					{
						description: ""Moleculer namespace"",
						labelNames: [],
						name: ""moleculer.broker.namespace"",
						type: ""info"",
						unit: undefined,
						values: [
							{
								key: """",
								labels: {},
								timestamp: expect.any(Number),
								value: """"
							}
						]
					},
					{
						description: ""ServiceBroker started"",
						labelNames: [],
						name: ""moleculer.broker.started"",
						type: ""gauge"",
						unit: undefined,
						values: [
							{
								key: """",
								labels: {},
								timestamp: expect.any(Number),
								value: 1
							}
						]
					},
					{
						description: ""Number of local services"",
						labelNames: [],
						name: ""moleculer.broker.local.services.total"",
						type: ""gauge"",
						unit: undefined,
						values: [
							{
								key: """",
								labels: {},
								timestamp: expect.any(Number),
								value: 3
							}
						]
					},
					{
						description: ""Number of local middlewares"",
						labelNames: [],
						name: ""moleculer.broker.middlewares.total"",
						type: ""gauge"",
						unit: undefined,
						values: [
							{
								key: """",
								labels: {},
								timestamp: expect.any(Number),
								value: 13
							}
						]
					}
				]);
			});
	});
})",snuts
/test/integration/broker-internal.spec.js,NonFunctionalStatement,"{'startLine':34,'endLine':34}","describe(""Test internal services"", () => {
	const broker = new ServiceBroker({
		nodeID: ""node-master"",
		logger: false,
		transporter: null,
		internalServices: true,
		metrics: true,
		metadata: { a: 5 }
	});

	broker.createService({
		name: ""greeter"",
		settings: {
			anonymous: ""John""
		},
		metadata: {
			scaling: true
		},
		actions: {
			hello() {},
			welcome: {
				cache: true,
				params: {
					name: { type: ""string"" }
				},
				handler() {}
			}
		},
		events: {
			""say.hi""() {},
			""say.hello""() {}
		}
	});

	broker.createService({
		name: ""echo"",
		version: ""alpha"",
		actions: {
			reply() {}
		}
	});

	beforeAll(() => Promise.all([broker.start()]));
	afterAll(() => Promise.all([broker.stop()]));

	it(""should register $node internal actions"", () => {
		expect(broker.registry.actions.isAvailable(""$node.list"")).toBe(true);
		expect(broker.registry.actions.isAvailable(""$node.services"")).toBe(true);
		expect(broker.registry.actions.isAvailable(""$node.actions"")).toBe(true);
		expect(broker.registry.actions.isAvailable(""$node.events"")).toBe(true);
		expect(broker.registry.actions.isAvailable(""$node.health"")).toBe(true);
	});

	it(""should return node list"", () => {
		const localNode = broker.registry.nodes.localNode;

		return broker.call(""$node.list"").then(res => {
			expect(res).toEqual([
				{
					available: true,
					client: {
						langVersion: process.version,
						type: ""nodejs"",
						version: broker.MOLECULER_VERSION
					},
					config: {},
					cpu: null,
					cpuSeq: null,
					id: ""node-master"",
					instanceID: localNode.instanceID,
					ipList: localNode.ipList,
					hostname: hostname(),
					lastHeartbeatTime: localNode.lastHeartbeatTime,
					offlineSince: null,
					port: null,
					seq: localNode.seq,
					local: true,
					metadata: { a: 5 },
					udpAddress: null
				}
			]);
		});
	});

	it(""should return service list"", () => {
		return broker.call(""$node.services"").then(res => {
			expect(res).toEqual([
				{
					name: ""$node"",
					nodes: [""node-master""],
					settings: {},
					metadata: {},
					version: undefined,
					fullName: ""$node"",
					local: true,
					available: true
				},
				{
					name: ""greeter"",
					nodes: [""node-master""],
					settings: {
						anonymous: ""John""
					},
					metadata: {
						scaling: true
					},
					version: undefined,
					fullName: ""greeter"",
					local: true,
					available: true
				},
				{
					name: ""echo"",
					nodes: [""node-master""],
					settings: {},
					metadata: {},
					version: ""alpha"",
					fullName: ""alpha.echo"",
					local: true,
					available: true
				}
			]);
		});
	});

	it(""should return service list (skipInternal, withActions)"", () => {
		return broker
			.call(""$node.services"", { skipInternal: true, withActions: true })
			.then(res => {
				expect(res).toEqual([
					{
						actions: {
							""greeter.hello"": {
								name: ""greeter.hello"",
								rawName: ""hello""
							},
							""greeter.welcome"": {
								cache: true,
								name: ""greeter.welcome"",
								rawName: ""welcome"",
								params: {
									name: {
										type: ""string""
									}
								}
							}
						},
						name: ""greeter"",
						nodes: [""node-master""],
						settings: {
							anonymous: ""John""
						},
						metadata: {
							scaling: true
						},
						version: undefined,
						fullName: ""greeter"",
						local: true,
						available: true
					},
					{
						actions: {
							""alpha.echo.reply"": {
								name: ""alpha.echo.reply"",
								rawName: ""reply""
							}
						},
						name: ""echo"",
						nodes: [""node-master""],
						settings: {},
						metadata: {},
						version: ""alpha"",
						fullName: ""alpha.echo"",
						local: true,
						available: true
					}
				]);
			});
	});

	it(""should return action list"", () => {
		return broker.call(""$node.actions"").then(res => {
			expect(res).toEqual([
				{
					action: {
						tracing: false,
						cache: false,
						name: ""$node.list"",
						rawName: ""list"",
						params: {
							onlyAvailable: {
								optional: true,
								type: ""boolean"",
								convert: true,
								default: false
							},
							withServices: {
								optional: true,
								type: ""boolean"",
								convert: true,
								default: false
							}
						}
					},
					available: true,
					count: 1,
					hasLocal: true,
					name: ""$node.list""
				},
				{
					action: {
						tracing: false,
						cache: false,
						name: ""$node.services"",
						rawName: ""services"",
						params: {
							onlyLocal: {
								optional: true,
								type: ""boolean"",
								convert: true,
								default: false
							},
							onlyAvailable: {
								optional: true,
								type: ""boolean"",
								convert: true,
								default: false
							},
							skipInternal: {
								optional: true,
								type: ""boolean"",
								convert: true,
								default: false
							},
							withActions: {
								optional: true,
								type: ""boolean"",
								convert: true,
								default: false
							},
							withEvents: {
								optional: true,
								type: ""boolean"",
								convert: true,
								default: false
							},
							grouping: {
								optional: true,
								type: ""boolean"",
								convert: true,
								default: true
							}
						}
					},
					available: true,
					count: 1,
					hasLocal: true,
					name: ""$node.services""
				},
				{
					action: {
						tracing: false,
						cache: false,
						name: ""$node.actions"",
						rawName: ""actions"",
						params: {
							onlyLocal: {
								optional: true,
								type: ""boolean"",
								convert: true,
								default: false
							},
							onlyAvailable: {
								optional: true,
								type: ""boolean"",
								convert: true,
								default: false
							},
							skipInternal: {
								optional: true,
								type: ""boolean"",
								convert: true,
								default: false
							},
							withEndpoints: {
								optional: true,
								type: ""boolean"",
								convert: true,
								default: false
							}
						}
					},
					available: true,
					count: 1,
					hasLocal: true,
					name: ""$node.actions""
				},
				{
					action: {
						tracing: false,
						cache: false,
						name: ""$node.events"",
						rawName: ""events"",
						params: {
							onlyLocal: {
								optional: true,
								type: ""boolean"",
								convert: true,
								default: false
							},
							onlyAvailable: {
								optional: true,
								type: ""boolean"",
								convert: true,
								default: false
							},
							skipInternal: {
								optional: true,
								type: ""boolean"",
								convert: true,
								default: false
							},
							withEndpoints: {
								optional: true,
								type: ""boolean"",
								convert: true,
								default: false
							}
						}
					},
					available: true,
					count: 1,
					hasLocal: true,
					name: ""$node.events""
				},
				{
					action: {
						tracing: false,
						cache: false,
						name: ""$node.health"",
						rawName: ""health""
					},
					available: true,
					count: 1,
					hasLocal: true,
					name: ""$node.health""
				},
				{
					action: {
						tracing: false,
						cache: false,
						name: ""$node.options"",
						rawName: ""options"",
						params: {}
					},
					available: true,
					count: 1,
					hasLocal: true,
					name: ""$node.options""
				},
				{
					action: {
						tracing: false,
						cache: false,
						name: ""$node.metrics"",
						rawName: ""metrics"",
						params: {
							types: {
								type: ""multi"",
								optional: true,
								rules: [{ type: ""string"" }, { type: ""array"", items: ""string"" }]
							},
							includes: {
								type: ""multi"",
								optional: true,
								rules: [{ type: ""string"" }, { type: ""array"", items: ""string"" }]
							},
							excludes: {
								type: ""multi"",
								optional: true,
								rules: [{ type: ""string"" }, { type: ""array"", items: ""string"" }]
							}
						}
					},
					available: true,
					count: 1,
					hasLocal: true,
					name: ""$node.metrics""
				},
				{
					action: {
						name: ""greeter.hello"",
						rawName: ""hello""
					},
					available: true,
					count: 1,
					hasLocal: true,
					name: ""greeter.hello""
				},
				{
					action: {
						cache: true,
						name: ""greeter.welcome"",
						rawName: ""welcome"",
						params: {
							name: {
								type: ""string""
							}
						}
					},
					available: true,
					count: 1,
					hasLocal: true,
					name: ""greeter.welcome""
				},
				{
					action: {
						name: ""alpha.echo.reply"",
						rawName: ""reply""
					},
					available: true,
					count: 1,
					hasLocal: true,
					name: ""alpha.echo.reply""
				}
			]);
		});
	});

	it(""should return action list (skipInternal, withEndpoints)"", () => {
		return broker
			.call(""$node.actions"", { skipInternal: true, withEndpoints: true })
			.then(res => {
				expect(res).toEqual([
					{
						action: {
							name: ""greeter.hello"",
							rawName: ""hello""
						},
						available: true,
						count: 1,
						endpoints: [
							{
								available: true,
								nodeID: ""node-master"",
								state: true
							}
						],
						hasLocal: true,
						name: ""greeter.hello""
					},
					{
						action: {
							cache: true,
							name: ""greeter.welcome"",
							rawName: ""welcome"",
							params: {
								name: {
									type: ""string""
								}
							}
						},
						available: true,
						count: 1,
						endpoints: [
							{
								available: true,
								nodeID: ""node-master"",
								state: true
							}
						],
						hasLocal: true,
						name: ""greeter.welcome""
					},
					{
						action: {
							name: ""alpha.echo.reply"",
							rawName: ""reply""
						},
						available: true,
						count: 1,
						endpoints: [
							{
								available: true,
								nodeID: ""node-master"",
								state: true
							}
						],
						hasLocal: true,
						name: ""alpha.echo.reply""
					}
				]);
			});
	});

	it(""should return event list"", () => {
		return broker.call(""$node.events"").then(res => {
			expect(res).toEqual([
				{
					available: true,
					count: 1,
					event: {
						name: ""say.hi""
					},
					group: ""greeter"",
					hasLocal: true,
					name: ""say.hi""
				},
				{
					available: true,
					count: 1,
					event: {
						name: ""say.hello""
					},
					group: ""greeter"",
					hasLocal: true,
					name: ""say.hello""
				}
			]);
		});
	});

	it(""should return event list (withEndpoints)"", () => {
		return broker.call(""$node.events"", { withEndpoints: true }).then(res => {
			expect(res).toEqual([
				{
					available: true,
					count: 1,
					endpoints: [
						{
							available: true,
							nodeID: ""node-master"",
							state: true
						}
					],
					event: {
						name: ""say.hi""
					},
					group: ""greeter"",
					hasLocal: true,
					name: ""say.hi""
				},
				{
					available: true,
					count: 1,
					endpoints: [
						{
							available: true,
							nodeID: ""node-master"",
							state: true
						}
					],
					event: {
						name: ""say.hello""
					},
					group: ""greeter"",
					hasLocal: true,
					name: ""say.hello""
				}
			]);
		});
	});

	it(""should return health of node"", () => {
		return broker.call(""$node.health"").then(res => {
			expect(res).toBeDefined();
			expect(res.cpu).toBeDefined();
			expect(res.cpu.load1).toBeDefined();
			expect(res.cpu.load5).toBeDefined();
			expect(res.cpu.load15).toBeDefined();
			expect(res.cpu.cores).toBeDefined();
			expect(res.cpu.utilization).toBeDefined();

			expect(res.mem).toBeDefined();
			expect(res.mem.free).toBeDefined();
			expect(res.mem.total).toBeDefined();
			expect(res.mem.percent).toBeDefined();

			expect(res.os).toBeDefined();
			expect(res.os.uptime).toBeDefined();
			expect(res.os.type).toBeDefined();
			expect(res.os.release).toBeDefined();
			expect(res.os.hostname).toBeDefined();
			expect(res.os.arch).toBeDefined();
			expect(res.os.platform).toBeDefined();
			expect(res.os.user).toBeDefined();
			expect(res.net).toBeDefined();
			expect(res.net.ip).toBeDefined();
			expect(res.client).toBeDefined();
			expect(res.process).toBeDefined();
			expect(res.process.pid).toBeDefined();
			expect(res.process.memory).toBeDefined();
			expect(res.process.uptime).toBeDefined();
			expect(res.process.argv).toBeDefined();
			expect(res.time).toBeDefined();
			expect(res.time.now).toBeDefined();
			expect(res.time.iso).toBeDefined();
			expect(res.time.utc).toBeDefined();
		});
	});

	it(""should return metrics"", () => {
		return broker
			.call(""$node.metrics"", {
				includes: [""moleculer.broker.**""]
			})
			.then(res => {
				expect(res).toEqual([
					{
						description: ""Moleculer namespace"",
						labelNames: [],
						name: ""moleculer.broker.namespace"",
						type: ""info"",
						unit: undefined,
						values: [
							{
								key: """",
								labels: {},
								timestamp: expect.any(Number),
								value: """"
							}
						]
					},
					{
						description: ""ServiceBroker started"",
						labelNames: [],
						name: ""moleculer.broker.started"",
						type: ""gauge"",
						unit: undefined,
						values: [
							{
								key: """",
								labels: {},
								timestamp: expect.any(Number),
								value: 1
							}
						]
					},
					{
						description: ""Number of local services"",
						labelNames: [],
						name: ""moleculer.broker.local.services.total"",
						type: ""gauge"",
						unit: undefined,
						values: [
							{
								key: """",
								labels: {},
								timestamp: expect.any(Number),
								value: 3
							}
						]
					},
					{
						description: ""Number of local middlewares"",
						labelNames: [],
						name: ""moleculer.broker.middlewares.total"",
						type: ""gauge"",
						unit: undefined,
						values: [
							{
								key: """",
								labels: {},
								timestamp: expect.any(Number),
								value: 13
							}
						]
					}
				]);
			});
	});
})",snuts
/test/integration/broker-internal.spec.js,NonFunctionalStatement,"{'startLine':42,'endLine':42}","describe(""Test internal services"", () => {
	const broker = new ServiceBroker({
		nodeID: ""node-master"",
		logger: false,
		transporter: null,
		internalServices: true,
		metrics: true,
		metadata: { a: 5 }
	});

	broker.createService({
		name: ""greeter"",
		settings: {
			anonymous: ""John""
		},
		metadata: {
			scaling: true
		},
		actions: {
			hello() {},
			welcome: {
				cache: true,
				params: {
					name: { type: ""string"" }
				},
				handler() {}
			}
		},
		events: {
			""say.hi""() {},
			""say.hello""() {}
		}
	});

	broker.createService({
		name: ""echo"",
		version: ""alpha"",
		actions: {
			reply() {}
		}
	});

	beforeAll(() => Promise.all([broker.start()]));
	afterAll(() => Promise.all([broker.stop()]));

	it(""should register $node internal actions"", () => {
		expect(broker.registry.actions.isAvailable(""$node.list"")).toBe(true);
		expect(broker.registry.actions.isAvailable(""$node.services"")).toBe(true);
		expect(broker.registry.actions.isAvailable(""$node.actions"")).toBe(true);
		expect(broker.registry.actions.isAvailable(""$node.events"")).toBe(true);
		expect(broker.registry.actions.isAvailable(""$node.health"")).toBe(true);
	});

	it(""should return node list"", () => {
		const localNode = broker.registry.nodes.localNode;

		return broker.call(""$node.list"").then(res => {
			expect(res).toEqual([
				{
					available: true,
					client: {
						langVersion: process.version,
						type: ""nodejs"",
						version: broker.MOLECULER_VERSION
					},
					config: {},
					cpu: null,
					cpuSeq: null,
					id: ""node-master"",
					instanceID: localNode.instanceID,
					ipList: localNode.ipList,
					hostname: hostname(),
					lastHeartbeatTime: localNode.lastHeartbeatTime,
					offlineSince: null,
					port: null,
					seq: localNode.seq,
					local: true,
					metadata: { a: 5 },
					udpAddress: null
				}
			]);
		});
	});

	it(""should return service list"", () => {
		return broker.call(""$node.services"").then(res => {
			expect(res).toEqual([
				{
					name: ""$node"",
					nodes: [""node-master""],
					settings: {},
					metadata: {},
					version: undefined,
					fullName: ""$node"",
					local: true,
					available: true
				},
				{
					name: ""greeter"",
					nodes: [""node-master""],
					settings: {
						anonymous: ""John""
					},
					metadata: {
						scaling: true
					},
					version: undefined,
					fullName: ""greeter"",
					local: true,
					available: true
				},
				{
					name: ""echo"",
					nodes: [""node-master""],
					settings: {},
					metadata: {},
					version: ""alpha"",
					fullName: ""alpha.echo"",
					local: true,
					available: true
				}
			]);
		});
	});

	it(""should return service list (skipInternal, withActions)"", () => {
		return broker
			.call(""$node.services"", { skipInternal: true, withActions: true })
			.then(res => {
				expect(res).toEqual([
					{
						actions: {
							""greeter.hello"": {
								name: ""greeter.hello"",
								rawName: ""hello""
							},
							""greeter.welcome"": {
								cache: true,
								name: ""greeter.welcome"",
								rawName: ""welcome"",
								params: {
									name: {
										type: ""string""
									}
								}
							}
						},
						name: ""greeter"",
						nodes: [""node-master""],
						settings: {
							anonymous: ""John""
						},
						metadata: {
							scaling: true
						},
						version: undefined,
						fullName: ""greeter"",
						local: true,
						available: true
					},
					{
						actions: {
							""alpha.echo.reply"": {
								name: ""alpha.echo.reply"",
								rawName: ""reply""
							}
						},
						name: ""echo"",
						nodes: [""node-master""],
						settings: {},
						metadata: {},
						version: ""alpha"",
						fullName: ""alpha.echo"",
						local: true,
						available: true
					}
				]);
			});
	});

	it(""should return action list"", () => {
		return broker.call(""$node.actions"").then(res => {
			expect(res).toEqual([
				{
					action: {
						tracing: false,
						cache: false,
						name: ""$node.list"",
						rawName: ""list"",
						params: {
							onlyAvailable: {
								optional: true,
								type: ""boolean"",
								convert: true,
								default: false
							},
							withServices: {
								optional: true,
								type: ""boolean"",
								convert: true,
								default: false
							}
						}
					},
					available: true,
					count: 1,
					hasLocal: true,
					name: ""$node.list""
				},
				{
					action: {
						tracing: false,
						cache: false,
						name: ""$node.services"",
						rawName: ""services"",
						params: {
							onlyLocal: {
								optional: true,
								type: ""boolean"",
								convert: true,
								default: false
							},
							onlyAvailable: {
								optional: true,
								type: ""boolean"",
								convert: true,
								default: false
							},
							skipInternal: {
								optional: true,
								type: ""boolean"",
								convert: true,
								default: false
							},
							withActions: {
								optional: true,
								type: ""boolean"",
								convert: true,
								default: false
							},
							withEvents: {
								optional: true,
								type: ""boolean"",
								convert: true,
								default: false
							},
							grouping: {
								optional: true,
								type: ""boolean"",
								convert: true,
								default: true
							}
						}
					},
					available: true,
					count: 1,
					hasLocal: true,
					name: ""$node.services""
				},
				{
					action: {
						tracing: false,
						cache: false,
						name: ""$node.actions"",
						rawName: ""actions"",
						params: {
							onlyLocal: {
								optional: true,
								type: ""boolean"",
								convert: true,
								default: false
							},
							onlyAvailable: {
								optional: true,
								type: ""boolean"",
								convert: true,
								default: false
							},
							skipInternal: {
								optional: true,
								type: ""boolean"",
								convert: true,
								default: false
							},
							withEndpoints: {
								optional: true,
								type: ""boolean"",
								convert: true,
								default: false
							}
						}
					},
					available: true,
					count: 1,
					hasLocal: true,
					name: ""$node.actions""
				},
				{
					action: {
						tracing: false,
						cache: false,
						name: ""$node.events"",
						rawName: ""events"",
						params: {
							onlyLocal: {
								optional: true,
								type: ""boolean"",
								convert: true,
								default: false
							},
							onlyAvailable: {
								optional: true,
								type: ""boolean"",
								convert: true,
								default: false
							},
							skipInternal: {
								optional: true,
								type: ""boolean"",
								convert: true,
								default: false
							},
							withEndpoints: {
								optional: true,
								type: ""boolean"",
								convert: true,
								default: false
							}
						}
					},
					available: true,
					count: 1,
					hasLocal: true,
					name: ""$node.events""
				},
				{
					action: {
						tracing: false,
						cache: false,
						name: ""$node.health"",
						rawName: ""health""
					},
					available: true,
					count: 1,
					hasLocal: true,
					name: ""$node.health""
				},
				{
					action: {
						tracing: false,
						cache: false,
						name: ""$node.options"",
						rawName: ""options"",
						params: {}
					},
					available: true,
					count: 1,
					hasLocal: true,
					name: ""$node.options""
				},
				{
					action: {
						tracing: false,
						cache: false,
						name: ""$node.metrics"",
						rawName: ""metrics"",
						params: {
							types: {
								type: ""multi"",
								optional: true,
								rules: [{ type: ""string"" }, { type: ""array"", items: ""string"" }]
							},
							includes: {
								type: ""multi"",
								optional: true,
								rules: [{ type: ""string"" }, { type: ""array"", items: ""string"" }]
							},
							excludes: {
								type: ""multi"",
								optional: true,
								rules: [{ type: ""string"" }, { type: ""array"", items: ""string"" }]
							}
						}
					},
					available: true,
					count: 1,
					hasLocal: true,
					name: ""$node.metrics""
				},
				{
					action: {
						name: ""greeter.hello"",
						rawName: ""hello""
					},
					available: true,
					count: 1,
					hasLocal: true,
					name: ""greeter.hello""
				},
				{
					action: {
						cache: true,
						name: ""greeter.welcome"",
						rawName: ""welcome"",
						params: {
							name: {
								type: ""string""
							}
						}
					},
					available: true,
					count: 1,
					hasLocal: true,
					name: ""greeter.welcome""
				},
				{
					action: {
						name: ""alpha.echo.reply"",
						rawName: ""reply""
					},
					available: true,
					count: 1,
					hasLocal: true,
					name: ""alpha.echo.reply""
				}
			]);
		});
	});

	it(""should return action list (skipInternal, withEndpoints)"", () => {
		return broker
			.call(""$node.actions"", { skipInternal: true, withEndpoints: true })
			.then(res => {
				expect(res).toEqual([
					{
						action: {
							name: ""greeter.hello"",
							rawName: ""hello""
						},
						available: true,
						count: 1,
						endpoints: [
							{
								available: true,
								nodeID: ""node-master"",
								state: true
							}
						],
						hasLocal: true,
						name: ""greeter.hello""
					},
					{
						action: {
							cache: true,
							name: ""greeter.welcome"",
							rawName: ""welcome"",
							params: {
								name: {
									type: ""string""
								}
							}
						},
						available: true,
						count: 1,
						endpoints: [
							{
								available: true,
								nodeID: ""node-master"",
								state: true
							}
						],
						hasLocal: true,
						name: ""greeter.welcome""
					},
					{
						action: {
							name: ""alpha.echo.reply"",
							rawName: ""reply""
						},
						available: true,
						count: 1,
						endpoints: [
							{
								available: true,
								nodeID: ""node-master"",
								state: true
							}
						],
						hasLocal: true,
						name: ""alpha.echo.reply""
					}
				]);
			});
	});

	it(""should return event list"", () => {
		return broker.call(""$node.events"").then(res => {
			expect(res).toEqual([
				{
					available: true,
					count: 1,
					event: {
						name: ""say.hi""
					},
					group: ""greeter"",
					hasLocal: true,
					name: ""say.hi""
				},
				{
					available: true,
					count: 1,
					event: {
						name: ""say.hello""
					},
					group: ""greeter"",
					hasLocal: true,
					name: ""say.hello""
				}
			]);
		});
	});

	it(""should return event list (withEndpoints)"", () => {
		return broker.call(""$node.events"", { withEndpoints: true }).then(res => {
			expect(res).toEqual([
				{
					available: true,
					count: 1,
					endpoints: [
						{
							available: true,
							nodeID: ""node-master"",
							state: true
						}
					],
					event: {
						name: ""say.hi""
					},
					group: ""greeter"",
					hasLocal: true,
					name: ""say.hi""
				},
				{
					available: true,
					count: 1,
					endpoints: [
						{
							available: true,
							nodeID: ""node-master"",
							state: true
						}
					],
					event: {
						name: ""say.hello""
					},
					group: ""greeter"",
					hasLocal: true,
					name: ""say.hello""
				}
			]);
		});
	});

	it(""should return health of node"", () => {
		return broker.call(""$node.health"").then(res => {
			expect(res).toBeDefined();
			expect(res.cpu).toBeDefined();
			expect(res.cpu.load1).toBeDefined();
			expect(res.cpu.load5).toBeDefined();
			expect(res.cpu.load15).toBeDefined();
			expect(res.cpu.cores).toBeDefined();
			expect(res.cpu.utilization).toBeDefined();

			expect(res.mem).toBeDefined();
			expect(res.mem.free).toBeDefined();
			expect(res.mem.total).toBeDefined();
			expect(res.mem.percent).toBeDefined();

			expect(res.os).toBeDefined();
			expect(res.os.uptime).toBeDefined();
			expect(res.os.type).toBeDefined();
			expect(res.os.release).toBeDefined();
			expect(res.os.hostname).toBeDefined();
			expect(res.os.arch).toBeDefined();
			expect(res.os.platform).toBeDefined();
			expect(res.os.user).toBeDefined();
			expect(res.net).toBeDefined();
			expect(res.net.ip).toBeDefined();
			expect(res.client).toBeDefined();
			expect(res.process).toBeDefined();
			expect(res.process.pid).toBeDefined();
			expect(res.process.memory).toBeDefined();
			expect(res.process.uptime).toBeDefined();
			expect(res.process.argv).toBeDefined();
			expect(res.time).toBeDefined();
			expect(res.time.now).toBeDefined();
			expect(res.time.iso).toBeDefined();
			expect(res.time.utc).toBeDefined();
		});
	});

	it(""should return metrics"", () => {
		return broker
			.call(""$node.metrics"", {
				includes: [""moleculer.broker.**""]
			})
			.then(res => {
				expect(res).toEqual([
					{
						description: ""Moleculer namespace"",
						labelNames: [],
						name: ""moleculer.broker.namespace"",
						type: ""info"",
						unit: undefined,
						values: [
							{
								key: """",
								labels: {},
								timestamp: expect.any(Number),
								value: """"
							}
						]
					},
					{
						description: ""ServiceBroker started"",
						labelNames: [],
						name: ""moleculer.broker.started"",
						type: ""gauge"",
						unit: undefined,
						values: [
							{
								key: """",
								labels: {},
								timestamp: expect.any(Number),
								value: 1
							}
						]
					},
					{
						description: ""Number of local services"",
						labelNames: [],
						name: ""moleculer.broker.local.services.total"",
						type: ""gauge"",
						unit: undefined,
						values: [
							{
								key: """",
								labels: {},
								timestamp: expect.any(Number),
								value: 3
							}
						]
					},
					{
						description: ""Number of local middlewares"",
						labelNames: [],
						name: ""moleculer.broker.middlewares.total"",
						type: ""gauge"",
						unit: undefined,
						values: [
							{
								key: """",
								labels: {},
								timestamp: expect.any(Number),
								value: 13
							}
						]
					}
				]);
			});
	});
})",snuts
/test/unit/validators/base.spec.js,IdenticalTestDescription,"{'startLine':147,'endLine':181}","it(""should wrap the handler"", () => {
			const mw = v.middleware(broker);

			const mockAction = {
				name: ""posts.find"",
				params: {
					$$async: true,
					id: ""number"",
					name: ""string""
				},
				handler: jest.fn(() => Promise.resolve())
			};
			v.compile = jest.fn(() => checkGood);

			// Create wrapped handler
			const wrapped = mw.localAction(mockAction.handler, mockAction);
			expect(typeof wrapped).toBe(""function"");
			expect(wrapped).not.toBe(mockAction.handler);

			expect(v.compile).toHaveBeenCalledTimes(1);
			expect(v.compile).toHaveBeenCalledWith({ $$async: true, id: ""number"", name: ""string"" });

			// Create fake context
			const ctx = { params: { id: 5, name: ""John"" }, action: { name: ""users.create"" } };

			// Call wrapped function
			return wrapped(ctx).then(() => {
				expect(checkGood).toHaveBeenCalledTimes(1);
				expect(checkGood).toHaveBeenCalledWith(
					{ id: 5, name: ""John"" },
					{ meta: { params: { id: 5, name: ""John"" }, action: { name: ""users.create"" } } }
				);
				expect(mockAction.handler).toHaveBeenCalledTimes(1);
			});
		})",snuts
/test/unit/validators/base.spec.js,IdenticalTestDescription,"{'startLine':183,'endLine':210}","it(""should call validator & throw error & not call handler"", () => {
			const mw = v.middleware(broker);

			const mockAction = {
				name: ""posts.find"",
				params: {
					id: ""number"",
					name: ""string""
				},
				handler: jest.fn(() => Promise.resolve())
			};
			v.compile = jest.fn(() => checkBad);

			// Create wrapped handler
			const wrapped = mw.localAction(mockAction.handler, mockAction);
			expect(wrapped).not.toBe(mockAction.handler);
			// Create fake context with wrong params
			const ctx = { params: { id: 5, fullName: ""John"" }, action: mockAction };

			// Call wrapped function
			return wrapped(ctx).catch(err => {
				expect(err).toBeInstanceOf(ValidationError);
				expect(err.data).toEqual([
					{ action: ""posts.find"", field: ""any"", nodeID: undefined, type: ""required"" }
				]);
				expect(mockAction.handler).toHaveBeenCalledTimes(0);
			});
		})",snuts
/test/unit/validators/base.spec.js,IdenticalTestDescription,"{'startLine':219,'endLine':252}","it(""should wrap the handler"", () => {
			const mw = v.middleware(broker);

			const mockAction = {
				name: ""posts.find"",
				paramValidation: {
					id: ""number"",
					name: ""string""
				},
				handler: jest.fn(() => Promise.resolve())
			};
			v.compile = jest.fn(() => checkGood);

			// Create wrapped handler
			const wrapped = mw.localAction(mockAction.handler, mockAction);
			expect(typeof wrapped).toBe(""function"");
			expect(wrapped).not.toBe(mockAction.handler);

			expect(v.compile).toHaveBeenCalledTimes(1);
			expect(v.compile).toHaveBeenCalledWith({ id: ""number"", name: ""string"" });

			// Create fake context
			const ctx = { params: { id: 5, name: ""John"" }, action: { name: ""users.create"" } };

			// Call wrapped function
			return wrapped(ctx).then(() => {
				expect(checkGood).toHaveBeenCalledTimes(1);
				expect(checkGood).toHaveBeenCalledWith(
					{ id: 5, name: ""John"" },
					{ meta: { params: { id: 5, name: ""John"" }, action: { name: ""users.create"" } } }
				);
				expect(mockAction.handler).toHaveBeenCalledTimes(1);
			});
		})",snuts
/test/unit/validators/base.spec.js,IdenticalTestDescription,"{'startLine':254,'endLine':267}","it(""should not wrap handler because the params is NOT exist"", () => {
			const mockAction = {
				name: ""posts.find"",
				params: {
					id: ""number"",
					name: ""string""
				},
				handler: jest.fn()
			};

			const wrapped = v.middleware().localAction(mockAction.handler, mockAction);
			expect(typeof wrapped).toBe(""function"");
			expect(wrapped).toBe(mockAction.handler);
		})",snuts
/test/unit/validators/base.spec.js,IdenticalTestDescription,"{'startLine':276,'endLine':283}","it(""should return a middleware object"", () => {
			const mw = v.middleware();
			expect(mw).toEqual({
				name: ""Validator"",
				localAction: expect.any(Function),
				localEvent: expect.any(Function)
			});
		})",snuts
/test/unit/validators/base.spec.js,IdenticalTestDescription,"{'startLine':320,'endLine':345}","it(""should call validator & throw error & not call handler"", () => {
			const mw = v.middleware(broker);

			const mockEvent = {
				name: ""posts.find"",
				params: {
					id: ""number"",
					name: ""string""
				},
				handler: jest.fn(() => Promise.resolve())
			};
			v.compile = jest.fn(() => checkBad);

			// Create wrapped handler
			const wrapped = mw.localEvent(mockEvent.handler, mockEvent);
			expect(typeof wrapped).toBe(""function"");
			expect(wrapped).not.toBe(mockEvent.handler);
			// Create fake context with wrong params
			const ctx = { params: { id: 5, fullName: ""John"" }, event: mockEvent };

			// Call wrapped function
			return wrapped(ctx).catch(err => {
				expect(err).toBeInstanceOf(ValidationError);
				expect(mockEvent.handler).toHaveBeenCalledTimes(0);
			});
		})",snuts
/test/unit/validators/base.spec.js,IdenticalTestDescription,"{'startLine':367,'endLine':401}","it(""should call validator & handler"", () => {
			const mw = v.middleware(broker);

			const mockEvent = {
				name: ""posts.find"",
				params: {
					$$async: true,
					id: ""number"",
					name: ""string""
				},
				handler: jest.fn(() => Promise.resolve())
			};
			v.compile = jest.fn(() => checkGood);

			// Create wrapped handler
			const wrapped = mw.localEvent(mockEvent.handler, mockEvent);
			expect(typeof wrapped).toBe(""function"");
			expect(wrapped).not.toBe(mockEvent.handler);

			expect(v.compile).toHaveBeenCalledTimes(1);
			expect(v.compile).toHaveBeenCalledWith({ $$async: true, id: ""number"", name: ""string"" });

			// Create fake context
			const ctx = { params: { id: 5, name: ""John"" }, event: mockEvent };

			// Call wrapped function
			return wrapped(ctx).then(() => {
				expect(checkGood).toHaveBeenCalledTimes(1);
				expect(checkGood).toHaveBeenCalledWith(
					{ id: 5, name: ""John"" },
					{ meta: { params: { id: 5, name: ""John"" }, event: mockEvent } }
				);
				expect(mockEvent.handler).toHaveBeenCalledTimes(1);
			});
		})",snuts
/test/unit/validators/base.spec.js,IdenticalTestDescription,"{'startLine':403,'endLine':428}","it(""should call validator & throw error & not call handler"", () => {
			const mw = v.middleware(broker);

			const mockEvent = {
				name: ""posts.find"",
				params: {
					id: ""number"",
					name: ""string""
				},
				handler: jest.fn(() => Promise.resolve())
			};
			v.compile = jest.fn(() => checkBad);

			// Create wrapped handler
			const wrapped = mw.localEvent(mockEvent.handler, mockEvent);
			expect(typeof wrapped).toBe(""function"");
			expect(wrapped).not.toBe(mockEvent.handler);
			// Create fake context with wrong params
			const ctx = { params: { id: 5, fullName: ""John"" }, event: mockEvent };

			// Call wrapped function
			return wrapped(ctx).catch(err => {
				expect(err).toBeInstanceOf(ValidationError);
				expect(mockEvent.handler).toHaveBeenCalledTimes(0);
			});
		})",snuts
/test/unit/validators/base.spec.js,IdenticalTestDescription,"{'startLine':437,'endLine':470}","it(""should call validator & handler"", () => {
			const mw = v.middleware(broker);

			const mockEvent = {
				name: ""posts.find"",
				paramValidation: {
					id: ""number"",
					name: ""string""
				},
				handler: jest.fn(() => Promise.resolve())
			};
			v.compile = jest.fn(() => checkGood);

			// Create wrapped handler
			const wrapped = mw.localEvent(mockEvent.handler, mockEvent);
			expect(typeof wrapped).toBe(""function"");
			expect(wrapped).not.toBe(mockEvent.handler);

			expect(v.compile).toHaveBeenCalledTimes(1);
			expect(v.compile).toHaveBeenCalledWith({ id: ""number"", name: ""string"" });

			// Create fake context
			const ctx = { params: { id: 5, name: ""John"" }, event: mockEvent };

			// Call wrapped function
			return wrapped(ctx).then(() => {
				expect(checkGood).toHaveBeenCalledTimes(1);
				expect(checkGood).toHaveBeenCalledWith(
					{ id: 5, name: ""John"" },
					{ meta: { params: { id: 5, name: ""John"" }, event: mockEvent } }
				);
				expect(mockEvent.handler).toHaveBeenCalledTimes(1);
			});
		})",snuts
/test/unit/validators/base.spec.js,IdenticalTestDescription,"{'startLine':472,'endLine':485}","it(""should call handler because the params is NOT exist"", () => {
			const mockEvent = {
				name: ""posts.find"",
				params: {
					id: ""number"",
					name: ""string""
				},
				handler: jest.fn()
			};

			const wrapped = v.middleware().localEvent(mockEvent.handler, mockEvent);
			expect(typeof wrapped).toBe(""function"");
			expect(wrapped).toBe(mockEvent.handler);
		})",snuts
/test/unit/transporters/tcp.spec.js,AnonymousTest,"{'startLine':48,'endLine':75}","it(""check constructor"", () => {
		let transporter = new TcpTransporter();
		expect(transporter).toBeDefined();
		expect(transporter.opts).toEqual({
			udpDiscovery: true,
			udpReuseAddr: true,
			udpMaxDiscovery: 0,
			udpBindAddress: null,
			udpPort: 4445,
			udpPeriod: 30,
			udpMulticast: ""239.0.0.0"",
			udpMulticastTTL: 1,
			udpBroadcast: false,
			port: null,
			urls: null,
			useHostname: true,
			gossipPeriod: 2,
			maxConnections: 32,
			maxPacketSize: 1 * 1024 * 1024
		});
		expect(transporter.connected).toBe(false);
		expect(transporter.hasBuiltInBalancer).toBe(false);

		expect(transporter.reader).toBeNull();
		expect(transporter.writer).toBeNull();
		expect(transporter.udpServer).toBeNull();
		expect(transporter.gossipTimer).toBeNull();
	})",snuts
/test/unit/transporters/tcp.spec.js,AnonymousTest,"{'startLine':114,'endLine':121}","it(""check init"", () => {
		broker.registry.discoverer.disableHeartbeat = jest.fn();
		transporter.init(broker.transit, jest.fn(), jest.fn());

		expect(transporter.registry).toBe(broker.registry);
		expect(transporter.nodes).toBe(broker.registry.nodes);
		expect(broker.registry.discoverer.disableHeartbeat).toHaveBeenCalledTimes(1);
	})",snuts
/test/unit/transporters/tcp.spec.js,AnonymousTest,"{'startLine':141,'endLine':163}","it(""check connect"", () => {
		transporter.onConnected = jest.fn(() => Promise.resolve());
		broker.registry.regenerateLocalRawInfo = jest.fn();

		let p = transporter
			.connect()
			.catch(protectReject)
			.then(() => {
				expect(transporter.connected).toBe(true);
				expect(transporter.startTcpServer).toHaveBeenCalledTimes(1);
				expect(transporter.startUdpServer).toHaveBeenCalledTimes(1);
				expect(transporter.startTimers).toHaveBeenCalledTimes(1);

				expect(broker.registry.nodes.localNode.port).toBe(1234);

				expect(broker.registry.regenerateLocalRawInfo).toHaveBeenCalledTimes(1);

				expect(transporter.onConnected).toHaveBeenCalledTimes(1);
				expect(transporter.loadUrls).toHaveBeenCalledTimes(0);
			});

		return p;
	})",snuts
/test/unit/transporters/tcp.spec.js,AnonymousTest,"{'startLine':187,'endLine':203}","it(""check disconnect"", () => {
		transporter.reader = { close: jest.fn() };
		transporter.writer = { close: jest.fn() };
		transporter.udpServer = { close: jest.fn() };

		return transporter
			.connect()
			.catch(protectReject)
			.then(() => {
				transporter.disconnect();
				expect(transporter.connected).toBe(false);
				expect(transporter.stopTimers).toHaveBeenCalledTimes(1);
				expect(transporter.reader.close).toHaveBeenCalledTimes(1);
				expect(transporter.writer.close).toHaveBeenCalledTimes(1);
				expect(transporter.udpServer.close).toHaveBeenCalledTimes(1);
			});
	})",snuts
/test/unit/transporters/tcp.spec.js,AnonymousTest,"{'startLine':383,'endLine':398}","it(""check startTcpServer"", () => {
		transporter.startTcpServer();

		expect(TcpWriter).toHaveBeenCalledTimes(1);
		expect(TcpWriter).toHaveBeenCalledWith(transporter, transporter.opts);

		expect(TcpReader).toHaveBeenCalledTimes(1);
		expect(TcpReader).toHaveBeenCalledWith(transporter, transporter.opts);

		expect(transporter.writer.on).toHaveBeenCalledTimes(2);
		expect(transporter.writer.on).toHaveBeenCalledWith(""error"", expect.any(Function));
		expect(transporter.writer.on).toHaveBeenCalledWith(""end"", expect.any(Function));

		expect(transporter.reader.listen).toHaveBeenCalledTimes(1);
		expect(transporter.reader.listen).toHaveBeenCalledWith();
	})",snuts
/test/unit/transporters/tcp.spec.js,AnonymousTest,"{'startLine':431,'endLine':442}","it(""check startUdpServer"", () => {
		transporter.startUdpServer();

		expect(UdpServer).toHaveBeenCalledTimes(1);
		expect(UdpServer).toHaveBeenCalledWith(transporter, transporter.opts);

		expect(transporter.udpServer.on).toHaveBeenCalledTimes(1);
		expect(transporter.udpServer.on).toHaveBeenCalledWith(""message"", expect.any(Function));

		expect(transporter.udpServer.bind).toHaveBeenCalledTimes(1);
		expect(transporter.udpServer.bind).toHaveBeenCalledWith();
	})",snuts
/test/unit/transporters/tcp.spec.js,AnonymousTest,"{'startLine':518,'endLine':523}","it(""check startTimers"", () => {
		expect(transporter.gossipTimer).toBeNull();
		transporter.startTimers();
		expect(transporter.gossipTimer).toBeDefined();
		transporter.stopTimers(); // clean up handle
	})",snuts
/test/unit/transporters/tcp.spec.js,AnonymousTest,"{'startLine':542,'endLine':547}","it(""check stopTimers"", () => {
		transporter.startTimers();
		expect(transporter.gossipTimer).toBeDefined();
		transporter.stopTimers();
		expect(transporter.gossipTimer).toBeNull();
	})",snuts
/test/unit/transporters/tcp.spec.js,OvercommentedTest,"{'startLine':1195,'endLine':1244}","it(""should update local info and send new node info"", () => {
			const nodes = [
				{ id: ""node-1"", local: true, available: true, seq: 10, cpu: 11, cpuSeq: 100 },
				{ id: ""node-2"", local: false, available: true, seq: 20, cpu: 22, cpuSeq: 200 },
				{ id: ""node-3"", local: false, available: true, seq: 30, cpu: 33, cpuSeq: 300 },
				{ id: ""node-4"", local: false, available: false, seq: 40, cpu: 44, cpuSeq: 400 },
				{ id: ""node-5"", local: false, available: false, seq: 50, cpu: 55, cpuSeq: 500 },
				{ id: ""node-6"", local: false, available: false, seq: 60, cpu: 66, cpuSeq: 600 }
			];
			transporter.nodes.toArray = jest.fn(() => nodes);

			transporter.processGossipRequest({
				sender: ""node-2"",
				payload: {
					online: {
						""node-1"": [15, 100, 11], // Local - do nothing
						""node-2"": [18, 180, 10], // We got older info, send newer
						""node-5"": [48, 500, 55], // We got older info, send it is offline
						""node-6"": [66, 606, 6], // We got newer info, but we think it is offline, skip
						""node-7"": [70, 700, 77] // We don't know it, skip
					},
					offline: {
						""node-4"": 41, // Newer seq
						""node-3"": 33, // Newer seq, Gone to offline, we change it to offline
						""node-8"": 88 // We don't know it, skip
					}
				}
			});

			expect(transporter.registry.getNodeInfo).toHaveBeenCalledTimes(1);
			expect(transporter.registry.getNodeInfo).toHaveBeenCalledWith(""node-2"");

			expect(transporter.nodes.disconnected).toHaveBeenCalledTimes(1);
			expect(transporter.nodes.disconnected).toHaveBeenCalledWith(""node-3"", false);
			expect(nodes[2].seq).toBe(33);

			expect(transporter.publish).toHaveBeenCalledTimes(1);
			expect(transporter.publish).toHaveBeenCalledWith({
				type: ""GOSSIP_RES"",
				target: ""node-2"",
				payload: {
					online: {
						""node-2"": [{ info: ""node-2"" }, 200, 22]
					},
					offline: {
						""node-5"": 50
					}
				}
			});
		})",snuts
/test/unit/transporters/tcp.spec.js,OvercommentedTest,"{'startLine':1246,'endLine':1320}","it(""should update local info and send new node info and inc our seq"", () => {
			const heartbeat = jest.fn();
			const nodes = [
				{ id: ""node-1"", local: true, available: true, seq: 1, cpu: 11, cpuSeq: 100 },
				{
					id: ""node-2"",
					local: false,
					available: true,
					seq: 20,
					cpu: 22,
					cpuSeq: 200,
					heartbeat
				},
				{ id: ""node-3"", local: false, available: true, seq: 30, cpu: 33, cpuSeq: 300 },
				{ id: ""node-4"", local: false, available: false, seq: 40, cpu: 44, cpuSeq: 400 },
				{ id: ""node-5"", local: false, available: false, seq: 50, cpu: 55, cpuSeq: 500 },
				{ id: ""node-6"", local: false, available: false, seq: 60, cpu: 66, cpuSeq: 600 },
				{ id: ""node-7"", local: false, available: true, seq: 70, cpu: null, cpuSeq: null },
				{ id: ""node-8"", local: false, available: true, seq: 80, cpu: 88, cpuSeq: 800 }
			];
			transporter.nodes.toArray = jest.fn(() => nodes);
			transporter.nodes.get = jest.fn(() => ({ id: ""node-10"" }));
			transporter.registry.getNodeInfo = jest.fn(id => ({ info: id }));
			transporter.registry.getLocalNodeInfo = jest.fn(() => ({ info: ""node-1"" }));

			transporter.processGossipRequest({
				sender: ""node-10"",
				payload: {
					online: {
						""node-2"": [20, 220, 25], // We got newer CPU info, update local
						""node-3"": [30, 300, 33], // No changes, skip
						// No node-7, send back with info
						""node-8"": [80, 777, 77] // Whet got older CPU info, send back newer
					},
					offline: {
						""node-1"": 33, // Local - inc seq & send we are online
						// No ""node-4"", send back
						// No ""node-5"", send back
						""node-6"": 60 // No changes, skip
					}
				}
			});

			// Local Seq Incremented
			expect(nodes[0].seq).toBe(34);

			expect(transporter.registry.getNodeInfo).toHaveBeenCalledTimes(1);
			expect(transporter.registry.getNodeInfo).toHaveBeenCalledWith(""node-7"");

			expect(transporter.registry.getLocalNodeInfo).toHaveBeenCalledTimes(1);
			expect(transporter.registry.getLocalNodeInfo).toHaveBeenCalledWith(true);

			// Update 'node-2'
			expect(heartbeat).toHaveBeenCalledTimes(1);
			expect(heartbeat).toHaveBeenCalledWith({ cpu: 25, cpuSeq: 220 });

			expect(transporter.nodes.disconnected).toHaveBeenCalledTimes(0);

			expect(transporter.publish).toHaveBeenCalledTimes(1);
			expect(transporter.publish).toHaveBeenCalledWith({
				type: ""GOSSIP_RES"",
				target: ""node-10"",
				payload: {
					online: {
						""node-1"": [{ info: ""node-1"" }, 100, 11],
						""node-7"": [{ info: ""node-7"" }, 0, 0],
						""node-8"": [800, 88]
					},
					offline: {
						""node-4"": 40,
						""node-5"": 50
					}
				}
			});
		})",snuts
/test/unit/transporters/tcp.spec.js,OvercommentedTest,"{'startLine':1331,'endLine':1400}","it(""should update local info and send new node info"", () => {
			const heartbeat = jest.fn();
			const nodes = [
				// Online nodes
				{ id: ""node-1"", local: true, available: true, seq: 10, cpu: 11, cpuSeq: 100 },
				{ id: ""node-2"", local: false, available: true, seq: 20, cpu: 22, cpuSeq: 200 },
				{ id: ""node-3"", local: false, available: true, seq: 30, cpu: 33, cpuSeq: 300 },
				{ id: ""node-4"", local: false, available: true, seq: 40, cpu: 44, cpuSeq: 400 },
				{
					id: ""node-5"",
					local: false,
					available: true,
					seq: 50,
					cpu: 55,
					cpuSeq: 500,
					heartbeat
				},
				//{ id: ""node-6"", local: false, available: true, seq: 60, cpu: 66, cpuSeq: 600 },

				// Offline nodes
				{ id: ""node-7"", local: false, available: false, seq: 70, cpu: 77, cpuSeq: 700 },
				{ id: ""node-8"", local: false, available: false, seq: 80, cpu: 88, cpuSeq: 800 },
				{ id: ""node-9"", local: false, available: false, seq: 90, cpu: 99, cpuSeq: 900 },
				{ id: ""node-10"", local: false, available: true, seq: 100, cpu: 100, cpuSeq: 1000 }
			];
			transporter.nodes.toArray = jest.fn(() => nodes);
			transporter.nodes.get = jest.fn(id => nodes.find(n => n.id == id));

			transporter.processGossipResponse({
				sender: ""node-2"",
				payload: {
					online: {
						""node-1"": [{ seq: 15 }, 100, 11], // Local - skip
						""node-2"": [{ seq: 18 }, 180, 10], // We got older info, skip
						""node-5"": [550, 5], // We got only new CPU info, update
						""node-6"": [{ seq: 66 }, 660, 6], // We got newer info from unknow node, update
						""node-7"": [{ seq: 77 }] // We got only new info from offline node, update
					},
					offline: {
						""node-8"": 88, // We got newer seq, update
						""node-9"": 33, // We got older seq, skip
						""node-10"": 101, // We got newer seq from online node, disconnect and save seq
						""node-11"": 110 // Unknow node, skip
					}
				}
			});

			// Update 'node-5' cpu
			expect(heartbeat).toHaveBeenCalledTimes(1);
			expect(heartbeat).toHaveBeenCalledWith({ cpu: 5, cpuSeq: 550 });

			// Update 'node-6' & 'node-7'
			expect(transporter.nodes.processNodeInfo).toHaveBeenCalledTimes(2);
			expect(transporter.nodes.processNodeInfo).toHaveBeenCalledWith({
				sender: ""node-6"",
				seq: 66
			});
			expect(transporter.nodes.processNodeInfo).toHaveBeenCalledWith({
				sender: ""node-7"",
				seq: 77
			});

			// Update 'node-8' seq
			expect(nodes[6].seq).toBe(88);

			// Disconnect 'node-10'
			expect(transporter.nodes.disconnected).toHaveBeenCalledTimes(1);
			expect(transporter.nodes.disconnected).toHaveBeenCalledWith(""node-10"", false);
			expect(nodes[8].seq).toBe(101);
		})",snuts
/test/unit/transporters/tcp.spec.js,IdenticalTestDescription,"{'startLine':927,'endLine':936}","it(""should call processGossipHello"", () => {
			const msg = {};
			const socket = {};
			transporter.processGossipHello = jest.fn();

			transporter.onIncomingMessage(P.PACKET_GOSSIP_HELLO, msg, socket);

			expect(transporter.processGossipHello).toHaveBeenCalledTimes(1);
			expect(transporter.processGossipHello).toHaveBeenCalledWith(msg, socket);
		})",snuts
/test/unit/transporters/tcp.spec.js,IdenticalTestDescription,"{'startLine':938,'endLine':946}","it(""should call processGossipRequest"", () => {
			const msg = {};
			transporter.processGossipRequest = jest.fn();

			transporter.onIncomingMessage(P.PACKET_GOSSIP_REQ, msg);

			expect(transporter.processGossipRequest).toHaveBeenCalledTimes(1);
			expect(transporter.processGossipRequest).toHaveBeenCalledWith(msg);
		})",snuts
/test/unit/transporters/tcp.spec.js,IdenticalTestDescription,"{'startLine':948,'endLine':956}","it(""should call processGossipResponse"", () => {
			const msg = {};
			transporter.processGossipResponse = jest.fn();

			transporter.onIncomingMessage(P.PACKET_GOSSIP_RES, msg);

			expect(transporter.processGossipResponse).toHaveBeenCalledTimes(1);
			expect(transporter.processGossipResponse).toHaveBeenCalledWith(msg);
		})",snuts
/test/unit/transporters/tcp.spec.js,IdenticalTestDescription,"{'startLine':958,'endLine':969}","it(""should call incomingMessage"", () => {
			const msg = {};
			transporter.incomingMessage = jest.fn();

			transporter.onIncomingMessage(P.PACKET_REQUEST, msg);
			expect(transporter.incomingMessage).toHaveBeenCalledTimes(1);
			expect(transporter.incomingMessage).toHaveBeenCalledWith(P.PACKET_REQUEST, msg);

			transporter.onIncomingMessage(P.PACKET_EVENT, msg);
			expect(transporter.incomingMessage).toHaveBeenCalledTimes(2);
			expect(transporter.incomingMessage).toHaveBeenCalledWith(P.PACKET_EVENT, msg);
		})",snuts
/test/unit/transporters/tcp.spec.js,IdenticalTestDescription,"{'startLine':1331,'endLine':1400}","it(""should update local info and send new node info"", () => {
			const heartbeat = jest.fn();
			const nodes = [
				// Online nodes
				{ id: ""node-1"", local: true, available: true, seq: 10, cpu: 11, cpuSeq: 100 },
				{ id: ""node-2"", local: false, available: true, seq: 20, cpu: 22, cpuSeq: 200 },
				{ id: ""node-3"", local: false, available: true, seq: 30, cpu: 33, cpuSeq: 300 },
				{ id: ""node-4"", local: false, available: true, seq: 40, cpu: 44, cpuSeq: 400 },
				{
					id: ""node-5"",
					local: false,
					available: true,
					seq: 50,
					cpu: 55,
					cpuSeq: 500,
					heartbeat
				},
				//{ id: ""node-6"", local: false, available: true, seq: 60, cpu: 66, cpuSeq: 600 },

				// Offline nodes
				{ id: ""node-7"", local: false, available: false, seq: 70, cpu: 77, cpuSeq: 700 },
				{ id: ""node-8"", local: false, available: false, seq: 80, cpu: 88, cpuSeq: 800 },
				{ id: ""node-9"", local: false, available: false, seq: 90, cpu: 99, cpuSeq: 900 },
				{ id: ""node-10"", local: false, available: true, seq: 100, cpu: 100, cpuSeq: 1000 }
			];
			transporter.nodes.toArray = jest.fn(() => nodes);
			transporter.nodes.get = jest.fn(id => nodes.find(n => n.id == id));

			transporter.processGossipResponse({
				sender: ""node-2"",
				payload: {
					online: {
						""node-1"": [{ seq: 15 }, 100, 11], // Local - skip
						""node-2"": [{ seq: 18 }, 180, 10], // We got older info, skip
						""node-5"": [550, 5], // We got only new CPU info, update
						""node-6"": [{ seq: 66 }, 660, 6], // We got newer info from unknow node, update
						""node-7"": [{ seq: 77 }] // We got only new info from offline node, update
					},
					offline: {
						""node-8"": 88, // We got newer seq, update
						""node-9"": 33, // We got older seq, skip
						""node-10"": 101, // We got newer seq from online node, disconnect and save seq
						""node-11"": 110 // Unknow node, skip
					}
				}
			});

			// Update 'node-5' cpu
			expect(heartbeat).toHaveBeenCalledTimes(1);
			expect(heartbeat).toHaveBeenCalledWith({ cpu: 5, cpuSeq: 550 });

			// Update 'node-6' & 'node-7'
			expect(transporter.nodes.processNodeInfo).toHaveBeenCalledTimes(2);
			expect(transporter.nodes.processNodeInfo).toHaveBeenCalledWith({
				sender: ""node-6"",
				seq: 66
			});
			expect(transporter.nodes.processNodeInfo).toHaveBeenCalledWith({
				sender: ""node-7"",
				seq: 77
			});

			// Update 'node-8' seq
			expect(nodes[6].seq).toBe(88);

			// Disconnect 'node-10'
			expect(transporter.nodes.disconnected).toHaveBeenCalledTimes(1);
			expect(transporter.nodes.disconnected).toHaveBeenCalledWith(""node-10"", false);
			expect(nodes[8].seq).toBe(101);
		})",snuts
/test/unit/transporters/tcp.spec.js,SubOptimalAssert,"{'startLine':336,'endLine':336}","it(""should create an offline node"", () => {
		expect(transporter.nodes.toArray().length).toBe(1);

		const node = transporter.addOfflineNode(""node-123"", ""10.20.30.40"", 12345);
		expect(node.id).toBe(""node-123"");
		expect(node.local).toBe(false);
		expect(node.hostname).toBe(""10.20.30.40"");
		expect(node.ipList).toEqual([""10.20.30.40""]);
		expect(node.port).toBe(12345);
		expect(node.available).toBe(false);
		expect(node.seq).toBe(0);
		expect(node.offlineSince).toBeDefined();

		expect(transporter.getNode(""node-123"")).toBe(node);
	})",snuts
/test/unit/transporters/tcp.spec.js,VerboseStatement,"{'startLine':1246,'endLine':1320}","it(""should update local info and send new node info and inc our seq"", () => {
			const heartbeat = jest.fn();
			const nodes = [
				{ id: ""node-1"", local: true, available: true, seq: 1, cpu: 11, cpuSeq: 100 },
				{
					id: ""node-2"",
					local: false,
					available: true,
					seq: 20,
					cpu: 22,
					cpuSeq: 200,
					heartbeat
				},
				{ id: ""node-3"", local: false, available: true, seq: 30, cpu: 33, cpuSeq: 300 },
				{ id: ""node-4"", local: false, available: false, seq: 40, cpu: 44, cpuSeq: 400 },
				{ id: ""node-5"", local: false, available: false, seq: 50, cpu: 55, cpuSeq: 500 },
				{ id: ""node-6"", local: false, available: false, seq: 60, cpu: 66, cpuSeq: 600 },
				{ id: ""node-7"", local: false, available: true, seq: 70, cpu: null, cpuSeq: null },
				{ id: ""node-8"", local: false, available: true, seq: 80, cpu: 88, cpuSeq: 800 }
			];
			transporter.nodes.toArray = jest.fn(() => nodes);
			transporter.nodes.get = jest.fn(() => ({ id: ""node-10"" }));
			transporter.registry.getNodeInfo = jest.fn(id => ({ info: id }));
			transporter.registry.getLocalNodeInfo = jest.fn(() => ({ info: ""node-1"" }));

			transporter.processGossipRequest({
				sender: ""node-10"",
				payload: {
					online: {
						""node-2"": [20, 220, 25], // We got newer CPU info, update local
						""node-3"": [30, 300, 33], // No changes, skip
						// No node-7, send back with info
						""node-8"": [80, 777, 77] // Whet got older CPU info, send back newer
					},
					offline: {
						""node-1"": 33, // Local - inc seq & send we are online
						// No ""node-4"", send back
						// No ""node-5"", send back
						""node-6"": 60 // No changes, skip
					}
				}
			});

			// Local Seq Incremented
			expect(nodes[0].seq).toBe(34);

			expect(transporter.registry.getNodeInfo).toHaveBeenCalledTimes(1);
			expect(transporter.registry.getNodeInfo).toHaveBeenCalledWith(""node-7"");

			expect(transporter.registry.getLocalNodeInfo).toHaveBeenCalledTimes(1);
			expect(transporter.registry.getLocalNodeInfo).toHaveBeenCalledWith(true);

			// Update 'node-2'
			expect(heartbeat).toHaveBeenCalledTimes(1);
			expect(heartbeat).toHaveBeenCalledWith({ cpu: 25, cpuSeq: 220 });

			expect(transporter.nodes.disconnected).toHaveBeenCalledTimes(0);

			expect(transporter.publish).toHaveBeenCalledTimes(1);
			expect(transporter.publish).toHaveBeenCalledWith({
				type: ""GOSSIP_RES"",
				target: ""node-10"",
				payload: {
					online: {
						""node-1"": [{ info: ""node-1"" }, 100, 11],
						""node-7"": [{ info: ""node-7"" }, 0, 0],
						""node-8"": [800, 88]
					},
					offline: {
						""node-4"": 40,
						""node-5"": 50
					}
				}
			});
		})",snuts
/test/unit/transporters/tcp.spec.js,VerboseStatement,"{'startLine':1331,'endLine':1400}","it(""should update local info and send new node info"", () => {
			const heartbeat = jest.fn();
			const nodes = [
				// Online nodes
				{ id: ""node-1"", local: true, available: true, seq: 10, cpu: 11, cpuSeq: 100 },
				{ id: ""node-2"", local: false, available: true, seq: 20, cpu: 22, cpuSeq: 200 },
				{ id: ""node-3"", local: false, available: true, seq: 30, cpu: 33, cpuSeq: 300 },
				{ id: ""node-4"", local: false, available: true, seq: 40, cpu: 44, cpuSeq: 400 },
				{
					id: ""node-5"",
					local: false,
					available: true,
					seq: 50,
					cpu: 55,
					cpuSeq: 500,
					heartbeat
				},
				//{ id: ""node-6"", local: false, available: true, seq: 60, cpu: 66, cpuSeq: 600 },

				// Offline nodes
				{ id: ""node-7"", local: false, available: false, seq: 70, cpu: 77, cpuSeq: 700 },
				{ id: ""node-8"", local: false, available: false, seq: 80, cpu: 88, cpuSeq: 800 },
				{ id: ""node-9"", local: false, available: false, seq: 90, cpu: 99, cpuSeq: 900 },
				{ id: ""node-10"", local: false, available: true, seq: 100, cpu: 100, cpuSeq: 1000 }
			];
			transporter.nodes.toArray = jest.fn(() => nodes);
			transporter.nodes.get = jest.fn(id => nodes.find(n => n.id == id));

			transporter.processGossipResponse({
				sender: ""node-2"",
				payload: {
					online: {
						""node-1"": [{ seq: 15 }, 100, 11], // Local - skip
						""node-2"": [{ seq: 18 }, 180, 10], // We got older info, skip
						""node-5"": [550, 5], // We got only new CPU info, update
						""node-6"": [{ seq: 66 }, 660, 6], // We got newer info from unknow node, update
						""node-7"": [{ seq: 77 }] // We got only new info from offline node, update
					},
					offline: {
						""node-8"": 88, // We got newer seq, update
						""node-9"": 33, // We got older seq, skip
						""node-10"": 101, // We got newer seq from online node, disconnect and save seq
						""node-11"": 110 // Unknow node, skip
					}
				}
			});

			// Update 'node-5' cpu
			expect(heartbeat).toHaveBeenCalledTimes(1);
			expect(heartbeat).toHaveBeenCalledWith({ cpu: 5, cpuSeq: 550 });

			// Update 'node-6' & 'node-7'
			expect(transporter.nodes.processNodeInfo).toHaveBeenCalledTimes(2);
			expect(transporter.nodes.processNodeInfo).toHaveBeenCalledWith({
				sender: ""node-6"",
				seq: 66
			});
			expect(transporter.nodes.processNodeInfo).toHaveBeenCalledWith({
				sender: ""node-7"",
				seq: 77
			});

			// Update 'node-8' seq
			expect(nodes[6].seq).toBe(88);

			// Disconnect 'node-10'
			expect(transporter.nodes.disconnected).toHaveBeenCalledTimes(1);
			expect(transporter.nodes.disconnected).toHaveBeenCalledWith(""node-10"", false);
			expect(nodes[8].seq).toBe(101);
		})",snuts
/test/unit/transporters/stan.spec.js,AnonymousTest,"{'startLine':39,'endLine':46}","it(""check constructor"", () => {
		let transporter = new StanTransporter();
		expect(transporter).toBeDefined();
		expect(transporter.opts).toEqual({ clusterID: ""test-cluster"", preserveBuffers: true });
		expect(transporter.connected).toBe(false);
		expect(transporter.hasBuiltInBalancer).toBe(true);
		expect(transporter.client).toBeNull();
	})",snuts
/test/unit/transporters/stan.spec.js,AnonymousTest,"{'startLine':86,'endLine':113}","it(""check connect"", () => {
		let p = transporter
			.connect()
			.catch(protectReject)
			.then(() => {
				expect(transporter.client).toBeDefined();
				expect(transporter.client.on).toHaveBeenCalledTimes(6);
				expect(transporter.client.on).toHaveBeenCalledWith(""connect"", expect.any(Function));
				expect(transporter.client.on).toHaveBeenCalledWith(
					""reconnect"",
					expect.any(Function)
				);
				expect(transporter.client.on).toHaveBeenCalledWith(
					""reconnecting"",
					expect.any(Function)
				);
				expect(transporter.client.on).toHaveBeenCalledWith(
					""disconnect"",
					expect.any(Function)
				);
				expect(transporter.client.on).toHaveBeenCalledWith(""error"", expect.any(Function));
				expect(transporter.client.on).toHaveBeenCalledWith(""close"", expect.any(Function));
			});

		transporter._client.callbacks.connect();

		return p;
	})",snuts
/test/unit/transporters/stan.spec.js,AnonymousTest,"{'startLine':169,'endLine':182}","it(""check disconnect"", () => {
		let p = transporter
			.connect()
			.catch(protectReject)
			.then(() => {
				let cb = transporter.client.close;
				transporter.disconnect();
				expect(transporter.client).toBeNull();
				expect(cb).toHaveBeenCalledTimes(1);
			});

		transporter._client.callbacks.connect(); // Trigger the `resolve`
		return p;
	})",snuts
/test/unit/transporters/stan.spec.js,AnonymousTest,"{'startLine':202,'endLine':235}","it(""check subscribe"", () => {
		let subCb;
		let subscribeOn = jest.fn((msg, cb) => {
			subCb = cb;
		});
		transporter.client.subscribe = jest.fn(() => {
			return {
				on: subscribeOn
			};
		});
		transporter.incomingMessage = jest.fn();

		transporter.subscribe(""REQ"", ""node"");

		expect(transporter.client.subscribe).toHaveBeenCalledTimes(1);
		expect(transporter.client.subscribe).toHaveBeenCalledWith(
			""MOL-TEST.REQ.node"",
			expect.any(Object)
		);

		expect(transporter.client.subscriptionOptions).toHaveBeenCalledTimes(1);

		expect(subscribeOn).toHaveBeenCalledTimes(1);
		expect(subscribeOn).toHaveBeenCalledWith(""message"", expect.any(Function));

		// Test subscribe callback
		subCb({
			getRawData() {
				return ""incoming data"";
			}
		});
		expect(transporter.incomingMessage).toHaveBeenCalledTimes(1);
		expect(transporter.incomingMessage).toHaveBeenCalledWith(""REQ"", ""incoming data"");
	})",snuts
/test/unit/transporters/stan.spec.js,AnonymousTest,"{'startLine':237,'endLine':278}","it(""check subscribeBalancedRequest"", () => {
		transporter.client.subscriptionOptions.mockClear();
		transporter.client.setDeliverAllAvailable.mockClear();
		transporter.client.setDurableName.mockClear();

		let subCb;
		let subscribeOn = jest.fn((msg, cb) => {
			subCb = cb;
		});
		transporter.client.subscribe = jest.fn(() => {
			return {
				on: subscribeOn
			};
		});
		transporter.incomingMessage = jest.fn();

		transporter.subscribeBalancedRequest(""posts.find"");

		expect(transporter.client.subscribe).toHaveBeenCalledTimes(1);
		expect(transporter.client.subscribe).toHaveBeenCalledWith(
			""MOL-TEST.REQB.posts.find"",
			""posts.find"",
			expect.any(Object)
		);

		expect(transporter.client.subscriptionOptions).toHaveBeenCalledTimes(1);
		expect(transporter.client.setDeliverAllAvailable).toHaveBeenCalledTimes(1);
		expect(transporter.client.setDurableName).toHaveBeenCalledTimes(1);
		expect(transporter.client.setDurableName).toHaveBeenCalledWith(""REQB"");

		expect(subscribeOn).toHaveBeenCalledTimes(1);
		expect(subscribeOn).toHaveBeenCalledWith(""message"", expect.any(Function));

		// Test subscribe callback
		subCb({
			getRawData() {
				return ""incoming data"";
			}
		});
		expect(transporter.incomingMessage).toHaveBeenCalledTimes(1);
		expect(transporter.incomingMessage).toHaveBeenCalledWith(""REQ"", ""incoming data"");
	})",snuts
/test/unit/transporters/stan.spec.js,AnonymousTest,"{'startLine':280,'endLine':333}","it(""check subscribeBalancedEvent"", () => {
		transporter.client.subscriptionOptions.mockClear();
		transporter.client.setDeliverAllAvailable.mockClear();
		transporter.client.setDurableName.mockClear();

		let subCb;
		let subscribeOn = jest.fn((msg, cb) => {
			subCb = cb;
		});
		let unsubscribe = jest.fn();
		transporter.client.subscribe = jest.fn(() => {
			return {
				on: subscribeOn,
				unsubscribe: unsubscribe
			};
		});
		transporter.incomingMessage = jest.fn();

		transporter.subscribeBalancedEvent(""user.created"", ""mail"");

		expect(transporter.client.subscribe).toHaveBeenCalledTimes(1);
		expect(transporter.client.subscribe).toHaveBeenCalledWith(
			""MOL-TEST.EVENTB.mail.user.created"",
			""mail"",
			expect.any(Object)
		);

		expect(transporter.client.subscriptionOptions).toHaveBeenCalledTimes(1);
		expect(transporter.client.setDeliverAllAvailable).toHaveBeenCalledTimes(1);
		expect(transporter.client.setDurableName).toHaveBeenCalledTimes(1);
		expect(transporter.client.setDurableName).toHaveBeenCalledWith(""EVENTB"");

		expect(subscribeOn).toHaveBeenCalledTimes(1);
		expect(subscribeOn).toHaveBeenCalledWith(""message"", expect.any(Function));

		// Test subscribe callback
		subCb({
			getRawData() {
				return ""incoming data"";
			}
		});
		expect(transporter.incomingMessage).toHaveBeenCalledTimes(1);
		expect(transporter.incomingMessage).toHaveBeenCalledWith(""EVENT"", ""incoming data"");

		// Test unsubscribeFromBalancedCommands
		transporter.client.unsubscribe = jest.fn();

		return transporter
			.unsubscribeFromBalancedCommands()
			.catch(protectReject)
			.then(() => {
				expect(unsubscribe).toHaveBeenCalledTimes(1);
			});
	})",snuts
/test/unit/transporters/stan.spec.js,AnonymousTest,"{'startLine':369,'endLine':388}","it(""check publishBalancedEvent"", () => {
		transporter.serialize = jest.fn(() => Buffer.from(""json data""));
		transporter.client.publish = jest.fn((topic, payload, resolve) => resolve());
		const packet = new P.Packet(P.PACKET_EVENT, null, {
			event: ""user.created"",
			data: { id: 5 },
			groups: [""mail""]
		});
		return transporter
			.publishBalancedEvent(packet, ""mail"")
			.catch(protectReject)
			.then(() => {
				expect(transporter.client.publish).toHaveBeenCalledTimes(1);
				expect(transporter.client.publish).toHaveBeenCalledWith(
					""MOL-TEST.EVENTB.mail.user.created"",
					Buffer.from(""json data""),
					expect.any(Function)
				);
			});
	})",snuts
/test/unit/transporters/stan.spec.js,AnonymousTest,"{'startLine':390,'endLine':407}","it(""check publishBalancedRequest"", () => {
		transporter.serialize = jest.fn(() => Buffer.from(""json data""));
		transporter.client.publish = jest.fn((topic, payload, resolve) => resolve());
		const packet = new P.Packet(P.PACKET_REQUEST, null, {
			action: ""posts.find""
		});
		return transporter
			.publishBalancedRequest(packet)
			.catch(protectReject)
			.then(() => {
				expect(transporter.client.publish).toHaveBeenCalledTimes(1);
				expect(transporter.client.publish).toHaveBeenCalledWith(
					""MOL-TEST.REQB.posts.find"",
					Buffer.from(""json data""),
					expect.any(Function)
				);
			});
	})",snuts
/test/unit/transporters/stan.spec.js,GeneralFixture,"{'startLine':190,'endLine':190}","beforeEach(() => {
		msgHandler = jest.fn();
		transporter = new StanTransporter();
		transporter.init(
			new Transit(new ServiceBroker({ logger: false, namespace: ""TEST"" })),
			msgHandler
		);

		let p = transporter.connect();
		transporter._client.callbacks.connect(); // Trigger the `resolve`
		return p;
	})",snuts
/test/unit/transporters/stan.spec.js,VerboseStatement,"{'startLine':237,'endLine':278}","it(""check subscribeBalancedRequest"", () => {
		transporter.client.subscriptionOptions.mockClear();
		transporter.client.setDeliverAllAvailable.mockClear();
		transporter.client.setDurableName.mockClear();

		let subCb;
		let subscribeOn = jest.fn((msg, cb) => {
			subCb = cb;
		});
		transporter.client.subscribe = jest.fn(() => {
			return {
				on: subscribeOn
			};
		});
		transporter.incomingMessage = jest.fn();

		transporter.subscribeBalancedRequest(""posts.find"");

		expect(transporter.client.subscribe).toHaveBeenCalledTimes(1);
		expect(transporter.client.subscribe).toHaveBeenCalledWith(
			""MOL-TEST.REQB.posts.find"",
			""posts.find"",
			expect.any(Object)
		);

		expect(transporter.client.subscriptionOptions).toHaveBeenCalledTimes(1);
		expect(transporter.client.setDeliverAllAvailable).toHaveBeenCalledTimes(1);
		expect(transporter.client.setDurableName).toHaveBeenCalledTimes(1);
		expect(transporter.client.setDurableName).toHaveBeenCalledWith(""REQB"");

		expect(subscribeOn).toHaveBeenCalledTimes(1);
		expect(subscribeOn).toHaveBeenCalledWith(""message"", expect.any(Function));

		// Test subscribe callback
		subCb({
			getRawData() {
				return ""incoming data"";
			}
		});
		expect(transporter.incomingMessage).toHaveBeenCalledTimes(1);
		expect(transporter.incomingMessage).toHaveBeenCalledWith(""REQ"", ""incoming data"");
	})",snuts
/test/unit/transporters/stan.spec.js,VerboseStatement,"{'startLine':280,'endLine':333}","it(""check subscribeBalancedEvent"", () => {
		transporter.client.subscriptionOptions.mockClear();
		transporter.client.setDeliverAllAvailable.mockClear();
		transporter.client.setDurableName.mockClear();

		let subCb;
		let subscribeOn = jest.fn((msg, cb) => {
			subCb = cb;
		});
		let unsubscribe = jest.fn();
		transporter.client.subscribe = jest.fn(() => {
			return {
				on: subscribeOn,
				unsubscribe: unsubscribe
			};
		});
		transporter.incomingMessage = jest.fn();

		transporter.subscribeBalancedEvent(""user.created"", ""mail"");

		expect(transporter.client.subscribe).toHaveBeenCalledTimes(1);
		expect(transporter.client.subscribe).toHaveBeenCalledWith(
			""MOL-TEST.EVENTB.mail.user.created"",
			""mail"",
			expect.any(Object)
		);

		expect(transporter.client.subscriptionOptions).toHaveBeenCalledTimes(1);
		expect(transporter.client.setDeliverAllAvailable).toHaveBeenCalledTimes(1);
		expect(transporter.client.setDurableName).toHaveBeenCalledTimes(1);
		expect(transporter.client.setDurableName).toHaveBeenCalledWith(""EVENTB"");

		expect(subscribeOn).toHaveBeenCalledTimes(1);
		expect(subscribeOn).toHaveBeenCalledWith(""message"", expect.any(Function));

		// Test subscribe callback
		subCb({
			getRawData() {
				return ""incoming data"";
			}
		});
		expect(transporter.incomingMessage).toHaveBeenCalledTimes(1);
		expect(transporter.incomingMessage).toHaveBeenCalledWith(""EVENT"", ""incoming data"");

		// Test unsubscribeFromBalancedCommands
		transporter.client.unsubscribe = jest.fn();

		return transporter
			.unsubscribeFromBalancedCommands()
			.catch(protectReject)
			.then(() => {
				expect(unsubscribe).toHaveBeenCalledTimes(1);
			});
	})",snuts
/test/unit/transporters/redis.spec.js,AnonymousTest,"{'startLine':38,'endLine':45}","it(""check constructor"", () => {
		let transporter = new RedisTransporter();
		expect(transporter).toBeDefined();
		expect(transporter.opts).toBeUndefined();
		expect(transporter.connected).toBe(false);
		expect(transporter.clientPub).toBeNull();
		expect(transporter.clientSub).toBeNull();
	})",snuts
/test/unit/transporters/redis.spec.js,AnonymousTest,"{'startLine':140,'endLine':163}","it(""check connect"", () => {
		let p = transporter.connect().then(() => {
			expect(transporter.clientSub).toBeDefined();
			expect(transporter.clientSub.on).toHaveBeenCalledTimes(4);
			expect(transporter.clientSub.on).toHaveBeenCalledWith(""ready"", expect.any(Function));
			expect(transporter.clientSub.on).toHaveBeenCalledWith(""error"", expect.any(Function));
			expect(transporter.clientSub.on).toHaveBeenCalledWith(""close"", expect.any(Function));
			expect(transporter.clientSub.on).toHaveBeenCalledWith(
				""messageBuffer"",
				expect.any(Function)
			);

			expect(transporter.clientPub).toBeDefined();
			expect(transporter.clientPub.on).toHaveBeenCalledTimes(3);
			expect(transporter.clientPub.on).toHaveBeenCalledWith(""ready"", expect.any(Function));
			expect(transporter.clientPub.on).toHaveBeenCalledWith(""error"", expect.any(Function));
			expect(transporter.clientPub.on).toHaveBeenCalledWith(""close"", expect.any(Function));
		});

		transporter._clientSub.onCallbacks.ready();
		transporter._clientPub.onCallbacks.ready();

		return p;
	})",snuts
/test/unit/transporters/redis.spec.js,AnonymousTest,"{'startLine':207,'endLine':221}","it(""check disconnect"", () => {
		let p = transporter.connect().then(() => {
			let cbSub = transporter.clientSub.disconnect;
			let cbPub = transporter.clientPub.disconnect;
			transporter.disconnect();
			expect(transporter.clientSub).toBeNull();
			expect(transporter.clientPub).toBeNull();
			expect(cbSub).toHaveBeenCalledTimes(1);
			expect(cbPub).toHaveBeenCalledTimes(1);
		});

		transporter._clientSub.onCallbacks.ready(); // Trigger the `resolve`
		transporter._clientPub.onCallbacks.ready(); // Trigger the `resolve`
		return p;
	})",snuts
/test/unit/transporters/redis.spec.js,AnonymousTest,"{'startLine':255,'endLine':261}","it(""check subscribe"", () => {
		transporter.clientSub.subscribe.mockClear();
		transporter.subscribe(""REQ"", ""node"");

		expect(transporter.clientSub.subscribe).toHaveBeenCalledTimes(1);
		expect(transporter.clientSub.subscribe).toHaveBeenCalledWith(""MOL-TEST.REQ.node"");
	})",snuts
/test/unit/transporters/redis.spec.js,AnonymousTest,"{'startLine':271,'endLine':285}","it(""check publish"", () => {
		transporter.clientPub.publish.mockClear();

		const packet = new P.Packet(P.PACKET_INFO, ""node2"", { services: {} });
		transporter.publish(packet);

		expect(transporter.clientPub.publish).toHaveBeenCalledTimes(1);
		expect(transporter.clientPub.publish).toHaveBeenCalledWith(
			""MOL-TEST.INFO.node2"",
			""json data""
		);

		expect(transporter.serialize).toHaveBeenCalledTimes(1);
		expect(transporter.serialize).toHaveBeenCalledWith(packet);
	})",snuts
/test/unit/transporters/redis.spec.js,GeneralFixture,"{'startLine':229,'endLine':229}","beforeEach(() => {
		msgHandler = jest.fn();
		if (clusterMode) {
			transporter = new RedisTransporter({
				cluster: {
					nodes: [
						{ host: ""127.0.0.1"", port: 1234 },
						{ host: ""127.0.0.1"", port: 2345 }
					]
				}
			});
		} else {
			transporter = new RedisTransporter();
		}
		transporter.init(
			new Transit(new ServiceBroker({ logger: false, namespace: ""TEST"" })),
			msgHandler
		);
		transporter.serialize = jest.fn(() => ""json data"");
		transporter.incomingMessage = jest.fn();

		let p = transporter.connect();
		transporter._clientSub.onCallbacks.ready(); // Trigger the `resolve`
		transporter._clientPub.onCallbacks.ready(); // Trigger the `resolve`
		return p;
	})",snuts
/test/unit/transporters/redis.spec.js,SubOptimalAssert,"{'startLine':102,'endLine':102}","it(""should throw error because there is no cluster nodes specified"", () => {
		const opts = {
			cluster: {
				clusterOptions: {
					redisOptions: {
						password: ""12345""
					}
				}
			}
		};
		const transporter = new RedisTransporter(opts);
		transporter.init(transit, jest.fn());
		return transporter
			.connect()
			.then(protectReject)
			.catch(error => {
				expect(error instanceof BrokerOptionsError).toBe(true);
				expect(error.message).toBe(""No nodes defined for cluster"");
			});
	})",snuts
/test/unit/transporters/nats.spec.js,AnonymousTest,"{'startLine':65,'endLine':73}","it(""check constructor"", () => {
			let transporter = new NatsTransporter();
			transporter.isLibLegacy = jest.fn(() => true);
			expect(transporter).toBeDefined();
			expect(transporter.opts).toEqual({ preserveBuffers: true, maxReconnectAttempts: -1 });
			expect(transporter.connected).toBe(false);
			expect(transporter.hasBuiltInBalancer).toBe(true);
			expect(transporter.client).toBeNull();
		})",snuts
/test/unit/transporters/nats.spec.js,AnonymousTest,"{'startLine':117,'endLine':153}","it(""check connect"", () => {
			let p = transporter
				.connect()
				.catch(protectReject)
				.then(() => {
					expect(transporter.client).toBeDefined();
					expect(transporter.client.on).toHaveBeenCalledTimes(6);
					expect(transporter.client.on).toHaveBeenCalledWith(
						""connect"",
						expect.any(Function)
					);
					expect(transporter.client.on).toHaveBeenCalledWith(
						""reconnect"",
						expect.any(Function)
					);
					expect(transporter.client.on).toHaveBeenCalledWith(
						""reconnecting"",
						expect.any(Function)
					);
					expect(transporter.client.on).toHaveBeenCalledWith(
						""disconnect"",
						expect.any(Function)
					);
					expect(transporter.client.on).toHaveBeenCalledWith(
						""error"",
						expect.any(Function)
					);
					expect(transporter.client.on).toHaveBeenCalledWith(
						""close"",
						expect.any(Function)
					);
				});

			transporter._client.onCallbacks.connect();

			return p;
		})",snuts
/test/unit/transporters/nats.spec.js,AnonymousTest,"{'startLine':209,'endLine':226}","it(""check disconnect"", () => {
			const flushCB = jest.fn(cb => cb());
			let p = transporter
				.connect()
				.catch(protectReject)
				.then(() => {
					let cb = transporter.client.close;
					transporter.client.flush = flushCB;

					transporter.disconnect();
					expect(transporter.client).toBeNull();
					expect(cb).toHaveBeenCalledTimes(1);
					expect(flushCB).toHaveBeenCalledTimes(1);
				});

			transporter._client.onCallbacks.connect(); // Trigger the `resolve`
			return p;
		})",snuts
/test/unit/transporters/nats.spec.js,AnonymousTest,"{'startLine':246,'endLine':263}","it(""check subscribe"", () => {
			let subCb;
			transporter.client.subscribe = jest.fn((name, cb) => (subCb = cb));
			transporter.incomingMessage = jest.fn();

			transporter.subscribe(""REQ"", ""node"");

			expect(transporter.client.subscribe).toHaveBeenCalledTimes(1);
			expect(transporter.client.subscribe).toHaveBeenCalledWith(
				""MOL-TEST.REQ.node"",
				expect.any(Function)
			);

			// Test subscribe callback
			subCb('{ sender: ""node1"" }');
			expect(transporter.incomingMessage).toHaveBeenCalledTimes(1);
			expect(transporter.incomingMessage).toHaveBeenCalledWith(""REQ"", '{ sender: ""node1"" }');
		})",snuts
/test/unit/transporters/nats.spec.js,AnonymousTest,"{'startLine':265,'endLine':287}","it(""check subscribeBalancedRequest"", () => {
			let subCb;
			transporter.client.subscribe = jest.fn((name, opts, cb) => {
				subCb = cb;
				return 123;
			});
			transporter.incomingMessage = jest.fn();

			transporter.subscribeBalancedRequest(""posts.find"");

			expect(transporter.client.subscribe).toHaveBeenCalledTimes(1);
			expect(transporter.client.subscribe).toHaveBeenCalledWith(
				""MOL-TEST.REQB.posts.find"",
				{ queue: ""posts.find"" },
				expect.any(Function)
			);

			// Test subscribe callback
			subCb('{ sender: ""node1"" }');
			expect(transporter.incomingMessage).toHaveBeenCalledTimes(1);
			expect(transporter.incomingMessage).toHaveBeenCalledWith(""REQ"", '{ sender: ""node1"" }');
			expect(transporter.subscriptions).toEqual([123]);
		})",snuts
/test/unit/transporters/nats.spec.js,AnonymousTest,"{'startLine':411,'endLine':432}","it(""check publishBalancedEvent"", () => {
			transporter.serialize = jest.fn(() => Buffer.from(""json data""));
			transporter.client.publish = jest.fn((topic, payload, resolve) => resolve());
			const packet = new P.Packet(P.PACKET_EVENT, null, {
				event: ""user.created"",
				data: { id: 5 },
				groups: [""mail""]
			});
			return transporter
				.publishBalancedEvent(packet, ""mail"")
				.catch(protectReject)
				.then(() => {
					expect(transporter.client.publish).toHaveBeenCalledTimes(1);
					expect(transporter.client.publish).toHaveBeenCalledWith(
						""MOL-TEST.EVENTB.mail.user.created"",
						Buffer.from(""json data""),
						expect.any(Function)
					);
					expect(transporter.serialize).toHaveBeenCalledTimes(1);
					expect(transporter.serialize).toHaveBeenCalledWith(packet);
				});
		})",snuts
/test/unit/transporters/nats.spec.js,AnonymousTest,"{'startLine':434,'endLine':454}","it(""check publishBalancedRequest"", () => {
			transporter.serialize = jest.fn(() => Buffer.from(""json data""));
			transporter.client.publish = jest.fn((topic, payload, resolve) => resolve());
			const packet = new P.Packet(P.PACKET_REQUEST, null, {
				action: ""posts.find""
			});
			return transporter
				.publishBalancedRequest(packet)
				.catch(protectReject)
				.then(() => {
					expect(transporter.client.publish).toHaveBeenCalledTimes(1);
					expect(transporter.client.publish).toHaveBeenCalledWith(
						""MOL-TEST.REQB.posts.find"",
						Buffer.from(""json data""),
						expect.any(Function)
					);

					expect(transporter.serialize).toHaveBeenCalledTimes(1);
					expect(transporter.serialize).toHaveBeenCalledWith(packet);
				});
		})",snuts
/test/unit/transporters/nats.spec.js,AnonymousTest,"{'startLine':475,'endLine':483}","it(""check constructor"", () => {
			let transporter = new NatsTransporter();
			transporter.isLibLegacy = jest.fn(() => false);
			expect(transporter).toBeDefined();
			expect(transporter.opts).toEqual({ preserveBuffers: true, maxReconnectAttempts: -1 });
			expect(transporter.connected).toBe(false);
			expect(transporter.hasBuiltInBalancer).toBe(true);
			expect(transporter.client).toBeNull();
		})",snuts
/test/unit/transporters/nats.spec.js,AnonymousTest,"{'startLine':562,'endLine':573}","it(""check connect"", () => {
			let p = transporter
				.connect()
				.catch(protectReject)
				.then(() => {
					expect(transporter.client).toBeDefined();
					expect(transporter.client.status).toHaveBeenCalledTimes(1);
					expect(transporter.client.closed).toHaveBeenCalledTimes(1);
				});

			return p;
		})",snuts
/test/unit/transporters/nats.spec.js,AnonymousTest,"{'startLine':605,'endLine':623}","it(""check disconnect"", () => {
			let p = transporter
				.connect()
				.catch(protectReject)
				.then(() => {
					const client = transporter.client;

					transporter
						.disconnect()
						.catch(protectReject)
						.then(() => {
							expect(client.flush).toHaveBeenCalledTimes(1);
							expect(client.close).toHaveBeenCalledTimes(1);
							expect(transporter.client).toBeNull();
						});
				});

			return p;
		})",snuts
/test/unit/transporters/nats.spec.js,AnonymousTest,"{'startLine':643,'endLine':662}","it(""check subscribe"", () => {
			let subCb;
			transporter.client.subscribe = jest.fn((name, { callback: cb }) => (subCb = cb));
			transporter.incomingMessage = jest.fn();

			transporter.subscribe(""REQ"", ""node"");

			expect(transporter.client.subscribe).toHaveBeenCalledTimes(1);
			expect(transporter.client.subscribe).toHaveBeenCalledWith(""MOL-TEST.REQ.node"", {
				callback: expect.any(Function)
			});

			// Test subscribe callback
			subCb(null, { data: '{ sender: ""node1"" }' });
			expect(transporter.incomingMessage).toHaveBeenCalledTimes(1);
			expect(transporter.incomingMessage).toHaveBeenCalledWith(
				""REQ"",
				Buffer.from('{ sender: ""node1"" }')
			);
		})",snuts
/test/unit/transporters/nats.spec.js,AnonymousTest,"{'startLine':664,'endLine':688}","it(""check subscribeBalancedRequest"", () => {
			let subCb;
			transporter.client.subscribe = jest.fn((name, { opts, callback: cb }) => {
				subCb = cb;
				return 123;
			});
			transporter.incomingMessage = jest.fn();

			transporter.subscribeBalancedRequest(""posts.find"");

			expect(transporter.client.subscribe).toHaveBeenCalledTimes(1);
			expect(transporter.client.subscribe).toHaveBeenCalledWith(""MOL-TEST.REQB.posts.find"", {
				queue: ""posts.find"",
				callback: expect.any(Function)
			});

			// Test subscribe callback
			subCb(null, { data: '{ sender: ""node1"" }' });
			expect(transporter.incomingMessage).toHaveBeenCalledTimes(1);
			expect(transporter.incomingMessage).toHaveBeenCalledWith(
				""REQ"",
				Buffer.from('{ sender: ""node1"" }')
			);
			expect(transporter.subscriptions).toEqual([123]);
		})",snuts
/test/unit/transporters/nats.spec.js,AnonymousTest,"{'startLine':804,'endLine':825}","it(""check publishBalancedEvent"", () => {
			transporter.serialize = jest.fn(() => Buffer.from(""json data""));
			// transporter.client.publish = jest.fn((topic, payload, resolve) => resolve());
			transporter.client.publish = jest.fn();
			const packet = new P.Packet(P.PACKET_EVENT, null, {
				event: ""user.created"",
				data: { id: 5 },
				groups: [""mail""]
			});
			return transporter
				.publishBalancedEvent(packet, ""mail"")
				.catch(protectReject)
				.then(() => {
					expect(transporter.client.publish).toHaveBeenCalledTimes(1);
					expect(transporter.client.publish).toHaveBeenCalledWith(
						""MOL-TEST.EVENTB.mail.user.created"",
						Buffer.from(""json data"")
					);
					expect(transporter.serialize).toHaveBeenCalledTimes(1);
					expect(transporter.serialize).toHaveBeenCalledWith(packet);
				});
		})",snuts
/test/unit/transporters/nats.spec.js,AnonymousTest,"{'startLine':827,'endLine':847}","it(""check publishBalancedRequest"", () => {
			transporter.serialize = jest.fn(() => Buffer.from(""json data""));
			// transporter.client.publish = jest.fn((topic, payload, resolve) => resolve());
			transporter.client.publish = jest.fn();
			const packet = new P.Packet(P.PACKET_REQUEST, null, {
				action: ""posts.find""
			});
			return transporter
				.publishBalancedRequest(packet)
				.catch(protectReject)
				.then(() => {
					expect(transporter.client.publish).toHaveBeenCalledTimes(1);
					expect(transporter.client.publish).toHaveBeenCalledWith(
						""MOL-TEST.REQB.posts.find"",
						Buffer.from(""json data"")
					);

					expect(transporter.serialize).toHaveBeenCalledTimes(1);
					expect(transporter.serialize).toHaveBeenCalledWith(packet);
				});
		})",snuts
/test/unit/transporters/nats.spec.js,IdenticalTestDescription,"{'startLine':475,'endLine':483}","it(""check constructor"", () => {
			let transporter = new NatsTransporter();
			transporter.isLibLegacy = jest.fn(() => false);
			expect(transporter).toBeDefined();
			expect(transporter.opts).toEqual({ preserveBuffers: true, maxReconnectAttempts: -1 });
			expect(transporter.connected).toBe(false);
			expect(transporter.hasBuiltInBalancer).toBe(true);
			expect(transporter.client).toBeNull();
		})",snuts
/test/unit/transporters/nats.spec.js,IdenticalTestDescription,"{'startLine':485,'endLine':493}","it(""check constructor with string param"", () => {
			let transporter = new NatsTransporter(""nats://localhost"");
			transporter.isLibLegacy = jest.fn(() => false);
			expect(transporter.opts).toEqual({
				preserveBuffers: true,
				maxReconnectAttempts: -1,
				url: ""nats://localhost""
			});
		})",snuts
/test/unit/transporters/nats.spec.js,IdenticalTestDescription,"{'startLine':507,'endLine':517}","it(""check constructor with options"", () => {
			let opts = { host: ""localhost"", port: 1234 };
			let transporter = new NatsTransporter(opts);
			transporter.isLibLegacy = jest.fn(() => false);
			expect(transporter.opts).toEqual({
				host: ""localhost"",
				port: 1234,
				preserveBuffers: true,
				maxReconnectAttempts: -1
			});
		})",snuts
/test/unit/transporters/nats.spec.js,IdenticalTestDescription,"{'startLine':519,'endLine':524}","it(""check constructor with disabled preserveBuffers & maxReconnectAttempts"", () => {
			let opts = { preserveBuffers: false, maxReconnectAttempts: 3 };
			let transporter = new NatsTransporter(opts);
			transporter.isLibLegacy = jest.fn(() => false);
			expect(transporter.opts).toEqual({ preserveBuffers: false, maxReconnectAttempts: 3 });
		})",snuts
/test/unit/transporters/nats.spec.js,IdenticalTestDescription,"{'startLine':562,'endLine':573}","it(""check connect"", () => {
			let p = transporter
				.connect()
				.catch(protectReject)
				.then(() => {
					expect(transporter.client).toBeDefined();
					expect(transporter.client.status).toHaveBeenCalledTimes(1);
					expect(transporter.client.closed).toHaveBeenCalledTimes(1);
				});

			return p;
		})",snuts
/test/unit/transporters/nats.spec.js,IdenticalTestDescription,"{'startLine':575,'endLine':588}","it(""check onConnected after connect"", () => {
			transporter.onConnected = jest.fn(() => Promise.resolve());
			let p = transporter
				.connect()
				.catch(protectReject)
				.then(() => {
					expect(transporter.onConnected).toHaveBeenCalledTimes(1);
					expect(transporter.onConnected).toHaveBeenCalledWith();
				});

			// transporter._client.onCallbacks.connect(); // Trigger the `resolve`

			return p;
		})",snuts
/test/unit/transporters/nats.spec.js,IdenticalTestDescription,"{'startLine':605,'endLine':623}","it(""check disconnect"", () => {
			let p = transporter
				.connect()
				.catch(protectReject)
				.then(() => {
					const client = transporter.client;

					transporter
						.disconnect()
						.catch(protectReject)
						.then(() => {
							expect(client.flush).toHaveBeenCalledTimes(1);
							expect(client.close).toHaveBeenCalledTimes(1);
							expect(transporter.client).toBeNull();
						});
				});

			return p;
		})",snuts
/test/unit/transporters/nats.spec.js,IdenticalTestDescription,"{'startLine':643,'endLine':662}","it(""check subscribe"", () => {
			let subCb;
			transporter.client.subscribe = jest.fn((name, { callback: cb }) => (subCb = cb));
			transporter.incomingMessage = jest.fn();

			transporter.subscribe(""REQ"", ""node"");

			expect(transporter.client.subscribe).toHaveBeenCalledTimes(1);
			expect(transporter.client.subscribe).toHaveBeenCalledWith(""MOL-TEST.REQ.node"", {
				callback: expect.any(Function)
			});

			// Test subscribe callback
			subCb(null, { data: '{ sender: ""node1"" }' });
			expect(transporter.incomingMessage).toHaveBeenCalledTimes(1);
			expect(transporter.incomingMessage).toHaveBeenCalledWith(
				""REQ"",
				Buffer.from('{ sender: ""node1"" }')
			);
		})",snuts
/test/unit/transporters/nats.spec.js,IdenticalTestDescription,"{'startLine':664,'endLine':688}","it(""check subscribeBalancedRequest"", () => {
			let subCb;
			transporter.client.subscribe = jest.fn((name, { opts, callback: cb }) => {
				subCb = cb;
				return 123;
			});
			transporter.incomingMessage = jest.fn();

			transporter.subscribeBalancedRequest(""posts.find"");

			expect(transporter.client.subscribe).toHaveBeenCalledTimes(1);
			expect(transporter.client.subscribe).toHaveBeenCalledWith(""MOL-TEST.REQB.posts.find"", {
				queue: ""posts.find"",
				callback: expect.any(Function)
			});

			// Test subscribe callback
			subCb(null, { data: '{ sender: ""node1"" }' });
			expect(transporter.incomingMessage).toHaveBeenCalledTimes(1);
			expect(transporter.incomingMessage).toHaveBeenCalledWith(
				""REQ"",
				Buffer.from('{ sender: ""node1"" }')
			);
			expect(transporter.subscriptions).toEqual([123]);
		})",snuts
/test/unit/transporters/nats.spec.js,IdenticalTestDescription,"{'startLine':691,'endLine':725}","it(""check subscription & unsubscription"", () => {
				let subCb;
				let subscriptionInstance = { unsubscribe: jest.fn() };
				transporter.client.subscribe = jest.fn((name, { opts, callback: cb }) => {
					subCb = cb;
					return subscriptionInstance;
				});
				transporter.incomingMessage = jest.fn();

				transporter.subscribeBalancedEvent(""user.created"", ""mail"");

				expect(transporter.client.subscribe).toHaveBeenCalledTimes(1);
				expect(transporter.client.subscribe).toHaveBeenCalledWith(
					""MOL-TEST.EVENTB.mail.user.created"",
					{ queue: ""mail"", callback: expect.any(Function) }
				);

				// Test subscribe callback
				subCb(null, { data: '{ sender: ""node1"" }' });
				expect(transporter.incomingMessage).toHaveBeenCalledTimes(1);
				expect(transporter.incomingMessage).toHaveBeenCalledWith(
					""EVENT"",
					Buffer.from('{ sender: ""node1"" }')
				);
				expect(transporter.subscriptions).toEqual([subscriptionInstance]);

				return transporter
					.unsubscribeFromBalancedCommands()
					.catch(protectReject)
					.then(() => {
						expect(transporter.subscriptions).toEqual([]);
						expect(subscriptionInstance.unsubscribe).toHaveBeenCalledTimes(1);
						expect(transporter.client.flush).toHaveBeenCalledTimes(1);
					});
			})",snuts
/test/unit/transporters/nats.spec.js,IdenticalTestDescription,"{'startLine':727,'endLine':737}","it(""check with '*' wildchar topic"", () => {
				transporter.client.subscribe = jest.fn();

				transporter.subscribeBalancedEvent(""user.*"", ""users"");

				expect(transporter.client.subscribe).toHaveBeenCalledTimes(1);
				expect(transporter.client.subscribe).toHaveBeenCalledWith(
					""MOL-TEST.EVENTB.users.user.*"",
					{ queue: ""users"", callback: expect.any(Function) }
				);
			})",snuts
/test/unit/transporters/nats.spec.js,IdenticalTestDescription,"{'startLine':739,'endLine':749}","it(""check with '**' wildchar topic"", () => {
				transporter.client.subscribe = jest.fn();

				transporter.subscribeBalancedEvent(""user.**"", ""users"");

				expect(transporter.client.subscribe).toHaveBeenCalledTimes(1);
				expect(transporter.client.subscribe).toHaveBeenCalledWith(
					""MOL-TEST.EVENTB.users.user.>"",
					{ queue: ""users"", callback: expect.any(Function) }
				);
			})",snuts
/test/unit/transporters/nats.spec.js,IdenticalTestDescription,"{'startLine':751,'endLine':761}","it(""check with '**' wildchar (as not last) topic"", () => {
				transporter.client.subscribe = jest.fn();

				transporter.subscribeBalancedEvent(""user.**.changed"", ""users"");

				expect(transporter.client.subscribe).toHaveBeenCalledTimes(1);
				expect(transporter.client.subscribe).toHaveBeenCalledWith(
					""MOL-TEST.EVENTB.users.user.>"",
					{ queue: ""users"", callback: expect.any(Function) }
				);
			})",snuts
/test/unit/transporters/nats.spec.js,IdenticalTestDescription,"{'startLine':764,'endLine':782}","it(""check publish with target"", () => {
			transporter.serialize = jest.fn(() => Buffer.from(""json data""));
			// transporter.client.publish = jest.fn((topic, payload, resolve) => resolve());
			transporter.client.publish = jest.fn();
			const packet = new P.Packet(P.PACKET_INFO, ""node2"", {});
			return transporter
				.publish(packet)
				.catch(protectReject)
				.then(() => {
					expect(transporter.client.publish).toHaveBeenCalledTimes(1);
					expect(transporter.client.publish).toHaveBeenCalledWith(
						""MOL-TEST.INFO.node2"",
						Buffer.from(""json data"")
					);

					expect(transporter.serialize).toHaveBeenCalledTimes(1);
					expect(transporter.serialize).toHaveBeenCalledWith(packet);
				});
		})",snuts
/test/unit/transporters/nats.spec.js,IdenticalTestDescription,"{'startLine':784,'endLine':802}","it(""check publish without target"", () => {
			transporter.serialize = jest.fn(() => Buffer.from(""json data""));
			// transporter.client.publish = jest.fn((topic, payload, resolve) => resolve());
			transporter.client.publish = jest.fn();
			const packet = new P.Packet(P.PACKET_INFO, null, {});
			return transporter
				.publish(packet)
				.catch(protectReject)
				.then(() => {
					expect(transporter.client.publish).toHaveBeenCalledTimes(1);
					expect(transporter.client.publish).toHaveBeenCalledWith(
						""MOL-TEST.INFO"",
						Buffer.from(""json data"")
					);

					expect(transporter.serialize).toHaveBeenCalledTimes(1);
					expect(transporter.serialize).toHaveBeenCalledWith(packet);
				});
		})",snuts
/test/unit/transporters/nats.spec.js,IdenticalTestDescription,"{'startLine':804,'endLine':825}","it(""check publishBalancedEvent"", () => {
			transporter.serialize = jest.fn(() => Buffer.from(""json data""));
			// transporter.client.publish = jest.fn((topic, payload, resolve) => resolve());
			transporter.client.publish = jest.fn();
			const packet = new P.Packet(P.PACKET_EVENT, null, {
				event: ""user.created"",
				data: { id: 5 },
				groups: [""mail""]
			});
			return transporter
				.publishBalancedEvent(packet, ""mail"")
				.catch(protectReject)
				.then(() => {
					expect(transporter.client.publish).toHaveBeenCalledTimes(1);
					expect(transporter.client.publish).toHaveBeenCalledWith(
						""MOL-TEST.EVENTB.mail.user.created"",
						Buffer.from(""json data"")
					);
					expect(transporter.serialize).toHaveBeenCalledTimes(1);
					expect(transporter.serialize).toHaveBeenCalledWith(packet);
				});
		})",snuts
/test/unit/transporters/nats.spec.js,IdenticalTestDescription,"{'startLine':827,'endLine':847}","it(""check publishBalancedRequest"", () => {
			transporter.serialize = jest.fn(() => Buffer.from(""json data""));
			// transporter.client.publish = jest.fn((topic, payload, resolve) => resolve());
			transporter.client.publish = jest.fn();
			const packet = new P.Packet(P.PACKET_REQUEST, null, {
				action: ""posts.find""
			});
			return transporter
				.publishBalancedRequest(packet)
				.catch(protectReject)
				.then(() => {
					expect(transporter.client.publish).toHaveBeenCalledTimes(1);
					expect(transporter.client.publish).toHaveBeenCalledWith(
						""MOL-TEST.REQB.posts.find"",
						Buffer.from(""json data"")
					);

					expect(transporter.serialize).toHaveBeenCalledTimes(1);
					expect(transporter.serialize).toHaveBeenCalledWith(packet);
				});
		})",snuts
/test/unit/transporters/mqtt.spec.js,AnonymousTest,"{'startLine':26,'endLine':32}","it(""check constructor"", () => {
		let transporter = new MqttTransporter();
		expect(transporter).toBeDefined();
		expect(transporter.opts).toBeUndefined();
		expect(transporter.connected).toBe(false);
		expect(transporter.client).toBeNull();
	})",snuts
/test/unit/transporters/mqtt.spec.js,AnonymousTest,"{'startLine':57,'endLine':71}","it(""check connect"", () => {
		let p = transporter.connect().then(() => {
			expect(transporter.client).toBeDefined();
			expect(transporter.client.on).toHaveBeenCalledTimes(5);
			expect(transporter.client.on).toHaveBeenCalledWith(""connect"", expect.any(Function));
			expect(transporter.client.on).toHaveBeenCalledWith(""error"", expect.any(Function));
			expect(transporter.client.on).toHaveBeenCalledWith(""reconnect"", expect.any(Function));
			expect(transporter.client.on).toHaveBeenCalledWith(""close"", expect.any(Function));
			expect(transporter.client.on).toHaveBeenCalledWith(""message"", expect.any(Function));
		});

		transporter._client.onCallbacks.connect(); // Trigger the `resolve`

		return p;
	})",snuts
/test/unit/transporters/mqtt.spec.js,AnonymousTest,"{'startLine':106,'endLine':117}","it(""check disconnect"", () => {
		let p = transporter.connect().then(() => {
			let cb = transporter.client.end;
			transporter.disconnect();
			expect(transporter.client).toBeNull();
			expect(cb).toHaveBeenCalledTimes(1);
		});

		transporter._client.onCallbacks.connect(); // Trigger the `resolve`

		return p;
	})",snuts
/test/unit/transporters/mqtt.spec.js,AnonymousTest,"{'startLine':140,'endLine':150}","it(""check subscribe"", () => {
		transporter.client.subscribe.mockClear();
		transporter.subscribe(""REQ"", ""node"");

		expect(transporter.client.subscribe).toHaveBeenCalledTimes(1);
		expect(transporter.client.subscribe).toHaveBeenCalledWith(
			""MOL-TEST.REQ.node"",
			{ qos: 0 },
			expect.any(Function)
		);
	})",snuts
/test/unit/transporters/mqtt.spec.js,AnonymousTest,"{'startLine':159,'endLine':178}","it(""check publish"", () => {
		transporter.client.publish.mockClear();

		const packet = new P.Packet(P.PACKET_INFO, ""node2"", { services: {} });
		return transporter
			.publish(packet)
			.catch(protectReject)
			.then(() => {
				expect(transporter.client.publish).toHaveBeenCalledTimes(1);
				expect(transporter.client.publish).toHaveBeenCalledWith(
					""MOL-TEST.INFO.node2"",
					Buffer.from(""json data""),
					{ qos: 0 },
					expect.any(Function)
				);

				expect(transporter.serialize).toHaveBeenCalledTimes(1);
				expect(transporter.serialize).toHaveBeenCalledWith(packet);
			});
	})",snuts
/test/unit/transporters/mqtt.spec.js,AnonymousTest,"{'startLine':201,'endLine':213}","it(""check subscribe"", () => {
		return transporter
			.subscribe(""REQ"", ""node"")
			.catch(protectReject)
			.then(() => {
				expect(transporter.client.subscribe).toHaveBeenCalledTimes(1);
				expect(transporter.client.subscribe).toHaveBeenCalledWith(
					""MOL-TEST.REQ.node"",
					{ qos: 1 },
					expect.any(Function)
				);
			});
	})",snuts
/test/unit/transporters/mqtt.spec.js,AnonymousTest,"{'startLine':215,'endLine':229}","it(""check publish"", () => {
		const packet = new P.Packet(P.PACKET_INFO, ""node2"", { services: {} });
		return transporter
			.publish(packet)
			.catch(protectReject)
			.then(() => {
				expect(transporter.client.publish).toHaveBeenCalledTimes(1);
				expect(transporter.client.publish).toHaveBeenCalledWith(
					""MOL-TEST.INFO.node2"",
					""json data"",
					{ qos: 1 },
					expect.any(Function)
				);
			});
	})",snuts
/test/unit/transporters/mqtt.spec.js,AnonymousTest,"{'startLine':264,'endLine':274}","it(""check subscribe"", () => {
		transporter.client.subscribe.mockClear();
		transporter.subscribe(""REQ"", ""node"");

		expect(transporter.client.subscribe).toHaveBeenCalledTimes(1);
		expect(transporter.client.subscribe).toHaveBeenCalledWith(
			""MOL-TEST/REQ/node"",
			{ qos: 0 },
			expect.any(Function)
		);
	})",snuts
/test/unit/transporters/mqtt.spec.js,AnonymousTest,"{'startLine':283,'endLine':302}","it(""check publish"", () => {
		transporter.client.publish.mockClear();

		const packet = new P.Packet(P.PACKET_INFO, ""node2"", { services: {} });
		return transporter
			.publish(packet)
			.catch(protectReject)
			.then(() => {
				expect(transporter.client.publish).toHaveBeenCalledTimes(1);
				expect(transporter.client.publish).toHaveBeenCalledWith(
					""MOL-TEST/INFO/node2"",
					Buffer.from(""json data""),
					{ qos: 0 },
					expect.any(Function)
				);

				expect(transporter.serialize).toHaveBeenCalledTimes(1);
				expect(transporter.serialize).toHaveBeenCalledWith(packet);
			});
	})",snuts
/test/unit/transporters/mqtt.spec.js,GeneralFixture,"{'startLine':250,'endLine':250}","beforeEach(() => {
		transporter = new MqttTransporter({ topicSeparator: ""/"" });
		msgHandler = jest.fn();
		transporter.serialize = jest.fn(() => Buffer.from(""json data""));
		transporter.incomingMessage = jest.fn();

		transporter.init(
			new Transit(new ServiceBroker({ logger: false, namespace: ""TEST"", nodeID: ""node1"" })),
			msgHandler
		);

		let p = transporter.connect();
		transporter._client.onCallbacks.connect(); // Trigger the `resolve`
		return p;
	})",snuts
/test/unit/transporters/mqtt.spec.js,IdenticalTestDescription,"{'startLine':201,'endLine':213}","it(""check subscribe"", () => {
		return transporter
			.subscribe(""REQ"", ""node"")
			.catch(protectReject)
			.then(() => {
				expect(transporter.client.subscribe).toHaveBeenCalledTimes(1);
				expect(transporter.client.subscribe).toHaveBeenCalledWith(
					""MOL-TEST.REQ.node"",
					{ qos: 1 },
					expect.any(Function)
				);
			});
	})",snuts
/test/unit/transporters/mqtt.spec.js,IdenticalTestDescription,"{'startLine':215,'endLine':229}","it(""check publish"", () => {
		const packet = new P.Packet(P.PACKET_INFO, ""node2"", { services: {} });
		return transporter
			.publish(packet)
			.catch(protectReject)
			.then(() => {
				expect(transporter.client.publish).toHaveBeenCalledTimes(1);
				expect(transporter.client.publish).toHaveBeenCalledWith(
					""MOL-TEST.INFO.node2"",
					""json data"",
					{ qos: 1 },
					expect.any(Function)
				);
			});
	})",snuts
/test/unit/transporters/mqtt.spec.js,IdenticalTestDescription,"{'startLine':264,'endLine':274}","it(""check subscribe"", () => {
		transporter.client.subscribe.mockClear();
		transporter.subscribe(""REQ"", ""node"");

		expect(transporter.client.subscribe).toHaveBeenCalledTimes(1);
		expect(transporter.client.subscribe).toHaveBeenCalledWith(
			""MOL-TEST/REQ/node"",
			{ qos: 0 },
			expect.any(Function)
		);
	})",snuts
/test/unit/transporters/mqtt.spec.js,IdenticalTestDescription,"{'startLine':276,'endLine':281}","it(""check incoming message handler"", () => {
		// Test subscribe callback
		transporter.client.onCallbacks.message(""MOL-TEST/event/name"", ""incoming data"");
		expect(transporter.incomingMessage).toHaveBeenCalledTimes(1);
		expect(transporter.incomingMessage).toHaveBeenCalledWith(""event"", ""incoming data"");
	})",snuts
/test/unit/transporters/mqtt.spec.js,IdenticalTestDescription,"{'startLine':283,'endLine':302}","it(""check publish"", () => {
		transporter.client.publish.mockClear();

		const packet = new P.Packet(P.PACKET_INFO, ""node2"", { services: {} });
		return transporter
			.publish(packet)
			.catch(protectReject)
			.then(() => {
				expect(transporter.client.publish).toHaveBeenCalledTimes(1);
				expect(transporter.client.publish).toHaveBeenCalledWith(
					""MOL-TEST/INFO/node2"",
					Buffer.from(""json data""),
					{ qos: 0 },
					expect.any(Function)
				);

				expect(transporter.serialize).toHaveBeenCalledTimes(1);
				expect(transporter.serialize).toHaveBeenCalledWith(packet);
			});
	})",snuts
/test/unit/transporters/kafka.spec.js,AnonymousTest,"{'startLine':40,'endLine':62}","it(""check constructor"", () => {
		let transporter = new KafkaTransporter();
		expect(transporter).toBeDefined();
		expect(transporter.opts).toEqual({
			host: undefined,
			client: {
				noAckBatchOptions: undefined,
				sslOptions: undefined,
				zkOptions: undefined
			},
			customPartitioner: undefined,
			producer: {},
			consumer: {},
			publish: {
				attributes: 0,
				partition: 0
			}
		});
		expect(transporter.connected).toBe(false);
		expect(transporter.client).toBeNull();
		expect(transporter.producer).toBeNull();
		expect(transporter.consumer).toBeNull();
	})",snuts
/test/unit/transporters/kafka.spec.js,AnonymousTest,"{'startLine':116,'endLine':128}","it(""check connect"", () => {
		let p = transporter.connect().then(() => {
			expect(transporter.client).toBeDefined();
			expect(transporter.producer).toBeDefined();
			expect(transporter.producer.on).toHaveBeenCalledTimes(2);
			expect(transporter.producer.on).toHaveBeenCalledWith(""ready"", expect.any(Function));
			expect(transporter.producer.on).toHaveBeenCalledWith(""error"", expect.any(Function));
		});

		transporter.producer.callbacks.ready();

		return p;
	})",snuts
/test/unit/transporters/kafka.spec.js,AnonymousTest,"{'startLine':163,'endLine':178}","it(""check disconnect"", () => {
		let p = transporter.connect().then(() => {
			let close = transporter.client.close;
			let close2 = jest.fn(cb => cb());
			transporter.consumer = {
				close: close2
			};
			transporter.disconnect();
			expect(close).toHaveBeenCalledTimes(1);
			clientCloseCB();
			expect(close2).toHaveBeenCalledTimes(1);
		});

		transporter.producer.callbacks.ready(); // Trigger the `resolve`
		return p;
	})",snuts
/test/unit/transporters/kafka.spec.js,AnonymousTest,"{'startLine':199,'endLine':239}","it(""check makeSubscriptions"", () => {
		transporter.producer.createTopics = jest.fn((topics, a, cb) => cb());
		transporter.makeSubscriptions([
			{ cmd: ""REQ"", nodeID: ""node"" },
			{ cmd: ""RES"", nodeID: ""node"" }
		]);

		expect(transporter.producer.createTopics).toHaveBeenCalledTimes(1);
		expect(transporter.producer.createTopics).toHaveBeenCalledWith(
			[""MOL-TEST.REQ.node"", ""MOL-TEST.RES.node""],
			true,
			expect.any(Function)
		);

		expect(Kafka.ConsumerGroup).toHaveBeenCalledTimes(1);
		expect(Kafka.ConsumerGroup).toHaveBeenCalledWith(
			{
				encoding: ""buffer"",
				fromOffset: ""latest"",
				groupId: transporter.broker.instanceID,
				kafkaHost: ""kafka-server:1234"",
				id: ""default-kafka-consumer""
			},
			[""MOL-TEST.REQ.node"", ""MOL-TEST.RES.node""]
		);

		expect(transporter.consumer).toBeDefined();

		expect(transporter.consumer.on).toHaveBeenCalledTimes(3);
		expect(transporter.consumer.on).toHaveBeenCalledWith(""error"", expect.any(Function));
		expect(transporter.consumer.on).toHaveBeenCalledWith(""message"", expect.any(Function));
		expect(transporter.consumer.on).toHaveBeenCalledWith(""connect"", expect.any(Function));
		transporter.consumer.callbacks.connect();

		transporter.consumer.callbacks.message({
			topic: ""MOL.INFO.node-2"",
			value: '{ ver: ""3"" }'
		});
		expect(transporter.incomingMessage).toHaveBeenCalledTimes(1);
		expect(transporter.incomingMessage).toHaveBeenCalledWith(""INFO"", '{ ver: ""3"" }');
	})",snuts
/test/unit/transporters/kafka.spec.js,AnonymousTest,"{'startLine':305,'endLine':325}","it(""check publish"", () => {
		transporter.producer.send.mockClear();
		const packet = new P.Packet(P.PACKET_INFO, ""node2"", { services: {} });
		transporter.publish(packet);

		expect(transporter.producer.send).toHaveBeenCalledTimes(1);
		expect(transporter.producer.send).toHaveBeenCalledWith(
			[
				{
					topic: ""MOL-TEST.INFO.node2"",
					messages: [Buffer.from(""json data"")],
					partition: 0,
					attributes: 0
				}
			],
			expect.any(Function)
		);

		expect(transporter.serialize).toHaveBeenCalledTimes(1);
		expect(transporter.serialize).toHaveBeenCalledWith(packet);
	})",snuts
/test/unit/transporters/kafka.spec.js,GeneralFixture,"{'startLine':292,'endLine':292}","beforeEach(() => {
		msgHandler = jest.fn();
		transporter = new KafkaTransporter();
		transporter.init(
			new Transit(new ServiceBroker({ logger: false, namespace: ""TEST"", nodeID: ""node1"" })),
			msgHandler
		);
		transporter.serialize = jest.fn(() => Buffer.from(""json data""));

		let p = transporter.connect();
		transporter.producer.callbacks.ready(); // Trigger the `resolve`
		return p;
	})",snuts
/test/unit/transporters/kafka.spec.js,VerboseStatement,"{'startLine':199,'endLine':239}","it(""check makeSubscriptions"", () => {
		transporter.producer.createTopics = jest.fn((topics, a, cb) => cb());
		transporter.makeSubscriptions([
			{ cmd: ""REQ"", nodeID: ""node"" },
			{ cmd: ""RES"", nodeID: ""node"" }
		]);

		expect(transporter.producer.createTopics).toHaveBeenCalledTimes(1);
		expect(transporter.producer.createTopics).toHaveBeenCalledWith(
			[""MOL-TEST.REQ.node"", ""MOL-TEST.RES.node""],
			true,
			expect.any(Function)
		);

		expect(Kafka.ConsumerGroup).toHaveBeenCalledTimes(1);
		expect(Kafka.ConsumerGroup).toHaveBeenCalledWith(
			{
				encoding: ""buffer"",
				fromOffset: ""latest"",
				groupId: transporter.broker.instanceID,
				kafkaHost: ""kafka-server:1234"",
				id: ""default-kafka-consumer""
			},
			[""MOL-TEST.REQ.node"", ""MOL-TEST.RES.node""]
		);

		expect(transporter.consumer).toBeDefined();

		expect(transporter.consumer.on).toHaveBeenCalledTimes(3);
		expect(transporter.consumer.on).toHaveBeenCalledWith(""error"", expect.any(Function));
		expect(transporter.consumer.on).toHaveBeenCalledWith(""message"", expect.any(Function));
		expect(transporter.consumer.on).toHaveBeenCalledWith(""connect"", expect.any(Function));
		transporter.consumer.callbacks.connect();

		transporter.consumer.callbacks.message({
			topic: ""MOL.INFO.node-2"",
			value: '{ ver: ""3"" }'
		});
		expect(transporter.incomingMessage).toHaveBeenCalledTimes(1);
		expect(transporter.incomingMessage).toHaveBeenCalledWith(""INFO"", '{ ver: ""3"" }');
	})",snuts
/test/unit/transporters/index.spec.js,IdenticalTestDescription,"{'startLine':121,'endLine':137}","it(""should resolve KafkaTransporter from connection string"", () => {
			let trans = Transporters.resolve(""kafka://localhost:2181"");
			expect(trans).toBeInstanceOf(Transporters.Kafka);
			expect(trans.opts).toEqual({
				host: ""localhost:2181"",
				client: {
					kafkaHost: ""localhost:2181""
				},
				consumer: {},
				customPartitioner: undefined,
				producer: {},
				publish: {
					attributes: 0,
					partition: 0
				}
			});
		})",snuts
/test/unit/transporters/index.spec.js,IdenticalTestDescription,"{'startLine':242,'endLine':246}","it(""should throw error if type if not correct"", () => {
		expect(() => {
			Transporters.resolve(""MyCustom"");
		}).toThrowError(BrokerOptionsError);
	})",snuts
/test/unit/transporters/fake.spec.js,AnonymousTest,"{'startLine':12,'endLine':16}","it(""check constructor"", () => {
		const transporter = new FakeTransporter();
		expect(transporter).toBeDefined();
		expect(transporter.bus).toBeDefined();
	})",snuts
/test/unit/transporters/fake.spec.js,AnonymousTest,"{'startLine':18,'endLine':25}","it(""check connect"", () => {
		const transporter = new FakeTransporter();
		transporter.init(transit);
		let p = transporter.connect();
		expect(isPromise(p)).toBe(true);
		expect(transporter.connected).toBe(true);
		return p;
	})",snuts
/test/unit/transporters/fake.spec.js,AnonymousTest,"{'startLine':27,'endLine':32}","it(""check disconnect"", () => {
		const transporter = new FakeTransporter();
		transporter.init(transit);
		transporter.disconnect();
		expect(transporter.connected).toBe(false);
	})",snuts
/test/unit/transporters/fake.spec.js,AnonymousTest,"{'startLine':34,'endLine':54}","it(""check subscribe"", () => {
		const opts = {};
		const msgHandler = jest.fn();
		const transporter = new FakeTransporter(opts);
		broker.namespace = ""TEST"";
		transporter.init(transit, msgHandler);

		let subCb;
		transporter.bus.on = jest.fn((name, cb) => (subCb = cb));
		transporter.incomingMessage = jest.fn();

		transporter.subscribe(""REQ"", ""node"");

		expect(transporter.bus.on).toHaveBeenCalledTimes(1);
		expect(transporter.bus.on).toHaveBeenCalledWith(""MOL-TEST.REQ.node"", expect.any(Function));

		// Test subscribe callback
		subCb('{ sender: ""node1"" }');
		expect(transporter.incomingMessage).toHaveBeenCalledTimes(1);
		expect(transporter.incomingMessage).toHaveBeenCalledWith(""REQ"", '{ sender: ""node1"" }');
	})",snuts
/test/unit/transporters/fake.spec.js,AnonymousTest,"{'startLine':56,'endLine':70}","it(""check publish"", () => {
		const transporter = new FakeTransporter();
		transporter.init(new Transit(new ServiceBroker({ logger: false, nodeID: ""node1"" })));
		transporter.bus.emit = jest.fn();
		transporter.serialize = jest.fn(() => ""serialized data"");

		const packet = new P.Packet(P.PACKET_INFO, ""node2"", { services: {} });
		transporter.publish(packet);

		expect(transporter.bus.emit).toHaveBeenCalledTimes(1);
		expect(transporter.bus.emit).toHaveBeenCalledWith(""MOL.INFO.node2"", ""serialized data"");

		expect(transporter.serialize).toHaveBeenCalledTimes(1);
		expect(transporter.serialize).toHaveBeenCalledWith(packet);
	})",snuts
/test/unit/transporters/fake.spec.js,VerboseStatement,"{'startLine':34,'endLine':54}","it(""check subscribe"", () => {
		const opts = {};
		const msgHandler = jest.fn();
		const transporter = new FakeTransporter(opts);
		broker.namespace = ""TEST"";
		transporter.init(transit, msgHandler);

		let subCb;
		transporter.bus.on = jest.fn((name, cb) => (subCb = cb));
		transporter.incomingMessage = jest.fn();

		transporter.subscribe(""REQ"", ""node"");

		expect(transporter.bus.on).toHaveBeenCalledTimes(1);
		expect(transporter.bus.on).toHaveBeenCalledWith(""MOL-TEST.REQ.node"", expect.any(Function));

		// Test subscribe callback
		subCb('{ sender: ""node1"" }');
		expect(transporter.incomingMessage).toHaveBeenCalledTimes(1);
		expect(transporter.incomingMessage).toHaveBeenCalledWith(""REQ"", '{ sender: ""node1"" }');
	})",snuts
/test/unit/transporters/base.spec.js,AnonymousTest,"{'startLine':9,'endLine':30}","it(""check constructor"", () => {
		let transporter = new BaseTransporter();
		expect(transporter).toBeDefined();
		expect(transporter.opts).toBeUndefined();
		expect(transporter.connected).toBe(false);
		expect(transporter.hasBuiltInBalancer).toBe(false);

		expect(transporter.init).toBeDefined();
		expect(transporter.connect).toBeDefined();
		expect(transporter.onConnected).toBeDefined();
		expect(transporter.disconnect).toBeDefined();
		expect(transporter.subscribe).toBeDefined();
		expect(transporter.subscribeBalancedRequest).toBeDefined();
		expect(transporter.subscribeBalancedEvent).toBeDefined();
		expect(transporter.unsubscribeFromBalancedCommands).toBeDefined();
		expect(transporter.prepublish).toBeDefined();
		expect(transporter.publish).toBeDefined();
		expect(transporter.publishBalancedEvent).toBeDefined();
		expect(transporter.publishBalancedRequest).toBeDefined();
		expect(transporter.serialize).toBeDefined();
		expect(transporter.deserialize).toBeDefined();
	})",snuts
/test/unit/transporters/base.spec.js,AnonymousTest,"{'startLine':39,'endLine':58}","it(""check init"", () => {
		let broker = new ServiceBroker({
			logger: false,
			namespace: ""beta-test"",
			nodeID: ""server1""
		});
		let transporter = new BaseTransporter();
		let transit = new Transit(broker, transporter);
		let handler = jest.fn();
		let handler2 = jest.fn();

		transporter.init(transit, handler, handler2);
		expect(transporter.transit).toBe(transit);
		expect(transporter.broker).toBe(broker);
		expect(transporter.nodeID).toBe(""server1"");
		expect(transporter.prefix).toBe(""MOL-beta-test"");
		expect(transporter.logger).toBeDefined();
		expect(transporter.messageHandler).toBe(handler);
		expect(transporter.afterConnect).toBe(handler2);
	})",snuts
/test/unit/transporters/base.spec.js,AnonymousTest,"{'startLine':60,'endLine':76}","it(""check onConnected"", () => {
		let transporter = new BaseTransporter();
		let afterConnect = jest.fn();

		expect(transporter.connected).toBe(false);

		transporter.init(null, null, afterConnect);

		transporter.onConnected();
		expect(transporter.connected).toBe(true);
		expect(afterConnect).toHaveBeenCalledTimes(1);

		afterConnect.mockClear();
		transporter.onConnected(true);
		expect(afterConnect).toHaveBeenCalledTimes(1);
		expect(afterConnect).toHaveBeenCalledWith(true);
	})",snuts
/test/unit/transporters/base.spec.js,AnonymousTest,"{'startLine':78,'endLine':91}","it(""check incomingMessage"", () => {
		let transporter = new BaseTransporter();
		let p = {};
		transporter.deserialize = jest.fn(() => p);
		transporter.messageHandler = jest.fn();

		transporter.incomingMessage(""MOL.DISCOVER"", ""msg"");

		expect(transporter.deserialize).toHaveBeenCalledTimes(1);
		expect(transporter.deserialize).toHaveBeenCalledWith(""MOL.DISCOVER"", ""msg"");

		expect(transporter.messageHandler).toHaveBeenCalledTimes(1);
		expect(transporter.messageHandler).toHaveBeenCalledWith(""MOL.DISCOVER"", p);
	})",snuts
/test/unit/transporters/base.spec.js,AnonymousTest,"{'startLine':93,'endLine':104}","it(""check getTopicName"", () => {
		let broker = new ServiceBroker({
			logger: false,
			namespace: ""beta-test"",
			nodeID: ""server1""
		});
		let transporter = new BaseTransporter();
		new Transit(broker, transporter);

		expect(transporter.getTopicName(""REQ"")).toBe(""MOL-beta-test.REQ"");
		expect(transporter.getTopicName(""REQ"", ""server-2"")).toBe(""MOL-beta-test.REQ.server-2"");
	})",snuts
/test/unit/transporters/base.spec.js,IdenticalTestDescription,"{'startLine':295,'endLine':309}","it(""check with PACKET_EVENT with target with groups"", () => {
				let packet = new P.Packet(P.PACKET_EVENT, null, {
					event: ""user.created"",
					data: null,
					groups: [""users"", ""payments""]
				});
				return transporter
					.prepublish(packet)
					.catch(protectReject)
					.then(() => {
						expect(transporter.publish).toHaveBeenCalledTimes(0);
						expect(transporter.publishBalancedEvent).toHaveBeenCalledTimes(2);
						expect(transporter.publishBalancedRequest).toHaveBeenCalledTimes(0);
					});
			})",snuts
/test/unit/transporters/base.spec.js,IdenticalTestDescription,"{'startLine':464,'endLine':470}","it(""check with PACKET_EVENT with target without groups"", () => {
				let packet = new P.Packet(P.PACKET_EVENT, ""server-2"", { event: ""user.created"" });
				return transporter
					.prepublish(packet)
					.catch(expectBrokerDisconnectedError)
					.then(expectNoPublishes);
			})",snuts
/test/unit/transporters/base.spec.js,IdenticalTestDescription,"{'startLine':472,'endLine':482}","it(""check with PACKET_EVENT with target with groups"", () => {
				let packet = new P.Packet(P.PACKET_EVENT, ""server-2"", {
					event: ""user.created"",
					data: null,
					groups: [""users"", ""payments""]
				});
				return transporter
					.prepublish(packet)
					.catch(expectBrokerDisconnectedError)
					.then(expectNoPublishes);
			})",snuts
/test/unit/transporters/base.spec.js,IdenticalTestDescription,"{'startLine':484,'endLine':490}","it(""check with PACKET_EVENT without target"", () => {
				let packet = new P.Packet(P.PACKET_EVENT, null, ""user.created"");
				return transporter
					.prepublish(packet)
					.catch(expectBrokerDisconnectedError)
					.then(expectNoPublishes);
			})",snuts
/test/unit/transporters/base.spec.js,IdenticalTestDescription,"{'startLine':492,'endLine':502}","it(""check with PACKET_EVENT with target with groups"", () => {
				let packet = new P.Packet(P.PACKET_EVENT, null, {
					event: ""user.created"",
					data: null,
					groups: [""users"", ""payments""]
				});
				return transporter
					.prepublish(packet)
					.catch(expectBrokerDisconnectedError)
					.then(expectNoPublishes);
			})",snuts
/test/unit/transporters/base.spec.js,IdenticalTestDescription,"{'startLine':504,'endLine':510}","it(""check with PACKET_REQ without target"", () => {
				let packet = new P.Packet(P.PACKET_REQUEST, null);
				return transporter
					.prepublish(packet)
					.catch(expectBrokerDisconnectedError)
					.then(expectNoPublishes);
			})",snuts
/test/unit/transporters/base.spec.js,IdenticalTestDescription,"{'startLine':512,'endLine':518}","it(""check with PACKET_REQ with target"", () => {
				let packet = new P.Packet(P.PACKET_REQUEST, ""server-2"");
				return transporter
					.prepublish(packet)
					.catch(expectBrokerDisconnectedError)
					.then(expectNoPublishes);
			})",snuts
/test/unit/transporters/base.spec.js,IdenticalTestDescription,"{'startLine':520,'endLine':526}","it(""check with PACKET_PING"", () => {
				let packet = new P.Packet(P.PACKET_PING, null);
				return transporter
					.prepublish(packet)
					.catch(expectBrokerDisconnectedError)
					.then(expectNoPublishes);
			})",snuts
/test/unit/transporters/base.spec.js,IdenticalTestDescription,"{'startLine':528,'endLine':531}","it(""check with PACKET_RESPONSE"", () => {
				let packet = new P.Packet(P.PACKET_RESPONSE, ""server-2"");
				return transporter.prepublish(packet).catch(expectNoError).then(expectNoPublishes);
			})",snuts
/test/unit/transporters/base.spec.js,IdenticalTestDescription,"{'startLine':533,'endLine':536}","it(""check with PACKET_DISCOVER"", () => {
				let packet = new P.Packet(P.PACKET_DISCOVER, null);
				return transporter.prepublish(packet).catch(expectNoError).then(expectNoPublishes);
			})",snuts
/test/unit/transporters/base.spec.js,IdenticalTestDescription,"{'startLine':538,'endLine':541}","it(""check with PACKET_INFO"", () => {
				let packet = new P.Packet(P.PACKET_INFO, ""server-2"");
				return transporter.prepublish(packet).catch(expectNoError).then(expectNoPublishes);
			})",snuts
/test/unit/transporters/base.spec.js,IdenticalTestDescription,"{'startLine':543,'endLine':546}","it(""check with PACKET_DISCONNECT"", () => {
				let packet = new P.Packet(P.PACKET_DISCONNECT, null);
				return transporter.prepublish(packet).catch(expectNoError).then(expectNoPublishes);
			})",snuts
/test/unit/transporters/base.spec.js,IdenticalTestDescription,"{'startLine':548,'endLine':551}","it(""check with PACKET_HEARTBEAT"", () => {
				let packet = new P.Packet(P.PACKET_HEARTBEAT, null);
				return transporter.prepublish(packet).catch(expectNoError).then(expectNoPublishes);
			})",snuts
/test/unit/transporters/base.spec.js,IdenticalTestDescription,"{'startLine':553,'endLine':556}","it(""check with PACKET_PONG"", () => {
				let packet = new P.Packet(P.PACKET_PONG, null);
				return transporter.prepublish(packet).catch(expectNoError).then(expectNoPublishes);
			})",snuts
/test/unit/transporters/base.spec.js,VerboseStatement,"{'startLine':9,'endLine':30}","it(""check constructor"", () => {
		let transporter = new BaseTransporter();
		expect(transporter).toBeDefined();
		expect(transporter.opts).toBeUndefined();
		expect(transporter.connected).toBe(false);
		expect(transporter.hasBuiltInBalancer).toBe(false);

		expect(transporter.init).toBeDefined();
		expect(transporter.connect).toBeDefined();
		expect(transporter.onConnected).toBeDefined();
		expect(transporter.disconnect).toBeDefined();
		expect(transporter.subscribe).toBeDefined();
		expect(transporter.subscribeBalancedRequest).toBeDefined();
		expect(transporter.subscribeBalancedEvent).toBeDefined();
		expect(transporter.unsubscribeFromBalancedCommands).toBeDefined();
		expect(transporter.prepublish).toBeDefined();
		expect(transporter.publish).toBeDefined();
		expect(transporter.publishBalancedEvent).toBeDefined();
		expect(transporter.publishBalancedRequest).toBeDefined();
		expect(transporter.serialize).toBeDefined();
		expect(transporter.deserialize).toBeDefined();
	})",snuts
/test/unit/transporters/amqp10.spec.js,AnonymousTest,"{'startLine':78,'endLine':91}","it(""check connect"", () => {
		return transporter
			.connect()
			.catch(protectReject)
			.then(() => {
				expect(transporter.connection).toBeDefined();
				expect(transporter.connected).toEqual(true);
				// expect(transporter.connection.on).toHaveBeenCalledTimes(4);
				// expect(transporter.connection.on).toHaveBeenCalledWith(""error"", expect.any(Function));
				// expect(transporter.connection.on).toHaveBeenCalledWith(""close"", expect.any(Function));
				// expect(transporter.connection.on).toHaveBeenCalledWith(""blocked"", expect.any(Function));
				// expect(transporter.connection.on).toHaveBeenCalledWith(""unblocked"", expect.any(Function));
			});
	})",snuts
/test/unit/transporters/amqp10.spec.js,AnonymousTest,"{'startLine':119,'endLine':141}","it(""check disconnect"", () => {
		transporter.receivers = [new rhea.Receiver(), new rhea.Receiver()];
		return transporter
			.connect()
			.catch(protectReject)
			.then(() => {
				let conCloseCb = transporter.connection.close;
				let receivers = transporter.receivers;
				transporter
					.disconnect()
					.catch(protectReject)
					.then(() => {
						expect(transporter.connection).toBeNull();
						expect(transporter.receivers).toHaveLength(0);

						expect(conCloseCb).toHaveBeenCalledTimes(1);

						for (let receiver of receivers) {
							expect(receiver.close).toHaveBeenCalledTimes(1);
						}
					});
			});
	})",snuts
/test/unit/transporters/amqp10.spec.js,AnonymousTest,"{'startLine':371,'endLine':394}","it(""check subscribeBalancedRequest"", () => {
		return transporter
			.subscribeBalancedRequest(""posts.find"")
			.catch(protectReject)
			.then(() => {
				expect(transporter.connection.createReceiver).toHaveBeenCalledTimes(1);
				expect(transporter.connection.createReceiver).toHaveBeenCalledWith(
					expect.objectContaining({ source: { address: ""MOL-TEST.REQB.posts.find"" } })
				);

				expect(transporter.receivers[0].on).toHaveBeenCalledTimes(26);
				expect(transporter.receivers[0].on).toHaveBeenCalledWith(
					""message"",
					expect.any(Function)
				);

				const consumeCb = transporter.receivers[0].on.mock.calls[25][1];
				const delivery = { accept: jest.fn(), reject: jest.fn() };
				consumeCb({ message: { body: Buffer.from(""data"") }, delivery });

				expect(transporter.incomingMessage).toHaveBeenCalledTimes(1);
				expect(delivery.accept).toHaveBeenCalledTimes(1);
			});
	})",snuts
/test/unit/transporters/amqp10.spec.js,AnonymousTest,"{'startLine':396,'endLine':421}","it(""check subscribeBalancedEvent"", () => {
		return transporter
			.subscribeBalancedEvent(""cache.clear"", ""posts"")
			.catch(protectReject)
			.then(() => {
				expect(transporter.connection.createReceiver).toHaveBeenCalledTimes(1);
				expect(transporter.connection.createReceiver).toHaveBeenCalledWith(
					expect.objectContaining({
						source: { address: ""MOL-TEST.EVENTB.posts.cache.clear"" }
					})
				);

				expect(transporter.receivers[0].on).toHaveBeenCalledTimes(28);
				expect(transporter.receivers[0].on).toHaveBeenCalledWith(
					""message"",
					expect.any(Function)
				);

				const consumeCb = transporter.receivers[0].on.mock.calls[27][1];
				const delivery = { accept: jest.fn(), reject: jest.fn() };
				consumeCb({ message: { body: Buffer.from(""data"") }, delivery });

				expect(transporter.incomingMessage).toHaveBeenCalledTimes(1);
				expect(delivery.accept).toHaveBeenCalledTimes(1);
			});
	})",snuts
/test/unit/transporters/amqp10.spec.js,AnonymousTest,"{'startLine':487,'endLine':516}","it(""check publishBalancedEvent"", () => {
		const packet = new P.Packet(P.PACKET_EVENT, null, {
			event: ""user.created"",
			data: { id: 5 },
			groups: [""mail""]
		});
		return transporter
			.publishBalancedEvent(packet, ""mail"")
			.catch(protectReject)
			.then(() => {
				return transporter.connection.createAwaitableSender.mock.results[0].value.then(
					sender => {
						expect(transporter.connection.createAwaitableSender).toHaveBeenCalledTimes(
							1
						);
						expect(transporter.connection.createAwaitableSender).toHaveBeenCalledWith(
							expect.objectContaining({
								target: { address: ""MOL-TEST.EVENTB.mail.user.created"" }
							})
						);
						expect(sender.send).toHaveBeenCalledTimes(1);
						expect(sender.send).toHaveBeenCalledWith(
							expect.objectContaining({ body: Buffer.from(""json data"") })
						);
						expect(transporter.serialize).toHaveBeenCalledTimes(1);
						expect(transporter.serialize).toHaveBeenCalledWith(packet);
					}
				);
			});
	})",snuts
/test/unit/transporters/amqp10.spec.js,AnonymousTest,"{'startLine':518,'endLine':545}","it(""check publishBalancedRequest"", () => {
		const packet = new P.Packet(P.PACKET_REQUEST, null, {
			action: ""posts.find""
		});
		return transporter
			.publishBalancedRequest(packet)
			.catch(protectReject)
			.then(() => {
				return transporter.connection.createAwaitableSender.mock.results[0].value.then(
					sender => {
						expect(transporter.connection.createAwaitableSender).toHaveBeenCalledTimes(
							1
						);
						expect(transporter.connection.createAwaitableSender).toHaveBeenCalledWith(
							expect.objectContaining({
								target: { address: ""MOL-TEST.REQB.posts.find"" }
							})
						);
						expect(sender.send).toHaveBeenCalledTimes(1);
						expect(sender.send).toHaveBeenCalledWith(
							expect.objectContaining({ body: Buffer.from(""json data"") })
						);
						expect(transporter.serialize).toHaveBeenCalledTimes(1);
						expect(transporter.serialize).toHaveBeenCalledWith(packet);
					}
				);
			});
	})",snuts
/test/unit/transporters/amqp10.spec.js,GeneralFixture,"{'startLine':227,'endLine':232}","beforeEach(() => {
		if (transporter) transporter.disconnect();

		broker = new ServiceBroker({
			logger: false,
			namespace: ""TEST"",
			nodeID: ""node"",
			internalServices: false
		});
		msgHandler = jest.fn();
		transporter = new Amqp10Transporter({ url: ""amqp10://localhost"" });
		transporter.init(new Transit(broker), msgHandler);
		transporter.incomingMessage = jest.fn();
		return transporter.connect();
	})",snuts
/test/unit/transporters/amqp10.spec.js,GeneralFixture,"{'startLine':429,'endLine':429}","beforeEach(() => {
		msgHandler = jest.fn();
		transporter = new Amqp10Transporter({ url: ""amqp10://localhost"" });
		transporter.init(
			new Transit(new ServiceBroker({ logger: false, namespace: ""TEST"" })),
			msgHandler
		);
		transporter.serialize = jest.fn(() => Buffer.from(""json data""));
		return transporter.connect();
	})",snuts
/test/unit/transporters/amqp.spec.js,AnonymousTest,"{'startLine':100,'endLine':132}","it(""check connect"", () => {
		return transporter
			.connect()
			.catch(protectReject)
			.then(() => {
				expect(transporter.connection).toBeDefined();
				expect(transporter.connection.on).toHaveBeenCalledTimes(4);
				expect(transporter.connection.on).toHaveBeenCalledWith(
					""error"",
					expect.any(Function)
				);
				expect(transporter.connection.on).toHaveBeenCalledWith(
					""close"",
					expect.any(Function)
				);
				expect(transporter.connection.on).toHaveBeenCalledWith(
					""blocked"",
					expect.any(Function)
				);
				expect(transporter.connection.on).toHaveBeenCalledWith(
					""unblocked"",
					expect.any(Function)
				);
				expect(transporter.channel).toBeDefined();
				expect(transporter.channel.on).toHaveBeenCalledTimes(4);
				expect(transporter.channel.on).toHaveBeenCalledWith(""error"", expect.any(Function));
				expect(transporter.channel.on).toHaveBeenCalledWith(""close"", expect.any(Function));
				expect(transporter.channel.on).toHaveBeenCalledWith(""return"", expect.any(Function));
				expect(transporter.channel.on).toHaveBeenCalledWith(""drain"", expect.any(Function));
				expect(transporter.channel.prefetch).toHaveBeenCalledTimes(1);
				expect(transporter.channel.prefetch).toHaveBeenCalledWith(3);
			});
	})",snuts
/test/unit/transporters/amqp.spec.js,AnonymousTest,"{'startLine':215,'endLine':243}","it(""check disconnect"", () => {
		transporter.bindings = [
			[""queue1"", ""exchange1"", """"],
			[""queue2"", ""exchange2"", """"]
		];
		return transporter
			.connect()
			.catch(protectReject)
			.then(() => {
				let chanCloseCb = transporter.channel.close;
				let chanUnbindCb = transporter.channel.unbindQueue;
				let conCloseCb = transporter.connection.close;
				let bindings = transporter.bindings;
				transporter
					.disconnect()
					.catch(protectReject)
					.then(() => {
						expect(transporter.channel).toBeNull();
						expect(transporter.connection).toBeNull();
						expect(chanCloseCb).toHaveBeenCalledTimes(1);
						expect(conCloseCb).toHaveBeenCalledTimes(1);

						expect(chanUnbindCb).toHaveBeenCalledTimes(bindings.length);
						for (let binding of bindings) {
							expect(chanUnbindCb).toHaveBeenCalledWith(...binding);
						}
					});
			});
	})",snuts
/test/unit/transporters/amqp.spec.js,AnonymousTest,"{'startLine':534,'endLine':557}","it(""check subscribeBalancedRequest"", () => {
		return transporter
			.subscribeBalancedRequest(""posts.find"")
			.catch(protectReject)
			.then(() => {
				expect(transporter.channel.assertQueue).toHaveBeenCalledTimes(1);
				expect(transporter.channel.consume).toHaveBeenCalledTimes(1);
				expect(transporter.channel.assertQueue).toHaveBeenCalledWith(
					""MOL-TEST.REQB.posts.find"",
					{}
				);
				expect(transporter.channel.consume).toHaveBeenCalledWith(
					""MOL-TEST.REQB.posts.find"",
					expect.any(Function),
					{}
				);

				const consumeCb = transporter.channel.consume.mock.calls[0][1];
				consumeCb({ content: Buffer.from(""data"") });

				expect(transporter.incomingMessage).toHaveBeenCalledTimes(1);
				expect(transporter.channel.ack).toHaveBeenCalledTimes(1);
			});
	})",snuts
/test/unit/transporters/amqp.spec.js,AnonymousTest,"{'startLine':559,'endLine':582}","it(""check subscribeBalancedEvent"", () => {
		return transporter
			.subscribeBalancedEvent(""cache.clear"", ""posts"")
			.catch(protectReject)
			.then(() => {
				expect(transporter.channel.assertQueue).toHaveBeenCalledTimes(1);
				expect(transporter.channel.consume).toHaveBeenCalledTimes(1);
				expect(transporter.channel.assertQueue).toHaveBeenCalledWith(
					""MOL-TEST.EVENTB.posts.cache.clear"",
					{ expires: 120000, messageTtl: 3000 }
				);
				expect(transporter.channel.consume).toHaveBeenCalledWith(
					""MOL-TEST.EVENTB.posts.cache.clear"",
					expect.any(Function),
					{}
				);

				const consumeCb = transporter.channel.consume.mock.calls[0][1];
				consumeCb({ content: Buffer.from(""data"") });

				expect(transporter.incomingMessage).toHaveBeenCalledTimes(1);
				expect(transporter.channel.ack).toHaveBeenCalledTimes(1);
			});
	})",snuts
/test/unit/transporters/amqp.spec.js,AnonymousTest,"{'startLine':633,'endLine':653}","it(""check publishBalancedEvent"", () => {
		const packet = new P.Packet(P.PACKET_EVENT, null, {
			event: ""user.created"",
			data: { id: 5 },
			groups: [""mail""]
		});
		return transporter
			.publishBalancedEvent(packet, ""mail"")
			.catch(protectReject)
			.then(() => {
				expect(transporter.channel.sendToQueue).toHaveBeenCalledTimes(1);
				expect(transporter.channel.sendToQueue).toHaveBeenCalledWith(
					""MOL-TEST.EVENTB.mail.user.created"",
					Buffer.from(""json data""),
					{}
				);

				expect(transporter.serialize).toHaveBeenCalledTimes(1);
				expect(transporter.serialize).toHaveBeenCalledWith(packet);
			});
	})",snuts
/test/unit/transporters/amqp.spec.js,AnonymousTest,"{'startLine':655,'endLine':673}","it(""check publishBalancedRequest"", () => {
		const packet = new P.Packet(P.PACKET_REQUEST, null, {
			action: ""posts.find""
		});
		return transporter
			.publishBalancedRequest(packet)
			.catch(protectReject)
			.then(() => {
				expect(transporter.channel.sendToQueue).toHaveBeenCalledTimes(1);
				expect(transporter.channel.sendToQueue).toHaveBeenCalledWith(
					""MOL-TEST.REQB.posts.find"",
					Buffer.from(""json data""),
					{}
				);

				expect(transporter.serialize).toHaveBeenCalledTimes(1);
				expect(transporter.serialize).toHaveBeenCalledWith(packet);
			});
	})",snuts
/test/unit/transporters/amqp.spec.js,GeneralFixture,"{'startLine':336,'endLine':341}","beforeEach(() => {
		broker = new ServiceBroker({
			logger: false,
			namespace: ""TEST"",
			nodeID: ""node"",
			internalServices: false
		});
		msgHandler = jest.fn();
		transporter = new AmqpTransporter({
			url: ""amqp://localhost"",
			eventTimeToLive: 3000,
			heartbeatTimeToLive: 4000
		});
		transporter.init(new Transit(broker), msgHandler);
		transporter.incomingMessage = jest.fn();

		return transporter.connect();
	})",snuts
/test/unit/transporters/amqp.spec.js,GeneralFixture,"{'startLine':590,'endLine':590}","beforeEach(() => {
		msgHandler = jest.fn();
		transporter = new AmqpTransporter({ url: ""amqp://localhost"", eventTimeToLive: 3000 });
		transporter.init(
			new Transit(new ServiceBroker({ logger: false, namespace: ""TEST"" })),
			msgHandler
		);
		transporter.serialize = jest.fn(() => Buffer.from(""json data""));
		return transporter.connect();
	})",snuts
/test/unit/tracing/tracer.spec.js,IdenticalTestDescription,"{'startLine':573,'endLine':584}","it(""should not invokeExporter if not sampled"", () => {
			//tracer.removeCurrentSpan.mockClear();
			tracer.invokeExporter.mockClear();

			const span = { id: ""span-111"", sampled: false };
			tracer.spanFinished(span);

			// expect(tracer.removeCurrentSpan).toBeCalledTimes(1);
			// expect(tracer.removeCurrentSpan).toHaveBeenCalledWith(span);

			expect(tracer.invokeExporter).toBeCalledTimes(0);
		})",snuts
/test/unit/tracing/tracer.spec.js,SubOptimalAssert,"{'startLine':183,'endLine':183}","it(""should initialize one exporter"", () => {
			Exporters.resolve.mockClear();
			fakeExporter.init.mockClear();

			const tracer = new Tracer(broker, {
				enabled: true,
				exporter: ""Exporter1"",
				defaultTags: {
					a: 5
				}
			});

			tracer.init();

			expect(tracer.exporter.length).toBe(1);
			expect(Exporters.resolve).toBeCalledTimes(1);
			expect(Exporters.resolve).toHaveBeenNthCalledWith(1, ""Exporter1"");
			expect(fakeExporter.init).toBeCalledTimes(1);
			expect(fakeExporter.init).toHaveBeenNthCalledWith(1, tracer);

			expect(tracer.defaultTags).toEqual({ a: 5 });
		})",snuts
/test/unit/tracing/tracer.spec.js,SubOptimalAssert,"{'startLine':214,'endLine':214}","it(""should initialize exporters"", () => {
			Exporters.resolve.mockClear();
			fakeExporter.init.mockClear();

			const tracer = new Tracer(broker, {
				exporter: [
					""Exporter1"",
					null,
					{
						type: ""Datadog"",
						options: {
							a: 5
						}
					}
				],
				defaultTags: jest.fn(() => ({
					a: 5
				}))
			});

			tracer.init();

			expect(tracer.exporter.length).toBe(2);
			expect(Exporters.resolve).toBeCalledTimes(2);
			expect(Exporters.resolve).toHaveBeenNthCalledWith(1, ""Exporter1"");
			expect(Exporters.resolve).toHaveBeenNthCalledWith(2, {
				type: ""Datadog"",
				options: {
					a: 5
				}
			});

			expect(fakeExporter.init).toBeCalledTimes(2);
			expect(fakeExporter.init).toHaveBeenNthCalledWith(1, tracer);
			expect(fakeExporter.init).toHaveBeenNthCalledWith(2, tracer);

			expect(tracer.defaultTags).toEqual({ a: 5 });
			expect(tracer.opts.defaultTags).toHaveBeenCalledTimes(1);
			expect(tracer.opts.defaultTags).toHaveBeenCalledWith(tracer);
		})",snuts
/test/unit/tracing/tracer.spec.js,VerboseStatement,"{'startLine':192,'endLine':231}","it(""should initialize exporters"", () => {
			Exporters.resolve.mockClear();
			fakeExporter.init.mockClear();

			const tracer = new Tracer(broker, {
				exporter: [
					""Exporter1"",
					null,
					{
						type: ""Datadog"",
						options: {
							a: 5
						}
					}
				],
				defaultTags: jest.fn(() => ({
					a: 5
				}))
			});

			tracer.init();

			expect(tracer.exporter.length).toBe(2);
			expect(Exporters.resolve).toBeCalledTimes(2);
			expect(Exporters.resolve).toHaveBeenNthCalledWith(1, ""Exporter1"");
			expect(Exporters.resolve).toHaveBeenNthCalledWith(2, {
				type: ""Datadog"",
				options: {
					a: 5
				}
			});

			expect(fakeExporter.init).toBeCalledTimes(2);
			expect(fakeExporter.init).toHaveBeenNthCalledWith(1, tracer);
			expect(fakeExporter.init).toHaveBeenNthCalledWith(2, tracer);

			expect(tracer.defaultTags).toEqual({ a: 5 });
			expect(tracer.opts.defaultTags).toHaveBeenCalledTimes(1);
			expect(tracer.opts.defaultTags).toHaveBeenCalledWith(tracer);
		})",snuts
/test/unit/tracing/span.spec.js,VerboseStatement,"{'startLine':27,'endLine':55}","it(""should create with default options"", () => {
			const span = new Span(tracer, ""test-123"");

			expect(span.tracer).toBe(tracer);
			expect(span.logger).toBe(tracer.logger);
			expect(span.opts).toEqual({});
			expect(span.meta).toEqual({});

			expect(span.name).toBe(""test-123"");
			expect(span.type).toBe(""custom"");
			expect(span.id).toBe(""12345678-abcdef"");
			expect(span.traceID).toBe(span.id);
			expect(span.parentID).toBeUndefined();
			expect(span.service).toBeUndefined();

			expect(span.priority).toBe(5);
			expect(span.sampled).toBe(true);

			expect(span.startTime).toBeNull();
			expect(span.finishTime).toBeNull();
			expect(span.duration).toBeNull();
			expect(span.error).toBeNull();

			expect(span.logs).toEqual([]);
			expect(span.tags).toEqual({});

			expect(tracer.shouldSample).toBeCalledTimes(1);
			expect(tracer.shouldSample).toBeCalledWith(span);
		})",snuts
/test/unit/tracing/span.spec.js,VerboseStatement,"{'startLine':57,'endLine':110}","it(""should use options"", () => {
			tracer.shouldSample.mockClear();

			const opts = {
				id: ""my-id"",
				type: ""web"",
				parentID: ""parent-id"",
				service: {
					name: ""posts"",
					version: 2,
					fullName: ""v2.posts""
				},
				priority: 4,
				sampled: false,
				defaultTags: {
					a: 5,
					b: ""John""
				},
				tags: {
					b: ""Jane"",
					c: 1000
				}
			};
			const span = new Span(tracer, ""test-234"", opts);

			expect(span.tracer).toBe(tracer);
			expect(span.logger).toBe(tracer.logger);
			expect(span.opts).toEqual(opts);
			expect(span.meta).toEqual({});

			expect(span.name).toBe(""test-234"");
			expect(span.type).toBe(""web"");
			expect(span.id).toBe(""my-id"");
			expect(span.traceID).toBe(span.id);
			expect(span.parentID).toBe(""parent-id"");
			expect(span.service).toEqual(opts.service);

			expect(span.priority).toBe(4);
			expect(span.sampled).toBe(false);

			expect(span.startTime).toBeNull();
			expect(span.finishTime).toBeNull();
			expect(span.duration).toBeNull();
			expect(span.error).toBeNull();

			expect(span.logs).toEqual([]);
			expect(span.tags).toEqual({
				a: 5,
				b: ""Jane"",
				c: 1000
			});

			expect(tracer.shouldSample).toBeCalledTimes(0);
		})",snuts
/test/unit/tracing/span.spec.js,VerboseStatement,"{'startLine':112,'endLine':164}","it(""should use options and service as string"", () => {
			tracer.shouldSample.mockClear();

			const opts = {
				id: ""my-id"",
				type: ""web"",
				parentID: ""parent-id"",
				service: ""v2.posts"",
				priority: 4,
				sampled: false,
				defaultTags: {
					a: 5,
					b: ""John""
				},
				tags: {
					b: ""Jane"",
					c: 1000
				}
			};
			const span = new Span(tracer, ""test-234"", opts);

			expect(span.tracer).toBe(tracer);
			expect(span.logger).toBe(tracer.logger);
			expect(span.opts).toEqual(opts);
			expect(span.meta).toEqual({});

			expect(span.name).toBe(""test-234"");
			expect(span.type).toBe(""web"");
			expect(span.id).toBe(""my-id"");
			expect(span.traceID).toBe(span.id);
			expect(span.parentID).toBe(""parent-id"");
			expect(span.service).toEqual({
				name: ""v2.posts"",
				fullName: ""v2.posts""
			});

			expect(span.priority).toBe(4);
			expect(span.sampled).toBe(false);

			expect(span.startTime).toBeNull();
			expect(span.finishTime).toBeNull();
			expect(span.duration).toBeNull();
			expect(span.error).toBeNull();

			expect(span.logs).toEqual([]);
			expect(span.tags).toEqual({
				a: 5,
				b: ""Jane"",
				c: 1000
			});

			expect(tracer.shouldSample).toBeCalledTimes(0);
		})",snuts
/test/unit/tracing/rate-limiter.spec.js,IdenticalTestDescription,"{'startLine':38,'endLine':48}","it(""should create with custom options"", () => {
			const rate = new RateLimiter({ tracesPerSecond: 0.5 });

			expect(rate.opts).toEqual({
				tracesPerSecond: 0.5
			});

			expect(rate.lastTime).toBe(12345678000);
			expect(rate.balance).toBe(0);
			expect(rate.maxBalance).toBe(1);
		})",snuts
/test/unit/tracing/rate-limiter.spec.js,VerboseStatement,"{'startLine':57,'endLine':108}","it(""should return once per seconds"", () => {
			const rate = new RateLimiter();

			expect(rate.check()).toBe(false);
			expect(rate.check()).toBe(false);

			clock.tick(300);
			expect(rate.check()).toBe(false);

			clock.tick(300);
			expect(rate.check()).toBe(false);

			clock.tick(300);
			expect(rate.check()).toBe(false);

			clock.tick(300);
			expect(rate.check()).toBe(true);

			clock.tick(500);
			expect(rate.check()).toBe(false);

			clock.tick(400);
			expect(rate.check()).toBe(false);

			clock.tick(100);
			expect(rate.check()).toBe(true);

			// Long times

			clock.tick(3000);
			expect(rate.check()).toBe(true);

			clock.tick(5000);
			expect(rate.check()).toBe(true);

			// Short times after long time

			clock.tick(100);
			expect(rate.check()).toBe(false);

			clock.tick(100);
			expect(rate.check()).toBe(false);

			clock.tick(100);
			expect(rate.check()).toBe(false);

			clock.tick(100);
			expect(rate.check()).toBe(false);

			clock.tick(800);
			expect(rate.check()).toBe(true);
		})",snuts
/test/unit/tracing/rate-limiter.spec.js,VerboseStatement,"{'startLine':110,'endLine':145}","it(""should return once per 5 seconds"", () => {
			const rate = new RateLimiter({ tracesPerSecond: 0.2 });

			expect(rate.check()).toBe(false);
			expect(rate.check()).toBe(false);

			clock.tick(1000);
			expect(rate.check()).toBe(false);

			clock.tick(1000);
			expect(rate.check()).toBe(false);

			clock.tick(1000);
			expect(rate.check()).toBe(false);

			clock.tick(1000);
			expect(rate.check()).toBe(false);

			clock.tick(1000);
			expect(rate.check()).toBe(true);

			clock.tick(1000);
			expect(rate.check()).toBe(false);

			clock.tick(1000);
			expect(rate.check()).toBe(false);

			clock.tick(1000);
			expect(rate.check()).toBe(false);

			clock.tick(1000);
			expect(rate.check()).toBe(false);

			clock.tick(1000);
			expect(rate.check()).toBe(true);
		})",snuts
/test/unit/tracing/rate-limiter.spec.js,VerboseStatement,"{'startLine':147,'endLine':182}","it(""should return 3 times per seconds"", () => {
			const rate = new RateLimiter({ tracesPerSecond: 3 });

			expect(rate.check()).toBe(false);
			expect(rate.check()).toBe(false);

			clock.tick(100);
			expect(rate.check()).toBe(false);

			clock.tick(100);
			expect(rate.check()).toBe(false);

			clock.tick(100);
			expect(rate.check()).toBe(false);

			clock.tick(100);
			expect(rate.check()).toBe(true);

			clock.tick(100);
			expect(rate.check()).toBe(false);

			clock.tick(100);
			expect(rate.check()).toBe(false);

			clock.tick(100);
			expect(rate.check()).toBe(true);

			clock.tick(100);
			expect(rate.check()).toBe(false);

			clock.tick(100);
			expect(rate.check()).toBe(false);

			clock.tick(100);
			expect(rate.check()).toBe(true);
		})",snuts
/test/unit/tracing/rate-limiter.spec.js,VerboseStatement,"{'startLine':184,'endLine':218}","it(""should return 2 times per seconds"", () => {
			const rate = new RateLimiter({ tracesPerSecond: 3 });

			expect(rate.check(2)).toBe(false);

			clock.tick(100);
			expect(rate.check(2)).toBe(false);

			clock.tick(100);
			expect(rate.check(2)).toBe(false);

			clock.tick(100);
			expect(rate.check(2)).toBe(false);

			clock.tick(100);
			expect(rate.check(2)).toBe(false);

			clock.tick(100);
			expect(rate.check(2)).toBe(false);

			clock.tick(100);
			expect(rate.check(2)).toBe(false);

			clock.tick(100);
			expect(rate.check(2)).toBe(true);

			clock.tick(100);
			expect(rate.check(2)).toBe(false);

			clock.tick(100);
			expect(rate.check(2)).toBe(false);

			clock.tick(100);
			expect(rate.check(1)).toBe(true);
		})",snuts
/test/unit/strategies/shard.spec.js,IdenticalTestDescription,"{'startLine':135,'endLine':147}","it(""should calc hash"", () => {
			let strategy = new ShardStrategy(broker.registry, broker, {
				ringSize: 1000
			});

			expect(strategy.getHash(""John"")).toBe(841);
			expect(strategy.getHash(""Jane"")).toBe(371);
			expect(strategy.getHash(""Adam"")).toBe(36);

			expect(strategy.getHash(""John"")).toBe(841);
			expect(strategy.getHash(""Jane"")).toBe(371);
			expect(strategy.getHash(""Adam"")).toBe(36);
		})",snuts
/test/unit/strategies/shard.spec.js,SubOptimalAssert,"{'startLine':409,'endLine':409}","it(""should find in rings and save to cache"", () => {
			expect(strategy.cache.length).toBe(0);
			expect(strategy.getNodeIDByKey(345)).toBe(""node-200"");
			expect(strategy.cache.length).toBe(1);
		})",snuts
/test/unit/strategies/shard.spec.js,SubOptimalAssert,"{'startLine':411,'endLine':411}","it(""should find in rings and save to cache"", () => {
			expect(strategy.cache.length).toBe(0);
			expect(strategy.getNodeIDByKey(345)).toBe(""node-200"");
			expect(strategy.cache.length).toBe(1);
		})",snuts
/test/unit/strategies/shard.spec.js,SubOptimalAssert,"{'startLine':421,'endLine':421}","it(""should find in cache"", () => {
			strategy.ring.length = 0;
			expect(strategy.getNodeIDByKey(345)).toBe(""node-200"");
			expect(strategy.cache.length).toBe(2);
			expect(strategy.getNodeIDByKey(456)).toBe(null);
		})",snuts
/test/unit/strategies/shard.spec.js,SubOptimalAssert,"{'startLine':422,'endLine':422}","it(""should find in cache"", () => {
			strategy.ring.length = 0;
			expect(strategy.getNodeIDByKey(345)).toBe(""node-200"");
			expect(strategy.cache.length).toBe(2);
			expect(strategy.getNodeIDByKey(456)).toBe(null);
		})",snuts
/test/unit/strategies/shard.spec.js,SubOptimalAssert,"{'startLine':427,'endLine':427}","it(""should clear cache when rebuild called"", () => {
			strategy.rebuild(list);
			expect(strategy.cache.length).toBe(0);
		})",snuts
/test/unit/strategies/shard.spec.js,VerboseStatement,"{'startLine':149,'endLine':252}","it(""should calc hash (moleculer-java compatibility check)"", () => {
			let strategy = new ShardStrategy(broker.registry, broker, {});

			expect(strategy.getHash(""0"")).toBe(3486326916);
			expect(strategy.getHash(""4a6b07269c41b0"")).toBe(724397302);
			expect(strategy.getHash(""94d60e4d4d2ac04a6b0726a757c"")).toBe(1203819753);
			expect(strategy.getHash(""df4115740c94904a6b0726af8b294d60e4d604d4"")).toBe(1290134576);
			expect(strategy.getHash(""129ac1c9ae2518"")).toBe(3078036978);
			expect(strategy.getHash(""1741723c1c26200"")).toBe(2115014930);
			expect(strategy.getHash(""1be822aeb135f804a6b07272f569"")).toBe(1791083853);
			expect(strategy.getHash(""208ed3212ac1b104a6b07273dfe494d60e4e7c980"")).toBe(194521309);
			expect(strategy.getHash(""25358393acc748"")).toBe(1049237500);
			expect(strategy.getHash(""29dc34062850110"")).toBe(3344970316);
			expect(strategy.getHash(""2e82e478a3ca4204a6b07276d393"")).toBe(1059795840);
			expect(strategy.getHash(""332994eb20d55d04a6b07277655d94d60e4eed472"")).toBe(2268826568);
			expect(strategy.getHash(""37d0455d9ed85c"")).toBe(3498678610);
			expect(strategy.getHash(""3c76f5d01ec4e90"")).toBe(2817756008);
			expect(strategy.getHash(""411da6429f104a04a6b072791d2b"")).toBe(2997157689);
			expect(strategy.getHash(""45c456b5200a9204a6b07279a40694d60e4f351c4"")).toBe(2571292884);
			expect(strategy.getHash(""4a6b0727a30f40"")).toBe(1466883034);
			expect(strategy.getHash(""4f11b79a2551920"")).toBe(4045131562);
			expect(strategy.getHash(""53b8680ca935e204a6b0727b3898"")).toBe(138243266);
			expect(strategy.getHash(""585f187f2e65cc04a6b0727bc0aa94d60e4f7889e"")).toBe(352636368);
			expect(strategy.getHash(""5d05c8f1b57e18"")).toBe(2273849769);
			expect(strategy.getHash(""61ac79643c54ce0"")).toBe(588847511);
			expect(strategy.getHash(""665329d6c4629e04a6b0727d553c"")).toBe(2319755670);
			expect(strategy.getHash(""6af9da494efdf304a6b0727deaab94d60e4fbdca0"")).toBe(2018050882);
			expect(strategy.getHash(""6fa08abbdadef8"")).toBe(3263977327);
			expect(strategy.getHash(""74473b2e6511dc0"")).toBe(398434408);
			expect(strategy.getHash(""78edeba0f0941004a6b0727f7317"")).toBe(886540594);
			expect(strategy.getHash(""7d949c137e97b804a6b0727ffd9794d60e5000278"")).toBe(2833093651);
			expect(strategy.getHash(""823b4c860d6c58"")).toBe(3675093615);
			expect(strategy.getHash(""86e1fcf89ca0f50"")).toBe(3313150130);
			expect(strategy.getHash(""8b88ad6b2dfd3e04a6b072819497"")).toBe(492206794);
			expect(strategy.getHash(""902f5dddbfffdd04a6b072821ca994d60e50447e6"")).toBe(3760893786);
			expect(strategy.getHash(""94d60e505449c0"")).toBe(774442496);
			expect(strategy.getHash(""997cbec2e6954c0"")).toBe(2776987465);
			expect(strategy.getHash(""9e236f357b9a2e04a6b07283b272"")).toBe(1601659566);
			expect(strategy.getHash(""a2ca1fa81256da04a6b07284394d94d60e5087c52"")).toBe(3430860961);
			expect(strategy.getHash(""a770d01aaa56d4"")).toBe(561474753);
			expect(strategy.getHash(""ac17808d40a1570"")).toBe(555389561);
			expect(strategy.getHash(""b0be30ffd8f3d204a6b07285c082"")).toBe(3133264599);
			expect(strategy.getHash(""b564e17273938404a6b0728649cb94d60e50c9ae0"")).toBe(502772168);
			expect(strategy.getHash(""ba0b91e50ee498"")).toBe(1848953068);
			expect(strategy.getHash(""beb24257a8bbdf0"")).toBe(2871289633);
			expect(strategy.getHash(""c358f2ca45b2b204a6b07287cd5b"")).toBe(1434351094);
			expect(strategy.getHash(""c7ffa33ce3b23604a6b07288509194d60e510aada"")).toBe(3379603680);
			expect(strategy.getHash(""cca653af8430c0"")).toBe(1158327753);
			expect(strategy.getHash(""d14d04222227cb0"")).toBe(3603063043);
			expect(strategy.getHash(""d5f3b494c2ce7404a6b07289d7c5"")).toBe(1767770729);
			expect(strategy.getHash(""da9a650765cfe004a6b0728a672294d60e514d7fc"")).toBe(455531586);
			expect(strategy.getHash(""df41157a0b4190"")).toBe(3123302400);
			expect(strategy.getHash(""e3e7c5ecad69610"")).toBe(2096814677);
			expect(strategy.getHash(""e88e765f51772604a6b0728be97a"")).toBe(1752104883);
			expect(strategy.getHash(""ed3526d1f7797304a6b0728c78d794d60e518fb66"")).toBe(327655376);
			expect(strategy.getHash(""f1dbd744a3b0fc"")).toBe(2701341810);
			expect(strategy.getHash(""f68287b74a97b60"")).toBe(820593198);
			expect(strategy.getHash(""fb293829f33d8404a6b0728e088c"")).toBe(1743913596);
			expect(strategy.getHash(""ffcfe89ca476c604a6b0728ebb2494d60e51d8000"")).toBe(2224362458);
			expect(strategy.getHash(""10476990f589040"")).toBe(517707929);
			expect(strategy.getHash(""1091d49820488800"")).toBe(2448939331);
			expect(strategy.getHash(""10dc3f9f4b20f3c04a6b072905bdc"")).toBe(1948853711);
			expect(strategy.getHash(""1126aaa6763f8bb04a6b07290eda794d60e521ec50"")).toBe(2088765863);
			expect(strategy.getHash(""117115ada16bcb0"")).toBe(1005982381);
			expect(strategy.getHash(""11bb80b4d03f3a10"")).toBe(1953516898);
			expect(strategy.getHash(""1205ebbbfc3ebd004a6b07293ba75"")).toBe(735126713);
			expect(strategy.getHash(""125056c327a940304a6b07294462c94d60e5289610"")).toBe(3764942190);
			expect(strategy.getHash(""129ac1ca539a2c0"")).toBe(3265688126);
			expect(strategy.getHash(""12e52cd17eeed1c0"")).toBe(2603066263);
			expect(strategy.getHash(""132f97d8aa6272404a6b07295f578"")).toBe(3647966497);
			expect(strategy.getHash(""137a02dfd5fad2c04a6b072967c5394d60e52d0260"")).toBe(760845854);
			expect(strategy.getHash(""13c46de707ac168"")).toBe(1497570554);
			expect(strategy.getHash(""140ed8ee3377f290"")).toBe(1906782356);
			expect(strategy.getHash(""145943f55f3a16e04a6b07299774c"")).toBe(363667900);
			expect(strategy.getHash(""14a3aefc8b0c54304a6b07299f94c94d60e533f9e2"")).toBe(2792937459);
			expect(strategy.getHash(""14ee1a03b7568d8"")).toBe(1340417761);
			expect(strategy.getHash(""1538850ae33f5850"")).toBe(3030368299);
			expect(strategy.getHash(""1582f0120f432b204a6b0729b8f14"")).toBe(1417319658);
			expect(strategy.getHash(""15cd5b193b7ef3a04a6b0729c185e94d60e5383a74"")).toBe(403872944);
			expect(strategy.getHash(""1617c62067c624c"")).toBe(362880290);
			expect(strategy.getHash(""1662312794187ac0"")).toBe(1512282808);
			expect(strategy.getHash(""16ac9c2ec075c0004a6b0729db571"")).toBe(1337590107);
			expect(strategy.getHash(""16f70735ed07bc104a6b0729e39de94d60e53c7d74"")).toBe(2294218872);
			expect(strategy.getHash(""1741723d19ab510"")).toBe(188405640);
			expect(strategy.getHash(""178bdd4445eba960"")).toBe(795173332);
			expect(strategy.getHash(""17d6484b728bad404a6b0729fc5ee"")).toBe(1272205773);
			expect(strategy.getHash(""1820b3529f42b2f04a6b072a0492494d60e5409c02"")).toBe(3845773986);
			expect(strategy.getHash(""186b1e59cc10fa0"")).toBe(4023863213);
			expect(strategy.getHash(""18b58960f8a2cbe0"")).toBe(3551407294);
			expect(strategy.getHash(""18fff46826cb9c604a6b072a20e4f"")).toBe(3894737157);
			expect(strategy.getHash(""194a5f6f53c905c04a6b072a29a0694d60e5453b58"")).toBe(1407156978);
			expect(strategy.getHash(""1994ca7685549e8"")).toBe(2108634166);
			expect(strategy.getHash(""19df357db25f0470"")).toBe(610075097);
			expect(strategy.getHash(""1a29a084e0840aa04a6b072a51b81"")).toBe(2132423929);
			expect(strategy.getHash(""1a740b8c0db198b04a6b072a59d8094d60e54b44ba"")).toBe(3311734549);
			expect(strategy.getHash(""1abe769340e22b0"")).toBe(2392290243);
			expect(strategy.getHash(""1b08e19a6f691170"")).toBe(4073617810);
			expect(strategy.getHash(""1b534ca19d6967204a6b072a87407"")).toBe(3372201925);
			expect(strategy.getHash(""1b9db7a8cb2d8d104a6b072a8ffbe94d60e55206c6"")).toBe(3357340148);
			expect(strategy.getHash(""1be822aff8d01e0"")).toBe(85270405);
			expect(strategy.getHash(""1c328db726235700"")).toBe(3304207601);
			expect(strategy.getHash(""1c7cf8be53b913804a6b072aa724b"")).toBe(828887894);
			expect(strategy.getHash(""1cc763c5816d56204a6b072aaef6e94d60e555e626"")).toBe(3600310098);
		})",snuts
/test/unit/strategies/shard.spec.js,VerboseStatement,"{'startLine':455,'endLine':606}","it(""should find the correct nodeID by key"", () => {
			expect(strategy.getNodeIDByKey(""70f83f5064f4d"")).toBe(""node4"");
			expect(strategy.getNodeIDByKey(""e1f07ea102414e1f07ea104fd0"")).toBe(""node6"");
			expect(strategy.getNodeIDByKey(""152e8bdf1ae353"")).toBe(""node0"");
			expect(strategy.getNodeIDByKey(""1c3e0fd4269a6c1c3e0fd426bc70"")).toBe(""node8"");
			expect(strategy.getNodeIDByKey(""234d93c934316d234d93c9349ec3"")).toBe(""node0"");
			expect(strategy.getNodeIDByKey(""2a5d17be439d5e2a5d17be43d7ae2a5d17be43f4dc"")).toBe(
				""node2""
			);
			expect(strategy.getNodeIDByKey(""316c9bb353eef0"")).toBe(""node5"");
			expect(strategy.getNodeIDByKey(""387c1fa8667440387c1fa866c200"")).toBe(""node3"");
			expect(strategy.getNodeIDByKey(""3f8ba39d79c0cb"")).toBe(""node3"");
			expect(strategy.getNodeIDByKey(""469b27928e1156469b27928e6660469b27928f1c9a"")).toBe(
				""node1""
			);
			expect(strategy.getNodeIDByKey(""4daaab87a576564daaab87a5e149"")).toBe(""node7"");
			expect(strategy.getNodeIDByKey(""54ba2f7cbd0bf4"")).toBe(""node7"");
			expect(strategy.getNodeIDByKey(""5bc9b371d70ac9"")).toBe(""node6"");
			expect(strategy.getNodeIDByKey(""62d93766f16ac862d93766f1f2d862d93766f236e0"")).toBe(
				""node5""
			);
			expect(strategy.getNodeIDByKey(""69e8bb5c0e0d11"")).toBe(""node6"");
			expect(strategy.getNodeIDByKey(""70f83f512ad640"")).toBe(""node0"");
			expect(strategy.getNodeIDByKey(""7807c3471b4ca7"")).toBe(""node0"");
			expect(strategy.getNodeIDByKey(""7f17473c4a91fa7f17473c4b56c87f17473c4bae40"")).toBe(
				""node0""
			);
			expect(strategy.getNodeIDByKey(""8626cb317880998626cb3179c3d2"")).toBe(""node2"");
			expect(strategy.getNodeIDByKey(""8d364f26a8e2408d364f26a98c548d364f26aa4eb4"")).toBe(
				""node4""
			);
			expect(strategy.getNodeIDByKey(""9445d31bd97a85"")).toBe(""node0"");
			expect(strategy.getNodeIDByKey(""9b555711e7c24a"")).toBe(""node6"");
			expect(strategy.getNodeIDByKey(""a264db0733382f"")).toBe(""node5"");
			expect(strategy.getNodeIDByKey(""a9745efc715838"")).toBe(""node0"");
			expect(strategy.getNodeIDByKey(""b083e2f1dd5c80"")).toBe(""node5"");
			expect(strategy.getNodeIDByKey(""b79366e725e138b79366e726fd7eb79366e7279b6c"")).toBe(
				""node3""
			);
			expect(strategy.getNodeIDByKey(""bea2eadc89a4cfbea2eadc8aecd1"")).toBe(""node7"");
			expect(strategy.getNodeIDByKey(""c5b26ed1d43518c5b26ed1d54538c5b26ed1d5ef4c"")).toBe(
				""node6""
			);
			expect(strategy.getNodeIDByKey(""ccc1f2c71e6b81ccc1f2c71f3ee3"")).toBe(""node3"");
			expect(strategy.getNodeIDByKey(""d3d176bc67833cd3d176bc68825a"")).toBe(""node2"");
			expect(strategy.getNodeIDByKey(""dae0fab1b4d1c5"")).toBe(""node0"");
			expect(strategy.getNodeIDByKey(""e1f07ea6ffa3c0e1f07ea700dac0"")).toBe(""node8"");
			expect(strategy.getNodeIDByKey(""e900029c4f1ebbe900029c50375ce900029c50ffcf"")).toBe(
				""node6""
			);
			expect(strategy.getNodeIDByKey(""f00f86919e3fd6"")).toBe(""node7"");
			expect(strategy.getNodeIDByKey(""f71f0a86ec89cd"")).toBe(""node3"");
			expect(strategy.getNodeIDByKey(""fe2e8e7c3dbb68fe2e8e7c3eed8c"")).toBe(""node6"");
			expect(strategy.getNodeIDByKey(""1053e127193339c1053e1271946e411053e1271954f00"")).toBe(
				""node0""
			);
			expect(strategy.getNodeIDByKey(""10c4d9666e7c772"")).toBe(""node3"");
			expect(strategy.getNodeIDByKey(""1135d1a5c3bd5851135d1a5c3d50b41135d1a5c3e0e38"")).toBe(
				""node4""
			);
			expect(strategy.getNodeIDByKey(""11a6c9e51948a78"")).toBe(""node3"");
			expect(strategy.getNodeIDByKey(""1217c2246ec82d4"")).toBe(""node0"");
			expect(strategy.getNodeIDByKey(""1288ba63c456230"")).toBe(""node3"");
			expect(strategy.getNodeIDByKey(""12f9b2a31b8068212f9b2a31b9dca712f9b2a31baadc6"")).toBe(
				""node5""
			);
			expect(strategy.getNodeIDByKey(""136aaae27154870136aaae27186a3c136aaae27194038"")).toBe(
				""node0""
			);
			expect(strategy.getNodeIDByKey(""13dba321c778255"")).toBe(""node8"");
			expect(strategy.getNodeIDByKey(""144c9b611f41f52144c9b611f64e26144c9b611f76590"")).toBe(
				""node8""
			);
			expect(strategy.getNodeIDByKey(""14bd93a0761790d14bd93a0764263914bd93a076c6705"")).toBe(
				""node6""
			);
			expect(strategy.getNodeIDByKey(""152e8bdfcd94d30"")).toBe(""node7"");
			expect(strategy.getNodeIDByKey(""159f841f244a9f6"")).toBe(""node4"");
			expect(strategy.getNodeIDByKey(""16107c5e7b215d016107c5e7b4387e"")).toBe(""node6"");
			expect(strategy.getNodeIDByKey(""1681749dd18e1c41681749dd1ad16c"")).toBe(""node8"");
			expect(strategy.getNodeIDByKey(""16f26cdd2881dbc"")).toBe(""node6"");
			expect(strategy.getNodeIDByKey(""1763651c7f5a32b1763651c7f7e6db1763651c7f8e867"")).toBe(
				""node6""
			);
			expect(strategy.getNodeIDByKey(""17d45d5bd610116"")).toBe(""node8"");
			expect(strategy.getNodeIDByKey(""1845559b2c9c1a61845559b2cbd82e"")).toBe(""node3"");
			expect(strategy.getNodeIDByKey(""18b64dda839c760"")).toBe(""node3"");
			expect(strategy.getNodeIDByKey(""19274619daaa2b719274619daccce8"")).toBe(""node8"");
			expect(strategy.getNodeIDByKey(""19983e59318ff4a"")).toBe(""node6"");
			expect(strategy.getNodeIDByKey(""1a09369895e39651a0936989614e0f"")).toBe(""node6"");
			expect(strategy.getNodeIDByKey(""1a7a2ed7edbc45c"")).toBe(""node4"");
			expect(strategy.getNodeIDByKey(""1aeb271744e63fe1aeb2717450b4d6"")).toBe(""node6"");
			expect(strategy.getNodeIDByKey(""1b5c1f569c5aa321b5c1f569c7b9701b5c1f569c9320a"")).toBe(
				""node1""
			);
			expect(strategy.getNodeIDByKey(""1bcd1795f447385"")).toBe(""node4"");
			expect(strategy.getNodeIDByKey(""1c3e0fd54ba5800"")).toBe(""node2"");
			expect(strategy.getNodeIDByKey(""1caf0814a3ae8ef1caf0814a3d60a7"")).toBe(""node6"");
			expect(strategy.getNodeIDByKey(""1d200053fc7d8081d200053fca5978"")).toBe(""node7"");
			expect(strategy.getNodeIDByKey(""1d90f8935427b6a1d90f89354506921d90f8935464c26"")).toBe(
				""node7""
			);
			expect(strategy.getNodeIDByKey(""1e01f0d2ac4119c1e01f0d2ac653e01e01f0d2ac89624"")).toBe(
				""node7""
			);
			expect(strategy.getNodeIDByKey(""1e72e9120455401"")).toBe(""node0"");
			expect(strategy.getNodeIDByKey(""1ee3e1515f55c781ee3e1515f859d2"")).toBe(""node4"");
			expect(strategy.getNodeIDByKey(""1f54d990b7d2a301f54d990b8493c61f54d990b8d56a7"")).toBe(
				""node1""
			);
			expect(strategy.getNodeIDByKey(""1fc5d1d01124910"")).toBe(""node7"");
			expect(strategy.getNodeIDByKey(""2036ca0f695003c2036ca0f697c5b4"")).toBe(""node1"");
			expect(strategy.getNodeIDByKey(""20a7c24ec18db46"")).toBe(""node3"");
			expect(strategy.getNodeIDByKey(""2118ba8e1a1c3da2118ba8e1a49cc2"")).toBe(""node7"");
			expect(strategy.getNodeIDByKey(""2189b2cd7a238bc2189b2cd7a5d4042189b2cd7a74554"")).toBe(
				""node7""
			);
			expect(strategy.getNodeIDByKey(""21faab0cd32764f21faab0cd35056921faab0cd367b95"")).toBe(
				""node3""
			);
			expect(strategy.getNodeIDByKey(""226ba34c2d7a6d4"")).toBe(""node7"");
			expect(strategy.getNodeIDByKey(""22dc9b8b8874bfd22dc9b8b88a4bc522dc9b8b88d4b8d"")).toBe(
				""node8""
			);
			expect(strategy.getNodeIDByKey(""234d93cae1bc1f0234d93cae1e6a40"")).toBe(""node6"");
			expect(strategy.getNodeIDByKey(""23be8c0a3a59ed9"")).toBe(""node5"");
			expect(strategy.getNodeIDByKey(""242f8449934c9f8"")).toBe(""node0"");
			expect(strategy.getNodeIDByKey(""24a07c88ebec8ed24a07c88ec3e811"")).toBe(""node6"");
			expect(strategy.getNodeIDByKey(""251174c845d4ac8251174c84601570"")).toBe(""node0"");
			expect(strategy.getNodeIDByKey(""25826d07a58d00b25826d07a5c7166"")).toBe(""node2"");
			expect(strategy.getNodeIDByKey(""25f36546fef728a"")).toBe(""node8"");
			expect(strategy.getNodeIDByKey(""26645d865824b46"")).toBe(""node5"");
			expect(strategy.getNodeIDByKey(""26d555c5b12da78"")).toBe(""node4"");
			expect(strategy.getNodeIDByKey(""27464e050a463f027464e050a7c4e827464e050a97564"")).toBe(
				""node6""
			);
			expect(strategy.getNodeIDByKey(""27b7464463dbd0e27b74644640bac2"")).toBe(""node2"");
			expect(strategy.getNodeIDByKey(""28283e83bd531d2"")).toBe(""node8"");
			expect(strategy.getNodeIDByKey(""289936c316b17c8289936c316e95e8289936c317054f8"")).toBe(
				""node2""
			);
			expect(strategy.getNodeIDByKey(""290a2f02705f821"")).toBe(""node3"");
			expect(strategy.getNodeIDByKey(""297b2741c9bb12c297b2741c9ed08a"")).toBe(""node7"");
			expect(strategy.getNodeIDByKey(""29ec1f8123fe64e"")).toBe(""node4"");
			expect(strategy.getNodeIDByKey(""2a5d17c07d98120"")).toBe(""node5"");
			expect(strategy.getNodeIDByKey(""2ace0fffd7243b8"")).toBe(""node6"");
			expect(strategy.getNodeIDByKey(""2b3f083f3145b18"")).toBe(""node6"");
			expect(strategy.getNodeIDByKey(""2bb0007e8af96a82bb0007e8b358d02bb0007e8b5b229"")).toBe(
				""node0""
			);
			expect(strategy.getNodeIDByKey(""2c20f8bde5af9902c20f8bde5ec570"")).toBe(""node0"");
		})",snuts
/test/unit/strategies/round-robin.spec.js,VerboseStatement,"{'startLine':6,'endLine':27}","it(""get endpoint in order"", () => {
		let strategy = new RoundRobinStrategy();
		expect(strategy.counter).toBe(0);

		const list = [{ a: ""hello"" }, { b: ""world"" }];

		let value = strategy.select(list);
		expect(strategy.counter).toBe(1);
		expect(value).toBe(list[0]);

		value = strategy.select(list);
		expect(strategy.counter).toBe(2);
		expect(value).toBe(list[1]);

		value = strategy.select(list);
		expect(strategy.counter).toBe(1);
		expect(value).toBe(list[0]);

		value = strategy.select(list);
		expect(strategy.counter).toBe(2);
		expect(value).toBe(list[1]);
	})",snuts
/test/unit/strategies/latency.spec.js,IdenticalTestDescription,"{'startLine':153,'endLine':193}","it(""should call sendPing in transit"", () => {
		const broker = new ServiceBroker({ logger: false, transporter: ""Fake"" });

		let strategy = new LatencyStrategy(broker.registry, broker, {
			sampleCount: 15,
			lowLatency: 20,
			collectCount: 10,
			pingInterval: 15
		});

		strategy.hostMap.set(""host-a"", {
			nodeList: [""node-a1"", ""node-a2"", ""node-a3""]
		});
		strategy.hostMap.set(""host-b"", {
			nodeList: [""node-b1"", ""node-b2"", ""node-b3""]
		});

		broker.transit.sendPing = jest.fn(() => Promise.resolve());

		return strategy
			.pingHosts()
			.catch(protectReject)
			.then(() => {
				expect(broker.transit.sendPing).toHaveBeenCalledTimes(2);
				expect(broker.transit.sendPing.mock.calls[0][0]).toBeAnyOf([
					""node-a1"",
					""node-a2"",
					""node-a3""
				]);
				expect(broker.transit.sendPing.mock.calls[1][0]).toBeAnyOf([
					""node-b1"",
					""node-b2"",
					""node-b3""
				]);

				strategy.pingHosts = jest.fn(() => Promise.resolve());
				clock.tick(15500);

				expect(strategy.pingHosts).toHaveBeenCalledTimes(1);
			});
	})",snuts
/test/unit/strategies/latency.spec.js,SubOptimalAssert,"{'startLine':226,'endLine':226}","it(""should calc avg latency and send to slaves"", () => {
		broker.localBus.emit = jest.fn();
		const mockNode = {
			id: ""node-a1"",
			hostname: ""host-a""
		};
		strategy.registry.nodes.get = jest.fn(() => mockNode);

		const historicLatency = [20, 40, 180, 10];
		strategy.getHostLatency = jest.fn(() => ({ historicLatency }));

		strategy.processPong({ nodeID: ""node-a1"", elapsedTime: 30 });

		expect(strategy.registry.nodes.get).toHaveBeenCalledTimes(1);
		expect(strategy.registry.nodes.get).toHaveBeenCalledWith(""node-a1"");

		expect(strategy.getHostLatency).toHaveBeenCalledTimes(1);
		expect(strategy.getHostLatency).toHaveBeenCalledWith(mockNode);

		expect(broker.localBus.emit).toHaveBeenCalledTimes(1);
		expect(broker.localBus.emit).toHaveBeenCalledWith(""$node.latencySlave"", {
			avgLatency: 56,
			hostname: ""host-a""
		});

		// Test collection shifting
		expect(historicLatency.length).toBe(5);
		strategy.processPong({ nodeID: ""node-a1"", elapsedTime: 25 });
		expect(historicLatency.length).toBe(5);
	})",snuts
/test/unit/strategies/latency.spec.js,SubOptimalAssert,"{'startLine':228,'endLine':228}","it(""should calc avg latency and send to slaves"", () => {
		broker.localBus.emit = jest.fn();
		const mockNode = {
			id: ""node-a1"",
			hostname: ""host-a""
		};
		strategy.registry.nodes.get = jest.fn(() => mockNode);

		const historicLatency = [20, 40, 180, 10];
		strategy.getHostLatency = jest.fn(() => ({ historicLatency }));

		strategy.processPong({ nodeID: ""node-a1"", elapsedTime: 30 });

		expect(strategy.registry.nodes.get).toHaveBeenCalledTimes(1);
		expect(strategy.registry.nodes.get).toHaveBeenCalledWith(""node-a1"");

		expect(strategy.getHostLatency).toHaveBeenCalledTimes(1);
		expect(strategy.getHostLatency).toHaveBeenCalledWith(mockNode);

		expect(broker.localBus.emit).toHaveBeenCalledTimes(1);
		expect(broker.localBus.emit).toHaveBeenCalledWith(""$node.latencySlave"", {
			avgLatency: 56,
			hostname: ""host-a""
		});

		// Test collection shifting
		expect(historicLatency.length).toBe(5);
		strategy.processPong({ nodeID: ""node-a1"", elapsedTime: 25 });
		expect(historicLatency.length).toBe(5);
	})",snuts
/test/unit/strategies/latency.spec.js,VerboseStatement,"{'startLine':12,'endLine':54}","it(""should be the master"", () => {
		const callbacks = {};

		const broker = new ServiceBroker({ logger: false, nodeID: ""node-1"", transporter: ""fake"" });
		broker.localBus.listenerCount = jest.fn(() => 0);
		broker.localBus.on = jest.fn((name, fn) => (callbacks[name] = fn));

		let strategy = new LatencyStrategy(broker.registry, broker);

		expect(broker.localBus.on).toHaveBeenCalledTimes(7);
		expect(broker.localBus.on).toHaveBeenCalledWith(""$broker.started"", expect.any(Function));
		expect(broker.localBus.on).toHaveBeenCalledWith(
			""$node.latencyMaster"",
			expect.any(Function)
		);
		expect(broker.localBus.on).toHaveBeenCalledWith(""$node.latencySlave"", expect.any(Function));
		expect(broker.localBus.on).toHaveBeenCalledWith(""$node.pong"", expect.any(Function));
		expect(broker.localBus.on).toHaveBeenCalledWith(""$node.connected"", expect.any(Function));
		expect(broker.localBus.on).toHaveBeenCalledWith(""$node.disconnected"", expect.any(Function));
		expect(broker.localBus.on).toHaveBeenCalledWith(""$node.latencySlave"", expect.any(Function));

		// Test callbacks
		/* Can't work due to bindings
		strategy.processPong = jest.fn();
		strategy.addNode = jest.fn();
		strategy.removeHostMap = jest.fn();
		strategy.discovery = jest.fn();
		strategy.updateLatency = jest.fn();

		callbacks[""$node.pong""]();
		expect(strategy.processPong).toHaveBeenCalledTimes(1);*/

		return broker
			.start()
			.catch(protectReject)
			.then(() => {
				expect(strategy.brokerStopped).toBe(false);
				expect(strategy.hostMap.size).toBe(0);
				expect(strategy.hostAvgLatency.size).toBe(0);

				return broker.stop();
			});
	})",snuts
/test/unit/strategies/latency.spec.js,VerboseStatement,"{'startLine':200,'endLine':229}","it(""should calc avg latency and send to slaves"", () => {
		broker.localBus.emit = jest.fn();
		const mockNode = {
			id: ""node-a1"",
			hostname: ""host-a""
		};
		strategy.registry.nodes.get = jest.fn(() => mockNode);

		const historicLatency = [20, 40, 180, 10];
		strategy.getHostLatency = jest.fn(() => ({ historicLatency }));

		strategy.processPong({ nodeID: ""node-a1"", elapsedTime: 30 });

		expect(strategy.registry.nodes.get).toHaveBeenCalledTimes(1);
		expect(strategy.registry.nodes.get).toHaveBeenCalledWith(""node-a1"");

		expect(strategy.getHostLatency).toHaveBeenCalledTimes(1);
		expect(strategy.getHostLatency).toHaveBeenCalledWith(mockNode);

		expect(broker.localBus.emit).toHaveBeenCalledTimes(1);
		expect(broker.localBus.emit).toHaveBeenCalledWith(""$node.latencySlave"", {
			avgLatency: 56,
			hostname: ""host-a""
		});

		// Test collection shifting
		expect(historicLatency.length).toBe(5);
		strategy.processPong({ nodeID: ""node-a1"", elapsedTime: 25 });
		expect(historicLatency.length).toBe(5);
	})",snuts
/test/unit/strategies/index.spec.js,IdenticalTestDescription,"{'startLine':45,'endLine':49}","it(""should throw error if type if not correct"", () => {
		expect(() => {
			Strategies.resolve(""MyCustom"");
		}).toThrowError(BrokerOptionsError);
	})",snuts
/test/unit/serializers/thrift.spec.js,SubOptimalAssert,"{'startLine':26,'endLine':26}","it(""should serialize the disconnect packet"", () => {
		const obj = {
			ver: ""4"",
			sender: ""test-1""
		};
		const s = serializer.serialize(obj, P.PACKET_DISCONNECT);
		expect(s.length).toBe(22);

		const res = serializer.deserialize(s, P.PACKET_DISCONNECT);
		expect(res).not.toBe(obj);
		expect(res).toEqual(obj);
	})",snuts
/test/unit/serializers/thrift.spec.js,SubOptimalAssert,"{'startLine':40,'endLine':40}","it(""should serialize the heartbeat packet"", () => {
		const obj = {
			ver: ""4"",
			sender: ""test-1"",
			cpu: 12.5
		};
		const s = serializer.serialize(obj, P.PACKET_HEARTBEAT);
		expect(s.length).toBe(33);

		const res = serializer.deserialize(s, P.PACKET_HEARTBEAT);
		expect(res).not.toBe(obj);
		expect(res).toEqual(obj);
	})",snuts
/test/unit/serializers/thrift.spec.js,SubOptimalAssert,"{'startLine':53,'endLine':53}","it(""should serialize the discover packet"", () => {
		const obj = {
			ver: ""4"",
			sender: ""test-1""
		};
		const s = serializer.serialize(obj, P.PACKET_DISCOVER);
		expect(s.length).toBe(22);

		const res = serializer.deserialize(s, P.PACKET_DISCOVER);
		expect(res).not.toBe(obj);
		expect(res).toEqual(obj);
	})",snuts
/test/unit/serializers/thrift.spec.js,SubOptimalAssert,"{'startLine':93,'endLine':93}","it(""should serialize the info packet"", () => {
		const obj = {
			ver: ""4"",
			sender: ""test-1"",
			services: [
				{
					name: ""users"",
					version: ""2"",
					settings: {},
					metadata: {},
					actions: {
						""users.create"": {}
					},
					events: {
						""user.created"": {}
					}
				}
			],
			config: {},
			instanceID: ""123456"",
			ipList: [""127.0.0.1""],
			hostname: ""test-server"",
			client: {
				type: ""nodejs"",
				version: ""1.2.3"",
				langVersion: ""6.10.2""
			},
			metadata: {
				region: ""eu-west1""
			},
			seq: 3
		};
		const s = serializer.serialize(cloneDeep(obj), P.PACKET_INFO);
		expect(s.length).toBe(286);

		const res = serializer.deserialize(s, P.PACKET_INFO);
		expect(res).not.toBe(obj);
		expect(res).toEqual(obj);
	})",snuts
/test/unit/serializers/thrift.spec.js,SubOptimalAssert,"{'startLine':120,'endLine':120}","it(""should serialize the event packet"", () => {
		const obj = {
			ver: ""4"",
			sender: ""test-1"",
			id: ""event-id"",
			event: ""user.created"",
			data: {
				a: 5,
				b: ""Test""
			},
			broadcast: true,
			meta: { name: ""John"" },
			level: 5,
			tracing: true,
			parentID: ""parent-id"",
			requestID: ""request-id"",
			caller: ""posts.created"",
			needAck: true
		};
		const s = serializer.serialize(cloneDeep(obj), P.PACKET_EVENT);
		expect(s.length).toBe(182);

		const res = serializer.deserialize(s, P.PACKET_EVENT);
		expect(res).not.toBe(obj);
		expect(res).toEqual(Object.assign(obj, { groups: null, seq: null, stream: null }));
	})",snuts
/test/unit/serializers/thrift.spec.js,SubOptimalAssert,"{'startLine':148,'endLine':148}","it(""should serialize the event packet with groups"", () => {
		const obj = {
			ver: ""4"",
			sender: ""test-1"",
			id: ""event-id"",
			event: ""user.created"",
			data: {
				a: 5,
				b: ""Test""
			},
			groups: [""users"", ""payments""],
			broadcast: false,
			meta: { name: ""John"" },
			level: 5,
			tracing: true,
			parentID: ""parent-id"",
			requestID: ""request-id"",
			caller: ""posts.created"",
			needAck: true
		};
		const s = serializer.serialize(cloneDeep(obj), P.PACKET_EVENT);
		expect(s.length).toBe(211);

		const res = serializer.deserialize(s, P.PACKET_EVENT);
		expect(res).not.toBe(obj);
		expect(res).toEqual(Object.assign(obj, { seq: null, stream: null }));
	})",snuts
/test/unit/serializers/thrift.spec.js,SubOptimalAssert,"{'startLine':172,'endLine':172}","it(""should serialize the event packet null data"", () => {
		const obj = {
			ver: ""3"",
			sender: ""test-1"",
			id: ""event-id"",
			event: ""user.created"",
			data: null,
			broadcast: true,
			meta: { name: ""John"" },
			level: 5,
			tracing: true,
			parentID: ""parent-id"",
			requestID: ""request-id"",
			caller: ""posts.created"",
			needAck: true
		};
		const s = serializer.serialize(cloneDeep(obj), P.PACKET_EVENT);
		expect(s.length).toBe(157);

		const res = serializer.deserialize(s, P.PACKET_EVENT);
		expect(res).not.toBe(obj);
		expect(res).toEqual(Object.assign(obj, { groups: null, seq: null, stream: null }));
	})",snuts
/test/unit/serializers/thrift.spec.js,SubOptimalAssert,"{'startLine':195,'endLine':195}","it(""should serialize the event packet without data"", () => {
		const obj = {
			ver: ""4"",
			sender: ""test-1"",
			id: ""event-id"",
			event: ""user.created"",
			broadcast: true,
			meta: { name: ""John"" },
			level: 5,
			tracing: true,
			parentID: ""parent-id"",
			requestID: ""request-id"",
			caller: ""posts.created"",
			needAck: true
		};
		const s = serializer.serialize(cloneDeep(obj), P.PACKET_EVENT);
		expect(s.length).toBe(157);

		const res = serializer.deserialize(s, P.PACKET_EVENT);
		expect(res).not.toBe(obj);
		expect(res).toEqual(Object.assign(obj, { groups: null, seq: null, stream: null }));
	})",snuts
/test/unit/serializers/thrift.spec.js,SubOptimalAssert,"{'startLine':225,'endLine':225}","it(""should serialize the request packet"", () => {
		const obj = {
			ver: ""4"",
			sender: ""test-1"",
			id: ""100"",
			action: ""posts.find"",
			params: { id: 5 },
			meta: {
				user: {
					id: 1,
					roles: [""admin""]
				}
			},
			timeout: 1500,
			level: 4,
			tracing: true,
			parentID: ""999"",
			requestID: ""12345"",
			caller: ""users.list"",
			stream: false,
			seq: null
		};
		const s = serializer.serialize(cloneDeep(obj), P.PACKET_REQUEST);
		expect(s.length).toBe(178);

		const res = serializer.deserialize(s, P.PACKET_REQUEST);
		expect(res).not.toBe(obj);
		expect(res).toEqual(obj);
	})",snuts
/test/unit/serializers/thrift.spec.js,SubOptimalAssert,"{'startLine':255,'endLine':255}","it(""should serialize the request packet without params"", () => {
		const obj = {
			ver: ""4"",
			sender: ""test-1"",
			id: ""100"",
			action: ""posts.find"",
			params: null,
			meta: {
				user: {
					id: 1,
					roles: [""admin""]
				}
			},
			timeout: 1500,
			level: 4,
			tracing: true,
			parentID: ""999"",
			requestID: ""12345"",
			caller: ""users.list"",
			stream: false,
			seq: null
		};
		const s = serializer.serialize(cloneDeep(obj), P.PACKET_REQUEST);
		expect(s.length).toBe(163);

		const res = serializer.deserialize(s, P.PACKET_REQUEST);
		expect(res).not.toBe(obj);
		expect(res).toEqual(obj);
	})",snuts
/test/unit/serializers/thrift.spec.js,SubOptimalAssert,"{'startLine':286,'endLine':286}","it(""should serialize the request packet with buffer"", () => {
		const obj = {
			ver: ""4"",
			sender: ""test-1"",
			id: ""100"",
			action: ""posts.find"",
			params: Buffer.from(""binary data""),
			meta: {
				user: {
					id: 1,
					roles: [""admin""]
				}
			},
			timeout: 1500,
			level: 4,
			tracing: true,
			parentID: ""999"",
			requestID: ""12345"",
			caller: null,
			stream: true,
			seq: 6
		};

		const s = serializer.serialize(cloneDeep(obj), P.PACKET_REQUEST);
		expect(s.length).toBe(171);

		const res = serializer.deserialize(s, P.PACKET_REQUEST);
		expect(res).not.toBe(obj);
		expect(res).toEqual(obj);
	})",snuts
/test/unit/serializers/thrift.spec.js,SubOptimalAssert,"{'startLine':313,'endLine':313}","it(""should serialize the response packet with data"", () => {
		const obj = {
			ver: ""4"",
			sender: ""test-1"",
			id: ""12345"",
			success: true,
			data: [
				{ id: 1, name: ""John"" },
				{ id: 2, name: ""Jane"" }
			],
			meta: {
				user: {
					id: 1,
					roles: [""admin""]
				}
			},
			stream: false,
			seq: null
		};
		const s = serializer.serialize(cloneDeep(obj), P.PACKET_RESPONSE);
		expect(s.length).toBe(145);

		const res = serializer.deserialize(s, P.PACKET_RESPONSE);
		expect(res).not.toBe(obj);
		expect(res).toEqual(Object.assign(obj, { error: null }));
	})",snuts
/test/unit/serializers/thrift.spec.js,SubOptimalAssert,"{'startLine':332,'endLine':332}","it(""should serialize the response packet with falsy data"", () => {
		const obj = {
			ver: ""3"",
			sender: ""test-1"",
			id: ""12345"",
			success: true,
			data: false,
			meta: {},
			seq: 3,
			stream: false
		};
		const s = serializer.serialize(cloneDeep(obj), P.PACKET_RESPONSE);
		expect(s.length).toBe(77);

		const res = serializer.deserialize(s, P.PACKET_RESPONSE);
		expect(res).not.toBe(obj);
		expect(res).toEqual(Object.assign(obj, { error: null }));
	})",snuts
/test/unit/serializers/thrift.spec.js,SubOptimalAssert,"{'startLine':356,'endLine':356}","it(""should serialize the response packet with buffer data"", () => {
		const obj = {
			ver: ""4"",
			sender: ""test-1"",
			id: ""12345"",
			success: true,
			data: Buffer.from(""binary data""),
			meta: {
				user: {
					id: 1,
					roles: [""admin""]
				}
			},
			stream: true,
			seq: 6
		};
		const s = serializer.serialize(cloneDeep(obj), P.PACKET_RESPONSE);
		expect(s.length).toBe(116);

		const res = serializer.deserialize(s, P.PACKET_RESPONSE);
		expect(res).not.toBe(obj);
		expect(res).toEqual(Object.assign(obj, { error: null }));
	})",snuts
/test/unit/serializers/thrift.spec.js,SubOptimalAssert,"{'startLine':375,'endLine':375}","it(""should serialize the response packet with null data"", () => {
		const obj = {
			ver: ""3"",
			sender: ""test-1"",
			id: ""12345"",
			success: true,
			data: null,
			meta: {},
			seq: 3,
			stream: false
		};
		const s = serializer.serialize(cloneDeep(obj), P.PACKET_RESPONSE);
		expect(s.length).toBe(65);

		const res = serializer.deserialize(s, P.PACKET_RESPONSE);
		expect(res).not.toBe(obj);
		expect(res).toEqual(Object.assign(obj, { error: null }));
	})",snuts
/test/unit/serializers/thrift.spec.js,SubOptimalAssert,"{'startLine':410,'endLine':410}","it(""should serialize the response packet with error"", () => {
		const obj = {
			ver: ""4"",
			sender: ""test-1"",
			id: ""12345"",
			success: false,
			error: {
				name: ""ValidationError"",
				message: ""Invalid email!"",
				code: 422,
				nodeID: ""test-1"",
				type: ""ERR_INVALID_A"",
				retryable: true,
				stack: ""STACK_PLACEHOLDER"",
				data: {
					a: 5
				}
			},
			meta: {
				user: {
					id: 1,
					roles: [""admin""]
				}
			},
			stream: false,
			seq: 0
		};
		const s = serializer.serialize(cloneDeep(obj), P.PACKET_RESPONSE);
		expect(s.length).toBe(270);

		const res = serializer.deserialize(s, P.PACKET_RESPONSE);
		expect(res).not.toBe(obj);
		expect(res).toEqual(obj);
	})",snuts
/test/unit/serializers/thrift.spec.js,SubOptimalAssert,"{'startLine':425,'endLine':425}","it(""should serialize the ping packet"", () => {
		const obj = {
			ver: ""4"",
			sender: ""test-1"",
			time: 1234567,
			id: ""123""
		};
		const s = serializer.serialize(obj, P.PACKET_PING);
		expect(s.length).toBe(43);

		const res = serializer.deserialize(s, P.PACKET_PING);
		expect(res).not.toBe(obj);
		expect(res).toEqual(
			Object.assign(obj, {
				time: { buffer: Buffer.from([0, 0, 0, 0, 0, 18, 214, 135]), offset: 0 }
			})
		);
	})",snuts
/test/unit/serializers/thrift.spec.js,SubOptimalAssert,"{'startLine':445,'endLine':445}","it(""should serialize the pong packet"", () => {
		const obj = {
			ver: ""4"",
			sender: ""test-1"",
			id: ""123"",
			time: 1234567,
			arrived: 7654321
		};
		const s = serializer.serialize(obj, P.PACKET_PONG);
		expect(s.length).toBe(54);

		const res = serializer.deserialize(s, P.PACKET_PONG);
		expect(res).not.toBe(obj);
		expect(res).toEqual(
			Object.assign(obj, {
				time: { buffer: Buffer.from([0, 0, 0, 0, 0, 18, 214, 135]), offset: 0 },
				arrived: { buffer: Buffer.from([0, 0, 0, 0, 0, 116, 203, 177]), offset: 0 }
			})
		);
	})",snuts
/test/unit/serializers/thrift.spec.js,SubOptimalAssert,"{'startLine':470,'endLine':470}","it(""should serialize the hello packet"", () => {
		const obj = {
			ver: ""4"",
			sender: ""test-1"",
			host: ""server-host"",
			port: 45450
		};
		const s = serializer.serialize(obj, P.PACKET_GOSSIP_HELLO);
		expect(s.length).toBe(47);

		const res = serializer.deserialize(s, P.PACKET_GOSSIP_HELLO);
		expect(res).toEqual(obj);
	})",snuts
/test/unit/serializers/thrift.spec.js,SubOptimalAssert,"{'startLine':482,'endLine':482}","it(""should serialize the empty REQUEST packet"", () => {
		const obj = {
			ver: ""4"",
			sender: ""test-1""
		};
		const s = serializer.serialize(cloneDeep(obj), P.PACKET_GOSSIP_REQ);
		expect(s.length).toBe(22);

		const res = serializer.deserialize(s, P.PACKET_GOSSIP_REQ);
		expect(res).toEqual(Object.assign(obj, { offline: null, online: null }));
	})",snuts
/test/unit/serializers/thrift.spec.js,SubOptimalAssert,"{'startLine':502,'endLine':502}","it(""should serialize the full REQUEST packet"", () => {
		const obj = {
			ver: ""4"",
			sender: ""test-1"",
			online: {
				""node-1"": [1, 2, 3],
				""node-2"": [150, 0, 0]
			},
			offline: {
				""node-3"": 23,
				""node-4"": 26854204
			}
		};
		const s = serializer.serialize(cloneDeep(obj), P.PACKET_GOSSIP_REQ);
		expect(s.length).toBe(104);

		const res = serializer.deserialize(s, P.PACKET_GOSSIP_REQ);
		expect(res).toEqual(obj);
	})",snuts
/test/unit/serializers/thrift.spec.js,SubOptimalAssert,"{'startLine':514,'endLine':514}","it(""should serialize the empty RESPONSE packet"", () => {
		const obj = {
			ver: ""4"",
			sender: ""test-1""
		};
		const s = serializer.serialize(cloneDeep(obj), P.PACKET_GOSSIP_RES);
		expect(s.length).toBe(22);

		const res = serializer.deserialize(s, P.PACKET_GOSSIP_RES);
		expect(res).toEqual(Object.assign(obj, { offline: null, online: null }));
	})",snuts
/test/unit/serializers/thrift.spec.js,SubOptimalAssert,"{'startLine':534,'endLine':534}","it(""should serialize the full RESPONSE packet"", () => {
		const obj = {
			ver: ""4"",
			sender: ""test-1"",
			online: {
				""node-1"": [{ services: [] }, 2, 3],
				""node-2"": [13, 56]
			},
			offline: {
				""node-3"": 23,
				""node-4"": 26854204
			}
		};
		const s = serializer.serialize(cloneDeep(obj), P.PACKET_GOSSIP_RES);
		expect(s.length).toBe(116);

		const res = serializer.deserialize(s, P.PACKET_GOSSIP_RES);
		expect(res).toEqual(obj);
	})",snuts
/test/unit/serializers/protobuf.spec.js,SubOptimalAssert,"{'startLine':26,'endLine':26}","it(""should serialize the disconnect packet"", () => {
		const obj = {
			ver: ""4"",
			sender: ""test-1""
		};
		const s = serializer.serialize(obj, P.PACKET_DISCONNECT);
		expect(s.length).toBe(11);

		const res = serializer.deserialize(s, P.PACKET_DISCONNECT);
		expect(res).not.toBe(obj);
		expect(res).toEqual(obj);
	})",snuts
/test/unit/serializers/protobuf.spec.js,SubOptimalAssert,"{'startLine':40,'endLine':40}","it(""should serialize the heartbeat packet"", () => {
		const obj = {
			ver: ""4"",
			sender: ""test-1"",
			cpu: 12.5
		};
		const s = serializer.serialize(obj, P.PACKET_HEARTBEAT);
		expect(s.length).toBe(20);

		const res = serializer.deserialize(s, P.PACKET_HEARTBEAT);
		expect(res).not.toBe(obj);
		expect(res).toEqual(obj);
	})",snuts
/test/unit/serializers/protobuf.spec.js,SubOptimalAssert,"{'startLine':53,'endLine':53}","it(""should serialize the discover packet"", () => {
		const obj = {
			ver: ""4"",
			sender: ""test-1""
		};
		const s = serializer.serialize(obj, P.PACKET_DISCOVER);
		expect(s.length).toBe(11);

		const res = serializer.deserialize(s, P.PACKET_DISCOVER);
		expect(res).not.toBe(obj);
		expect(res).toEqual(obj);
	})",snuts
/test/unit/serializers/protobuf.spec.js,SubOptimalAssert,"{'startLine':93,'endLine':93}","it(""should serialize the info packet"", () => {
		const obj = {
			ver: ""4"",
			sender: ""test-1"",
			seq: 3,
			services: [
				{
					name: ""users"",
					version: ""2"",
					settings: {},
					metadata: {},
					actions: {
						""users.create"": {}
					},
					events: {
						""user.created"": {}
					}
				}
			],
			config: {},
			instanceID: ""123456"",
			ipList: [""127.0.0.1""],
			hostname: ""test-server"",
			client: {
				type: ""nodejs"",
				version: ""1.2.3"",
				langVersion: ""6.10.2""
			},
			metadata: {
				region: ""eu-west1""
			}
		};
		const s = serializer.serialize(cloneDeep(obj), P.PACKET_INFO);
		expect(s.length).toBe(218);

		const res = serializer.deserialize(s, P.PACKET_INFO);
		expect(res).not.toBe(obj);
		expect(res).toEqual(obj);
	})",snuts
/test/unit/serializers/protobuf.spec.js,SubOptimalAssert,"{'startLine':120,'endLine':120}","it(""should serialize the event packet"", () => {
		const obj = {
			ver: ""4"",
			sender: ""test-1"",
			id: ""event-id"",
			event: ""user.created"",
			data: {
				a: 5,
				b: ""Test""
			},
			broadcast: true,
			meta: { name: ""John"" },
			level: 5,
			tracing: true,
			parentID: ""parent-id"",
			requestID: ""request-id"",
			caller: ""posts.created"",
			needAck: true
		};
		const s = serializer.serialize(cloneDeep(obj), P.PACKET_EVENT);
		expect(s.length).toBe(122);

		const res = serializer.deserialize(s, P.PACKET_EVENT);
		expect(res).not.toBe(obj);
		expect(res).toEqual(Object.assign(obj, { groups: [] }));
	})",snuts
/test/unit/serializers/protobuf.spec.js,SubOptimalAssert,"{'startLine':148,'endLine':148}","it(""should serialize the event packet with groups"", () => {
		const obj = {
			ver: ""4"",
			sender: ""test-1"",
			id: ""event-id"",
			event: ""user.created"",
			data: {
				a: 5,
				b: ""Test""
			},
			groups: [""users"", ""payments""],
			broadcast: false,
			meta: { name: ""John"" },
			level: 5,
			tracing: true,
			parentID: ""parent-id"",
			requestID: ""request-id"",
			caller: ""posts.created"",
			needAck: true
		};
		const s = serializer.serialize(cloneDeep(obj), P.PACKET_EVENT);
		expect(s.length).toBe(139);

		const res = serializer.deserialize(s, P.PACKET_EVENT);
		expect(res).not.toBe(obj);
		expect(res).toEqual(obj);
	})",snuts
/test/unit/serializers/protobuf.spec.js,SubOptimalAssert,"{'startLine':172,'endLine':172}","it(""should serialize the event packet null data"", () => {
		const obj = {
			ver: ""3"",
			sender: ""test-1"",
			id: ""event-id"",
			event: ""user.created"",
			data: null,
			broadcast: true,
			meta: { name: ""John"" },
			level: 5,
			tracing: true,
			parentID: ""parent-id"",
			requestID: ""request-id"",
			caller: ""posts.created"",
			needAck: true
		};
		const s = serializer.serialize(cloneDeep(obj), P.PACKET_EVENT);
		expect(s.length).toBe(102);

		const res = serializer.deserialize(s, P.PACKET_EVENT);
		expect(res).not.toBe(obj);
		expect(res).toEqual(Object.assign(obj, { groups: [] }));
	})",snuts
/test/unit/serializers/protobuf.spec.js,SubOptimalAssert,"{'startLine':195,'endLine':195}","it(""should serialize the event packet without data"", () => {
		const obj = {
			ver: ""4"",
			sender: ""test-1"",
			id: ""event-id"",
			event: ""user.created"",
			broadcast: true,
			meta: { name: ""John"" },
			level: 5,
			tracing: true,
			parentID: ""parent-id"",
			requestID: ""request-id"",
			caller: ""posts.created"",
			needAck: true
		};
		const s = serializer.serialize(cloneDeep(obj), P.PACKET_EVENT);
		expect(s.length).toBe(102);

		const res = serializer.deserialize(s, P.PACKET_EVENT);
		expect(res).not.toBe(obj);
		expect(res).toEqual(Object.assign(obj, { groups: [], data: undefined }));
	})",snuts
/test/unit/serializers/protobuf.spec.js,SubOptimalAssert,"{'startLine':225,'endLine':225}","it(""should serialize the request packet"", () => {
		const obj = {
			ver: ""4"",
			sender: ""test-1"",
			id: ""100"",
			action: ""posts.find"",
			params: { id: 5 },
			meta: {
				user: {
					id: 1,
					roles: [""admin""]
				}
			},
			timeout: 1500,
			level: 4,
			tracing: true,
			parentID: ""999"",
			requestID: ""12345"",
			caller: ""users.list"",
			stream: false,
			seq: null
		};
		const s = serializer.serialize(cloneDeep(obj), P.PACKET_REQUEST);
		expect(s.length).toBe(116);

		const res = serializer.deserialize(s, P.PACKET_REQUEST);
		expect(res).not.toBe(obj);
		expect(res).toEqual(Object.assign(obj, { seq: undefined }));
	})",snuts
/test/unit/serializers/protobuf.spec.js,SubOptimalAssert,"{'startLine':255,'endLine':255}","it(""should serialize the request packet without params"", () => {
		const obj = {
			ver: ""4"",
			sender: ""test-1"",
			id: ""100"",
			action: ""posts.find"",
			params: null,
			meta: {
				user: {
					id: 1,
					roles: [""admin""]
				}
			},
			timeout: 1500,
			level: 4,
			tracing: true,
			parentID: ""999"",
			requestID: ""12345"",
			caller: ""users.list"",
			stream: false,
			seq: null
		};
		const s = serializer.serialize(cloneDeep(obj), P.PACKET_REQUEST);
		expect(s.length).toBe(106);

		const res = serializer.deserialize(s, P.PACKET_REQUEST);
		expect(res).not.toBe(obj);
		expect(res).toEqual(Object.assign(obj, { seq: undefined }));
	})",snuts
/test/unit/serializers/protobuf.spec.js,SubOptimalAssert,"{'startLine':286,'endLine':286}","it(""should serialize the request packet with buffer"", () => {
		const obj = {
			ver: ""4"",
			sender: ""test-1"",
			id: ""100"",
			action: ""posts.find"",
			params: Buffer.from(""binary data""),
			meta: {
				user: {
					id: 1,
					roles: [""admin""]
				}
			},
			timeout: 1500,
			level: 4,
			tracing: true,
			parentID: ""999"",
			requestID: ""12345"",
			caller: null,
			stream: true,
			seq: 6
		};

		const s = serializer.serialize(cloneDeep(obj), P.PACKET_REQUEST);
		expect(s.length).toBe(109);

		const res = serializer.deserialize(s, P.PACKET_REQUEST);
		expect(res).not.toBe(obj);
		expect(res).toEqual(Object.assign(obj, { caller: undefined }));
	})",snuts
/test/unit/serializers/protobuf.spec.js,SubOptimalAssert,"{'startLine':313,'endLine':313}","it(""should serialize the response packet with data"", () => {
		const obj = {
			ver: ""4"",
			sender: ""test-1"",
			id: ""12345"",
			success: true,
			data: [
				{ id: 1, name: ""John"" },
				{ id: 2, name: ""Jane"" }
			],
			meta: {
				user: {
					id: 1,
					roles: [""admin""]
				}
			},
			stream: false,
			seq: null
		};
		const s = serializer.serialize(cloneDeep(obj), P.PACKET_RESPONSE);
		expect(s.length).toBe(110);

		const res = serializer.deserialize(s, P.PACKET_RESPONSE);
		expect(res).not.toBe(obj);
		expect(res).toEqual(Object.assign(obj, { seq: undefined }));
	})",snuts
/test/unit/serializers/protobuf.spec.js,SubOptimalAssert,"{'startLine':331,'endLine':331}","it(""should serialize the response packet with falsy data"", () => {
		const obj = {
			ver: ""3"",
			sender: ""test-1"",
			id: ""12345"",
			success: true,
			data: false,
			meta: {},
			stream: false
		};
		const s = serializer.serialize(cloneDeep(obj), P.PACKET_RESPONSE);
		expect(s.length).toBe(35);

		const res = serializer.deserialize(s, P.PACKET_RESPONSE);
		expect(res).not.toBe(obj);
		expect(res).toEqual(obj);
	})",snuts
/test/unit/serializers/protobuf.spec.js,SubOptimalAssert,"{'startLine':355,'endLine':355}","it(""should serialize the response packet with buffer data"", () => {
		const obj = {
			ver: ""4"",
			sender: ""test-1"",
			id: ""12345"",
			success: true,
			data: Buffer.from(""binary data""),
			meta: {
				user: {
					id: 1,
					roles: [""admin""]
				}
			},
			stream: true,
			seq: 6
		};
		const s = serializer.serialize(cloneDeep(obj), P.PACKET_RESPONSE);
		expect(s.length).toBe(76);

		const res = serializer.deserialize(s, P.PACKET_RESPONSE);
		expect(res).not.toBe(obj);
		expect(res).toEqual(obj);
	})",snuts
/test/unit/serializers/protobuf.spec.js,SubOptimalAssert,"{'startLine':373,'endLine':373}","it(""should serialize the response packet with null data"", () => {
		const obj = {
			ver: ""3"",
			sender: ""test-1"",
			id: ""12345"",
			success: true,
			data: null,
			meta: {},
			stream: false
		};
		const s = serializer.serialize(cloneDeep(obj), P.PACKET_RESPONSE);
		expect(s.length).toBe(28);

		const res = serializer.deserialize(s, P.PACKET_RESPONSE);
		expect(res).not.toBe(obj);
		expect(res).toEqual(obj);
	})",snuts
/test/unit/serializers/protobuf.spec.js,SubOptimalAssert,"{'startLine':408,'endLine':408}","it(""should serialize the response packet with error"", () => {
		const obj = {
			ver: ""4"",
			sender: ""test-1"",
			id: ""12345"",
			success: false,
			error: {
				name: ""ValidationError"",
				message: ""Invalid email!"",
				code: 422,
				nodeID: ""test-1"",
				type: ""ERR_INVALID_A"",
				retryable: true,
				stack: ""STACK_PLACEHOLDER"",
				data: {
					a: 5
				}
			},
			meta: {
				user: {
					id: 1,
					roles: [""admin""]
				}
			},
			stream: false,
			seq: null
		};
		const s = serializer.serialize(cloneDeep(obj), P.PACKET_RESPONSE);
		expect(s.length).toBe(229);

		const res = serializer.deserialize(s, P.PACKET_RESPONSE);
		expect(res).not.toBe(obj);
		expect(res).toEqual(Object.assign(obj, { seq: undefined }));
	})",snuts
/test/unit/serializers/protobuf.spec.js,SubOptimalAssert,"{'startLine':423,'endLine':423}","it(""should serialize the ping packet"", () => {
		const obj = {
			ver: ""4"",
			sender: ""test-1"",
			time: 1234567,
			id: ""123""
		};
		const s = serializer.serialize(obj, P.PACKET_PING);
		expect(s.length).toBe(20);

		const res = serializer.deserialize(s, P.PACKET_PING);
		expect(res).not.toBe(obj);
		expect(res).toEqual(
			Object.assign(obj, {
				time: {
					high: 0,
					low: 1234567,
					unsigned: false
				}
			})
		);
	})",snuts
/test/unit/serializers/protobuf.spec.js,SubOptimalAssert,"{'startLine':447,'endLine':447}","it(""should serialize the pong packet"", () => {
		const obj = {
			ver: ""4"",
			sender: ""test-1"",
			time: 1234567,
			arrived: 7654321,
			id: ""123""
		};
		const s = serializer.serialize(obj, P.PACKET_PONG);
		expect(s.length).toBe(25);

		const res = serializer.deserialize(s, P.PACKET_PONG);
		expect(res).not.toBe(obj);
		expect(res).toEqual(
			Object.assign(obj, {
				time: {
					high: 0,
					low: 1234567,
					unsigned: false
				},
				arrived: {
					high: 0,
					low: 7654321,
					unsigned: false
				}
			})
		);
	})",snuts
/test/unit/serializers/protobuf.spec.js,SubOptimalAssert,"{'startLine':480,'endLine':480}","it(""should serialize the hello packet"", () => {
		const obj = {
			ver: ""4"",
			sender: ""test-1"",
			host: ""server-host"",
			port: 45450
		};
		const s = serializer.serialize(obj, P.PACKET_GOSSIP_HELLO);
		expect(s.length).toBe(28);

		const res = serializer.deserialize(s, P.PACKET_GOSSIP_HELLO);
		expect(res).toEqual(obj);
	})",snuts
/test/unit/serializers/protobuf.spec.js,SubOptimalAssert,"{'startLine':492,'endLine':492}","it(""should serialize the empty REQUEST packet"", () => {
		const obj = {
			ver: ""4"",
			sender: ""test-1""
		};
		const s = serializer.serialize(cloneDeep(obj), P.PACKET_GOSSIP_REQ);
		expect(s.length).toBe(11);

		const res = serializer.deserialize(s, P.PACKET_GOSSIP_REQ);
		expect(res).toEqual(obj);
	})",snuts
/test/unit/serializers/protobuf.spec.js,SubOptimalAssert,"{'startLine':512,'endLine':512}","it(""should serialize the full REQUEST packet"", () => {
		const obj = {
			ver: ""4"",
			sender: ""test-1"",
			online: {
				""node-1"": [1, 2, 3],
				""node-2"": [150, 0, 0]
			},
			offline: {
				""node-3"": 23,
				""node-4"": 26854204
			}
		};
		const s = serializer.serialize(cloneDeep(obj), P.PACKET_GOSSIP_REQ);
		expect(s.length).toBe(83);

		const res = serializer.deserialize(s, P.PACKET_GOSSIP_REQ);
		expect(res).toEqual(obj);
	})",snuts
/test/unit/serializers/protobuf.spec.js,SubOptimalAssert,"{'startLine':524,'endLine':524}","it(""should serialize the empty RESPONSE packet"", () => {
		const obj = {
			ver: ""4"",
			sender: ""test-1""
		};
		const s = serializer.serialize(cloneDeep(obj), P.PACKET_GOSSIP_RES);
		expect(s.length).toBe(11);

		const res = serializer.deserialize(s, P.PACKET_GOSSIP_RES);
		expect(res).toEqual(obj);
	})",snuts
/test/unit/serializers/protobuf.spec.js,SubOptimalAssert,"{'startLine':544,'endLine':544}","it(""should serialize the full RESPONSE packet"", () => {
		const obj = {
			ver: ""4"",
			sender: ""test-1"",
			online: {
				""node-1"": [{ services: [] }, 2, 3],
				""node-2"": [13, 56]
			},
			offline: {
				""node-3"": 23,
				""node-4"": 26854204
			}
		};
		const s = serializer.serialize(cloneDeep(obj), P.PACKET_GOSSIP_RES);
		expect(s.length).toBe(95);

		const res = serializer.deserialize(s, P.PACKET_GOSSIP_RES);
		expect(res).toEqual(obj);
	})",snuts
/test/unit/serializers/notepack.spec.js,SubOptimalAssert,"{'startLine':36,'endLine':36}","it(""should serialize the event packet with UTC date string"", () => {
		const now = new Date().toUTCString();
		const obj = {
			ver: ""4"",
			sender: ""node-100"",
			id: ""8b3c7371-7f0a-4aa2-b734-70ede29e1bbb"",
			event: ""user.created"",
			data: {
				a: 5,
				b: ""Test"",
				c: now
			},
			broadcast: true,
			meta: {},
			level: 1,
			needAck: false
		};
		const s = serializer.serialize(cloneDeep(obj), P.PACKET_EVENT);
		expect(s.length).toBe(164);

		const res = serializer.deserialize(s, P.PACKET_EVENT);
		expect(res).not.toBe(obj);
		expect(res).toEqual(obj);
	})",snuts
/test/unit/serializers/notepack.spec.js,SubOptimalAssert,"{'startLine':61,'endLine':61}","it(""should serialize the event packet (date ends with 000z using UTC)"", () => {
		const now = new Date(""2022-11-06T22:59:47.000Z"").toUTCString();
		const obj = {
			ver: ""4"",
			sender: ""node-100"",
			id: ""8b3c7371-7f0a-4aa2-b734-70ede29e1bbb"",
			event: ""user.created"",
			data: {
				a: 5,
				b: ""Test"",
				c: now
			},
			broadcast: true,
			meta: {},
			level: 1,
			needAck: false
		};
		const s = serializer.serialize(cloneDeep(obj), P.PACKET_EVENT);
		expect(s.length).toBe(164);

		const res = serializer.deserialize(s, P.PACKET_EVENT);
		expect(res).not.toBe(obj);
		expect(res).toEqual(obj);
	})",snuts
/test/unit/serializers/notepack.spec.js,SubOptimalAssert,"{'startLine':86,'endLine':86}","it(""should serialize the event packet (date ends with 001z using UTC)"", () => {
		const now = new Date(""2022-11-06T22:59:47.001Z"").toUTCString();
		const obj = {
			ver: ""4"",
			sender: ""node-100"",
			id: ""8b3c7371-7f0a-4aa2-b734-70ede29e1bbb"",
			event: ""user.created"",
			data: {
				a: 5,
				b: ""Test"",
				c: now
			},
			broadcast: true,
			meta: {},
			level: 1,
			needAck: false
		};
		const s = serializer.serialize(cloneDeep(obj), P.PACKET_EVENT);
		expect(s.length).toBe(164);

		const res = serializer.deserialize(s, P.PACKET_EVENT);
		expect(res).not.toBe(obj);
		expect(res).toEqual(obj);
	})",snuts
/test/unit/serializers/notepack.spec.js,SubOptimalAssert,"{'startLine':111,'endLine':111}","it(""should serialize the event packet (date ends with 000z without UTC)"", () => {
		const now = new Date(""2022-11-06T22:59:47.000Z"");
		const obj = {
			ver: ""4"",
			sender: ""node-100"",
			id: ""8b3c7371-7f0a-4aa2-b734-70ede29e1bbb"",
			event: ""user.created"",
			data: {
				a: 5,
				b: ""Test"",
				c: now
			},
			broadcast: true,
			meta: {},
			level: 1,
			needAck: false
		};
		const s = serializer.serialize(cloneDeep(obj), P.PACKET_EVENT);
		expect(s.length).toBe(140);

		const res = serializer.deserialize(s, P.PACKET_EVENT);
		expect(res).not.toBe(obj);
		expect(res).toEqual(obj);
	})",snuts
/test/unit/serializers/notepack.spec.js,SubOptimalAssert,"{'startLine':136,'endLine':136}","it(""should serialize the event packet (date ends with 001z without UTC)"", () => {
		const now = new Date(""2022-11-06T22:59:47.001Z"");
		const obj = {
			ver: ""4"",
			sender: ""node-100"",
			id: ""8b3c7371-7f0a-4aa2-b734-70ede29e1bbb"",
			event: ""user.created"",
			data: {
				a: 5,
				b: ""Test"",
				c: now
			},
			broadcast: true,
			meta: {},
			level: 1,
			needAck: false
		};
		const s = serializer.serialize(cloneDeep(obj), P.PACKET_EVENT);
		expect(s.length).toBe(144);

		const res = serializer.deserialize(s, P.PACKET_EVENT);
		expect(res).not.toBe(obj);
		expect(res).toEqual(obj);
	})",snuts
/test/unit/serializers/msgpack.spec.js,SubOptimalAssert,"{'startLine':36,'endLine':36}","it(""should serialize the event packet (with UTC String)"", () => {
		const now = new Date().toUTCString();
		const obj = {
			ver: ""4"",
			sender: ""node-100"",
			id: ""8b3c7371-7f0a-4aa2-b734-70ede29e1bbb"",
			event: ""user.created"",
			data: {
				a: 5,
				b: ""Test"",
				c: now
			},
			broadcast: true,
			meta: {},
			level: 1,
			needAck: false
		};
		const s = serializer.serialize(cloneDeep(obj), P.PACKET_EVENT);
		expect(s.length).toBe(164);

		const res = serializer.deserialize(s, P.PACKET_EVENT);
		expect(res).not.toBe(obj);
		expect(res).toEqual(obj);
	})",snuts
/test/unit/serializers/msgpack.spec.js,SubOptimalAssert,"{'startLine':61,'endLine':61}","it(""should serialize the event packet (date time ends 000Z using UTC)"", () => {
		const now = new Date(""2022-11-06T22:59:47.000Z"").toUTCString();
		const obj = {
			ver: ""4"",
			sender: ""node-100"",
			id: ""8b3c7371-7f0a-4aa2-b734-70ede29e1bbb"",
			event: ""user.created"",
			data: {
				a: 5,
				b: ""Test"",
				c: now
			},
			broadcast: true,
			meta: {},
			level: 1,
			needAck: false
		};

		const s = serializer.serialize(cloneDeep(obj), P.PACKET_EVENT);
		expect(s.length).toBe(164);

		const res = serializer.deserialize(s, P.PACKET_EVENT);
		expect(res).not.toBe(obj);
		expect(res).toEqual(obj);
	})",snuts
/test/unit/serializers/msgpack.spec.js,SubOptimalAssert,"{'startLine':87,'endLine':87}","it(""should serialize the event packet (date time ends with 001Z and using UTC)"", () => {
		const now = new Date(""2022-11-06T22:59:47.001Z"").toUTCString();
		const obj = {
			ver: ""4"",
			sender: ""node-100"",
			id: ""8b3c7371-7f0a-4aa2-b734-70ede29e1bbb"",
			event: ""user.created"",
			data: {
				a: 5,
				b: ""Test"",
				c: now
			},
			broadcast: true,
			meta: {},
			level: 1,
			needAck: false
		};

		const s = serializer.serialize(cloneDeep(obj), P.PACKET_EVENT);
		expect(s.length).toBe(164);

		const res = serializer.deserialize(s, P.PACKET_EVENT);
		expect(res).not.toBe(obj);
		expect(res).toEqual(obj);
	})",snuts
/test/unit/serializers/msgpack.spec.js,SubOptimalAssert,"{'startLine':113,'endLine':113}","it(""should serialize the event packet (date time ends with 000Z without UTC)"", () => {
		const now = new Date(""2022-11-06T22:59:47.000Z"");
		const obj = {
			ver: ""4"",
			sender: ""node-100"",
			id: ""8b3c7371-7f0a-4aa2-b734-70ede29e1bbb"",
			event: ""user.created"",
			data: {
				a: 5,
				b: ""Test"",
				c: now
			},
			broadcast: true,
			meta: {},
			level: 1,
			needAck: false
		};

		const s = serializer.serialize(cloneDeep(obj), P.PACKET_EVENT);
		expect(s.length).toBe(140);

		const res = serializer.deserialize(s, P.PACKET_EVENT);
		expect(res).not.toBe(obj);
		expect(res).toEqual(obj);
	})",snuts
/test/unit/serializers/msgpack.spec.js,SubOptimalAssert,"{'startLine':139,'endLine':139}","it(""should serialize the event packet (date time ends with 001Z without UTC)"", () => {
		const now = new Date(""2022-11-06T22:59:47.001Z"");
		const obj = {
			ver: ""4"",
			sender: ""node-100"",
			id: ""8b3c7371-7f0a-4aa2-b734-70ede29e1bbb"",
			event: ""user.created"",
			data: {
				a: 5,
				b: ""Test"",
				c: now
			},
			broadcast: true,
			meta: {},
			level: 1,
			needAck: false
		};

		const s = serializer.serialize(cloneDeep(obj), P.PACKET_EVENT);
		expect(s.length).toBe(144);

		const res = serializer.deserialize(s, P.PACKET_EVENT);
		expect(res).not.toBe(obj);
		expect(res).toEqual(obj);
	})",snuts
/test/unit/serializers/json.spec.js,SubOptimalAssert,"{'startLine':34,'endLine':34}","it(""should serialize the event packet"", () => {
		const obj = {
			ver: ""4"",
			sender: ""node-100"",
			id: ""8b3c7371-7f0a-4aa2-b734-70ede29e1bbb"",
			event: ""user.created"",
			data: {
				a: 5,
				b: ""Test""
			},
			broadcast: true,
			meta: {},
			level: 1,
			needAck: false
		};
		const s = serializer.serialize(cloneDeep(obj), P.PACKET_EVENT);
		expect(s.length).toBe(177);

		const res = serializer.deserialize(s, P.PACKET_EVENT);
		expect(res).not.toBe(obj);
		expect(res).toEqual(obj);
	})",snuts
/test/unit/serializers/index.spec.js,IdenticalTestDescription,"{'startLine':39,'endLine':43}","it(""should throw error if type if not correct"", () => {
		expect(() => {
			Serializers.resolve(""MyCustom"");
		}).toThrowError(BrokerOptionsError);
	})",snuts
/test/unit/serializers/cbor.spec.js,SubOptimalAssert,"{'startLine':36,'endLine':36}","it(""should serialize the event packet (with UTC)"", () => {
		const now = new Date().toUTCString();
		const obj = {
			ver: ""4"",
			sender: ""node-100"",
			id: ""8b3c7371-7f0a-4aa2-b734-70ede29e1bbb"",
			event: ""user.created"",
			data: {
				a: 5,
				b: ""Test"",
				c: now
			},
			broadcast: true,
			meta: {},
			level: 1,
			needAck: false
		};
		const s = serializer.serialize(cloneDeep(obj), P.PACKET_EVENT);
		expect(s.length).toBe(171);

		const res = serializer.deserialize(s, P.PACKET_EVENT);
		expect(res).not.toBe(obj);
		expect(res).toEqual(obj);
	})",snuts
/test/unit/serializers/cbor.spec.js,SubOptimalAssert,"{'startLine':61,'endLine':61}","it(""should serialize the event packet (date time ends with 000Z with UTC)"", () => {
		const now = new Date(""2022-11-06T22:59:47.000Z"").toUTCString();
		const obj = {
			ver: ""4"",
			sender: ""node-100"",
			id: ""8b3c7371-7f0a-4aa2-b734-70ede29e1bbb"",
			event: ""user.created"",
			data: {
				a: 5,
				b: ""Test"",
				c: now
			},
			broadcast: true,
			meta: {},
			level: 1,
			needAck: false
		};
		const s = serializer.serialize(cloneDeep(obj), P.PACKET_EVENT);
		expect(s.length).toBe(171);

		const res = serializer.deserialize(s, P.PACKET_EVENT);
		expect(res).not.toBe(obj);
		expect(res).toEqual(obj);
	})",snuts
/test/unit/serializers/cbor.spec.js,SubOptimalAssert,"{'startLine':86,'endLine':86}","it(""should serialize the event packet (date time ends with 001Z with UTC)"", () => {
		const now = new Date(""2022-11-06T22:59:47.001Z"").toUTCString();
		const obj = {
			ver: ""4"",
			sender: ""node-100"",
			id: ""8b3c7371-7f0a-4aa2-b734-70ede29e1bbb"",
			event: ""user.created"",
			data: {
				a: 5,
				b: ""Test"",
				c: now
			},
			broadcast: true,
			meta: {},
			level: 1,
			needAck: false
		};
		const s = serializer.serialize(cloneDeep(obj), P.PACKET_EVENT);
		expect(s.length).toBe(171);

		const res = serializer.deserialize(s, P.PACKET_EVENT);
		expect(res).not.toBe(obj);
		expect(res).toEqual(obj);
	})",snuts
/test/unit/serializers/cbor.spec.js,SubOptimalAssert,"{'startLine':111,'endLine':111}","it(""should serialize the event packet (date time ends with 000Z without UTC)"", () => {
		const now = new Date(""2022-11-06T22:59:47.000Z"");
		const obj = {
			ver: ""4"",
			sender: ""node-100"",
			id: ""8b3c7371-7f0a-4aa2-b734-70ede29e1bbb"",
			event: ""user.created"",
			data: {
				a: 5,
				b: ""Test"",
				c: now
			},
			broadcast: true,
			meta: {},
			level: 1,
			needAck: false
		};
		const s = serializer.serialize(cloneDeep(obj), P.PACKET_EVENT);
		expect(s.length).toBe(146);

		const res = serializer.deserialize(s, P.PACKET_EVENT);
		expect(res).not.toBe(obj);
		expect(res).toEqual(obj);
	})",snuts
/test/unit/serializers/cbor.spec.js,SubOptimalAssert,"{'startLine':136,'endLine':136}","it(""should serialize the event packet (date time ends with 001Z without UTC)"", () => {
		const now = new Date(""2022-11-06T22:59:47.001Z"");
		const obj = {
			ver: ""4"",
			sender: ""node-100"",
			id: ""8b3c7371-7f0a-4aa2-b734-70ede29e1bbb"",
			event: ""user.created"",
			data: {
				a: 5,
				b: ""Test"",
				c: now
			},
			broadcast: true,
			meta: {},
			level: 1,
			needAck: false
		};
		const s = serializer.serialize(cloneDeep(obj), P.PACKET_EVENT);
		expect(s.length).toBe(150);

		const res = serializer.deserialize(s, P.PACKET_EVENT);
		expect(res).not.toBe(obj);
		expect(res).toEqual(obj);
	})",snuts
/test/unit/serializers/cbor.spec.js,SubOptimalAssert,"{'startLine':161,'endLine':161}","it(""should serialize the event packet with flaky date time string"", () => {
		const now = new Date(""2022-11-06T22:59:47.000Z"");
		const obj = {
			ver: ""4"",
			sender: ""node-100"",
			id: ""8b3c7371-7f0a-4aa2-b734-70ede29e1bbb"",
			event: ""user.created"",
			data: {
				a: 5,
				b: ""Test"",
				c: now
			},
			broadcast: true,
			meta: {},
			level: 1,
			needAck: false
		};
		const s = serializer.serialize(cloneDeep(obj), P.PACKET_EVENT);
		expect(s.length).toBe(146);

		const res = serializer.deserialize(s, P.PACKET_EVENT);
		expect(res).not.toBe(obj);
		expect(res).toEqual(obj);
	})",snuts
/test/unit/serializers/base.spec.js,AnonymousTest,"{'startLine':6,'endLine':12}","it(""check constructor"", () => {
		let cacher = new Serializer();
		expect(cacher).toBeDefined();
		expect(cacher.init).toBeDefined();
		expect(cacher.serialize).toBeDefined();
		expect(cacher.deserialize).toBeDefined();
	})",snuts
/test/unit/serializers/base.spec.js,AnonymousTest,"{'startLine':14,'endLine':20}","it(""check init"", () => {
		let broker = new ServiceBroker({ logger: false });
		let serializer = new Serializer();

		serializer.init(broker);
		expect(serializer.broker).toBe(broker);
	})",snuts
/test/unit/serializers/base.spec.js,IdenticalTestDescription,"{'startLine':321,'endLine':347}","it(""check with PACKET_INFO"", () => {
		expect(
			serializer.deserializeCustomFields(P.PACKET_INFO, {
				client: {
					version: 5
				},
				config: '{""a"":5}',
				instanceID: ""123456"",
				sender: ""node-1"",
				services: '[{""name"":""users"",""settings"":{}}]',
				metadata: '{""region"":""eu-west1""}'
			})
		).toEqual({
			sender: ""node-1"",
			services: [{ name: ""users"", settings: {} }],
			instanceID: ""123456"",
			config: {
				a: 5
			},
			client: {
				version: 5
			},
			metadata: {
				region: ""eu-west1""
			}
		});
	})",snuts
/test/unit/serializers/base.spec.js,IdenticalTestDescription,"{'startLine':349,'endLine':366}","it(""check with PACKET_EVENT with null"", () => {
		expect(
			serializer.deserializeCustomFields(P.PACKET_EVENT, {
				data: null,
				dataType: 1,
				meta: '{""name"":""John""}',
				event: ""user.created"",
				groups: [""mail""],
				sender: ""node-1""
			})
		).toEqual({
			sender: ""node-1"",
			event: ""user.created"",
			data: null,
			meta: { name: ""John"" },
			groups: [""mail""]
		});
	})",snuts
/test/unit/serializers/base.spec.js,IdenticalTestDescription,"{'startLine':389,'endLine':406}","it(""check with PACKET_EVENT with Buffer"", () => {
		expect(
			serializer.deserializeCustomFields(P.PACKET_EVENT, {
				data: Buffer.from(""binary data""),
				dataType: 3,
				meta: '{""name"":""John""}',
				event: ""user.created"",
				groups: [""mail""],
				sender: ""node-1""
			})
		).toEqual({
			sender: ""node-1"",
			event: ""user.created"",
			data: Buffer.from(""binary data""),
			meta: { name: ""John"" },
			groups: [""mail""]
		});
	})",snuts
/test/unit/serializers/base.spec.js,IdenticalTestDescription,"{'startLine':408,'endLine':427}","it(""check with PACKET_REQUEST with null"", () => {
		expect(
			serializer.deserializeCustomFields(P.PACKET_REQUEST, {
				action: ""users.create"",
				meta: '{""token"":""12345""}',
				params: null,
				paramsType: 1,
				requestID: ""1111"",
				sender: ""node-1""
			})
		).toEqual({
			sender: ""node-1"",
			action: ""users.create"",
			params: null,
			meta: {
				token: ""12345""
			},
			requestID: ""1111""
		});
	})",snuts
/test/unit/serializers/base.spec.js,IdenticalTestDescription,"{'startLine':452,'endLine':473}","it(""check with PACKET_REQUEST with Buffer"", () => {
		expect(
			serializer.deserializeCustomFields(P.PACKET_REQUEST, {
				action: ""users.create"",
				meta: '{""token"":""12345""}',
				params: Buffer.from(""binary data""),
				paramsType: 3,
				requestID: ""1111"",
				stream: true,
				sender: ""node-1""
			})
		).toEqual({
			sender: ""node-1"",
			action: ""users.create"",
			params: Buffer.from(""binary data""),
			meta: {
				token: ""12345""
			},
			stream: true,
			requestID: ""1111""
		});
	})",snuts
/test/unit/serializers/base.spec.js,IdenticalTestDescription,"{'startLine':475,'endLine':496}","it(""check with PACKET_REQUEST with stream"", () => {
		expect(
			serializer.deserializeCustomFields(P.PACKET_REQUEST, {
				action: ""users.create"",
				meta: '{""token"":""12345""}',
				params: Buffer.from(""binary data""),
				paramsType: 3,
				requestID: ""1111"",
				stream: true,
				sender: ""node-1""
			})
		).toEqual({
			sender: ""node-1"",
			action: ""users.create"",
			params: Buffer.from(""binary data""),
			meta: {
				token: ""12345""
			},
			stream: true,
			requestID: ""1111""
		});
	})",snuts
/test/unit/serializers/base.spec.js,IdenticalTestDescription,"{'startLine':498,'endLine':519}","it(""check with PACKET_RESPONSE with null"", () => {
		expect(
			serializer.deserializeCustomFields(P.PACKET_RESPONSE, {
				data: null,
				dataType: 1,
				error: '{""name"":""SomeError""}',
				id: ""12345"",
				meta: '{""token"":""12345""}',
				sender: ""node-1""
			})
		).toEqual({
			sender: ""node-1"",
			id: ""12345"",
			data: null,
			error: {
				name: ""SomeError""
			},
			meta: {
				token: ""12345""
			}
		});
	})",snuts
/test/unit/serializers/base.spec.js,IdenticalTestDescription,"{'startLine':546,'endLine':569}","it(""check with PACKET_RESPONSE with Buffer"", () => {
		expect(
			serializer.deserializeCustomFields(P.PACKET_RESPONSE, {
				data: Buffer.from(""binary data""),
				dataType: 3,
				error: '{""name"":""SomeError""}',
				id: ""12345"",
				meta: '{""token"":""12345""}',
				stream: true,
				sender: ""node-1""
			})
		).toEqual({
			sender: ""node-1"",
			id: ""12345"",
			data: Buffer.from(""binary data""),
			error: {
				name: ""SomeError""
			},
			meta: {
				token: ""12345""
			},
			stream: true
		});
	})",snuts
/test/unit/serializers/base.spec.js,IdenticalTestDescription,"{'startLine':571,'endLine':594}","it(""check with PACKET_RESPONSE with stream"", () => {
		expect(
			serializer.deserializeCustomFields(P.PACKET_RESPONSE, {
				data: Buffer.from(""binary data""),
				dataType: 3,
				error: '{""name"":""SomeError""}',
				id: ""12345"",
				meta: '{""token"":""12345""}',
				stream: true,
				sender: ""node-1""
			})
		).toEqual({
			sender: ""node-1"",
			id: ""12345"",
			data: Buffer.from(""binary data""),
			error: {
				name: ""SomeError""
			},
			meta: {
				token: ""12345""
			},
			stream: true
		});
	})",snuts
/test/unit/serializers/avro.spec.js,SubOptimalAssert,"{'startLine':26,'endLine':26}","it(""should serialize the disconnect packet"", () => {
		const obj = {
			ver: ""2"",
			sender: ""test-1""
		};
		const s = serializer.serialize(obj, P.PACKET_DISCONNECT);
		expect(s.length).toBe(9);

		const res = serializer.deserialize(s, P.PACKET_DISCONNECT);
		expect(res).not.toBe(obj);
		expect(res).toEqual(obj);
	})",snuts
/test/unit/serializers/avro.spec.js,SubOptimalAssert,"{'startLine':40,'endLine':40}","it(""should serialize the heartbeat packet"", () => {
		const obj = {
			ver: ""2"",
			sender: ""test-1"",
			cpu: 12.5
		};
		const s = serializer.serialize(obj, P.PACKET_HEARTBEAT);
		expect(s.length).toBe(17);

		const res = serializer.deserialize(s, P.PACKET_HEARTBEAT);
		expect(res).not.toBe(obj);
		expect(res).toEqual(obj);
	})",snuts
/test/unit/serializers/avro.spec.js,SubOptimalAssert,"{'startLine':53,'endLine':53}","it(""should serialize the discover packet"", () => {
		const obj = {
			ver: ""2"",
			sender: ""test-1""
		};
		const s = serializer.serialize(obj, P.PACKET_DISCOVER);
		expect(s.length).toBe(9);

		const res = serializer.deserialize(s, P.PACKET_DISCOVER);
		expect(res).not.toBe(obj);
		expect(res).toEqual(obj);
	})",snuts
/test/unit/serializers/avro.spec.js,SubOptimalAssert,"{'startLine':93,'endLine':93}","it(""should serialize the info packet"", () => {
		const obj = {
			ver: ""2"",
			sender: ""test-1"",
			services: [
				{
					name: ""users"",
					version: ""2"",
					settings: {},
					metadata: {},
					actions: {
						""users.create"": {}
					},
					events: {
						""user.created"": {}
					}
				}
			],
			config: {},
			ipList: [""127.0.0.1""],
			instanceID: ""123456"",
			hostname: ""test-server"",
			client: {
				type: ""nodejs"",
				version: ""1.2.3"",
				langVersion: ""6.10.2""
			},
			metadata: {
				region: ""eu-west1""
			},
			seq: 3
		};
		const s = serializer.serialize(cloneDeep(obj), P.PACKET_INFO);
		expect(s.length).toBe(207);

		const res = serializer.deserialize(s, P.PACKET_INFO);
		expect(res).not.toBe(obj);
		expect(res).toEqual(obj);
	})",snuts
/test/unit/serializers/avro.spec.js,SubOptimalAssert,"{'startLine':120,'endLine':120}","it(""should serialize the event packet"", () => {
		const obj = {
			ver: ""2"",
			sender: ""test-1"",
			id: ""event-id"",
			event: ""user.created"",
			data: {
				a: 5,
				b: ""Test""
			},
			broadcast: true,
			meta: { name: ""John"" },
			level: 5,
			tracing: true,
			parentID: ""parent-id"",
			requestID: ""request-id"",
			caller: ""posts.created"",
			needAck: true
		};
		const s = serializer.serialize(cloneDeep(obj), P.PACKET_EVENT);
		expect(s.length).toBe(115);

		const res = serializer.deserialize(s, P.PACKET_EVENT);
		expect(res).not.toBe(obj);
		expect(res).toEqual(Object.assign(obj, { groups: null, seq: null, stream: null }));
	})",snuts
/test/unit/serializers/avro.spec.js,SubOptimalAssert,"{'startLine':148,'endLine':148}","it(""should serialize the event packet with groups"", () => {
		const obj = {
			ver: ""2"",
			sender: ""test-1"",
			id: ""event-id"",
			event: ""user.created"",
			data: {
				a: 5,
				b: ""Test""
			},
			groups: [""users"", ""payments""],
			broadcast: false,
			meta: { name: ""John"" },
			level: 5,
			tracing: true,
			parentID: ""parent-id"",
			requestID: ""request-id"",
			caller: ""posts.created"",
			needAck: true
		};
		const s = serializer.serialize(cloneDeep(obj), P.PACKET_EVENT);
		expect(s.length).toBe(132);

		const res = serializer.deserialize(s, P.PACKET_EVENT);
		expect(res).not.toBe(obj);
		expect(res).toEqual(Object.assign(obj, { seq: null, stream: null }));
	})",snuts
/test/unit/serializers/avro.spec.js,SubOptimalAssert,"{'startLine':172,'endLine':172}","it(""should serialize the event packet null data"", () => {
		const obj = {
			ver: ""3"",
			sender: ""test-1"",
			id: ""event-id"",
			event: ""user.created"",
			data: null,
			broadcast: true,
			meta: { name: ""John"" },
			level: 5,
			tracing: true,
			parentID: ""parent-id"",
			requestID: ""request-id"",
			caller: ""posts.created"",
			needAck: true
		};
		const s = serializer.serialize(cloneDeep(obj), P.PACKET_EVENT);
		expect(s.length).toBe(96);

		const res = serializer.deserialize(s, P.PACKET_EVENT);
		expect(res).not.toBe(obj);
		expect(res).toEqual(Object.assign(obj, { groups: null, seq: null, stream: null }));
	})",snuts
/test/unit/serializers/avro.spec.js,SubOptimalAssert,"{'startLine':195,'endLine':195}","it(""should serialize the event packet without data"", () => {
		const obj = {
			ver: ""2"",
			sender: ""test-1"",
			id: ""event-id"",
			event: ""user.created"",
			broadcast: true,
			meta: { name: ""John"" },
			level: 5,
			tracing: true,
			parentID: ""parent-id"",
			requestID: ""request-id"",
			caller: ""posts.created"",
			needAck: true
		};
		const s = serializer.serialize(cloneDeep(obj), P.PACKET_EVENT);
		expect(s.length).toBe(96);

		const res = serializer.deserialize(s, P.PACKET_EVENT);
		expect(res).not.toBe(obj);
		expect(res).toEqual(Object.assign(obj, { groups: null, seq: null, stream: null }));
	})",snuts
/test/unit/serializers/avro.spec.js,SubOptimalAssert,"{'startLine':225,'endLine':225}","it(""should serialize the request packet"", () => {
		const obj = {
			ver: ""2"",
			sender: ""test-1"",
			id: ""100"",
			action: ""posts.find"",
			params: { id: 5 },
			meta: {
				user: {
					id: 1,
					roles: [""admin""]
				}
			},
			timeout: 1500,
			level: 4,
			tracing: true,
			parentID: ""999"",
			requestID: ""12345"",
			caller: ""users.list"",
			stream: false,
			seq: null
		};
		const s = serializer.serialize(cloneDeep(obj), P.PACKET_REQUEST);
		expect(s.length).toBe(110);

		const res = serializer.deserialize(s, P.PACKET_REQUEST);
		expect(res).not.toBe(obj);
		expect(res).toEqual(obj);
	})",snuts
/test/unit/serializers/avro.spec.js,SubOptimalAssert,"{'startLine':255,'endLine':255}","it(""should serialize the request packet without params"", () => {
		const obj = {
			ver: ""2"",
			sender: ""test-1"",
			id: ""100"",
			action: ""posts.find"",
			params: null,
			meta: {
				user: {
					id: 1,
					roles: [""admin""]
				}
			},
			timeout: 1500,
			level: 4,
			tracing: true,
			parentID: ""999"",
			requestID: ""12345"",
			caller: ""users.list"",
			stream: false,
			seq: null
		};
		const s = serializer.serialize(cloneDeep(obj), P.PACKET_REQUEST);
		expect(s.length).toBe(101);

		const res = serializer.deserialize(s, P.PACKET_REQUEST);
		expect(res).not.toBe(obj);
		expect(res).toEqual(obj);
	})",snuts
/test/unit/serializers/avro.spec.js,SubOptimalAssert,"{'startLine':286,'endLine':286}","it(""should serialize the request packet with buffer"", () => {
		const obj = {
			ver: ""2"",
			sender: ""test-1"",
			id: ""100"",
			action: ""posts.find"",
			params: Buffer.from(""binary data""),
			meta: {
				user: {
					id: 1,
					roles: [""admin""]
				}
			},
			timeout: 1500,
			level: 4,
			tracing: true,
			parentID: ""999"",
			requestID: ""12345"",
			caller: null,
			stream: true,
			seq: 6
		};

		const s = serializer.serialize(cloneDeep(obj), P.PACKET_REQUEST);
		expect(s.length).toBe(103);

		const res = serializer.deserialize(s, P.PACKET_REQUEST);
		expect(res).not.toBe(obj);
		expect(res).toEqual(obj);
	})",snuts
/test/unit/serializers/avro.spec.js,SubOptimalAssert,"{'startLine':313,'endLine':313}","it(""should serialize the response packet with data"", () => {
		const obj = {
			ver: ""2"",
			sender: ""test-1"",
			id: ""12345"",
			success: true,
			data: [
				{ id: 1, name: ""John"" },
				{ id: 2, name: ""Jane"" }
			],
			meta: {
				user: {
					id: 1,
					roles: [""admin""]
				}
			},
			stream: false,
			seq: null
		};
		const s = serializer.serialize(cloneDeep(obj), P.PACKET_RESPONSE);
		expect(s.length).toBe(106);

		const res = serializer.deserialize(s, P.PACKET_RESPONSE);
		expect(res).not.toBe(obj);
		expect(res).toEqual(Object.assign(obj, { error: null }));
	})",snuts
/test/unit/serializers/avro.spec.js,SubOptimalAssert,"{'startLine':332,'endLine':332}","it(""should serialize the response packet with falsy data"", () => {
		const obj = {
			ver: ""3"",
			sender: ""test-1"",
			id: ""12345"",
			success: true,
			data: false,
			meta: {},
			stream: false,
			seq: 3
		};
		const s = serializer.serialize(cloneDeep(obj), P.PACKET_RESPONSE);
		expect(s.length).toBe(32);

		const res = serializer.deserialize(s, P.PACKET_RESPONSE);
		expect(res).not.toBe(obj);
		expect(res).toEqual(Object.assign(obj, { error: null }));
	})",snuts
/test/unit/serializers/avro.spec.js,SubOptimalAssert,"{'startLine':356,'endLine':356}","it(""should serialize the response packet with buffer data"", () => {
		const obj = {
			ver: ""2"",
			sender: ""test-1"",
			id: ""12345"",
			success: true,
			data: Buffer.from(""binary data""),
			meta: {
				user: {
					id: 1,
					roles: [""admin""]
				}
			},
			stream: true,
			seq: 6
		};
		const s = serializer.serialize(cloneDeep(obj), P.PACKET_RESPONSE);
		expect(s.length).toBe(71);

		const res = serializer.deserialize(s, P.PACKET_RESPONSE);
		expect(res).not.toBe(obj);
		expect(res).toEqual(Object.assign(obj, { error: null }));
	})",snuts
/test/unit/serializers/avro.spec.js,SubOptimalAssert,"{'startLine':375,'endLine':375}","it(""should serialize the response packet with null data"", () => {
		const obj = {
			ver: ""3"",
			sender: ""test-1"",
			id: ""12345"",
			success: true,
			data: null,
			meta: {},
			stream: false,
			seq: 3
		};
		const s = serializer.serialize(cloneDeep(obj), P.PACKET_RESPONSE);
		expect(s.length).toBe(26);

		const res = serializer.deserialize(s, P.PACKET_RESPONSE);
		expect(res).not.toBe(obj);
		expect(res).toEqual(Object.assign(obj, { error: null }));
	})",snuts
/test/unit/serializers/avro.spec.js,SubOptimalAssert,"{'startLine':410,'endLine':410}","it(""should serialize the response packet with error"", () => {
		const obj = {
			ver: ""2"",
			sender: ""test-1"",
			id: ""12345"",
			success: false,
			error: {
				name: ""ValidationError"",
				message: ""Invalid email!"",
				code: 422,
				nodeID: ""test-1"",
				type: ""ERR_INVALID_A"",
				retryable: true,
				stack: ""STACK_PLACEHOLDER"",
				data: {
					a: 5
				}
			},
			meta: {
				user: {
					id: 1,
					roles: [""admin""]
				}
			},
			stream: false,
			seq: null
		};
		const s = serializer.serialize(cloneDeep(obj), P.PACKET_RESPONSE);
		expect(s.length).toBe(225);

		const res = serializer.deserialize(s, P.PACKET_RESPONSE);
		expect(res).not.toBe(obj);
		expect(res).toEqual(obj);
	})",snuts
/test/unit/serializers/avro.spec.js,SubOptimalAssert,"{'startLine':425,'endLine':425}","it(""should serialize the ping packet"", () => {
		const obj = {
			ver: ""2"",
			sender: ""test-1"",
			id: ""123"",
			time: 1234567
		};
		const s = serializer.serialize(obj, P.PACKET_PING);
		expect(s.length).toBe(18);

		const res = serializer.deserialize(s, P.PACKET_PING);
		expect(res).not.toBe(obj);
		expect(res).toEqual(obj);
	})",snuts
/test/unit/serializers/avro.spec.js,SubOptimalAssert,"{'startLine':441,'endLine':441}","it(""should serialize the pong packet"", () => {
		const obj = {
			ver: ""2"",
			sender: ""test-1"",
			time: 1234567,
			id: ""123"",
			arrived: 7654321
		};
		const s = serializer.serialize(obj, P.PACKET_PONG);
		expect(s.length).toBe(22);

		const res = serializer.deserialize(s, P.PACKET_PONG);
		expect(res).not.toBe(obj);
		expect(res).toEqual(obj);
	})",snuts
/test/unit/serializers/avro.spec.js,SubOptimalAssert,"{'startLine':461,'endLine':461}","it(""should serialize the hello packet"", () => {
		const obj = {
			ver: ""2"",
			sender: ""test-1"",
			host: ""server-host"",
			port: 45450
		};
		const s = serializer.serialize(obj, P.PACKET_GOSSIP_HELLO);
		expect(s.length).toBe(24);

		const res = serializer.deserialize(s, P.PACKET_GOSSIP_HELLO);
		expect(res).not.toBe(obj);
		expect(res).toEqual(obj);
	})",snuts
/test/unit/serializers/avro.spec.js,SubOptimalAssert,"{'startLine':474,'endLine':474}","it(""should serialize the empty REQUEST packet"", () => {
		const obj = {
			ver: ""2"",
			sender: ""test-1""
		};
		const s = serializer.serialize(cloneDeep(obj), P.PACKET_GOSSIP_REQ);
		expect(s.length).toBe(11);

		const res = serializer.deserialize(s, P.PACKET_GOSSIP_REQ);
		expect(res).not.toBe(obj);
		expect(res).toEqual(Object.assign(obj, { online: null, offline: null }));
	})",snuts
/test/unit/serializers/avro.spec.js,SubOptimalAssert,"{'startLine':495,'endLine':495}","it(""should serialize the full REQUEST packet"", () => {
		const obj = {
			ver: ""2"",
			sender: ""test-1"",
			online: {
				""node-1"": [1, 2, 3],
				""node-2"": [150, 0, 0]
			},
			offline: {
				""node-3"": 23,
				""node-4"": 26854204
			}
		};
		const s = serializer.serialize(cloneDeep(obj), P.PACKET_GOSSIP_REQ);
		expect(s.length).toBe(81);

		const res = serializer.deserialize(s, P.PACKET_GOSSIP_REQ);
		expect(res).not.toBe(obj);
		expect(res).toEqual(obj);
	})",snuts
/test/unit/serializers/avro.spec.js,SubOptimalAssert,"{'startLine':508,'endLine':508}","it(""should serialize the empty RESPONSE packet"", () => {
		const obj = {
			ver: ""2"",
			sender: ""test-1""
		};
		const s = serializer.serialize(cloneDeep(obj), P.PACKET_GOSSIP_RES);
		expect(s.length).toBe(11);

		const res = serializer.deserialize(s, P.PACKET_GOSSIP_RES);
		expect(res).not.toBe(obj);
		expect(res).toEqual(Object.assign(obj, { online: null, offline: null }));
	})",snuts
/test/unit/serializers/avro.spec.js,SubOptimalAssert,"{'startLine':529,'endLine':529}","it(""should serialize the full RESPONSE packet"", () => {
		const obj = {
			ver: ""2"",
			sender: ""test-1"",
			online: {
				""node-1"": [{ services: [] }, 2, 3],
				""node-2"": [13, 56]
			},
			offline: {
				""node-3"": 23,
				""node-4"": 26854204
			}
		};
		const s = serializer.serialize(cloneDeep(obj), P.PACKET_GOSSIP_RES);
		expect(s.length).toBe(93);

		const res = serializer.deserialize(s, P.PACKET_GOSSIP_RES);
		expect(res).not.toBe(obj);
		expect(res).toEqual(obj);
	})",snuts
/test/unit/registry/service-item.spec.js,IdenticalTestDescription,"{'startLine':80,'endLine':93}","it(""should create new ServiceItem"", () => {
		svc = new ServiceItem(node, serviceDef, true);

		expect(svc).toBeDefined();
		expect(svc.node).toBe(node);
		expect(svc.name).toBe(""posts"");
		expect(svc.fullName).toBe(""v4.posts"");
		expect(svc.version).toBe(4);
		expect(svc.settings).toBe(serviceDef.settings);
		expect(svc.metadata).toBe(serviceDef.metadata);
		expect(svc.local).toBe(true);
		expect(svc.actions).toEqual({});
		expect(svc.events).toEqual({});
	})",snuts
/test/unit/registry/service-item.spec.js,IdenticalTestDescription,"{'startLine':95,'endLine':105}","it(""should check equals services"", () => {
		expect(svc.equals(""v4.posts"")).toBe(true);
		expect(svc.equals(""v2.posts"")).toBe(false);
		expect(svc.equals(""posts"")).toBe(false);
		expect(svc.equals(""v4.posts"", ""server-1"")).toBe(true);
		expect(svc.equals(""posts"", ""server-1"")).toBe(false);
		expect(svc.equals(""v4.posts"", ""server-2"")).toBe(false);
		expect(svc.equals(""v4.users"", ""server-1"")).toBe(false);
		expect(svc.equals(""v4.users"", ""server-1"")).toBe(false);
		expect(svc.equals(""v4.users"", ""server-2"")).toBe(false);
	})",snuts
/test/unit/registry/service-item.spec.js,IdenticalTestDescription,"{'startLine':107,'endLine':118}","it(""should update props"", () => {
		svc.update({
			fullName: ""v2.posts"",
			version: 2,
			settings: { b: 3 },
			metadata: { scalable: true }
		});
		expect(svc.fullName).toBe(""v2.posts"");
		expect(svc.version).toBe(2);
		expect(svc.settings).toEqual({ b: 3 });
		expect(svc.metadata).toEqual({ scalable: true });
	})",snuts
/test/unit/registry/service-item.spec.js,SubOptimalAssert,"{'startLine':57,'endLine':57}","it(""should add actions"", () => {
		expect(Object.keys(svc.actions).length).toBe(0);
		svc.addAction({ name: ""posts.find"" });
		expect(Object.keys(svc.actions).length).toBe(1);
	})",snuts
/test/unit/registry/service-item.spec.js,SubOptimalAssert,"{'startLine':59,'endLine':59}","it(""should add actions"", () => {
		expect(Object.keys(svc.actions).length).toBe(0);
		svc.addAction({ name: ""posts.find"" });
		expect(Object.keys(svc.actions).length).toBe(1);
	})",snuts
/test/unit/registry/service-item.spec.js,SubOptimalAssert,"{'startLine':63,'endLine':63}","it(""should add events"", () => {
		expect(Object.keys(svc.events).length).toBe(0);
		svc.addEvent({ name: ""user.created"" });
		expect(Object.keys(svc.events).length).toBe(1);
	})",snuts
/test/unit/registry/service-item.spec.js,SubOptimalAssert,"{'startLine':65,'endLine':65}","it(""should add events"", () => {
		expect(Object.keys(svc.events).length).toBe(0);
		svc.addEvent({ name: ""user.created"" });
		expect(Object.keys(svc.events).length).toBe(1);
	})",snuts
/test/unit/registry/service-catalog.spec.js,IdenticalTestDescription,"{'startLine':44,'endLine':49}","it(""should be find the service"", () => {
		expect(catalog.get(""test"", ""server-2"")).toBeUndefined();
		expect(catalog.get(""test"", ""server-1"")).toBeDefined();
		expect(catalog.get(""v2.test"", ""server-1"")).toBeUndefined();
		expect(catalog.get(""posts"", ""server-1"")).toBeUndefined();
	})",snuts
/test/unit/registry/service-catalog.spec.js,SubOptimalAssert,"{'startLine':29,'endLine':29}","it(""should create a ServiceItem and add to 'events'"", () => {
		expect(catalog.services.length).toBe(0);

		svc = catalog.add(node, { name: ""test"", fullName: ""test"", settings: { a: 5 } });

		expect(catalog.services.length).toBe(1);
		expect(svc).toBeInstanceOf(ServiceItem);
	})",snuts
/test/unit/registry/service-catalog.spec.js,SubOptimalAssert,"{'startLine':33,'endLine':33}","it(""should create a ServiceItem and add to 'events'"", () => {
		expect(catalog.services.length).toBe(0);

		svc = catalog.add(node, { name: ""test"", fullName: ""test"", settings: { a: 5 } });

		expect(catalog.services.length).toBe(1);
		expect(svc).toBeInstanceOf(ServiceItem);
	})",snuts
/test/unit/registry/service-catalog.spec.js,SubOptimalAssert,"{'startLine':65,'endLine':65}","it(""should remove action & event endpoints by nodeID"", () => {
		broker.registry.actions.removeByService = jest.fn();
		broker.registry.events.removeByService = jest.fn();

		catalog.removeAllByNodeID(""server-2"");
		expect(broker.registry.actions.removeByService).toHaveBeenCalledTimes(0);
		expect(broker.registry.events.removeByService).toHaveBeenCalledTimes(0);

		catalog.removeAllByNodeID(""server-1"");
		expect(broker.registry.actions.removeByService).toHaveBeenCalledTimes(1);
		expect(broker.registry.actions.removeByService).toHaveBeenCalledWith(svc);
		expect(broker.registry.events.removeByService).toHaveBeenCalledTimes(1);
		expect(broker.registry.events.removeByService).toHaveBeenCalledWith(svc);

		expect(catalog.services.length).toBe(0);
	})",snuts
/test/unit/registry/service-catalog.spec.js,SubOptimalAssert,"{'startLine':84,'endLine':84}","it(""should remove actions & events by service"", () => {
		broker.registry.actions.removeByService = jest.fn();
		broker.registry.events.removeByService = jest.fn();

		svc = catalog.add(node, { name: ""test"", fullName: ""test"" });

		catalog.remove(""test"", ""server-2"");
		expect(broker.registry.actions.removeByService).toHaveBeenCalledTimes(0);
		expect(broker.registry.events.removeByService).toHaveBeenCalledTimes(0);

		catalog.remove(""test"", ""server-1"");
		expect(broker.registry.actions.removeByService).toHaveBeenCalledTimes(1);
		expect(broker.registry.actions.removeByService).toHaveBeenCalledWith(svc);
		expect(broker.registry.events.removeByService).toHaveBeenCalledTimes(1);
		expect(broker.registry.events.removeByService).toHaveBeenCalledWith(svc);

		expect(catalog.services.length).toBe(0);
	})",snuts
/test/unit/registry/service-catalog.spec.js,VerboseStatement,"{'startLine':87,'endLine':226}","it(""should return with service list"", () => {
		catalog.add(
			{ id: broker.nodeID, available: true },
			{ name: ""$node"", fullName: ""$node"" },
			true
		);

		let node2 = { id: ""server-2"", available: true };
		catalog.add(node2, { name: ""$node"", fullName: ""$node"" });

		let svc = catalog.add(node2, {
			name: ""posts"",
			fullName: ""v2.posts"",
			version: 2,
			settings: { a: 5 },
			metadata: { priority: 5 }
		});
		svc.addAction({ name: ""posts.find"" });
		svc.addEvent({ name: ""user.created"" });
		svc.addEvent({ name: ""$services.changed"" }); // internal

		let res = catalog.list({});
		expect(res).toEqual([
			{
				name: ""$node"",
				fullName: ""$node"",
				nodeID: broker.nodeID,
				settings: undefined,
				metadata: {},
				version: undefined,
				available: true,
				local: true
			},
			{
				name: ""$node"",
				fullName: ""$node"",
				nodeID: ""server-2"",
				settings: undefined,
				metadata: {},
				version: undefined,
				available: true,
				local: false
			},
			{
				name: ""posts"",
				fullName: ""v2.posts"",
				nodeID: ""server-2"",
				settings: {
					a: 5
				},
				metadata: { priority: 5 },
				version: 2,
				available: true,
				local: false
			}
		]);

		res = catalog.list({ grouping: true });
		expect(res).toEqual([
			{
				name: ""$node"",
				fullName: ""$node"",
				settings: undefined,
				metadata: {},
				version: undefined,
				available: true,
				local: true,
				nodes: [""master"", ""server-2""]
			},
			{
				name: ""posts"",
				fullName: ""v2.posts"",
				settings: {
					a: 5
				},
				metadata: { priority: 5 },
				version: 2,
				available: true,
				local: false,
				nodes: [""server-2""]
			}
		]);

		res = catalog.list({ onlyLocal: true });
		expect(res).toEqual([
			{
				name: ""$node"",
				fullName: ""$node"",
				nodeID: broker.nodeID,
				settings: undefined,
				metadata: {},
				version: undefined,
				available: true,
				local: true
			}
		]);

		res = catalog.list({ skipInternal: true, withActions: true, withEvents: true });
		expect(res).toEqual([
			{
				actions: {
					""posts.find"": {
						name: ""posts.find""
					}
				},
				events: {
					""user.created"": {
						name: ""user.created""
					}
				},
				name: ""posts"",
				fullName: ""v2.posts"",
				nodeID: ""server-2"",
				settings: {
					a: 5
				},
				metadata: {
					priority: 5
				},
				version: 2,
				available: true,
				local: false
			}
		]);

		svc.node.available = false;
		res = catalog.list({ onlyAvailable: true });
		expect(res).toEqual([
			{
				name: ""$node"",
				fullName: ""$node"",
				nodeID: broker.nodeID,
				settings: undefined,
				metadata: {},
				version: undefined,
				available: true,
				local: true
			}
		]);
	})",snuts
/test/unit/registry/registry.spec.js,AnonymousTest,"{'startLine':12,'endLine':32}","it(""test properties"", () => {
		let registry = new Registry(broker);

		expect(registry).toBeDefined();
		expect(registry.broker).toBe(broker);
		expect(registry.logger).toBeDefined();
		expect(registry.metrics).toBe(broker.metrics);

		expect(registry.opts).toEqual({
			preferLocal: true,
			stopDelay: 100,
			strategy: ""RoundRobin""
		});
		expect(registry.StrategyFactory).toBe(Strategies.RoundRobin);
		expect(registry.discoverer).toBeInstanceOf(Discoverers.Local);

		expect(registry.nodes).toBeDefined();
		expect(registry.services).toBeDefined();
		expect(registry.actions).toBeDefined();
		expect(registry.events).toBeDefined();
	})",snuts
/test/unit/registry/registry.spec.js,IdenticalTestDescription,"{'startLine':784,'endLine':793}","it(""should call registry.nodes.get method and getLocalNodeInfo"", () => {
		registry.nodes.get = jest.fn();

		let res = registry.getNodeInfo(""node-2"");

		expect(res).toBeNull();

		expect(registry.nodes.get).toHaveBeenCalledTimes(1);
		expect(registry.nodes.get).toHaveBeenCalledWith(""node-2"");
	})",snuts
/test/unit/registry/registry.spec.js,IdenticalTestDescription,"{'startLine':877,'endLine':882}","it(""should call registry.events.list method"", () => {
		expect(registry.getNodeRawList()).toEqual([{ a: 5 }, { b: 10 }]);

		expect(registry.nodes.toArray).toHaveBeenCalledTimes(1);
		expect(registry.nodes.toArray).toHaveBeenCalledWith();
	})",snuts
/test/unit/registry/registry.spec.js,NonFunctionalStatement,"{'startLine':259,'endLine':259}","it(""should call services.add"", () => {
		let service = {
			name: ""users"",
			version: 2,
			settings: { a: 5 },
			actions: {
				""users.find""() {},
				""users.get""() {}
			},
			events: {
				""user.created""() {},
				""user.removed""() {}
			}
		};

		registry.registerServices(node, [service]);

		expect(registry.services.add).toHaveBeenCalledTimes(1);
		expect(registry.services.add).toHaveBeenCalledWith(node, service, false);
		expect(serviceItem.update).toHaveBeenCalledTimes(0);

		expect(registry.registerActions).toHaveBeenCalledTimes(1);
		expect(registry.registerActions).toHaveBeenCalledWith(node, serviceItem, service.actions);

		expect(registry.unregisterAction).toHaveBeenCalledTimes(0);

		expect(registry.registerEvents).toHaveBeenCalledTimes(1);
		expect(registry.registerEvents).toHaveBeenCalledWith(node, serviceItem, service.events);

		expect(registry.unregisterEvent).toHaveBeenCalledTimes(0);

		expect(registry.unregisterService).toHaveBeenCalledTimes(0);

		expect(broker.servicesChanged).toHaveBeenCalledTimes(1);
		expect(broker.servicesChanged).toHaveBeenCalledWith(false);

		expect(registry.updateMetrics).toHaveBeenCalledTimes(1);
	})",snuts
/test/unit/registry/registry.spec.js,NonFunctionalStatement,"{'startLine':260,'endLine':260}","it(""should call services.add"", () => {
		let service = {
			name: ""users"",
			version: 2,
			settings: { a: 5 },
			actions: {
				""users.find""() {},
				""users.get""() {}
			},
			events: {
				""user.created""() {},
				""user.removed""() {}
			}
		};

		registry.registerServices(node, [service]);

		expect(registry.services.add).toHaveBeenCalledTimes(1);
		expect(registry.services.add).toHaveBeenCalledWith(node, service, false);
		expect(serviceItem.update).toHaveBeenCalledTimes(0);

		expect(registry.registerActions).toHaveBeenCalledTimes(1);
		expect(registry.registerActions).toHaveBeenCalledWith(node, serviceItem, service.actions);

		expect(registry.unregisterAction).toHaveBeenCalledTimes(0);

		expect(registry.registerEvents).toHaveBeenCalledTimes(1);
		expect(registry.registerEvents).toHaveBeenCalledWith(node, serviceItem, service.events);

		expect(registry.unregisterEvent).toHaveBeenCalledTimes(0);

		expect(registry.unregisterService).toHaveBeenCalledTimes(0);

		expect(broker.servicesChanged).toHaveBeenCalledTimes(1);
		expect(broker.servicesChanged).toHaveBeenCalledWith(false);

		expect(registry.updateMetrics).toHaveBeenCalledTimes(1);
	})",snuts
/test/unit/registry/registry.spec.js,NonFunctionalStatement,"{'startLine':263,'endLine':263}","it(""should call services.add"", () => {
		let service = {
			name: ""users"",
			version: 2,
			settings: { a: 5 },
			actions: {
				""users.find""() {},
				""users.get""() {}
			},
			events: {
				""user.created""() {},
				""user.removed""() {}
			}
		};

		registry.registerServices(node, [service]);

		expect(registry.services.add).toHaveBeenCalledTimes(1);
		expect(registry.services.add).toHaveBeenCalledWith(node, service, false);
		expect(serviceItem.update).toHaveBeenCalledTimes(0);

		expect(registry.registerActions).toHaveBeenCalledTimes(1);
		expect(registry.registerActions).toHaveBeenCalledWith(node, serviceItem, service.actions);

		expect(registry.unregisterAction).toHaveBeenCalledTimes(0);

		expect(registry.registerEvents).toHaveBeenCalledTimes(1);
		expect(registry.registerEvents).toHaveBeenCalledWith(node, serviceItem, service.events);

		expect(registry.unregisterEvent).toHaveBeenCalledTimes(0);

		expect(registry.unregisterService).toHaveBeenCalledTimes(0);

		expect(broker.servicesChanged).toHaveBeenCalledTimes(1);
		expect(broker.servicesChanged).toHaveBeenCalledWith(false);

		expect(registry.updateMetrics).toHaveBeenCalledTimes(1);
	})",snuts
/test/unit/registry/registry.spec.js,NonFunctionalStatement,"{'startLine':264,'endLine':264}","it(""should call services.add"", () => {
		let service = {
			name: ""users"",
			version: 2,
			settings: { a: 5 },
			actions: {
				""users.find""() {},
				""users.get""() {}
			},
			events: {
				""user.created""() {},
				""user.removed""() {}
			}
		};

		registry.registerServices(node, [service]);

		expect(registry.services.add).toHaveBeenCalledTimes(1);
		expect(registry.services.add).toHaveBeenCalledWith(node, service, false);
		expect(serviceItem.update).toHaveBeenCalledTimes(0);

		expect(registry.registerActions).toHaveBeenCalledTimes(1);
		expect(registry.registerActions).toHaveBeenCalledWith(node, serviceItem, service.actions);

		expect(registry.unregisterAction).toHaveBeenCalledTimes(0);

		expect(registry.registerEvents).toHaveBeenCalledTimes(1);
		expect(registry.registerEvents).toHaveBeenCalledWith(node, serviceItem, service.events);

		expect(registry.unregisterEvent).toHaveBeenCalledTimes(0);

		expect(registry.unregisterService).toHaveBeenCalledTimes(0);

		expect(broker.servicesChanged).toHaveBeenCalledTimes(1);
		expect(broker.servicesChanged).toHaveBeenCalledWith(false);

		expect(registry.updateMetrics).toHaveBeenCalledTimes(1);
	})",snuts
/test/unit/registry/registry.spec.js,NonFunctionalStatement,"{'startLine':302,'endLine':302}","it(""should update service, actions & events"", () => {
		let serviceItem = {
			name: ""users"",
			fullName: ""v2.users"",
			version: 2,
			metadata: {},
			node,
			update: jest.fn(),
			equals: jest.fn(() => false),
			actions: {
				""users.find""() {},
				""users.get""() {}
			},
			events: {
				""user.created""() {},
				""user.removed""() {}
			}
		};
		registry.services.get = jest.fn(() => serviceItem);
		registry.services.add.mockClear();
		registry.unregisterService.mockClear();
		registry.registerActions.mockClear();
		registry.unregisterAction.mockClear();
		registry.registerEvents.mockClear();
		registry.unregisterEvent.mockClear();
		registry.updateMetrics = jest.fn();
		broker.servicesChanged.mockClear();

		let service = {
			name: ""users"",
			fullName: ""v2.users"",
			version: 2,
			settings: { b: 3 },
			metadata: { priority: 3 },
			actions: {
				""users.find""() {},
				""users.remove""() {}
			},
			events: {
				""user.created""() {},
				""user.deleted""() {}
			}
		};

		registry.registerServices(node, [service]);

		expect(registry.services.add).toHaveBeenCalledTimes(0);

		expect(registry.services.get).toHaveBeenCalledTimes(1);
		expect(registry.services.get).toHaveBeenCalledWith(""v2.users"", node.id);

		expect(serviceItem.update).toHaveBeenCalledTimes(1);
		expect(serviceItem.update).toHaveBeenCalledWith(service);

		expect(registry.registerActions).toHaveBeenCalledTimes(1);
		expect(registry.registerActions).toHaveBeenCalledWith(node, serviceItem, service.actions);

		expect(registry.unregisterAction).toHaveBeenCalledTimes(1);
		expect(registry.unregisterAction).toHaveBeenCalledWith(node, ""users.get"");

		expect(registry.registerEvents).toHaveBeenCalledTimes(1);
		expect(registry.registerEvents).toHaveBeenCalledWith(node, serviceItem, service.events);

		expect(registry.unregisterEvent).toHaveBeenCalledTimes(1);
		expect(registry.unregisterEvent).toHaveBeenCalledWith(node, ""user.removed"");

		expect(registry.unregisterService).toHaveBeenCalledTimes(0);

		expect(broker.servicesChanged).toHaveBeenCalledTimes(1);
		expect(broker.servicesChanged).toHaveBeenCalledWith(false);

		expect(registry.updateMetrics).toHaveBeenCalledTimes(1);

		// For next test
		registry.services.services.push(serviceItem);
	})",snuts
/test/unit/registry/registry.spec.js,NonFunctionalStatement,"{'startLine':303,'endLine':303}","it(""should update service, actions & events"", () => {
		let serviceItem = {
			name: ""users"",
			fullName: ""v2.users"",
			version: 2,
			metadata: {},
			node,
			update: jest.fn(),
			equals: jest.fn(() => false),
			actions: {
				""users.find""() {},
				""users.get""() {}
			},
			events: {
				""user.created""() {},
				""user.removed""() {}
			}
		};
		registry.services.get = jest.fn(() => serviceItem);
		registry.services.add.mockClear();
		registry.unregisterService.mockClear();
		registry.registerActions.mockClear();
		registry.unregisterAction.mockClear();
		registry.registerEvents.mockClear();
		registry.unregisterEvent.mockClear();
		registry.updateMetrics = jest.fn();
		broker.servicesChanged.mockClear();

		let service = {
			name: ""users"",
			fullName: ""v2.users"",
			version: 2,
			settings: { b: 3 },
			metadata: { priority: 3 },
			actions: {
				""users.find""() {},
				""users.remove""() {}
			},
			events: {
				""user.created""() {},
				""user.deleted""() {}
			}
		};

		registry.registerServices(node, [service]);

		expect(registry.services.add).toHaveBeenCalledTimes(0);

		expect(registry.services.get).toHaveBeenCalledTimes(1);
		expect(registry.services.get).toHaveBeenCalledWith(""v2.users"", node.id);

		expect(serviceItem.update).toHaveBeenCalledTimes(1);
		expect(serviceItem.update).toHaveBeenCalledWith(service);

		expect(registry.registerActions).toHaveBeenCalledTimes(1);
		expect(registry.registerActions).toHaveBeenCalledWith(node, serviceItem, service.actions);

		expect(registry.unregisterAction).toHaveBeenCalledTimes(1);
		expect(registry.unregisterAction).toHaveBeenCalledWith(node, ""users.get"");

		expect(registry.registerEvents).toHaveBeenCalledTimes(1);
		expect(registry.registerEvents).toHaveBeenCalledWith(node, serviceItem, service.events);

		expect(registry.unregisterEvent).toHaveBeenCalledTimes(1);
		expect(registry.unregisterEvent).toHaveBeenCalledWith(node, ""user.removed"");

		expect(registry.unregisterService).toHaveBeenCalledTimes(0);

		expect(broker.servicesChanged).toHaveBeenCalledTimes(1);
		expect(broker.servicesChanged).toHaveBeenCalledWith(false);

		expect(registry.updateMetrics).toHaveBeenCalledTimes(1);

		// For next test
		registry.services.services.push(serviceItem);
	})",snuts
/test/unit/registry/registry.spec.js,NonFunctionalStatement,"{'startLine':306,'endLine':306}","it(""should update service, actions & events"", () => {
		let serviceItem = {
			name: ""users"",
			fullName: ""v2.users"",
			version: 2,
			metadata: {},
			node,
			update: jest.fn(),
			equals: jest.fn(() => false),
			actions: {
				""users.find""() {},
				""users.get""() {}
			},
			events: {
				""user.created""() {},
				""user.removed""() {}
			}
		};
		registry.services.get = jest.fn(() => serviceItem);
		registry.services.add.mockClear();
		registry.unregisterService.mockClear();
		registry.registerActions.mockClear();
		registry.unregisterAction.mockClear();
		registry.registerEvents.mockClear();
		registry.unregisterEvent.mockClear();
		registry.updateMetrics = jest.fn();
		broker.servicesChanged.mockClear();

		let service = {
			name: ""users"",
			fullName: ""v2.users"",
			version: 2,
			settings: { b: 3 },
			metadata: { priority: 3 },
			actions: {
				""users.find""() {},
				""users.remove""() {}
			},
			events: {
				""user.created""() {},
				""user.deleted""() {}
			}
		};

		registry.registerServices(node, [service]);

		expect(registry.services.add).toHaveBeenCalledTimes(0);

		expect(registry.services.get).toHaveBeenCalledTimes(1);
		expect(registry.services.get).toHaveBeenCalledWith(""v2.users"", node.id);

		expect(serviceItem.update).toHaveBeenCalledTimes(1);
		expect(serviceItem.update).toHaveBeenCalledWith(service);

		expect(registry.registerActions).toHaveBeenCalledTimes(1);
		expect(registry.registerActions).toHaveBeenCalledWith(node, serviceItem, service.actions);

		expect(registry.unregisterAction).toHaveBeenCalledTimes(1);
		expect(registry.unregisterAction).toHaveBeenCalledWith(node, ""users.get"");

		expect(registry.registerEvents).toHaveBeenCalledTimes(1);
		expect(registry.registerEvents).toHaveBeenCalledWith(node, serviceItem, service.events);

		expect(registry.unregisterEvent).toHaveBeenCalledTimes(1);
		expect(registry.unregisterEvent).toHaveBeenCalledWith(node, ""user.removed"");

		expect(registry.unregisterService).toHaveBeenCalledTimes(0);

		expect(broker.servicesChanged).toHaveBeenCalledTimes(1);
		expect(broker.servicesChanged).toHaveBeenCalledWith(false);

		expect(registry.updateMetrics).toHaveBeenCalledTimes(1);

		// For next test
		registry.services.services.push(serviceItem);
	})",snuts
/test/unit/registry/registry.spec.js,NonFunctionalStatement,"{'startLine':307,'endLine':307}","it(""should update service, actions & events"", () => {
		let serviceItem = {
			name: ""users"",
			fullName: ""v2.users"",
			version: 2,
			metadata: {},
			node,
			update: jest.fn(),
			equals: jest.fn(() => false),
			actions: {
				""users.find""() {},
				""users.get""() {}
			},
			events: {
				""user.created""() {},
				""user.removed""() {}
			}
		};
		registry.services.get = jest.fn(() => serviceItem);
		registry.services.add.mockClear();
		registry.unregisterService.mockClear();
		registry.registerActions.mockClear();
		registry.unregisterAction.mockClear();
		registry.registerEvents.mockClear();
		registry.unregisterEvent.mockClear();
		registry.updateMetrics = jest.fn();
		broker.servicesChanged.mockClear();

		let service = {
			name: ""users"",
			fullName: ""v2.users"",
			version: 2,
			settings: { b: 3 },
			metadata: { priority: 3 },
			actions: {
				""users.find""() {},
				""users.remove""() {}
			},
			events: {
				""user.created""() {},
				""user.deleted""() {}
			}
		};

		registry.registerServices(node, [service]);

		expect(registry.services.add).toHaveBeenCalledTimes(0);

		expect(registry.services.get).toHaveBeenCalledTimes(1);
		expect(registry.services.get).toHaveBeenCalledWith(""v2.users"", node.id);

		expect(serviceItem.update).toHaveBeenCalledTimes(1);
		expect(serviceItem.update).toHaveBeenCalledWith(service);

		expect(registry.registerActions).toHaveBeenCalledTimes(1);
		expect(registry.registerActions).toHaveBeenCalledWith(node, serviceItem, service.actions);

		expect(registry.unregisterAction).toHaveBeenCalledTimes(1);
		expect(registry.unregisterAction).toHaveBeenCalledWith(node, ""users.get"");

		expect(registry.registerEvents).toHaveBeenCalledTimes(1);
		expect(registry.registerEvents).toHaveBeenCalledWith(node, serviceItem, service.events);

		expect(registry.unregisterEvent).toHaveBeenCalledTimes(1);
		expect(registry.unregisterEvent).toHaveBeenCalledWith(node, ""user.removed"");

		expect(registry.unregisterService).toHaveBeenCalledTimes(0);

		expect(broker.servicesChanged).toHaveBeenCalledTimes(1);
		expect(broker.servicesChanged).toHaveBeenCalledWith(false);

		expect(registry.updateMetrics).toHaveBeenCalledTimes(1);

		// For next test
		registry.services.services.push(serviceItem);
	})",snuts
/test/unit/registry/registry.spec.js,NonFunctionalStatement,"{'startLine':327,'endLine':327}","it(""should update service, actions & events"", () => {
		let serviceItem = {
			name: ""users"",
			fullName: ""v2.users"",
			version: 2,
			metadata: {},
			node,
			update: jest.fn(),
			equals: jest.fn(() => false),
			actions: {
				""users.find""() {},
				""users.get""() {}
			},
			events: {
				""user.created""() {},
				""user.removed""() {}
			}
		};
		registry.services.get = jest.fn(() => serviceItem);
		registry.services.add.mockClear();
		registry.unregisterService.mockClear();
		registry.registerActions.mockClear();
		registry.unregisterAction.mockClear();
		registry.registerEvents.mockClear();
		registry.unregisterEvent.mockClear();
		registry.updateMetrics = jest.fn();
		broker.servicesChanged.mockClear();

		let service = {
			name: ""users"",
			fullName: ""v2.users"",
			version: 2,
			settings: { b: 3 },
			metadata: { priority: 3 },
			actions: {
				""users.find""() {},
				""users.remove""() {}
			},
			events: {
				""user.created""() {},
				""user.deleted""() {}
			}
		};

		registry.registerServices(node, [service]);

		expect(registry.services.add).toHaveBeenCalledTimes(0);

		expect(registry.services.get).toHaveBeenCalledTimes(1);
		expect(registry.services.get).toHaveBeenCalledWith(""v2.users"", node.id);

		expect(serviceItem.update).toHaveBeenCalledTimes(1);
		expect(serviceItem.update).toHaveBeenCalledWith(service);

		expect(registry.registerActions).toHaveBeenCalledTimes(1);
		expect(registry.registerActions).toHaveBeenCalledWith(node, serviceItem, service.actions);

		expect(registry.unregisterAction).toHaveBeenCalledTimes(1);
		expect(registry.unregisterAction).toHaveBeenCalledWith(node, ""users.get"");

		expect(registry.registerEvents).toHaveBeenCalledTimes(1);
		expect(registry.registerEvents).toHaveBeenCalledWith(node, serviceItem, service.events);

		expect(registry.unregisterEvent).toHaveBeenCalledTimes(1);
		expect(registry.unregisterEvent).toHaveBeenCalledWith(node, ""user.removed"");

		expect(registry.unregisterService).toHaveBeenCalledTimes(0);

		expect(broker.servicesChanged).toHaveBeenCalledTimes(1);
		expect(broker.servicesChanged).toHaveBeenCalledWith(false);

		expect(registry.updateMetrics).toHaveBeenCalledTimes(1);

		// For next test
		registry.services.services.push(serviceItem);
	})",snuts
/test/unit/registry/registry.spec.js,NonFunctionalStatement,"{'startLine':328,'endLine':328}","it(""should update service, actions & events"", () => {
		let serviceItem = {
			name: ""users"",
			fullName: ""v2.users"",
			version: 2,
			metadata: {},
			node,
			update: jest.fn(),
			equals: jest.fn(() => false),
			actions: {
				""users.find""() {},
				""users.get""() {}
			},
			events: {
				""user.created""() {},
				""user.removed""() {}
			}
		};
		registry.services.get = jest.fn(() => serviceItem);
		registry.services.add.mockClear();
		registry.unregisterService.mockClear();
		registry.registerActions.mockClear();
		registry.unregisterAction.mockClear();
		registry.registerEvents.mockClear();
		registry.unregisterEvent.mockClear();
		registry.updateMetrics = jest.fn();
		broker.servicesChanged.mockClear();

		let service = {
			name: ""users"",
			fullName: ""v2.users"",
			version: 2,
			settings: { b: 3 },
			metadata: { priority: 3 },
			actions: {
				""users.find""() {},
				""users.remove""() {}
			},
			events: {
				""user.created""() {},
				""user.deleted""() {}
			}
		};

		registry.registerServices(node, [service]);

		expect(registry.services.add).toHaveBeenCalledTimes(0);

		expect(registry.services.get).toHaveBeenCalledTimes(1);
		expect(registry.services.get).toHaveBeenCalledWith(""v2.users"", node.id);

		expect(serviceItem.update).toHaveBeenCalledTimes(1);
		expect(serviceItem.update).toHaveBeenCalledWith(service);

		expect(registry.registerActions).toHaveBeenCalledTimes(1);
		expect(registry.registerActions).toHaveBeenCalledWith(node, serviceItem, service.actions);

		expect(registry.unregisterAction).toHaveBeenCalledTimes(1);
		expect(registry.unregisterAction).toHaveBeenCalledWith(node, ""users.get"");

		expect(registry.registerEvents).toHaveBeenCalledTimes(1);
		expect(registry.registerEvents).toHaveBeenCalledWith(node, serviceItem, service.events);

		expect(registry.unregisterEvent).toHaveBeenCalledTimes(1);
		expect(registry.unregisterEvent).toHaveBeenCalledWith(node, ""user.removed"");

		expect(registry.unregisterService).toHaveBeenCalledTimes(0);

		expect(broker.servicesChanged).toHaveBeenCalledTimes(1);
		expect(broker.servicesChanged).toHaveBeenCalledWith(false);

		expect(registry.updateMetrics).toHaveBeenCalledTimes(1);

		// For next test
		registry.services.services.push(serviceItem);
	})",snuts
/test/unit/registry/registry.spec.js,NonFunctionalStatement,"{'startLine':331,'endLine':331}","it(""should update service, actions & events"", () => {
		let serviceItem = {
			name: ""users"",
			fullName: ""v2.users"",
			version: 2,
			metadata: {},
			node,
			update: jest.fn(),
			equals: jest.fn(() => false),
			actions: {
				""users.find""() {},
				""users.get""() {}
			},
			events: {
				""user.created""() {},
				""user.removed""() {}
			}
		};
		registry.services.get = jest.fn(() => serviceItem);
		registry.services.add.mockClear();
		registry.unregisterService.mockClear();
		registry.registerActions.mockClear();
		registry.unregisterAction.mockClear();
		registry.registerEvents.mockClear();
		registry.unregisterEvent.mockClear();
		registry.updateMetrics = jest.fn();
		broker.servicesChanged.mockClear();

		let service = {
			name: ""users"",
			fullName: ""v2.users"",
			version: 2,
			settings: { b: 3 },
			metadata: { priority: 3 },
			actions: {
				""users.find""() {},
				""users.remove""() {}
			},
			events: {
				""user.created""() {},
				""user.deleted""() {}
			}
		};

		registry.registerServices(node, [service]);

		expect(registry.services.add).toHaveBeenCalledTimes(0);

		expect(registry.services.get).toHaveBeenCalledTimes(1);
		expect(registry.services.get).toHaveBeenCalledWith(""v2.users"", node.id);

		expect(serviceItem.update).toHaveBeenCalledTimes(1);
		expect(serviceItem.update).toHaveBeenCalledWith(service);

		expect(registry.registerActions).toHaveBeenCalledTimes(1);
		expect(registry.registerActions).toHaveBeenCalledWith(node, serviceItem, service.actions);

		expect(registry.unregisterAction).toHaveBeenCalledTimes(1);
		expect(registry.unregisterAction).toHaveBeenCalledWith(node, ""users.get"");

		expect(registry.registerEvents).toHaveBeenCalledTimes(1);
		expect(registry.registerEvents).toHaveBeenCalledWith(node, serviceItem, service.events);

		expect(registry.unregisterEvent).toHaveBeenCalledTimes(1);
		expect(registry.unregisterEvent).toHaveBeenCalledWith(node, ""user.removed"");

		expect(registry.unregisterService).toHaveBeenCalledTimes(0);

		expect(broker.servicesChanged).toHaveBeenCalledTimes(1);
		expect(broker.servicesChanged).toHaveBeenCalledWith(false);

		expect(registry.updateMetrics).toHaveBeenCalledTimes(1);

		// For next test
		registry.services.services.push(serviceItem);
	})",snuts
/test/unit/registry/registry.spec.js,NonFunctionalStatement,"{'startLine':332,'endLine':332}","it(""should update service, actions & events"", () => {
		let serviceItem = {
			name: ""users"",
			fullName: ""v2.users"",
			version: 2,
			metadata: {},
			node,
			update: jest.fn(),
			equals: jest.fn(() => false),
			actions: {
				""users.find""() {},
				""users.get""() {}
			},
			events: {
				""user.created""() {},
				""user.removed""() {}
			}
		};
		registry.services.get = jest.fn(() => serviceItem);
		registry.services.add.mockClear();
		registry.unregisterService.mockClear();
		registry.registerActions.mockClear();
		registry.unregisterAction.mockClear();
		registry.registerEvents.mockClear();
		registry.unregisterEvent.mockClear();
		registry.updateMetrics = jest.fn();
		broker.servicesChanged.mockClear();

		let service = {
			name: ""users"",
			fullName: ""v2.users"",
			version: 2,
			settings: { b: 3 },
			metadata: { priority: 3 },
			actions: {
				""users.find""() {},
				""users.remove""() {}
			},
			events: {
				""user.created""() {},
				""user.deleted""() {}
			}
		};

		registry.registerServices(node, [service]);

		expect(registry.services.add).toHaveBeenCalledTimes(0);

		expect(registry.services.get).toHaveBeenCalledTimes(1);
		expect(registry.services.get).toHaveBeenCalledWith(""v2.users"", node.id);

		expect(serviceItem.update).toHaveBeenCalledTimes(1);
		expect(serviceItem.update).toHaveBeenCalledWith(service);

		expect(registry.registerActions).toHaveBeenCalledTimes(1);
		expect(registry.registerActions).toHaveBeenCalledWith(node, serviceItem, service.actions);

		expect(registry.unregisterAction).toHaveBeenCalledTimes(1);
		expect(registry.unregisterAction).toHaveBeenCalledWith(node, ""users.get"");

		expect(registry.registerEvents).toHaveBeenCalledTimes(1);
		expect(registry.registerEvents).toHaveBeenCalledWith(node, serviceItem, service.events);

		expect(registry.unregisterEvent).toHaveBeenCalledTimes(1);
		expect(registry.unregisterEvent).toHaveBeenCalledWith(node, ""user.removed"");

		expect(registry.unregisterService).toHaveBeenCalledTimes(0);

		expect(broker.servicesChanged).toHaveBeenCalledTimes(1);
		expect(broker.servicesChanged).toHaveBeenCalledWith(false);

		expect(registry.updateMetrics).toHaveBeenCalledTimes(1);

		// For next test
		registry.services.services.push(serviceItem);
	})",snuts
/test/unit/registry/registry.spec.js,SubOptimalAssert,"{'startLine':420,'endLine':420}","it(""should call services remove method with local nodeID"", () => {
		registry.regenerateLocalRawInfo.mockClear();
		registry.services.remove.mockClear();
		registry.nodes.localNode.services.push({ name: ""posts"", version: 2, fullName: ""v2.posts"" });
		expect(registry.nodes.localNode.services.length).toBe(2);

		registry.unregisterService(""v2.posts"");

		expect(registry.nodes.localNode.services.length).toBe(1);

		expect(registry.services.remove).toHaveBeenCalledTimes(1);
		expect(registry.services.remove).toHaveBeenCalledWith(""v2.posts"", broker.nodeID);

		expect(registry.localNodeInfoInvalidated).toBe(""seq"");
	})",snuts
/test/unit/registry/registry.spec.js,SubOptimalAssert,"{'startLine':424,'endLine':424}","it(""should call services remove method with local nodeID"", () => {
		registry.regenerateLocalRawInfo.mockClear();
		registry.services.remove.mockClear();
		registry.nodes.localNode.services.push({ name: ""posts"", version: 2, fullName: ""v2.posts"" });
		expect(registry.nodes.localNode.services.length).toBe(2);

		registry.unregisterService(""v2.posts"");

		expect(registry.nodes.localNode.services.length).toBe(1);

		expect(registry.services.remove).toHaveBeenCalledTimes(1);
		expect(registry.services.remove).toHaveBeenCalledWith(""v2.posts"", broker.nodeID);

		expect(registry.localNodeInfoInvalidated).toBe(""seq"");
	})",snuts
/test/unit/registry/registry.spec.js,VerboseStatement,"{'startLine':253,'endLine':290}","it(""should call services.add"", () => {
		let service = {
			name: ""users"",
			version: 2,
			settings: { a: 5 },
			actions: {
				""users.find""() {},
				""users.get""() {}
			},
			events: {
				""user.created""() {},
				""user.removed""() {}
			}
		};

		registry.registerServices(node, [service]);

		expect(registry.services.add).toHaveBeenCalledTimes(1);
		expect(registry.services.add).toHaveBeenCalledWith(node, service, false);
		expect(serviceItem.update).toHaveBeenCalledTimes(0);

		expect(registry.registerActions).toHaveBeenCalledTimes(1);
		expect(registry.registerActions).toHaveBeenCalledWith(node, serviceItem, service.actions);

		expect(registry.unregisterAction).toHaveBeenCalledTimes(0);

		expect(registry.registerEvents).toHaveBeenCalledTimes(1);
		expect(registry.registerEvents).toHaveBeenCalledWith(node, serviceItem, service.events);

		expect(registry.unregisterEvent).toHaveBeenCalledTimes(0);

		expect(registry.unregisterService).toHaveBeenCalledTimes(0);

		expect(broker.servicesChanged).toHaveBeenCalledTimes(1);
		expect(broker.servicesChanged).toHaveBeenCalledWith(false);

		expect(registry.updateMetrics).toHaveBeenCalledTimes(1);
	})",snuts
/test/unit/registry/registry.spec.js,VerboseStatement,"{'startLine':292,'endLine':367}","it(""should update service, actions & events"", () => {
		let serviceItem = {
			name: ""users"",
			fullName: ""v2.users"",
			version: 2,
			metadata: {},
			node,
			update: jest.fn(),
			equals: jest.fn(() => false),
			actions: {
				""users.find""() {},
				""users.get""() {}
			},
			events: {
				""user.created""() {},
				""user.removed""() {}
			}
		};
		registry.services.get = jest.fn(() => serviceItem);
		registry.services.add.mockClear();
		registry.unregisterService.mockClear();
		registry.registerActions.mockClear();
		registry.unregisterAction.mockClear();
		registry.registerEvents.mockClear();
		registry.unregisterEvent.mockClear();
		registry.updateMetrics = jest.fn();
		broker.servicesChanged.mockClear();

		let service = {
			name: ""users"",
			fullName: ""v2.users"",
			version: 2,
			settings: { b: 3 },
			metadata: { priority: 3 },
			actions: {
				""users.find""() {},
				""users.remove""() {}
			},
			events: {
				""user.created""() {},
				""user.deleted""() {}
			}
		};

		registry.registerServices(node, [service]);

		expect(registry.services.add).toHaveBeenCalledTimes(0);

		expect(registry.services.get).toHaveBeenCalledTimes(1);
		expect(registry.services.get).toHaveBeenCalledWith(""v2.users"", node.id);

		expect(serviceItem.update).toHaveBeenCalledTimes(1);
		expect(serviceItem.update).toHaveBeenCalledWith(service);

		expect(registry.registerActions).toHaveBeenCalledTimes(1);
		expect(registry.registerActions).toHaveBeenCalledWith(node, serviceItem, service.actions);

		expect(registry.unregisterAction).toHaveBeenCalledTimes(1);
		expect(registry.unregisterAction).toHaveBeenCalledWith(node, ""users.get"");

		expect(registry.registerEvents).toHaveBeenCalledTimes(1);
		expect(registry.registerEvents).toHaveBeenCalledWith(node, serviceItem, service.events);

		expect(registry.unregisterEvent).toHaveBeenCalledTimes(1);
		expect(registry.unregisterEvent).toHaveBeenCalledWith(node, ""user.removed"");

		expect(registry.unregisterService).toHaveBeenCalledTimes(0);

		expect(broker.servicesChanged).toHaveBeenCalledTimes(1);
		expect(broker.servicesChanged).toHaveBeenCalledWith(false);

		expect(registry.updateMetrics).toHaveBeenCalledTimes(1);

		// For next test
		registry.services.services.push(serviceItem);
	})",snuts
/test/unit/registry/node-catalog.spec.js,AnonymousTest,"{'startLine':7,'endLine':26}","it(""test properties"", () => {
		const broker = new ServiceBroker({ logger: false });
		const registry = broker.registry;

		broker.localBus.on = jest.fn();

		const catalog = new NodeCatalog(registry, broker);

		expect(catalog).toBeDefined();
		expect(catalog.registry).toBe(registry);
		expect(catalog.broker).toBe(broker);
		expect(catalog.logger).toBe(registry.logger);

		expect(catalog.nodes).toBeInstanceOf(Map);

		expect(catalog.localNode).toBeDefined();
		expect(catalog.localNode.id).toBe(broker.nodeID);
		expect(catalog.localNode.available).toBe(true);
		expect(catalog.nodes.size).toBe(1);
	})",snuts
/test/unit/registry/node-catalog.spec.js,IdenticalTestDescription,"{'startLine':82,'endLine':112}","it(""should add new nodes"", () => {
		const payload = {
			sender: ""node-12"",
			services: [{}, {}]
		};

		expect(catalog.count()).toBe(1);
		expect(catalog.onlineCount()).toBe(1);

		catalog.processNodeInfo(payload);

		expect(catalog.nodes.size).toBe(2);
		expect(catalog.count()).toBe(2);
		expect(catalog.onlineCount()).toBe(2);

		const node = catalog.get(""node-12"");
		expect(node.id).toBe(""node-12"");

		expect(broker.registry.registerServices).toHaveBeenCalledTimes(1);
		expect(broker.registry.registerServices).toHaveBeenCalledWith(node, payload.services);

		expect(broker.broadcastLocal).toHaveBeenCalledTimes(1);
		expect(broker.broadcastLocal).toHaveBeenCalledWith(""$node.connected"", {
			node,
			reconnected: false
		});

		expect(broker.registry.updateMetrics).toHaveBeenCalledTimes(1);

		node.update = jest.fn(() => true);
	})",snuts
/test/unit/registry/node-catalog.spec.js,IdenticalTestDescription,"{'startLine':384,'endLine':407}","it(""should return node list with services"", () => {
		catalog.disconnected(""node-10"");
		const res = catalog.list({ onlyAvailable: true });
		expect(res).toEqual([
			{
				available: true,
				client: catalog.localNode.client,
				config: {},
				cpu: null,
				cpuSeq: null,
				id: broker.nodeID,
				instanceID: broker.instanceID,
				ipList: catalog.localNode.ipList,
				hostname: catalog.localNode.hostname,
				port: null,
				lastHeartbeatTime: expect.any(Number),
				local: true,
				offlineSince: null,
				seq: 1,
				metadata: { a: 5 },
				udpAddress: null
			}
		]);
	})",snuts
/test/unit/registry/node-catalog.spec.js,VerboseStatement,"{'startLine':82,'endLine':112}","it(""should add new nodes"", () => {
		const payload = {
			sender: ""node-12"",
			services: [{}, {}]
		};

		expect(catalog.count()).toBe(1);
		expect(catalog.onlineCount()).toBe(1);

		catalog.processNodeInfo(payload);

		expect(catalog.nodes.size).toBe(2);
		expect(catalog.count()).toBe(2);
		expect(catalog.onlineCount()).toBe(2);

		const node = catalog.get(""node-12"");
		expect(node.id).toBe(""node-12"");

		expect(broker.registry.registerServices).toHaveBeenCalledTimes(1);
		expect(broker.registry.registerServices).toHaveBeenCalledWith(node, payload.services);

		expect(broker.broadcastLocal).toHaveBeenCalledTimes(1);
		expect(broker.broadcastLocal).toHaveBeenCalledWith(""$node.connected"", {
			node,
			reconnected: false
		});

		expect(broker.registry.updateMetrics).toHaveBeenCalledTimes(1);

		node.update = jest.fn(() => true);
	})",snuts
/test/unit/registry/node-catalog.spec.js,VerboseStatement,"{'startLine':220,'endLine':250}","it(""should call disconnected & unregister services"", () => {
		broker.broadcastLocal.mockClear();
		broker.registry.unregisterServicesByNode.mockClear();
		broker.registry.updateMetrics.mockClear();

		catalog.disconnected(""node-11"", false);

		expect(node.disconnected).toHaveBeenCalledTimes(1);
		expect(node.disconnected).toHaveBeenCalledWith(false);

		expect(broker.broadcastLocal).toHaveBeenCalledTimes(1);
		expect(broker.broadcastLocal).toHaveBeenCalledWith(""$node.disconnected"", {
			node,
			unexpected: false
		});

		expect(broker.registry.updateMetrics).toHaveBeenCalledTimes(1);

		expect(broker.servicesChanged).toHaveBeenCalledTimes(1);
		expect(broker.servicesChanged).toHaveBeenCalledWith(false);

		expect(broker.transit.removePendingRequestByNodeID).toHaveBeenCalledTimes(1);
		expect(broker.transit.removePendingRequestByNodeID).toHaveBeenCalledWith(""node-11"");

		expect(broker.registry.unregisterServicesByNode).toHaveBeenCalledTimes(1);
		expect(broker.registry.unregisterServicesByNode).toHaveBeenCalledWith(node.id);

		expect(catalog.logger.info).toHaveBeenCalledTimes(1);
		expect(catalog.logger.info).toHaveBeenCalledWith(""Node 'node-11' disconnected."");
		expect(catalog.logger.warn).toHaveBeenCalledTimes(0);
	})",snuts
/test/unit/registry/node-catalog.spec.js,VerboseStatement,"{'startLine':252,'endLine':283}","it(""should call disconnected & unregister services (unexpected)"", () => {
		broker.broadcastLocal.mockClear();
		broker.registry.unregisterServicesByNode.mockClear();
		node.disconnected.mockClear();
		broker.servicesChanged.mockClear();
		broker.registry.updateMetrics.mockClear();

		catalog.disconnected(""node-11"", true);

		expect(node.disconnected).toHaveBeenCalledTimes(1);
		expect(node.disconnected).toHaveBeenCalledWith(true);

		expect(broker.broadcastLocal).toHaveBeenCalledTimes(1);
		expect(broker.broadcastLocal).toHaveBeenCalledWith(""$node.disconnected"", {
			node,
			unexpected: true
		});

		expect(broker.registry.updateMetrics).toHaveBeenCalledTimes(1);

		// expect(broker.servicesChanged).toHaveBeenCalledTimes(1);
		// expect(broker.servicesChanged).toHaveBeenCalledWith(false);

		expect(broker.registry.unregisterServicesByNode).toHaveBeenCalledTimes(1);
		expect(broker.registry.unregisterServicesByNode).toHaveBeenCalledWith(node.id);

		expect(catalog.logger.info).toHaveBeenCalledTimes(0);
		expect(catalog.logger.warn).toHaveBeenCalledTimes(1);
		expect(catalog.logger.warn).toHaveBeenCalledWith(
			""Node 'node-11' disconnected unexpectedly.""
		);
	})",snuts
/test/unit/registry/event-catalog.spec.js,IdenticalTestDescription,"{'startLine':565,'endLine':574}","it(""should create an EndpointList and add to 'events'"", () => {
		let node = { id: ""server-1"" };
		let event = { name: ""hello"" };

		list = catalog.add(node, service, event);

		expect(list).toBeInstanceOf(EndpointList);
		expect(list.strategy).toBeInstanceOf(Strategy);
		expect(list.strategy.opts).toEqual({});
	})",snuts
/test/unit/registry/event-catalog.spec.js,SubOptimalAssert,"{'startLine':39,'endLine':39}","it(""should create an EndpointList and add to 'events'"", () => {
		let node = { id: ""server-1"" };
		let event = { name: ""hello"" };

		expect(catalog.events.length).toBe(0);

		list = catalog.add(node, service, event);

		expect(catalog.events.length).toBe(1);
		expect(list).toBeInstanceOf(EndpointList);
		expect(list.group).toBe(service.name);
	})",snuts
/test/unit/registry/event-catalog.spec.js,SubOptimalAssert,"{'startLine':43,'endLine':43}","it(""should create an EndpointList and add to 'events'"", () => {
		let node = { id: ""server-1"" };
		let event = { name: ""hello"" };

		expect(catalog.events.length).toBe(0);

		list = catalog.add(node, service, event);

		expect(catalog.events.length).toBe(1);
		expect(list).toBeInstanceOf(EndpointList);
		expect(list.group).toBe(service.name);
	})",snuts
/test/unit/registry/event-catalog.spec.js,SubOptimalAssert,"{'startLine':56,'endLine':56}","it(""should not create a new EndpointList just add new node"", () => {
		let node = { id: ""server-2"" };
		let event = { name: ""hello"" };

		list.add = jest.fn();

		let res = catalog.add(node, service, event);

		expect(catalog.events.length).toBe(1);
		expect(res).toBe(list);

		expect(list.add).toHaveBeenCalledTimes(1);
		expect(list.add).toHaveBeenCalledWith(node, service, event);
	})",snuts
/test/unit/registry/event-catalog.spec.js,SubOptimalAssert,"{'startLine':217,'endLine':217}","it(""should return balanced endpoint list for 'user.created'"", () => {
		const ctx = Context.create(broker, null);

		expect(catalog.events.length).toBe(4);

		let res = catalog.getBalancedEndpoints(""user.created"", null, ctx);

		expect(res.length).toBe(3);
		expect(res[0][0].id).toEqual(""node-1"");
		expect(res[0][1]).toEqual(""users"");

		expect(res.length).toBe(3);
		expect(res[1][0].id).toEqual(""node-1"");
		expect(res[1][1]).toEqual(""payment"");

		expect(res.length).toBe(3);
		expect(res[2][0].id).toEqual(""node-2"");
		expect(res[2][1]).toEqual(""mail"");
	})",snuts
/test/unit/registry/event-catalog.spec.js,SubOptimalAssert,"{'startLine':221,'endLine':221}","it(""should return balanced endpoint list for 'user.created'"", () => {
		const ctx = Context.create(broker, null);

		expect(catalog.events.length).toBe(4);

		let res = catalog.getBalancedEndpoints(""user.created"", null, ctx);

		expect(res.length).toBe(3);
		expect(res[0][0].id).toEqual(""node-1"");
		expect(res[0][1]).toEqual(""users"");

		expect(res.length).toBe(3);
		expect(res[1][0].id).toEqual(""node-1"");
		expect(res[1][1]).toEqual(""payment"");

		expect(res.length).toBe(3);
		expect(res[2][0].id).toEqual(""node-2"");
		expect(res[2][1]).toEqual(""mail"");
	})",snuts
/test/unit/registry/event-catalog.spec.js,SubOptimalAssert,"{'startLine':225,'endLine':225}","it(""should return balanced endpoint list for 'user.created'"", () => {
		const ctx = Context.create(broker, null);

		expect(catalog.events.length).toBe(4);

		let res = catalog.getBalancedEndpoints(""user.created"", null, ctx);

		expect(res.length).toBe(3);
		expect(res[0][0].id).toEqual(""node-1"");
		expect(res[0][1]).toEqual(""users"");

		expect(res.length).toBe(3);
		expect(res[1][0].id).toEqual(""node-1"");
		expect(res[1][1]).toEqual(""payment"");

		expect(res.length).toBe(3);
		expect(res[2][0].id).toEqual(""node-2"");
		expect(res[2][1]).toEqual(""mail"");
	})",snuts
/test/unit/registry/event-catalog.spec.js,SubOptimalAssert,"{'startLine':229,'endLine':229}","it(""should return balanced endpoint list for 'user.created'"", () => {
		const ctx = Context.create(broker, null);

		expect(catalog.events.length).toBe(4);

		let res = catalog.getBalancedEndpoints(""user.created"", null, ctx);

		expect(res.length).toBe(3);
		expect(res[0][0].id).toEqual(""node-1"");
		expect(res[0][1]).toEqual(""users"");

		expect(res.length).toBe(3);
		expect(res[1][0].id).toEqual(""node-1"");
		expect(res[1][1]).toEqual(""payment"");

		expect(res.length).toBe(3);
		expect(res[2][0].id).toEqual(""node-2"");
		expect(res[2][1]).toEqual(""mail"");
	})",snuts
/test/unit/registry/event-catalog.spec.js,SubOptimalAssert,"{'startLine':237,'endLine':237}","it(""should return balanced endpoint list for 'user.updated'"", () => {
		const ctx = Context.create(broker, null);

		expect(catalog.events.length).toBe(4);

		let res = catalog.getBalancedEndpoints(""user.updated"", null, ctx);

		expect(res.length).toBe(1);
		expect(res[0][0].id).toEqual(""node-3"");
		expect(res[0][1]).toEqual(""mail"");
	})",snuts
/test/unit/registry/event-catalog.spec.js,SubOptimalAssert,"{'startLine':241,'endLine':241}","it(""should return balanced endpoint list for 'user.updated'"", () => {
		const ctx = Context.create(broker, null);

		expect(catalog.events.length).toBe(4);

		let res = catalog.getBalancedEndpoints(""user.updated"", null, ctx);

		expect(res.length).toBe(1);
		expect(res[0][0].id).toEqual(""node-3"");
		expect(res[0][1]).toEqual(""mail"");
	})",snuts
/test/unit/registry/event-catalog.spec.js,SubOptimalAssert,"{'startLine':249,'endLine':249}","it(""should return balanced endpoint list for 'user.created' on group 'payment'"", () => {
		const ctx = Context.create(broker, null);

		expect(catalog.events.length).toBe(4);

		let res = catalog.getBalancedEndpoints(""user.created"", ""payment"", ctx);

		expect(res.length).toBe(1);
		expect(res[0][0].id).toEqual(""node-2"");
		expect(res[0][1]).toEqual(""payment"");
	})",snuts
/test/unit/registry/event-catalog.spec.js,SubOptimalAssert,"{'startLine':253,'endLine':253}","it(""should return balanced endpoint list for 'user.created' on group 'payment'"", () => {
		const ctx = Context.create(broker, null);

		expect(catalog.events.length).toBe(4);

		let res = catalog.getBalancedEndpoints(""user.created"", ""payment"", ctx);

		expect(res.length).toBe(1);
		expect(res[0][0].id).toEqual(""node-2"");
		expect(res[0][1]).toEqual(""payment"");
	})",snuts
/test/unit/registry/event-catalog.spec.js,SubOptimalAssert,"{'startLine':261,'endLine':261}","it(""should return all endpoint"", () => {
		let res = catalog.getAllEndpoints(""user.created"");

		expect(res.length).toBe(4);
		expect(res[0].id).toEqual(""node-1"");
		expect(res[1].id).toEqual(""node-2"");
		expect(res[2].id).toEqual(""node-4"");
		expect(res[3].id).toEqual(""node-3"");
	})",snuts
/test/unit/registry/event-catalog.spec.js,SubOptimalAssert,"{'startLine':271,'endLine':271}","it(""should return all endpoint with groups"", () => {
		let res = catalog.getAllEndpoints(""user.created"", [""mail""]);

		expect(res.length).toBe(2);
		expect(res[0].id).toEqual(""node-2"");
		expect(res[1].id).toEqual(""node-3"");
	})",snuts
/test/unit/registry/event-catalog.spec.js,SubOptimalAssert,"{'startLine':279,'endLine':279}","it(""should return all endpoint with matches"", () => {
		let res = catalog.getAllEndpoints(""user.removed"");

		expect(res.length).toBe(2);
		expect(res[0].id).toEqual(""node-2"");
		expect(res[1].id).toEqual(""node-3"");
	})",snuts
/test/unit/registry/event-catalog.spec.js,SubOptimalAssert,"{'startLine':287,'endLine':287}","it(""should return empty list with matches"", () => {
		let res = catalog.getAllEndpoints(""posts.created"");

		expect(res.length).toBe(0);
	})",snuts
/test/unit/registry/event-catalog.spec.js,SubOptimalAssert,"{'startLine':335,'endLine':335}","it(""should broadcast local handlers without groups"", () => {
		expect(catalog.events.length).toBe(3);

		const ctx = Context.create(broker, { id: ""node-99"", event: { name: ""user.*"" } }, { a: 5 });
		ctx.eventName = ""user.created"";
		ctx.eventGroups = null;
		ctx.eventType = ""broadcast"";
		jest.spyOn(ctx, ""copy"");

		catalog.emitLocalServices(ctx);

		expect(catalog.callEventHandler).toHaveBeenCalledTimes(4);
		expect(catalog.callEventHandler).toHaveBeenCalledWith(expect.any(Context));

		let copied = catalog.callEventHandler.mock.calls[0][0];
		expect(copied.event).toEqual({
			name: ""user.created"",
			desc: ""usersEvent"",
			handler: expect.any(Function)
		});
		expect(copied.eventGroups).toEqual(null);
		expect(copied.nodeID).toEqual(""node-99"");

		copied = catalog.callEventHandler.mock.calls[1][0];
		expect(copied.event).toEqual({
			name: ""user.created"",
			desc: ""paymentEvent"",
			handler: expect.any(Function)
		});
		expect(copied.eventGroups).toEqual(null);
		expect(copied.nodeID).toEqual(""node-99"");

		copied = catalog.callEventHandler.mock.calls[2][0];
		expect(copied.event).toEqual({
			name: ""user.created"",
			group: ""payment"",
			desc: ""otherEvent"",
			handler: expect.any(Function)
		});
		expect(copied.eventGroups).toEqual(null);
		expect(copied.nodeID).toEqual(""node-99"");

		copied = catalog.callEventHandler.mock.calls[3][0];
		expect(copied.event).toEqual({
			name: ""user.*"",
			desc: ""mailEvent"",
			handler: expect.any(Function)
		});
		expect(copied.eventGroups).toEqual(null);
		expect(copied.nodeID).toEqual(""node-99"");

		expect(ctx.copy).toHaveBeenCalledTimes(4);
	})",snuts
/test/unit/registry/event-catalog.spec.js,VerboseStatement,"{'startLine':334,'endLine':386}","it(""should broadcast local handlers without groups"", () => {
		expect(catalog.events.length).toBe(3);

		const ctx = Context.create(broker, { id: ""node-99"", event: { name: ""user.*"" } }, { a: 5 });
		ctx.eventName = ""user.created"";
		ctx.eventGroups = null;
		ctx.eventType = ""broadcast"";
		jest.spyOn(ctx, ""copy"");

		catalog.emitLocalServices(ctx);

		expect(catalog.callEventHandler).toHaveBeenCalledTimes(4);
		expect(catalog.callEventHandler).toHaveBeenCalledWith(expect.any(Context));

		let copied = catalog.callEventHandler.mock.calls[0][0];
		expect(copied.event).toEqual({
			name: ""user.created"",
			desc: ""usersEvent"",
			handler: expect.any(Function)
		});
		expect(copied.eventGroups).toEqual(null);
		expect(copied.nodeID).toEqual(""node-99"");

		copied = catalog.callEventHandler.mock.calls[1][0];
		expect(copied.event).toEqual({
			name: ""user.created"",
			desc: ""paymentEvent"",
			handler: expect.any(Function)
		});
		expect(copied.eventGroups).toEqual(null);
		expect(copied.nodeID).toEqual(""node-99"");

		copied = catalog.callEventHandler.mock.calls[2][0];
		expect(copied.event).toEqual({
			name: ""user.created"",
			group: ""payment"",
			desc: ""otherEvent"",
			handler: expect.any(Function)
		});
		expect(copied.eventGroups).toEqual(null);
		expect(copied.nodeID).toEqual(""node-99"");

		copied = catalog.callEventHandler.mock.calls[3][0];
		expect(copied.event).toEqual({
			name: ""user.*"",
			desc: ""mailEvent"",
			handler: expect.any(Function)
		});
		expect(copied.eventGroups).toEqual(null);
		expect(copied.nodeID).toEqual(""node-99"");

		expect(ctx.copy).toHaveBeenCalledTimes(4);
	})",snuts
/test/unit/registry/event-catalog.spec.js,VerboseStatement,"{'startLine':388,'endLine':431}","it(""should broadcast local handlers with groups"", () => {
		catalog.callEventHandler.mockClear();

		const ctx = Context.create(broker, { id: ""node-99"", event: { name: ""user.*"" } }, { a: 5 });
		ctx.eventName = ""user.created"";
		ctx.eventGroups = [""mail"", ""payment""];
		ctx.eventType = ""broadcast"";
		jest.spyOn(ctx, ""copy"");

		catalog.emitLocalServices(ctx);

		expect(catalog.callEventHandler).toHaveBeenCalledTimes(3);
		expect(catalog.callEventHandler).toHaveBeenCalledWith(expect.any(Context));

		let copied = catalog.callEventHandler.mock.calls[0][0];
		expect(copied.event).toEqual({
			name: ""user.created"",
			desc: ""paymentEvent"",
			handler: expect.any(Function)
		});
		expect(copied.eventGroups).toEqual([""mail"", ""payment""]);
		expect(copied.nodeID).toEqual(""node-99"");

		copied = catalog.callEventHandler.mock.calls[1][0];
		expect(copied.event).toEqual({
			name: ""user.created"",
			group: ""payment"",
			desc: ""otherEvent"",
			handler: expect.any(Function)
		});
		expect(copied.eventGroups).toEqual([""mail"", ""payment""]);
		expect(copied.nodeID).toEqual(""node-99"");

		copied = catalog.callEventHandler.mock.calls[2][0];
		expect(copied.event).toEqual({
			name: ""user.*"",
			desc: ""mailEvent"",
			handler: expect.any(Function)
		});
		expect(copied.eventGroups).toEqual([""mail"", ""payment""]);
		expect(copied.nodeID).toEqual(""node-99"");

		expect(ctx.copy).toHaveBeenCalledTimes(3);
	})",snuts
/test/unit/registry/event-catalog.spec.js,VerboseStatement,"{'startLine':433,'endLine':475}","it(""should balance local handlers without groups"", () => {
		catalog.callEventHandler.mockClear();

		const ctx = Context.create(broker, { id: ""node-99"", event: { name: ""user.*"" } }, { a: 5 });
		ctx.eventName = ""user.created"";
		ctx.eventGroups = null;
		ctx.eventType = ""emit"";
		jest.spyOn(ctx, ""copy"");

		catalog.emitLocalServices(ctx);

		expect(catalog.callEventHandler).toHaveBeenCalledTimes(3);
		expect(catalog.callEventHandler).toHaveBeenCalledWith(expect.any(Context));

		let copied = catalog.callEventHandler.mock.calls[0][0];
		expect(copied.event).toEqual({
			name: ""user.created"",
			desc: ""usersEvent"",
			handler: expect.any(Function)
		});
		expect(copied.eventGroups).toEqual(null);
		expect(copied.nodeID).toEqual(""node-99"");

		copied = catalog.callEventHandler.mock.calls[1][0];
		expect(copied.event).toEqual({
			name: ""user.created"",
			desc: ""paymentEvent"",
			handler: expect.any(Function)
		});
		expect(copied.eventGroups).toEqual(null);
		expect(copied.nodeID).toEqual(""node-99"");

		copied = catalog.callEventHandler.mock.calls[2][0];
		expect(copied.event).toEqual({
			name: ""user.*"",
			desc: ""mailEvent"",
			handler: expect.any(Function)
		});
		expect(copied.eventGroups).toEqual(null);
		expect(copied.nodeID).toEqual(""node-99"");

		expect(ctx.copy).toHaveBeenCalledTimes(3);
	})",snuts
/test/unit/registry/event-catalog.spec.js,VerboseStatement,"{'startLine':477,'endLine':511}","it(""should balance local handlers with groups"", () => {
		catalog.callEventHandler.mockClear();

		const ctx = Context.create(broker, { id: ""node-99"", event: { name: ""user.*"" } }, { a: 5 });
		ctx.eventName = ""user.created"";
		ctx.eventGroups = [""mail"", ""payment""];
		ctx.eventType = ""emit"";
		jest.spyOn(ctx, ""copy"");

		catalog.emitLocalServices(ctx);

		expect(catalog.callEventHandler).toHaveBeenCalledTimes(2);
		expect(catalog.callEventHandler).toHaveBeenCalledWith(expect.any(Context));

		let copied = catalog.callEventHandler.mock.calls[0][0];
		expect(copied.event).toEqual({
			name: ""user.created"",
			desc: ""otherEvent"",
			group: ""payment"",
			handler: expect.any(Function)
		});
		expect(copied.eventGroups).toEqual([""mail"", ""payment""]);
		expect(copied.nodeID).toEqual(""node-99"");

		copied = catalog.callEventHandler.mock.calls[1][0];
		expect(copied.event).toEqual({
			name: ""user.*"",
			desc: ""mailEvent"",
			handler: expect.any(Function)
		});
		expect(copied.eventGroups).toEqual([""mail"", ""payment""]);
		expect(copied.nodeID).toEqual(""node-99"");

		expect(ctx.copy).toHaveBeenCalledTimes(2);
	})",snuts
/test/unit/registry/endpoint.spec.js,AnonymousTest,"{'startLine':27,'endLine':30}","it(""shoud unAvailable"", () => {
		ep.state = false;
		expect(ep.isAvailable).toBe(false);
	})",snuts
/test/unit/registry/endpoint-list.spec.js,IdenticalTestDescription,"{'startLine':268,'endLine':276}","it(""should call select if no local ep"", () => {
		list.select.mockClear();
		registry.opts.preferLocal = false;

		expect(list.next(ctx)).toBe(ep1);

		expect(list.select).toHaveBeenCalledTimes(1);
		expect(list.select).toHaveBeenCalledWith([ep1, ep2, ep3, ep4], ctx);
	})",snuts
/test/unit/registry/endpoint-list.spec.js,IdenticalTestDescription,"{'startLine':348,'endLine':357}","it(""should return null if no endpoints"", () => {
		expect(list.endpoints.length).toBe(0);

		let ep = list.nextLocal(ctx);

		expect(ep).toBeNull();
		expect(list.select).toHaveBeenCalledTimes(0);
		expect(list.count()).toBe(0);
		expect(list.localEndpoints.length).toBe(0);
	})",snuts
/test/unit/registry/endpoint-list.spec.js,IdenticalTestDescription,"{'startLine':359,'endLine':365}","it(""should return only one ep"", () => {
		ep1 = list.add(node, service, action);

		expect(list.nextLocal(ctx)).toBe(ep1);
		expect(list.count()).toBe(1);
		expect(list.localEndpoints.length).toBe(1);
	})",snuts
/test/unit/registry/endpoint-list.spec.js,IdenticalTestDescription,"{'startLine':367,'endLine':374}","it(""should return null if only one is not available"", () => {
		ep1.state = false;
		expect(list.nextLocal(ctx)).toBeNull();

		expect(list.select).toHaveBeenCalledTimes(0);

		ep1.state = true;
	})",snuts
/test/unit/registry/endpoint-list.spec.js,IdenticalTestDescription,"{'startLine':390,'endLine':399}","it(""should find the first available ep"", () => {
		list.select = jest.fn(() => ep3);

		ep1.state = false;
		ep3.state = true;

		expect(list.nextLocal(ctx)).toBe(ep3);
		expect(list.select).toHaveBeenCalledTimes(1);
		expect(list.select).toHaveBeenCalledWith([ep3], ctx);
	})",snuts
/test/unit/registry/endpoint-list.spec.js,IdenticalTestDescription,"{'startLine':401,'endLine':409}","it(""should return null, if no available ep"", () => {
		list.select = jest.fn();

		ep1.state = false;
		ep3.state = false;

		expect(list.nextLocal(ctx)).toBeNull();
		expect(list.select).toHaveBeenCalledTimes(0);
	})",snuts
/test/unit/registry/endpoint-list.spec.js,IdenticalTestDescription,"{'startLine':461,'endLine':466}","it(""should return the correct value"", () => {
		expect(list.hasLocal()).toBe(true);

		list.localEndpoints = [];
		expect(list.hasLocal()).toBe(false);
	})",snuts
/test/unit/registry/endpoint-list.spec.js,IdenticalTestDescription,"{'startLine':519,'endLine':523}","it(""should return the correct ep"", () => {
		expect(list.hasNodeID(broker.nodeID)).toBe(true);
		expect(list.hasNodeID(""node-1"")).toBe(true);
		expect(list.hasNodeID(""node-123"")).toBe(false);
	})",snuts
/test/unit/registry/endpoint-list.spec.js,IdenticalTestDescription,"{'startLine':583,'endLine':595}","it(""should remove endpoints for service-1"", () => {
		expect(list.count()).toBe(2);

		list.removeByNodeID(""node-1"");
		expect(list.count()).toBe(1);
		expect(list.hasNodeID(broker.nodeID)).toBe(true);
		expect(list.hasNodeID(""node-1"")).toBe(false);
		expect(list.hasLocal()).toBe(true);

		list.removeByNodeID(broker.nodeID);
		expect(list.count()).toBe(0);
		expect(list.hasLocal()).toBe(false);
	})",snuts
/test/unit/registry/endpoint-list.spec.js,IdenticalTestDescription,"{'startLine':618,'endLine':627}","it(""should remove endpoints for service-1"", () => {
		expect(list.localEndpoints).toEqual([ep2]);
		list.localEndpoints = [];

		list.setLocalEndpoints();
		expect(list.localEndpoints).toEqual([ep2]);

		list.removeByNodeID(broker.nodeID);
		expect(list.localEndpoints).toEqual([]);
	})",snuts
/test/unit/registry/endpoint-list.spec.js,SubOptimalAssert,"{'startLine':88,'endLine':88}","it(""should add a new Endpoint"", () => {
		expect(list.endpoints.length).toBe(0);

		let ep = list.add(node, service, action);

		expect(ep).toBeDefined();
		expect(list.EndPointFactory).toHaveBeenCalledTimes(1);
		expect(list.EndPointFactory).toHaveBeenCalledWith(registry, broker, node, service, action);
		expect(list.endpoints.length).toBe(1);
		expect(list.endpoints[0]).toBe(ep);
		expect(list.localEndpoints).toEqual([]);
	})",snuts
/test/unit/registry/endpoint-list.spec.js,SubOptimalAssert,"{'startLine':95,'endLine':95}","it(""should add a new Endpoint"", () => {
		expect(list.endpoints.length).toBe(0);

		let ep = list.add(node, service, action);

		expect(ep).toBeDefined();
		expect(list.EndPointFactory).toHaveBeenCalledTimes(1);
		expect(list.EndPointFactory).toHaveBeenCalledWith(registry, broker, node, service, action);
		expect(list.endpoints.length).toBe(1);
		expect(list.endpoints[0]).toBe(ep);
		expect(list.localEndpoints).toEqual([]);
	})",snuts
/test/unit/registry/endpoint-list.spec.js,SubOptimalAssert,"{'startLine':109,'endLine':109}","it(""should add a new local Endpoint"", () => {
		let node2 = { id: ""server-2"" };
		list.EndPointFactory = jest.fn(() => ({ local: true }));

		let ep = list.add(node2, service, action);

		expect(ep).toBeDefined();
		expect(list.EndPointFactory).toHaveBeenCalledTimes(1);
		expect(list.EndPointFactory).toHaveBeenCalledWith(registry, broker, node2, service, action);
		expect(list.endpoints.length).toBe(2);
		expect(list.endpoints[1]).toBe(ep);
		expect(list.localEndpoints).toEqual([ep]);
		expect(list.hasLocal()).toBe(true);
	})",snuts
/test/unit/registry/endpoint-list.spec.js,SubOptimalAssert,"{'startLine':125,'endLine':125}","it(""should update action on existing endpoint"", () => {
		list.EndPointFactory.mockClear();
		let action2 = { name: ""test.hello2"" };

		let ep = list.add(node, service, action2);

		expect(ep).toBeDefined();
		expect(list.EndPointFactory).toHaveBeenCalledTimes(0);
		expect(epUpdate).toHaveBeenCalledTimes(1);
		expect(epUpdate).toHaveBeenCalledWith(action2);
		expect(list.endpoints.length).toBe(2);
	})",snuts
/test/unit/registry/endpoint-list.spec.js,SubOptimalAssert,"{'startLine':215,'endLine':215}","it(""should return null if no endpoints"", () => {
		expect(list.endpoints.length).toBe(0);

		let ep = list.next(ctx);

		expect(ep).toBeNull();
		expect(list.select).toHaveBeenCalledTimes(0);
		expect(list.count()).toBe(0);
	})",snuts
/test/unit/registry/endpoint-list.spec.js,SubOptimalAssert,"{'startLine':307,'endLine':307}","it(""should return null if internal & localEndpoint is not available"", () => {
		list.select.mockClear();
		list.internal = true;

		expect(list.next(ctx)).toBe(null);
		expect(list.select).toHaveBeenCalledTimes(0);
	})",snuts
/test/unit/registry/endpoint-list.spec.js,SubOptimalAssert,"{'startLine':349,'endLine':349}","it(""should return null if no endpoints"", () => {
		expect(list.endpoints.length).toBe(0);

		let ep = list.nextLocal(ctx);

		expect(ep).toBeNull();
		expect(list.select).toHaveBeenCalledTimes(0);
		expect(list.count()).toBe(0);
		expect(list.localEndpoints.length).toBe(0);
	})",snuts
/test/unit/registry/endpoint-list.spec.js,SubOptimalAssert,"{'startLine':356,'endLine':356}","it(""should return null if no endpoints"", () => {
		expect(list.endpoints.length).toBe(0);

		let ep = list.nextLocal(ctx);

		expect(ep).toBeNull();
		expect(list.select).toHaveBeenCalledTimes(0);
		expect(list.count()).toBe(0);
		expect(list.localEndpoints.length).toBe(0);
	})",snuts
/test/unit/registry/endpoint-list.spec.js,SubOptimalAssert,"{'startLine':364,'endLine':364}","it(""should return only one ep"", () => {
		ep1 = list.add(node, service, action);

		expect(list.nextLocal(ctx)).toBe(ep1);
		expect(list.count()).toBe(1);
		expect(list.localEndpoints.length).toBe(1);
	})",snuts
/test/unit/registry/endpoint-list.spec.js,SubOptimalAssert,"{'startLine':381,'endLine':381}","it(""should call select if there are more ep"", () => {
		list.add({ id: ""node-2"" }, service, action);
		ep3 = list.add(node, { name: ""test2"" }, action);
		list.add({ id: ""node-3"" }, service, action);

		expect(list.localEndpoints.length).toBe(2);
		expect(ep3.local).toBe(true);
		expect(list.localEndpoints).toEqual([ep1, ep3]);

		expect(list.nextLocal(ctx)).toBe(ep1);
		expect(list.select).toHaveBeenCalledTimes(1);
		expect(list.select).toHaveBeenCalledWith([ep1, ep3], ctx);
	})",snuts
/test/unit/registry/endpoint-list.spec.js,SubOptimalAssert,"{'startLine':495,'endLine':495}","it(""should return null"", () => {
		ep1.state = false;
		expect(list.getEndpointByNodeID(""node-1"")).toBe(null);
		expect(list.getEndpointByNodeID(""node-123"")).toBe(null);
	})",snuts
/test/unit/registry/endpoint-list.spec.js,SubOptimalAssert,"{'startLine':496,'endLine':496}","it(""should return null"", () => {
		ep1.state = false;
		expect(list.getEndpointByNodeID(""node-1"")).toBe(null);
		expect(list.getEndpointByNodeID(""node-123"")).toBe(null);
	})",snuts
/test/unit/registry/endpoint-list.spec.js,VerboseStatement,"{'startLine':16,'endLine':43}","it(""should create a new list"", () => {
		Strategy.mockClear();

		list = new EndpointList(
			registry,
			broker,
			""listName"",
			""groupName"",
			ActionEndpoint,
			Strategy,
			strategyOptions
		);

		expect(list).toBeDefined();
		expect(list.registry).toBe(registry);
		expect(list.broker).toBe(broker);
		expect(list.logger).toBe(registry.logger);
		expect(list.strategy).toBeInstanceOf(Strategy);
		expect(list.name).toBe(""listName"");
		expect(list.group).toBe(""groupName"");
		expect(list.internal).toBe(false);
		expect(list.EndPointFactory).toBe(ActionEndpoint);
		expect(list.endpoints).toBeInstanceOf(Array);
		expect(list.localEndpoints).toEqual([]);

		expect(Strategy).toHaveBeenCalledTimes(1);
		expect(Strategy).toHaveBeenCalledWith(registry, broker, strategyOptions);
	})",snuts
/test/unit/registry/action-catalog.spec.js,AnonymousTest,"{'startLine':14,'endLine':24}","it(""test constructor"", () => {
		let catalog = new ActionCatalog(registry, broker, Strategy);

		expect(catalog).toBeDefined();
		expect(catalog.registry).toBe(registry);
		expect(catalog.broker).toBe(broker);
		expect(catalog.logger).toBe(registry.logger);
		expect(catalog.StrategyFactory).toBe(Strategy);
		expect(catalog.actions).toBeInstanceOf(Map);
		expect(catalog.EndpointFactory).toBe(ActionEndpoint);
	})",snuts
/test/unit/registry/action-catalog.spec.js,IdenticalTestDescription,"{'startLine':166,'endLine':175}","it(""should create an EndpointList and add to 'actions'"", () => {
		let node = { id: ""server-1"" };
		let action = { name: ""test.hello"" };

		list = catalog.add(node, service, action);

		expect(list).toBeInstanceOf(EndpointList);
		expect(list.strategy).toBeInstanceOf(Strategy);
		expect(list.strategy.opts).toEqual({});
	})",snuts
/test/unit/middlewares/tracing.spec.js,IdenticalTestDescription,"{'startLine':43,'endLine':51}","it(""should not wrap handler if tracing is disabled in action definition"", () => {
			action.tracing = { enabled: false };

			const mw = Middleware(broker);
			expect(mw.localAction).toBeInstanceOf(Function);

			const newHandler = mw.localAction.call(broker, handler, action);
			expect(newHandler).toBe(handler);
		})",snuts
/test/unit/middlewares/tracing.spec.js,IdenticalTestDescription,"{'startLine':63,'endLine':71}","it(""should wrap handler if tracing is enabled in action definition"", () => {
			action.tracing = { enabled: true };

			const mw = Middleware(broker);
			expect(mw.localAction).toBeInstanceOf(Function);

			const newHandler = mw.localAction.call(broker, handler, action);
			expect(newHandler).not.toBe(handler);
		})",snuts
/test/unit/middlewares/tracing.spec.js,IdenticalTestDescription,"{'startLine':427,'endLine':521}","it(""should create a span without params, meta & response"", async () => {
			action.tracing = {
				tags: jest.fn((ctx, response) => ({
					custom: {
						params: ctx.params,
						meta: ctx.meta,
						response
					}
				}))
			};

			const mw = Middleware(broker);
			const newHandler = mw.localAction.call(broker, handler, action);

			ctx.startSpan.mockClear();
			ctx.finishSpan.mockClear();
			fakeSpan.addTags.mockClear();
			fakeSpan.setError.mockClear();
			fakeSpan.finish.mockClear();

			await newHandler(ctx);

			expect(ctx.startSpan).toHaveBeenCalledTimes(1);
			expect(ctx.startSpan).toHaveBeenCalledWith(""action 'posts.find'"", {
				id: ""ctx-id"",
				type: ""action"",
				traceID: ""request-id"",
				parentID: ""parent-id"",
				service: null,
				tags: {
					action: {
						name: ""posts.find"",
						rawName: ""find""
					},
					callerNodeID: ""server-1"",
					callingLevel: 3,
					nodeID: ""server-1"",
					options: {
						retries: 3,
						timeout: 5
					},
					requestID: ""request-id"",
					remoteCall: false,
					custom: {
						meta: {
							user: {
								age: 35,
								name: ""Adam""
							}
						},
						params: {
							a: 10,
							b: ""John"",
							c: {
								d: 100,
								e: true
							}
						},
						response: undefined
					}
				},
				sampled: true
			});

			expect(fakeSpan.addTags).toHaveBeenCalledTimes(1);
			expect(fakeSpan.addTags).toHaveBeenCalledWith({
				fromCache: false,
				custom: {
					meta: {
						user: {
							age: 35,
							name: ""Adam""
						}
					},
					params: {
						a: 10,
						b: ""John"",
						c: {
							d: 100,
							e: true
						}
					},
					response: {
						id: ""post-id"",
						title: ""Post title"",
						content: ""Post content""
					}
				}
			});

			expect(ctx.finishSpan).toHaveBeenCalledTimes(1);
			expect(ctx.finishSpan).toHaveBeenCalledWith(fakeSpan);

			expect(fakeSpan.setError).toHaveBeenCalledTimes(0);
		})",snuts
/test/unit/middlewares/tracing.spec.js,IdenticalTestDescription,"{'startLine':1206,'endLine':1211}","it(""should not register hooks if tracing is disabled"", () => {
			const mw = Middleware(broker);

			expect(mw.name).toBe(""Tracing"");
			expect(mw.localEvent).toBeNull();
		})",snuts
/test/unit/middlewares/tracing.spec.js,IdenticalTestDescription,"{'startLine':1213,'endLine':1223}","it(""should wrap handler if tracing is enabled"", () => {
			broker.options.tracing.enabled = true;
			broker.tracer.opts.enabled = true;
			broker.tracer.opts.events = true;

			const mw = Middleware(broker);
			expect(mw.localEvent).toBeInstanceOf(Function);

			const newHandler = mw.localEvent.call(broker, handler, event);
			expect(newHandler).not.toBe(handler);
		})",snuts
/test/unit/middlewares/tracing.spec.js,IdenticalTestDescription,"{'startLine':1235,'endLine':1243}","it(""should not wrap handler if tracing is disabled in event definition"", () => {
			event.tracing = { enabled: false };

			const mw = Middleware(broker);
			expect(mw.localEvent).toBeInstanceOf(Function);

			const newHandler = mw.localEvent.call(broker, handler, event);
			expect(newHandler).toBe(handler);
		})",snuts
/test/unit/middlewares/tracing.spec.js,IdenticalTestDescription,"{'startLine':1255,'endLine':1263}","it(""should wrap handler if tracing is enabled in event definition"", () => {
			event.tracing = { enabled: true };

			const mw = Middleware(broker);
			expect(mw.localEvent).toBeInstanceOf(Function);

			const newHandler = mw.localEvent.call(broker, handler, event);
			expect(newHandler).not.toBe(handler);
		})",snuts
/test/unit/middlewares/tracing.spec.js,IdenticalTestDescription,"{'startLine':1339,'endLine':1403}","it(""should create a span"", async () => {
			const mw = Middleware(broker);
			const newHandler = mw.localEvent.call(broker, handler, event);

			tracer.getCurrentTraceID.mockClear();
			tracer.getActiveSpanID.mockClear();
			ctx.startSpan.mockClear();
			ctx.finishSpan.mockClear();
			fakeSpan.addTags.mockClear();
			fakeSpan.setError.mockClear();
			fakeSpan.finish.mockClear();

			await newHandler(ctx);

			ctx.params.a = 5;

			expect(tracer.getCurrentTraceID).toHaveBeenCalledTimes(0);
			expect(tracer.getActiveSpanID).toHaveBeenCalledTimes(0);

			expect(ctx.startSpan).toHaveBeenCalledTimes(1);
			expect(ctx.startSpan).toHaveBeenCalledWith(""event 'user.created' in 'v1.posts'"", {
				id: ""ctx-id"",
				type: ""event"",
				traceID: ""request-id"",
				parentID: ""parent-id"",
				service: {
					fullName: ""v1.posts"",
					name: ""posts"",
					version: 1
				},
				tags: {
					event: {
						name: ""user.created"",
						group: ""posts""
					},
					eventName: ""user.created"",
					eventType: ""emit"",
					callerNodeID: ""server-2"",
					callingLevel: 3,
					nodeID: ""server-1"",
					remoteCall: true,
					requestID: ""request-id"",

					params: {
						a: 2,
						b: ""John"",
						c: {
							d: 100,
							e: true
						}
					}
				},
				sampled: true
			});

			expect(ctx.span).toBeUndefined();
			expect(ctx.tracing).toBe(true);

			expect(fakeSpan.addTags).toHaveBeenCalledTimes(0);

			expect(ctx.finishSpan).toHaveBeenCalledTimes(1);
			expect(ctx.finishSpan).toHaveBeenCalledWith(fakeSpan);

			expect(fakeSpan.setError).toHaveBeenCalledTimes(0);
		})",snuts
/test/unit/middlewares/tracing.spec.js,IdenticalTestDescription,"{'startLine':1405,'endLine':1484}","it(""should create a span with context tags & without service"", async () => {
			event.tracing = {
				spanName: ""static text"",
				tags: {
					params: [""a"", ""c""],
					meta: [""user.name""]
				}
			};

			ctx.service = null;
			ctx.nodeID = ""server-1"";

			tracer.getCurrentTraceID = jest.fn(() => ""tracer-trace-id"");
			tracer.getActiveSpanID = jest.fn(() => ""tracer-span-id"");

			const mw = Middleware(broker);
			const newHandler = mw.localEvent.call(broker, handler, event);

			ctx.startSpan.mockClear();
			ctx.finishSpan.mockClear();
			fakeSpan.addTags.mockClear();
			fakeSpan.setError.mockClear();
			fakeSpan.finish.mockClear();

			await newHandler(ctx);

			expect(tracer.getCurrentTraceID).toHaveBeenCalledTimes(0);
			expect(tracer.getActiveSpanID).toHaveBeenCalledTimes(0);

			expect(ctx.startSpan).toHaveBeenCalledTimes(1);
			expect(ctx.startSpan).toHaveBeenCalledWith(""static text"", {
				id: ""ctx-id"",
				type: ""event"",
				traceID: ""request-id"",
				parentID: ""parent-id"",
				service: {
					fullName: ""v1.posts"",
					name: ""posts"",
					version: 1
				},
				tags: {
					event: {
						name: ""user.created"",
						group: ""posts""
					},
					eventName: ""user.created"",
					eventType: ""emit"",
					callerNodeID: ""server-1"",
					callingLevel: 3,
					nodeID: ""server-1"",
					remoteCall: false,
					requestID: ""request-id"",

					params: {
						a: 5,
						c: {
							d: 100,
							e: true
						}
					},

					meta: {
						user: {
							name: ""Adam""
						}
					}
				},
				sampled: true
			});

			expect(ctx.span).toBeUndefined();
			expect(ctx.tracing).toBe(true);

			expect(fakeSpan.addTags).toHaveBeenCalledTimes(0);

			expect(ctx.finishSpan).toHaveBeenCalledTimes(1);
			expect(ctx.finishSpan).toHaveBeenCalledWith(fakeSpan);

			expect(fakeSpan.setError).toHaveBeenCalledTimes(0);
		})",snuts
/test/unit/middlewares/tracing.spec.js,IdenticalTestDescription,"{'startLine':1486,'endLine':1559}","it(""should create a span with cloned params & meta"", async () => {
			event.tracing = {
				spanName: ctx => `The ${ctx.eventName} triggered`,
				tags: {
					params: true,
					meta: true
				}
			};

			const mw = Middleware(broker);
			const newHandler = mw.localEvent.call(broker, handler, event);

			ctx.startSpan.mockClear();
			ctx.finishSpan.mockClear();
			fakeSpan.addTags.mockClear();
			fakeSpan.setError.mockClear();
			fakeSpan.finish.mockClear();

			await newHandler(ctx);

			// eslint-disable-next-line
			ctx.params.a = 10;
			// eslint-disable-next-line
			ctx.meta.user.age = 35;

			expect(ctx.startSpan).toHaveBeenCalledTimes(1);
			expect(ctx.startSpan).toHaveBeenCalledWith(""The user.created triggered"", {
				id: ""ctx-id"",
				type: ""event"",
				traceID: ""request-id"",
				parentID: ""parent-id"",
				service: {
					fullName: ""v1.posts"",
					name: ""posts"",
					version: 1
				},
				tags: {
					event: {
						name: ""user.created"",
						group: ""posts""
					},
					eventName: ""user.created"",
					eventType: ""emit"",
					callerNodeID: ""server-1"",
					callingLevel: 3,
					nodeID: ""server-1"",
					remoteCall: false,
					requestID: ""request-id"",

					meta: {
						user: {
							age: 35,
							name: ""Adam""
						}
					},
					params: {
						a: 5,
						b: ""John"",
						c: {
							d: 100,
							e: true
						}
					}
				},
				sampled: true
			});

			expect(fakeSpan.addTags).toHaveBeenCalledTimes(0);

			expect(ctx.finishSpan).toHaveBeenCalledTimes(1);
			expect(ctx.finishSpan).toHaveBeenCalledWith(fakeSpan);

			expect(fakeSpan.setError).toHaveBeenCalledTimes(0);
		})",snuts
/test/unit/middlewares/tracing.spec.js,IdenticalTestDescription,"{'startLine':1615,'endLine':1688}","it(""should create a span without params, meta & response"", async () => {
			event.tracing = {
				tags: jest.fn((ctx, response) => ({
					custom: {
						params: ctx.params,
						meta: ctx.meta,
						response
					}
				}))
			};

			const mw = Middleware(broker);
			const newHandler = mw.localEvent.call(broker, handler, event);

			ctx.startSpan.mockClear();
			ctx.finishSpan.mockClear();
			fakeSpan.addTags.mockClear();
			fakeSpan.setError.mockClear();
			fakeSpan.finish.mockClear();

			await newHandler(ctx);

			expect(ctx.startSpan).toHaveBeenCalledTimes(1);
			expect(ctx.startSpan).toHaveBeenCalledWith(""event 'user.created' in 'v1.posts'"", {
				id: ""ctx-id"",
				type: ""event"",
				traceID: ""request-id"",
				parentID: ""parent-id"",
				service: {
					fullName: ""v1.posts"",
					name: ""posts"",
					version: 1
				},
				tags: {
					event: {
						name: ""user.created"",
						group: ""posts""
					},
					eventName: ""user.created"",
					eventType: ""emit"",
					callerNodeID: ""server-1"",
					callingLevel: 3,
					nodeID: ""server-1"",
					remoteCall: false,
					requestID: ""request-id"",

					custom: {
						meta: {
							user: {
								age: 35,
								name: ""Adam""
							}
						},
						params: {
							a: 10,
							b: ""John"",
							c: {
								d: 100,
								e: true
							}
						},
						response: undefined
					}
				},
				sampled: true
			});

			expect(fakeSpan.addTags).toHaveBeenCalledTimes(0);

			expect(ctx.finishSpan).toHaveBeenCalledTimes(1);
			expect(ctx.finishSpan).toHaveBeenCalledWith(fakeSpan);

			expect(fakeSpan.setError).toHaveBeenCalledTimes(0);
		})",snuts
/test/unit/middlewares/tracing.spec.js,IdenticalTestDescription,"{'startLine':1690,'endLine':1792}","it(""should create a span with custom tags function & error"", () => {
			const error = new MoleculerError(""Something happened"", 456, ""SOMETHING"", {
				some: ""thing""
			});
			event.handler = jest.fn(() => Promise.reject(error));
			event.tracing = {
				tags: jest.fn(ctx => ({
					custom: {
						params: ctx.params,
						meta: ctx.meta
					}
				}))
			};

			fakeSpan.sampled = false;

			ctx.requestID = null;
			ctx.parentID = null;

			tracer.getCurrentTraceID = jest.fn(() => ""tracer-trace-id"");
			tracer.getActiveSpanID = jest.fn(() => ""tracer-span-id"");

			const mw = Middleware(broker);
			const newHandler = mw.localEvent.call(broker, event.handler, event);

			ctx.startSpan.mockClear();
			ctx.finishSpan.mockClear();
			fakeSpan.addTags.mockClear();
			fakeSpan.setError.mockClear();
			fakeSpan.finish.mockClear();

			return newHandler(ctx)
				.then(protectReject)
				.catch(err => {
					expect(err).toBe(error);

					expect(event.handler).toHaveBeenCalledTimes(1);

					expect(event.tracing.tags).toHaveBeenCalledTimes(1);
					expect(event.tracing.tags).toHaveBeenCalledWith(ctx);

					expect(tracer.getCurrentTraceID).toHaveBeenCalledTimes(1);
					expect(tracer.getActiveSpanID).toHaveBeenCalledTimes(1);

					expect(ctx.startSpan).toHaveBeenCalledTimes(1);
					expect(ctx.startSpan).toHaveBeenCalledWith(
						""event 'user.created' in 'v1.posts'"",
						{
							id: ""ctx-id"",
							type: ""event"",
							traceID: ""tracer-trace-id"",
							parentID: ""tracer-span-id"",
							service: {
								fullName: ""v1.posts"",
								name: ""posts"",
								version: 1
							},
							tags: {
								event: {
									name: ""user.created"",
									group: ""posts""
								},
								eventName: ""user.created"",
								eventType: ""emit"",
								callerNodeID: ""server-1"",
								callingLevel: 3,
								nodeID: ""server-1"",
								remoteCall: false,
								requestID: ""tracer-trace-id"",

								custom: {
									meta: {
										user: {
											age: 35,
											name: ""Adam""
										}
									},
									params: {
										a: 10,
										b: ""John"",
										c: {
											d: 100,
											e: true
										}
									}
								}
							},
							sampled: true
						}
					);

					expect(ctx.span).toBeUndefined();
					expect(ctx.tracing).toBe(false);

					expect(fakeSpan.addTags).toHaveBeenCalledTimes(0);

					expect(ctx.finishSpan).toHaveBeenCalledTimes(1);
					expect(ctx.finishSpan).toHaveBeenCalledWith(fakeSpan);

					expect(fakeSpan.setError).toHaveBeenCalledTimes(1);
					expect(fakeSpan.setError).toHaveBeenCalledWith(err);
				});
		})",snuts
/test/unit/middlewares/tracing.spec.js,IdenticalTestDescription,"{'startLine':1850,'endLine':1926}","it(""should create a span with cyclic-object params"", async () => {
			event.tracing = {
				safetyTags: true,
				tags: {
					params: true
				}
			};

			const mw = Middleware(broker);
			const newHandler = mw.localEvent.call(broker, handler, event);

			ctx.startSpan.mockClear();
			ctx.finishSpan.mockClear();
			fakeSpan.addTags.mockClear();
			fakeSpan.setError.mockClear();
			fakeSpan.finish.mockClear();

			const nasty = {
				evil: true
			};

			ctx.params = {
				a: 5,
				b: ""John"",
				c: nasty
			};

			nasty.devil = ctx.params; // Cyclic reference

			await newHandler(ctx);

			expect(ctx.startSpan).toHaveBeenCalledTimes(1);
			expect(ctx.startSpan).toHaveBeenCalledWith(""event 'user.created' in 'v1.posts'"", {
				id: ""ctx-id"",
				type: ""event"",
				traceID: ""tracer-trace-id"",
				parentID: ""tracer-span-id"",
				service: {
					fullName: ""v1.posts"",
					name: ""posts"",
					version: 1
				},
				tags: {
					event: {
						name: ""user.created"",
						group: ""posts""
					},
					eventName: ""user.created"",
					eventType: ""emit"",
					callerNodeID: ""server-1"",
					callingLevel: 3,
					nodeID: ""server-1"",
					remoteCall: false,
					requestID: ""tracer-trace-id"",

					params: {
						a: 5,
						b: ""John"",
						c: {
							evil: true,
							devil: {
								a: 5,
								b: ""John""
							}
						}
					}
				},
				sampled: false
			});

			expect(fakeSpan.addTags).toHaveBeenCalledTimes(0);

			expect(ctx.finishSpan).toHaveBeenCalledTimes(1);
			expect(ctx.finishSpan).toHaveBeenCalledWith(fakeSpan);

			expect(fakeSpan.setError).toHaveBeenCalledTimes(0);
		})",snuts
/test/unit/middlewares/tracing.spec.js,NonFunctionalStatement,"{'startLine':788,'endLine':788}","it(""should create a span with local custom tags function even if global custom tags are specified"", async () => {
				const brokerOptions = {
					tracing: {
						enabled: true,
						tags: {
							action: jest.fn((ctx, response) => {})
						}
					}
				};
				const broker = new ServiceBroker({
					nodeID: ""server-1"",
					logger: false,
					...brokerOptions
				});
				const tracer = broker.tracer;
				tracer.getCurrentTraceID = jest.fn();
				tracer.getActiveSpanID = jest.fn();
				action.tracing = {
					tags: jest.fn((ctx, response) => ({
						custom: {
							params: ctx.params,
							meta: ctx.meta,
							response
						}
					}))
				};

				ctx.parentID = null;

				tracer.getCurrentTraceID = jest.fn(() => ""tracer-trace-id"");
				tracer.getActiveSpanID = jest.fn(() => ""tracer-span-id"");

				const mw = Middleware(broker);
				const newHandler = mw.localAction.call(broker, action.handler, action);

				await newHandler(ctx);
				expect(action.handler).toHaveBeenCalledTimes(1);

				// params/meta and response
				expect(action.tracing.tags).toHaveBeenCalledTimes(2);
				expect(action.tracing.tags).toHaveBeenCalledWith(ctx);

				expect(tracer.getActiveSpanID).toHaveBeenCalledTimes(1);

				expect(ctx.startSpan).toHaveBeenCalledTimes(1);
				expect(ctx.startSpan).toHaveBeenCalledWith(""action 'posts.find'"", {
					id: ""ctx-id"",
					parentID: ""tracer-span-id"",
					sampled: true,
					service: null,
					tags: {
						action: {
							name: ""posts.find"",
							rawName: ""find""
						},
						callerNodeID: ""server-1"",
						callingLevel: 3,
						custom: {
							meta: {
								user: { age: 30, name: ""Adam"" }
							},
							params: {
								a: 2,
								b: ""John"",
								c: {
									d: 100,
									e: true
								}
							},
							response: undefined
						},
						nodeID: ""server-1"",
						options: {
							retries: 3,
							timeout: 5
						},
						requestID: ""request-id"",
						remoteCall: false
					},
					traceID: ""request-id"",
					type: ""action""
				});

				expect(fakeSpan.addTags).toHaveBeenCalledTimes(1);

				expect(ctx.finishSpan).toHaveBeenCalledTimes(1);
				expect(ctx.finishSpan).toHaveBeenCalledWith(fakeSpan);
				expect(brokerOptions.tracing.tags.action).toHaveBeenCalledTimes(0);
			})",snuts
/test/unit/middlewares/tracing.spec.js,NonFunctionalStatement,"{'startLine':1973,'endLine':1973}","it(""should create a span with local custom tags function even if global custom event tags are specified"", async () => {
				const brokerOptions = {
					tracing: {
						enabled: true,
						events: true,
						tags: {
							event: jest.fn((ctx, response) => {})
						}
					}
				};
				const broker = new ServiceBroker({
					nodeID: ""server-1"",
					logger: false,
					...brokerOptions
				});
				const tracer = broker.tracer;
				tracer.getCurrentTraceID = jest.fn();
				tracer.getActiveSpanID = jest.fn();
				event.tracing = {
					tags: jest.fn((ctx, response) => ({
						custom: {
							params: ctx.params,
							meta: ctx.meta,
							response
						}
					}))
				};

				ctx.parentID = null;

				tracer.getCurrentTraceID = jest.fn(() => ""tracer-trace-id"");
				tracer.getActiveSpanID = jest.fn(() => ""tracer-span-id"");

				const mw = Middleware(broker);
				const newHandler = mw.localEvent.call(broker, event.handler, event);

				await newHandler(ctx);
				expect(event.handler).toHaveBeenCalledTimes(1);

				expect(event.tracing.tags).toHaveBeenCalledTimes(1);
				expect(event.tracing.tags).toHaveBeenCalledWith(ctx);

				expect(tracer.getActiveSpanID).toHaveBeenCalledTimes(1);

				expect(ctx.startSpan).toHaveBeenCalledTimes(1);
				expect(ctx.startSpan).toHaveBeenCalledWith(""event 'user.created' in 'v1.posts'"", {
					id: ""ctx-id"",
					parentID: ""tracer-span-id"",
					sampled: true,
					service: {
						fullName: ""v1.posts"",
						name: ""posts"",
						version: 1
					},
					tags: {
						event: {
							group: ""posts"",
							name: ""user.created""
						},
						callerNodeID: ""server-1"",
						callingLevel: 3,
						custom: {
							meta: {
								user: { age: 30, name: ""Adam"" }
							},
							params: {
								a: 2,
								b: ""John"",
								c: {
									d: 100,
									e: true
								}
							}
						},
						eventName: ""user.created"",
						eventType: ""emit"",
						nodeID: ""server-1"",
						remoteCall: false,
						requestID: ""request-id""
					},
					traceID: ""request-id"",
					type: ""event""
				});

				expect(ctx.tracing).toBe(true);

				expect(ctx.finishSpan).toHaveBeenCalledTimes(1);
				expect(ctx.finishSpan).toHaveBeenCalledWith(fakeSpan);
				expect(brokerOptions.tracing.tags.event).toHaveBeenCalledTimes(0);
			})",snuts
/test/unit/middlewares/tracing.spec.js,VerboseStatement,"{'startLine':140,'endLine':206}","it(""should create a span"", async () => {
			const mw = Middleware(broker);
			const newHandler = mw.localAction.call(broker, handler, action);

			tracer.getCurrentTraceID.mockClear();
			tracer.getActiveSpanID.mockClear();
			ctx.startSpan.mockClear();
			fakeSpan.addTags.mockClear();
			fakeSpan.setError.mockClear();
			fakeSpan.finish.mockClear();

			const res = await newHandler(ctx);

			expect(res).toBe(result);

			ctx.params.a = 5;

			expect(tracer.getCurrentTraceID).toHaveBeenCalledTimes(0);
			expect(tracer.getActiveSpanID).toHaveBeenCalledTimes(0);

			expect(ctx.startSpan).toHaveBeenCalledTimes(1);
			expect(ctx.startSpan).toHaveBeenCalledWith(""action 'posts.find'"", {
				id: ""ctx-id"",
				type: ""action"",
				traceID: ""request-id"",
				parentID: ""parent-id"",
				service: {
					fullName: ""v1.posts"",
					name: ""posts"",
					version: 1
				},
				tags: {
					action: {
						name: ""posts.find"",
						rawName: ""find""
					},
					callerNodeID: ""server-2"",
					callingLevel: 3,
					nodeID: ""server-1"",
					options: {
						retries: 3,
						timeout: 5
					},
					requestID: ""request-id"",
					remoteCall: true,

					params: {
						a: 2,
						b: ""John"",
						c: {
							d: 100,
							e: true
						}
					}
				},
				sampled: true
			});

			expect(ctx.finishSpan).toHaveBeenCalledTimes(1);
			expect(ctx.finishSpan).toHaveBeenCalledWith(fakeSpan);
			expect(ctx.tracing).toBe(true);

			expect(fakeSpan.addTags).toHaveBeenCalledTimes(1);
			expect(fakeSpan.addTags).toHaveBeenCalledWith({ fromCache: false });

			expect(fakeSpan.setError).toHaveBeenCalledTimes(0);
		})",snuts
/test/unit/middlewares/tracing.spec.js,VerboseStatement,"{'startLine':208,'endLine':293}","it(""should create a span with context tags & without service"", async () => {
			action.tracing = {
				spanName: ""static text"",
				tags: {
					params: [""a"", ""c""],
					meta: [""user.name""],
					response: [""id"", ""title""]
				}
			};

			ctx.service = null;
			ctx.nodeID = ""server-1"";

			tracer.getCurrentTraceID = jest.fn(() => ""tracer-trace-id"");
			tracer.getActiveSpanID = jest.fn(() => ""tracer-span-id"");

			const mw = Middleware(broker);
			const newHandler = mw.localAction.call(broker, handler, action);

			ctx.startSpan.mockClear();
			ctx.finishSpan.mockClear();
			fakeSpan.addTags.mockClear();
			fakeSpan.setError.mockClear();
			fakeSpan.finish.mockClear();

			const res = await newHandler(ctx);

			expect(res).toBe(result);

			expect(tracer.getCurrentTraceID).toHaveBeenCalledTimes(0);
			expect(tracer.getActiveSpanID).toHaveBeenCalledTimes(0);

			expect(ctx.startSpan).toHaveBeenCalledTimes(1);
			expect(ctx.startSpan).toHaveBeenCalledWith(""static text"", {
				id: ""ctx-id"",
				type: ""action"",
				traceID: ""request-id"",
				parentID: ""parent-id"",
				service: null,
				tags: {
					action: {
						name: ""posts.find"",
						rawName: ""find""
					},
					callerNodeID: ""server-1"",
					callingLevel: 3,
					nodeID: ""server-1"",
					options: {
						retries: 3,
						timeout: 5
					},
					requestID: ""request-id"",
					remoteCall: false,

					params: {
						a: 5,
						c: {
							d: 100,
							e: true
						}
					},

					meta: {
						user: {
							name: ""Adam""
						}
					}
				},
				sampled: true
			});

			expect(ctx.finishSpan).toHaveBeenCalledTimes(1);
			expect(ctx.finishSpan).toHaveBeenCalledWith(fakeSpan);
			expect(ctx.tracing).toBe(true);

			expect(fakeSpan.addTags).toHaveBeenCalledTimes(1);
			expect(fakeSpan.addTags).toHaveBeenCalledWith({
				fromCache: false,
				response: {
					id: ""post-id"",
					title: ""Post title""
				}
			});

			expect(fakeSpan.setError).toHaveBeenCalledTimes(0);
		})",snuts
/test/unit/middlewares/tracing.spec.js,VerboseStatement,"{'startLine':295,'endLine':369}","it(""should create a span with cloned params & meta"", async () => {
			action.tracing = {
				spanName: ctx => `The ${ctx.action.name} action called`,
				tags: {
					params: true,
					meta: true,
					response: true
				}
			};

			const mw = Middleware(broker);
			const newHandler = mw.localAction.call(broker, handler, action);

			ctx.startSpan.mockClear();
			ctx.finishSpan.mockClear();
			fakeSpan.addTags.mockClear();
			fakeSpan.setError.mockClear();
			fakeSpan.finish.mockClear();

			await newHandler(ctx);

			ctx.params.a = 10;
			ctx.meta.user.age = 35;

			expect(ctx.startSpan).toHaveBeenCalledTimes(1);
			expect(ctx.startSpan).toHaveBeenCalledWith(""The posts.find action called"", {
				id: ""ctx-id"",
				type: ""action"",
				traceID: ""request-id"",
				parentID: ""parent-id"",
				service: null,
				tags: {
					action: {
						name: ""posts.find"",
						rawName: ""find""
					},
					callerNodeID: ""server-1"",
					callingLevel: 3,
					nodeID: ""server-1"",
					options: {
						retries: 3,
						timeout: 5
					},
					requestID: ""request-id"",
					remoteCall: false,

					meta: {
						user: {
							age: 35,
							name: ""Adam""
						}
					},
					params: {
						a: 5,
						b: ""John"",
						c: {
							d: 100,
							e: true
						}
					}
				},
				sampled: true
			});

			expect(fakeSpan.addTags).toHaveBeenCalledTimes(1);
			expect(fakeSpan.addTags).toHaveBeenCalledWith({
				fromCache: false,
				response: result
			});

			expect(ctx.finishSpan).toHaveBeenCalledTimes(1);
			expect(ctx.finishSpan).toHaveBeenCalledWith(fakeSpan);

			expect(fakeSpan.setError).toHaveBeenCalledTimes(0);
		})",snuts
/test/unit/middlewares/tracing.spec.js,VerboseStatement,"{'startLine':371,'endLine':425}","it(""should create a span without params, meta & response"", async () => {
			action.tracing = {
				tags: {
					params: false,
					meta: false,
					response: false
				}
			};

			const mw = Middleware(broker);
			const newHandler = mw.localAction.call(broker, handler, action);

			ctx.startSpan.mockClear();
			ctx.finishSpan.mockClear();
			fakeSpan.addTags.mockClear();
			fakeSpan.setError.mockClear();
			fakeSpan.finish.mockClear();

			await newHandler(ctx);

			expect(ctx.startSpan).toHaveBeenCalledTimes(1);
			expect(ctx.startSpan).toHaveBeenCalledWith(""action 'posts.find'"", {
				id: ""ctx-id"",
				type: ""action"",
				traceID: ""request-id"",
				parentID: ""parent-id"",
				service: null,
				tags: {
					action: {
						name: ""posts.find"",
						rawName: ""find""
					},
					callerNodeID: ""server-1"",
					callingLevel: 3,
					nodeID: ""server-1"",
					options: {
						retries: 3,
						timeout: 5
					},
					requestID: ""request-id"",
					remoteCall: false
				},
				sampled: true
			});

			expect(fakeSpan.addTags).toHaveBeenCalledTimes(1);
			expect(fakeSpan.addTags).toHaveBeenCalledWith({
				fromCache: false
			});

			expect(ctx.finishSpan).toHaveBeenCalledTimes(1);
			expect(ctx.finishSpan).toHaveBeenCalledWith(fakeSpan);

			expect(fakeSpan.setError).toHaveBeenCalledTimes(0);
		})",snuts
/test/unit/middlewares/tracing.spec.js,VerboseStatement,"{'startLine':427,'endLine':521}","it(""should create a span without params, meta & response"", async () => {
			action.tracing = {
				tags: jest.fn((ctx, response) => ({
					custom: {
						params: ctx.params,
						meta: ctx.meta,
						response
					}
				}))
			};

			const mw = Middleware(broker);
			const newHandler = mw.localAction.call(broker, handler, action);

			ctx.startSpan.mockClear();
			ctx.finishSpan.mockClear();
			fakeSpan.addTags.mockClear();
			fakeSpan.setError.mockClear();
			fakeSpan.finish.mockClear();

			await newHandler(ctx);

			expect(ctx.startSpan).toHaveBeenCalledTimes(1);
			expect(ctx.startSpan).toHaveBeenCalledWith(""action 'posts.find'"", {
				id: ""ctx-id"",
				type: ""action"",
				traceID: ""request-id"",
				parentID: ""parent-id"",
				service: null,
				tags: {
					action: {
						name: ""posts.find"",
						rawName: ""find""
					},
					callerNodeID: ""server-1"",
					callingLevel: 3,
					nodeID: ""server-1"",
					options: {
						retries: 3,
						timeout: 5
					},
					requestID: ""request-id"",
					remoteCall: false,
					custom: {
						meta: {
							user: {
								age: 35,
								name: ""Adam""
							}
						},
						params: {
							a: 10,
							b: ""John"",
							c: {
								d: 100,
								e: true
							}
						},
						response: undefined
					}
				},
				sampled: true
			});

			expect(fakeSpan.addTags).toHaveBeenCalledTimes(1);
			expect(fakeSpan.addTags).toHaveBeenCalledWith({
				fromCache: false,
				custom: {
					meta: {
						user: {
							age: 35,
							name: ""Adam""
						}
					},
					params: {
						a: 10,
						b: ""John"",
						c: {
							d: 100,
							e: true
						}
					},
					response: {
						id: ""post-id"",
						title: ""Post title"",
						content: ""Post content""
					}
				}
			});

			expect(ctx.finishSpan).toHaveBeenCalledTimes(1);
			expect(ctx.finishSpan).toHaveBeenCalledWith(fakeSpan);

			expect(fakeSpan.setError).toHaveBeenCalledTimes(0);
		})",snuts
/test/unit/middlewares/tracing.spec.js,VerboseStatement,"{'startLine':523,'endLine':620}","it(""should create a span with custom tags function & error"", () => {
			const error = new MoleculerError(""Something happened"", 456, ""SOMETHING"", {
				some: ""thing""
			});
			action.handler = jest.fn(() => Promise.reject(error));
			action.tracing = {
				tags: jest.fn((ctx, response) => ({
					custom: {
						params: ctx.params,
						meta: ctx.meta,
						response
					}
				}))
			};

			fakeSpan.sampled = false;

			ctx.requestID = null;
			ctx.parentID = null;

			tracer.getCurrentTraceID = jest.fn(() => ""tracer-trace-id"");
			tracer.getActiveSpanID = jest.fn(() => ""tracer-span-id"");

			const mw = Middleware(broker);
			const newHandler = mw.localAction.call(broker, action.handler, action);

			ctx.startSpan.mockClear();
			ctx.finishSpan.mockClear();
			fakeSpan.addTags.mockClear();
			fakeSpan.setError.mockClear();
			fakeSpan.finish.mockClear();

			return newHandler(ctx)
				.then(protectReject)
				.catch(err => {
					expect(err).toBe(error);

					expect(action.handler).toHaveBeenCalledTimes(1);

					expect(action.tracing.tags).toHaveBeenCalledTimes(1);
					expect(action.tracing.tags).toHaveBeenCalledWith(ctx);

					expect(tracer.getCurrentTraceID).toHaveBeenCalledTimes(1);
					expect(tracer.getActiveSpanID).toHaveBeenCalledTimes(1);

					expect(ctx.startSpan).toHaveBeenCalledTimes(1);
					expect(ctx.startSpan).toHaveBeenCalledWith(""action 'posts.find'"", {
						id: ""ctx-id"",
						type: ""action"",
						traceID: ""tracer-trace-id"",
						parentID: ""tracer-span-id"",
						service: null,
						tags: {
							action: {
								name: ""posts.find"",
								rawName: ""find""
							},
							callerNodeID: ""server-1"",
							callingLevel: 3,
							nodeID: ""server-1"",
							options: {
								retries: 3,
								timeout: 5
							},
							requestID: ""tracer-trace-id"",
							remoteCall: false,

							custom: {
								meta: {
									user: {
										age: 35,
										name: ""Adam""
									}
								},
								params: {
									a: 10,
									b: ""John"",
									c: {
										d: 100,
										e: true
									}
								}
							}
						},
						sampled: true
					});

					expect(ctx.tracing).toBe(false);

					expect(fakeSpan.addTags).toHaveBeenCalledTimes(0);

					expect(ctx.finishSpan).toHaveBeenCalledTimes(1);
					expect(ctx.finishSpan).toHaveBeenCalledWith(fakeSpan);

					expect(fakeSpan.setError).toHaveBeenCalledTimes(1);
					expect(fakeSpan.setError).toHaveBeenCalledWith(err);
				});
		})",snuts
/test/unit/middlewares/tracing.spec.js,VerboseStatement,"{'startLine':622,'endLine':677}","it(""should create a span with non-object params & response"", async () => {
			action.tracing = {
				tags: {
					params: true,
					response: true
				}
			};

			const mw = Middleware(broker);
			const newHandler = mw.localAction.call(broker, handler, action);

			ctx.startSpan.mockClear();
			ctx.finishSpan.mockClear();
			fakeSpan.addTags.mockClear();
			fakeSpan.setError.mockClear();
			fakeSpan.finish.mockClear();

			ctx.params = ""Moleculer"";

			await newHandler(ctx);

			expect(ctx.startSpan).toHaveBeenCalledTimes(1);
			expect(ctx.startSpan).toHaveBeenCalledWith(""action 'posts.find'"", {
				id: ""ctx-id"",
				type: ""action"",
				traceID: ""tracer-trace-id"",
				parentID: ""tracer-span-id"",
				service: null,
				tags: {
					action: {
						name: ""posts.find"",
						rawName: ""find""
					},
					callerNodeID: ""server-1"",
					callingLevel: 3,
					nodeID: ""server-1"",
					options: {
						retries: 3,
						timeout: 5
					},
					requestID: ""tracer-trace-id"",
					remoteCall: false,

					params: ""Moleculer""
				},
				sampled: false
			});

			expect(fakeSpan.addTags).toHaveBeenCalledTimes(1);
			expect(fakeSpan.addTags).toHaveBeenCalledWith({
				fromCache: false,
				response: result
			});

			expect(ctx.finishSpan).toHaveBeenCalledTimes(1);
		})",snuts
/test/unit/middlewares/tracing.spec.js,VerboseStatement,"{'startLine':679,'endLine':748}","it(""should create a span with cyclic-object params"", async () => {
			action.tracing = {
				safetyTags: true,
				tags: {
					params: true
				}
			};

			const mw = Middleware(broker);
			const newHandler = mw.localAction.call(broker, handler, action);

			ctx.startSpan.mockClear();
			ctx.finishSpan.mockClear();
			fakeSpan.addTags.mockClear();
			fakeSpan.setError.mockClear();
			fakeSpan.finish.mockClear();

			const nasty = {
				evil: true
			};

			ctx.params = {
				a: 5,
				b: ""John"",
				c: nasty
			};

			nasty.devil = ctx.params; // Cyclic reference

			await newHandler(ctx);

			expect(ctx.startSpan).toHaveBeenCalledTimes(1);
			expect(ctx.startSpan).toHaveBeenCalledWith(""action 'posts.find'"", {
				id: ""ctx-id"",
				type: ""action"",
				traceID: ""tracer-trace-id"",
				parentID: ""tracer-span-id"",
				service: null,
				tags: {
					action: {
						name: ""posts.find"",
						rawName: ""find""
					},
					callerNodeID: ""server-1"",
					callingLevel: 3,
					nodeID: ""server-1"",
					options: {
						retries: 3,
						timeout: 5
					},
					requestID: ""tracer-trace-id"",
					remoteCall: false,

					params: {
						a: 5,
						b: ""John"",
						c: {
							evil: true,
							devil: {
								a: 5,
								b: ""John""
							}
						}
					}
				},
				sampled: false
			});

			expect(ctx.finishSpan).toHaveBeenCalledTimes(1);
		})",snuts
/test/unit/middlewares/tracing.spec.js,VerboseStatement,"{'startLine':783,'endLine':871}","it(""should create a span with local custom tags function even if global custom tags are specified"", async () => {
				const brokerOptions = {
					tracing: {
						enabled: true,
						tags: {
							action: jest.fn((ctx, response) => {})
						}
					}
				};
				const broker = new ServiceBroker({
					nodeID: ""server-1"",
					logger: false,
					...brokerOptions
				});
				const tracer = broker.tracer;
				tracer.getCurrentTraceID = jest.fn();
				tracer.getActiveSpanID = jest.fn();
				action.tracing = {
					tags: jest.fn((ctx, response) => ({
						custom: {
							params: ctx.params,
							meta: ctx.meta,
							response
						}
					}))
				};

				ctx.parentID = null;

				tracer.getCurrentTraceID = jest.fn(() => ""tracer-trace-id"");
				tracer.getActiveSpanID = jest.fn(() => ""tracer-span-id"");

				const mw = Middleware(broker);
				const newHandler = mw.localAction.call(broker, action.handler, action);

				await newHandler(ctx);
				expect(action.handler).toHaveBeenCalledTimes(1);

				// params/meta and response
				expect(action.tracing.tags).toHaveBeenCalledTimes(2);
				expect(action.tracing.tags).toHaveBeenCalledWith(ctx);

				expect(tracer.getActiveSpanID).toHaveBeenCalledTimes(1);

				expect(ctx.startSpan).toHaveBeenCalledTimes(1);
				expect(ctx.startSpan).toHaveBeenCalledWith(""action 'posts.find'"", {
					id: ""ctx-id"",
					parentID: ""tracer-span-id"",
					sampled: true,
					service: null,
					tags: {
						action: {
							name: ""posts.find"",
							rawName: ""find""
						},
						callerNodeID: ""server-1"",
						callingLevel: 3,
						custom: {
							meta: {
								user: { age: 30, name: ""Adam"" }
							},
							params: {
								a: 2,
								b: ""John"",
								c: {
									d: 100,
									e: true
								}
							},
							response: undefined
						},
						nodeID: ""server-1"",
						options: {
							retries: 3,
							timeout: 5
						},
						requestID: ""request-id"",
						remoteCall: false
					},
					traceID: ""request-id"",
					type: ""action""
				});

				expect(fakeSpan.addTags).toHaveBeenCalledTimes(1);

				expect(ctx.finishSpan).toHaveBeenCalledTimes(1);
				expect(ctx.finishSpan).toHaveBeenCalledWith(fakeSpan);
				expect(brokerOptions.tracing.tags.action).toHaveBeenCalledTimes(0);
			})",snuts
/test/unit/middlewares/tracing.spec.js,VerboseStatement,"{'startLine':873,'endLine':955}","it(""should create a span with global custom tags function if no local action tags are specified"", async () => {
				const brokerOptions = {
					tracing: {
						enabled: true,
						tags: {
							action: jest.fn((ctx, response) => ({
								custom: {
									params: ctx.params,
									meta: ctx.meta,
									response
								}
							}))
						}
					}
				};
				const broker = new ServiceBroker({
					nodeID: ""server-1"",
					logger: false,
					...brokerOptions
				});
				const tracer = broker.tracer;
				tracer.getCurrentTraceID = jest.fn();
				tracer.getActiveSpanID = jest.fn();
				fakeSpan.sampled = false;

				ctx.parentID = null;

				tracer.getCurrentTraceID = jest.fn(() => ""tracer-trace-id"");
				tracer.getActiveSpanID = jest.fn(() => ""tracer-span-id"");

				const mw = Middleware(broker);
				const newHandler = mw.localAction.call(broker, action.handler, action);

				await newHandler(ctx);
				expect(action.handler).toHaveBeenCalledTimes(1);

				expect(tracer.getActiveSpanID).toHaveBeenCalledTimes(1);

				expect(ctx.startSpan).toHaveBeenCalledTimes(1);
				expect(ctx.startSpan).toHaveBeenCalledWith(""action 'posts.find'"", {
					id: ""ctx-id"",
					parentID: ""tracer-span-id"",
					sampled: true,
					service: null,
					tags: {
						action: {
							name: ""posts.find"",
							rawName: ""find""
						},
						callerNodeID: ""server-1"",
						callingLevel: 3,
						custom: {
							meta: {
								user: { age: 30, name: ""Adam"" }
							},
							params: {
								a: 2,
								b: ""John"",
								c: {
									d: 100,
									e: true
								}
							},
							response: undefined
						},
						nodeID: ""server-1"",
						options: {
							retries: 3,
							timeout: 5
						},
						requestID: ""request-id"",
						remoteCall: false
					},
					traceID: ""request-id"",
					type: ""action""
				});
				expect(fakeSpan.addTags).toHaveBeenCalledTimes(1);

				expect(ctx.finishSpan).toHaveBeenCalledTimes(1);
				expect(ctx.finishSpan).toHaveBeenCalledWith(fakeSpan);
				expect(brokerOptions.tracing.tags.action).toHaveBeenCalledTimes(2);
				expect(brokerOptions.tracing.tags.action).toHaveBeenCalledWith(ctx);
			})",snuts
/test/unit/middlewares/tracing.spec.js,VerboseStatement,"{'startLine':957,'endLine':1020}","it(""should default to params tags if no local or global action tags are specified"", async () => {
				const brokerOptions = {};
				const broker = new ServiceBroker({
					nodeID: ""server-1"",
					logger: false,
					tracing: true,
					...brokerOptions
				});
				const tracer = broker.tracer;
				tracer.getCurrentTraceID = jest.fn();
				tracer.getActiveSpanID = jest.fn();
				fakeSpan.sampled = false;

				ctx.parentID = null;

				tracer.getCurrentTraceID = jest.fn(() => ""tracer-trace-id"");
				tracer.getActiveSpanID = jest.fn(() => ""tracer-span-id"");

				const mw = Middleware(broker);
				const newHandler = mw.localAction.call(broker, action.handler, action);

				await newHandler(ctx);
				expect(action.handler).toHaveBeenCalledTimes(1);

				expect(tracer.getActiveSpanID).toHaveBeenCalledTimes(1);

				expect(ctx.startSpan).toHaveBeenCalledTimes(1);
				expect(ctx.startSpan).toHaveBeenCalledWith(""action 'posts.find'"", {
					id: ""ctx-id"",
					parentID: ""tracer-span-id"",
					sampled: true,
					service: null,
					tags: {
						action: {
							name: ""posts.find"",
							rawName: ""find""
						},
						callerNodeID: ""server-1"",
						callingLevel: 3,
						params: {
							a: 2,
							b: ""John"",
							c: {
								d: 100,
								e: true
							}
						},
						nodeID: ""server-1"",
						options: {
							retries: 3,
							timeout: 5
						},
						requestID: ""request-id"",
						remoteCall: false
					},
					traceID: ""request-id"",
					type: ""action""
				});

				expect(fakeSpan.addTags).toHaveBeenCalledTimes(1);

				expect(ctx.finishSpan).toHaveBeenCalledTimes(1);
				expect(ctx.finishSpan).toHaveBeenCalledWith(fakeSpan);
			})",snuts
/test/unit/middlewares/tracing.spec.js,VerboseStatement,"{'startLine':1022,'endLine':1105}","it(""should merge global action tags with the default params tag"", async () => {
				const brokerOptions = {
					tracing: {
						enabled: true,
						tags: {
							action: {
								meta: true,
								response: true
							}
						}
					}
				};
				const broker = new ServiceBroker({
					nodeID: ""server-1"",
					logger: false,
					...brokerOptions
				});
				const tracer = broker.tracer;
				tracer.getCurrentTraceID = jest.fn();
				tracer.getActiveSpanID = jest.fn();
				fakeSpan.sampled = false;

				ctx.parentID = null;

				tracer.getCurrentTraceID = jest.fn(() => ""tracer-trace-id"");
				tracer.getActiveSpanID = jest.fn(() => ""tracer-span-id"");

				const mw = Middleware(broker);
				const newHandler = mw.localAction.call(broker, action.handler, action);

				await newHandler(ctx);
				expect(action.handler).toHaveBeenCalledTimes(1);

				expect(tracer.getActiveSpanID).toHaveBeenCalledTimes(1);

				expect(ctx.startSpan).toHaveBeenCalledTimes(1);
				expect(ctx.startSpan).toHaveBeenCalledWith(""action 'posts.find'"", {
					id: ""ctx-id"",
					parentID: ""tracer-span-id"",
					sampled: true,
					service: null,
					tags: {
						action: {
							name: ""posts.find"",
							rawName: ""find""
						},
						callerNodeID: ""server-1"",
						callingLevel: 3,
						meta: {
							user: { age: 30, name: ""Adam"" }
						},
						params: {
							a: 2,
							b: ""John"",
							c: {
								d: 100,
								e: true
							}
						},
						nodeID: ""server-1"",
						options: {
							retries: 3,
							timeout: 5
						},
						requestID: ""request-id"",
						remoteCall: false
					},
					traceID: ""request-id"",
					type: ""action""
				});

				expect(fakeSpan.addTags).toHaveBeenCalledTimes(1);
				expect(fakeSpan.addTags).toHaveBeenCalledWith({
					fromCache: false,
					response: {
						id: ""post-id"",
						title: ""Post title"",
						content: ""Post content""
					}
				});

				expect(ctx.finishSpan).toHaveBeenCalledTimes(1);
				expect(ctx.finishSpan).toHaveBeenCalledWith(fakeSpan);
			})",snuts
/test/unit/middlewares/tracing.spec.js,VerboseStatement,"{'startLine':1107,'endLine':1192}","it(""should override global action tags with local tags"", async () => {
				const brokerOptions = {
					tracing: {
						enabled: true,
						tags: {
							action: {
								params: false,
								meta: false,
								response: false
							}
						}
					}
				};
				const broker = new ServiceBroker({
					nodeID: ""server-1"",
					logger: false,
					...brokerOptions
				});
				const tracer = broker.tracer;
				tracer.getCurrentTraceID = jest.fn();
				tracer.getActiveSpanID = jest.fn();
				fakeSpan.sampled = false;

				action.tracing = {
					tags: {
						params: [""a""],
						meta: [""user.age""],
						response: [""id""]
					}
				};

				ctx.parentID = null;

				tracer.getCurrentTraceID = jest.fn(() => ""tracer-trace-id"");
				tracer.getActiveSpanID = jest.fn(() => ""tracer-span-id"");

				const mw = Middleware(broker);
				const newHandler = mw.localAction.call(broker, action.handler, action);

				await newHandler(ctx);
				expect(action.handler).toHaveBeenCalledTimes(1);

				expect(tracer.getActiveSpanID).toHaveBeenCalledTimes(1);

				expect(ctx.startSpan).toHaveBeenCalledTimes(1);
				expect(ctx.startSpan).toHaveBeenCalledWith(""action 'posts.find'"", {
					id: ""ctx-id"",
					parentID: ""tracer-span-id"",
					sampled: true,
					service: null,
					tags: {
						action: {
							name: ""posts.find"",
							rawName: ""find""
						},
						callerNodeID: ""server-1"",
						callingLevel: 3,
						meta: {
							user: { age: 30 }
						},
						params: {
							a: 2
						},
						nodeID: ""server-1"",
						options: {
							retries: 3,
							timeout: 5
						},
						requestID: ""request-id"",
						remoteCall: false
					},
					traceID: ""request-id"",
					type: ""action""
				});

				expect(fakeSpan.addTags).toHaveBeenCalledTimes(1);
				expect(fakeSpan.addTags).toHaveBeenCalledWith({
					fromCache: false,
					response: {
						id: ""post-id""
					}
				});

				expect(ctx.finishSpan).toHaveBeenCalledTimes(1);
				expect(ctx.finishSpan).toHaveBeenCalledWith(fakeSpan);
			})",snuts
/test/unit/middlewares/tracing.spec.js,VerboseStatement,"{'startLine':1339,'endLine':1403}","it(""should create a span"", async () => {
			const mw = Middleware(broker);
			const newHandler = mw.localEvent.call(broker, handler, event);

			tracer.getCurrentTraceID.mockClear();
			tracer.getActiveSpanID.mockClear();
			ctx.startSpan.mockClear();
			ctx.finishSpan.mockClear();
			fakeSpan.addTags.mockClear();
			fakeSpan.setError.mockClear();
			fakeSpan.finish.mockClear();

			await newHandler(ctx);

			ctx.params.a = 5;

			expect(tracer.getCurrentTraceID).toHaveBeenCalledTimes(0);
			expect(tracer.getActiveSpanID).toHaveBeenCalledTimes(0);

			expect(ctx.startSpan).toHaveBeenCalledTimes(1);
			expect(ctx.startSpan).toHaveBeenCalledWith(""event 'user.created' in 'v1.posts'"", {
				id: ""ctx-id"",
				type: ""event"",
				traceID: ""request-id"",
				parentID: ""parent-id"",
				service: {
					fullName: ""v1.posts"",
					name: ""posts"",
					version: 1
				},
				tags: {
					event: {
						name: ""user.created"",
						group: ""posts""
					},
					eventName: ""user.created"",
					eventType: ""emit"",
					callerNodeID: ""server-2"",
					callingLevel: 3,
					nodeID: ""server-1"",
					remoteCall: true,
					requestID: ""request-id"",

					params: {
						a: 2,
						b: ""John"",
						c: {
							d: 100,
							e: true
						}
					}
				},
				sampled: true
			});

			expect(ctx.span).toBeUndefined();
			expect(ctx.tracing).toBe(true);

			expect(fakeSpan.addTags).toHaveBeenCalledTimes(0);

			expect(ctx.finishSpan).toHaveBeenCalledTimes(1);
			expect(ctx.finishSpan).toHaveBeenCalledWith(fakeSpan);

			expect(fakeSpan.setError).toHaveBeenCalledTimes(0);
		})",snuts
/test/unit/middlewares/tracing.spec.js,VerboseStatement,"{'startLine':1405,'endLine':1484}","it(""should create a span with context tags & without service"", async () => {
			event.tracing = {
				spanName: ""static text"",
				tags: {
					params: [""a"", ""c""],
					meta: [""user.name""]
				}
			};

			ctx.service = null;
			ctx.nodeID = ""server-1"";

			tracer.getCurrentTraceID = jest.fn(() => ""tracer-trace-id"");
			tracer.getActiveSpanID = jest.fn(() => ""tracer-span-id"");

			const mw = Middleware(broker);
			const newHandler = mw.localEvent.call(broker, handler, event);

			ctx.startSpan.mockClear();
			ctx.finishSpan.mockClear();
			fakeSpan.addTags.mockClear();
			fakeSpan.setError.mockClear();
			fakeSpan.finish.mockClear();

			await newHandler(ctx);

			expect(tracer.getCurrentTraceID).toHaveBeenCalledTimes(0);
			expect(tracer.getActiveSpanID).toHaveBeenCalledTimes(0);

			expect(ctx.startSpan).toHaveBeenCalledTimes(1);
			expect(ctx.startSpan).toHaveBeenCalledWith(""static text"", {
				id: ""ctx-id"",
				type: ""event"",
				traceID: ""request-id"",
				parentID: ""parent-id"",
				service: {
					fullName: ""v1.posts"",
					name: ""posts"",
					version: 1
				},
				tags: {
					event: {
						name: ""user.created"",
						group: ""posts""
					},
					eventName: ""user.created"",
					eventType: ""emit"",
					callerNodeID: ""server-1"",
					callingLevel: 3,
					nodeID: ""server-1"",
					remoteCall: false,
					requestID: ""request-id"",

					params: {
						a: 5,
						c: {
							d: 100,
							e: true
						}
					},

					meta: {
						user: {
							name: ""Adam""
						}
					}
				},
				sampled: true
			});

			expect(ctx.span).toBeUndefined();
			expect(ctx.tracing).toBe(true);

			expect(fakeSpan.addTags).toHaveBeenCalledTimes(0);

			expect(ctx.finishSpan).toHaveBeenCalledTimes(1);
			expect(ctx.finishSpan).toHaveBeenCalledWith(fakeSpan);

			expect(fakeSpan.setError).toHaveBeenCalledTimes(0);
		})",snuts
/test/unit/middlewares/tracing.spec.js,VerboseStatement,"{'startLine':1486,'endLine':1559}","it(""should create a span with cloned params & meta"", async () => {
			event.tracing = {
				spanName: ctx => `The ${ctx.eventName} triggered`,
				tags: {
					params: true,
					meta: true
				}
			};

			const mw = Middleware(broker);
			const newHandler = mw.localEvent.call(broker, handler, event);

			ctx.startSpan.mockClear();
			ctx.finishSpan.mockClear();
			fakeSpan.addTags.mockClear();
			fakeSpan.setError.mockClear();
			fakeSpan.finish.mockClear();

			await newHandler(ctx);

			// eslint-disable-next-line
			ctx.params.a = 10;
			// eslint-disable-next-line
			ctx.meta.user.age = 35;

			expect(ctx.startSpan).toHaveBeenCalledTimes(1);
			expect(ctx.startSpan).toHaveBeenCalledWith(""The user.created triggered"", {
				id: ""ctx-id"",
				type: ""event"",
				traceID: ""request-id"",
				parentID: ""parent-id"",
				service: {
					fullName: ""v1.posts"",
					name: ""posts"",
					version: 1
				},
				tags: {
					event: {
						name: ""user.created"",
						group: ""posts""
					},
					eventName: ""user.created"",
					eventType: ""emit"",
					callerNodeID: ""server-1"",
					callingLevel: 3,
					nodeID: ""server-1"",
					remoteCall: false,
					requestID: ""request-id"",

					meta: {
						user: {
							age: 35,
							name: ""Adam""
						}
					},
					params: {
						a: 5,
						b: ""John"",
						c: {
							d: 100,
							e: true
						}
					}
				},
				sampled: true
			});

			expect(fakeSpan.addTags).toHaveBeenCalledTimes(0);

			expect(ctx.finishSpan).toHaveBeenCalledTimes(1);
			expect(ctx.finishSpan).toHaveBeenCalledWith(fakeSpan);

			expect(fakeSpan.setError).toHaveBeenCalledTimes(0);
		})",snuts
/test/unit/middlewares/tracing.spec.js,VerboseStatement,"{'startLine':1561,'endLine':1613}","it(""should create a span without params, meta"", async () => {
			event.tracing = {
				tags: {
					params: false,
					meta: false
				}
			};

			const mw = Middleware(broker);
			const newHandler = mw.localEvent.call(broker, handler, event);

			ctx.startSpan.mockClear();
			ctx.finishSpan.mockClear();
			fakeSpan.addTags.mockClear();
			fakeSpan.setError.mockClear();
			fakeSpan.finish.mockClear();

			await newHandler(ctx);

			expect(ctx.startSpan).toHaveBeenCalledTimes(1);
			expect(ctx.startSpan).toHaveBeenCalledWith(""event 'user.created' in 'v1.posts'"", {
				id: ""ctx-id"",
				type: ""event"",
				traceID: ""request-id"",
				parentID: ""parent-id"",
				service: {
					fullName: ""v1.posts"",
					name: ""posts"",
					version: 1
				},
				tags: {
					event: {
						name: ""user.created"",
						group: ""posts""
					},
					eventName: ""user.created"",
					eventType: ""emit"",
					callerNodeID: ""server-1"",
					callingLevel: 3,
					nodeID: ""server-1"",
					remoteCall: false,
					requestID: ""request-id""
				},
				sampled: true
			});

			expect(fakeSpan.addTags).toHaveBeenCalledTimes(0);

			expect(ctx.finishSpan).toHaveBeenCalledTimes(1);
			expect(ctx.finishSpan).toHaveBeenCalledWith(fakeSpan);

			expect(fakeSpan.setError).toHaveBeenCalledTimes(0);
		})",snuts
/test/unit/middlewares/tracing.spec.js,VerboseStatement,"{'startLine':1615,'endLine':1688}","it(""should create a span without params, meta & response"", async () => {
			event.tracing = {
				tags: jest.fn((ctx, response) => ({
					custom: {
						params: ctx.params,
						meta: ctx.meta,
						response
					}
				}))
			};

			const mw = Middleware(broker);
			const newHandler = mw.localEvent.call(broker, handler, event);

			ctx.startSpan.mockClear();
			ctx.finishSpan.mockClear();
			fakeSpan.addTags.mockClear();
			fakeSpan.setError.mockClear();
			fakeSpan.finish.mockClear();

			await newHandler(ctx);

			expect(ctx.startSpan).toHaveBeenCalledTimes(1);
			expect(ctx.startSpan).toHaveBeenCalledWith(""event 'user.created' in 'v1.posts'"", {
				id: ""ctx-id"",
				type: ""event"",
				traceID: ""request-id"",
				parentID: ""parent-id"",
				service: {
					fullName: ""v1.posts"",
					name: ""posts"",
					version: 1
				},
				tags: {
					event: {
						name: ""user.created"",
						group: ""posts""
					},
					eventName: ""user.created"",
					eventType: ""emit"",
					callerNodeID: ""server-1"",
					callingLevel: 3,
					nodeID: ""server-1"",
					remoteCall: false,
					requestID: ""request-id"",

					custom: {
						meta: {
							user: {
								age: 35,
								name: ""Adam""
							}
						},
						params: {
							a: 10,
							b: ""John"",
							c: {
								d: 100,
								e: true
							}
						},
						response: undefined
					}
				},
				sampled: true
			});

			expect(fakeSpan.addTags).toHaveBeenCalledTimes(0);

			expect(ctx.finishSpan).toHaveBeenCalledTimes(1);
			expect(ctx.finishSpan).toHaveBeenCalledWith(fakeSpan);

			expect(fakeSpan.setError).toHaveBeenCalledTimes(0);
		})",snuts
/test/unit/middlewares/tracing.spec.js,VerboseStatement,"{'startLine':1690,'endLine':1792}","it(""should create a span with custom tags function & error"", () => {
			const error = new MoleculerError(""Something happened"", 456, ""SOMETHING"", {
				some: ""thing""
			});
			event.handler = jest.fn(() => Promise.reject(error));
			event.tracing = {
				tags: jest.fn(ctx => ({
					custom: {
						params: ctx.params,
						meta: ctx.meta
					}
				}))
			};

			fakeSpan.sampled = false;

			ctx.requestID = null;
			ctx.parentID = null;

			tracer.getCurrentTraceID = jest.fn(() => ""tracer-trace-id"");
			tracer.getActiveSpanID = jest.fn(() => ""tracer-span-id"");

			const mw = Middleware(broker);
			const newHandler = mw.localEvent.call(broker, event.handler, event);

			ctx.startSpan.mockClear();
			ctx.finishSpan.mockClear();
			fakeSpan.addTags.mockClear();
			fakeSpan.setError.mockClear();
			fakeSpan.finish.mockClear();

			return newHandler(ctx)
				.then(protectReject)
				.catch(err => {
					expect(err).toBe(error);

					expect(event.handler).toHaveBeenCalledTimes(1);

					expect(event.tracing.tags).toHaveBeenCalledTimes(1);
					expect(event.tracing.tags).toHaveBeenCalledWith(ctx);

					expect(tracer.getCurrentTraceID).toHaveBeenCalledTimes(1);
					expect(tracer.getActiveSpanID).toHaveBeenCalledTimes(1);

					expect(ctx.startSpan).toHaveBeenCalledTimes(1);
					expect(ctx.startSpan).toHaveBeenCalledWith(
						""event 'user.created' in 'v1.posts'"",
						{
							id: ""ctx-id"",
							type: ""event"",
							traceID: ""tracer-trace-id"",
							parentID: ""tracer-span-id"",
							service: {
								fullName: ""v1.posts"",
								name: ""posts"",
								version: 1
							},
							tags: {
								event: {
									name: ""user.created"",
									group: ""posts""
								},
								eventName: ""user.created"",
								eventType: ""emit"",
								callerNodeID: ""server-1"",
								callingLevel: 3,
								nodeID: ""server-1"",
								remoteCall: false,
								requestID: ""tracer-trace-id"",

								custom: {
									meta: {
										user: {
											age: 35,
											name: ""Adam""
										}
									},
									params: {
										a: 10,
										b: ""John"",
										c: {
											d: 100,
											e: true
										}
									}
								}
							},
							sampled: true
						}
					);

					expect(ctx.span).toBeUndefined();
					expect(ctx.tracing).toBe(false);

					expect(fakeSpan.addTags).toHaveBeenCalledTimes(0);

					expect(ctx.finishSpan).toHaveBeenCalledTimes(1);
					expect(ctx.finishSpan).toHaveBeenCalledWith(fakeSpan);

					expect(fakeSpan.setError).toHaveBeenCalledTimes(1);
					expect(fakeSpan.setError).toHaveBeenCalledWith(err);
				});
		})",snuts
/test/unit/middlewares/tracing.spec.js,VerboseStatement,"{'startLine':1794,'endLine':1849}","it(""should create a span with non-object params"", async () => {
			event.tracing = {
				tags: {
					params: true
				}
			};

			const mw = Middleware(broker);
			const newHandler = mw.localEvent.call(broker, handler, event);

			ctx.startSpan.mockClear();
			ctx.finishSpan.mockClear();
			fakeSpan.addTags.mockClear();
			fakeSpan.setError.mockClear();
			fakeSpan.finish.mockClear();

			ctx.params = ""Moleculer"";

			await newHandler(ctx);

			expect(ctx.startSpan).toHaveBeenCalledTimes(1);
			expect(ctx.startSpan).toHaveBeenCalledWith(""event 'user.created' in 'v1.posts'"", {
				id: ""ctx-id"",
				type: ""event"",
				traceID: ""tracer-trace-id"",
				parentID: ""tracer-span-id"",
				service: {
					fullName: ""v1.posts"",
					name: ""posts"",
					version: 1
				},
				tags: {
					event: {
						name: ""user.created"",
						group: ""posts""
					},
					eventName: ""user.created"",
					eventType: ""emit"",
					callerNodeID: ""server-1"",
					callingLevel: 3,
					nodeID: ""server-1"",
					remoteCall: false,
					requestID: ""tracer-trace-id"",

					params: ""Moleculer""
				},
				sampled: false
			});

			expect(fakeSpan.addTags).toHaveBeenCalledTimes(0);

			expect(ctx.finishSpan).toHaveBeenCalledTimes(1);
			expect(ctx.finishSpan).toHaveBeenCalledWith(fakeSpan);

			expect(fakeSpan.setError).toHaveBeenCalledTimes(0);
		})",snuts
/test/unit/middlewares/tracing.spec.js,VerboseStatement,"{'startLine':1850,'endLine':1926}","it(""should create a span with cyclic-object params"", async () => {
			event.tracing = {
				safetyTags: true,
				tags: {
					params: true
				}
			};

			const mw = Middleware(broker);
			const newHandler = mw.localEvent.call(broker, handler, event);

			ctx.startSpan.mockClear();
			ctx.finishSpan.mockClear();
			fakeSpan.addTags.mockClear();
			fakeSpan.setError.mockClear();
			fakeSpan.finish.mockClear();

			const nasty = {
				evil: true
			};

			ctx.params = {
				a: 5,
				b: ""John"",
				c: nasty
			};

			nasty.devil = ctx.params; // Cyclic reference

			await newHandler(ctx);

			expect(ctx.startSpan).toHaveBeenCalledTimes(1);
			expect(ctx.startSpan).toHaveBeenCalledWith(""event 'user.created' in 'v1.posts'"", {
				id: ""ctx-id"",
				type: ""event"",
				traceID: ""tracer-trace-id"",
				parentID: ""tracer-span-id"",
				service: {
					fullName: ""v1.posts"",
					name: ""posts"",
					version: 1
				},
				tags: {
					event: {
						name: ""user.created"",
						group: ""posts""
					},
					eventName: ""user.created"",
					eventType: ""emit"",
					callerNodeID: ""server-1"",
					callingLevel: 3,
					nodeID: ""server-1"",
					remoteCall: false,
					requestID: ""tracer-trace-id"",

					params: {
						a: 5,
						b: ""John"",
						c: {
							evil: true,
							devil: {
								a: 5,
								b: ""John""
							}
						}
					}
				},
				sampled: false
			});

			expect(fakeSpan.addTags).toHaveBeenCalledTimes(0);

			expect(ctx.finishSpan).toHaveBeenCalledTimes(1);
			expect(ctx.finishSpan).toHaveBeenCalledWith(fakeSpan);

			expect(fakeSpan.setError).toHaveBeenCalledTimes(0);
		})",snuts
/test/unit/middlewares/tracing.spec.js,VerboseStatement,"{'startLine':1967,'endLine':2056}","it(""should create a span with local custom tags function even if global custom event tags are specified"", async () => {
				const brokerOptions = {
					tracing: {
						enabled: true,
						events: true,
						tags: {
							event: jest.fn((ctx, response) => {})
						}
					}
				};
				const broker = new ServiceBroker({
					nodeID: ""server-1"",
					logger: false,
					...brokerOptions
				});
				const tracer = broker.tracer;
				tracer.getCurrentTraceID = jest.fn();
				tracer.getActiveSpanID = jest.fn();
				event.tracing = {
					tags: jest.fn((ctx, response) => ({
						custom: {
							params: ctx.params,
							meta: ctx.meta,
							response
						}
					}))
				};

				ctx.parentID = null;

				tracer.getCurrentTraceID = jest.fn(() => ""tracer-trace-id"");
				tracer.getActiveSpanID = jest.fn(() => ""tracer-span-id"");

				const mw = Middleware(broker);
				const newHandler = mw.localEvent.call(broker, event.handler, event);

				await newHandler(ctx);
				expect(event.handler).toHaveBeenCalledTimes(1);

				expect(event.tracing.tags).toHaveBeenCalledTimes(1);
				expect(event.tracing.tags).toHaveBeenCalledWith(ctx);

				expect(tracer.getActiveSpanID).toHaveBeenCalledTimes(1);

				expect(ctx.startSpan).toHaveBeenCalledTimes(1);
				expect(ctx.startSpan).toHaveBeenCalledWith(""event 'user.created' in 'v1.posts'"", {
					id: ""ctx-id"",
					parentID: ""tracer-span-id"",
					sampled: true,
					service: {
						fullName: ""v1.posts"",
						name: ""posts"",
						version: 1
					},
					tags: {
						event: {
							group: ""posts"",
							name: ""user.created""
						},
						callerNodeID: ""server-1"",
						callingLevel: 3,
						custom: {
							meta: {
								user: { age: 30, name: ""Adam"" }
							},
							params: {
								a: 2,
								b: ""John"",
								c: {
									d: 100,
									e: true
								}
							}
						},
						eventName: ""user.created"",
						eventType: ""emit"",
						nodeID: ""server-1"",
						remoteCall: false,
						requestID: ""request-id""
					},
					traceID: ""request-id"",
					type: ""event""
				});

				expect(ctx.tracing).toBe(true);

				expect(ctx.finishSpan).toHaveBeenCalledTimes(1);
				expect(ctx.finishSpan).toHaveBeenCalledWith(fakeSpan);
				expect(brokerOptions.tracing.tags.event).toHaveBeenCalledTimes(0);
			})",snuts
/test/unit/middlewares/tracing.spec.js,VerboseStatement,"{'startLine':2058,'endLine':2140}","it(""should create a span with global custom tags function if no local event tags are specified"", async () => {
				const brokerOptions = {
					tracing: {
						enabled: true,
						events: true,
						tags: {
							event: jest.fn((ctx, response) => ({
								custom: {
									params: ctx.params,
									meta: ctx.meta
								}
							}))
						}
					}
				};
				const broker = new ServiceBroker({
					nodeID: ""server-1"",
					logger: false,
					...brokerOptions
				});
				const tracer = broker.tracer;
				tracer.getCurrentTraceID = jest.fn();
				tracer.getActiveSpanID = jest.fn();

				ctx.parentID = null;

				tracer.getCurrentTraceID = jest.fn(() => ""tracer-trace-id"");
				tracer.getActiveSpanID = jest.fn(() => ""tracer-span-id"");

				const mw = Middleware(broker);
				const newHandler = mw.localEvent.call(broker, event.handler, event);

				await newHandler(ctx);
				expect(event.handler).toHaveBeenCalledTimes(1);

				expect(tracer.getActiveSpanID).toHaveBeenCalledTimes(1);

				expect(ctx.startSpan).toHaveBeenCalledTimes(1);
				expect(ctx.startSpan).toHaveBeenCalledWith(""event 'user.created' in 'v1.posts'"", {
					id: ""ctx-id"",
					parentID: ""tracer-span-id"",
					sampled: true,
					service: {
						fullName: ""v1.posts"",
						name: ""posts"",
						version: 1
					},
					tags: {
						event: {
							group: ""posts"",
							name: ""user.created""
						},
						callerNodeID: ""server-1"",
						callingLevel: 3,
						custom: {
							meta: {
								user: { age: 30, name: ""Adam"" }
							},
							params: {
								a: 2,
								b: ""John"",
								c: {
									d: 100,
									e: true
								}
							}
						},
						eventName: ""user.created"",
						eventType: ""emit"",
						nodeID: ""server-1"",
						remoteCall: false,
						requestID: ""request-id""
					},
					traceID: ""request-id"",
					type: ""event""
				});
				expect(ctx.tracing).toBe(true);

				expect(ctx.finishSpan).toHaveBeenCalledTimes(1);
				expect(ctx.finishSpan).toHaveBeenCalledWith(fakeSpan);
				expect(brokerOptions.tracing.tags.event).toHaveBeenCalledTimes(1);
				expect(brokerOptions.tracing.tags.event).toHaveBeenCalledWith(ctx);
			})",snuts
/test/unit/middlewares/tracing.spec.js,VerboseStatement,"{'startLine':2142,'endLine':2215}","it(""should default to params tags if no local or global event tags are specified"", async () => {
				const brokerOptions = {
					tracing: {
						enabled: true,
						events: true
					}
				};
				const broker = new ServiceBroker({
					nodeID: ""server-1"",
					logger: false,
					...brokerOptions
				});
				const tracer = broker.tracer;
				tracer.getCurrentTraceID = jest.fn();
				tracer.getActiveSpanID = jest.fn();

				ctx.parentID = null;

				tracer.getCurrentTraceID = jest.fn(() => ""tracer-trace-id"");
				tracer.getActiveSpanID = jest.fn(() => ""tracer-span-id"");

				const mw = Middleware(broker);
				const newHandler = mw.localEvent.call(broker, event.handler, event);

				ctx.startSpan.mockClear();
				ctx.finishSpan.mockClear();
				fakeSpan.addTags.mockClear();
				fakeSpan.setError.mockClear();
				fakeSpan.finish.mockClear();

				await newHandler(ctx);
				expect(event.handler).toHaveBeenCalledTimes(1);

				expect(tracer.getActiveSpanID).toHaveBeenCalledTimes(1);

				expect(ctx.startSpan).toHaveBeenCalledTimes(1);
				expect(ctx.startSpan).toHaveBeenCalledWith(""event 'user.created' in 'v1.posts'"", {
					id: ""ctx-id"",
					parentID: ""tracer-span-id"",
					sampled: true,
					service: {
						fullName: ""v1.posts"",
						name: ""posts"",
						version: 1
					},
					tags: {
						event: {
							group: ""posts"",
							name: ""user.created""
						},
						callerNodeID: ""server-1"",
						callingLevel: 3,
						params: {
							a: 2,
							b: ""John"",
							c: {
								d: 100,
								e: true
							}
						},
						eventName: ""user.created"",
						eventType: ""emit"",
						nodeID: ""server-1"",
						remoteCall: false,
						requestID: ""request-id""
					},
					traceID: ""request-id"",
					type: ""event""
				});
				expect(ctx.tracing).toBe(true);

				expect(ctx.finishSpan).toHaveBeenCalledTimes(1);
				expect(ctx.finishSpan).toHaveBeenCalledWith(fakeSpan);
			})",snuts
/test/unit/middlewares/tracing.spec.js,VerboseStatement,"{'startLine':2217,'endLine':2298}","it(""should merge global event tags with the default params tag"", async () => {
				const brokerOptions = {
					tracing: {
						enabled: true,
						events: true,
						tags: {
							event: {
								meta: true
							}
						}
					}
				};
				const broker = new ServiceBroker({
					nodeID: ""server-1"",
					logger: false,
					...brokerOptions
				});
				const tracer = broker.tracer;
				tracer.getCurrentTraceID = jest.fn();
				tracer.getActiveSpanID = jest.fn();

				ctx.parentID = null;

				tracer.getCurrentTraceID = jest.fn(() => ""tracer-trace-id"");
				tracer.getActiveSpanID = jest.fn(() => ""tracer-span-id"");

				const mw = Middleware(broker);
				const newHandler = mw.localEvent.call(broker, event.handler, event);

				ctx.startSpan.mockClear();
				ctx.finishSpan.mockClear();
				fakeSpan.addTags.mockClear();
				fakeSpan.setError.mockClear();
				fakeSpan.finish.mockClear();

				await newHandler(ctx);
				expect(event.handler).toHaveBeenCalledTimes(1);

				expect(tracer.getActiveSpanID).toHaveBeenCalledTimes(1);

				expect(ctx.startSpan).toHaveBeenCalledTimes(1);
				expect(ctx.startSpan).toHaveBeenCalledWith(""event 'user.created' in 'v1.posts'"", {
					id: ""ctx-id"",
					parentID: ""tracer-span-id"",
					sampled: true,
					service: {
						fullName: ""v1.posts"",
						name: ""posts"",
						version: 1
					},
					tags: {
						event: {
							group: ""posts"",
							name: ""user.created""
						},
						eventName: ""user.created"",
						eventType: ""emit"",
						nodeID: ""server-1"",
						callerNodeID: ""server-1"",
						callingLevel: 3,
						meta: {
							user: { age: 30, name: ""Adam"" }
						},
						params: {
							a: 2,
							b: ""John"",
							c: {
								d: 100,
								e: true
							}
						},
						remoteCall: false,
						requestID: ""request-id""
					},
					traceID: ""request-id"",
					type: ""event""
				});
				expect(ctx.tracing).toBe(true);

				expect(ctx.finishSpan).toHaveBeenCalledTimes(1);
				expect(ctx.finishSpan).toHaveBeenCalledWith(fakeSpan);
			})",snuts
/test/unit/middlewares/tracing.spec.js,VerboseStatement,"{'startLine':2300,'endLine':2384}","it(""should override global event tags with local tags"", async () => {
				const brokerOptions = {
					tracing: {
						enabled: true,
						events: true,
						tags: {
							event: {
								params: false,
								meta: false
							}
						}
					}
				};
				const broker = new ServiceBroker({
					nodeID: ""server-1"",
					logger: false,
					...brokerOptions
				});
				const tracer = broker.tracer;
				tracer.getCurrentTraceID = jest.fn();
				tracer.getActiveSpanID = jest.fn();

				event.tracing = {
					tags: {
						params: [""a""],
						meta: [""user.age""]
					}
				};

				ctx.parentID = null;

				tracer.getCurrentTraceID = jest.fn(() => ""tracer-trace-id"");
				tracer.getActiveSpanID = jest.fn(() => ""tracer-span-id"");

				const mw = Middleware(broker);
				const newHandler = mw.localEvent.call(broker, event.handler, event);

				ctx.startSpan.mockClear();
				ctx.finishSpan.mockClear();
				fakeSpan.addTags.mockClear();
				fakeSpan.setError.mockClear();
				fakeSpan.finish.mockClear();

				await newHandler(ctx);
				expect(event.handler).toHaveBeenCalledTimes(1);

				expect(tracer.getActiveSpanID).toHaveBeenCalledTimes(1);

				expect(ctx.startSpan).toHaveBeenCalledTimes(1);
				expect(ctx.startSpan).toHaveBeenCalledWith(""event 'user.created' in 'v1.posts'"", {
					id: ""ctx-id"",
					parentID: ""tracer-span-id"",
					sampled: true,
					service: {
						fullName: ""v1.posts"",
						name: ""posts"",
						version: 1
					},
					tags: {
						eventName: ""user.created"",
						eventType: ""emit"",
						event: {
							group: ""posts"",
							name: ""user.created""
						},
						callerNodeID: ""server-1"",
						callingLevel: 3,
						meta: {
							user: { age: 30 }
						},
						params: {
							a: 2
						},
						nodeID: ""server-1"",
						remoteCall: false,
						requestID: ""request-id""
					},
					traceID: ""request-id"",
					type: ""event""
				});
				expect(ctx.tracing).toBe(true);

				expect(ctx.finishSpan).toHaveBeenCalledTimes(1);
				expect(ctx.finishSpan).toHaveBeenCalledWith(fakeSpan);
			})",snuts
/test/unit/middlewares/throttle.spec.js,VerboseStatement,"{'startLine':50,'endLine':81}","it(""should invoke when event not received in 5 seconds"", () => {
			event.throttle = 5000;
			event.handler.mockClear();

			const ctx = Context.create(broker, endpoint);
			const newHandler = mw.localEvent.call(broker, handler, event);

			expect(event.handler).toBeCalledTimes(0);

			newHandler(ctx);
			expect(event.handler).toBeCalledTimes(1);

			clock.tick(1000);
			newHandler(ctx);
			expect(event.handler).toBeCalledTimes(1);

			clock.tick(2000);
			newHandler(ctx);
			expect(event.handler).toBeCalledTimes(1);

			clock.tick(2000);
			newHandler(ctx);
			expect(event.handler).toBeCalledTimes(2);

			clock.tick(2000);
			newHandler(ctx);
			expect(event.handler).toBeCalledTimes(2);

			clock.tick(3000);
			newHandler(ctx);
			expect(event.handler).toBeCalledTimes(3);
		})",snuts
/test/unit/middlewares/retry.spec.js,AnonymousTest,"{'startLine':75,'endLine':132}","it(""should retry"", () => {
		broker.metrics.increment.mockClear();
		broker.options.retryPolicy.enabled = true;
		broker.options.retryPolicy.retries = 3;
		broker.options.retryPolicy.check = jest.fn(() => true);

		let error = new MoleculerRetryableError(""Retryable error"");
		let handler = jest.fn(() => Promise.reject(error));

		broker.Promise.delay = jest.fn(() => Promise.resolve());

		const newHandler = mw.localAction.call(broker, handler, action);
		const ctx = Context.create(broker, endpoint);
		ctx.setParams({ offset: 10 });
		ctx.span = { setError: jest.fn(), addTags: jest.fn() };
		ctx.finishSpan = jest.fn();

		broker.call = jest.fn(() => Promise.resolve(""Next call""));

		return newHandler(ctx)
			.catch(protectReject)
			.then(res => {
				expect(res).toBe(""Next call"");
				expect(ctx.id).toBe(""1"");
				expect(ctx._retryAttempts).toBe(1);

				expect(handler).toHaveBeenCalledTimes(1);
				expect(broker.call).toHaveBeenCalledTimes(1);
				expect(broker.call).toHaveBeenCalledWith(
					""posts.find"",
					{ offset: 10 },
					{ ctx: expect.any(Context) }
				);
				expect(broker.call.mock.calls[0][2].ctx.id).toBe(""2"");
				expect(broker.call.mock.calls[0][2].ctx._retryAttempts).toBe(1);

				expect(ctx.span.setError).toHaveBeenCalledTimes(1);
				expect(ctx.span.setError).toHaveBeenCalledWith(error);

				expect(ctx.span.addTags).toHaveBeenCalledTimes(1);
				expect(ctx.span.addTags).toHaveBeenCalledWith({ retryAttempts: 1 });

				expect(ctx.finishSpan).toHaveBeenCalledTimes(1);
				expect(ctx.finishSpan).toHaveBeenCalledWith(ctx.span);

				expect(broker.Promise.delay).toHaveBeenCalledTimes(1);
				expect(broker.Promise.delay).toHaveBeenCalledWith(100);

				expect(broker.options.retryPolicy.check).toHaveBeenCalledTimes(1);
				expect(broker.options.retryPolicy.check).toHaveBeenCalledWith(error);

				expect(broker.metrics.increment).toHaveBeenCalledTimes(1);
				expect(broker.metrics.increment).toHaveBeenCalledWith(
					""moleculer.request.retry.attempts.total"",
					{ service: ""posts"", action: ""posts.find"" }
				);
			});
	})",snuts
/test/unit/middlewares/retry.spec.js,VerboseStatement,"{'startLine':75,'endLine':132}","it(""should retry"", () => {
		broker.metrics.increment.mockClear();
		broker.options.retryPolicy.enabled = true;
		broker.options.retryPolicy.retries = 3;
		broker.options.retryPolicy.check = jest.fn(() => true);

		let error = new MoleculerRetryableError(""Retryable error"");
		let handler = jest.fn(() => Promise.reject(error));

		broker.Promise.delay = jest.fn(() => Promise.resolve());

		const newHandler = mw.localAction.call(broker, handler, action);
		const ctx = Context.create(broker, endpoint);
		ctx.setParams({ offset: 10 });
		ctx.span = { setError: jest.fn(), addTags: jest.fn() };
		ctx.finishSpan = jest.fn();

		broker.call = jest.fn(() => Promise.resolve(""Next call""));

		return newHandler(ctx)
			.catch(protectReject)
			.then(res => {
				expect(res).toBe(""Next call"");
				expect(ctx.id).toBe(""1"");
				expect(ctx._retryAttempts).toBe(1);

				expect(handler).toHaveBeenCalledTimes(1);
				expect(broker.call).toHaveBeenCalledTimes(1);
				expect(broker.call).toHaveBeenCalledWith(
					""posts.find"",
					{ offset: 10 },
					{ ctx: expect.any(Context) }
				);
				expect(broker.call.mock.calls[0][2].ctx.id).toBe(""2"");
				expect(broker.call.mock.calls[0][2].ctx._retryAttempts).toBe(1);

				expect(ctx.span.setError).toHaveBeenCalledTimes(1);
				expect(ctx.span.setError).toHaveBeenCalledWith(error);

				expect(ctx.span.addTags).toHaveBeenCalledTimes(1);
				expect(ctx.span.addTags).toHaveBeenCalledWith({ retryAttempts: 1 });

				expect(ctx.finishSpan).toHaveBeenCalledTimes(1);
				expect(ctx.finishSpan).toHaveBeenCalledWith(ctx.span);

				expect(broker.Promise.delay).toHaveBeenCalledTimes(1);
				expect(broker.Promise.delay).toHaveBeenCalledWith(100);

				expect(broker.options.retryPolicy.check).toHaveBeenCalledTimes(1);
				expect(broker.options.retryPolicy.check).toHaveBeenCalledWith(error);

				expect(broker.metrics.increment).toHaveBeenCalledTimes(1);
				expect(broker.metrics.increment).toHaveBeenCalledWith(
					""moleculer.request.retry.attempts.total"",
					{ service: ""posts"", action: ""posts.find"" }
				);
			});
	})",snuts
/test/unit/middlewares/retry.spec.js,VerboseStatement,"{'startLine':258,'endLine':288}","it(""should not retry if the call is a remote received call from other node"", () => {
		broker.metrics.increment.mockClear();
		broker.options.retryPolicy.enabled = true;
		broker.options.retryPolicy.retries = 3;
		broker.options.retryPolicy.check = jest.fn(() => true);

		let error = new MoleculerRetryableError(""Retryable error"");
		let handler = jest.fn(() => Promise.reject(error));

		broker.Promise.delay = jest.fn(() => Promise.resolve());

		const newHandler = mw.localAction.call(broker, handler, action);
		endpoint.local = true;
		const ctx = Context.create(broker, endpoint);
		ctx.nodeID = ""server-2"";
		ctx.setParams({ offset: 10 });

		broker.call = jest.fn(() => Promise.resolve(""Next call""));

		return newHandler(ctx)
			.then(protectReject)
			.catch(err => {
				expect(err).toBe(error);

				expect(handler).toHaveBeenCalledTimes(1);
				expect(broker.call).toHaveBeenCalledTimes(0);
				expect(broker.Promise.delay).toHaveBeenCalledTimes(0);

				expect(broker.metrics.increment).toHaveBeenCalledTimes(0);
			});
	})",snuts
/test/unit/middlewares/metrics.spec.js,IdenticalTestDescription,"{'startLine':521,'endLine':538}","it(""should not wrap handler if metrics is disabled"", () => {
			handler.mockClear();
			broker.isMetricsEnabled = jest.fn(() => false);
			broker.metrics.increment.mockClear();

			const newHandler = mw.localEvent.call(broker, handler, event);

			const ctx = Context.create(broker, {}, { a: 5 });
			ctx.eventName = ""user.created"";
			ctx.eventGroup = """";

			newHandler(ctx);

			expect(broker.metrics.increment).toHaveBeenCalledTimes(0);

			expect(handler).toHaveBeenCalledTimes(1);
			expect(handler).toHaveBeenCalledWith(ctx);
		})",snuts
/test/unit/middlewares/metrics.spec.js,IdenticalTestDescription,"{'startLine':550,'endLine':568}","it(""should update event handler metrics events"", () => {
			handler.mockClear();
			broker.isMetricsEnabled = jest.fn(() => true);
			broker.metrics.increment.mockClear();

			const newHandler = mw.emit.call(broker, handler, event);

			newHandler(""user.created"", { a: 5 }, [""payment"", ""mail""]);

			expect(broker.metrics.increment).toHaveBeenCalledTimes(1);
			expect(broker.metrics.increment).toHaveBeenNthCalledWith(
				1,
				""moleculer.event.emit.total"",
				{ event: ""user.created"" }
			);

			expect(handler).toHaveBeenCalledTimes(1);
			expect(handler).toHaveBeenCalledWith(""user.created"", { a: 5 }, [""payment"", ""mail""]);
		})",snuts
/test/unit/middlewares/metrics.spec.js,IdenticalTestDescription,"{'startLine':570,'endLine':583}","it(""should not wrap handler if metrics is disabled"", () => {
			handler.mockClear();
			broker.isMetricsEnabled = jest.fn(() => false);
			broker.metrics.increment.mockClear();

			const newHandler = mw.emit.call(broker, handler, event);

			newHandler(""user.created"", { a: 5 }, [""payment"", ""mail""]);

			expect(broker.metrics.increment).toHaveBeenCalledTimes(0);

			expect(handler).toHaveBeenCalledTimes(1);
			expect(handler).toHaveBeenCalledWith(""user.created"", { a: 5 }, [""payment"", ""mail""]);
		})",snuts
/test/unit/middlewares/metrics.spec.js,IdenticalTestDescription,"{'startLine':595,'endLine':613}","it(""should update event handler metrics events"", () => {
			handler.mockClear();
			broker.isMetricsEnabled = jest.fn(() => true);
			broker.metrics.increment.mockClear();

			const newHandler = mw.broadcast.call(broker, handler, event);

			newHandler(""user.created"", { a: 5 }, [""payment"", ""mail""]);

			expect(broker.metrics.increment).toHaveBeenCalledTimes(1);
			expect(broker.metrics.increment).toHaveBeenNthCalledWith(
				1,
				""moleculer.event.broadcast.total"",
				{ event: ""user.created"" }
			);

			expect(handler).toHaveBeenCalledTimes(1);
			expect(handler).toHaveBeenCalledWith(""user.created"", { a: 5 }, [""payment"", ""mail""]);
		})",snuts
/test/unit/middlewares/metrics.spec.js,IdenticalTestDescription,"{'startLine':615,'endLine':628}","it(""should not wrap handler if metrics is disabled"", () => {
			handler.mockClear();
			broker.isMetricsEnabled = jest.fn(() => false);
			broker.metrics.increment.mockClear();

			const newHandler = mw.broadcast.call(broker, handler, event);

			newHandler(""user.created"", { a: 5 }, [""payment"", ""mail""]);

			expect(broker.metrics.increment).toHaveBeenCalledTimes(0);

			expect(handler).toHaveBeenCalledTimes(1);
			expect(handler).toHaveBeenCalledWith(""user.created"", { a: 5 }, [""payment"", ""mail""]);
		})",snuts
/test/unit/middlewares/metrics.spec.js,IdenticalTestDescription,"{'startLine':640,'endLine':658}","it(""should update event handler metrics events"", () => {
			handler.mockClear();
			broker.isMetricsEnabled = jest.fn(() => true);
			broker.metrics.increment.mockClear();

			const newHandler = mw.broadcastLocal.call(broker, handler, event);

			newHandler(""user.created"", { a: 5 }, [""payment"", ""mail""]);

			expect(broker.metrics.increment).toHaveBeenCalledTimes(1);
			expect(broker.metrics.increment).toHaveBeenNthCalledWith(
				1,
				""moleculer.event.broadcast-local.total"",
				{ event: ""user.created"" }
			);

			expect(handler).toHaveBeenCalledTimes(1);
			expect(handler).toHaveBeenCalledWith(""user.created"", { a: 5 }, [""payment"", ""mail""]);
		})",snuts
/test/unit/middlewares/metrics.spec.js,IdenticalTestDescription,"{'startLine':660,'endLine':673}","it(""should not wrap handler if metrics is disabled"", () => {
			handler.mockClear();
			broker.isMetricsEnabled = jest.fn(() => false);
			broker.metrics.increment.mockClear();

			const newHandler = mw.broadcastLocal.call(broker, handler, event);

			newHandler(""user.created"", { a: 5 }, [""payment"", ""mail""]);

			expect(broker.metrics.increment).toHaveBeenCalledTimes(0);

			expect(handler).toHaveBeenCalledTimes(1);
			expect(handler).toHaveBeenCalledWith(""user.created"", { a: 5 }, [""payment"", ""mail""]);
		})",snuts
/test/unit/middlewares/metrics.spec.js,IdenticalTestDescription,"{'startLine':725,'endLine':740}","it(""should not wrap handler if metrics is disabled"", () => {
			handler.mockClear();
			broker.isMetricsEnabled = jest.fn(() => false);
			broker.metrics.increment.mockClear();

			const newHandler = mw.transitPublish.call(fakeTransit, handler);

			const packet = { type: ""REQUEST"" };

			newHandler(packet);

			expect(broker.metrics.increment).toHaveBeenCalledTimes(0);

			expect(handler).toHaveBeenCalledTimes(1);
			expect(handler).toHaveBeenCalledWith(packet);
		})",snuts
/test/unit/middlewares/metrics.spec.js,IdenticalTestDescription,"{'startLine':748,'endLine':768}","it(""should update metrics values"", () => {
			handler.mockClear();
			broker.isMetricsEnabled = jest.fn(() => true);
			broker.metrics.increment.mockClear();

			const newHandler = mw.transitMessageHandler.call(fakeTransit, handler);

			const packet = {};

			newHandler.call(fakeTransit, ""RESPONSE"", packet);

			expect(broker.metrics.increment).toHaveBeenCalledTimes(1);
			expect(broker.metrics.increment).toHaveBeenNthCalledWith(
				1,
				""moleculer.transit.receive.total"",
				{ type: ""RESPONSE"" }
			);

			expect(handler).toHaveBeenCalledTimes(1);
			expect(handler).toHaveBeenCalledWith(""RESPONSE"", packet);
		})",snuts
/test/unit/middlewares/metrics.spec.js,IdenticalTestDescription,"{'startLine':770,'endLine':785}","it(""should not wrap handler if metrics is disabled"", () => {
			handler.mockClear();
			broker.isMetricsEnabled = jest.fn(() => false);
			broker.metrics.increment.mockClear();

			const newHandler = mw.transitMessageHandler.call(fakeTransit, handler);

			const packet = {};

			newHandler.call(fakeTransit, ""RESPONSE"", packet);

			expect(broker.metrics.increment).toHaveBeenCalledTimes(0);

			expect(handler).toHaveBeenCalledTimes(1);
			expect(handler).toHaveBeenCalledWith(""RESPONSE"", packet);
		})",snuts
/test/unit/middlewares/metrics.spec.js,IdenticalTestDescription,"{'startLine':793,'endLine':819}","it(""should update metrics values"", () => {
			handler.mockClear();
			broker.isMetricsEnabled = jest.fn(() => true);
			broker.metrics.increment.mockClear();

			const newHandler = mw.transporterSend.call(fakeTransit, handler);

			const data = { length: 200 };
			const meta = { user: ""John"" };

			newHandler.call(fakeTransit, ""MOL-TOPIC"", data, meta);

			expect(broker.metrics.increment).toHaveBeenCalledTimes(2);
			expect(broker.metrics.increment).toHaveBeenNthCalledWith(
				1,
				""moleculer.transporter.packets.sent.total""
			);
			expect(broker.metrics.increment).toHaveBeenNthCalledWith(
				2,
				""moleculer.transporter.packets.sent.bytes"",
				null,
				200
			);

			expect(handler).toHaveBeenCalledTimes(1);
			expect(handler).toHaveBeenCalledWith(""MOL-TOPIC"", data, meta);
		})",snuts
/test/unit/middlewares/metrics.spec.js,IdenticalTestDescription,"{'startLine':821,'endLine':837}","it(""should not wrap handler if metrics is disabled"", () => {
			handler.mockClear();
			broker.isMetricsEnabled = jest.fn(() => false);
			broker.metrics.increment.mockClear();

			const newHandler = mw.transporterSend.call(fakeTransit, handler);

			const data = { length: 200 };
			const meta = { user: ""John"" };

			newHandler.call(fakeTransit, ""MOL-TOPIC"", data, meta);

			expect(broker.metrics.increment).toHaveBeenCalledTimes(0);

			expect(handler).toHaveBeenCalledTimes(1);
			expect(handler).toHaveBeenCalledWith(""MOL-TOPIC"", data, meta);
		})",snuts
/test/unit/middlewares/metrics.spec.js,IdenticalTestDescription,"{'startLine':845,'endLine':871}","it(""should update metrics values"", () => {
			handler.mockClear();
			broker.isMetricsEnabled = jest.fn(() => true);
			broker.metrics.increment.mockClear();

			const newHandler = mw.transporterReceive.call(fakeTransit, handler);

			const data = { length: 200 };
			const s = { user: ""John"" };

			newHandler.call(fakeTransit, ""MOL-TOPIC"", data, s);

			expect(broker.metrics.increment).toHaveBeenCalledTimes(2);
			expect(broker.metrics.increment).toHaveBeenNthCalledWith(
				1,
				""moleculer.transporter.packets.received.total""
			);
			expect(broker.metrics.increment).toHaveBeenNthCalledWith(
				2,
				""moleculer.transporter.packets.received.bytes"",
				null,
				200
			);

			expect(handler).toHaveBeenCalledTimes(1);
			expect(handler).toHaveBeenCalledWith(""MOL-TOPIC"", data, s);
		})",snuts
/test/unit/middlewares/metrics.spec.js,IdenticalTestDescription,"{'startLine':873,'endLine':889}","it(""should not wrap handler if metrics is disabled"", () => {
			handler.mockClear();
			broker.isMetricsEnabled = jest.fn(() => false);
			broker.metrics.increment.mockClear();

			const newHandler = mw.transporterReceive.call(fakeTransit, handler);

			const data = { length: 200 };
			const s = { user: ""John"" };

			newHandler.call(fakeTransit, ""MOL-TOPIC"", data, s);

			expect(broker.metrics.increment).toHaveBeenCalledTimes(0);

			expect(handler).toHaveBeenCalledTimes(1);
			expect(handler).toHaveBeenCalledWith(""MOL-TOPIC"", data, s);
		})",snuts
/test/unit/middlewares/fallback.spec.js,IdenticalTestDescription,"{'startLine':80,'endLine':103}","it(""should call fallback Function and return"", () => {
		broker.metrics.increment.mockClear();
		action.fallback = ""someFallbackMethod"";
		let error = new MoleculerError(""Some error"");
		let handler = jest.fn(() => Promise.reject(error));

		const newHandler = mw.localAction.call(broker, handler, action);
		const ctx = Context.create(broker, endpoint);

		return newHandler(ctx)
			.catch(protectReject)
			.then(res => {
				expect(res).toBe(""Fallback response from method"");

				expect(action.service.someFallbackMethod).toHaveBeenCalledTimes(1);
				expect(action.service.someFallbackMethod).toHaveBeenCalledWith(ctx, error);

				expect(broker.metrics.increment).toHaveBeenCalledTimes(1);
				expect(broker.metrics.increment).toHaveBeenCalledWith(
					""moleculer.request.fallback.total"",
					{ service: ""posts"", action: ""posts.find"" }
				);
			});
	})",snuts
/test/unit/middlewares/error-handler.spec.js,IdenticalTestDescription,"{'startLine':137,'endLine':156}","it(""should call broker errorHandler"", () => {
			broker.errorHandler.mockClear();
			const error = new MoleculerError(""Something wrong"");
			let handler = jest.fn(() => Promise.reject(error));

			const newHandler = mw.localEvent.call(broker, handler, event);
			const ctx = Context.create(broker, eventEndpoint);

			return newHandler(ctx)
				.catch(protectReject)
				.then(() => {
					expect(error.ctx).toBe(ctx);
					expect(broker.errorHandler).toBeCalledTimes(1);
					expect(broker.errorHandler).toBeCalledWith(error, {
						ctx,
						service: action.service,
						event
					});
				});
		})",snuts
/test/unit/middlewares/error-handler.spec.js,IdenticalTestDescription,"{'startLine':158,'endLine':183}","it(""should convert if not Error"", () => {
			broker.errorHandler.mockClear();
			let handler = jest.fn(() => Promise.reject(""Something wrong""));

			const newHandler = mw.localEvent.call(broker, handler, action);
			const ctx = Context.create(broker, eventEndpoint);

			return newHandler(ctx)
				.catch(protectReject)
				.then(() => {
					const err = broker.errorHandler.mock.calls[0][0];

					expect(err).toBeInstanceOf(Error);
					expect(err).toBeInstanceOf(MoleculerError);
					expect(err.name).toBe(""MoleculerError"");
					expect(err.message).toBe(""Something wrong"");
					expect(err.ctx).toBe(ctx);

					expect(broker.errorHandler).toBeCalledTimes(1);
					expect(broker.errorHandler).toBeCalledWith(err, {
						ctx,
						service: action.service,
						event
					});
				});
		})",snuts
/test/unit/middlewares/debounce.spec.js,VerboseStatement,"{'startLine':50,'endLine':77}","it(""should invoke when event not received in 5 seconds"", () => {
			event.debounce = 5000;
			event.handler.mockClear();

			const ctx = Context.create(broker, endpoint);
			const newHandler = mw.localEvent.call(broker, handler, event);

			expect(event.handler).toBeCalledTimes(0);

			newHandler(ctx);
			expect(event.handler).toBeCalledTimes(0);

			clock.tick(500);
			newHandler(ctx);
			expect(event.handler).toBeCalledTimes(0);

			clock.tick(1500);
			newHandler(ctx);
			expect(event.handler).toBeCalledTimes(0);

			clock.tick(2000);
			newHandler(ctx);
			expect(event.handler).toBeCalledTimes(0);

			clock.tick(5000);
			newHandler(ctx);
			expect(event.handler).toBeCalledTimes(1);
		})",snuts
/test/unit/middlewares/context-tracker.spec.js,AnonymousTest,"{'startLine':69,'endLine':84}","it(""should tracking"", () => {
		let resolve;
		const handler = jest.fn(() => new Promise(r => (resolve = r)));
		const newHandler = mw.localAction.call(broker, handler, action);

		const ctx = Context.create(broker, endpoint);

		const p = newHandler(ctx);
		expect(service._trackedContexts.length).toBe(1);
		expect(service._trackedContexts[0]).toBe(ctx);
		resolve(""Result"");
		return p.catch(protectReject).then(res => {
			expect(res).toBe(""Result"");
			expect(service._trackedContexts.length).toBe(0);
		});
	})",snuts
/test/unit/middlewares/context-tracker.spec.js,IdenticalTestDescription,"{'startLine':186,'endLine':207}","it(""should called stopped"", () => {
		const service = broker.createService(schema);
		return broker
			.start()
			.then(() => {
				broker.emit(""test"");
				return service.Promise.delay(10);
			})
			.then(() => broker.stop())
			.catch(protectReject)
			.then(() => {
				expect(FLOW).toEqual([
					""service-start"",
					""broker-start"",
					""start"",
					""end"",
					""service-stop"",
					""broker-stop""
				]);
				expect(schema.stopped).toHaveBeenCalledTimes(1);
			});
	})",snuts
/test/unit/middlewares/context-tracker.spec.js,IdenticalTestDescription,"{'startLine':240,'endLine':260}","it(""should called stopped"", () => {
		const service = broker.createService(schema);
		return broker
			.start()
			.then(() => {
				broker.call(""delayed.test"", {});
				return service.Promise.delay(10);
			})
			.then(() => broker.stop())
			.catch(protectReject)
			.then(() => {
				expect(FLOW).toEqual([
					""service-start"",
					""broker-start"",
					""start"",
					""service-stop"",
					""broker-stop""
				]);
				expect(schema.stopped).toHaveBeenCalledTimes(1);
			});
	})",snuts
/test/unit/middlewares/context-tracker.spec.js,IdenticalTestDescription,"{'startLine':305,'endLine':325}","it(""should called stopped"", () => {
		return broker1.Promise.resolve()
			.then(() => {
				broker1.call(""delayed.test"", {});
				return broker1.Promise.delay(50);
			})
			.then(() => broker1.Promise.all([broker1.stop(), broker2.stop()]))
			.catch(protectReject)
			.then(() => {
				expect(FLOW).toEqual([
					""broker1-start"",
					""service-start"",
					""broker2-start"",
					""start"",
					""end"",
					""service-stop"",
					""broker2-stop"",
					""broker1-stop""
				]);
			});
	})",snuts
/test/unit/middlewares/context-tracker.spec.js,IdenticalTestDescription,"{'startLine':377,'endLine':396}","it(""should called stopped"", () => {
		return broker1.Promise.resolve()
			.then(() => {
				broker1.call(""delayed.test"", {});
				return broker1.Promise.delay(10);
			})
			.then(() => broker1.Promise.all([broker2.stop(), broker1.stop()]))
			.catch(protectReject)
			.then(() => {
				expect(FLOW).toEqual([
					""broker1-start"",
					""service-start"",
					""broker2-start"",
					""start"",
					""broker1-stop"",
					""service-stop"",
					""broker2-stop""
				]);
			});
	})",snuts
/test/unit/middlewares/context-tracker.spec.js,SubOptimalAssert,"{'startLine':59,'endLine':59}","it(""should not track if tracking is false in calling options"", () => {
		let resolve;
		const handler = jest.fn(() => new Promise(r => (resolve = r)));
		const newHandler = mw.localAction.call(broker, handler, action);

		const ctx = Context.create(broker, endpoint, null, { tracking: false });

		const p = newHandler(ctx);
		expect(service._trackedContexts.length).toBe(0);
		resolve(""Result"");

		return p.catch(protectReject).then(res => {
			expect(res).toBe(""Result"");
			expect(handler).toHaveBeenCalledTimes(1);
			expect(service._trackedContexts.length).toBe(0);
		});
	})",snuts
/test/unit/middlewares/context-tracker.spec.js,SubOptimalAssert,"{'startLine':65,'endLine':65}","it(""should not track if tracking is false in calling options"", () => {
		let resolve;
		const handler = jest.fn(() => new Promise(r => (resolve = r)));
		const newHandler = mw.localAction.call(broker, handler, action);

		const ctx = Context.create(broker, endpoint, null, { tracking: false });

		const p = newHandler(ctx);
		expect(service._trackedContexts.length).toBe(0);
		resolve(""Result"");

		return p.catch(protectReject).then(res => {
			expect(res).toBe(""Result"");
			expect(handler).toHaveBeenCalledTimes(1);
			expect(service._trackedContexts.length).toBe(0);
		});
	})",snuts
/test/unit/middlewares/context-tracker.spec.js,SubOptimalAssert,"{'startLine':77,'endLine':77}","it(""should tracking"", () => {
		let resolve;
		const handler = jest.fn(() => new Promise(r => (resolve = r)));
		const newHandler = mw.localAction.call(broker, handler, action);

		const ctx = Context.create(broker, endpoint);

		const p = newHandler(ctx);
		expect(service._trackedContexts.length).toBe(1);
		expect(service._trackedContexts[0]).toBe(ctx);
		resolve(""Result"");
		return p.catch(protectReject).then(res => {
			expect(res).toBe(""Result"");
			expect(service._trackedContexts.length).toBe(0);
		});
	})",snuts
/test/unit/middlewares/context-tracker.spec.js,SubOptimalAssert,"{'startLine':82,'endLine':82}","it(""should tracking"", () => {
		let resolve;
		const handler = jest.fn(() => new Promise(r => (resolve = r)));
		const newHandler = mw.localAction.call(broker, handler, action);

		const ctx = Context.create(broker, endpoint);

		const p = newHandler(ctx);
		expect(service._trackedContexts.length).toBe(1);
		expect(service._trackedContexts[0]).toBe(ctx);
		resolve(""Result"");
		return p.catch(protectReject).then(res => {
			expect(res).toBe(""Result"");
			expect(service._trackedContexts.length).toBe(0);
		});
	})",snuts
/test/unit/middlewares/context-tracker.spec.js,SubOptimalAssert,"{'startLine':96,'endLine':96}","it(""should remove from list if handler is rejected"", () => {
		let reject;
		const handler = jest.fn(() => new Promise((_, r) => (reject = r)));
		const newHandler = mw.localAction.call(broker, handler, action);

		let err = new Error(""Some error"");

		const ctx = Context.create(broker, endpoint);

		const p = newHandler(ctx);
		expect(service._trackedContexts.length).toBe(1);
		expect(service._trackedContexts[0]).toBe(ctx);
		reject(err);

		return p.then(protectReject).catch(res => {
			expect(res).toBe(err);
			expect(service._trackedContexts.length).toBe(0);
		});
	})",snuts
/test/unit/middlewares/context-tracker.spec.js,SubOptimalAssert,"{'startLine':102,'endLine':102}","it(""should remove from list if handler is rejected"", () => {
		let reject;
		const handler = jest.fn(() => new Promise((_, r) => (reject = r)));
		const newHandler = mw.localAction.call(broker, handler, action);

		let err = new Error(""Some error"");

		const ctx = Context.create(broker, endpoint);

		const p = newHandler(ctx);
		expect(service._trackedContexts.length).toBe(1);
		expect(service._trackedContexts[0]).toBe(ctx);
		reject(err);

		return p.then(protectReject).catch(res => {
			expect(res).toBe(err);
			expect(service._trackedContexts.length).toBe(0);
		});
	})",snuts
/test/unit/middlewares/circuit-breaker.spec.js,AnonymousTest,"{'startLine':177,'endLine':203}","it(""should half-open"", () => {
		broker.broadcast.mockClear();
		broker.metrics.set.mockClear();

		clock.tick(12 * 1000);
		expect(endpoint.state).toBe(true);
		expect(broker.broadcast).toHaveBeenCalledTimes(1);
		expect(broker.broadcast).toHaveBeenCalledWith(""$circuit-breaker.half-opened"", {
			service: ""v2.likes"",
			action: ""likes.count"",
			nodeID: broker.nodeID
		});

		expect(broker.metrics.set).toHaveBeenCalledTimes(2);
		expect(broker.metrics.set).toHaveBeenNthCalledWith(
			1,
			""moleculer.circuit-breaker.opened.active"",
			0,
			{ affectedNodeID: ""server-1"", service: ""v2.likes"", action: ""likes.count"" }
		);
		expect(broker.metrics.set).toHaveBeenNthCalledWith(
			2,
			""moleculer.circuit-breaker.half-opened.active"",
			1,
			{ affectedNodeID: ""server-1"", service: ""v2.likes"", action: ""likes.count"" }
		);
	})",snuts
/test/unit/middlewares/circuit-breaker.spec.js,IdenticalTestDescription,"{'startLine':341,'endLine':381}","it(""should reset stat after windowTime"", () => {
		clock.tick(62 * 1000);
		expect(endpoint.state).toBe(true);
		broker.broadcast.mockClear();
		broker.metrics.set.mockClear();
		broker.metrics.increment.mockClear();

		return Promise.all([
			newHandler(Context.create(broker, endpoint, { crash: false }))
				.catch(protectReject)
				.then(res => expect(res).toBe(""Result"")),
			newHandler(Context.create(broker, endpoint, { crash: false }))
				.catch(protectReject)
				.then(res => expect(res).toBe(""Result"")),
			newHandler(Context.create(broker, endpoint, { crash: false }))
				.catch(protectReject)
				.then(res => expect(res).toBe(""Result"")),
			newHandler(Context.create(broker, endpoint, { crash: false }))
				.catch(protectReject)
				.then(res => expect(res).toBe(""Result"")),
			newHandler(Context.create(broker, endpoint, { crash: false }))
				.catch(protectReject)
				.then(res => expect(res).toBe(""Result"")),
			newHandler(Context.create(broker, endpoint, { crash: false }))
				.catch(protectReject)
				.then(res => expect(res).toBe(""Result"")),
			newHandler(Context.create(broker, endpoint, { crash: false }))
				.catch(protectReject)
				.then(res => expect(res).toBe(""Result"")),
			newHandler(Context.create(broker, endpoint, { crash: false }))
				.catch(protectReject)
				.then(res => expect(res).toBe(""Result""))
		])
			.catch(protectReject)
			.then(() => {
				expect(endpoint.state).toBe(true);
				expect(broker.broadcast).toHaveBeenCalledTimes(0);
				expect(broker.metrics.set).toHaveBeenCalledTimes(0);
				expect(broker.metrics.increment).toHaveBeenCalledTimes(0);
			});
	})",snuts
/test/unit/middlewares/bulkhead.spec.js,IdenticalTestDescription,"{'startLine':349,'endLine':354}","it(""should wrap handler if bulkhead is enabled"", () => {
			broker.options.bulkhead.enabled = true;

			const newHandler = mw.localEvent.call(broker, handler, event);
			expect(newHandler).not.toBe(handler);
		})",snuts
/test/unit/middlewares/bulkhead.spec.js,IdenticalTestDescription,"{'startLine':364,'endLine':487}","it(""should call 3 times immediately & 7 times after some delay (queueing)"", () => {
			event.bulkhead.enabled = true;
			event.bulkhead.concurrency = 3;
			event.bulkhead.maxQueueSize = 10;

			broker.metrics.set.mockClear();

			let FLOW = [];

			const handler = jest.fn(ctx => {
				FLOW.push(""handler-"" + ctx.params.id);
				return broker.Promise.delay(10 * ctx.params.id);
			});

			const newHandler = mw.localEvent.call(broker, handler, event);

			const ctxs = _.times(10, i => Context.create(broker, endpoint, { id: i + 1 }));
			Promise.all(ctxs.map(ctx => newHandler.call(broker, ctx)));

			expect(FLOW).toEqual(expect.arrayContaining([""handler-1"", ""handler-2"", ""handler-3""]));
			expect(handler).toHaveBeenCalledTimes(3);

			expect(broker.metrics.set).toHaveBeenCalledTimes(13);
			expect(broker.metrics.set).toHaveBeenNthCalledWith(
				1,
				""moleculer.event.bulkhead.inflight"",
				1,
				{ event: ""user.created"", service: ""posts"" }
			);
			expect(broker.metrics.set).toHaveBeenNthCalledWith(
				2,
				""moleculer.event.bulkhead.queue.size"",
				0,
				{ event: ""user.created"", service: ""posts"" }
			);
			expect(broker.metrics.set).toHaveBeenNthCalledWith(
				3,
				""moleculer.event.bulkhead.inflight"",
				2,
				{ event: ""user.created"", service: ""posts"" }
			);
			expect(broker.metrics.set).toHaveBeenNthCalledWith(
				4,
				""moleculer.event.bulkhead.queue.size"",
				0,
				{ event: ""user.created"", service: ""posts"" }
			);
			expect(broker.metrics.set).toHaveBeenNthCalledWith(
				5,
				""moleculer.event.bulkhead.inflight"",
				3,
				{ event: ""user.created"", service: ""posts"" }
			);
			expect(broker.metrics.set).toHaveBeenNthCalledWith(
				6,
				""moleculer.event.bulkhead.queue.size"",
				0,
				{ event: ""user.created"", service: ""posts"" }
			);
			expect(broker.metrics.set).toHaveBeenNthCalledWith(
				7,
				""moleculer.event.bulkhead.queue.size"",
				1,
				{ event: ""user.created"", service: ""posts"" }
			);
			expect(broker.metrics.set).toHaveBeenNthCalledWith(
				8,
				""moleculer.event.bulkhead.queue.size"",
				2,
				{ event: ""user.created"", service: ""posts"" }
			);
			expect(broker.metrics.set).toHaveBeenNthCalledWith(
				9,
				""moleculer.event.bulkhead.queue.size"",
				3,
				{ event: ""user.created"", service: ""posts"" }
			);
			expect(broker.metrics.set).toHaveBeenNthCalledWith(
				10,
				""moleculer.event.bulkhead.queue.size"",
				4,
				{ event: ""user.created"", service: ""posts"" }
			);
			expect(broker.metrics.set).toHaveBeenNthCalledWith(
				11,
				""moleculer.event.bulkhead.queue.size"",
				5,
				{ event: ""user.created"", service: ""posts"" }
			);
			expect(broker.metrics.set).toHaveBeenNthCalledWith(
				12,
				""moleculer.event.bulkhead.queue.size"",
				6,
				{ event: ""user.created"", service: ""posts"" }
			);
			expect(broker.metrics.set).toHaveBeenNthCalledWith(
				13,
				""moleculer.event.bulkhead.queue.size"",
				7,
				{ event: ""user.created"", service: ""posts"" }
			);
			broker.metrics.set.mockClear();

			FLOW = [];

			return broker.Promise.delay(500)
				.catch(protectReject)
				.then(() => {
					expect(FLOW).toEqual(
						expect.arrayContaining([
							""handler-4"",
							""handler-5"",
							""handler-6"",
							""handler-7"",
							""handler-8"",
							""handler-9"",
							""handler-10""
						])
					);
					expect(handler).toHaveBeenCalledTimes(10);

					expect(broker.metrics.set).toHaveBeenCalledTimes(34);
				});
		})",snuts
/test/unit/middlewares/bulkhead.spec.js,IdenticalTestDescription,"{'startLine':489,'endLine':534}","it(""should call 3 times immediately & 5 times after some delay (queueing) and throw error because 2 are out of queue size"", () => {
			event.bulkhead.enabled = true;
			event.bulkhead.concurrency = 3;
			event.bulkhead.maxQueueSize = 5;

			let FLOW = [];

			const handler = jest.fn(ctx => {
				FLOW.push(""handler-"" + ctx.params.id);
				return broker.Promise.delay(10 * ctx.params.id);
			});

			const newHandler = mw.localEvent.call(broker, handler, event);

			const ctxs = _.times(10, i => Context.create(broker, endpoint, { id: i + 1 }));
			const p = broker.Promise.all(
				ctxs.map(ctx =>
					newHandler
						.call(broker, ctx)
						.catch(err => FLOW.push(err.name + ""-"" + ctx.params.id))
				)
			);

			expect(FLOW).toEqual(expect.arrayContaining([""handler-1"", ""handler-2"", ""handler-3""]));
			expect(handler).toHaveBeenCalledTimes(3);

			FLOW = [];

			return p
				.delay(500)
				.catch(protectReject)
				.then(() => {
					expect(FLOW).toEqual(
						expect.arrayContaining([
							""handler-4"",
							""QueueIsFullError-9"",
							""QueueIsFullError-10"",
							""handler-5"",
							""handler-6"",
							""handler-7"",
							""handler-8""
						])
					);
					expect(handler).toHaveBeenCalledTimes(8);
				});
		})",snuts
/test/unit/middlewares/bulkhead.spec.js,IdenticalTestDescription,"{'startLine':536,'endLine':593}","it(""should call 3 times immediately & 7 times after some delay (queueing) and some request rejected"", () => {
			event.bulkhead.enabled = true;
			event.bulkhead.concurrency = 3;
			event.bulkhead.maxQueueSize = 10;
			broker.metrics.set.mockClear();

			let FLOW = [];

			const handler = jest.fn(ctx => {
				FLOW.push(""handler-"" + ctx.params.id);
				if (ctx.params.crash)
					return broker.Promise.reject(new Error(""Crashed"")).delay(10 * ctx.params.id);
				else return broker.Promise.delay(10 * ctx.params.id);
			});

			const newHandler = mw.localEvent.call(broker, handler, event);

			const ctxs = _.times(10, i =>
				Context.create(broker, endpoint, { id: i + 1, crash: i == 1 || i == 7 })
			);
			const p = broker.Promise.all(
				ctxs.map(ctx =>
					newHandler
						.call(broker, ctx)
						.catch(err => FLOW.push(err.name + ""-"" + ctx.params.id))
				)
			);

			expect(FLOW).toEqual(expect.arrayContaining([""handler-1"", ""handler-2"", ""handler-3""]));
			expect(handler).toHaveBeenCalledTimes(3);
			expect(broker.metrics.set).toHaveBeenCalledTimes(13);

			broker.metrics.set.mockClear();

			FLOW = [];

			return p
				.delay(500)
				.catch(protectReject)
				.then(() => {
					expect(FLOW).toEqual(
						expect.arrayContaining([
							""handler-4"",
							""Error-2"",
							""handler-5"",
							""handler-6"",
							""handler-7"",
							""handler-8"",
							""handler-9"",
							""Error-8"",
							""handler-10""
						])
					);
					expect(handler).toHaveBeenCalledTimes(10);

					expect(broker.metrics.set).toHaveBeenCalledTimes(34);
				});
		})",snuts
/test/unit/middlewares/bulkhead.spec.js,ConditionalTestLogic,"{'startLine':290,'endLine':292}","it(""should call 3 times immediately & 7 times after some delay (queueing) and some request rejected"", () => {
			action.bulkhead.enabled = true;
			action.bulkhead.concurrency = 3;
			action.bulkhead.maxQueueSize = 10;
			broker.metrics.set.mockClear();

			let FLOW = [];

			const handler = jest.fn(ctx => {
				FLOW.push(""handler-"" + ctx.params.id);
				if (ctx.params.crash)
					return broker.Promise.reject(new Error(""Crashed"")).delay(10 * ctx.params.id);
				else return broker.Promise.delay(10 * ctx.params.id);
			});

			const newHandler = mw.localAction.call(broker, handler, action);

			const ctxs = _.times(10, i =>
				Context.create(broker, endpoint, { id: i + 1, crash: i == 1 || i == 7 })
			);
			const p = broker.Promise.all(
				ctxs.map(ctx =>
					newHandler
						.call(broker, ctx)
						.catch(err => FLOW.push(err.name + ""-"" + ctx.params.id))
				)
			);

			expect(FLOW).toEqual(expect.arrayContaining([""handler-1"", ""handler-2"", ""handler-3""]));
			expect(handler).toHaveBeenCalledTimes(3);
			expect(broker.metrics.set).toHaveBeenCalledTimes(13);

			broker.metrics.set.mockClear();

			FLOW = [];

			return p
				.delay(500)
				.catch(protectReject)
				.then(() => {
					expect(FLOW).toEqual(
						expect.arrayContaining([
							""handler-4"",
							""Error-2"",
							""handler-5"",
							""handler-6"",
							""handler-7"",
							""handler-8"",
							""handler-9"",
							""Error-8"",
							""handler-10""
						])
					);
					expect(handler).toHaveBeenCalledTimes(10);

					expect(broker.metrics.set).toHaveBeenCalledTimes(34);
				});
		})",snuts
/test/unit/middlewares/bulkhead.spec.js,ConditionalTestLogic,"{'startLine':546,'endLine':548}","it(""should call 3 times immediately & 7 times after some delay (queueing) and some request rejected"", () => {
			event.bulkhead.enabled = true;
			event.bulkhead.concurrency = 3;
			event.bulkhead.maxQueueSize = 10;
			broker.metrics.set.mockClear();

			let FLOW = [];

			const handler = jest.fn(ctx => {
				FLOW.push(""handler-"" + ctx.params.id);
				if (ctx.params.crash)
					return broker.Promise.reject(new Error(""Crashed"")).delay(10 * ctx.params.id);
				else return broker.Promise.delay(10 * ctx.params.id);
			});

			const newHandler = mw.localEvent.call(broker, handler, event);

			const ctxs = _.times(10, i =>
				Context.create(broker, endpoint, { id: i + 1, crash: i == 1 || i == 7 })
			);
			const p = broker.Promise.all(
				ctxs.map(ctx =>
					newHandler
						.call(broker, ctx)
						.catch(err => FLOW.push(err.name + ""-"" + ctx.params.id))
				)
			);

			expect(FLOW).toEqual(expect.arrayContaining([""handler-1"", ""handler-2"", ""handler-3""]));
			expect(handler).toHaveBeenCalledTimes(3);
			expect(broker.metrics.set).toHaveBeenCalledTimes(13);

			broker.metrics.set.mockClear();

			FLOW = [];

			return p
				.delay(500)
				.catch(protectReject)
				.then(() => {
					expect(FLOW).toEqual(
						expect.arrayContaining([
							""handler-4"",
							""Error-2"",
							""handler-5"",
							""handler-6"",
							""handler-7"",
							""handler-8"",
							""handler-9"",
							""Error-8"",
							""handler-10""
						])
					);
					expect(handler).toHaveBeenCalledTimes(10);

					expect(broker.metrics.set).toHaveBeenCalledTimes(34);
				});
		})",snuts
/test/unit/middlewares/bulkhead.spec.js,VerboseStatement,"{'startLine':110,'endLine':231}","it(""should call 3 times immediately & 7 times after some delay (queueing)"", () => {
			action.bulkhead.enabled = true;
			action.bulkhead.concurrency = 3;
			action.bulkhead.maxQueueSize = 10;

			let FLOW = [];

			const handler = jest.fn(ctx => {
				FLOW.push(""handler-"" + ctx.params.id);
				return broker.Promise.delay(10 * ctx.params.id);
			});

			const newHandler = mw.localAction.call(broker, handler, action);

			const ctxs = _.times(10, i => Context.create(broker, endpoint, { id: i + 1 }));
			Promise.all(ctxs.map(ctx => newHandler.call(broker, ctx)));

			expect(FLOW).toEqual(expect.arrayContaining([""handler-1"", ""handler-2"", ""handler-3""]));
			expect(handler).toHaveBeenCalledTimes(3);

			expect(broker.metrics.set).toHaveBeenCalledTimes(13);
			expect(broker.metrics.set).toHaveBeenNthCalledWith(
				1,
				""moleculer.request.bulkhead.inflight"",
				1,
				{ action: ""posts.find"", service: ""posts"" }
			);
			expect(broker.metrics.set).toHaveBeenNthCalledWith(
				2,
				""moleculer.request.bulkhead.queue.size"",
				0,
				{ action: ""posts.find"", service: ""posts"" }
			);
			expect(broker.metrics.set).toHaveBeenNthCalledWith(
				3,
				""moleculer.request.bulkhead.inflight"",
				2,
				{ action: ""posts.find"", service: ""posts"" }
			);
			expect(broker.metrics.set).toHaveBeenNthCalledWith(
				4,
				""moleculer.request.bulkhead.queue.size"",
				0,
				{ action: ""posts.find"", service: ""posts"" }
			);
			expect(broker.metrics.set).toHaveBeenNthCalledWith(
				5,
				""moleculer.request.bulkhead.inflight"",
				3,
				{ action: ""posts.find"", service: ""posts"" }
			);
			expect(broker.metrics.set).toHaveBeenNthCalledWith(
				6,
				""moleculer.request.bulkhead.queue.size"",
				0,
				{ action: ""posts.find"", service: ""posts"" }
			);
			expect(broker.metrics.set).toHaveBeenNthCalledWith(
				7,
				""moleculer.request.bulkhead.queue.size"",
				1,
				{ action: ""posts.find"", service: ""posts"" }
			);
			expect(broker.metrics.set).toHaveBeenNthCalledWith(
				8,
				""moleculer.request.bulkhead.queue.size"",
				2,
				{ action: ""posts.find"", service: ""posts"" }
			);
			expect(broker.metrics.set).toHaveBeenNthCalledWith(
				9,
				""moleculer.request.bulkhead.queue.size"",
				3,
				{ action: ""posts.find"", service: ""posts"" }
			);
			expect(broker.metrics.set).toHaveBeenNthCalledWith(
				10,
				""moleculer.request.bulkhead.queue.size"",
				4,
				{ action: ""posts.find"", service: ""posts"" }
			);
			expect(broker.metrics.set).toHaveBeenNthCalledWith(
				11,
				""moleculer.request.bulkhead.queue.size"",
				5,
				{ action: ""posts.find"", service: ""posts"" }
			);
			expect(broker.metrics.set).toHaveBeenNthCalledWith(
				12,
				""moleculer.request.bulkhead.queue.size"",
				6,
				{ action: ""posts.find"", service: ""posts"" }
			);
			expect(broker.metrics.set).toHaveBeenNthCalledWith(
				13,
				""moleculer.request.bulkhead.queue.size"",
				7,
				{ action: ""posts.find"", service: ""posts"" }
			);
			broker.metrics.set.mockClear();

			FLOW = [];

			return broker.Promise.delay(500)
				.catch(protectReject)
				.then(() => {
					expect(FLOW).toEqual(
						expect.arrayContaining([
							""handler-4"",
							""handler-5"",
							""handler-6"",
							""handler-7"",
							""handler-8"",
							""handler-9"",
							""handler-10""
						])
					);
					expect(handler).toHaveBeenCalledTimes(10);

					expect(broker.metrics.set).toHaveBeenCalledTimes(34);
				});
		})",snuts
/test/unit/middlewares/bulkhead.spec.js,VerboseStatement,"{'startLine':280,'endLine':337}","it(""should call 3 times immediately & 7 times after some delay (queueing) and some request rejected"", () => {
			action.bulkhead.enabled = true;
			action.bulkhead.concurrency = 3;
			action.bulkhead.maxQueueSize = 10;
			broker.metrics.set.mockClear();

			let FLOW = [];

			const handler = jest.fn(ctx => {
				FLOW.push(""handler-"" + ctx.params.id);
				if (ctx.params.crash)
					return broker.Promise.reject(new Error(""Crashed"")).delay(10 * ctx.params.id);
				else return broker.Promise.delay(10 * ctx.params.id);
			});

			const newHandler = mw.localAction.call(broker, handler, action);

			const ctxs = _.times(10, i =>
				Context.create(broker, endpoint, { id: i + 1, crash: i == 1 || i == 7 })
			);
			const p = broker.Promise.all(
				ctxs.map(ctx =>
					newHandler
						.call(broker, ctx)
						.catch(err => FLOW.push(err.name + ""-"" + ctx.params.id))
				)
			);

			expect(FLOW).toEqual(expect.arrayContaining([""handler-1"", ""handler-2"", ""handler-3""]));
			expect(handler).toHaveBeenCalledTimes(3);
			expect(broker.metrics.set).toHaveBeenCalledTimes(13);

			broker.metrics.set.mockClear();

			FLOW = [];

			return p
				.delay(500)
				.catch(protectReject)
				.then(() => {
					expect(FLOW).toEqual(
						expect.arrayContaining([
							""handler-4"",
							""Error-2"",
							""handler-5"",
							""handler-6"",
							""handler-7"",
							""handler-8"",
							""handler-9"",
							""Error-8"",
							""handler-10""
						])
					);
					expect(handler).toHaveBeenCalledTimes(10);

					expect(broker.metrics.set).toHaveBeenCalledTimes(34);
				});
		})",snuts
/test/unit/middlewares/bulkhead.spec.js,VerboseStatement,"{'startLine':364,'endLine':487}","it(""should call 3 times immediately & 7 times after some delay (queueing)"", () => {
			event.bulkhead.enabled = true;
			event.bulkhead.concurrency = 3;
			event.bulkhead.maxQueueSize = 10;

			broker.metrics.set.mockClear();

			let FLOW = [];

			const handler = jest.fn(ctx => {
				FLOW.push(""handler-"" + ctx.params.id);
				return broker.Promise.delay(10 * ctx.params.id);
			});

			const newHandler = mw.localEvent.call(broker, handler, event);

			const ctxs = _.times(10, i => Context.create(broker, endpoint, { id: i + 1 }));
			Promise.all(ctxs.map(ctx => newHandler.call(broker, ctx)));

			expect(FLOW).toEqual(expect.arrayContaining([""handler-1"", ""handler-2"", ""handler-3""]));
			expect(handler).toHaveBeenCalledTimes(3);

			expect(broker.metrics.set).toHaveBeenCalledTimes(13);
			expect(broker.metrics.set).toHaveBeenNthCalledWith(
				1,
				""moleculer.event.bulkhead.inflight"",
				1,
				{ event: ""user.created"", service: ""posts"" }
			);
			expect(broker.metrics.set).toHaveBeenNthCalledWith(
				2,
				""moleculer.event.bulkhead.queue.size"",
				0,
				{ event: ""user.created"", service: ""posts"" }
			);
			expect(broker.metrics.set).toHaveBeenNthCalledWith(
				3,
				""moleculer.event.bulkhead.inflight"",
				2,
				{ event: ""user.created"", service: ""posts"" }
			);
			expect(broker.metrics.set).toHaveBeenNthCalledWith(
				4,
				""moleculer.event.bulkhead.queue.size"",
				0,
				{ event: ""user.created"", service: ""posts"" }
			);
			expect(broker.metrics.set).toHaveBeenNthCalledWith(
				5,
				""moleculer.event.bulkhead.inflight"",
				3,
				{ event: ""user.created"", service: ""posts"" }
			);
			expect(broker.metrics.set).toHaveBeenNthCalledWith(
				6,
				""moleculer.event.bulkhead.queue.size"",
				0,
				{ event: ""user.created"", service: ""posts"" }
			);
			expect(broker.metrics.set).toHaveBeenNthCalledWith(
				7,
				""moleculer.event.bulkhead.queue.size"",
				1,
				{ event: ""user.created"", service: ""posts"" }
			);
			expect(broker.metrics.set).toHaveBeenNthCalledWith(
				8,
				""moleculer.event.bulkhead.queue.size"",
				2,
				{ event: ""user.created"", service: ""posts"" }
			);
			expect(broker.metrics.set).toHaveBeenNthCalledWith(
				9,
				""moleculer.event.bulkhead.queue.size"",
				3,
				{ event: ""user.created"", service: ""posts"" }
			);
			expect(broker.metrics.set).toHaveBeenNthCalledWith(
				10,
				""moleculer.event.bulkhead.queue.size"",
				4,
				{ event: ""user.created"", service: ""posts"" }
			);
			expect(broker.metrics.set).toHaveBeenNthCalledWith(
				11,
				""moleculer.event.bulkhead.queue.size"",
				5,
				{ event: ""user.created"", service: ""posts"" }
			);
			expect(broker.metrics.set).toHaveBeenNthCalledWith(
				12,
				""moleculer.event.bulkhead.queue.size"",
				6,
				{ event: ""user.created"", service: ""posts"" }
			);
			expect(broker.metrics.set).toHaveBeenNthCalledWith(
				13,
				""moleculer.event.bulkhead.queue.size"",
				7,
				{ event: ""user.created"", service: ""posts"" }
			);
			broker.metrics.set.mockClear();

			FLOW = [];

			return broker.Promise.delay(500)
				.catch(protectReject)
				.then(() => {
					expect(FLOW).toEqual(
						expect.arrayContaining([
							""handler-4"",
							""handler-5"",
							""handler-6"",
							""handler-7"",
							""handler-8"",
							""handler-9"",
							""handler-10""
						])
					);
					expect(handler).toHaveBeenCalledTimes(10);

					expect(broker.metrics.set).toHaveBeenCalledTimes(34);
				});
		})",snuts
/test/unit/middlewares/bulkhead.spec.js,VerboseStatement,"{'startLine':536,'endLine':593}","it(""should call 3 times immediately & 7 times after some delay (queueing) and some request rejected"", () => {
			event.bulkhead.enabled = true;
			event.bulkhead.concurrency = 3;
			event.bulkhead.maxQueueSize = 10;
			broker.metrics.set.mockClear();

			let FLOW = [];

			const handler = jest.fn(ctx => {
				FLOW.push(""handler-"" + ctx.params.id);
				if (ctx.params.crash)
					return broker.Promise.reject(new Error(""Crashed"")).delay(10 * ctx.params.id);
				else return broker.Promise.delay(10 * ctx.params.id);
			});

			const newHandler = mw.localEvent.call(broker, handler, event);

			const ctxs = _.times(10, i =>
				Context.create(broker, endpoint, { id: i + 1, crash: i == 1 || i == 7 })
			);
			const p = broker.Promise.all(
				ctxs.map(ctx =>
					newHandler
						.call(broker, ctx)
						.catch(err => FLOW.push(err.name + ""-"" + ctx.params.id))
				)
			);

			expect(FLOW).toEqual(expect.arrayContaining([""handler-1"", ""handler-2"", ""handler-3""]));
			expect(handler).toHaveBeenCalledTimes(3);
			expect(broker.metrics.set).toHaveBeenCalledTimes(13);

			broker.metrics.set.mockClear();

			FLOW = [];

			return p
				.delay(500)
				.catch(protectReject)
				.then(() => {
					expect(FLOW).toEqual(
						expect.arrayContaining([
							""handler-4"",
							""Error-2"",
							""handler-5"",
							""handler-6"",
							""handler-7"",
							""handler-8"",
							""handler-9"",
							""Error-8"",
							""handler-10""
						])
					);
					expect(handler).toHaveBeenCalledTimes(10);

					expect(broker.metrics.set).toHaveBeenCalledTimes(34);
				});
		})",snuts
/test/unit/middlewares/action-hook.spec.js,IdenticalTestDescription,"{'startLine':446,'endLine':503}","it(""should call simple before & after hooks"", () => {
		service.schema.hooks = {
			before: {
				""*""(ctx) {
					FLOW.push(""before-all-hook"");
					ctx.params.hundred = 100;
				},
				""find-*""(ctx) {
					FLOW.push(""before-hook-find-*"");
					ctx.params.second = 2;
				}
			},
			after: {
				""find-*""(ctx, res) {
					FLOW.push(""after-hook-find-*"");
					return Object.assign(res, { b: 200 });
				},
				""*""(ctx, res) {
					FLOW.push(""after-all-hook"");
					return Object.assign(res, { x: 999 });
				}
			}
		};

		FLOW = [];

		const handler = jest.fn(ctx => {
			FLOW.push(""handler-"" + ctx.params.first + ""-"" + ctx.params.second);
			return broker.Promise.resolve({ a: 100 });
		});

		const newHandler = mw.localAction.call(broker, handler, action);

		const ctx = Context.create(broker, endpoint, { first: 1 });

		return newHandler
			.call(broker, ctx)
			.catch(protectReject)
			.then(res => {
				expect(res).toEqual({
					a: 100,
					b: 200,
					c: 300,
					x: 999
				});

				expect(FLOW).toEqual([
					""before-all-hook"",
					""before-hook-find-*"",
					""before-action-hook"",
					""handler-1-2"",
					""after-action-hook"",
					""after-hook-find-*"",
					""after-all-hook""
				]);
				expect(handler).toHaveBeenCalledTimes(1);
			});
	})",snuts
/test/unit/middlewares/action-hook.spec.js,IdenticalTestDescription,"{'startLine':505,'endLine':550}","it(""should call simple error hooks"", () => {
		service.schema.hooks = {
			error: {
				""find-*""(ctx, err) {
					FLOW.push(""error-hook-find-*"");
					throw err;
				},
				list(ctx, err) {
					FLOW.push(""error-other-hook"");
					throw err;
				},
				""*""(ctx, err) {
					FLOW.push(""error-all-hook"");
					throw err;
				}
			}
		};

		FLOW = [];
		const error = new MoleculerError(""Simple error"");

		const handler = jest.fn(() => {
			FLOW.push(""handler"");
			return broker.Promise.reject(error);
		});

		const newHandler = mw.localAction.call(broker, handler, action);

		const ctx = Context.create(broker, endpoint, { first: 1 });

		return newHandler
			.call(broker, ctx)
			.then(protectReject)
			.catch(err => {
				expect(err).toBe(error);

				expect(FLOW).toEqual([
					""before-action-hook"",
					""handler"",
					""error-action-hook"",
					""error-hook-find-*"",
					""error-all-hook""
				]);
				expect(handler).toHaveBeenCalledTimes(1);
			});
	})",snuts
/test/unit/middlewares/action-hook.spec.js,IdenticalTestDescription,"{'startLine':552,'endLine':692}","it(""should call multiple before & after hooks"", () => {
		service.schema.hooks = {
			before: {
				""*"": [
					function (ctx) {
						FLOW.push(""before-all-hook-1"");
						ctx.params.hundred = 100;
					},
					function (ctx) {
						FLOW.push(""before-all-hook-2"");
						ctx.params.hundred = 101;
					}
				],
				""find-*"": [
					function (ctx) {
						FLOW.push(""before-hook-1-find-*"");
						ctx.params.second = 2;
					},
					function (ctx) {
						FLOW.push(""before-hook-2-find-*"");
						ctx.params.third = 3;
					}
				],
				""find-post"": [
					function (ctx) {
						FLOW.push(""before-hook-3-regular"");
						ctx.params.fourth = 4;
					},
					function (ctx) {
						FLOW.push(""before-hook-4-regular"");
						ctx.params.fifth = 5;
					}
				],
				""*-post"": [
					function (ctx) {
						FLOW.push(""before-hook-5-*-post"");
						ctx.params.sixth = 6;
					},
					function (ctx) {
						FLOW.push(""before-hook-6-*-post"");
						ctx.params.seventh = 4;
					}
				]
			},
			after: {
				""find-post"": [
					function (ctx, res) {
						FLOW.push(""after-hook-1-regular"");
						return Object.assign(res, { b: 200 });
					},
					function (ctx, res) {
						FLOW.push(""after-hook-2-regular"");
						return Object.assign(res, { c: 300 });
					}
				],
				""find-*"": [
					function (ctx, res) {
						FLOW.push(""after-hook-4-find-*"");
						return Object.assign(res, { d: 400 });
					},
					function (ctx, res) {
						FLOW.push(""after-hook-5-find-*"");
						return Object.assign(res, { e: 500 });
					}
				],
				""*-post"": [
					function (ctx, res) {
						FLOW.push(""after-hook-6-*-post"");
						return Object.assign(res, { f: 600 });
					},
					function (ctx, res) {
						FLOW.push(""after-hook-7-*-post"");
						return Object.assign(res, { g: 700 });
					}
				],
				""*"": [
					function (ctx, res) {
						FLOW.push(""after-all-hook-1"");
						return Object.assign(res, { x: 999 });
					},
					function (ctx, res) {
						FLOW.push(""after-all-hook-2"");
						res.x = 909;
						return res;
					}
				]
			}
		};

		FLOW = [];

		const handler = jest.fn(ctx => {
			FLOW.push(
				""handler-"" + ctx.params.first + ""-"" + ctx.params.second + ""-"" + ctx.params.third
			);
			return broker.Promise.resolve({ a: 100 });
		});

		const newHandler = mw.localAction.call(broker, handler, action);

		const ctx = Context.create(broker, endpoint, { first: 1 });

		return newHandler
			.call(broker, ctx)
			.catch(protectReject)
			.then(res => {
				expect(res).toEqual({
					a: 100,
					b: 200,
					c: 300,
					d: 400,
					e: 500,
					f: 600,
					g: 700,
					x: 909
				});

				expect(FLOW).toEqual([
					""before-all-hook-1"",
					""before-all-hook-2"",
					""before-hook-1-find-*"",
					""before-hook-2-find-*"",
					""before-hook-3-regular"",
					""before-hook-4-regular"",
					""before-hook-5-*-post"",
					""before-hook-6-*-post"",
					""before-action-hook"",
					""handler-1-2-3"",
					""after-action-hook"",
					""after-hook-1-regular"",
					""after-hook-2-regular"",
					""after-hook-4-find-*"",
					""after-hook-5-find-*"",
					""after-hook-6-*-post"",
					""after-hook-7-*-post"",
					""after-all-hook-1"",
					""after-all-hook-2""
				]);
				expect(handler).toHaveBeenCalledTimes(1);
			});
	})",snuts
/test/unit/middlewares/action-hook.spec.js,IdenticalTestDescription,"{'startLine':694,'endLine':790}","it(""should call multiple error hooks"", () => {
		service.schema.hooks = {
			error: {
				""find-post"": [
					function (ctx, err) {
						FLOW.push(""error-hook-1-regular"");
						err.a = 100;
						throw err;
					},
					function (ctx, err) {
						FLOW.push(""error-hook-2-regular"");
						err.b = 200;
						throw err;
					}
				],
				""find-*"": [
					function (ctx, err) {
						FLOW.push(""error-hook-3-find*"");
						err.c = 300;
						throw err;
					},
					function (ctx, err) {
						FLOW.push(""error-hook-4-find*"");
						err.d = 400;
						throw err;
					}
				],
				""*-post"": [
					function (ctx, err) {
						FLOW.push(""error-hook-5-*-post"");
						err.e = 500;
						throw err;
					},
					function (ctx, err) {
						FLOW.push(""error-hook-6-*-post"");
						err.f = 600;
						throw err;
					}
				],
				""*"": [
					function (ctx, err) {
						FLOW.push(""error-all-hook-1"");
						err.x = 999;
						err.y = 888;
						throw err;
					},
					function (ctx, err) {
						FLOW.push(""error-all-hook-2"");
						err.x = 909;
						throw err;
					}
				]
			}
		};

		FLOW = [];
		const error = new MoleculerError(""Simple error"");

		const handler = jest.fn(() => {
			FLOW.push(""handler"");
			return broker.Promise.reject(error);
		});

		const newHandler = mw.localAction.call(broker, handler, action);

		const ctx = Context.create(broker, endpoint, { first: 1 });

		return newHandler
			.call(broker, ctx)
			.then(protectReject)
			.catch(err => {
				expect(err).toBe(error);
				expect(err.a).toBe(100);
				expect(err.b).toBe(200);
				expect(err.c).toBe(300);
				expect(err.d).toBe(400);
				expect(err.e).toBe(500);
				expect(err.f).toBe(600);
				expect(err.x).toBe(909);
				expect(err.y).toBe(888);

				expect(FLOW).toEqual([
					""before-action-hook"",
					""handler"",
					""error-action-hook"",
					""error-hook-1-regular"",
					""error-hook-2-regular"",
					""error-hook-3-find*"",
					""error-hook-4-find*"",
					""error-hook-5-*-post"",
					""error-hook-6-*-post"",
					""error-all-hook-1"",
					""error-all-hook-2""
				]);
				expect(handler).toHaveBeenCalledTimes(1);
			});
	})",snuts
/test/unit/middlewares/action-hook.spec.js,IdenticalTestDescription,"{'startLine':792,'endLine':857}","it(""should call service method hooks if the hook is a 'string'"", () => {
		service.schema.hooks = {
			before: {
				""find-post"": [
					function (ctx) {
						FLOW.push(""before-hook-1-regular"");
						ctx.params.second = 2;
					},
					""beforeHookMethod""
				],
				""find-*"": [
					function (ctx) {
						FLOW.push(""before-hook-2-find-*"");
						ctx.params.third = 3;
					},
					""beforeHookMethod""
				],
				""*-post"": [
					function (ctx) {
						FLOW.push(""before-hook-3-*-post"");
						ctx.params.fourth = 4;
					},
					""beforeHookMethod""
				]
			},
			after: {
				""find-post"": ""afterHookMethod""
			}
		};

		FLOW = [];

		const handler = jest.fn(ctx => {
			FLOW.push(""handler-"" + ctx.params.first + ""-"" + ctx.params.second);
			return broker.Promise.resolve({ a: 100 });
		});

		const newHandler = mw.localAction.call(broker, handler, action);

		const ctx = Context.create(broker, endpoint, { first: 1 });

		return newHandler
			.call(broker, ctx)
			.catch(protectReject)
			.then(res => {
				expect(res).toEqual({
					a: 100,
					b: 200,
					c: 300
				});

				expect(FLOW).toEqual([
					""before-hook-1-regular"",
					""method-before-hook-find-post"",
					""before-hook-2-find-*"",
					""method-before-hook-find-post"",
					""before-hook-3-*-post"",
					""method-before-hook-find-post"",
					""before-action-hook"",
					""handler-1-2"",
					""after-action-hook"",
					""method-after-hook-find-post""
				]);
				expect(handler).toHaveBeenCalledTimes(1);
			});
	})",snuts
/test/unit/metrics/registry.spec.js,IdenticalTestDescription,"{'startLine':229,'endLine':240}","it(""should return null if metrics disabled"", () => {
			const metric = new MetricRegistry(broker, {
				enabled: false,
				collectProcessMetrics: false
			});
			metric.register({ name: ""test.first"", type: ""counter"" });
			metric.register({ name: ""test.second"", type: ""gauge"" });

			expect(metric.getMetric(""test.first"")).toBeNull();
			expect(metric.getMetric(""test.second"")).toBeNull();
			expect(metric.getMetric(""test.third"")).toBeNull();
		})",snuts
/test/unit/metrics/registry.spec.js,SubOptimalAssert,"{'startLine':123,'endLine':123}","it(""should create multiple reporters"", () => {
			const metric = new MetricRegistry(broker, {
				collectProcessMetrics: false,
				reporter: [
					""Event"",
					null,
					{
						type: ""Console""
					}
				]
			});
			MetricCommons.registerCommonMetrics.mockClear();
			MetricCommons.updateCommonMetrics.mockClear();

			metric.init();

			expect(metric.reporter).toBeInstanceOf(Array);
			expect(metric.reporter.length).toBe(2);
			expect(metric.reporter[0]).toBeInstanceOf(MetricReporters.Event);
			expect(metric.reporter[1]).toBeInstanceOf(MetricReporters.Console);
		})",snuts
/test/unit/loggers/winston.spec.js,VerboseStatement,"{'startLine':94,'endLine':131}","it(""should create a child logger"", () => {
			const logger = new WinstonLogger({ level: ""trace"" });
			logger.init(loggerFactory);

			const logHandler = logger.getLogHandler({ mod: ""my-service"", nodeID: ""node-1"" });
			expect(logHandler).toBeInstanceOf(Function);
			expect(logger.winston.child).toHaveBeenCalledTimes(1);
			expect(logger.winston.child).toHaveBeenCalledWith({
				level: ""trace"",
				mod: ""my-service"",
				nodeID: ""node-1""
			});

			logHandler(""info"", [""message"", { a: 5 }]);
			expect(childFakeLogger.info).toHaveBeenCalledTimes(1);
			expect(childFakeLogger.info).toHaveBeenCalledWith(""message"", { a: 5 });

			logHandler(""fatal"", [""message"", { a: 5 }]);
			expect(childFakeLogger.error).toHaveBeenCalledTimes(1);
			expect(childFakeLogger.error).toHaveBeenCalledWith(""message"", { a: 5 });

			childFakeLogger.error.mockClear();
			logHandler(""error"", [""message"", { a: 5 }]);
			expect(childFakeLogger.error).toHaveBeenCalledTimes(1);
			expect(childFakeLogger.error).toHaveBeenCalledWith(""message"", { a: 5 });

			logHandler(""warn"", [""message"", { a: 5 }]);
			expect(childFakeLogger.warn).toHaveBeenCalledTimes(1);
			expect(childFakeLogger.warn).toHaveBeenCalledWith(""message"", { a: 5 });

			logHandler(""debug"", [""message"", { a: 5 }]);
			expect(childFakeLogger.debug).toHaveBeenCalledTimes(1);
			expect(childFakeLogger.debug).toHaveBeenCalledWith(""message"", { a: 5 });

			logHandler(""trace"", [""message"", { a: 5 }]);
			expect(childFakeLogger.log).toHaveBeenCalledTimes(1);
			expect(childFakeLogger.log).toHaveBeenCalledWith(""silly"", ""message"", { a: 5 });
		})",snuts
/test/unit/loggers/winston.spec.js,VerboseStatement,"{'startLine':133,'endLine':156}","it(""should not call logger if level is lower"", () => {
			fakeLogger.child.mockClear();
			childFakeLogger.info.mockClear();
			childFakeLogger.debug.mockClear();

			const logger = new WinstonLogger({ level: ""info"" });
			logger.init(loggerFactory);

			const logHandler = logger.getLogHandler({ mod: ""my-service"", nodeID: ""node-1"" });
			expect(logHandler).toBeInstanceOf(Function);
			expect(logger.winston.child).toHaveBeenCalledTimes(1);
			expect(logger.winston.child).toHaveBeenCalledWith({
				level: ""info"",
				mod: ""my-service"",
				nodeID: ""node-1""
			});

			logHandler(""info"", [""message"", { a: 5 }]);
			expect(childFakeLogger.info).toHaveBeenCalledTimes(1);
			expect(childFakeLogger.info).toHaveBeenCalledWith(""message"", { a: 5 });

			logHandler(""debug"", [""message"", { a: 5 }]);
			expect(childFakeLogger.debug).toHaveBeenCalledTimes(0);
		})",snuts
/test/unit/loggers/formatted.spec.js,GeneralFixture,"{'startLine':167,'endLine':167}","beforeAll(() => {
			clock = lolex.install({ now: 1234567899990 });
		})",snuts
/test/unit/loggers/formatted.spec.js,IdenticalTestDescription,"{'startLine':292,'endLine':316}","it(""should create short formatter"", () => {
				const logger = new FormattedLogger({
					level: ""trace"",
					formatter: ""short"",
					autoPadding: true
				});
				logger.init(loggerFactory);

				const formatter = logger.getFormatter({ mod: ""my-service"", nodeID: ""node-1"" });
				expect(formatter(""debug"", [""message"", { a: 5 }])).toEqual([
					""[23:31:39.990Z]"",
					""DEBUG"",
					""MY-SERVICE:"",
					""message"",
					""{ a: 5 }""
				]);

				const formatter2 = logger.getFormatter({ mod: ""short"", nodeID: ""n-2"" });
				expect(formatter2(""debug"", [""message2""])).toEqual([
					""[23:31:39.990Z]"",
					""DEBUG"",
					""SHORT     :"",
					""message2""
				]);
			})",snuts
/test/unit/loggers/console.spec.js,VerboseStatement,"{'startLine':59,'endLine':100}","it(""should create a child logger"", () => {
			const logger = new ConsoleLogger({ level: ""trace"" });
			logger.init(loggerFactory);
			logger.getFormatter = jest.fn(() => (type, args) => args);

			const logHandler = logger.getLogHandler({ mod: ""my-service"", nodeID: ""node-1"" });
			expect(logHandler).toBeInstanceOf(Function);
			expect(logger.getFormatter).toHaveBeenCalledTimes(1);
			expect(logger.getFormatter).toHaveBeenCalledWith({
				mod: ""my-service"",
				nodeID: ""node-1""
			});

			logHandler(""fatal"", [""message"", { a: 5 }]);
			expect(console.error).toHaveBeenCalledTimes(1);
			expect(console.error).toHaveBeenCalledWith(""message"", { a: 5 });

			console.error.mockClear();
			logHandler(""error"", [""message"", { a: 5 }]);
			expect(console.error).toHaveBeenCalledTimes(1);
			expect(console.error).toHaveBeenCalledWith(""message"", { a: 5 });

			console.warn.mockClear();
			logHandler(""warn"", [""message"", { a: 5 }]);
			expect(console.warn).toHaveBeenCalledTimes(1);
			expect(console.warn).toHaveBeenCalledWith(""message"", { a: 5 });

			console.log.mockClear();
			logHandler(""info"", [""message"", { a: 5 }]);
			expect(console.log).toHaveBeenCalledTimes(1);
			expect(console.log).toHaveBeenCalledWith(""message"", { a: 5 });

			console.log.mockClear();
			logHandler(""debug"", [""message"", { a: 5 }]);
			expect(console.log).toHaveBeenCalledTimes(1);
			expect(console.log).toHaveBeenCalledWith(""message"", { a: 5 });

			console.log.mockClear();
			logHandler(""trace"", [""message"", { a: 5 }]);
			expect(console.log).toHaveBeenCalledTimes(1);
			expect(console.log).toHaveBeenCalledWith(""message"", { a: 5 });
		})",snuts
/test/unit/loggers/console.spec.js,VerboseStatement,"{'startLine':102,'endLine':142}","it(""should not call console if level is lower"", () => {
			const logger = new ConsoleLogger({ level: ""info"" });
			logger.init(loggerFactory);
			logger.getFormatter = jest.fn(() => (type, args) => args);

			const logHandler = logger.getLogHandler({ mod: ""my-service"", nodeID: ""node-1"" });
			expect(logHandler).toBeInstanceOf(Function);
			expect(logger.getFormatter).toHaveBeenCalledTimes(1);
			expect(logger.getFormatter).toHaveBeenCalledWith({
				mod: ""my-service"",
				nodeID: ""node-1""
			});

			console.error.mockClear();
			logHandler(""fatal"", [""message"", { a: 5 }]);
			expect(console.error).toHaveBeenCalledTimes(1);
			expect(console.error).toHaveBeenCalledWith(""message"", { a: 5 });

			console.error.mockClear();
			logHandler(""error"", [""message"", { a: 5 }]);
			expect(console.error).toHaveBeenCalledTimes(1);
			expect(console.error).toHaveBeenCalledWith(""message"", { a: 5 });

			console.warn.mockClear();
			logHandler(""warn"", [""message"", { a: 5 }]);
			expect(console.warn).toHaveBeenCalledTimes(1);
			expect(console.warn).toHaveBeenCalledWith(""message"", { a: 5 });

			console.log.mockClear();
			logHandler(""info"", [""message"", { a: 5 }]);
			expect(console.log).toHaveBeenCalledTimes(1);
			expect(console.log).toHaveBeenCalledWith(""message"", { a: 5 });

			console.log.mockClear();
			logHandler(""debug"", [""message"", { a: 5 }]);
			expect(console.log).toHaveBeenCalledTimes(0);

			console.log.mockClear();
			logHandler(""trace"", [""message"", { a: 5 }]);
			expect(console.log).toHaveBeenCalledTimes(0);
		})",snuts
/test/unit/loggers/base.spec.js,IdenticalTestDescription,"{'startLine':51,'endLine':56}","it(""should create a default logger"", async () => {
			const logger = new BaseLogger();
			logger.init(loggerFactory);

			await logger.stop();
		})",snuts
/test/unit/cachers/redis.spec.js,GeneralFixture,"{'startLine':662,'endLine':662}","beforeEach(() => {
			unlock1 = jest.fn(() => Promise.resolve());
			unlock2 = jest.fn(() => Promise.resolve());
			cacher.redlock.lock = jest.fn(() => {
				return Promise.resolve({
					unlock: unlock1
				});
			});
			cacher.redlockNonBlocking.lock = jest.fn(() => {
				return Promise.resolve({
					unlock: unlock2
				});
			});
		})",snuts
/test/unit/cachers/redis.spec.js,IdenticalTestDescription,"{'startLine':90,'endLine':106}","it(""should create Redis client with default options"", () => {
		const opts = { redis: { host: ""1.2.3.4"" } };
		const cacher = new RedisCacher(opts);

		jest.spyOn(Serializers.JSON.prototype, ""init"");
		Redis.mockClear();
		cacher.init(broker);

		// expect(cacher.client).toBeInstanceOf(Redis);
		expect(cacher.serializer).toBeInstanceOf(Serializers.JSON);

		expect(Redis).toHaveBeenCalledTimes(1);
		expect(Redis).toHaveBeenCalledWith(opts.redis);

		expect(Serializers.JSON.prototype.init).toHaveBeenCalledTimes(1);
		expect(Serializers.JSON.prototype.init).toHaveBeenCalledWith(broker);
	})",snuts
/test/unit/cachers/redis.spec.js,IdenticalTestDescription,"{'startLine':445,'endLine':454}","it(""should call client.set with key & data"", () => {
		cacher.set(key, data1);
		expect(cacher.client.set).toHaveBeenCalledTimes(1);
		expect(cacher.client.set).toHaveBeenCalledWith(
			prefix + key,
			cacher.serializer.serialize(data1),
			""EX"",
			60
		);
	})",snuts
/test/unit/cachers/redis.spec.js,IdenticalTestDescription,"{'startLine':462,'endLine':470}","it(""should call client.del with key"", () => {
		return cacher
			.del(key)
			.catch(protectReject)
			.then(() => {
				expect(cacher.client.del).toHaveBeenCalledTimes(1);
				expect(cacher.client.del).toHaveBeenCalledWith([prefix + key]);
			});
	})",snuts
/test/unit/cachers/redis.spec.js,IdenticalTestDescription,"{'startLine':700,'endLine':708}","it(""should call redlock.unlock when calling unlock callback"", () => {
			const err = new Error(""Already locked."");
			cacher.redlockNonBlocking.lock = jest.fn(() => {
				return Promise.reject(err);
			});
			return cacher.tryLock(key, 20).catch(e => {
				expect(e).toBe(err);
			});
		})",snuts
/test/unit/cachers/redis.spec.js,ConditionalTestLogic,"{'startLine':376,'endLine':378}","it(""should not call del if data returns an empty array"", () => {
		dataEvent.mockImplementationOnce((eventType, callback) => {
			if (eventType === ""data"") {
				callback([]);
			}
			if (eventType === ""end"") {
				callback();
			}
		});

		return cacher
			.clean()
			.catch(protectReject)
			.then(() => {
				expect(cacher.client.scanStream).toHaveBeenCalledTimes(1);
				expect(cacher.client.scanStream).toHaveBeenCalledWith({
					match: ""MOL-*"",
					count: 100
				});

				expect(cacher.client.del).not.toBeCalled();
			});
	})",snuts
/test/unit/cachers/redis.spec.js,ConditionalTestLogic,"{'startLine':379,'endLine':381}","it(""should not call del if data returns an empty array"", () => {
		dataEvent.mockImplementationOnce((eventType, callback) => {
			if (eventType === ""data"") {
				callback([]);
			}
			if (eventType === ""end"") {
				callback();
			}
		});

		return cacher
			.clean()
			.catch(protectReject)
			.then(() => {
				expect(cacher.client.scanStream).toHaveBeenCalledTimes(1);
				expect(cacher.client.scanStream).toHaveBeenCalledWith({
					match: ""MOL-*"",
					count: 100
				});

				expect(cacher.client.del).not.toBeCalled();
			});
	})",snuts
/test/unit/cachers/redis.spec.js,SubOptimalAssert,"{'startLine':38,'endLine':38}","it(""should create an empty options"", () => {
		let cacher = new RedisCacher();
		expect(cacher).toBeDefined();
		expect(cacher.opts).toBeDefined();
		expect(cacher.opts.ttl).toBeNull();
		expect(cacher.opts.maxParamsLength).toBeNull();
		expect(cacher.connected).toBe(null);
	})",snuts
/test/unit/cachers/redis.spec.js,VerboseStatement,"{'startLine':203,'endLine':226}","it(""should ping based on numeric interval"", () => {
		jest.useFakeTimers();
		let broker = new ServiceBroker({ logger: false });

		let opts = {
			type: ""Redis"",
			pingInterval: 25
		};

		let cacher = new RedisCacher(opts);
		expect(cacher).toBeDefined();
		cacher.init(broker);
		cacher.client.ping = jest.fn().mockResolvedValue(undefined);

		jest.advanceTimersByTime(25);
		expect(cacher.client.ping).toHaveBeenCalledTimes(1);
		jest.advanceTimersByTime(25);
		expect(cacher.client.ping).toHaveBeenCalledTimes(2);
		jest.advanceTimersByTime(25);
		expect(cacher.client.ping).toHaveBeenCalledTimes(3);

		jest.clearAllTimers();
		jest.useRealTimers();
	})",snuts
/test/unit/cachers/redis.spec.js,VerboseStatement,"{'startLine':228,'endLine':251}","it(""should ping based on numeric string interval"", () => {
		jest.useFakeTimers();
		let broker = new ServiceBroker({ logger: false });

		let opts = {
			type: ""Redis"",
			pingInterval: ""25""
		};

		let cacher = new RedisCacher(opts);
		expect(cacher).toBeDefined();
		cacher.init(broker);
		cacher.client.ping = jest.fn().mockResolvedValue(undefined);

		jest.advanceTimersByTime(25);
		expect(cacher.client.ping).toHaveBeenCalledTimes(1);
		jest.advanceTimersByTime(25);
		expect(cacher.client.ping).toHaveBeenCalledTimes(2);
		jest.advanceTimersByTime(25);
		expect(cacher.client.ping).toHaveBeenCalledTimes(3);

		jest.clearAllTimers();
		jest.useRealTimers();
	})",snuts
/test/unit/cachers/redis.spec.js,VerboseStatement,"{'startLine':253,'endLine':276}","it(""should not ping with malformed pingInterval"", () => {
		jest.useFakeTimers();
		let broker = new ServiceBroker({ logger: false });

		let opts = {
			type: ""Redis"",
			pingInterval: ""foo""
		};

		let cacher = new RedisCacher(opts);
		expect(cacher).toBeDefined();
		cacher.init(broker);
		cacher.client.ping = jest.fn().mockResolvedValue(undefined);

		jest.advanceTimersByTime(25);
		expect(cacher.client.ping).toHaveBeenCalledTimes(0);
		jest.advanceTimersByTime(25);
		expect(cacher.client.ping).toHaveBeenCalledTimes(0);
		jest.advanceTimersByTime(25);
		expect(cacher.client.ping).toHaveBeenCalledTimes(0);

		jest.clearAllTimers();
		jest.useRealTimers();
	})",snuts
/test/unit/cachers/memory.spec.js,AnonymousTest,"{'startLine':37,'endLine':53}","it(""check init"", () => {
		broker = new ServiceBroker({ logger: false });
		broker.localBus.on = jest.fn();
		cacher = new MemoryCacher();

		expect(cacher.connected).toBe(null);

		cacher.init(broker);

		expect(cacher.connected).toBe(true);

		expect(broker.localBus.on).toHaveBeenCalledTimes(1);
		expect(broker.localBus.on).toHaveBeenCalledWith(
			""$transporter.connected"",
			expect.any(Function)
		);
	})",snuts
/test/unit/cachers/memory.spec.js,IdenticalTestDescription,"{'startLine':192,'endLine':213}","it(""should give back the data by key"", async () => {
		let cached_response = await cacher.set(key, data1);

		// Cloned object. References different object
		expect(cached_response).not.toBe(data1);
		expect(cached_response).toEqual(data1);

		let obj = await cacher.get(key);
		expect(obj).toBeDefined();
		// Cloned object. References different object
		expect(obj).not.toBe(data1);
		expect(obj).toEqual(data1);

		let obj2 = await cacher.get(key);
		expect(obj2).toBeDefined();

		// Cloned object. References different objects
		expect(obj2).not.toBe(obj);
		expect(obj).not.toBe(data1);

		expect(obj2).toEqual(data1);
	})",snuts
/test/unit/cachers/memory.spec.js,IdenticalTestDescription,"{'startLine':236,'endLine':256}","it(""should give back the data by key"", async () => {
		let cached_response = await cacher.set(key, data1);

		// Not a clone. References the same entry
		expect(cached_response).toBe(data1);
		expect(cached_response).toEqual(data1);

		let obj = await cacher.get(key);
		expect(obj).toBeDefined();
		// Not a clone. References the same entry
		expect(obj).toBe(data1);
		expect(obj).toEqual(data1);

		let obj2 = await cacher.get(key);
		expect(obj2).toBeDefined();

		// Not a clone. Reference the same entry
		expect(obj2).toBe(obj);
		expect(obj).toBe(data1);
		expect(obj2).toEqual(data1);
	})",snuts
/test/unit/cachers/memory.spec.js,IdenticalTestDescription,"{'startLine':280,'endLine':291}","it(""should give back the data by key"", async () => {
		await cacher.set(key, data1);

		let obj = await cacher.get(key);
		expect(obj).toBeDefined();
		expect(obj).not.toBe(data1);
		expect(obj).toEqual(data1);

		// 1 with set + 1 with  get
		expect(clone).toHaveBeenCalledTimes(2);
		expect(clone).toHaveBeenCalledWith(data1);
	})",snuts
/test/unit/cachers/memory.spec.js,IdenticalTestDescription,"{'startLine':314,'endLine':316}","it(""should save the data with key"", () => {
		return cacher.set(key, data1);
	})",snuts
/test/unit/cachers/memory.spec.js,IdenticalTestDescription,"{'startLine':365,'endLine':368}","it(""should save the data with key"", () => {
		cacher.set(key1, data1);
		cacher.set(key2, data2);
	})",snuts
/test/unit/cachers/memory.spec.js,IdenticalTestDescription,"{'startLine':446,'endLine':449}","it(""should save the data with key"", () => {
		cacher.set(key1, data1);
		cacher.set(key2, data2);
	})",snuts
/test/unit/cachers/memory.spec.js,IdenticalTestDescription,"{'startLine':459,'endLine':463}","it(""should give null for key1"", () => {
		return cacher.get(key1).then(obj => {
			expect(obj).toBeNull();
		});
	})",snuts
/test/unit/cachers/memory.spec.js,IdenticalTestDescription,"{'startLine':465,'endLine':469}","it(""should give back data 2 for key2"", () => {
		return cacher.get(key2).then(obj => {
			expect(obj).toEqual(data2);
		});
	})",snuts
/test/unit/cachers/memory.spec.js,IdenticalTestDescription,"{'startLine':510,'endLine':526}","it(""should return data and ttl"", () => {
		return Promise.all([
			cacher.set(""hello"", ""test""),
			cacher.set(""hello2"", ""test""),
			cacher.set(""hello3:test"", ""test"")
		])
			.then(() => {
				return cacher.getCacheKeys();
			})
			.then(res => {
				expect(res).toEqual([
					{ key: ""hello"", expiresAt: expect.any(Number) },
					{ key: ""hello2"", expiresAt: expect.any(Number) },
					{ key: ""hello3:test"", expiresAt: expect.any(Number) }
				]);
			});
	})",snuts
/test/unit/cachers/memory.spec.js,SubOptimalAssert,"{'startLine':15,'endLine':15}","it(""should create an empty options"", () => {
		cacher = new MemoryCacher();
		expect(cacher).toBeDefined();
		expect(cacher.opts).toBeDefined();
		expect(cacher.opts.ttl).toBeNull();
		expect(cacher.connected).toBe(null);
	})",snuts
/test/unit/cachers/memory.spec.js,SubOptimalAssert,"{'startLine':42,'endLine':42}","it(""check init"", () => {
		broker = new ServiceBroker({ logger: false });
		broker.localBus.on = jest.fn();
		cacher = new MemoryCacher();

		expect(cacher.connected).toBe(null);

		cacher.init(broker);

		expect(cacher.connected).toBe(true);

		expect(broker.localBus.on).toHaveBeenCalledTimes(1);
		expect(broker.localBus.on).toHaveBeenCalledWith(
			""$transporter.connected"",
			expect.any(Function)
		);
	})",snuts
/test/unit/cachers/memory.spec.js,SubOptimalAssert,"{'startLine':393,'endLine':393}","it(""should clean all keys"", () => {
		cacher.clean();
		expect(Object.keys(cacher.cache).length).toBe(0);
	})",snuts
/test/unit/cachers/memory-lru.spec.js,AnonymousTest,"{'startLine':26,'endLine':42}","it(""check init"", () => {
		const broker = new ServiceBroker({ logger: false });
		broker.localBus.on = jest.fn();
		const cacher = new MemoryLRUCacher();

		expect(cacher.connected).toBe(null);

		cacher.init(broker);

		expect(cacher.connected).toBe(true);

		expect(broker.localBus.on).toHaveBeenCalledTimes(1);
		expect(broker.localBus.on).toHaveBeenCalledWith(
			""$transporter.connected"",
			expect.any(Function)
		);
	})",snuts
/test/unit/cachers/memory-lru.spec.js,IdenticalTestDescription,"{'startLine':114,'endLine':135}","it(""should give back the data by key"", async () => {
		let cached_response = await cacher.set(key, data1);

		// Cloned object. References different object
		expect(cached_response).not.toBe(data1);
		expect(cached_response).toEqual(data1);

		let obj = await cacher.get(key);
		expect(obj).toBeDefined();
		// Cloned object. References different object
		expect(obj).not.toBe(data1);
		expect(obj).toEqual(data1);

		let obj2 = await cacher.get(key);
		expect(obj2).toBeDefined();

		// Cloned object. References different objects
		expect(obj2).not.toBe(obj);
		expect(obj).not.toBe(data1);

		expect(obj2).toEqual(data1);
	})",snuts
/test/unit/cachers/memory-lru.spec.js,IdenticalTestDescription,"{'startLine':158,'endLine':178}","it(""should give back the data by key"", async () => {
		let cached_response = await cacher.set(key, data1);

		// Not a clone. References the same entry
		expect(cached_response).toBe(data1);
		expect(cached_response).toEqual(data1);

		let obj = await cacher.get(key);
		expect(obj).toBeDefined();
		// Not a clone. References the same entry
		expect(obj).toBe(data1);
		expect(obj).toEqual(data1);

		let obj2 = await cacher.get(key);
		expect(obj2).toBeDefined();

		// Not a clone. Reference the same entry
		expect(obj2).toBe(obj);
		expect(obj).toBe(data1);
		expect(obj2).toEqual(data1);
	})",snuts
/test/unit/cachers/memory-lru.spec.js,IdenticalTestDescription,"{'startLine':209,'endLine':220}","it(""should give back the data by key"", async () => {
		await cacher.set(key, data1);

		let obj = await cacher.get(key);
		expect(obj).toBeDefined();
		expect(obj).not.toBe(data1);
		expect(obj).toEqual(data1);

		// 1 with set + 1 with  get
		expect(clone).toHaveBeenCalledTimes(2);
		expect(clone).toHaveBeenCalledWith(data1);
	})",snuts
/test/unit/cachers/memory-lru.spec.js,IdenticalTestDescription,"{'startLine':238,'endLine':240}","it(""should save the data with key"", () => {
		return cacher.set(key, data1);
	})",snuts
/test/unit/cachers/memory-lru.spec.js,IdenticalTestDescription,"{'startLine':284,'endLine':287}","it(""should save the data with key"", () => {
		cacher.set(key1, data1);
		cacher.set(key2, data2);
	})",snuts
/test/unit/cachers/memory-lru.spec.js,IdenticalTestDescription,"{'startLine':367,'endLine':371}","it(""should save the data with key"", () => {
		cacher.set(key1, data1);
		clock.tick(35 * 1000);
		cacher.set(key2, data2);
	})",snuts
/test/unit/cachers/memory-lru.spec.js,IdenticalTestDescription,"{'startLine':373,'endLine':379}","it(""should give null for key1"", () => {
		clock.tick(30 * 1000);

		return cacher.get(key1).then(obj => {
			expect(obj).toBeNull();
		});
	})",snuts
/test/unit/cachers/memory-lru.spec.js,IdenticalTestDescription,"{'startLine':381,'endLine':385}","it(""should give back data 2 for key2"", () => {
		return cacher.get(key2).then(obj => {
			expect(obj).toEqual(data2);
		});
	})",snuts
/test/unit/cachers/memory-lru.spec.js,IdenticalTestDescription,"{'startLine':387,'endLine':392}","it(""should give back data 2 for key2"", () => {
		clock.tick(65 * 1000);
		return cacher.get(key2).then(obj => {
			expect(obj).toBeNull();
		});
	})",snuts
/test/unit/cachers/memory-lru.spec.js,IdenticalTestDescription,"{'startLine':427,'endLine':445}","it(""should return data and ttl"", () => {
		return Promise.all([
			cacher.set(""hello"", ""test""),
			cacher.set(""hello2"", ""test""),
			cacher.set(""hello3:test"", ""test"")
		])
			.then(() => {
				return cacher.getCacheKeys();
			})
			.then(res => {
				expect(res).toEqual(
					expect.arrayContaining([
						{ key: ""hello3:test"" },
						{ key: ""hello2"" },
						{ key: ""hello"" }
					])
				);
			});
	})",snuts
/test/unit/cachers/memory-lru.spec.js,SubOptimalAssert,"{'startLine':11,'endLine':11}","it(""should create an empty options"", () => {
		const cacher = new MemoryLRUCacher();
		expect(cacher).toBeDefined();
		expect(cacher.opts).toBeDefined();
		expect(cacher.opts.ttl).toBeNull();
		expect(cacher.connected).toBe(null);
	})",snuts
/test/unit/cachers/memory-lru.spec.js,SubOptimalAssert,"{'startLine':31,'endLine':31}","it(""check init"", () => {
		const broker = new ServiceBroker({ logger: false });
		broker.localBus.on = jest.fn();
		const cacher = new MemoryLRUCacher();

		expect(cacher.connected).toBe(null);

		cacher.init(broker);

		expect(cacher.connected).toBe(true);

		expect(broker.localBus.on).toHaveBeenCalledTimes(1);
		expect(broker.localBus.on).toHaveBeenCalledWith(
			""$transporter.connected"",
			expect.any(Function)
		);
	})",snuts
/test/unit/cachers/memory-lru.spec.js,SubOptimalAssert,"{'startLine':312,'endLine':312}","it(""should clean all keys"", () => {
		cacher.clean();
		expect(Object.keys(cacher.cache).length).toBe(0);
	})",snuts
/test/unit/cachers/lock.spec.js,IdenticalTestDescription,"{'startLine':132,'endLine':157}","it(""should reject the promise when failed to unlock"", () => {
		return Promise.all(
			cachers.map(Cacher => {
				const cacher = new Cacher({
					ttl: 30,
					lock: true
				});
				let err = new Error(""Can not acquire a lock."");
				let unlockFn;
				cacher._lock.release = jest.fn(() => Promise.reject(err));
				cacher._lock.isLocked = jest.fn(key => false);

				return cacher
					.tryLock(""key"")
					.then(unlock => {
						unlock().catch(e => {
							expect(cacher._lock.release).toHaveBeenCalledTimes(1);
							expect(e).toBe(err);
						});
					})
					.then(() => {
						return cacher.close();
					});
			})
		);
	})",snuts
/test/unit/cachers/index.spec.js,IdenticalTestDescription,"{'startLine':77,'endLine':89}","it(""should resolve RedisCacher from obj with Redis type"", () => {
		let options = { ttl: 80, redis: { db: 3 } };
		cacher = Cachers.resolve({ type: ""redis"", options });
		expect(cacher).toBeInstanceOf(Cachers.Redis);
		expect(cacher.opts).toEqual({
			prefix: null,
			keygen: null,
			maxParamsLength: null,
			ttl: 80,
			pingInterval: null,
			redis: { db: 3 }
		});
	})",snuts
/test/unit/cachers/index.spec.js,IdenticalTestDescription,"{'startLine':117,'endLine':121}","it(""should throw error if type if not correct"", () => {
		expect(() => {
			Cachers.resolve(""MyCustom"");
		}).toThrowError(BrokerOptionsError);
	})",snuts
/test/unit/cachers/base.spec.js,AnonymousTest,"{'startLine':6,'endLine':20}","it(""check constructor"", () => {
		let cacher = new Cacher();
		expect(cacher).toBeDefined();
		expect(cacher.opts).toBeDefined();
		expect(cacher.opts.ttl).toBeNull();
		expect(cacher.connected).toBe(null);
		expect(cacher.init).toBeDefined();
		expect(cacher.close).toBeDefined();
		expect(cacher.get).toBeDefined();
		expect(cacher.set).toBeDefined();
		expect(cacher.del).toBeDefined();
		expect(cacher.clean).toBeDefined();
		expect(cacher.getCacheKey).toBeDefined();
		expect(cacher.middleware).toBeDefined();
	})",snuts
/test/unit/cachers/base.spec.js,AnonymousTest,"{'startLine':39,'endLine':52}","it(""check init"", () => {
		let broker = new ServiceBroker({ logger: false });
		broker.on = jest.fn();
		let cacher = new Cacher();

		jest.spyOn(cacher, ""registerMoleculerMetrics"");

		cacher.init(broker);
		expect(cacher.broker).toBe(broker);
		expect(cacher.logger).toBeDefined();
		expect(cacher.prefix).toBe(""MOL-"");

		expect(cacher.registerMoleculerMetrics).toHaveBeenCalledTimes(1);
	})",snuts
/test/unit/cachers/base.spec.js,AnonymousTest,"{'startLine':54,'endLine':63}","it(""check registerMoleculerMetrics"", () => {
		let broker = new ServiceBroker({ logger: false });
		let cacher = new Cacher();
		cacher.init(broker);

		broker.metrics.register = jest.fn();

		cacher.registerMoleculerMetrics();
		expect(broker.metrics.register).toHaveBeenCalledTimes(10);
	})",snuts
/test/unit/cachers/base.spec.js,IdenticalTestDescription,"{'startLine':590,'endLine':606}","it(""should give back the cached data and not called the handler"", () => {
		let ctx = new Context();
		ctx.setParams(params);

		let cachedHandler = cacher.middleware().localAction(mockAction.handler, mockAction);
		expect(typeof cachedHandler).toBe(""function"");
		let cacheKey = cacher.getCacheKey(mockAction.name, params);
		return cachedHandler(ctx).then(response => {
			expect(broker.cacher.get).toHaveBeenCalledTimes(1);
			expect(broker.cacher.get).toHaveBeenCalledWith(cacheKey);

			expect(broker.cacher.getWithTTL).toHaveBeenCalledTimes(0);

			expect(broker.cacher.set).toHaveBeenCalledTimes(0);
			expect(mockAction.handler).toHaveBeenCalledTimes(0);
		});
	})",snuts
/test/unit/cachers/base.spec.js,IdenticalTestDescription,"{'startLine':608,'endLine':631}","it(""should not give back cached data and should call the handler and call the 'cache.set' action with promise"", () => {
		let resData = [1, 3, 5];
		let cacheKey = cacher.getCacheKey(mockAction.name, params);
		broker.cacher.get = jest.fn(() => Promise.resolve(null));
		broker.cacher.getWithTTL = jest.fn(() => Promise.resolve({ data: null, ttl: null }));
		const unlockFn = jest.fn(() => Promise.resolve());
		broker.cacher.lock = jest.fn(() => Promise.resolve(unlockFn));
		mockAction.handler = jest.fn(() => Promise.resolve(resData));

		let ctx = new Context();
		ctx.setParams(params);

		let cachedHandler = cacher.middleware().localAction(mockAction.handler, mockAction);
		return cachedHandler(ctx).then(response => {
			expect(broker.cacher.getWithTTL).toHaveBeenCalledTimes(0); //Check the cache key and ttl

			expect(broker.cacher.get).toHaveBeenCalledTimes(2); // Check the cache after acquired the lock
			expect(broker.cacher.get).toHaveBeenCalledWith(cacheKey);

			expect(broker.cacher.set).toHaveBeenCalledTimes(1);
			expect(broker.cacher.set).toHaveBeenCalledWith(cacheKey, resData, 60);
			expect(response).toBe(resData);
		});
	})",snuts
/test/unit/cachers/base.spec.js,SubOptimalAssert,"{'startLine':11,'endLine':11}","it(""check constructor"", () => {
		let cacher = new Cacher();
		expect(cacher).toBeDefined();
		expect(cacher.opts).toBeDefined();
		expect(cacher.opts.ttl).toBeNull();
		expect(cacher.connected).toBe(null);
		expect(cacher.init).toBeDefined();
		expect(cacher.close).toBeDefined();
		expect(cacher.get).toBeDefined();
		expect(cacher.set).toBeDefined();
		expect(cacher.del).toBeDefined();
		expect(cacher.clean).toBeDefined();
		expect(cacher.getCacheKey).toBeDefined();
		expect(cacher.middleware).toBeDefined();
	})",snuts
/test/unit/cachers/base.spec.js,SubOptimalAssert,"{'startLine':100,'endLine':100}","it(""check getCacheKey with keys"", () => {
		let broker = new ServiceBroker({ logger: false });
		let cacher = new Cacher();

		cacher.init(broker);
		// Check result
		let res = cacher.getCacheKey(""posts.find.model"", { id: 1, name: ""Bob"" });
		expect(res).toBe(""posts.find.model:id|1|name|Bob"");

		// Same result, with same params
		let res2 = cacher.getCacheKey(""posts.find.model"", { id: 1, name: ""Bob"" });
		expect(res2).toEqual(res);

		// Different result, with different params
		let res3 = cacher.getCacheKey(""posts.find.model"", { id: 2, name: ""Bob"" });
		expect(res3).not.toEqual(res);
		expect(res3).toBe(""posts.find.model:id|2|name|Bob"");

		res = cacher.getCacheKey();
		expect(res).toBe(undefined);

		res = cacher.getCacheKey(""posts.find"");
		expect(res).toBe(""posts.find"");

		res = cacher.getCacheKey(""user"", {});
		expect(res).toBe(""user:"");

		res = cacher.getCacheKey(""user"", { a: 5 });
		expect(res).toBe(""user:a|5"");

		res = cacher.getCacheKey(""user"", { a: [] });
		expect(res).toBe(""user:a|[]"");

		res = cacher.getCacheKey(""user"", { a: null });
		expect(res).toBe(""user:a|null"");

		res = cacher.getCacheKey(""user"", { a: 5 }, null, [""a""]);
		expect(res).toBe(""user:5"");

		res = cacher.getCacheKey(""user"", { a: { id: 5 } }, null, [""a""]);
		expect(res).toBe(""user:id|5"");

		res = cacher.getCacheKey(""user"", { a: [1, 3, 5] }, null, [""a""]);
		expect(res).toBe(""user:[1|3|5]"");

		res = cacher.getCacheKey(""user"", { a: 5, b: 3, c: 5 }, null, [""a""]);
		expect(res).toBe(""user:5"");

		res = cacher.getCacheKey(""user"", { a: { b: ""John"" } }, null, [""a.b""]);
		expect(res).toBe(""user:John"");

		res = cacher.getCacheKey(""user"", { a: 5, b: 3, c: 5 }, null, [""a"", ""b"", ""c""]);
		expect(res).toBe(""user:5|3|5"");

		res = cacher.getCacheKey(""user"", { a: 5, c: 5 }, null, [""a"", ""b"", ""c""]);
		expect(res).toBe(""user:5|undefined|5"");

		res = cacher.getCacheKey(""user"", { a: ""12345"" });
		expect(res).toBe(""user:a|12345"");

		res = cacher.getCacheKey(""user"", { a: [""12345""] });
		expect(res).toBe(""user:a|[12345]"");

		const d = new Date(1614529868608);
		res = cacher.getCacheKey(""user"", { a: d });
		expect(res).toBe(""user:a|1614529868608"");

		res = cacher.getCacheKey(""user"", { a: Symbol(""something"") });
		expect(res).toBe(""user:a|Symbol(something)"");

		res = cacher.getCacheKey(""user"", { a: 5, b: { id: 3 } }, null, [""a"", ""c"", ""b""]);
		expect(res).toBe(""user:5|undefined|id|3"");

		res = cacher.getCacheKey(""user"", { a: 5, b: { id: 3, other: { status: true } } }, null, [
			""a"",
			""c"",
			""b.id""
		]);
		expect(res).toBe(""user:5|undefined|3"");

		res = cacher.getCacheKey(""user"", { a: 5, b: { id: 3, other: { status: true } } }, null, [
			""a"",
			""b.id"",
			""b.other.status""
		]);
		expect(res).toBe(""user:5|3|true"");

		res = cacher.getCacheKey(""user"", { a: 5, b: { id: 3, other: { status: true } } });
		expect(res).toBe(""user:a|5|b|id|3|other|status|true"");

		res = cacher.getCacheKey(""user"", { a: 5, b: 3 }, null, []);
		expect(res).toBe(""user"");

		res = cacher.getCacheKey(""user"", { a: Object.create(null) }, null, [""a""]);
		expect(res).toBe(""user:"");

		// Test with meta
		res = cacher.getCacheKey(""user"", { a: 5 }, { user: ""bob"" });
		expect(res).toBe(""user:a|5"");

		res = cacher.getCacheKey(""user"", { a: 5 }, { user: ""bob"" }, [""a""]);
		expect(res).toBe(""user:5"");

		res = cacher.getCacheKey(""user"", { a: 5 }, { user: ""bob"" }, [""user""]);
		expect(res).toBe(""user:undefined"");

		res = cacher.getCacheKey(""user"", { a: 5 }, { user: ""bob"" }, [""#user""]);
		expect(res).toBe(""user:bob"");

		res = cacher.getCacheKey(""user"", { a: 5 }, { user: ""bob"" }, [""a"", ""#user""]);
		expect(res).toBe(""user:5|bob"");

		res = cacher.getCacheKey(""user"", { a: 5 }, { user: ""bob"" }, [""#user"", ""a""]);
		expect(res).toBe(""user:bob|5"");

		res = cacher.getCacheKey(""user"", { a: 5, user: ""adam"" }, { user: ""bob"" }, [""#user""]);
		expect(res).toBe(""user:bob"");

		res = cacher.getCacheKey(""user"", { a: 5 }, null, [""#user""]);
		expect(res).toBe(""user:undefined"");

		res = cacher.getCacheKey(""user"", null, { a: { b: { c: ""nested"" } } }, [""#a.b.c""]);
		expect(res).toBe(""user:nested"");
	})",snuts
/test/unit/cachers/base.spec.js,VerboseStatement,"{'startLine':81,'endLine':204}","it(""check getCacheKey with keys"", () => {
		let broker = new ServiceBroker({ logger: false });
		let cacher = new Cacher();

		cacher.init(broker);
		// Check result
		let res = cacher.getCacheKey(""posts.find.model"", { id: 1, name: ""Bob"" });
		expect(res).toBe(""posts.find.model:id|1|name|Bob"");

		// Same result, with same params
		let res2 = cacher.getCacheKey(""posts.find.model"", { id: 1, name: ""Bob"" });
		expect(res2).toEqual(res);

		// Different result, with different params
		let res3 = cacher.getCacheKey(""posts.find.model"", { id: 2, name: ""Bob"" });
		expect(res3).not.toEqual(res);
		expect(res3).toBe(""posts.find.model:id|2|name|Bob"");

		res = cacher.getCacheKey();
		expect(res).toBe(undefined);

		res = cacher.getCacheKey(""posts.find"");
		expect(res).toBe(""posts.find"");

		res = cacher.getCacheKey(""user"", {});
		expect(res).toBe(""user:"");

		res = cacher.getCacheKey(""user"", { a: 5 });
		expect(res).toBe(""user:a|5"");

		res = cacher.getCacheKey(""user"", { a: [] });
		expect(res).toBe(""user:a|[]"");

		res = cacher.getCacheKey(""user"", { a: null });
		expect(res).toBe(""user:a|null"");

		res = cacher.getCacheKey(""user"", { a: 5 }, null, [""a""]);
		expect(res).toBe(""user:5"");

		res = cacher.getCacheKey(""user"", { a: { id: 5 } }, null, [""a""]);
		expect(res).toBe(""user:id|5"");

		res = cacher.getCacheKey(""user"", { a: [1, 3, 5] }, null, [""a""]);
		expect(res).toBe(""user:[1|3|5]"");

		res = cacher.getCacheKey(""user"", { a: 5, b: 3, c: 5 }, null, [""a""]);
		expect(res).toBe(""user:5"");

		res = cacher.getCacheKey(""user"", { a: { b: ""John"" } }, null, [""a.b""]);
		expect(res).toBe(""user:John"");

		res = cacher.getCacheKey(""user"", { a: 5, b: 3, c: 5 }, null, [""a"", ""b"", ""c""]);
		expect(res).toBe(""user:5|3|5"");

		res = cacher.getCacheKey(""user"", { a: 5, c: 5 }, null, [""a"", ""b"", ""c""]);
		expect(res).toBe(""user:5|undefined|5"");

		res = cacher.getCacheKey(""user"", { a: ""12345"" });
		expect(res).toBe(""user:a|12345"");

		res = cacher.getCacheKey(""user"", { a: [""12345""] });
		expect(res).toBe(""user:a|[12345]"");

		const d = new Date(1614529868608);
		res = cacher.getCacheKey(""user"", { a: d });
		expect(res).toBe(""user:a|1614529868608"");

		res = cacher.getCacheKey(""user"", { a: Symbol(""something"") });
		expect(res).toBe(""user:a|Symbol(something)"");

		res = cacher.getCacheKey(""user"", { a: 5, b: { id: 3 } }, null, [""a"", ""c"", ""b""]);
		expect(res).toBe(""user:5|undefined|id|3"");

		res = cacher.getCacheKey(""user"", { a: 5, b: { id: 3, other: { status: true } } }, null, [
			""a"",
			""c"",
			""b.id""
		]);
		expect(res).toBe(""user:5|undefined|3"");

		res = cacher.getCacheKey(""user"", { a: 5, b: { id: 3, other: { status: true } } }, null, [
			""a"",
			""b.id"",
			""b.other.status""
		]);
		expect(res).toBe(""user:5|3|true"");

		res = cacher.getCacheKey(""user"", { a: 5, b: { id: 3, other: { status: true } } });
		expect(res).toBe(""user:a|5|b|id|3|other|status|true"");

		res = cacher.getCacheKey(""user"", { a: 5, b: 3 }, null, []);
		expect(res).toBe(""user"");

		res = cacher.getCacheKey(""user"", { a: Object.create(null) }, null, [""a""]);
		expect(res).toBe(""user:"");

		// Test with meta
		res = cacher.getCacheKey(""user"", { a: 5 }, { user: ""bob"" });
		expect(res).toBe(""user:a|5"");

		res = cacher.getCacheKey(""user"", { a: 5 }, { user: ""bob"" }, [""a""]);
		expect(res).toBe(""user:5"");

		res = cacher.getCacheKey(""user"", { a: 5 }, { user: ""bob"" }, [""user""]);
		expect(res).toBe(""user:undefined"");

		res = cacher.getCacheKey(""user"", { a: 5 }, { user: ""bob"" }, [""#user""]);
		expect(res).toBe(""user:bob"");

		res = cacher.getCacheKey(""user"", { a: 5 }, { user: ""bob"" }, [""a"", ""#user""]);
		expect(res).toBe(""user:5|bob"");

		res = cacher.getCacheKey(""user"", { a: 5 }, { user: ""bob"" }, [""#user"", ""a""]);
		expect(res).toBe(""user:bob|5"");

		res = cacher.getCacheKey(""user"", { a: 5, user: ""adam"" }, { user: ""bob"" }, [""#user""]);
		expect(res).toBe(""user:bob"");

		res = cacher.getCacheKey(""user"", { a: 5 }, null, [""#user""]);
		expect(res).toBe(""user:undefined"");

		res = cacher.getCacheKey(""user"", null, { a: { b: { c: ""nested"" } } }, [""#a.b.c""]);
		expect(res).toBe(""user:nested"");
	})",snuts
/test/unit/cachers/base.spec.js,VerboseStatement,"{'startLine':206,'endLine':309}","it(""check getCacheKey with hashing"", () => {
		let broker = new ServiceBroker({ logger: false });
		let cacher = new Cacher();
		let res;

		cacher.init(broker);

		const bigObj = {
			A: { C0: false, C1: true, C2: true, C3: ""495f761d77d6294f"", C4: true },
			B: { C0: true, C1: false, C2: true, C3: ""5721c26bfddb7927"", C4: false },
			C: { C0: ""5d9e85c124d5d09e"", C1: true, C2: 5366, C3: false, C4: false },
			D: { C0: false, C1: true, C2: ""704473bca1242604"", C3: false, C4: ""6fc56107e69be769"" },
			E: { C0: true, C1: true, C2: 4881, C3: true, C4: 1418 },
			F: { C0: true, C1: false, C2: false, C3: false, C4: true },
			G: { C0: false, C1: true, C2: false, C3: 6547, C4: 9565 },
			H: { C0: true, C1: 1848, C2: ""232e6552d0b8aa98"", C3: ""1d50627abe5c0463"", C4: 5251 },
			I: { C0: ""ecd0e4eae08e4f"", C1: ""197bcb312fc17f60"", C2: 4755, C3: true, C4: 9552 },
			J: {
				C0: false,
				C1: ""1cc45cadbbf240f"",
				C2: ""4dbb352b21c3c2f3"",
				C3: 5065,
				C4: ""792b19631c78d4f6""
			},
			K: { C0: ""13c23a525adf9e1f"", C1: true, C2: true, C3: ""589d3499abbf6765"", C4: true },
			L: { C0: false, C1: true, C2: 4350, C3: ""72f6c4f0e9beb03c"", C4: ""434b74b5ff500609"" },
			M: { C0: 9228, C1: ""5254b36ec238c266"", C2: true, C3: ""27b040089b057684"", C4: true },
			N: { C0: ""35d3c608ef8aac5e"", C1: ""23fbdbd520d5ae7d"", C2: false, C3: 9061, C4: true },
			O: { C0: true, C1: true, C2: ""2382f9fe7834e0cc"", C3: true, C4: false },
			P: { C0: true, C1: false, C2: ""38c0d40b91a9d1f6"", C3: false, C4: 5512 },
			Q: { C0: true, C1: true, C2: true, C3: true, C4: true },
			R: { C0: ""70bd27c06b067734"", C1: true, C2: ""5213493253b98636"", C3: 8272, C4: 1264 },
			S: { C0: ""61044125008e634c"", C1: 9175, C2: true, C3: ""225e3d912bfbc338"", C4: false },
			T: { C0: ""38edc77387da030a"", C1: false, C2: ""38d8b9e2525413fc"", C3: true, C4: false },
			U: { C0: false, C1: ""4b3962c3d26bddd0"", C2: ""1e66b069bad46643"", C3: 3642, C4: 9225 },
			V: {
				C0: ""1c40e44b54486080"",
				C1: ""5a560d81078bab02"",
				C2: ""1c131259e1e9aa61"",
				C3: true,
				C4: 9335
			},
			W: { C0: false, C1: ""7089b0ad438df2cb"", C2: ""216aec98f513ac08"", C3: true, C4: false },
			X: { C0: ""3b749354aac19f24"", C1: 9626, C2: true, C3: false, C4: false },
			Y: { C0: 298, C1: ""224075dadd108ef9"", C2: 3450, C3: 2548, C4: true }
		};

		cacher.opts.maxParamsLength = 44;
		res = cacher.getCacheKey(""abc.def"", bigObj);
		expect(res).toBe(""abc.def:/18CtAt7Z+barI7S7Ef+WTFQ23yVQ4VM8o+riN95sjo="");

		cacher.opts.maxParamsLength = 94;
		res = cacher.getCacheKey(""abc.def"", bigObj);
		expect(res).toBe(
			""abc.def:A|C0|false|C1|true|C2|true|C3|495f761d77d6294f|C4|/18CtAt7Z+barI7S7Ef+WTFQ23yVQ4VM8o+riN95sjo=""
		);

		cacher.opts.maxParamsLength = 485;
		res = cacher.getCacheKey(""abc.def"", bigObj);
		expect(res).toBe(
			""abc.def:A|C0|false|C1|true|C2|true|C3|495f761d77d6294f|C4|true|B|C0|true|C1|false|C2|true|C3|5721c26bfddb7927|C4|false|C|C0|5d9e85c124d5d09e|C1|true|C2|5366|C3|false|C4|false|D|C0|false|C1|true|C2|704473bca1242604|C3|false|C4|6fc56107e69be769|E|C0|true|C1|true|C2|4881|C3|true|C4|1418|F|C0|true|C1|false|C2|false|C3|false|C4|true|G|C0|false|C1|true|C2|false|C3|6547|C4|9565|H|C0|true|C1|1848|C2|232e6552d0b8aa98|C3|1d50627abe5c0463|C4|5251|I|C0|ecd0/18CtAt7Z+barI7S7Ef+WTFQ23yVQ4VM8o+riN95sjo=""
		);

		cacher.opts.maxParamsLength = null;
		res = cacher.getCacheKey(""abc.def"", bigObj);
		expect(res).toBe(
			""abc.def:A|C0|false|C1|true|C2|true|C3|495f761d77d6294f|C4|true|B|C0|true|C1|false|C2|true|C3|5721c26bfddb7927|C4|false|C|C0|5d9e85c124d5d09e|C1|true|C2|5366|C3|false|C4|false|D|C0|false|C1|true|C2|704473bca1242604|C3|false|C4|6fc56107e69be769|E|C0|true|C1|true|C2|4881|C3|true|C4|1418|F|C0|true|C1|false|C2|false|C3|false|C4|true|G|C0|false|C1|true|C2|false|C3|6547|C4|9565|H|C0|true|C1|1848|C2|232e6552d0b8aa98|C3|1d50627abe5c0463|C4|5251|I|C0|ecd0e4eae08e4f|C1|197bcb312fc17f60|C2|4755|C3|true|C4|9552|J|C0|false|C1|1cc45cadbbf240f|C2|4dbb352b21c3c2f3|C3|5065|C4|792b19631c78d4f6|K|C0|13c23a525adf9e1f|C1|true|C2|true|C3|589d3499abbf6765|C4|true|L|C0|false|C1|true|C2|4350|C3|72f6c4f0e9beb03c|C4|434b74b5ff500609|M|C0|9228|C1|5254b36ec238c266|C2|true|C3|27b040089b057684|C4|true|N|C0|35d3c608ef8aac5e|C1|23fbdbd520d5ae7d|C2|false|C3|9061|C4|true|O|C0|true|C1|true|C2|2382f9fe7834e0cc|C3|true|C4|false|P|C0|true|C1|false|C2|38c0d40b91a9d1f6|C3|false|C4|5512|Q|C0|true|C1|true|C2|true|C3|true|C4|true|R|C0|70bd27c06b067734|C1|true|C2|5213493253b98636|C3|8272|C4|1264|S|C0|61044125008e634c|C1|9175|C2|true|C3|225e3d912bfbc338|C4|false|T|C0|38edc77387da030a|C1|false|C2|38d8b9e2525413fc|C3|true|C4|false|U|C0|false|C1|4b3962c3d26bddd0|C2|1e66b069bad46643|C3|3642|C4|9225|V|C0|1c40e44b54486080|C1|5a560d81078bab02|C2|1c131259e1e9aa61|C3|true|C4|9335|W|C0|false|C1|7089b0ad438df2cb|C2|216aec98f513ac08|C3|true|C4|false|X|C0|3b749354aac19f24|C1|9626|C2|true|C3|false|C4|false|Y|C0|298|C1|224075dadd108ef9|C2|3450|C3|2548|C4|true""
		);

		cacher.opts.maxParamsLength = 44;
		res = cacher.getCacheKey(
			""users.list"",
			{
				token: ""eyJpZCI6Im9SMU1sS1hCdVVjSGlnM3QiLCJ1c2VybmFtZSI6ImljZWJvYiIsImV4cCI6MTUzNDYyMTk1MCwiaWF0IjoxNTI5NDM3OTUwfQ""
			},
			{},
			[""token""]
		);
		expect(res).toBe(""users.list:YUgoMlSXRyzkAI98NgGKRqakaZdCSJiITaRJWHyaJlU="");

		cacher.opts.maxParamsLength = 44;
		res = cacher.getCacheKey(
			""users.list"",
			{
				id: 123,
				token: ""eyJpZCI6Im9SMU1sS1hCdVVjSGlnM3QiLCJ1c2VybmFtZSI6ImljZWJvYiIsImV4cCI6MTUzNDYyMTk1MCwiaWF0IjoxNTI5NDM3OTUwfQ""
			},
			{},
			[""id"", ""token""]
		);
		expect(res).toBe(""users.list:jVksjHDWP+LfXPCxdnQC9Sa10+12yis9AhWmSOwCWfY="");

		cacher.opts.maxParamsLength = 100;
		res = cacher.getCacheKey(
			""users.list"",
			{
				id: 123,
				token: ""eyJpZCI6Im9SMU1sS1hCdVVjSGlnM3QiLCJ1c2VybmFtZSI6ImljZWJvYiIsImV4cCI6MTUzNDYyMTk1MCwiaWF0IjoxNTI5NDM3OTUwfQ""
			},
			{},
			[""id""]
		);
		expect(res).toBe(""users.list:123"");
	})",snuts
/test/unit/cachers/base.spec.js,VerboseStatement,"{'startLine':311,'endLine':333}","it(""check getCacheKey with custom keygen"", () => {
		let broker = new ServiceBroker({ logger: false });
		let keygen = jest.fn(() => ""custom"");
		let actionKeygen = jest.fn(() => ""actionKeygen"");
		let cacher = new Cacher({ keygen });

		cacher.init(broker);

		const actionName = ""posts.find.model"";
		const params = { limit: 5 };
		const meta = { user: ""bob"" };
		const keys = [""limit"", ""#user""];

		expect(cacher.getCacheKey(actionName, params, meta, keys)).toBe(""custom"");
		expect(keygen).toHaveBeenCalledTimes(1);
		expect(keygen).toHaveBeenCalledWith(actionName, params, meta, keys);

		expect(cacher.getCacheKey(actionName, params, meta, keys, actionKeygen)).toBe(
			""actionKeygen""
		);
		expect(actionKeygen).toHaveBeenCalledTimes(1);
		expect(actionKeygen).toHaveBeenCalledWith(actionName, params, meta, keys);
	})",snuts
/test/unit/cachers/base.spec.js,VerboseStatement,"{'startLine':714,'endLine':763}","it(""should call the handler only once when concurrency call a cacher with lock"", () => {
		let resData = [6, 6, 6];
		const MemoryCacher = require(""../../../src/cachers/memory"");
		const cacher = new MemoryCacher();
		const broker = new ServiceBroker({
			logger: false,
			cacher
		});
		let mockAction = {
			name: ""post.get"",
			cache: {
				ttl: 30,
				lock: true
			}
		};
		const get = jest.spyOn(cacher, ""get"");
		const getWithTTL = jest.spyOn(cacher, ""getWithTTL"");
		const lock = jest.spyOn(cacher, ""lock"");
		mockAction.handler = jest.fn(() => {
			return new Promise(function (resolve, reject) {
				setTimeout(() => resolve(resData), 1000);
			});
		});

		let ctx = new Context();
		ctx.setParams(params);

		let cacheKey = cacher.getCacheKey(mockAction.name, params);
		let cachedHandler = cacher.middleware().localAction(mockAction.handler, mockAction);

		function call() {
			let ctx = new Context();
			ctx.setParams(params);
			return cachedHandler(ctx);
		}
		// Concurrency 3
		return Promise.all([call(), call(), call()])
			.then(responses => {
				for (let response of responses) {
					expect(response).toEqual(resData);
				}
				expect(mockAction.handler).toHaveBeenCalledTimes(1);
				expect(get).toHaveBeenCalledTimes(6);
				expect(getWithTTL).toHaveBeenCalledTimes(0);
				expect(lock).toHaveBeenCalledTimes(3);
			})
			.then(() => {
				return cacher.close();
			});
	})",snuts
/test/unit/cachers/base.spec.js,VerboseStatement,"{'startLine':852,'endLine':893}","it(""should realse the lock when refreshing a key and an error throw"", () => {
		const err = new Error(""wrong"");
		let mockAction = {
			name: ""posts.find"",
			cache: {
				ttl: 30,
				lock: {
					staleTime: 10
				}
			},
			handler: jest.fn(ctx => Promise.reject(err))
		};

		broker.cacher.get = jest.fn(() => Promise.resolve(cachedData));
		broker.cacher.del = jest.fn(() => Promise.resolve());
		broker.cacher.getWithTTL = jest.fn(() => Promise.resolve({ data: cachedData, ttl: 5 }));
		broker.cacher.set = jest.fn(() => Promise.resolve());
		const unlockFn = jest.fn(() => Promise.resolve());
		broker.cacher.lock = jest.fn(() => Promise.resolve(unlockFn));
		broker.cacher.tryLock = jest.fn(() => Promise.resolve(unlockFn));
		let cacheKey = cacher.getCacheKey(mockAction.name, params);
		let cachedHandler = cacher.middleware().localAction(mockAction.handler, mockAction);

		const ctx = new Context();
		ctx.setParams(params);

		return new Promise(function (resolve, reject) {
			cachedHandler(ctx).then(response => {
				expect(response).toBe(cachedData);
				expect(broker.cacher.get).toHaveBeenCalledTimes(0);
				expect(broker.cacher.getWithTTL).toHaveBeenCalledTimes(1);
				expect(broker.cacher.lock).toHaveBeenCalledTimes(0);
				expect(broker.cacher.tryLock).toHaveBeenCalledTimes(1);
				expect(mockAction.handler).toHaveBeenCalledTimes(1);
				setTimeout(resolve, 1000);
			});
		}).then(() => {
			expect(unlockFn).toHaveBeenCalledTimes(1); //Should finally unlock the lock.
			expect(broker.cacher.del).toHaveBeenCalledTimes(1);
			expect(broker.cacher.del).toHaveBeenCalledWith(cacheKey);
		});
	})",snuts
/test/unit/transporters/tcp/udp-broadcaster.spec.js,AnonymousTest,"{'startLine':16,'endLine':35}","it(""check constructor"", () => {
		let transporter = {
			nodeID: ""node-1"",
			logger: jest.fn(),
			broker: {
				namespace: ""test""
			}
		};
		let opts = { port: 1234 };
		let udp = new UdpServer(transporter, opts);
		expect(udp).toBeDefined();
		expect(udp.transporter).toBe(transporter);
		expect(udp.opts).toBe(opts);

		expect(udp.servers).toEqual([]);
		expect(udp.discoverTimer).toBeNull();

		expect(udp.nodeID).toBe(""node-1"");
		expect(udp.namespace).toBe(""test"");
	})",snuts
/test/unit/transporters/tcp/udp-broadcaster.spec.js,AnonymousTest,"{'startLine':618,'endLine':632}","it(""check constructor"", () => {
		let transporter = {
			nodeID: ""node-1"",
			logger: jest.fn(),
			broker: {
				namespace: ""test""
			}
		};
		let udp = new UdpServer(transporter);
		expect(udp.getBroadcastAddresses()).toEqual([
			""127.255.255.255"",
			""192.168.2.255"",
			""192.168.232.255""
		]);
	})",snuts
/test/unit/transporters/tcp/udp-broadcaster.spec.js,AnonymousTest,"{'startLine':687,'endLine':701}","it(""check constructor"", () => {
		let transporter = {
			nodeID: ""node-1"",
			logger: jest.fn(),
			broker: {
				namespace: ""test""
			}
		};
		let udp = new UdpServer(transporter);
		expect(udp.getInterfaceAddresses()).toEqual([
			""127.0.0.1"",
			""192.168.2.100"",
			""192.168.232.1""
		]);
	})",snuts
/test/unit/transporters/tcp/udp-broadcaster.spec.js,IdenticalTestDescription,"{'startLine':618,'endLine':632}","it(""check constructor"", () => {
		let transporter = {
			nodeID: ""node-1"",
			logger: jest.fn(),
			broker: {
				namespace: ""test""
			}
		};
		let udp = new UdpServer(transporter);
		expect(udp.getBroadcastAddresses()).toEqual([
			""127.255.255.255"",
			""192.168.2.255"",
			""192.168.232.255""
		]);
	})",snuts
/test/unit/transporters/tcp/udp-broadcaster.spec.js,IdenticalTestDescription,"{'startLine':687,'endLine':701}","it(""check constructor"", () => {
		let transporter = {
			nodeID: ""node-1"",
			logger: jest.fn(),
			broker: {
				namespace: ""test""
			}
		};
		let udp = new UdpServer(transporter);
		expect(udp.getInterfaceAddresses()).toEqual([
			""127.0.0.1"",
			""192.168.2.100"",
			""192.168.232.1""
		]);
	})",snuts
/test/unit/transporters/tcp/udp-broadcaster.spec.js,SubOptimalAssert,"{'startLine':70,'endLine':70}","it(""should bind UDP with broadcast"", () => {
		udp = new UdpServer(transporter, { udpReuseAddr: true });
		udp.getBroadcastAddresses = jest.fn(() => [""192.168.100.255"", ""192.168.200.255""]);

		return udp
			.startServer(""127.0.0.1"", 4567)
			.catch(protectReject)
			.then(() => {
				expect(udp.servers.length).toBe(1);
				const server = udp.servers[0];

				expect(dgram.createSocket).toHaveBeenCalledTimes(1);
				expect(dgram.createSocket).toHaveBeenCalledWith({ reuseAddr: true, type: ""udp4"" });

				expect(server.bind).toHaveBeenCalledTimes(1);
				expect(server.bind).toHaveBeenCalledWith(
					{ exclusive: true, host: ""127.0.0.1"", port: 4567 },
					expect.any(Function)
				);

				expect(server.on).toHaveBeenCalledTimes(2);
				expect(server.on).toHaveBeenCalledWith(""error"", expect.any(Function));
				expect(server.on).toHaveBeenCalledWith(""message"", expect.any(Function));

				expect(server.setBroadcast).toHaveBeenCalledTimes(1);
				expect(server.setBroadcast).toHaveBeenCalledWith(true);

				expect(server.destinations).toEqual([""192.168.100.255"", ""192.168.200.255""]);

				expect(udp.getBroadcastAddresses).toHaveBeenCalledTimes(1);
			});
	})",snuts
/test/unit/transporters/tcp/udp-broadcaster.spec.js,SubOptimalAssert,"{'startLine':104,'endLine':104}","it(""should bind UDP with multicast"", () => {
		dgram.createSocket.mockClear();

		udp = new UdpServer(transporter, { udpReuseAddr: true });

		return udp
			.startServer(""10.0.0.4"", 4567, ""239.0.0.2"", 2)
			.catch(protectReject)
			.then(() => {
				expect(udp.servers.length).toBe(1);
				const server = udp.servers[0];

				expect(dgram.createSocket).toHaveBeenCalledTimes(1);
				expect(dgram.createSocket).toHaveBeenCalledWith({ reuseAddr: true, type: ""udp4"" });

				expect(server.bind).toHaveBeenCalledTimes(1);
				expect(server.bind).toHaveBeenCalledWith(
					{ exclusive: true, host: ""10.0.0.4"", port: 4567 },
					expect.any(Function)
				);

				expect(server.on).toHaveBeenCalledTimes(2);
				expect(server.on).toHaveBeenCalledWith(""error"", expect.any(Function));
				expect(server.on).toHaveBeenCalledWith(""message"", expect.any(Function));

				expect(server.addMembership).toHaveBeenCalledTimes(1);
				expect(server.addMembership).toHaveBeenCalledWith(""239.0.0.2"", ""10.0.0.4"");

				expect(server.setMulticastTTL).toHaveBeenCalledTimes(1);
				expect(server.setMulticastTTL).toHaveBeenCalledWith(2);

				expect(server.setMulticastInterface).toHaveBeenCalledTimes(1);
				expect(server.setMulticastInterface).toHaveBeenCalledWith(""10.0.0.4"");

				expect(server.destinations).toEqual([""239.0.0.2""]);
			});
	})",snuts
/test/unit/transporters/tcp/udp-broadcaster.spec.js,SubOptimalAssert,"{'startLine':155,'endLine':155}","it(""should not reject bind when server throws error"", () => {
		let err = new Error(""Server error"");
		dgram.createSocket = jest.fn(() => {
			let callbacks = {};
			return {
				bind: jest.fn(() => callbacks.error(err)),
				on: jest.fn((name, cb) => (callbacks[name] = cb)),
				__callbacks: callbacks
			};
		});

		udp = new UdpServer(transporter, {
			udpMulticast: ""230.0.0.2"",
			udpPort: 4545,
			udpMulticastTTL: 2,
			udpReuseAddr: true
		});

		return udp
			.startServer(""127.0.0.1"", 4567)
			.catch(protectReject)
			.then(() => {
				expect(udp.servers.length).toBe(0);
			});
	})",snuts
/test/unit/transporters/tcp/udp-broadcaster.spec.js,SubOptimalAssert,"{'startLine':336,'endLine':336}","it(""should not discovering"", () => {
		dgram.createSocket = jest.fn();

		udp = new UdpServer(transporter, {
			udpDiscovery: false
		});
		udp.startServer = jest.fn(() => udp.servers.push({}));

		return udp
			.bind()
			.catch(protectReject)
			.then(() => {
				expect(udp.servers.length).toBe(0);
				expect(udp.startServer).toHaveBeenCalledTimes(0);
			});
	})",snuts
/test/unit/transporters/tcp/udp-broadcaster.spec.js,SubOptimalAssert,"{'startLine':562,'endLine':562}","it(""should close udp server"", () => {
		let server = {
			close: jest.fn()
		};
		udp.servers = [server, server];
		udp.stopDiscovering = jest.fn();

		udp.close();

		expect(udp.stopDiscovering).toHaveBeenCalledTimes(1);
		expect(server.close).toHaveBeenCalledTimes(2);
		expect(udp.servers.length).toBe(0);
	})",snuts
/test/unit/transporters/tcp/tcp-writer.spec.js,AnonymousTest,"{'startLine':18,'endLine':31}","it(""check constructor"", () => {
		let transporter = {
			logger: jest.fn(),
			broker
		};
		let opts = { port: 1234 };
		let writer = new TcpWriter(transporter, opts);
		expect(writer).toBeDefined();
		expect(writer.transporter).toBe(transporter);
		expect(writer.opts).toBe(opts);

		expect(writer.sockets).toBeInstanceOf(Map);
		expect(writer.logger).toBe(transporter.logger);
	})",snuts
/test/unit/transporters/tcp/tcp-reader.spec.js,AnonymousTest,"{'startLine':27,'endLine':40}","it(""check constructor"", () => {
		let transporter = {
			logger: jest.fn(),
			broker
		};
		let opts = { port: 1234 };
		let reader = new TcpReader(transporter, opts);
		expect(reader).toBeDefined();
		expect(reader.transporter).toBe(transporter);
		expect(reader.opts).toBe(opts);

		expect(reader.sockets).toBeInstanceOf(Array);
		expect(reader.logger).toBe(transporter.logger);
	})",snuts
/test/unit/transporters/tcp/tcp-reader.spec.js,ConditionalTestLogic,"{'startLine':85,'endLine':92}","it(""should create server & listen"", () => {
		reader.onTcpClientConnected = jest.fn();

		let p = reader
			.listen()
			.catch(protectReject)
			.then(() => {
				expect(reader.server).toBe(server);

				expect(server.on).toHaveBeenCalledTimes(1);
				expect(server.on).toHaveBeenCalledWith(""error"", expect.any(Function));

				expect(server.listen).toHaveBeenCalledTimes(1);

				if (process.versions.node.split(""."")[0] >= 8) {
					expect(server.listen).toHaveBeenCalledWith(
						{ port: 1234, exclusive: true },
						expect.any(Function)
					);
				} else {
					expect(server.listen).toHaveBeenCalledWith(1234, expect.any(Function));
				}

				expect(reader.opts.port).toBe(5000);
				expect(reader.connected).toBe(true);

				// Fire new connection event handler
				expect(reader.onTcpClientConnected).toHaveBeenCalledTimes(0);

				let socket = {};
				netCreateCB(socket);

				expect(reader.onTcpClientConnected).toHaveBeenCalledTimes(1);
				expect(reader.onTcpClientConnected).toHaveBeenCalledWith(socket);
			});

		listenCb();

		return p;
	})",snuts
/test/unit/transporters/tcp/tcp-reader.spec.js,SubOptimalAssert,"{'startLine':235,'endLine':235}","it(""should close socket & remove from sockets list"", () => {
		let destroy = jest.fn();
		reader.sockets.push({ id: 1, destroy });
		reader.sockets.push({ id: 2, destroy });
		reader.sockets.push({ id: 3, destroy });

		reader.closeSocket(reader.sockets[1]);

		expect(reader.sockets.length).toBe(2);
		expect(destroy).toHaveBeenCalledTimes(1);
		expect(reader.sockets.find(s => s.id == 2)).toBeUndefined();
	})",snuts
/test/unit/transporters/tcp/tcp-reader.spec.js,SubOptimalAssert,"{'startLine':256,'endLine':256}","it(""should close server & all sockets"", () => {
		let server = {
			listening: true,
			close: jest.fn()
		};
		reader.server = server;

		let destroy = jest.fn();
		reader.sockets.length = 0;
		reader.sockets.push({ destroy });
		reader.sockets.push({ destroy });
		reader.sockets.push({ destroy });

		reader.close();

		expect(server.close).toHaveBeenCalledTimes(1);
		expect(reader.sockets.length).toBe(0);
		expect(destroy).toHaveBeenCalledTimes(3);
	})",snuts
/test/unit/transporters/tcp/parser.spec.js,AnonymousTest,"{'startLine':7,'endLine':14}","it(""check constructor"", () => {
		let opts = {};

		let parser = new Parser(opts, 5000);

		expect(parser.maxPacketSize).toBe(5000);
		expect(parser.buf).toBeNull();
	})",snuts
/test/unit/transporters/tcp/parser.spec.js,VerboseStatement,"{'startLine':88,'endLine':114}","it(""should multiple emit data with valid chunks & store rest chunk"", () => {
		let cb = jest.fn();
		onData.mockClear();

		let buf = Buffer.from(
			[13, 0, 0, 0, 11, 6, 100, 97, 116, 97, 49].concat(
				[12, 0, 0, 0, 11, 7, 100, 97, 116, 97, 50],
				[13, 0, 0, 0, 11, 6, 100, 97]
			)
		);
		parser._write(buf, null, cb);

		expect(cb).toHaveBeenCalledTimes(1);
		expect(cb).toHaveBeenCalledWith();

		expect(onData).toHaveBeenCalledTimes(2);
		expect(onData).toHaveBeenCalledWith(P.PACKET_GOSSIP_REQ, expect.any(Buffer));
		let data = onData.mock.calls[0][1];
		expect(data.toString()).toBe(""data1"");

		expect(onData).toHaveBeenCalledWith(P.PACKET_GOSSIP_RES, expect.any(Buffer));
		data = onData.mock.calls[1][1];
		expect(data.toString()).toBe(""data2"");

		expect(parser.buf).toBeInstanceOf(Buffer);
		expect(parser.buf).toEqual(Buffer.from([13, 0, 0, 0, 11, 6, 100, 97]));
	})",snuts
/test/unit/tracing/exporters/zipkin.spec.js,IdenticalTestDescription,"{'startLine':142,'endLine':153}","it(""should flatten default tags"", async () => {
			const exporter = new ZipkinTraceExporter({ defaultTags: { a: { b: ""c"" } } });
			exporter.init(fakeTracer);

			expect(exporter.timer).toBeDefined();

			await exporter.stop();

			expect(exporter.timer).toBeNull();

			exporter.stop();
		})",snuts
/test/unit/tracing/exporters/newrelic.spec.js,IdenticalTestDescription,"{'startLine':132,'endLine':141}","it(""should flatten default tags"", async () => {
			const exporter = new NewRelicTraceExporter({ defaultTags: { a: { b: ""c"" } } });
			exporter.init(fakeTracer);

			expect(exporter.timer).toBeDefined();

			await exporter.stop();

			expect(exporter.timer).toBeNull();
		})",snuts
/test/unit/tracing/exporters/jaeger.spec.js,IdenticalTestDescription,"{'startLine':140,'endLine':153}","it(""should flatten default tags"", async () => {
			const exporter = new JaegerTraceExporter({ defaultTags: { a: { b: ""c"" } } });
			exporter.init(fakeTracer);

			exporter.tracers = {
				users: { close: jest.fn() },
				posts: { close: jest.fn() }
			};

			await exporter.stop();

			expect(exporter.tracers.users.close).toHaveBeenCalledTimes(1);
			expect(exporter.tracers.posts.close).toHaveBeenCalledTimes(1);
		})",snuts
/test/unit/tracing/exporters/jaeger.spec.js,VerboseStatement,"{'startLine':584,'endLine':648}","it(""should convert normal span to Jaeger payload without parentID"", () => {
			const span = {
				name: ""Test Span"",
				type: ""action"",
				id: ""abc-12345678901234567890"",
				traceID: ""cde-12345678901234567890"",
				//parentID: ""def-12345678901234567890"",

				service: {
					fullName: ""v1.posts""
				},

				startTime: 1000,
				finishTime: 1050,
				duration: 50,

				tags: {
					a: 5,
					b: ""John"",
					c: true,
					d: null
				}
			};

			const jaegerSpan = exporter.generateJaegerSpan(span);

			expect(jaegerSpan).toBe(fakeJaegerSpan);

			expect(exporter.getTracer).toHaveBeenCalledTimes(1);
			expect(exporter.getTracer).toHaveBeenCalledWith(""v1.posts"");

			expect(Jaeger.SpanContext).toHaveBeenCalledTimes(0);

			expect(fakeJaegerTracer.startSpan).toHaveBeenCalledTimes(1);
			expect(fakeJaegerTracer.startSpan).toHaveBeenCalledWith(""Test Span"", {
				startTime: 1000,
				childOf: undefined,
				tags: {
					a: 5,
					b: ""John"",
					c: true,
					d: null,
					def: ""ault"",
					""span.type"": ""action""
				}
			});

			expect(fakeJaegerSpan.log).toHaveBeenCalledTimes(0);

			expect(fakeJaegerSpan.setTag).toHaveBeenCalledTimes(2);
			expect(fakeJaegerSpan.setTag).toHaveBeenCalledWith(""service"", ""v1.posts"");
			expect(fakeJaegerSpan.setTag).toHaveBeenCalledWith(""span.kind"", ""server"");

			expect(fakeJaegerSpan.context).toHaveBeenCalledTimes(1);

			expect(fakeSpanContext.traceId).toEqual(
				Buffer.from([205, 225, 35, 69, 103, 137, 1, 35])
			);
			expect(fakeSpanContext.spanId).toEqual(
				Buffer.from([171, 193, 35, 69, 103, 137, 1, 35])
			);

			expect(fakeJaegerSpan.finish).toHaveBeenCalledTimes(1);
			expect(fakeJaegerSpan.finish).toHaveBeenCalledWith(1050);
		})",snuts
/test/unit/tracing/exporters/jaeger.spec.js,VerboseStatement,"{'startLine':650,'endLine':746}","it(""should convert normal span to Jaeger payload with parentID & logs"", () => {
			exporter.getTracer.mockClear();
			Jaeger.SpanContext.mockClear();
			fakeJaegerTracer.startSpan.mockClear();
			fakeJaegerSpan.log.mockClear();
			fakeJaegerSpan.context.mockClear();
			fakeJaegerSpan.setTag.mockClear();
			fakeJaegerSpan.finish.mockClear();

			const span = {
				name: ""Test Span"",
				type: ""custom"",
				id: ""aaa-12345678901234567890"",
				traceID: ""bbb-12345678901234567890"",
				parentID: ""ccc-12345678901234567890"",

				service: {
					fullName: ""v1.posts""
				},

				startTime: 1000,
				finishTime: 1050,
				duration: 50,

				tags: {
					a: 5,
					b: ""John"",
					c: true,
					d: null
				},

				logs: [
					{ name: ""log1"", time: 100, fields: { a: 5 } },
					{ name: ""log2"", time: 200, fields: { b: ""John"" } }
				]
			};

			const jaegerSpan = exporter.generateJaegerSpan(span);

			expect(jaegerSpan).toBe(fakeJaegerSpan);

			expect(exporter.getTracer).toHaveBeenCalledTimes(1);
			expect(exporter.getTracer).toHaveBeenCalledWith(""v1.posts"");

			expect(Jaeger.SpanContext).toHaveBeenCalledTimes(1);
			expect(Jaeger.SpanContext).toHaveBeenCalledWith(
				Buffer.from([187, 177, 35, 69, 103, 137, 1, 35]),
				Buffer.from([204, 193, 35, 69, 103, 137, 1, 35]),
				null,
				null,
				null,
				null,
				1,
				{},
				""""
			);

			expect(fakeJaegerTracer.startSpan).toHaveBeenCalledTimes(1);
			expect(fakeJaegerTracer.startSpan).toHaveBeenCalledWith(""Test Span"", {
				startTime: 1000,
				childOf: fakeParentSpanContext,
				tags: {
					a: 5,
					b: ""John"",
					c: true,
					d: null,
					def: ""ault"",
					""span.type"": ""custom""
				}
			});

			expect(fakeJaegerSpan.log).toHaveBeenCalledTimes(2);
			expect(fakeJaegerSpan.log).toHaveBeenCalledWith(
				{ event: ""log1"", payload: { a: 5 } },
				100
			);
			expect(fakeJaegerSpan.log).toHaveBeenCalledWith(
				{ event: ""log2"", payload: { b: ""John"" } },
				200
			);

			expect(fakeJaegerSpan.setTag).toHaveBeenCalledTimes(2);
			expect(fakeJaegerSpan.setTag).toHaveBeenCalledWith(""service"", ""v1.posts"");
			expect(fakeJaegerSpan.setTag).toHaveBeenCalledWith(""span.kind"", ""server"");

			expect(fakeJaegerSpan.context).toHaveBeenCalledTimes(1);

			expect(fakeSpanContext.traceId).toEqual(
				Buffer.from([187, 177, 35, 69, 103, 137, 1, 35])
			);
			expect(fakeSpanContext.spanId).toEqual(
				Buffer.from([170, 161, 35, 69, 103, 137, 1, 35])
			);

			expect(fakeJaegerSpan.finish).toHaveBeenCalledTimes(1);
			expect(fakeJaegerSpan.finish).toHaveBeenCalledWith(1050);
		})",snuts
/test/unit/tracing/exporters/jaeger.spec.js,VerboseStatement,"{'startLine':748,'endLine':840}","it(""should convert normal span to Jaeger payload with error"", () => {
			exporter.getTracer.mockClear();
			Jaeger.SpanContext.mockClear();
			fakeJaegerTracer.startSpan.mockClear();
			fakeJaegerSpan.log.mockClear();
			fakeJaegerSpan.context.mockClear();
			fakeJaegerSpan.setTag.mockClear();
			fakeJaegerSpan.finish.mockClear();

			const err = new MoleculerRetryableError(""Something happened"", 512, ""SOMETHING"", {
				a: 5
			});

			const span = {
				name: ""Test Span"",
				type: ""action"",
				id: ""abc-12345678901234567890"",
				traceID: ""cde-12345678901234567890"",
				//parentID: ""def-12345678901234567890"",

				service: {
					fullName: ""v1.posts""
				},

				startTime: 1000,
				finishTime: 1050,
				duration: 50,

				tags: {
					a: 5,
					b: ""John"",
					c: true,
					d: null
				},

				error: err
			};

			const jaegerSpan = exporter.generateJaegerSpan(span);

			expect(jaegerSpan).toBe(fakeJaegerSpan);

			expect(exporter.getTracer).toHaveBeenCalledTimes(1);
			expect(exporter.getTracer).toHaveBeenCalledWith(""v1.posts"");

			expect(Jaeger.SpanContext).toHaveBeenCalledTimes(0);

			expect(fakeJaegerTracer.startSpan).toHaveBeenCalledTimes(1);
			expect(fakeJaegerTracer.startSpan).toHaveBeenCalledWith(""Test Span"", {
				startTime: 1000,
				childOf: undefined,
				tags: {
					a: 5,
					b: ""John"",
					c: true,
					d: null,
					def: ""ault"",
					""span.type"": ""action""
				}
			});

			expect(fakeJaegerSpan.log).toHaveBeenCalledTimes(0);

			expect(fakeJaegerSpan.setTag).toHaveBeenCalledTimes(8);
			expect(fakeJaegerSpan.setTag).toHaveBeenNthCalledWith(1, ""service"", ""v1.posts"");
			expect(fakeJaegerSpan.setTag).toHaveBeenNthCalledWith(2, ""span.kind"", ""server"");
			expect(fakeJaegerSpan.setTag).toHaveBeenNthCalledWith(3, ""error"", true);
			expect(fakeJaegerSpan.setTag).toHaveBeenNthCalledWith(
				4,
				""error.name"",
				""MoleculerRetryableError""
			);
			expect(fakeJaegerSpan.setTag).toHaveBeenNthCalledWith(
				5,
				""error.message"",
				""Something happened""
			);
			expect(fakeJaegerSpan.setTag).toHaveBeenNthCalledWith(6, ""error.retryable"", true);
			expect(fakeJaegerSpan.setTag).toHaveBeenNthCalledWith(7, ""error.data.a"", 5);
			expect(fakeJaegerSpan.setTag).toHaveBeenNthCalledWith(8, ""error.code"", 512);

			expect(fakeJaegerSpan.context).toHaveBeenCalledTimes(1);

			expect(fakeSpanContext.traceId).toEqual(
				Buffer.from([205, 225, 35, 69, 103, 137, 1, 35])
			);
			expect(fakeSpanContext.spanId).toEqual(
				Buffer.from([171, 193, 35, 69, 103, 137, 1, 35])
			);

			expect(fakeJaegerSpan.finish).toHaveBeenCalledTimes(1);
			expect(fakeJaegerSpan.finish).toHaveBeenCalledWith(1050);
		})",snuts
/test/unit/tracing/exporters/event.spec.js,IdenticalTestDescription,"{'startLine':129,'endLine':138}","it(""should flatten default tags"", async () => {
			exporter = new EventTraceExporter({ defaultTags: { a: { b: ""c"" } } });
			exporter.init(fakeTracer);

			expect(exporter.timer).toBeDefined();

			await exporter.stop();

			expect(exporter.timer).toBeNull();
		})",snuts
/test/unit/tracing/exporters/event.spec.js,IdenticalTestDescription,"{'startLine':341,'endLine':352}","it(""should return with a new array"", () => {
			exporter = new EventTraceExporter({});
			exporter.init(fakeTracer);

			exporter.queue.push({ a: 5 }, { b: 10 });

			const res = exporter.generateTracingData();

			expect(res).toEqual([{ a: 5 }, { b: 10 }]);

			expect(res).not.toBe(exporter.queue);
		})",snuts
/test/unit/tracing/exporters/event.spec.js,IdenticalTestDescription,"{'startLine':377,'endLine':396}","it(""should call spanConverter"", () => {
			const spanConverter = jest.fn(span => Object.assign({ converted: true }, span));
			exporter = new EventTraceExporter({ spanConverter });
			exporter.init(fakeTracer);

			exporter.queue.push({ a: 5 }, { b: 10 });

			const res = exporter.generateTracingData();

			expect(spanConverter).toHaveBeenCalledTimes(2);
			expect(spanConverter).toHaveBeenNthCalledWith(1, { a: 5 });
			expect(spanConverter).toHaveBeenNthCalledWith(2, { b: 10 });

			expect(res).toEqual([
				{ a: 5, converted: true },
				{ b: 10, converted: true }
			]);

			expect(res).not.toBe(exporter.queue);
		})",snuts
/test/unit/tracing/exporters/event.spec.js,SubOptimalAssert,"{'startLine':171,'endLine':171}","it(""should not push spans to the queue"", () => {
			exporter = new EventTraceExporter({ sendFinishSpan: false });
			exporter.init(fakeTracer);

			expect(exporter.queue).toEqual([]);

			const span1 = {};
			const span2 = {};

			exporter.spanFinished(span1);
			exporter.spanFinished(span2);

			expect(exporter.queue.length).toBe(0);
		})",snuts
/test/unit/tracing/exporters/event-legacy.spec.js,IdenticalTestDescription,"{'startLine':74,'endLine':91}","it(""should push spans to the queue"", () => {
			broker.emit.mockClear();
			const exporter = new EventLegacyTraceExporter({});
			exporter.generateMetricPayload = jest.fn(() => ({ converted: true }));
			exporter.init(fakeTracer);

			const span1 = { tags: {} };

			exporter.spanFinished(span1);

			expect(exporter.generateMetricPayload).toHaveBeenCalledTimes(1);
			expect(exporter.generateMetricPayload).toHaveBeenCalledWith(span1);

			expect(broker.emit).toHaveBeenCalledTimes(1);
			expect(broker.emit).toHaveBeenCalledWith(""metrics.trace.span.finish"", {
				converted: true
			});
		})",snuts
/test/unit/tracing/exporters/event-legacy.spec.js,IdenticalTestDescription,"{'startLine':93,'endLine':107}","it(""should skip tracing events"", () => {
			broker.emit.mockClear();
			const exporter = new EventLegacyTraceExporter({});
			exporter.generateMetricPayload = jest.fn(() => ({ converted: true }));
			exporter.init(fakeTracer);

			const span1 = { tags: { eventName: ""metrics.trace.span.start"" } };
			const span2 = { tags: { eventName: ""metrics.trace.span.finish"" } };

			exporter.spanFinished(span1);
			exporter.spanFinished(span2);

			expect(exporter.generateMetricPayload).toHaveBeenCalledTimes(0);
			expect(broker.emit).toHaveBeenCalledTimes(0);
		})",snuts
/test/unit/tracing/exporters/datadog.spec.js,AnonymousTest,"{'startLine':371,'endLine':399}","it(""should finish"", () => {
			fakeDdSpan.finish.mockClear();
			exporter.addTags = jest.fn();
			exporter.addLogs = jest.fn();

			const span = {
				finishTime: 1050,

				logs: [1, 5],

				meta: {
					datadog: {
						span: fakeDdSpan,
						asyncId: asyncHooks.executionAsyncId(),
						oldSpan: undefined
					}
				}
			};

			exporter.spanFinished(span);

			expect(exporter.addTags).toHaveBeenCalledTimes(0);

			expect(exporter.addLogs).toHaveBeenCalledTimes(1);
			expect(exporter.addLogs).toHaveBeenCalledWith(fakeDdSpan, span.logs);

			expect(fakeDdSpan.finish).toHaveBeenCalledTimes(1);
			expect(fakeDdSpan.finish).toHaveBeenCalledWith(1050);
		})",snuts
/test/unit/tracing/exporters/datadog.spec.js,IdenticalTestDescription,"{'startLine':605,'endLine':625}","it(""should retun with the original traceID"", () => {
			fakeDdSpan.context.mockClear();
			let oldGetCurrentTraceID = jest.fn();
			const fakeTracer = {
				broker,
				getCurrentTraceID: oldGetCurrentTraceID,
				getActiveSpanID: jest.fn()
			};
			const exporter = new DatadogTraceExporter({});
			exporter.init(fakeTracer);

			const res = exporter.tracer.getCurrentTraceID();

			expect(res).toBe(""trace-id"");

			expect(oldGetCurrentTraceID).toHaveBeenCalledTimes(1);

			expect(fakeTracerScope.active).toHaveBeenCalledTimes(1);
			expect(fakeDdSpan.context).toHaveBeenCalledTimes(1);
			expect(fakeSpanContext.toTraceId).toHaveBeenCalledTimes(1);
		})",snuts
/test/unit/tracing/exporters/datadog.spec.js,IdenticalTestDescription,"{'startLine':646,'endLine':668}","it(""should retun with the original spanID"", () => {
			fakeDdSpan.context.mockClear();
			fakeTracerScope.active.mockClear();

			let oldGetActiveSpanID = jest.fn();
			const fakeTracer = {
				broker,
				getActiveSpanID: oldGetActiveSpanID,
				getCurrentTraceID: jest.fn()
			};
			const exporter = new DatadogTraceExporter({});
			exporter.init(fakeTracer);

			const res = exporter.tracer.getActiveSpanID();

			expect(res).toBe(""span-id"");

			expect(oldGetActiveSpanID).toHaveBeenCalledTimes(1);

			expect(fakeTracerScope.active).toHaveBeenCalledTimes(1);
			expect(fakeDdSpan.context).toHaveBeenCalledTimes(1);
			expect(fakeSpanContext.toSpanId).toHaveBeenCalledTimes(1);
		})",snuts
/test/unit/tracing/exporters/datadog.spec.js,VerboseStatement,"{'startLine':264,'endLine':351}","it(""should convert normal span to Datadog span with parentID, env & logs"", () => {
			exporter.ddTracer.startSpan.mockClear();
			fakeDdSpan.context.mockClear();
			fakeDdSpan.setTag.mockClear();
			DatadogSpanContext.mockClear();
			exporter.convertID = jest.fn(id => id);
			exporter.opts.env = ""testing"";

			const fakeOldSpan = { name: ""old-span"" };
			fakeTracerScope._spans[asyncHooks.executionAsyncId()] = fakeOldSpan;

			const span = {
				name: ""Test Span"",
				type: ""action"",
				id: ""aaa-12345678901234567890"",
				traceID: ""bbb-12345678901234567890"",
				parentID: ""ccc-12345678901234567890"",

				service: {
					fullName: ""v1.posts""
				},

				startTime: 1000,
				finishTime: 1050,
				duration: 50,

				tags: {
					a: 5,
					b: ""John"",
					c: true,
					d: null
				},

				logs: [
					{ name: ""log1"", time: 100, fields: { a: 5 } },
					{ name: ""log2"", time: 200, fields: { b: ""John"" } }
				],

				meta: {}
			};

			exporter.spanStarted(span);

			expect(exporter.ddTracer.startSpan).toHaveBeenCalledTimes(1);
			expect(exporter.ddTracer.startSpan).toHaveBeenCalledWith(""Test Span"", {
				startTime: 1000,
				childOf: {
					parentId: ""ccc-12345678901234567890"",
					spanId: ""ccc-12345678901234567890"",
					traceId: ""bbb-12345678901234567890""
				},
				tags: {
					a: 5,
					b: ""John"",
					c: true,
					d: null,
					def: ""ault"",

					type: ""action"",
					resource: undefined,
					""sampling.priority"": ""AUTO_KEEP"",
					""span.kind"": ""server"",
					""span.type"": ""action""
				}
			});

			expect(fakeDdSpan.setTag).toHaveBeenCalledTimes(2);
			expect(fakeDdSpan.setTag).toHaveBeenNthCalledWith(1, ""env"", ""testing"");
			expect(fakeDdSpan.setTag).toHaveBeenNthCalledWith(2, ""service.name"", ""v1.posts"");

			expect(fakeDdSpan.context).toHaveBeenCalledTimes(1);

			expect(DatadogSpanContext).toHaveBeenCalledTimes(1);
			expect(DatadogSpanContext).toHaveBeenCalledWith({
				parentId: ""ccc-12345678901234567890"",
				spanId: ""ccc-12345678901234567890"",
				traceId: ""bbb-12345678901234567890""
			});

			expect(fakeSpanContext._traceId.toString()).toEqual(""bbb-12345678901234567890"");
			expect(fakeSpanContext._spanId.toString()).toEqual(""aaa-12345678901234567890"");

			expect(span.meta.datadog).toEqual({
				span: fakeDdSpan,
				asyncId: asyncHooks.executionAsyncId(),
				oldSpan: fakeOldSpan
			});
		})",snuts
/test/unit/tracing/exporters/datadog.spec.js,VerboseStatement,"{'startLine':401,'endLine':450}","it(""should finish with error"", () => {
			fakeDdSpan.finish.mockClear();
			fakeTracerScope._destroy.mockClear();
			exporter.addTags = jest.fn();
			exporter.addLogs = jest.fn();

			const fakeOldSpan = { name: ""old-span"" };
			fakeTracerScope._spans[asyncHooks.executionAsyncId()] = null;

			const err = new MoleculerRetryableError(""Something happened"", 512, ""SOMETHING"", {
				a: 5
			});

			const span = {
				finishTime: 1050,

				logs: [],

				error: err,

				meta: {
					datadog: {
						span: fakeDdSpan,
						asyncId: asyncHooks.executionAsyncId(),
						oldSpan: fakeOldSpan
					}
				}
			};

			exporter.spanFinished(span);

			expect(exporter.addTags).toHaveBeenCalledTimes(1);
			expect(exporter.addTags).toHaveBeenCalledWith(fakeDdSpan, ""error"", {
				name: ""MoleculerRetryableError"",
				code: 512,
				data: { a: 5 },
				message: ""Something happened"",
				retryable: true
			});

			expect(exporter.addLogs).toHaveBeenCalledTimes(1);
			expect(exporter.addLogs).toHaveBeenCalledWith(fakeDdSpan, span.logs);

			expect(fakeDdSpan.finish).toHaveBeenCalledTimes(1);
			expect(fakeDdSpan.finish).toHaveBeenCalledWith(1050);

			expect(fakeTracerScope._spans[asyncHooks.executionAsyncId()]).toBe(fakeOldSpan);

			expect(fakeTracerScope._destroy).toHaveBeenCalledTimes(0);
		})",snuts
/test/unit/tracing/exporters/console.spec.js,VerboseStatement,"{'startLine':151,'endLine':178}","it(""should clear printed spans"", () => {
			exporter.spans = {};

			const span1 = { id: ""span1"", parentID: null };
			const span2 = { id: ""span2"", parentID: ""span1"" };
			const span3 = { id: ""span3"", parentID: ""span2"" };
			const span4 = { id: ""span4"", parentID: ""span3"" };
			const span5 = { id: ""span5"", parentID: ""span1"" };
			const span6 = { id: ""span6"", parentID: null };

			exporter.spanStarted(span1);
			exporter.spanStarted(span2);
			exporter.spanStarted(span3);
			exporter.spanStarted(span4);
			exporter.spanStarted(span5);
			exporter.spanStarted(span6);

			expect(exporter.spans).toMatchSnapshot();

			exporter.removeSpanWithChildren(""span1"");

			expect(exporter.spans).toEqual({
				span6: {
					children: [],
					span: span6
				}
			});
		})",snuts
/test/unit/tracing/exporters/console.spec.js,VerboseStatement,"{'startLine':285,'endLine':304}","it(""should print to the default logger"", () => {
			LOG_STORE.length = 0;
			exporter.opts.logger = null;
			exporter.logger.info = logger;

			span22.name = ""Span #22"";
			span22.error = null;

			exporter.spanStarted(span1);
			exporter.spanStarted(span2);
			exporter.spanStarted(span22);
			exporter.spanStarted(span3);

			exporter.spanFinished(span3);
			exporter.spanFinished(span22);
			exporter.spanFinished(span2);
			exporter.spanFinished(span1);

			expect(LOG_STORE).toMatchSnapshot();
		})",snuts
/test/unit/registry/discoverers/redis.spec.js,IdenticalTestDescription,"{'startLine':448,'endLine':463}","it(""should broadcast an error"", async () => {
		discoverer.collectOnlineNodes = jest.fn(() => Promise.reject(new Error(""Ups!"")));

		broker.broadcastLocal = jest.fn();

		// ---- ^ SETUP ^ ---
		await discoverer.sendHeartbeat();

		// ---- ˇ ASSERTS ˇ ---
		expect(discoverer.broker.broadcastLocal).toHaveBeenCalledTimes(1);
		expect(broker.broadcastLocal).toHaveBeenCalledWith(""$discoverer.error"", {
			error: expect.any(Error),
			module: ""discoverer"",
			type: C.FAILED_KEY_SCAN
		});
	})",snuts
/test/unit/registry/discoverers/redis.spec.js,IdenticalTestDescription,"{'startLine':874,'endLine':890}","it(""should broadcast an error"", async () => {
		const err = new Error(""Something happened"");
		discoverer.client.setex = jest.fn(() => Promise.reject(err));

		broker.broadcastLocal = jest.fn();

		// ---- ^ SETUP ^ ---
		await discoverer.sendLocalNodeInfo();

		// ---- ˇ ASSERTS ˇ ---
		expect(discoverer.broker.broadcastLocal).toHaveBeenCalledTimes(1);
		expect(broker.broadcastLocal).toHaveBeenCalledWith(""$discoverer.error"", {
			error: err,
			module: ""discoverer"",
			type: C.FAILED_SEND_INFO
		});
	})",snuts
/test/unit/registry/discoverers/redis.spec.js,VerboseStatement,"{'startLine':98,'endLine':124}","it(""init without opts"", () => {
		const discoverer = new RedisDiscoverer();

		Redis.mockClear();
		Serializers.JSON.prototype.init.mockClear();
		jest.spyOn(BaseDiscoverer.prototype, ""init"");

		// ---- ^ SETUP ^ ---
		discoverer.init(broker.registry);
		// ---- ˇ ASSERTS ˇ ---
		expect(discoverer.instanceHash).toBe(""12345678"");
		expect(discoverer.PREFIX).toBe(""MOL-DSCVR"");
		expect(discoverer.BEAT_KEY).toBe(""MOL-DSCVR-BEAT:node-99|12345678"");
		expect(discoverer.INFO_KEY).toBe(""MOL-DSCVR-INFO:node-99"");

		expect(discoverer.client).toBeInstanceOf(Redis);
		expect(discoverer.serializer).toBeInstanceOf(Serializers.JSON);

		expect(Redis).toHaveBeenCalledTimes(1);
		expect(Redis).toHaveBeenCalledWith(null);

		expect(Serializers.JSON.prototype.init).toHaveBeenCalledTimes(1);
		expect(Serializers.JSON.prototype.init).toHaveBeenCalledWith(broker);

		expect(BaseDiscoverer.prototype.init).toHaveBeenCalledTimes(1);
		expect(BaseDiscoverer.prototype.init).toHaveBeenCalledWith(broker.registry);
	})",snuts
/test/unit/registry/discoverers/redis.spec.js,VerboseStatement,"{'startLine':126,'endLine':159}","it(""init with opts"", () => {
		broker.namespace = ""TESTING"";
		const discoverer = new RedisDiscoverer({
			redis: {
				host: ""redis-server"",
				db: 3
			},
			monitor: true
		});

		Redis.mockClear();
		Serializers.JSON.prototype.init.mockClear();
		// ---- ^ SETUP ^ ---
		discoverer.init(broker.registry);
		// ---- ˇ ASSERTS ˇ ---
		expect(discoverer.instanceHash).toBe(""12345678"");
		expect(discoverer.PREFIX).toBe(""MOL-TESTING-DSCVR"");
		expect(discoverer.BEAT_KEY).toBe(""MOL-TESTING-DSCVR-BEAT:node-99|12345678"");
		expect(discoverer.INFO_KEY).toBe(""MOL-TESTING-DSCVR-INFO:node-99"");

		expect(discoverer.client).toBeInstanceOf(Redis);
		expect(discoverer.serializer).toBeInstanceOf(Serializers.JSON);

		expect(Redis).toHaveBeenCalledTimes(1);
		expect(Redis).toHaveBeenCalledWith({
			host: ""redis-server"",
			db: 3
		});

		expect(Redis.prototype.monitor).toHaveBeenCalledTimes(1);

		expect(Serializers.JSON.prototype.init).toHaveBeenCalledTimes(1);
		expect(Serializers.JSON.prototype.init).toHaveBeenCalledWith(broker);
	})",snuts
/test/unit/registry/discoverers/redis.spec.js,VerboseStatement,"{'startLine':161,'endLine':188}","it(""init Redis cluster client"", () => {
		broker.namespace = ""TESTING"";
		const discoverer = new RedisDiscoverer({
			cluster: {
				nodes: [""redis-server""],
				options: { db: 3 }
			}
		});

		Redis.Cluster.mockClear();
		Serializers.JSON.prototype.init.mockClear();
		// ---- ^ SETUP ^ ---
		discoverer.init(broker.registry);
		// ---- ˇ ASSERTS ˇ ---
		expect(discoverer.instanceHash).toBe(""12345678"");
		expect(discoverer.PREFIX).toBe(""MOL-TESTING-DSCVR"");
		expect(discoverer.BEAT_KEY).toBe(""MOL-TESTING-DSCVR-BEAT:node-99|12345678"");
		expect(discoverer.INFO_KEY).toBe(""MOL-TESTING-DSCVR-INFO:node-99"");

		expect(discoverer.client).toBeInstanceOf(Redis.Cluster);
		expect(discoverer.serializer).toBeInstanceOf(Serializers.JSON);

		expect(Redis.Cluster).toHaveBeenCalledTimes(1);
		expect(Redis.Cluster).toHaveBeenCalledWith([""redis-server""], { db: 3 });

		expect(Serializers.JSON.prototype.init).toHaveBeenCalledTimes(1);
		expect(Serializers.JSON.prototype.init).toHaveBeenCalledWith(broker);
	})",snuts
/test/unit/registry/discoverers/redis.spec.js,VerboseStatement,"{'startLine':372,'endLine':406}","it(""should set HB key on Redis & call collectNodes"", async () => {
		discoverer.logger.error.mockClear();
		broker.metrics.increment.mockClear();
		broker.metrics.timer.mockClear();
		discoverer.serializer.serialize.mockClear();
		discoverer.collectOnlineNodes.mockClear();
		// ---- ^ SETUP ^ ---
		await discoverer.sendHeartbeat();
		// ---- ˇ ASSERTS ˇ ---
		expect(broker.metrics.timer).toBeCalledTimes(1);
		expect(broker.metrics.timer).toBeCalledWith(""moleculer.discoverer.redis.collect.time"");

		expect(discoverer.client.multi).toBeCalledTimes(1);
		expect(fakePipeline.del).toBeCalledTimes(1);
		expect(fakePipeline.del).toBeCalledWith(""MOL-DSCVR-BEAT:node-99|12345678|0"");
		expect(discoverer.serializer.serialize).toBeCalledTimes(1);
		expect(fakePipeline.setex).toBeCalledTimes(1);
		expect(fakePipeline.setex).toBeCalledWith(""MOL-DSCVR-BEAT:node-99|12345678|1"", 30, {
			cpu: null,
			instanceID: ""1234567890"",
			sender: ""node-99"",
			seq: 1,
			ver: ""4""
		});
		expect(fakePipeline.exec).toBeCalledTimes(1);

		expect(discoverer.lastBeatSeq).toBe(1);

		expect(discoverer.collectOnlineNodes).toBeCalledTimes(1);

		expect(discoverer.logger.error).toBeCalledTimes(0);

		expect(broker.metrics.increment).toBeCalledTimes(1);
		expect(broker.metrics.increment).toBeCalledWith(""moleculer.discoverer.redis.collect.total"");
	})",snuts
/test/unit/registry/discoverers/redis.spec.js,VerboseStatement,"{'startLine':408,'endLine':446}","it(""should set HB key without del if seq is same"", async () => {
		discoverer.logger.error.mockClear();
		broker.metrics.increment.mockClear();
		broker.metrics.timer.mockClear();
		discoverer.serializer.serialize.mockClear();
		discoverer.client.multi.mockClear();
		discoverer.collectOnlineNodes.mockClear();
		fakePipeline.del.mockClear();
		fakePipeline.setex.mockClear();
		fakePipeline.exec.mockClear();

		// ---- ^ SETUP ^ ---
		await discoverer.sendHeartbeat();
		// ---- ˇ ASSERTS ˇ ---
		expect(broker.metrics.timer).toBeCalledTimes(1);
		expect(broker.metrics.timer).toBeCalledWith(""moleculer.discoverer.redis.collect.time"");

		expect(discoverer.client.multi).toBeCalledTimes(1);
		expect(fakePipeline.del).toBeCalledTimes(0);
		expect(discoverer.serializer.serialize).toBeCalledTimes(1);
		expect(fakePipeline.setex).toBeCalledTimes(1);
		expect(fakePipeline.setex).toBeCalledWith(""MOL-DSCVR-BEAT:node-99|12345678|1"", 30, {
			cpu: null,
			instanceID: ""1234567890"",
			sender: ""node-99"",
			seq: 1,
			ver: ""4""
		});
		expect(fakePipeline.exec).toBeCalledTimes(1);

		expect(discoverer.lastBeatSeq).toBe(1);

		expect(discoverer.collectOnlineNodes).toBeCalledTimes(1);

		expect(discoverer.logger.error).toBeCalledTimes(0);

		expect(broker.metrics.increment).toBeCalledTimes(1);
		expect(broker.metrics.increment).toBeCalledWith(""moleculer.discoverer.redis.collect.total"");
	})",snuts
/test/unit/registry/discoverers/redis.spec.js,VerboseStatement,"{'startLine':500,'endLine':528}","it(""should handle empty list"", async () => {
		broker.registry.nodes.list = jest.fn(() => []);
		// ---- ^ SETUP ^ ---
		const p = discoverer.collectOnlineNodes();
		fakeStreamCB.end();

		await p;
		// ---- ˇ ASSERTS ˇ ---
		expect(broker.registry.nodes.list).toBeCalledTimes(1);
		expect(broker.registry.nodes.list).toBeCalledWith({
			onlyAvailable: true,
			withServices: false
		});

		expect(discoverer.client.scanStream).toBeCalledTimes(1);
		expect(discoverer.client.scanStream).toBeCalledWith({
			match: ""MOL-DSCVR-BEAT:*"",
			count: 100
		});

		expect(fakeStream.on).toBeCalledTimes(3);
		expect(fakeStream.on).toBeCalledWith(""data"", expect.any(Function));
		expect(fakeStream.on).toBeCalledWith(""error"", expect.any(Function));
		expect(fakeStream.on).toBeCalledWith(""end"", expect.any(Function));

		expect(discoverer.client.mgetBuffer).toBeCalledTimes(0);
		expect(discoverer.remoteNodeDisconnected).toBeCalledTimes(0);
		expect(discoverer.heartbeatReceived).toBeCalledTimes(0);
	})",snuts
/test/unit/registry/discoverers/redis.spec.js,VerboseStatement,"{'startLine':530,'endLine':565}","it(""should disconnect previous nodes"", async () => {
		discoverer.opts.scanLength = 50;
		broker.registry.nodes.list = jest.fn(() => [
			{ id: ""node-1"" },
			{ id: ""node-2"" },
			{ id: ""node-99"" }
		]);
		// ---- ^ SETUP ^ ---
		const p = discoverer.collectOnlineNodes();
		fakeStreamCB.end();

		await p;
		// ---- ˇ ASSERTS ˇ ---
		expect(broker.registry.nodes.list).toBeCalledTimes(1);
		expect(broker.registry.nodes.list).toBeCalledWith({
			onlyAvailable: true,
			withServices: false
		});

		expect(discoverer.client.scanStream).toBeCalledTimes(1);
		expect(discoverer.client.scanStream).toBeCalledWith({
			match: ""MOL-DSCVR-BEAT:*"",
			count: 50
		});

		expect(fakeStream.on).toBeCalledTimes(3);
		expect(fakeStream.on).toBeCalledWith(""data"", expect.any(Function));
		expect(fakeStream.on).toBeCalledWith(""error"", expect.any(Function));
		expect(fakeStream.on).toBeCalledWith(""end"", expect.any(Function));

		expect(discoverer.client.mgetBuffer).toBeCalledTimes(0);
		expect(discoverer.heartbeatReceived).toBeCalledTimes(0);
		expect(discoverer.remoteNodeDisconnected).toBeCalledTimes(2);
		expect(discoverer.remoteNodeDisconnected).toBeCalledWith(""node-1"", true);
		expect(discoverer.remoteNodeDisconnected).toBeCalledWith(""node-2"", true);
	})",snuts
/test/unit/registry/discoverers/redis.spec.js,VerboseStatement,"{'startLine':567,'endLine':612}","it(""should add new nodes (full check)"", async () => {
		discoverer.opts.fullCheck = 1;
		broker.registry.nodes.list = jest.fn(() => [
			{ id: ""node-1"" },
			{ id: ""node-2"" },
			{ id: ""node-3"" },
			{ id: ""node-99"" }
		]);
		discoverer.client.mgetBuffer = jest.fn(() =>
			Promise.resolve([
				{ instanceID: ""111"", sender: ""node-1"", seq: 1 },
				{ instanceID: ""222"", sender: ""node-2"", seq: 2 },
				{ instanceID: ""999"", sender: ""node-99"", seq: 9 }
			])
		);
		// ---- ^ SETUP ^ ---
		const p = discoverer.collectOnlineNodes();

		fakeStreamCB.data([""MOL-DSCVR-BEAT:node-1|111|1"", ""MOL-DSCVR-BEAT:node-2|222|2""]);
		fakeStreamCB.data([""MOL-DSCVR-BEAT:node-99|999|9""]);
		fakeStreamCB.end();

		await p;
		// ---- ˇ ASSERTS ˇ ---
		expect(discoverer.client.mgetBuffer).toBeCalledTimes(1);
		expect(discoverer.client.mgetBuffer).toBeCalledWith(
			""MOL-DSCVR-BEAT:node-1|111|1"",
			""MOL-DSCVR-BEAT:node-2|222|2"",
			""MOL-DSCVR-BEAT:node-99|999|9""
		);

		expect(discoverer.heartbeatReceived).toBeCalledTimes(2);
		expect(discoverer.heartbeatReceived).toBeCalledWith(""node-1"", {
			instanceID: ""111"",
			sender: ""node-1"",
			seq: 1
		});
		expect(discoverer.heartbeatReceived).toBeCalledWith(""node-2"", {
			instanceID: ""222"",
			sender: ""node-2"",
			seq: 2
		});

		expect(discoverer.remoteNodeDisconnected).toBeCalledTimes(1);
		expect(discoverer.remoteNodeDisconnected).toBeCalledWith(""node-3"", true);
	})",snuts
/test/unit/registry/discoverers/redis.spec.js,VerboseStatement,"{'startLine':894,'endLine':915}","it(""should call localNodeDisconnected & del & scanClean"", async () => {
		const broker = new ServiceBroker({ logger: false, nodeID: ""node-99"" });
		broker.instanceID = ""1234567890"";
		const discoverer = new RedisDiscoverer();
		discoverer.init(broker.registry);
		discoverer.client.del = jest.fn();
		discoverer.scanClean = jest.fn();

		jest.spyOn(BaseDiscoverer.prototype, ""localNodeDisconnected"");

		await discoverer.localNodeDisconnected();

		expect(BaseDiscoverer.prototype.localNodeDisconnected).toBeCalledTimes(1);

		expect(discoverer.client.del).toBeCalledTimes(1);
		expect(discoverer.client.del).toBeCalledWith(""MOL-DSCVR-INFO:node-99"");

		expect(discoverer.scanClean).toBeCalledTimes(1);
		expect(discoverer.scanClean).toBeCalledWith(""MOL-DSCVR-BEAT:node-99|12345678*"");

		await discoverer.stop();
	})",snuts
/test/unit/registry/discoverers/redis.spec.js,VerboseStatement,"{'startLine':945,'endLine':972}","it(""should collect keys & call del with keys"", async () => {
		// ---- ^ SETUP ^ ---
		const p = discoverer.scanClean(""SOME.**"");
		// ---- ˇ ASSERTS ˇ ---
		expect(discoverer.client.scanStream).toBeCalledTimes(1);
		expect(discoverer.client.scanStream).toBeCalledWith({ match: ""SOME.**"", count: 50 });

		expect(fakeStream.on).toBeCalledTimes(3);
		expect(fakeStream.on).toBeCalledWith(""data"", expect.any(Function));
		expect(fakeStream.on).toBeCalledWith(""error"", expect.any(Function));
		expect(fakeStream.on).toBeCalledWith(""end"", expect.any(Function));

		expect(discoverer.client.del).toBeCalledTimes(0);

		await fakeStreamCB.data([""key1"", ""key2""]);

		expect(discoverer.client.del).toBeCalledTimes(1);
		expect(discoverer.client.del).toBeCalledWith([""key1"", ""key2""]);

		expect(fakeStream.pause).toBeCalledTimes(1);
		expect(fakeStream.resume).toBeCalledTimes(1);

		fakeStreamCB.end();

		expect(discoverer.logger.error).toBeCalledTimes(0);

		await p;
	})",snuts
/test/unit/registry/discoverers/redis.spec.js,VerboseStatement,"{'startLine':974,'endLine':1005}","it(""should reject if error occured"", async () => {
		// ---- ^ SETUP ^ ---
		const p = discoverer.scanClean(""SOME.**"");
		// ---- ˇ ASSERTS ˇ ---
		expect(discoverer.client.scanStream).toBeCalledTimes(1);
		expect(discoverer.client.scanStream).toBeCalledWith({ match: ""SOME.**"", count: 50 });

		expect(fakeStream.on).toBeCalledTimes(3);
		expect(fakeStream.on).toBeCalledWith(""data"", expect.any(Function));
		expect(fakeStream.on).toBeCalledWith(""error"", expect.any(Function));
		expect(fakeStream.on).toBeCalledWith(""end"", expect.any(Function));

		expect(discoverer.client.del).toBeCalledTimes(0);

		const err = new Error(""Something happened"");
		await fakeStreamCB.error(err);

		expect(discoverer.client.del).toBeCalledTimes(0);
		expect(fakeStream.pause).toBeCalledTimes(0);
		expect(fakeStream.resume).toBeCalledTimes(0);

		expect(discoverer.logger.error).toBeCalledTimes(1);

		fakeStreamCB.end();

		try {
			await p;
		} catch (e) {
			expect(e).toBe(err);
		}
		expect.assertions(12);
	})",snuts
/test/unit/registry/discoverers/local.spec.js,IdenticalTestDescription,"{'startLine':33,'endLine':41}","it(""should do nothing if no transporter"", async () => {
		const broker = new ServiceBroker({ logger: false });
		const discoverer = new LocalDiscoverer();
		discoverer.init(broker.registry);

		await discoverer.discoverAllNodes();

		await discoverer.stop();
	})",snuts
/test/unit/registry/discoverers/local.spec.js,IdenticalTestDescription,"{'startLine':43,'endLine':55}","it(""should call transit.discoverNode if has transporter"", async () => {
		const broker = new ServiceBroker({ logger: false, transporter: ""Fake"" });
		const discoverer = new LocalDiscoverer();
		discoverer.init(broker.registry);
		broker.transit.discoverNodes = jest.fn(() => Promise.resolve());

		await discoverer.discoverAllNodes();

		expect(broker.transit.discoverNodes).toBeCalledTimes(1);
		expect(broker.transit.discoverNodes).toBeCalledWith();

		await discoverer.stop();
	})",snuts
/test/unit/registry/discoverers/local.spec.js,IdenticalTestDescription,"{'startLine':59,'endLine':67}","it(""should do nothing if no transporter"", async () => {
		const broker = new ServiceBroker({ logger: false });
		const discoverer = new LocalDiscoverer();
		discoverer.init(broker.registry);

		await discoverer.sendLocalNodeInfo(""node-3"");

		await discoverer.stop();
	})",snuts
/test/unit/registry/discoverers/etcd3.spec.js,IdenticalTestDescription,"{'startLine':737,'endLine':763}","it(""should recreate lease if seq is same"", async () => {
		discoverer.localNode.seq++;
		discoverer.leaseInfo = fakeLease;
		discoverer.client.lease = jest.fn(() => fakeLease2);

		// ---- ^ SETUP ^ ---
		await discoverer.sendLocalNodeInfo();
		// ---- ˇ ASSERTS ˇ ---
		expect(fakeLease.revoke).toBeCalledTimes(1);
		expect(fakeLease.on).toBeCalledTimes(0);

		expect(discoverer.client.lease).toBeCalledTimes(1);
		expect(discoverer.client.lease).toBeCalledWith(60);
		expect(fakeLease2.on).toBeCalledTimes(1);
		expect(fakeLease2.grant).toBeCalledTimes(1);
		expect(discoverer.leaseInfo).toBe(fakeLease2);

		expect(discoverer.serializer.serialize).toBeCalledTimes(1);
		expect(fakeLease2.put).toBeCalledTimes(1);
		expect(fakeLease2.put).toBeCalledWith(""moleculer/discovery/info/node-99"");
		expect(fakeLease2.value).toBeCalledTimes(1);
		expect(fakeLease2.value).toBeCalledWith({ sender: ""node-99"", ver: ""4"", a: 5 });

		expect(discoverer.lastInfoSeq).toBe(2);
		expect(discoverer.beat).toBeCalledTimes(1);
		expect(discoverer.logger.error).toBeCalledTimes(0);
	})",snuts
/test/unit/registry/discoverers/etcd3.spec.js,IdenticalTestDescription,"{'startLine':812,'endLine':828}","it(""should broadcast an error"", async () => {
		const err = new Error(""Something happened"");
		discoverer.client.setex = jest.fn(() => Promise.reject(err));

		broker.broadcastLocal = jest.fn();

		// ---- ^ SETUP ^ ---
		await discoverer.sendLocalNodeInfo();

		// ---- ˇ ASSERTS ˇ ---
		expect(discoverer.broker.broadcastLocal).toHaveBeenCalledTimes(1);
		expect(broker.broadcastLocal).toHaveBeenCalledWith(""$discoverer.error"", {
			error: err,
			module: ""discoverer"",
			type: C.FAILED_SEND_INFO
		});
	})",snuts
/test/unit/registry/discoverers/etcd3.spec.js,VerboseStatement,"{'startLine':88,'endLine':114}","it(""init without opts"", () => {
		const discoverer = new Etcd3Discoverer();

		ETCD3.Etcd3.mockClear();
		Serializers.JSON.prototype.init.mockClear();
		jest.spyOn(BaseDiscoverer.prototype, ""init"");

		// ---- ^ SETUP ^ ---
		discoverer.init(broker.registry);
		// ---- ˇ ASSERTS ˇ ---
		expect(discoverer.instanceHash).toBe(""12345678"");
		expect(discoverer.PREFIX).toBe(""moleculer/discovery"");
		expect(discoverer.BEAT_KEY).toBe(""moleculer/discovery/beats/node-99/12345678"");
		expect(discoverer.INFO_KEY).toBe(""moleculer/discovery/info/node-99"");

		expect(discoverer.client).toBeInstanceOf(ETCD3.Etcd3);
		expect(discoverer.serializer).toBeInstanceOf(Serializers.JSON);

		expect(ETCD3.Etcd3).toHaveBeenCalledTimes(1);
		expect(ETCD3.Etcd3).toHaveBeenCalledWith(undefined);

		expect(Serializers.JSON.prototype.init).toHaveBeenCalledTimes(1);
		expect(Serializers.JSON.prototype.init).toHaveBeenCalledWith(broker);

		expect(BaseDiscoverer.prototype.init).toHaveBeenCalledTimes(1);
		expect(BaseDiscoverer.prototype.init).toHaveBeenCalledWith(broker.registry);
	})",snuts
/test/unit/registry/discoverers/etcd3.spec.js,VerboseStatement,"{'startLine':116,'endLine':144}","it(""init with opts"", () => {
		broker.namespace = ""testing"";
		const discoverer = new Etcd3Discoverer({
			etcd: {
				hosts: [""localhost:2379""]
			}
		});

		ETCD3.Etcd3.mockClear();
		Serializers.JSON.prototype.init.mockClear();
		// ---- ^ SETUP ^ ---
		discoverer.init(broker.registry);
		// ---- ˇ ASSERTS ˇ ---
		expect(discoverer.instanceHash).toBe(""12345678"");
		expect(discoverer.PREFIX).toBe(""moleculer-testing/discovery"");
		expect(discoverer.BEAT_KEY).toBe(""moleculer-testing/discovery/beats/node-99/12345678"");
		expect(discoverer.INFO_KEY).toBe(""moleculer-testing/discovery/info/node-99"");

		expect(discoverer.client).toBeInstanceOf(ETCD3.Etcd3);
		expect(discoverer.serializer).toBeInstanceOf(Serializers.JSON);

		expect(ETCD3.Etcd3).toHaveBeenCalledTimes(1);
		expect(ETCD3.Etcd3).toHaveBeenCalledWith({
			hosts: [""localhost:2379""]
		});

		expect(Serializers.JSON.prototype.init).toHaveBeenCalledTimes(1);
		expect(Serializers.JSON.prototype.init).toHaveBeenCalledWith(broker);
	})",snuts
/test/unit/registry/discoverers/etcd3.spec.js,VerboseStatement,"{'startLine':237,'endLine':275}","it(""should create leaseBeat & set HB key on etcd3 & call collectNodes"", async () => {
		discoverer.logger.error.mockClear();
		broker.metrics.increment.mockClear();
		broker.metrics.timer.mockClear();
		discoverer.serializer.serialize.mockClear();
		discoverer.collectOnlineNodes.mockClear();
		// ---- ^ SETUP ^ ---
		await discoverer.sendHeartbeat();
		// ---- ˇ ASSERTS ˇ ---
		expect(broker.metrics.timer).toBeCalledTimes(1);
		expect(broker.metrics.timer).toBeCalledWith(""moleculer.discoverer.etcd.collect.time"");

		expect(discoverer.client.lease).toBeCalledTimes(1);
		expect(discoverer.client.lease).toBeCalledWith(30);
		expect(fakeLease.grant).toBeCalledTimes(1);
		expect(discoverer.leaseBeat).toBe(fakeLease);

		expect(discoverer.serializer.serialize).toBeCalledTimes(1);
		expect(fakeLease.put).toBeCalledTimes(1);
		expect(fakeLease.put).toBeCalledWith(""moleculer/discovery/beats/node-99/12345678/1"");
		expect(fakeLease.value).toBeCalledTimes(1);
		expect(fakeLease.value).toBeCalledWith({
			cpu: null,
			sender: ""node-99"",
			seq: 1,
			ver: ""4"",
			instanceID: ""1234567890""
		});
		expect(fakeLease.on).toBeCalledTimes(1);

		expect(discoverer.lastBeatSeq).toBe(1);

		expect(discoverer.collectOnlineNodes).toBeCalledTimes(1);

		expect(discoverer.logger.error).toBeCalledTimes(0);

		expect(broker.metrics.increment).toBeCalledTimes(1);
		expect(broker.metrics.increment).toBeCalledWith(""moleculer.discoverer.etcd.collect.total"");
	})",snuts
/test/unit/registry/discoverers/etcd3.spec.js,VerboseStatement,"{'startLine':277,'endLine':320}","it(""should set HB key without del if seq is same"", async () => {
		discoverer.logger.error.mockClear();
		broker.metrics.increment.mockClear();
		broker.metrics.timer.mockClear();
		discoverer.serializer.serialize.mockClear();
		discoverer.client.lease.mockClear();
		discoverer.collectOnlineNodes.mockClear();
		fakeLease.grant.mockClear();
		fakeLease.revoke.mockClear();
		fakeLease.put.mockClear();
		fakeLease.on.mockClear();
		fakeLease.value.mockClear();

		// ---- ^ SETUP ^ ---
		await discoverer.sendHeartbeat();
		// ---- ˇ ASSERTS ˇ ---
		expect(broker.metrics.timer).toBeCalledTimes(1);
		expect(broker.metrics.timer).toBeCalledWith(""moleculer.discoverer.etcd.collect.time"");

		expect(discoverer.client.lease).toBeCalledTimes(0);
		expect(fakeLease.grant).toBeCalledTimes(0);

		expect(discoverer.serializer.serialize).toBeCalledTimes(1);
		expect(fakeLease.put).toBeCalledTimes(1);
		expect(fakeLease.put).toBeCalledWith(""moleculer/discovery/beats/node-99/12345678/1"");
		expect(fakeLease.value).toBeCalledTimes(1);
		expect(fakeLease.value).toBeCalledWith({
			cpu: null,
			sender: ""node-99"",
			seq: 1,
			ver: ""4"",
			instanceID: ""1234567890""
		});
		expect(fakeLease.on).toBeCalledTimes(0);

		expect(discoverer.lastBeatSeq).toBe(1);

		expect(discoverer.collectOnlineNodes).toBeCalledTimes(1);

		expect(discoverer.logger.error).toBeCalledTimes(0);

		expect(broker.metrics.increment).toBeCalledTimes(1);
		expect(broker.metrics.increment).toBeCalledWith(""moleculer.discoverer.etcd.collect.total"");
	})",snuts
/test/unit/registry/discoverers/etcd3.spec.js,VerboseStatement,"{'startLine':322,'endLine':367}","it(""should recreate lease if seq is same"", async () => {
		discoverer.logger.error.mockClear();
		broker.metrics.increment.mockClear();
		broker.metrics.timer.mockClear();
		discoverer.serializer.serialize.mockClear();
		discoverer.client.lease = jest.fn(() => fakeLease2);
		discoverer.collectOnlineNodes.mockClear();
		fakeLease.grant.mockClear();
		fakeLease.revoke.mockClear();
		fakeLease.put.mockClear();
		fakeLease.on.mockClear();
		fakeLease.value.mockClear();

		discoverer.localNode.seq++;
		discoverer.leaseBeat = fakeLease;

		// ---- ^ SETUP ^ ---
		await discoverer.sendHeartbeat();
		// ---- ˇ ASSERTS ˇ ---
		expect(fakeLease.revoke).toBeCalledTimes(1);
		expect(fakeLease.on).toBeCalledTimes(0);

		expect(discoverer.client.lease).toBeCalledTimes(1);
		expect(discoverer.client.lease).toBeCalledWith(30);
		expect(fakeLease2.grant).toBeCalledTimes(1);
		expect(discoverer.leaseBeat).toBe(fakeLease2);

		expect(discoverer.serializer.serialize).toBeCalledTimes(1);
		expect(fakeLease2.put).toBeCalledTimes(1);
		expect(fakeLease2.put).toBeCalledWith(""moleculer/discovery/beats/node-99/12345678/2"");
		expect(fakeLease2.value).toBeCalledTimes(1);
		expect(fakeLease2.value).toBeCalledWith({
			cpu: null,
			sender: ""node-99"",
			seq: 2,
			ver: ""4"",
			instanceID: ""1234567890""
		});
		expect(fakeLease2.on).toBeCalledTimes(1);

		expect(discoverer.lastBeatSeq).toBe(2);

		expect(discoverer.collectOnlineNodes).toBeCalledTimes(1);

		expect(discoverer.logger.error).toBeCalledTimes(0);
	})",snuts
/test/unit/registry/discoverers/etcd3.spec.js,VerboseStatement,"{'startLine':468,'endLine':506}","it(""should add new nodes (full check)"", async () => {
		discoverer.opts.fullCheck = 1;
		broker.registry.nodes.list = jest.fn(() => [
			{ id: ""node-1"" },
			{ id: ""node-2"" },
			{ id: ""node-3"" },
			{ id: ""node-99"" }
		]);
		fakeClient.buffers = jest.fn(() =>
			Promise.resolve([
				{ instanceID: ""111"", sender: ""node-1"", seq: 1 },
				{ instanceID: ""222"", sender: ""node-2"", seq: 2 },
				{ instanceID: ""999"", sender: ""node-99"", seq: 9 }
			])
		);
		// ---- ^ SETUP ^ ---
		await discoverer.collectOnlineNodes();
		// ---- ˇ ASSERTS ˇ ---
		expect(discoverer.client.getAll).toBeCalledTimes(1);
		expect(fakeClient.prefix).toBeCalledTimes(1);
		expect(fakeClient.prefix).toBeCalledWith(""moleculer/discovery/beats/"");
		expect(fakeClient.buffers).toBeCalledTimes(1);
		expect(fakeClient.keys).toBeCalledTimes(0);

		expect(discoverer.heartbeatReceived).toBeCalledTimes(2);
		expect(discoverer.heartbeatReceived).toBeCalledWith(""node-1"", {
			instanceID: ""111"",
			sender: ""node-1"",
			seq: 1
		});
		expect(discoverer.heartbeatReceived).toBeCalledWith(""node-2"", {
			instanceID: ""222"",
			sender: ""node-2"",
			seq: 2
		});

		expect(discoverer.remoteNodeDisconnected).toBeCalledTimes(1);
		expect(discoverer.remoteNodeDisconnected).toBeCalledWith(""node-3"", true);
	})",snuts
/test/unit/registry/discoverers/etcd3.spec.js,VerboseStatement,"{'startLine':508,'endLine':548}","it(""should add new nodes (fast check)"", async () => {
		discoverer.opts.fullCheck = 0;
		broker.registry.nodes.list = jest.fn(() => [
			{ id: ""node-1"" },
			{ id: ""node-2"" },
			{ id: ""node-3"" },
			{ id: ""node-99"" }
		]);
		fakeClient.keys = jest.fn(() =>
			Promise.resolve([
				""moleculer/discovery/beats/node-1/111/1"",
				""moleculer/discovery/beats/node-2/222/2"",
				""moleculer/discovery/beats/node-99/999/9""
			])
		);
		// ---- ^ SETUP ^ ---
		await discoverer.collectOnlineNodes();
		// ---- ˇ ASSERTS ˇ ---
		expect(discoverer.client.getAll).toBeCalledTimes(1);
		expect(fakeClient.prefix).toBeCalledTimes(1);
		expect(fakeClient.prefix).toBeCalledWith(""moleculer/discovery/beats/"");
		expect(fakeClient.buffers).toBeCalledTimes(0);
		expect(fakeClient.keys).toBeCalledTimes(1);

		expect(discoverer.heartbeatReceived).toBeCalledTimes(2);
		expect(discoverer.heartbeatReceived).toBeCalledWith(""node-1"", {
			instanceID: ""111"",
			sender: ""node-1"",
			seq: 1,
			key: ""moleculer/discovery/beats/node-1/111/1""
		});
		expect(discoverer.heartbeatReceived).toBeCalledWith(""node-2"", {
			instanceID: ""222"",
			sender: ""node-2"",
			seq: 2,
			key: ""moleculer/discovery/beats/node-2/222/2""
		});

		expect(discoverer.remoteNodeDisconnected).toBeCalledTimes(1);
		expect(discoverer.remoteNodeDisconnected).toBeCalledWith(""node-3"", true);
	})",snuts
/test/unit/registry/discoverers/etcd3.spec.js,VerboseStatement,"{'startLine':694,'endLine':715}","it(""should send INFO & call recreateInfoUpdateTimer & beat"", async () => {
		// ---- ^ SETUP ^ ---
		await discoverer.sendLocalNodeInfo();
		// ---- ˇ ASSERTS ˇ ---
		expect(broker.getLocalNodeInfo).toBeCalledTimes(1);

		expect(discoverer.client.lease).toBeCalledTimes(1);
		expect(discoverer.client.lease).toBeCalledWith(60);
		expect(fakeLease.grant).toBeCalledTimes(1);
		expect(discoverer.leaseInfo).toBe(fakeLease);

		expect(discoverer.serializer.serialize).toBeCalledTimes(1);
		expect(fakeLease.put).toBeCalledTimes(1);
		expect(fakeLease.put).toBeCalledWith(""moleculer/discovery/info/node-99"");
		expect(fakeLease.value).toBeCalledTimes(1);
		expect(fakeLease.value).toBeCalledWith({ sender: ""node-99"", ver: ""4"", a: 5 });
		expect(fakeLease.on).toBeCalledTimes(1);

		expect(discoverer.lastInfoSeq).toBe(1);
		expect(discoverer.beat).toBeCalledTimes(1);
		expect(discoverer.logger.error).toBeCalledTimes(0);
	})",snuts
/test/unit/registry/discoverers/etcd3.spec.js,VerboseStatement,"{'startLine':737,'endLine':763}","it(""should recreate lease if seq is same"", async () => {
		discoverer.localNode.seq++;
		discoverer.leaseInfo = fakeLease;
		discoverer.client.lease = jest.fn(() => fakeLease2);

		// ---- ^ SETUP ^ ---
		await discoverer.sendLocalNodeInfo();
		// ---- ˇ ASSERTS ˇ ---
		expect(fakeLease.revoke).toBeCalledTimes(1);
		expect(fakeLease.on).toBeCalledTimes(0);

		expect(discoverer.client.lease).toBeCalledTimes(1);
		expect(discoverer.client.lease).toBeCalledWith(60);
		expect(fakeLease2.on).toBeCalledTimes(1);
		expect(fakeLease2.grant).toBeCalledTimes(1);
		expect(discoverer.leaseInfo).toBe(fakeLease2);

		expect(discoverer.serializer.serialize).toBeCalledTimes(1);
		expect(fakeLease2.put).toBeCalledTimes(1);
		expect(fakeLease2.put).toBeCalledWith(""moleculer/discovery/info/node-99"");
		expect(fakeLease2.value).toBeCalledTimes(1);
		expect(fakeLease2.value).toBeCalledWith({ sender: ""node-99"", ver: ""4"", a: 5 });

		expect(discoverer.lastInfoSeq).toBe(2);
		expect(discoverer.beat).toBeCalledTimes(1);
		expect(discoverer.logger.error).toBeCalledTimes(0);
	})",snuts
/test/unit/registry/discoverers/etcd3.spec.js,VerboseStatement,"{'startLine':765,'endLine':796}","it(""should recreate lease if seq is same & call makeBalancedSubscriptions"", async () => {
		broker.transit.tx.makeBalancedSubscriptions = jest.fn(() => Promise.resolve());
		broker.options.disableBalancer = true;
		discoverer.localNode.seq++;
		discoverer.leaseInfo = fakeLease;
		discoverer.client.lease = jest.fn(() => fakeLease2);
		fakeLease2.grant.mockClear();

		// ---- ^ SETUP ^ ---
		await discoverer.sendLocalNodeInfo();
		// ---- ˇ ASSERTS ˇ ---
		expect(fakeLease.revoke).toBeCalledTimes(1);
		expect(fakeLease.on).toBeCalledTimes(0);

		expect(discoverer.client.lease).toBeCalledTimes(1);
		expect(discoverer.client.lease).toBeCalledWith(60);
		expect(fakeLease2.on).toBeCalledTimes(1);
		expect(fakeLease2.grant).toBeCalledTimes(1);
		expect(discoverer.leaseInfo).toBe(fakeLease2);

		expect(broker.transit.tx.makeBalancedSubscriptions).toBeCalledTimes(1);

		expect(discoverer.serializer.serialize).toBeCalledTimes(1);
		expect(fakeLease2.put).toBeCalledTimes(1);
		expect(fakeLease2.put).toBeCalledWith(""moleculer/discovery/info/node-99"");
		expect(fakeLease2.value).toBeCalledTimes(1);
		expect(fakeLease2.value).toBeCalledWith({ sender: ""node-99"", ver: ""4"", a: 5 });

		expect(discoverer.lastInfoSeq).toBe(3);
		expect(discoverer.beat).toBeCalledTimes(1);
		expect(discoverer.logger.error).toBeCalledTimes(0);
	})",snuts
/test/unit/registry/discoverers/etcd3.spec.js,VerboseStatement,"{'startLine':832,'endLine':859}","it(""should call localNodeDisconnected & del & scanClean"", async () => {
		const broker = new ServiceBroker({ logger: false, nodeID: ""node-99"" });
		broker.instanceID = ""1234567890"";
		const discoverer = new Etcd3Discoverer();
		discoverer.init(broker.registry);
		const fakeDelete = {
			key: jest.fn()
		};
		discoverer.client.delete = jest.fn(() => fakeDelete);
		discoverer.leaseBeat = { revoke: jest.fn() };
		discoverer.leaseInfo = { revoke: jest.fn() };

		jest.spyOn(BaseDiscoverer.prototype, ""localNodeDisconnected"");

		await discoverer.localNodeDisconnected();

		expect(BaseDiscoverer.prototype.localNodeDisconnected).toBeCalledTimes(1);

		expect(discoverer.client.delete).toBeCalledTimes(2);
		expect(fakeDelete.key).toBeCalledTimes(2);
		expect(fakeDelete.key).toBeCalledWith(""moleculer/discovery/info/node-99"");
		expect(fakeDelete.key).toBeCalledWith(""moleculer/discovery/beats/node-99/12345678"");

		expect(discoverer.leaseBeat.revoke).toBeCalledTimes(1);
		expect(discoverer.leaseInfo.revoke).toBeCalledTimes(1);

		await discoverer.stop();
	})",snuts
/test/unit/registry/discoverers/base.spec.js,IdenticalTestDescription,"{'startLine':208,'endLine':232}","it(""should stop timers"", async () => {
		jest.useFakeTimers();

		discoverer.beat = jest.fn();
		discoverer.checkRemoteNodes = jest.fn();
		discoverer.checkOfflineNodes = jest.fn();

		discoverer.startHeartbeatTimers();

		expect(discoverer.heartbeatTimer).toBeDefined();
		expect(discoverer.checkNodesTimer).toBeDefined();
		expect(discoverer.offlineTimer).toBeDefined();

		discoverer.stopHeartbeatTimers();

		expect(discoverer.heartbeatTimer).toBeNull();
		expect(discoverer.checkNodesTimer).toBeNull();
		expect(discoverer.offlineTimer).toBeNull();

		jest.advanceTimersByTime(35000);

		expect(discoverer.beat).toBeCalledTimes(0);
		expect(discoverer.checkRemoteNodes).toBeCalledTimes(0);
		expect(discoverer.checkOfflineNodes).toBeCalledTimes(0);
	})",snuts
/test/unit/registry/discoverers/base.spec.js,IdenticalTestDescription,"{'startLine':243,'endLine':251}","it(""should stop timers"", async () => {
		discoverer.stopHeartbeatTimers = jest.fn();
		expect(discoverer.opts.heartbeatInterval).toBe(10);

		discoverer.disableHeartbeat();

		expect(discoverer.opts.heartbeatInterval).toBe(0);
		expect(discoverer.stopHeartbeatTimers).toBeCalledTimes(1);
	})",snuts
/test/unit/registry/discoverers/base.spec.js,IdenticalTestDescription,"{'startLine':386,'endLine':396}","it(""should set lastHeartbeatTime"", async () => {
		discoverer.logger.warn.mockClear();
		registry.nodes.delete.mockClear();

		discoverer.checkOfflineNodes();

		expect(registry.nodes.delete).toBeCalledTimes(0);
		expect(discoverer.logger.warn).toBeCalledTimes(0);

		expect(node.lastHeartbeatTime).toBeDefined();
	})",snuts
/test/unit/registry/discoverers/base.spec.js,IdenticalTestDescription,"{'startLine':626,'endLine':634}","it(""should do nothing if no transporter"", async () => {
		const broker = new ServiceBroker({ logger: false });
		const discoverer = new BaseDiscoverer();
		discoverer.init(broker.registry);

		discoverer.localNodeDisconnected();

		await discoverer.stop();
	})",snuts
/test/unit/registry/discoverers/base.spec.js,VerboseStatement,"{'startLine':57,'endLine':87}","it(""init without opts & transit"", () => {
		const broker = new ServiceBroker({ logger: false });
		const registry = broker.registry;

		jest.spyOn(broker, ""getLogger"");

		const discoverer = new BaseDiscoverer();

		discoverer.registerMoleculerMetrics = jest.fn();

		discoverer.init(registry);

		expect(discoverer.logger).toBeDefined();
		expect(broker.getLogger).toBeCalledTimes(1);
		expect(broker.getLogger).toBeCalledWith(""Discovery"");
		expect(discoverer.transit).toBeUndefined();

		expect(discoverer.opts).toEqual({
			heartbeatInterval: 10,
			heartbeatTimeout: 30,

			disableHeartbeatChecks: false,
			disableOfflineNodeRemoving: false,
			cleanOfflineNodesTimeout: 600
		});

		expect(discoverer.localNode).toBe(registry.nodes.localNode);

		expect(discoverer.registerMoleculerMetrics).toBeCalledTimes(1);
		expect(discoverer.registerMoleculerMetrics).toBeCalledWith();
	})",snuts
/test/unit/registry/discoverers/base.spec.js,VerboseStatement,"{'startLine':89,'endLine':136}","it(""init with opts & transit"", () => {
		const broker = new ServiceBroker({
			logger: false,
			transporter: ""Fake"",
			heartbeatInterval: 10,
			heartbeatTimeout: 50
		});
		const registry = broker.registry;

		const discoverer = new BaseDiscoverer({
			heartbeatInterval: 20,
			heartbeatTimeout: 40
		});

		const eventsCB = {};
		broker.localBus.on = jest.fn((name, cb) => (eventsCB[name] = cb));
		discoverer.startHeartbeatTimers = jest.fn();
		discoverer.stopHeartbeatTimers = jest.fn();

		discoverer.init(registry);

		expect(discoverer.transit).toBe(broker.transit);

		expect(discoverer.opts).toEqual({
			heartbeatInterval: 20,
			heartbeatTimeout: 40,

			disableHeartbeatChecks: false,
			disableOfflineNodeRemoving: false,
			cleanOfflineNodesTimeout: 600
		});

		expect(broker.localBus.on).toBeCalledTimes(2);
		expect(broker.localBus.on).toBeCalledWith(""$transporter.connected"", expect.any(Function));
		expect(broker.localBus.on).toBeCalledWith(
			""$transporter.disconnected"",
			expect.any(Function)
		);

		// Test event handlers
		expect(discoverer.startHeartbeatTimers).toBeCalledTimes(0);
		eventsCB[""$transporter.connected""]();
		expect(discoverer.startHeartbeatTimers).toBeCalledTimes(1);

		expect(discoverer.stopHeartbeatTimers).toBeCalledTimes(0);
		eventsCB[""$transporter.disconnected""]();
		expect(discoverer.stopHeartbeatTimers).toBeCalledTimes(1);
	})",snuts
/test/unit/registry/discoverers/base.spec.js,VerboseStatement,"{'startLine':173,'endLine':197}","it(""should create timers"", async () => {
		jest.useFakeTimers();

		discoverer.beat = jest.fn();
		discoverer.checkRemoteNodes = jest.fn();
		discoverer.checkOfflineNodes = jest.fn();

		discoverer.startHeartbeatTimers();

		expect(discoverer.heartbeatTimer).toBeDefined();
		expect(discoverer.checkNodesTimer).toBeDefined();
		expect(discoverer.offlineTimer).toBeDefined();

		expect(discoverer.beat).toBeCalledTimes(0);
		jest.advanceTimersByTime(12000);
		expect(discoverer.beat).toBeCalledTimes(1);

		expect(discoverer.checkRemoteNodes).toBeCalledTimes(0);
		jest.advanceTimersByTime(20000);
		expect(discoverer.checkRemoteNodes).toBeCalledTimes(1);

		expect(discoverer.checkOfflineNodes).toBeCalledTimes(0);
		jest.advanceTimersByTime(30000);
		expect(discoverer.checkOfflineNodes).toBeCalledTimes(1);
	})",snuts
/test/unit/registry/discoverers/base.spec.js,VerboseStatement,"{'startLine':208,'endLine':232}","it(""should stop timers"", async () => {
		jest.useFakeTimers();

		discoverer.beat = jest.fn();
		discoverer.checkRemoteNodes = jest.fn();
		discoverer.checkOfflineNodes = jest.fn();

		discoverer.startHeartbeatTimers();

		expect(discoverer.heartbeatTimer).toBeDefined();
		expect(discoverer.checkNodesTimer).toBeDefined();
		expect(discoverer.offlineTimer).toBeDefined();

		discoverer.stopHeartbeatTimers();

		expect(discoverer.heartbeatTimer).toBeNull();
		expect(discoverer.checkNodesTimer).toBeNull();
		expect(discoverer.offlineTimer).toBeNull();

		jest.advanceTimersByTime(35000);

		expect(discoverer.beat).toBeCalledTimes(0);
		expect(discoverer.checkRemoteNodes).toBeCalledTimes(0);
		expect(discoverer.checkOfflineNodes).toBeCalledTimes(0);
	})",snuts
/test/unit/middlewares/debugging/transit-logger.spec.js,IdenticalTestDescription,"{'startLine':185,'endLine':196}","it(""should not log if not match whitelist"", async () => {
			logger.info.mockClear();
			const mw = createMW({ logger, colors: false, logPacketData: true });

			const next = jest.fn();
			mw.transitMessageHandler(next)(""HEARTBEAT"", packet);

			expect(next).toBeCalledTimes(1);
			expect(next).toBeCalledWith(""HEARTBEAT"", packet);

			expect(logger.info).toBeCalledTimes(0);
		})",snuts
/test/unit/metrics/types/histogram.spec.js,IdenticalTestDescription,"{'startLine':212,'endLine':234}","it(""should store values"", () => {
				item.changed.mockClear();
				const now = Date.now();
				item.observe(2, null, now);
				expect(item.values.get("""")).toEqual({
					count: 1,
					labels: {},
					sum: 2,
					lastValue: 2,
					timestamp: now,
					bucketValues: {
						1: 0,
						2: 1,
						5: 1,
						10: 1,
						20: 1,
						50: 1
					}
				});

				expect(item.changed).toBeCalledTimes(1);
				expect(item.changed).toBeCalledWith(2, null, now);
			})",snuts
/test/unit/metrics/types/histogram.spec.js,IdenticalTestDescription,"{'startLine':236,'endLine':258}","it(""should sum values"", () => {
				item.changed.mockClear();
				const now = Date.now();
				item.observe(13, null, now);
				expect(item.values.get("""")).toEqual({
					count: 2,
					labels: {},
					sum: 15,
					lastValue: 13,
					timestamp: now,
					bucketValues: {
						1: 0,
						2: 1,
						5: 1,
						10: 1,
						20: 2,
						50: 2
					}
				});

				expect(item.changed).toBeCalledTimes(1);
				expect(item.changed).toBeCalledWith(13, null, now);
			})",snuts
/test/unit/metrics/types/histogram.spec.js,IdenticalTestDescription,"{'startLine':268,'endLine':283}","it(""should store values"", () => {
				item.changed.mockClear();
				const now = Date.now();
				item.observe(5, null, now);
				expect(item.values.get("""")).toEqual({
					count: 1,
					labels: {},
					sum: 5,
					lastValue: 5,
					timestamp: now,
					quantileValues: expect.any(HistogramMetric.TimeWindowQuantiles)
				});

				expect(item.changed).toBeCalledTimes(1);
				expect(item.changed).toBeCalledWith(5, null, now);
			})",snuts
/test/unit/metrics/types/histogram.spec.js,IdenticalTestDescription,"{'startLine':285,'endLine':300}","it(""should sum values"", () => {
				item.changed.mockClear();
				const now = Date.now();
				item.observe(13, null, now);
				expect(item.values.get("""")).toEqual({
					count: 2,
					labels: {},
					sum: 18,
					lastValue: 13,
					timestamp: now,
					quantileValues: expect.any(HistogramMetric.TimeWindowQuantiles)
				});

				expect(item.changed).toBeCalledTimes(1);
				expect(item.changed).toBeCalledWith(13, null, now);
			})",snuts
/test/unit/metrics/types/histogram.spec.js,IdenticalTestDescription,"{'startLine':310,'endLine':331}","it(""should store values"", () => {
				item.changed.mockClear();
				const now = Date.now();
				item.observe(100, null, now);
				expect(item.values.get("""")).toEqual({
					count: 1,
					labels: {},
					sum: 100,
					lastValue: 100,
					rate: expect.anything(),
					timestamp: now
				});

				expect(MetricRate).toBeCalledTimes(1);
				expect(MetricRate).toBeCalledWith(item, item.values.get(""""), 1);

				expect(rateUpdate).toBeCalledTimes(1);
				expect(rateUpdate).toBeCalledWith(1);

				expect(item.changed).toBeCalledTimes(1);
				expect(item.changed).toBeCalledWith(100, null, now);
			})",snuts
/test/unit/metrics/types/histogram.spec.js,IdenticalTestDescription,"{'startLine':333,'endLine':356}","it(""should sum values"", () => {
				MetricRate.mockClear();
				rateUpdate.mockClear();
				item.changed.mockClear();

				const now = Date.now();
				item.observe(250, null, now);
				expect(item.values.get("""")).toEqual({
					count: 2,
					labels: {},
					sum: 350,
					lastValue: 250,
					rate: expect.anything(),
					timestamp: now
				});

				expect(MetricRate).toBeCalledTimes(0);

				expect(rateUpdate).toBeCalledTimes(1);
				expect(rateUpdate).toBeCalledWith(2);

				expect(item.changed).toBeCalledTimes(1);
				expect(item.changed).toBeCalledWith(250, null, now);
			})",snuts
/test/unit/metrics/types/histogram.spec.js,IdenticalTestDescription,"{'startLine':588,'endLine':602}","it(""should create variables"", () => {
		item = new HistogramMetric.TimeWindowQuantiles(fakeMetric, [0.1, 0.5, 0.9], 30, 3);

		expect(item.metric).toBe(fakeMetric);
		expect(item.quantiles).toEqual([0.1, 0.5, 0.9]);
		expect(item.maxAgeSeconds).toBe(30);
		expect(item.ageBuckets).toBe(3);
		expect(item.ringBuckets.length).toBe(3);
		expect(item.ringBuckets[0]).toBeInstanceOf(HistogramMetric.Bucket);
		expect(item.dirty).toBe(true);
		expect(item.currentBucket).toBe(0);
		expect(item.lastSnapshot).toBe(null);

		jest.spyOn(item, ""rotate"");
	})",snuts
/test/unit/metrics/types/histogram.spec.js,IdenticalTestDescription,"{'startLine':652,'endLine':660}","it(""should generate snapshot"", () => {
		expect(item.lastSnapshot).toBeNull();

		snapshot = item.snapshot();

		expect(item.lastSnapshot).toBe(snapshot);

		expect(snapshot).toMatchSnapshot();
	})",snuts
/test/unit/metrics/types/histogram.spec.js,SubOptimalAssert,"{'startLine':595,'endLine':595}","it(""should create variables"", () => {
		item = new HistogramMetric.TimeWindowQuantiles(fakeMetric, [0.1, 0.5, 0.9], 30, 3);

		expect(item.metric).toBe(fakeMetric);
		expect(item.quantiles).toEqual([0.1, 0.5, 0.9]);
		expect(item.maxAgeSeconds).toBe(30);
		expect(item.ageBuckets).toBe(3);
		expect(item.ringBuckets.length).toBe(3);
		expect(item.ringBuckets[0]).toBeInstanceOf(HistogramMetric.Bucket);
		expect(item.dirty).toBe(true);
		expect(item.currentBucket).toBe(0);
		expect(item.lastSnapshot).toBe(null);

		jest.spyOn(item, ""rotate"");
	})",snuts
/test/unit/metrics/types/histogram.spec.js,SubOptimalAssert,"{'startLine':599,'endLine':599}","it(""should create variables"", () => {
		item = new HistogramMetric.TimeWindowQuantiles(fakeMetric, [0.1, 0.5, 0.9], 30, 3);

		expect(item.metric).toBe(fakeMetric);
		expect(item.quantiles).toEqual([0.1, 0.5, 0.9]);
		expect(item.maxAgeSeconds).toBe(30);
		expect(item.ageBuckets).toBe(3);
		expect(item.ringBuckets.length).toBe(3);
		expect(item.ringBuckets[0]).toBeInstanceOf(HistogramMetric.Bucket);
		expect(item.dirty).toBe(true);
		expect(item.currentBucket).toBe(0);
		expect(item.lastSnapshot).toBe(null);

		jest.spyOn(item, ""rotate"");
	})",snuts
/test/unit/metrics/types/gauge.spec.js,IdenticalTestDescription,"{'startLine':90,'endLine':106}","it(""should call set method"", () => {
			item.set.mockClear();
			item.decrement();
			expect(item.set).toBeCalledTimes(1);
			expect(item.set).toBeCalledWith(9, undefined, undefined);

			item.set.mockClear();
			const now = Date.now();
			item.decrement({ a: 5 }, 3, now);
			expect(item.set).toBeCalledTimes(1);
			expect(item.set).toBeCalledWith(6, { a: 5 }, now);

			item.set.mockClear();
			item.decrement();
			expect(item.set).toBeCalledTimes(1);
			expect(item.set).toBeCalledWith(5, undefined, undefined);
		})",snuts
/test/unit/metrics/reporters/statsd.spec.js,IdenticalTestDescription,"{'startLine':224,'endLine':230}","it(""should not call send"", () => {
			reporter.send.mockClear();

			clock.tick(150);

			expect(reporter.send).toBeCalledTimes(0);
		})",snuts
/test/unit/metrics/reporters/statsd.spec.js,IdenticalTestDescription,"{'startLine':330,'endLine':346}","it(""should call generateStatDLine"", () => {
			registry.register({
				name: ""test.histogram"",
				type: ""histogram"",
				labelNames: [""action""],
				buckets: true,
				quantiles: true,
				unit: ""byte""
			});

			reporter.send = jest.fn();

			registry.observe(""test.histogram"", 7, { action: ""auth"" });

			expect(reporter.send).toBeCalledTimes(1);
			expect(reporter.send).toBeCalledWith(Buffer.from(""test.histogram:7|ms|#action:auth""));
		})",snuts
/test/unit/metrics/reporters/statsd.spec.js,NonFunctionalStatement,"{'startLine':46,'endLine':46}","it(""should create with custom options"", () => {
			const reporter = new StatsDReporter({
				metricNamePrefix: ""mol-"",
				metricNameSuffix: "".data"",
				includes: ""moleculer.**"",
				excludes: [""moleculer.circuit-breaker.**"", ""moleculer.custom.**""],
				metricNameFormatter: () => {},
				labelNameFormatter: () => {},

				host: ""localhost"",
				port: 8888,

				maxPayloadSize: 600
			});

			expect(reporter.opts).toEqual({
				metricNamePrefix: ""mol-"",
				metricNameSuffix: "".data"",
				includes: [""moleculer.**""],
				excludes: [""moleculer.circuit-breaker.**"", ""moleculer.custom.**""],
				metricNameFormatter: expect.any(Function),
				labelNameFormatter: expect.any(Function),

				host: ""localhost"",
				port: 8888,

				maxPayloadSize: 600
			});
		})",snuts
/test/unit/metrics/reporters/statsd.spec.js,NonFunctionalStatement,"{'startLine':47,'endLine':47}","it(""should create with custom options"", () => {
			const reporter = new StatsDReporter({
				metricNamePrefix: ""mol-"",
				metricNameSuffix: "".data"",
				includes: ""moleculer.**"",
				excludes: [""moleculer.circuit-breaker.**"", ""moleculer.custom.**""],
				metricNameFormatter: () => {},
				labelNameFormatter: () => {},

				host: ""localhost"",
				port: 8888,

				maxPayloadSize: 600
			});

			expect(reporter.opts).toEqual({
				metricNamePrefix: ""mol-"",
				metricNameSuffix: "".data"",
				includes: [""moleculer.**""],
				excludes: [""moleculer.circuit-breaker.**"", ""moleculer.custom.**""],
				metricNameFormatter: expect.any(Function),
				labelNameFormatter: expect.any(Function),

				host: ""localhost"",
				port: 8888,

				maxPayloadSize: 600
			});
		})",snuts
/test/unit/metrics/reporters/statsd.spec.js,VerboseStatement,"{'startLine':266,'endLine':316}","it(""should call generateStatDLine"", () => {
			registry.register({ name: ""os.datetime.utc"", type: ""gauge"" }).set(123456);
			registry
				.register({ name: ""test.info"", type: ""info"", description: ""Test Info Metric"" })
				.set(""Test Value"");

			registry.register({
				name: ""test.counter"",
				type: ""counter"",
				labelNames: [""action""],
				description: ""Test Counter Metric""
			});
			registry.increment(""test.counter"", null, 5);
			registry.increment(""test.counter"", { action: ""posts\\comments"" }, 8);

			registry.register({
				name: ""test.gauge-total"",
				type: ""gauge"",
				labelNames: [""action""],
				description: ""Test Gauge Metric""
			});
			registry.decrement(""test.gauge-total"", { action: 'users-""John""' }, 8);
			registry.set(""test.gauge-total"", { action: ""posts"" }, null);

			registry.register({
				name: ""test.histogram"",
				type: ""histogram"",
				labelNames: [""action""],
				buckets: true,
				quantiles: true,
				unit: ""byte""
			});
			registry.observe(""test.histogram"", 8, null);
			registry.observe(""test.histogram"", 2, null);
			registry.observe(""test.histogram"", 6, null);
			registry.observe(""test.histogram"", 2, null);

			registry.observe(""test.histogram"", 1, { action: ""auth"" });
			registry.observe(""test.histogram"", 3, { action: ""auth"" });
			registry.observe(""test.histogram"", 7, { action: ""auth"" });

			const res = reporter.generateStatsDSeries();

			expect(res).toEqual([
				'test.info:""Test Value""|s',
				""test.counter:5|c|#"",
				""test.counter:8|c|#action:posts\\\\comments"",
				'test.gauge-total:-8|g|#action:users-\\""John\\""',
				""test.gauge-total:[object Object]|g|#""
			]);
		})",snuts
/test/unit/metrics/reporters/prometheus.spec.js,IdenticalTestDescription,"{'startLine':187,'endLine':199}","it(""should call generatePrometheusResponse method and send response"", async () => {
			reporter.generatePrometheusResponse.mockClear();

			const res = await request(reporter.server)
				.get(""/metrics"")
				.set(""Accept-Encoding"", ""gzip"");
			expect(res.statusCode).toBe(200);
			expect(res.headers[""content-type""]).toBe(""text/plain; version=0.0.4; charset=utf-8"");
			expect(res.headers[""content-encoding""]).toBe(""gzip"");
			expect(res.text).toBe(""Fake generatePrometheusResponse content."");

			expect(reporter.generatePrometheusResponse).toBeCalledTimes(1);
		})",snuts
/test/unit/metrics/reporters/prometheus.spec.js,NonFunctionalStatement,"{'startLine':40,'endLine':40}","it(""should create with custom options"", () => {
			const reporter = new PrometheusReporter({
				metricNamePrefix: ""mol-"",
				metricNameSuffix: "".data"",
				includes: ""moleculer.**"",
				excludes: [""moleculer.circuit-breaker.**"", ""moleculer.custom.**""],
				metricNameFormatter: () => {},
				labelNameFormatter: () => {},

				host: ""0.0.0.0"",
				port: 12345,
				path: ""/meter""
			});

			expect(reporter.opts).toEqual({
				metricNamePrefix: ""mol-"",
				metricNameSuffix: "".data"",
				includes: [""moleculer.**""],
				excludes: [""moleculer.circuit-breaker.**"", ""moleculer.custom.**""],
				metricNameFormatter: expect.any(Function),
				labelNameFormatter: expect.any(Function),

				host: ""0.0.0.0"",
				port: 12345,
				path: ""/meter"",
				defaultLabels: expect.any(Function)
			});
		})",snuts
/test/unit/metrics/reporters/prometheus.spec.js,NonFunctionalStatement,"{'startLine':41,'endLine':41}","it(""should create with custom options"", () => {
			const reporter = new PrometheusReporter({
				metricNamePrefix: ""mol-"",
				metricNameSuffix: "".data"",
				includes: ""moleculer.**"",
				excludes: [""moleculer.circuit-breaker.**"", ""moleculer.custom.**""],
				metricNameFormatter: () => {},
				labelNameFormatter: () => {},

				host: ""0.0.0.0"",
				port: 12345,
				path: ""/meter""
			});

			expect(reporter.opts).toEqual({
				metricNamePrefix: ""mol-"",
				metricNameSuffix: "".data"",
				includes: [""moleculer.**""],
				excludes: [""moleculer.circuit-breaker.**"", ""moleculer.custom.**""],
				metricNameFormatter: expect.any(Function),
				labelNameFormatter: expect.any(Function),

				host: ""0.0.0.0"",
				port: 12345,
				path: ""/meter"",
				defaultLabels: expect.any(Function)
			});
		})",snuts
/test/unit/metrics/reporters/prometheus.spec.js,VerboseStatement,"{'startLine':219,'endLine':280}","it(""should call generatePrometheusResponse method but not fetch"", () => {
			reporter = new PrometheusReporter({
				port: 0,
				host: ""test-host"",
				defaultLabels: {
					a: 5
				}
			});
			reporter.init(registry);

			registry.register({ name: ""os.datetime.utc"", type: ""gauge"" }).set(123456);
			registry
				.register({ name: ""test.info"", type: ""info"", description: ""Test Info Metric"" })
				.set(""Test Value"");

			registry.register({
				name: ""test.counter"",
				type: ""counter"",
				labelNames: [""action""],
				description: ""Test Counter Metric""
			});
			registry.increment(""test.counter"", null, 5);
			registry.increment(""test.counter"", { action: ""posts\\comments"" }, 8);

			registry.register({
				name: ""test.gauge-total"",
				type: ""gauge"",
				labelNames: [""action""],
				description: ""Test Gauge Metric"",
				rate: true
			});
			registry.increment(""test.gauge-total"", { action: 'users-""John""' }, 10);
			clock.tick(100);
			registry.decrement(""test.gauge-total"", { action: 'users-""John""' }, 8);
			registry.set(""test.gauge-total"", null, { action: ""posts"" });

			registry.register({
				name: ""test.histogram"",
				type: ""histogram"",
				labelNames: [""action""],
				buckets: true,
				quantiles: true,
				unit: ""bytes"",
				rate: true
			});
			registry.observe(""test.histogram"", 8, null);
			registry.observe(""test.histogram"", 2, null);
			clock.tick(500);
			registry.observe(""test.histogram"", 6, null);
			registry.observe(""test.histogram"", 2, null);

			registry.observe(""test.histogram"", 1, { action: ""auth"" });
			registry.observe(""test.histogram"", 3, { action: ""auth"" });
			clock.tick(500);
			registry.observe(""test.histogram"", 7, { action: ""auth"" });

			clock.tick(10 * 1000);

			const res = reporter.generatePrometheusResponse();

			expect(res).toMatchSnapshot();
		})",snuts
/test/unit/metrics/reporters/event.spec.js,GeneralFixture,"{'startLine':184,'endLine':184}","beforeAll(() => {
			clock = lolex.install({ now: 12345678000 });

			broker = new ServiceBroker({
				logger: false,
				nodeID: ""node-123"",
				metrics: {
					enabled: true,
					reporter: {
						type: ""Event"",
						options: {
							eventName: ""$metrics.custom"",
							interval: 0,
							onlyChanges: true,
							broadcast: true,
							excludes: [""moleculer.node.versions.moleculer""]
						}
					}
				}
			});

			broker.broadcast = jest.fn();
			broker.emit = jest.fn();

			registry = broker.metrics;
			reporter = registry.reporter[0];
		})",snuts
/test/unit/metrics/reporters/event.spec.js,NonFunctionalStatement,"{'startLine':40,'endLine':40}","it(""should create with custom options"", () => {
			const reporter = new EventReporter({
				metricNamePrefix: ""mol-"",
				metricNameSuffix: "".data"",
				includes: ""moleculer.**"",
				excludes: [""moleculer.circuit-breaker.**"", ""moleculer.custom.**""],
				metricNameFormatter: () => {},
				labelNameFormatter: () => {},

				eventName: ""$metrics.state"",
				broadcast: true,
				groups: [""payments""],
				onlyChanges: true,
				interval: 10
			});

			expect(reporter.opts).toEqual({
				metricNamePrefix: ""mol-"",
				metricNameSuffix: "".data"",
				includes: [""moleculer.**""],
				excludes: [""moleculer.circuit-breaker.**"", ""moleculer.custom.**""],
				metricNameFormatter: expect.any(Function),
				labelNameFormatter: expect.any(Function),

				eventName: ""$metrics.state"",
				broadcast: true,
				groups: [""payments""],
				onlyChanges: true,
				interval: 10
			});
		})",snuts
/test/unit/metrics/reporters/event.spec.js,NonFunctionalStatement,"{'startLine':41,'endLine':41}","it(""should create with custom options"", () => {
			const reporter = new EventReporter({
				metricNamePrefix: ""mol-"",
				metricNameSuffix: "".data"",
				includes: ""moleculer.**"",
				excludes: [""moleculer.circuit-breaker.**"", ""moleculer.custom.**""],
				metricNameFormatter: () => {},
				labelNameFormatter: () => {},

				eventName: ""$metrics.state"",
				broadcast: true,
				groups: [""payments""],
				onlyChanges: true,
				interval: 10
			});

			expect(reporter.opts).toEqual({
				metricNamePrefix: ""mol-"",
				metricNameSuffix: "".data"",
				includes: [""moleculer.**""],
				excludes: [""moleculer.circuit-breaker.**"", ""moleculer.custom.**""],
				metricNameFormatter: expect.any(Function),
				labelNameFormatter: expect.any(Function),

				eventName: ""$metrics.state"",
				broadcast: true,
				groups: [""payments""],
				onlyChanges: true,
				interval: 10
			});
		})",snuts
/test/unit/metrics/reporters/event.spec.js,VerboseStatement,"{'startLine':120,'endLine':178}","it(""should call broker emit with changes"", () => {
			const reporter = new EventReporter({
				interval: 0,
				onlyChanges: false,
				broadcast: false,
				groups: [""mail"", ""stat""]
			});
			reporter.init(registry);

			registry.register({ name: ""os.datetime.utc"", type: ""gauge"" }).set(123456);
			registry
				.register({ name: ""test.info"", type: ""info"", description: ""Test Info Metric"" })
				.set(""Test Value"");

			registry.register({
				name: ""test.counter"",
				type: ""counter"",
				labelNames: [""action""],
				description: ""Test Counter Metric""
			});
			registry.increment(""test.counter"", null, 5);
			registry.increment(""test.counter"", { action: ""posts\\comments"" }, 8);

			registry.register({
				name: ""test.gauge-total"",
				type: ""gauge"",
				labelNames: [""action""],
				description: ""Test Gauge Metric""
			});
			registry.decrement(""test.gauge-total"", { action: 'users-""John""' }, 8);
			registry.set(""test.gauge-total"", { action: ""posts"" }, null);

			registry.register({
				name: ""test.histogram"",
				type: ""histogram"",
				labelNames: [""action""],
				buckets: true,
				quantiles: true,
				unit: ""byte""
			});
			registry.observe(""test.histogram"", 8, null);
			registry.observe(""test.histogram"", 2, null);
			registry.observe(""test.histogram"", 6, null);
			registry.observe(""test.histogram"", 2, null);

			registry.observe(""test.histogram"", 1, { action: ""auth"" });
			registry.observe(""test.histogram"", 3, { action: ""auth"" });
			registry.observe(""test.histogram"", 7, { action: ""auth"" });

			reporter.sendEvent();

			expect(broker.broadcast).toHaveBeenCalledTimes(0);
			expect(broker.emit).toHaveBeenCalledTimes(1);
			expect(broker.emit).toHaveBeenCalledWith(""$metrics.snapshot"", expect.any(Array), {
				groups: [""mail"", ""stat""]
			});

			expect(broker.emit.mock.calls[0][1]).toMatchSnapshot();
		})",snuts
/test/unit/metrics/reporters/event.spec.js,VerboseStatement,"{'startLine':212,'endLine':264}","it(""should call broker.broadcast"", () => {
			broker.emit.mockClear();

			registry.register({ name: ""os.datetime.utc"", type: ""gauge"" }).set(123456);
			registry
				.register({ name: ""test.info"", type: ""info"", description: ""Test Info Metric"" })
				.set(""Test Value"");

			registry.register({
				name: ""test.counter"",
				type: ""counter"",
				labelNames: [""action""],
				description: ""Test Counter Metric""
			});
			registry.increment(""test.counter"", null, 5);
			registry.increment(""test.counter"", { action: ""posts\\comments"" }, 8);

			registry.register({
				name: ""test.gauge-total"",
				type: ""gauge"",
				labelNames: [""action""],
				description: ""Test Gauge Metric""
			});
			registry.decrement(""test.gauge-total"", { action: 'users-""John""' }, 8);
			registry.set(""test.gauge-total"", { action: ""posts"" }, null);

			registry.register({
				name: ""test.histogram"",
				type: ""histogram"",
				labelNames: [""action""],
				buckets: true,
				quantiles: true,
				unit: ""byte""
			});
			registry.observe(""test.histogram"", 8, null);
			registry.observe(""test.histogram"", 2, null);
			registry.observe(""test.histogram"", 6, null);
			registry.observe(""test.histogram"", 2, null);

			registry.observe(""test.histogram"", 1, { action: ""auth"" });
			registry.observe(""test.histogram"", 3, { action: ""auth"" });
			registry.observe(""test.histogram"", 7, { action: ""auth"" });

			reporter.sendEvent();

			expect(broker.emit).toHaveBeenCalledTimes(0);
			expect(broker.broadcast).toHaveBeenCalledTimes(1);
			expect(broker.broadcast).toHaveBeenCalledWith(""$metrics.custom"", expect.any(Array), {
				groups: null
			});

			expect(broker.broadcast.mock.calls[0][1]).toMatchSnapshot();
		})",snuts
/test/unit/metrics/reporters/datadog.spec.js,IdenticalTestDescription,"{'startLine':206,'endLine':244}","it(""should call generateDatadogSeries method but not fetch"", () => {
			reporter = new DatadogReporter({
				host: ""test-host"",
				defaultLabels: {
					defLabel: 'def\\Value-""quote""'
				}
			});
			reporter.init(registry);

			registry.register({ name: ""os.datetime.utc"", type: ""gauge"" }).set(123456);
			registry.register({ name: ""test.info"", type: ""info"" }).set(""Test Value"");

			registry.register({ name: ""test.counter"", type: ""counter"", labelNames: [""action""] });
			registry.increment(""test.counter"", null, 5);
			registry.increment(""test.counter"", { action: ""posts"" }, 8);

			registry.register({ name: ""test.gauge"", type: ""gauge"", labelNames: [""action""] });
			registry.decrement(""test.gauge"", { action: ""users"" }, 8);

			registry.register({
				name: ""test.histogram"",
				type: ""histogram"",
				labelNames: [""action""],
				buckets: true,
				quantiles: true
			});
			registry.observe(""test.histogram"", 8, null);
			registry.observe(""test.histogram"", 2, null);
			registry.observe(""test.histogram"", 6, null);
			registry.observe(""test.histogram"", 2, null);

			registry.observe(""test.histogram"", 1, { action: ""auth"" });
			registry.observe(""test.histogram"", 3, { action: ""auth"" });
			registry.observe(""test.histogram"", 7, { action: ""auth"" });

			const res = reporter.generateDatadogSeries();

			expect(res).toMatchSnapshot();
		})",snuts
/test/unit/metrics/reporters/datadog.spec.js,NonFunctionalStatement,"{'startLine':46,'endLine':46}","it(""should create with custom options"", () => {
			const reporter = new DatadogReporter({
				metricNamePrefix: ""mol-"",
				metricNameSuffix: "".data"",
				includes: ""moleculer.**"",
				excludes: [""moleculer.circuit-breaker.**"", ""moleculer.custom.**""],
				metricNameFormatter: () => {},
				labelNameFormatter: () => {},

				baseUrl: ""https://api.custom-url.com/api/"",
				apiKey: ""12345"",
				apiVersion: ""v2"",
				host: ""custom-hostname"",
				interval: 5
			});

			expect(reporter.opts).toEqual({
				metricNamePrefix: ""mol-"",
				metricNameSuffix: "".data"",
				includes: [""moleculer.**""],
				excludes: [""moleculer.circuit-breaker.**"", ""moleculer.custom.**""],
				metricNameFormatter: expect.any(Function),
				labelNameFormatter: expect.any(Function),

				baseUrl: ""https://api.custom-url.com/api/"",
				apiKey: ""12345"",
				path: ""/series"",
				apiVersion: ""v2"",
				defaultLabels: expect.any(Function),
				host: ""custom-hostname"",
				interval: 5
			});
		})",snuts
/test/unit/metrics/reporters/datadog.spec.js,NonFunctionalStatement,"{'startLine':47,'endLine':47}","it(""should create with custom options"", () => {
			const reporter = new DatadogReporter({
				metricNamePrefix: ""mol-"",
				metricNameSuffix: "".data"",
				includes: ""moleculer.**"",
				excludes: [""moleculer.circuit-breaker.**"", ""moleculer.custom.**""],
				metricNameFormatter: () => {},
				labelNameFormatter: () => {},

				baseUrl: ""https://api.custom-url.com/api/"",
				apiKey: ""12345"",
				apiVersion: ""v2"",
				host: ""custom-hostname"",
				interval: 5
			});

			expect(reporter.opts).toEqual({
				metricNamePrefix: ""mol-"",
				metricNameSuffix: "".data"",
				includes: [""moleculer.**""],
				excludes: [""moleculer.circuit-breaker.**"", ""moleculer.custom.**""],
				metricNameFormatter: expect.any(Function),
				labelNameFormatter: expect.any(Function),

				baseUrl: ""https://api.custom-url.com/api/"",
				apiKey: ""12345"",
				path: ""/series"",
				apiVersion: ""v2"",
				defaultLabels: expect.any(Function),
				host: ""custom-hostname"",
				interval: 5
			});
		})",snuts
/test/unit/metrics/reporters/datadog.spec.js,VerboseStatement,"{'startLine':206,'endLine':244}","it(""should call generateDatadogSeries method but not fetch"", () => {
			reporter = new DatadogReporter({
				host: ""test-host"",
				defaultLabels: {
					defLabel: 'def\\Value-""quote""'
				}
			});
			reporter.init(registry);

			registry.register({ name: ""os.datetime.utc"", type: ""gauge"" }).set(123456);
			registry.register({ name: ""test.info"", type: ""info"" }).set(""Test Value"");

			registry.register({ name: ""test.counter"", type: ""counter"", labelNames: [""action""] });
			registry.increment(""test.counter"", null, 5);
			registry.increment(""test.counter"", { action: ""posts"" }, 8);

			registry.register({ name: ""test.gauge"", type: ""gauge"", labelNames: [""action""] });
			registry.decrement(""test.gauge"", { action: ""users"" }, 8);

			registry.register({
				name: ""test.histogram"",
				type: ""histogram"",
				labelNames: [""action""],
				buckets: true,
				quantiles: true
			});
			registry.observe(""test.histogram"", 8, null);
			registry.observe(""test.histogram"", 2, null);
			registry.observe(""test.histogram"", 6, null);
			registry.observe(""test.histogram"", 2, null);

			registry.observe(""test.histogram"", 1, { action: ""auth"" });
			registry.observe(""test.histogram"", 3, { action: ""auth"" });
			registry.observe(""test.histogram"", 7, { action: ""auth"" });

			const res = reporter.generateDatadogSeries();

			expect(res).toMatchSnapshot();
		})",snuts
/test/unit/metrics/reporters/csv.spec.js,GeneralFixture,"{'startLine':240,'endLine':240}","beforeAll(() => {
			clock = lolex.install({ now: 12345678000 });

			broker = new ServiceBroker({
				logger: false,
				nodeID: ""node-123"",
				metrics: {
					enabled: true,
					reporter: {
						type: ""CSV"",
						options: {
							excludes: [""moleculer.node.versions.moleculer""]
						}
					}
				}
			});

			registry = broker.metrics;
			reporter = registry.reporter[0];
			reporter.writeRow = jest.fn((...args) => ROWS.push(args));
		})",snuts
/test/unit/metrics/reporters/csv.spec.js,GeneralFixture,"{'startLine':242,'endLine':254}","beforeAll(() => {
			clock = lolex.install({ now: 12345678000 });

			broker = new ServiceBroker({
				logger: false,
				nodeID: ""node-123"",
				metrics: {
					enabled: true,
					reporter: {
						type: ""CSV"",
						options: {
							excludes: [""moleculer.node.versions.moleculer""]
						}
					}
				}
			});

			registry = broker.metrics;
			reporter = registry.reporter[0];
			reporter.writeRow = jest.fn((...args) => ROWS.push(args));
		})",snuts
/test/unit/metrics/reporters/csv.spec.js,IdenticalTestDescription,"{'startLine':185,'endLine':195}","it(""should create metric-based filename"", () => {
			reporter.opts.filenameFormatter = jest.fn(() => ""/xyz.csv"");
			expect(reporter.getFilename(metric, item)).toBe(""/xyz.csv"");

			expect(reporter.opts.filenameFormatter).toHaveBeenCalledTimes(1);
			expect(reporter.opts.filenameFormatter).toHaveBeenCalledWith(
				""moleculer.request.total"",
				metric,
				item
			);
		})",snuts
/test/unit/metrics/reporters/csv.spec.js,NonFunctionalStatement,"{'startLine':55,'endLine':55}","it(""should create with custom options"", () => {
			const reporter = new CSVReporter({
				metricNamePrefix: ""mol-"",
				metricNameSuffix: "".data"",
				includes: ""moleculer.**"",
				excludes: [""moleculer.circuit-breaker.**"", ""moleculer.custom.**""],
				metricNameFormatter: () => {},
				labelNameFormatter: () => {},

				folder: ""./metrics"",
				delimiter: "";"",
				rowDelimiter: ""\r\n"",
				mode: ""label"",
				types: [""gauge"", ""counter""],
				interval: 10
			});

			expect(reporter.opts).toEqual({
				metricNamePrefix: ""mol-"",
				metricNameSuffix: "".data"",
				includes: [""moleculer.**""],
				excludes: [""moleculer.circuit-breaker.**"", ""moleculer.custom.**""],
				metricNameFormatter: expect.any(Function),
				labelNameFormatter: expect.any(Function),

				folder: ""./metrics"",
				delimiter: "";"",
				rowDelimiter: ""\r\n"",
				mode: ""label"",
				types: [""gauge"", ""counter""],
				interval: 10,

				filenameFormatter: null,
				rowFormatter: null
			});
		})",snuts
/test/unit/metrics/reporters/csv.spec.js,NonFunctionalStatement,"{'startLine':56,'endLine':56}","it(""should create with custom options"", () => {
			const reporter = new CSVReporter({
				metricNamePrefix: ""mol-"",
				metricNameSuffix: "".data"",
				includes: ""moleculer.**"",
				excludes: [""moleculer.circuit-breaker.**"", ""moleculer.custom.**""],
				metricNameFormatter: () => {},
				labelNameFormatter: () => {},

				folder: ""./metrics"",
				delimiter: "";"",
				rowDelimiter: ""\r\n"",
				mode: ""label"",
				types: [""gauge"", ""counter""],
				interval: 10
			});

			expect(reporter.opts).toEqual({
				metricNamePrefix: ""mol-"",
				metricNameSuffix: "".data"",
				includes: [""moleculer.**""],
				excludes: [""moleculer.circuit-breaker.**"", ""moleculer.custom.**""],
				metricNameFormatter: expect.any(Function),
				labelNameFormatter: expect.any(Function),

				folder: ""./metrics"",
				delimiter: "";"",
				rowDelimiter: ""\r\n"",
				mode: ""label"",
				types: [""gauge"", ""counter""],
				interval: 10,

				filenameFormatter: null,
				rowFormatter: null
			});
		})",snuts
/test/unit/metrics/reporters/csv.spec.js,VerboseStatement,"{'startLine':262,'endLine':306}","it(""should call broker emit with changes"", () => {
			registry.register({ name: ""os.datetime.utc"", type: ""gauge"" }).set(123456);
			registry
				.register({ name: ""test.info"", type: ""info"", description: ""Test Info Metric"" })
				.set(""Test Value"");

			registry.register({
				name: ""test.counter"",
				type: ""counter"",
				labelNames: [""action""],
				description: ""Test Counter Metric""
			});
			registry.increment(""test.counter"", null, 5);
			registry.increment(""test.counter"", { action: ""posts\\comments"" }, 8);

			registry.register({
				name: ""test.gauge-total"",
				type: ""gauge"",
				labelNames: [""action""],
				description: ""Test Gauge Metric""
			});
			registry.decrement(""test.gauge-total"", { action: 'users-""John""' }, 8);
			registry.set(""test.gauge-total"", { action: ""posts"" }, null);

			registry.register({
				name: ""test.histogram"",
				type: ""histogram"",
				labelNames: [""action""],
				buckets: true,
				quantiles: true,
				unit: ""byte""
			});
			registry.observe(""test.histogram"", 8, null);
			registry.observe(""test.histogram"", 2, null);
			registry.observe(""test.histogram"", 6, null);
			registry.observe(""test.histogram"", 2, null);

			registry.observe(""test.histogram"", 1, { action: ""auth"" });
			registry.observe(""test.histogram"", 3, { action: ""auth"" });
			registry.observe(""test.histogram"", 7, { action: ""auth"" });

			reporter.flush();

			expect(ROWS).toMatchSnapshot();
		})",snuts
/test/unit/metrics/reporters/console.spec.js,NonFunctionalStatement,"{'startLine':38,'endLine':38}","it(""should create with custom options"", () => {
			const reporter = new ConsoleReporter({
				metricNamePrefix: ""mol-"",
				metricNameSuffix: "".data"",
				includes: ""moleculer.**"",
				excludes: [""moleculer.circuit-breaker.**"", ""moleculer.custom.**""],
				metricNameFormatter: () => {},
				labelNameFormatter: () => {},

				interval: 10,
				logger: {},
				colors: false,
				onlyChanges: false
			});

			expect(reporter.opts).toEqual({
				metricNamePrefix: ""mol-"",
				metricNameSuffix: "".data"",
				includes: [""moleculer.**""],
				excludes: [""moleculer.circuit-breaker.**"", ""moleculer.custom.**""],
				metricNameFormatter: expect.any(Function),
				labelNameFormatter: expect.any(Function),

				interval: 10,
				logger: {},
				colors: false,
				onlyChanges: false
			});
		})",snuts
/test/unit/metrics/reporters/console.spec.js,NonFunctionalStatement,"{'startLine':39,'endLine':39}","it(""should create with custom options"", () => {
			const reporter = new ConsoleReporter({
				metricNamePrefix: ""mol-"",
				metricNameSuffix: "".data"",
				includes: ""moleculer.**"",
				excludes: [""moleculer.circuit-breaker.**"", ""moleculer.custom.**""],
				metricNameFormatter: () => {},
				labelNameFormatter: () => {},

				interval: 10,
				logger: {},
				colors: false,
				onlyChanges: false
			});

			expect(reporter.opts).toEqual({
				metricNamePrefix: ""mol-"",
				metricNameSuffix: "".data"",
				includes: [""moleculer.**""],
				excludes: [""moleculer.circuit-breaker.**"", ""moleculer.custom.**""],
				metricNameFormatter: expect.any(Function),
				labelNameFormatter: expect.any(Function),

				interval: 10,
				logger: {},
				colors: false,
				onlyChanges: false
			});
		})",snuts
/test/unit/metrics/reporters/console.spec.js,VerboseStatement,"{'startLine':116,'endLine':168}","it(""should print lines to the logger"", () => {
			const reporter = new ConsoleReporter({
				interval: 0,
				colors: false,
				onlyChanges: false,
				logger
			});
			reporter.init(registry);

			registry.register({ name: ""os.datetime.utc"", type: ""gauge"" }).set(123456);
			registry
				.register({ name: ""test.info"", type: ""info"", description: ""Test Info Metric"" })
				.set(""Test Value"");

			registry.register({
				name: ""test.counter"",
				type: ""counter"",
				labelNames: [""action""],
				description: ""Test Counter Metric""
			});
			registry.increment(""test.counter"", null, 5);
			registry.increment(""test.counter"", { action: ""posts\\comments"" }, 8);

			registry.register({
				name: ""test.gauge-total"",
				type: ""gauge"",
				labelNames: [""action""],
				description: ""Test Gauge Metric""
			});
			registry.decrement(""test.gauge-total"", { action: 'users-""John""' }, 8);
			registry.set(""test.gauge-total"", { action: ""posts"" }, null);

			registry.register({
				name: ""test.histogram"",
				type: ""histogram"",
				labelNames: [""action""],
				buckets: true,
				quantiles: true,
				unit: ""byte""
			});
			registry.observe(""test.histogram"", 8, null);
			registry.observe(""test.histogram"", 2, null);
			registry.observe(""test.histogram"", 6, null);
			registry.observe(""test.histogram"", 2, null);

			registry.observe(""test.histogram"", 1, { action: ""auth"" });
			registry.observe(""test.histogram"", 3, { action: ""auth"" });
			registry.observe(""test.histogram"", 7, { action: ""auth"" });

			reporter.print();

			expect(LOG_STORE).toMatchSnapshot();
		})",snuts
/test/unit/metrics/reporters/console.spec.js,VerboseStatement,"{'startLine':199,'endLine':243}","it(""should not print lines to the logger"", () => {
			registry.register({ name: ""os.datetime.utc"", type: ""gauge"" }).set(123456);
			registry
				.register({ name: ""test.info"", type: ""info"", description: ""Test Info Metric"" })
				.set(""Test Value"");

			registry.register({
				name: ""test.counter"",
				type: ""counter"",
				labelNames: [""action""],
				description: ""Test Counter Metric""
			});
			registry.increment(""test.counter"", null, 5);
			registry.increment(""test.counter"", { action: ""posts\\comments"" }, 8);

			registry.register({
				name: ""test.gauge-total"",
				type: ""gauge"",
				labelNames: [""action""],
				description: ""Test Gauge Metric""
			});
			registry.decrement(""test.gauge-total"", { action: 'users-""John""' }, 8);
			registry.set(""test.gauge-total"", { action: ""posts"" }, null);

			registry.register({
				name: ""test.histogram"",
				type: ""histogram"",
				labelNames: [""action""],
				buckets: true,
				quantiles: true,
				unit: ""byte""
			});
			registry.observe(""test.histogram"", 8, null);
			registry.observe(""test.histogram"", 2, null);
			registry.observe(""test.histogram"", 6, null);
			registry.observe(""test.histogram"", 2, null);

			registry.observe(""test.histogram"", 1, { action: ""auth"" });
			registry.observe(""test.histogram"", 3, { action: ""auth"" });
			registry.observe(""test.histogram"", 7, { action: ""auth"" });

			reporter.print();

			expect(LOG_STORE).toMatchSnapshot();
		})",snuts
/test/unit/metrics/reporters/base.spec.js,NonFunctionalStatement,"{'startLine':28,'endLine':28}","it(""should create with custom options"", () => {
			const reporter = new BaseReporter({
				metricNamePrefix: ""mol-"",
				metricNameSuffix: "".data"",
				includes: ""moleculer.**"",
				excludes: [""moleculer.circuit-breaker.**"", ""moleculer.custom.**""],
				metricNameFormatter: () => {},
				labelNameFormatter: () => {}
			});

			expect(reporter.opts).toEqual({
				metricNamePrefix: ""mol-"",
				metricNameSuffix: "".data"",
				includes: [""moleculer.**""],
				excludes: [""moleculer.circuit-breaker.**"", ""moleculer.custom.**""],
				metricNameFormatter: expect.any(Function),
				labelNameFormatter: expect.any(Function)
			});
		})",snuts
/test/unit/metrics/reporters/base.spec.js,NonFunctionalStatement,"{'startLine':29,'endLine':29}","it(""should create with custom options"", () => {
			const reporter = new BaseReporter({
				metricNamePrefix: ""mol-"",
				metricNameSuffix: "".data"",
				includes: ""moleculer.**"",
				excludes: [""moleculer.circuit-breaker.**"", ""moleculer.custom.**""],
				metricNameFormatter: () => {},
				labelNameFormatter: () => {}
			});

			expect(reporter.opts).toEqual({
				metricNamePrefix: ""mol-"",
				metricNameSuffix: "".data"",
				includes: [""moleculer.**""],
				excludes: [""moleculer.circuit-breaker.**"", ""moleculer.custom.**""],
				metricNameFormatter: expect.any(Function),
				labelNameFormatter: expect.any(Function)
			});
		})",snuts
/test/leak-detection/self-check.spc.js,ConditionalTestLogic,"{'startLine':16,'endLine':23}","it(""should detect a basic leak"", done => {
		const hd = new memwatch.HeapDiff();
		let iterations = 0;
		const leaks = [];
		const interval = setInterval(() => {
			if (iterations >= 10) {
				memwatch.gc();
				const diff = hd.end();
				console.log(diff); // eslint-disable-line no-console
				expect(diff.change.size_bytes).toBeGreaterThan(50 * 1024 * 1024);
				clearInterval(interval);
				return done();
			}
			iterations++;
			for (let i = 0; i < 1000000; i++) {
				const str = ""leaky string"";
				leaks.push(str);
			}
		}, 10);
	})",snuts
