file,type,line,frame
/home/gabriel/Disk/Research/research-javascript-test-smells/repositories/luxon/test/duration/create.test.js,Duplicate Assert,"{'line': 116, 'column': 2, 'index': 3420}","  114 | it(""Duration.fromDurationLike returns a Duration from millis"", () => {
  115 |   const dur = Duration.fromDurationLike(1000);
> 116 |   expect(dur).toBeInstanceOf(Duration);
      |  ^ Duplicate Assert
  117 |   expect(dur).toMatchInlineSnapshot(`""PT1S""`);
  118 | });
  119 |"
/home/gabriel/Disk/Research/research-javascript-test-smells/repositories/luxon/test/duration/create.test.js,Duplicate Assert,"{'line': 117, 'column': 2, 'index': 3460}","  115 |   const dur = Duration.fromDurationLike(1000);
  116 |   expect(dur).toBeInstanceOf(Duration);
> 117 |   expect(dur).toMatchInlineSnapshot(`""PT1S""`);
      |  ^ Duplicate Assert
  118 | });
  119 |
  120 | it(""Duration.fromDurationLike returns a Duration from object"", () => {"
/home/gabriel/Disk/Research/research-javascript-test-smells/repositories/luxon/test/duration/create.test.js,Magic Number,"{'line': 18, 'column': 25, 'index': 339}","  16 |     milliseconds: 7,
  17 |   });
> 18 |   expect(dur.years).toBe(1);
     |                         ^ Magic Number
  19 |   expect(dur.months).toBe(2);
  20 |   expect(dur.days).toBe(3);
  21 |   expect(dur.hours).toBe(4);"
/home/gabriel/Disk/Research/research-javascript-test-smells/repositories/luxon/test/duration/create.test.js,Magic Number,"{'line': 19, 'column': 26, 'index': 369}","  17 |   });
  18 |   expect(dur.years).toBe(1);
> 19 |   expect(dur.months).toBe(2);
     |                          ^ Magic Number
  20 |   expect(dur.days).toBe(3);
  21 |   expect(dur.hours).toBe(4);
  22 |   expect(dur.minutes).toBe(5);"
/home/gabriel/Disk/Research/research-javascript-test-smells/repositories/luxon/test/duration/create.test.js,Magic Number,"{'line': 20, 'column': 24, 'index': 397}","  18 |   expect(dur.years).toBe(1);
  19 |   expect(dur.months).toBe(2);
> 20 |   expect(dur.days).toBe(3);
     |                        ^ Magic Number
  21 |   expect(dur.hours).toBe(4);
  22 |   expect(dur.minutes).toBe(5);
  23 |   expect(dur.seconds).toBe(6);"
/home/gabriel/Disk/Research/research-javascript-test-smells/repositories/luxon/test/duration/create.test.js,Magic Number,"{'line': 21, 'column': 25, 'index': 426}","  19 |   expect(dur.months).toBe(2);
  20 |   expect(dur.days).toBe(3);
> 21 |   expect(dur.hours).toBe(4);
     |                         ^ Magic Number
  22 |   expect(dur.minutes).toBe(5);
  23 |   expect(dur.seconds).toBe(6);
  24 |   expect(dur.milliseconds).toBe(7);"
/home/gabriel/Disk/Research/research-javascript-test-smells/repositories/luxon/test/duration/create.test.js,Magic Number,"{'line': 22, 'column': 27, 'index': 457}","  20 |   expect(dur.days).toBe(3);
  21 |   expect(dur.hours).toBe(4);
> 22 |   expect(dur.minutes).toBe(5);
     |                           ^ Magic Number
  23 |   expect(dur.seconds).toBe(6);
  24 |   expect(dur.milliseconds).toBe(7);
  25 | });"
/home/gabriel/Disk/Research/research-javascript-test-smells/repositories/luxon/test/duration/create.test.js,Magic Number,"{'line': 23, 'column': 27, 'index': 488}","  21 |   expect(dur.hours).toBe(4);
  22 |   expect(dur.minutes).toBe(5);
> 23 |   expect(dur.seconds).toBe(6);
     |                           ^ Magic Number
  24 |   expect(dur.milliseconds).toBe(7);
  25 | });
  26 |"
/home/gabriel/Disk/Research/research-javascript-test-smells/repositories/luxon/test/duration/create.test.js,Magic Number,"{'line': 24, 'column': 32, 'index': 524}","  22 |   expect(dur.minutes).toBe(5);
  23 |   expect(dur.seconds).toBe(6);
> 24 |   expect(dur.milliseconds).toBe(7);
     |                                ^ Magic Number
  25 | });
  26 |
  27 | test(""Duration.fromObject sets all the fractional values"", () => {"
/home/gabriel/Disk/Research/research-javascript-test-smells/repositories/luxon/test/duration/create.test.js,Magic Number,"{'line': 34, 'column': 25, 'index': 725}","  32 |     hours: 4.5,
  33 |   });
> 34 |   expect(dur.years).toBe(1);
     |                         ^ Magic Number
  35 |   expect(dur.months).toBe(2);
  36 |   expect(dur.days).toBe(3);
  37 |   expect(dur.hours).toBe(4.5);"
/home/gabriel/Disk/Research/research-javascript-test-smells/repositories/luxon/test/duration/create.test.js,Magic Number,"{'line': 35, 'column': 26, 'index': 755}","  33 |   });
  34 |   expect(dur.years).toBe(1);
> 35 |   expect(dur.months).toBe(2);
     |                          ^ Magic Number
  36 |   expect(dur.days).toBe(3);
  37 |   expect(dur.hours).toBe(4.5);
  38 |   expect(dur.minutes).toBe(0);"
/home/gabriel/Disk/Research/research-javascript-test-smells/repositories/luxon/test/duration/create.test.js,Magic Number,"{'line': 36, 'column': 24, 'index': 783}","  34 |   expect(dur.years).toBe(1);
  35 |   expect(dur.months).toBe(2);
> 36 |   expect(dur.days).toBe(3);
     |                        ^ Magic Number
  37 |   expect(dur.hours).toBe(4.5);
  38 |   expect(dur.minutes).toBe(0);
  39 |   expect(dur.seconds).toBe(0);"
/home/gabriel/Disk/Research/research-javascript-test-smells/repositories/luxon/test/duration/create.test.js,Magic Number,"{'line': 37, 'column': 25, 'index': 812}","  35 |   expect(dur.months).toBe(2);
  36 |   expect(dur.days).toBe(3);
> 37 |   expect(dur.hours).toBe(4.5);
     |                         ^ Magic Number
  38 |   expect(dur.minutes).toBe(0);
  39 |   expect(dur.seconds).toBe(0);
  40 |   expect(dur.milliseconds).toBe(0);"
/home/gabriel/Disk/Research/research-javascript-test-smells/repositories/luxon/test/duration/create.test.js,Magic Number,"{'line': 38, 'column': 27, 'index': 845}","  36 |   expect(dur.days).toBe(3);
  37 |   expect(dur.hours).toBe(4.5);
> 38 |   expect(dur.minutes).toBe(0);
     |                           ^ Magic Number
  39 |   expect(dur.seconds).toBe(0);
  40 |   expect(dur.milliseconds).toBe(0);
  41 | });"
/home/gabriel/Disk/Research/research-javascript-test-smells/repositories/luxon/test/duration/create.test.js,Magic Number,"{'line': 39, 'column': 27, 'index': 876}","  37 |   expect(dur.hours).toBe(4.5);
  38 |   expect(dur.minutes).toBe(0);
> 39 |   expect(dur.seconds).toBe(0);
     |                           ^ Magic Number
  40 |   expect(dur.milliseconds).toBe(0);
  41 | });
  42 |"
/home/gabriel/Disk/Research/research-javascript-test-smells/repositories/luxon/test/duration/create.test.js,Magic Number,"{'line': 40, 'column': 32, 'index': 912}","  38 |   expect(dur.minutes).toBe(0);
  39 |   expect(dur.seconds).toBe(0);
> 40 |   expect(dur.milliseconds).toBe(0);
     |                                ^ Magic Number
  41 | });
  42 |
  43 | test(""Duration.fromObject sets all the values from the object having string type values"", () => {"
/home/gabriel/Disk/Research/research-javascript-test-smells/repositories/luxon/test/duration/create.test.js,Magic Number,"{'line': 53, 'column': 25, 'index': 1209}","  51 |     milliseconds: ""7"",
  52 |   });
> 53 |   expect(dur.years).toBe(1);
     |                         ^ Magic Number
  54 |   expect(dur.months).toBe(2);
  55 |   expect(dur.days).toBe(3);
  56 |   expect(dur.hours).toBe(4);"
/home/gabriel/Disk/Research/research-javascript-test-smells/repositories/luxon/test/duration/create.test.js,Magic Number,"{'line': 54, 'column': 26, 'index': 1239}","  52 |   });
  53 |   expect(dur.years).toBe(1);
> 54 |   expect(dur.months).toBe(2);
     |                          ^ Magic Number
  55 |   expect(dur.days).toBe(3);
  56 |   expect(dur.hours).toBe(4);
  57 |   expect(dur.minutes).toBe(5);"
/home/gabriel/Disk/Research/research-javascript-test-smells/repositories/luxon/test/duration/create.test.js,Magic Number,"{'line': 55, 'column': 24, 'index': 1267}","  53 |   expect(dur.years).toBe(1);
  54 |   expect(dur.months).toBe(2);
> 55 |   expect(dur.days).toBe(3);
     |                        ^ Magic Number
  56 |   expect(dur.hours).toBe(4);
  57 |   expect(dur.minutes).toBe(5);
  58 |   expect(dur.seconds).toBe(6);"
/home/gabriel/Disk/Research/research-javascript-test-smells/repositories/luxon/test/duration/create.test.js,Magic Number,"{'line': 56, 'column': 25, 'index': 1296}","  54 |   expect(dur.months).toBe(2);
  55 |   expect(dur.days).toBe(3);
> 56 |   expect(dur.hours).toBe(4);
     |                         ^ Magic Number
  57 |   expect(dur.minutes).toBe(5);
  58 |   expect(dur.seconds).toBe(6);
  59 |   expect(dur.milliseconds).toBe(7);"
/home/gabriel/Disk/Research/research-javascript-test-smells/repositories/luxon/test/duration/create.test.js,Magic Number,"{'line': 57, 'column': 27, 'index': 1327}","  55 |   expect(dur.days).toBe(3);
  56 |   expect(dur.hours).toBe(4);
> 57 |   expect(dur.minutes).toBe(5);
     |                           ^ Magic Number
  58 |   expect(dur.seconds).toBe(6);
  59 |   expect(dur.milliseconds).toBe(7);
  60 | });"
/home/gabriel/Disk/Research/research-javascript-test-smells/repositories/luxon/test/duration/create.test.js,Magic Number,"{'line': 58, 'column': 27, 'index': 1358}","  56 |   expect(dur.hours).toBe(4);
  57 |   expect(dur.minutes).toBe(5);
> 58 |   expect(dur.seconds).toBe(6);
     |                           ^ Magic Number
  59 |   expect(dur.milliseconds).toBe(7);
  60 | });
  61 |"
/home/gabriel/Disk/Research/research-javascript-test-smells/repositories/luxon/test/duration/create.test.js,Magic Number,"{'line': 59, 'column': 32, 'index': 1394}","  57 |   expect(dur.minutes).toBe(5);
  58 |   expect(dur.seconds).toBe(6);
> 59 |   expect(dur.milliseconds).toBe(7);
     |                                ^ Magic Number
  60 | });
  61 |
  62 | test(""Duration.fromObject accepts a conversionAccuracy"", () => {"
/home/gabriel/Disk/Research/research-javascript-test-smells/repositories/luxon/test/duration/create.test.js,Magic Number,"{'line': 75, 'column': 25, 'index': 1974}","  73 | test(""Duration.fromObject({}) constructs zero duration"", () => {
  74 |   const dur = Duration.fromObject({});
> 75 |   expect(dur.years).toBe(0);
     |                         ^ Magic Number
  76 |   expect(dur.months).toBe(0);
  77 |   expect(dur.days).toBe(0);
  78 |   expect(dur.hours).toBe(0);"
/home/gabriel/Disk/Research/research-javascript-test-smells/repositories/luxon/test/duration/create.test.js,Magic Number,"{'line': 76, 'column': 26, 'index': 2004}","  74 |   const dur = Duration.fromObject({});
  75 |   expect(dur.years).toBe(0);
> 76 |   expect(dur.months).toBe(0);
     |                          ^ Magic Number
  77 |   expect(dur.days).toBe(0);
  78 |   expect(dur.hours).toBe(0);
  79 |   expect(dur.minutes).toBe(0);"
/home/gabriel/Disk/Research/research-javascript-test-smells/repositories/luxon/test/duration/create.test.js,Magic Number,"{'line': 77, 'column': 24, 'index': 2032}","  75 |   expect(dur.years).toBe(0);
  76 |   expect(dur.months).toBe(0);
> 77 |   expect(dur.days).toBe(0);
     |                        ^ Magic Number
  78 |   expect(dur.hours).toBe(0);
  79 |   expect(dur.minutes).toBe(0);
  80 |   expect(dur.seconds).toBe(0);"
/home/gabriel/Disk/Research/research-javascript-test-smells/repositories/luxon/test/duration/create.test.js,Magic Number,"{'line': 78, 'column': 25, 'index': 2061}","  76 |   expect(dur.months).toBe(0);
  77 |   expect(dur.days).toBe(0);
> 78 |   expect(dur.hours).toBe(0);
     |                         ^ Magic Number
  79 |   expect(dur.minutes).toBe(0);
  80 |   expect(dur.seconds).toBe(0);
  81 |   expect(dur.milliseconds).toBe(0);"
/home/gabriel/Disk/Research/research-javascript-test-smells/repositories/luxon/test/duration/create.test.js,Magic Number,"{'line': 79, 'column': 27, 'index': 2092}","  77 |   expect(dur.days).toBe(0);
  78 |   expect(dur.hours).toBe(0);
> 79 |   expect(dur.minutes).toBe(0);
     |                           ^ Magic Number
  80 |   expect(dur.seconds).toBe(0);
  81 |   expect(dur.milliseconds).toBe(0);
  82 | });"
/home/gabriel/Disk/Research/research-javascript-test-smells/repositories/luxon/test/duration/create.test.js,Magic Number,"{'line': 80, 'column': 27, 'index': 2123}","  78 |   expect(dur.hours).toBe(0);
  79 |   expect(dur.minutes).toBe(0);
> 80 |   expect(dur.seconds).toBe(0);
     |                           ^ Magic Number
  81 |   expect(dur.milliseconds).toBe(0);
  82 | });
  83 |"
/home/gabriel/Disk/Research/research-javascript-test-smells/repositories/luxon/test/duration/create.test.js,Magic Number,"{'line': 81, 'column': 32, 'index': 2159}","  79 |   expect(dur.minutes).toBe(0);
  80 |   expect(dur.seconds).toBe(0);
> 81 |   expect(dur.milliseconds).toBe(0);
     |                                ^ Magic Number
  82 | });
  83 |
  84 | test(""Duration.fromObject throws if the initial object has invalid keys"", () => {"
/home/gabriel/Disk/Research/research-javascript-test-smells/repositories/luxon/test/duration/create.test.js,Magic Number,"{'line': 100, 'column': 25, 'index': 3029}","   98 | test(""Duration.fromObject is valid if providing options only"", () => {
   99 |   const dur = Duration.fromObject({}, { conversionAccuracy: ""longterm"" });
> 100 |   expect(dur.years).toBe(0);
      |                         ^ Magic Number
  101 |   expect(dur.months).toBe(0);
  102 |   expect(dur.days).toBe(0);
  103 |   expect(dur.hours).toBe(0);"
/home/gabriel/Disk/Research/research-javascript-test-smells/repositories/luxon/test/duration/create.test.js,Magic Number,"{'line': 101, 'column': 26, 'index': 3059}","   99 |   const dur = Duration.fromObject({}, { conversionAccuracy: ""longterm"" });
  100 |   expect(dur.years).toBe(0);
> 101 |   expect(dur.months).toBe(0);
      |                          ^ Magic Number
  102 |   expect(dur.days).toBe(0);
  103 |   expect(dur.hours).toBe(0);
  104 |   expect(dur.minutes).toBe(0);"
/home/gabriel/Disk/Research/research-javascript-test-smells/repositories/luxon/test/duration/create.test.js,Magic Number,"{'line': 102, 'column': 24, 'index': 3087}","  100 |   expect(dur.years).toBe(0);
  101 |   expect(dur.months).toBe(0);
> 102 |   expect(dur.days).toBe(0);
      |                        ^ Magic Number
  103 |   expect(dur.hours).toBe(0);
  104 |   expect(dur.minutes).toBe(0);
  105 |   expect(dur.seconds).toBe(0);"
/home/gabriel/Disk/Research/research-javascript-test-smells/repositories/luxon/test/duration/create.test.js,Magic Number,"{'line': 103, 'column': 25, 'index': 3116}","  101 |   expect(dur.months).toBe(0);
  102 |   expect(dur.days).toBe(0);
> 103 |   expect(dur.hours).toBe(0);
      |                         ^ Magic Number
  104 |   expect(dur.minutes).toBe(0);
  105 |   expect(dur.seconds).toBe(0);
  106 |   expect(dur.milliseconds).toBe(0);"
/home/gabriel/Disk/Research/research-javascript-test-smells/repositories/luxon/test/duration/create.test.js,Magic Number,"{'line': 104, 'column': 27, 'index': 3147}","  102 |   expect(dur.days).toBe(0);
  103 |   expect(dur.hours).toBe(0);
> 104 |   expect(dur.minutes).toBe(0);
      |                           ^ Magic Number
  105 |   expect(dur.seconds).toBe(0);
  106 |   expect(dur.milliseconds).toBe(0);
  107 |   expect(dur.isValid).toBe(true);"
/home/gabriel/Disk/Research/research-javascript-test-smells/repositories/luxon/test/duration/create.test.js,Magic Number,"{'line': 105, 'column': 27, 'index': 3178}","  103 |   expect(dur.hours).toBe(0);
  104 |   expect(dur.minutes).toBe(0);
> 105 |   expect(dur.seconds).toBe(0);
      |                           ^ Magic Number
  106 |   expect(dur.milliseconds).toBe(0);
  107 |   expect(dur.isValid).toBe(true);
  108 | });"
/home/gabriel/Disk/Research/research-javascript-test-smells/repositories/luxon/test/duration/create.test.js,Magic Number,"{'line': 106, 'column': 32, 'index': 3214}","  104 |   expect(dur.minutes).toBe(0);
  105 |   expect(dur.seconds).toBe(0);
> 106 |   expect(dur.milliseconds).toBe(0);
      |                                ^ Magic Number
  107 |   expect(dur.isValid).toBe(true);
  108 | });
  109 |"
/home/gabriel/Disk/Research/research-javascript-test-smells/repositories/luxon/test/datetime/tokenParse.test.js,Conditional Test Logic,"{'line': 551, 'column': 2, 'index': 19357}","  549 |   ];
  550 |
> 551 |   for (const i in formats) {
      |  ^ Conditional Test Logic
  552 |     if (Object.prototype.hasOwnProperty.call(formats, i)) {
  553 |       const [format, example] = formats[i],
  554 |         dt = DateTime.fromFormat("
/home/gabriel/Disk/Research/research-javascript-test-smells/repositories/luxon/test/datetime/tokenParse.test.js,Conditional Test Logic,"{'line': 552, 'column': 4, 'index': 19388}","  550 |
  551 |   for (const i in formats) {
> 552 |     if (Object.prototype.hasOwnProperty.call(formats, i)) {
      |    ^ Conditional Test Logic
  553 |       const [format, example] = formats[i],
  554 |         dt = DateTime.fromFormat(
  555 |           `1982/05/25 09:10:11.445 ${example}`,"
/home/gabriel/Disk/Research/research-javascript-test-smells/repositories/luxon/test/datetime/tokenParse.test.js,Conditional Test Logic,"{'line': 571, 'column': 2, 'index': 19896}","  569 |   ];
  570 |
> 571 |   for (const i in formats) {
      |  ^ Conditional Test Logic
  572 |     if (Object.prototype.hasOwnProperty.call(formats, i)) {
  573 |       const [format, example] = formats[i],
  574 |         dt = DateTime.fromFormat("
/home/gabriel/Disk/Research/research-javascript-test-smells/repositories/luxon/test/datetime/tokenParse.test.js,Conditional Test Logic,"{'line': 572, 'column': 4, 'index': 19927}","  570 |
  571 |   for (const i in formats) {
> 572 |     if (Object.prototype.hasOwnProperty.call(formats, i)) {
      |    ^ Conditional Test Logic
  573 |       const [format, example] = formats[i],
  574 |         dt = DateTime.fromFormat(
  575 |           `1982/05/25 09:10:11.445 ${example}`,"
/home/gabriel/Disk/Research/research-javascript-test-smells/repositories/luxon/test/datetime/tokenParse.test.js,Conditional Test Logic,"{'line': 759, 'column': 2, 'index': 25283}","  757 |   const sampleDateTime = DateTime.fromMillis(1555555555555);
  758 |
> 759 |   for (const { formats, expectEqual, expectInvalid } of formatGroups) {
      |  ^ Conditional Test Logic
  760 |     for (const locale of [null, ""en-gb"", ""de""]) {
  761 |       for (const format of formats) {
  762 |         const formatted = sampleDateTime.toFormat(format, { locale });"
/home/gabriel/Disk/Research/research-javascript-test-smells/repositories/luxon/test/datetime/tokenParse.test.js,Conditional Test Logic,"{'line': 760, 'column': 4, 'index': 25357}","  758 |
  759 |   for (const { formats, expectEqual, expectInvalid } of formatGroups) {
> 760 |     for (const locale of [null, ""en-gb"", ""de""]) {
      |    ^ Conditional Test Logic
  761 |       for (const format of formats) {
  762 |         const formatted = sampleDateTime.toFormat(format, { locale });
  763 |         const parsed = DateTime.fromFormat(formatted, format, { locale });"
/home/gabriel/Disk/Research/research-javascript-test-smells/repositories/luxon/test/datetime/tokenParse.test.js,Conditional Test Logic,"{'line': 761, 'column': 6, 'index': 25409}","  759 |   for (const { formats, expectEqual, expectInvalid } of formatGroups) {
  760 |     for (const locale of [null, ""en-gb"", ""de""]) {
> 761 |       for (const format of formats) {
      |      ^ Conditional Test Logic
  762 |         const formatted = sampleDateTime.toFormat(format, { locale });
  763 |         const parsed = DateTime.fromFormat(formatted, format, { locale });
  764 |"
/home/gabriel/Disk/Research/research-javascript-test-smells/repositories/luxon/test/datetime/tokenParse.test.js,Conditional Test Logic,"{'line': 765, 'column': 8, 'index': 25596}","  763 |         const parsed = DateTime.fromFormat(formatted, format, { locale });
  764 |
> 765 |         if (expectInvalid) {
      |        ^ Conditional Test Logic
  766 |           expect(parsed.isValid).toBe(false);
  767 |         } else {
  768 |           expect(parsed.isValid).toBe(true);"
/home/gabriel/Disk/Research/research-javascript-test-smells/repositories/luxon/test/datetime/tokenParse.test.js,Conditional Test Logic,"{'line': 770, 'column': 10, 'index': 25736}","  768 |           expect(parsed.isValid).toBe(true);
  769 |
> 770 |           for (const key of Object.keys(expectEqual)) {
      |          ^ Conditional Test Logic
  771 |             expect(parsed[key]).toBe(sampleDateTime[key]);
  772 |           }
  773 |         }"
/home/gabriel/Disk/Research/research-javascript-test-smells/repositories/luxon/test/datetime/tokenParse.test.js,Duplicate Assert,"{'line': 29, 'column': 2, 'index': 1020}","  27 | test(""DateTime.fromFormat() parses with variable-length input"", () => {
  28 |   let i = DateTime.fromFormat(""1982/05/03 09:07:05.004"", ""y/M/d H:m:s.S"");
> 29 |   expect(i.year).toBe(1982);
     |  ^ Duplicate Assert
  30 |   expect(i.month).toBe(5);
  31 |   expect(i.day).toBe(3);
  32 |   expect(i.hour).toBe(9);"
/home/gabriel/Disk/Research/research-javascript-test-smells/repositories/luxon/test/datetime/tokenParse.test.js,Duplicate Assert,"{'line': 29, 'column': 2, 'index': 1020}","  27 | test(""DateTime.fromFormat() parses with variable-length input"", () => {
  28 |   let i = DateTime.fromFormat(""1982/05/03 09:07:05.004"", ""y/M/d H:m:s.S"");
> 29 |   expect(i.year).toBe(1982);
     |  ^ Duplicate Assert
  30 |   expect(i.month).toBe(5);
  31 |   expect(i.day).toBe(3);
  32 |   expect(i.hour).toBe(9);"
/home/gabriel/Disk/Research/research-javascript-test-smells/repositories/luxon/test/datetime/tokenParse.test.js,Duplicate Assert,"{'line': 30, 'column': 2, 'index': 1049}","  28 |   let i = DateTime.fromFormat(""1982/05/03 09:07:05.004"", ""y/M/d H:m:s.S"");
  29 |   expect(i.year).toBe(1982);
> 30 |   expect(i.month).toBe(5);
     |  ^ Duplicate Assert
  31 |   expect(i.day).toBe(3);
  32 |   expect(i.hour).toBe(9);
  33 |   expect(i.minute).toBe(7);"
/home/gabriel/Disk/Research/research-javascript-test-smells/repositories/luxon/test/datetime/tokenParse.test.js,Duplicate Assert,"{'line': 30, 'column': 2, 'index': 1049}","  28 |   let i = DateTime.fromFormat(""1982/05/03 09:07:05.004"", ""y/M/d H:m:s.S"");
  29 |   expect(i.year).toBe(1982);
> 30 |   expect(i.month).toBe(5);
     |  ^ Duplicate Assert
  31 |   expect(i.day).toBe(3);
  32 |   expect(i.hour).toBe(9);
  33 |   expect(i.minute).toBe(7);"
/home/gabriel/Disk/Research/research-javascript-test-smells/repositories/luxon/test/datetime/tokenParse.test.js,Duplicate Assert,"{'line': 31, 'column': 2, 'index': 1076}","  29 |   expect(i.year).toBe(1982);
  30 |   expect(i.month).toBe(5);
> 31 |   expect(i.day).toBe(3);
     |  ^ Duplicate Assert
  32 |   expect(i.hour).toBe(9);
  33 |   expect(i.minute).toBe(7);
  34 |   expect(i.second).toBe(5);"
/home/gabriel/Disk/Research/research-javascript-test-smells/repositories/luxon/test/datetime/tokenParse.test.js,Duplicate Assert,"{'line': 31, 'column': 2, 'index': 1076}","  29 |   expect(i.year).toBe(1982);
  30 |   expect(i.month).toBe(5);
> 31 |   expect(i.day).toBe(3);
     |  ^ Duplicate Assert
  32 |   expect(i.hour).toBe(9);
  33 |   expect(i.minute).toBe(7);
  34 |   expect(i.second).toBe(5);"
/home/gabriel/Disk/Research/research-javascript-test-smells/repositories/luxon/test/datetime/tokenParse.test.js,Duplicate Assert,"{'line': 32, 'column': 2, 'index': 1101}","  30 |   expect(i.month).toBe(5);
  31 |   expect(i.day).toBe(3);
> 32 |   expect(i.hour).toBe(9);
     |  ^ Duplicate Assert
  33 |   expect(i.minute).toBe(7);
  34 |   expect(i.second).toBe(5);
  35 |   expect(i.millisecond).toBe(4);"
/home/gabriel/Disk/Research/research-javascript-test-smells/repositories/luxon/test/datetime/tokenParse.test.js,Duplicate Assert,"{'line': 32, 'column': 2, 'index': 1101}","  30 |   expect(i.month).toBe(5);
  31 |   expect(i.day).toBe(3);
> 32 |   expect(i.hour).toBe(9);
     |  ^ Duplicate Assert
  33 |   expect(i.minute).toBe(7);
  34 |   expect(i.second).toBe(5);
  35 |   expect(i.millisecond).toBe(4);"
/home/gabriel/Disk/Research/research-javascript-test-smells/repositories/luxon/test/datetime/tokenParse.test.js,Duplicate Assert,"{'line': 33, 'column': 2, 'index': 1127}","  31 |   expect(i.day).toBe(3);
  32 |   expect(i.hour).toBe(9);
> 33 |   expect(i.minute).toBe(7);
     |  ^ Duplicate Assert
  34 |   expect(i.second).toBe(5);
  35 |   expect(i.millisecond).toBe(4);
  36 |"
/home/gabriel/Disk/Research/research-javascript-test-smells/repositories/luxon/test/datetime/tokenParse.test.js,Duplicate Assert,"{'line': 33, 'column': 2, 'index': 1127}","  31 |   expect(i.day).toBe(3);
  32 |   expect(i.hour).toBe(9);
> 33 |   expect(i.minute).toBe(7);
     |  ^ Duplicate Assert
  34 |   expect(i.second).toBe(5);
  35 |   expect(i.millisecond).toBe(4);
  36 |"
/home/gabriel/Disk/Research/research-javascript-test-smells/repositories/luxon/test/datetime/tokenParse.test.js,Duplicate Assert,"{'line': 34, 'column': 2, 'index': 1155}","  32 |   expect(i.hour).toBe(9);
  33 |   expect(i.minute).toBe(7);
> 34 |   expect(i.second).toBe(5);
     |  ^ Duplicate Assert
  35 |   expect(i.millisecond).toBe(4);
  36 |
  37 |   i = DateTime.fromFormat(""82/5/3 9:7:5.4"", ""yy/M/d H:m:s.S"");"
/home/gabriel/Disk/Research/research-javascript-test-smells/repositories/luxon/test/datetime/tokenParse.test.js,Duplicate Assert,"{'line': 34, 'column': 2, 'index': 1155}","  32 |   expect(i.hour).toBe(9);
  33 |   expect(i.minute).toBe(7);
> 34 |   expect(i.second).toBe(5);
     |  ^ Duplicate Assert
  35 |   expect(i.millisecond).toBe(4);
  36 |
  37 |   i = DateTime.fromFormat(""82/5/3 9:7:5.4"", ""yy/M/d H:m:s.S"");"
/home/gabriel/Disk/Research/research-javascript-test-smells/repositories/luxon/test/datetime/tokenParse.test.js,Duplicate Assert,"{'line': 35, 'column': 2, 'index': 1183}","  33 |   expect(i.minute).toBe(7);
  34 |   expect(i.second).toBe(5);
> 35 |   expect(i.millisecond).toBe(4);
     |  ^ Duplicate Assert
  36 |
  37 |   i = DateTime.fromFormat(""82/5/3 9:7:5.4"", ""yy/M/d H:m:s.S"");
  38 |   expect(i.year).toBe(1982);"
/home/gabriel/Disk/Research/research-javascript-test-smells/repositories/luxon/test/datetime/tokenParse.test.js,Duplicate Assert,"{'line': 35, 'column': 2, 'index': 1183}","  33 |   expect(i.minute).toBe(7);
  34 |   expect(i.second).toBe(5);
> 35 |   expect(i.millisecond).toBe(4);
     |  ^ Duplicate Assert
  36 |
  37 |   i = DateTime.fromFormat(""82/5/3 9:7:5.4"", ""yy/M/d H:m:s.S"");
  38 |   expect(i.year).toBe(1982);"
/home/gabriel/Disk/Research/research-javascript-test-smells/repositories/luxon/test/datetime/tokenParse.test.js,Duplicate Assert,"{'line': 38, 'column': 2, 'index': 1280}","  36 |
  37 |   i = DateTime.fromFormat(""82/5/3 9:7:5.4"", ""yy/M/d H:m:s.S"");
> 38 |   expect(i.year).toBe(1982);
     |  ^ Duplicate Assert
  39 |   expect(i.month).toBe(5);
  40 |   expect(i.day).toBe(3);
  41 |   expect(i.hour).toBe(9);"
/home/gabriel/Disk/Research/research-javascript-test-smells/repositories/luxon/test/datetime/tokenParse.test.js,Duplicate Assert,"{'line': 38, 'column': 2, 'index': 1280}","  36 |
  37 |   i = DateTime.fromFormat(""82/5/3 9:7:5.4"", ""yy/M/d H:m:s.S"");
> 38 |   expect(i.year).toBe(1982);
     |  ^ Duplicate Assert
  39 |   expect(i.month).toBe(5);
  40 |   expect(i.day).toBe(3);
  41 |   expect(i.hour).toBe(9);"
/home/gabriel/Disk/Research/research-javascript-test-smells/repositories/luxon/test/datetime/tokenParse.test.js,Duplicate Assert,"{'line': 39, 'column': 2, 'index': 1309}","  37 |   i = DateTime.fromFormat(""82/5/3 9:7:5.4"", ""yy/M/d H:m:s.S"");
  38 |   expect(i.year).toBe(1982);
> 39 |   expect(i.month).toBe(5);
     |  ^ Duplicate Assert
  40 |   expect(i.day).toBe(3);
  41 |   expect(i.hour).toBe(9);
  42 |   expect(i.minute).toBe(7);"
/home/gabriel/Disk/Research/research-javascript-test-smells/repositories/luxon/test/datetime/tokenParse.test.js,Duplicate Assert,"{'line': 39, 'column': 2, 'index': 1309}","  37 |   i = DateTime.fromFormat(""82/5/3 9:7:5.4"", ""yy/M/d H:m:s.S"");
  38 |   expect(i.year).toBe(1982);
> 39 |   expect(i.month).toBe(5);
     |  ^ Duplicate Assert
  40 |   expect(i.day).toBe(3);
  41 |   expect(i.hour).toBe(9);
  42 |   expect(i.minute).toBe(7);"
/home/gabriel/Disk/Research/research-javascript-test-smells/repositories/luxon/test/datetime/tokenParse.test.js,Duplicate Assert,"{'line': 40, 'column': 2, 'index': 1336}","  38 |   expect(i.year).toBe(1982);
  39 |   expect(i.month).toBe(5);
> 40 |   expect(i.day).toBe(3);
     |  ^ Duplicate Assert
  41 |   expect(i.hour).toBe(9);
  42 |   expect(i.minute).toBe(7);
  43 |   expect(i.second).toBe(5);"
/home/gabriel/Disk/Research/research-javascript-test-smells/repositories/luxon/test/datetime/tokenParse.test.js,Duplicate Assert,"{'line': 40, 'column': 2, 'index': 1336}","  38 |   expect(i.year).toBe(1982);
  39 |   expect(i.month).toBe(5);
> 40 |   expect(i.day).toBe(3);
     |  ^ Duplicate Assert
  41 |   expect(i.hour).toBe(9);
  42 |   expect(i.minute).toBe(7);
  43 |   expect(i.second).toBe(5);"
/home/gabriel/Disk/Research/research-javascript-test-smells/repositories/luxon/test/datetime/tokenParse.test.js,Duplicate Assert,"{'line': 41, 'column': 2, 'index': 1361}","  39 |   expect(i.month).toBe(5);
  40 |   expect(i.day).toBe(3);
> 41 |   expect(i.hour).toBe(9);
     |  ^ Duplicate Assert
  42 |   expect(i.minute).toBe(7);
  43 |   expect(i.second).toBe(5);
  44 |   expect(i.millisecond).toBe(4);"
/home/gabriel/Disk/Research/research-javascript-test-smells/repositories/luxon/test/datetime/tokenParse.test.js,Duplicate Assert,"{'line': 41, 'column': 2, 'index': 1361}","  39 |   expect(i.month).toBe(5);
  40 |   expect(i.day).toBe(3);
> 41 |   expect(i.hour).toBe(9);
     |  ^ Duplicate Assert
  42 |   expect(i.minute).toBe(7);
  43 |   expect(i.second).toBe(5);
  44 |   expect(i.millisecond).toBe(4);"
/home/gabriel/Disk/Research/research-javascript-test-smells/repositories/luxon/test/datetime/tokenParse.test.js,Duplicate Assert,"{'line': 42, 'column': 2, 'index': 1387}","  40 |   expect(i.day).toBe(3);
  41 |   expect(i.hour).toBe(9);
> 42 |   expect(i.minute).toBe(7);
     |  ^ Duplicate Assert
  43 |   expect(i.second).toBe(5);
  44 |   expect(i.millisecond).toBe(4);
  45 | });"
/home/gabriel/Disk/Research/research-javascript-test-smells/repositories/luxon/test/datetime/tokenParse.test.js,Duplicate Assert,"{'line': 42, 'column': 2, 'index': 1387}","  40 |   expect(i.day).toBe(3);
  41 |   expect(i.hour).toBe(9);
> 42 |   expect(i.minute).toBe(7);
     |  ^ Duplicate Assert
  43 |   expect(i.second).toBe(5);
  44 |   expect(i.millisecond).toBe(4);
  45 | });"
/home/gabriel/Disk/Research/research-javascript-test-smells/repositories/luxon/test/datetime/tokenParse.test.js,Duplicate Assert,"{'line': 43, 'column': 2, 'index': 1415}","  41 |   expect(i.hour).toBe(9);
  42 |   expect(i.minute).toBe(7);
> 43 |   expect(i.second).toBe(5);
     |  ^ Duplicate Assert
  44 |   expect(i.millisecond).toBe(4);
  45 | });
  46 |"
/home/gabriel/Disk/Research/research-javascript-test-smells/repositories/luxon/test/datetime/tokenParse.test.js,Duplicate Assert,"{'line': 43, 'column': 2, 'index': 1415}","  41 |   expect(i.hour).toBe(9);
  42 |   expect(i.minute).toBe(7);
> 43 |   expect(i.second).toBe(5);
     |  ^ Duplicate Assert
  44 |   expect(i.millisecond).toBe(4);
  45 | });
  46 |"
/home/gabriel/Disk/Research/research-javascript-test-smells/repositories/luxon/test/datetime/tokenParse.test.js,Duplicate Assert,"{'line': 44, 'column': 2, 'index': 1443}","  42 |   expect(i.minute).toBe(7);
  43 |   expect(i.second).toBe(5);
> 44 |   expect(i.millisecond).toBe(4);
     |  ^ Duplicate Assert
  45 | });
  46 |
  47 | test(""DateTime.fromFormat() parses meridiems"", () => {"
/home/gabriel/Disk/Research/research-javascript-test-smells/repositories/luxon/test/datetime/tokenParse.test.js,Duplicate Assert,"{'line': 44, 'column': 2, 'index': 1443}","  42 |   expect(i.minute).toBe(7);
  43 |   expect(i.second).toBe(5);
> 44 |   expect(i.millisecond).toBe(4);
     |  ^ Duplicate Assert
  45 | });
  46 |
  47 | test(""DateTime.fromFormat() parses meridiems"", () => {"
/home/gabriel/Disk/Research/research-javascript-test-smells/repositories/luxon/test/datetime/tokenParse.test.js,Duplicate Assert,"{'line': 49, 'column': 2, 'index': 1604}","  47 | test(""DateTime.fromFormat() parses meridiems"", () => {
  48 |   let i = DateTime.fromFormat(""1982/05/25 9 PM"", ""yyyy/MM/dd h a"");
> 49 |   expect(i.year).toBe(1982);
     |  ^ Duplicate Assert
  50 |   expect(i.month).toBe(5);
  51 |   expect(i.day).toBe(25);
  52 |   expect(i.hour).toBe(21);"
/home/gabriel/Disk/Research/research-javascript-test-smells/repositories/luxon/test/datetime/tokenParse.test.js,Duplicate Assert,"{'line': 49, 'column': 2, 'index': 1604}","  47 | test(""DateTime.fromFormat() parses meridiems"", () => {
  48 |   let i = DateTime.fromFormat(""1982/05/25 9 PM"", ""yyyy/MM/dd h a"");
> 49 |   expect(i.year).toBe(1982);
     |  ^ Duplicate Assert
  50 |   expect(i.month).toBe(5);
  51 |   expect(i.day).toBe(25);
  52 |   expect(i.hour).toBe(21);"
/home/gabriel/Disk/Research/research-javascript-test-smells/repositories/luxon/test/datetime/tokenParse.test.js,Duplicate Assert,"{'line': 50, 'column': 2, 'index': 1633}","  48 |   let i = DateTime.fromFormat(""1982/05/25 9 PM"", ""yyyy/MM/dd h a"");
  49 |   expect(i.year).toBe(1982);
> 50 |   expect(i.month).toBe(5);
     |  ^ Duplicate Assert
  51 |   expect(i.day).toBe(25);
  52 |   expect(i.hour).toBe(21);
  53 |"
/home/gabriel/Disk/Research/research-javascript-test-smells/repositories/luxon/test/datetime/tokenParse.test.js,Duplicate Assert,"{'line': 50, 'column': 2, 'index': 1633}","  48 |   let i = DateTime.fromFormat(""1982/05/25 9 PM"", ""yyyy/MM/dd h a"");
  49 |   expect(i.year).toBe(1982);
> 50 |   expect(i.month).toBe(5);
     |  ^ Duplicate Assert
  51 |   expect(i.day).toBe(25);
  52 |   expect(i.hour).toBe(21);
  53 |"
/home/gabriel/Disk/Research/research-javascript-test-smells/repositories/luxon/test/datetime/tokenParse.test.js,Duplicate Assert,"{'line': 51, 'column': 2, 'index': 1660}","  49 |   expect(i.year).toBe(1982);
  50 |   expect(i.month).toBe(5);
> 51 |   expect(i.day).toBe(25);
     |  ^ Duplicate Assert
  52 |   expect(i.hour).toBe(21);
  53 |
  54 |   i = DateTime.fromFormat(""1982/05/25 9 AM"", ""yyyy/MM/dd h a"");"
/home/gabriel/Disk/Research/research-javascript-test-smells/repositories/luxon/test/datetime/tokenParse.test.js,Duplicate Assert,"{'line': 51, 'column': 2, 'index': 1660}","  49 |   expect(i.year).toBe(1982);
  50 |   expect(i.month).toBe(5);
> 51 |   expect(i.day).toBe(25);
     |  ^ Duplicate Assert
  52 |   expect(i.hour).toBe(21);
  53 |
  54 |   i = DateTime.fromFormat(""1982/05/25 9 AM"", ""yyyy/MM/dd h a"");"
/home/gabriel/Disk/Research/research-javascript-test-smells/repositories/luxon/test/datetime/tokenParse.test.js,Duplicate Assert,"{'line': 52, 'column': 2, 'index': 1686}","  50 |   expect(i.month).toBe(5);
  51 |   expect(i.day).toBe(25);
> 52 |   expect(i.hour).toBe(21);
     |  ^ Duplicate Assert
  53 |
  54 |   i = DateTime.fromFormat(""1982/05/25 9 AM"", ""yyyy/MM/dd h a"");
  55 |   expect(i.year).toBe(1982);"
/home/gabriel/Disk/Research/research-javascript-test-smells/repositories/luxon/test/datetime/tokenParse.test.js,Duplicate Assert,"{'line': 55, 'column': 2, 'index': 1778}","  53 |
  54 |   i = DateTime.fromFormat(""1982/05/25 9 AM"", ""yyyy/MM/dd h a"");
> 55 |   expect(i.year).toBe(1982);
     |  ^ Duplicate Assert
  56 |   expect(i.month).toBe(5);
  57 |   expect(i.day).toBe(25);
  58 |   expect(i.hour).toBe(9);"
/home/gabriel/Disk/Research/research-javascript-test-smells/repositories/luxon/test/datetime/tokenParse.test.js,Duplicate Assert,"{'line': 55, 'column': 2, 'index': 1778}","  53 |
  54 |   i = DateTime.fromFormat(""1982/05/25 9 AM"", ""yyyy/MM/dd h a"");
> 55 |   expect(i.year).toBe(1982);
     |  ^ Duplicate Assert
  56 |   expect(i.month).toBe(5);
  57 |   expect(i.day).toBe(25);
  58 |   expect(i.hour).toBe(9);"
/home/gabriel/Disk/Research/research-javascript-test-smells/repositories/luxon/test/datetime/tokenParse.test.js,Duplicate Assert,"{'line': 56, 'column': 2, 'index': 1807}","  54 |   i = DateTime.fromFormat(""1982/05/25 9 AM"", ""yyyy/MM/dd h a"");
  55 |   expect(i.year).toBe(1982);
> 56 |   expect(i.month).toBe(5);
     |  ^ Duplicate Assert
  57 |   expect(i.day).toBe(25);
  58 |   expect(i.hour).toBe(9);
  59 |"
/home/gabriel/Disk/Research/research-javascript-test-smells/repositories/luxon/test/datetime/tokenParse.test.js,Duplicate Assert,"{'line': 56, 'column': 2, 'index': 1807}","  54 |   i = DateTime.fromFormat(""1982/05/25 9 AM"", ""yyyy/MM/dd h a"");
  55 |   expect(i.year).toBe(1982);
> 56 |   expect(i.month).toBe(5);
     |  ^ Duplicate Assert
  57 |   expect(i.day).toBe(25);
  58 |   expect(i.hour).toBe(9);
  59 |"
/home/gabriel/Disk/Research/research-javascript-test-smells/repositories/luxon/test/datetime/tokenParse.test.js,Duplicate Assert,"{'line': 57, 'column': 2, 'index': 1834}","  55 |   expect(i.year).toBe(1982);
  56 |   expect(i.month).toBe(5);
> 57 |   expect(i.day).toBe(25);
     |  ^ Duplicate Assert
  58 |   expect(i.hour).toBe(9);
  59 |
  60 |   i = DateTime.fromFormat(""1982/05/25 12 AM"", ""yyyy/MM/dd h a"");"
/home/gabriel/Disk/Research/research-javascript-test-smells/repositories/luxon/test/datetime/tokenParse.test.js,Duplicate Assert,"{'line': 57, 'column': 2, 'index': 1834}","  55 |   expect(i.year).toBe(1982);
  56 |   expect(i.month).toBe(5);
> 57 |   expect(i.day).toBe(25);
     |  ^ Duplicate Assert
  58 |   expect(i.hour).toBe(9);
  59 |
  60 |   i = DateTime.fromFormat(""1982/05/25 12 AM"", ""yyyy/MM/dd h a"");"
/home/gabriel/Disk/Research/research-javascript-test-smells/repositories/luxon/test/datetime/tokenParse.test.js,Duplicate Assert,"{'line': 58, 'column': 2, 'index': 1860}","  56 |   expect(i.month).toBe(5);
  57 |   expect(i.day).toBe(25);
> 58 |   expect(i.hour).toBe(9);
     |  ^ Duplicate Assert
  59 |
  60 |   i = DateTime.fromFormat(""1982/05/25 12 AM"", ""yyyy/MM/dd h a"");
  61 |   expect(i.year).toBe(1982);"
/home/gabriel/Disk/Research/research-javascript-test-smells/repositories/luxon/test/datetime/tokenParse.test.js,Duplicate Assert,"{'line': 61, 'column': 2, 'index': 1952}","  59 |
  60 |   i = DateTime.fromFormat(""1982/05/25 12 AM"", ""yyyy/MM/dd h a"");
> 61 |   expect(i.year).toBe(1982);
     |  ^ Duplicate Assert
  62 |   expect(i.month).toBe(5);
  63 |   expect(i.day).toBe(25);
  64 |   expect(i.hour).toBe(0);"
/home/gabriel/Disk/Research/research-javascript-test-smells/repositories/luxon/test/datetime/tokenParse.test.js,Duplicate Assert,"{'line': 61, 'column': 2, 'index': 1952}","  59 |
  60 |   i = DateTime.fromFormat(""1982/05/25 12 AM"", ""yyyy/MM/dd h a"");
> 61 |   expect(i.year).toBe(1982);
     |  ^ Duplicate Assert
  62 |   expect(i.month).toBe(5);
  63 |   expect(i.day).toBe(25);
  64 |   expect(i.hour).toBe(0);"
/home/gabriel/Disk/Research/research-javascript-test-smells/repositories/luxon/test/datetime/tokenParse.test.js,Duplicate Assert,"{'line': 62, 'column': 2, 'index': 1981}","  60 |   i = DateTime.fromFormat(""1982/05/25 12 AM"", ""yyyy/MM/dd h a"");
  61 |   expect(i.year).toBe(1982);
> 62 |   expect(i.month).toBe(5);
     |  ^ Duplicate Assert
  63 |   expect(i.day).toBe(25);
  64 |   expect(i.hour).toBe(0);
  65 |"
/home/gabriel/Disk/Research/research-javascript-test-smells/repositories/luxon/test/datetime/tokenParse.test.js,Duplicate Assert,"{'line': 62, 'column': 2, 'index': 1981}","  60 |   i = DateTime.fromFormat(""1982/05/25 12 AM"", ""yyyy/MM/dd h a"");
  61 |   expect(i.year).toBe(1982);
> 62 |   expect(i.month).toBe(5);
     |  ^ Duplicate Assert
  63 |   expect(i.day).toBe(25);
  64 |   expect(i.hour).toBe(0);
  65 |"
/home/gabriel/Disk/Research/research-javascript-test-smells/repositories/luxon/test/datetime/tokenParse.test.js,Duplicate Assert,"{'line': 63, 'column': 2, 'index': 2008}","  61 |   expect(i.year).toBe(1982);
  62 |   expect(i.month).toBe(5);
> 63 |   expect(i.day).toBe(25);
     |  ^ Duplicate Assert
  64 |   expect(i.hour).toBe(0);
  65 |
  66 |   i = DateTime.fromFormat(""1982/05/25 12 PM"", ""yyyy/MM/dd h a"");"
/home/gabriel/Disk/Research/research-javascript-test-smells/repositories/luxon/test/datetime/tokenParse.test.js,Duplicate Assert,"{'line': 63, 'column': 2, 'index': 2008}","  61 |   expect(i.year).toBe(1982);
  62 |   expect(i.month).toBe(5);
> 63 |   expect(i.day).toBe(25);
     |  ^ Duplicate Assert
  64 |   expect(i.hour).toBe(0);
  65 |
  66 |   i = DateTime.fromFormat(""1982/05/25 12 PM"", ""yyyy/MM/dd h a"");"
/home/gabriel/Disk/Research/research-javascript-test-smells/repositories/luxon/test/datetime/tokenParse.test.js,Duplicate Assert,"{'line': 64, 'column': 2, 'index': 2034}","  62 |   expect(i.month).toBe(5);
  63 |   expect(i.day).toBe(25);
> 64 |   expect(i.hour).toBe(0);
     |  ^ Duplicate Assert
  65 |
  66 |   i = DateTime.fromFormat(""1982/05/25 12 PM"", ""yyyy/MM/dd h a"");
  67 |   expect(i.year).toBe(1982);"
/home/gabriel/Disk/Research/research-javascript-test-smells/repositories/luxon/test/datetime/tokenParse.test.js,Duplicate Assert,"{'line': 67, 'column': 2, 'index': 2126}","  65 |
  66 |   i = DateTime.fromFormat(""1982/05/25 12 PM"", ""yyyy/MM/dd h a"");
> 67 |   expect(i.year).toBe(1982);
     |  ^ Duplicate Assert
  68 |   expect(i.month).toBe(5);
  69 |   expect(i.day).toBe(25);
  70 |   expect(i.hour).toBe(12);"
/home/gabriel/Disk/Research/research-javascript-test-smells/repositories/luxon/test/datetime/tokenParse.test.js,Duplicate Assert,"{'line': 67, 'column': 2, 'index': 2126}","  65 |
  66 |   i = DateTime.fromFormat(""1982/05/25 12 PM"", ""yyyy/MM/dd h a"");
> 67 |   expect(i.year).toBe(1982);
     |  ^ Duplicate Assert
  68 |   expect(i.month).toBe(5);
  69 |   expect(i.day).toBe(25);
  70 |   expect(i.hour).toBe(12);"
/home/gabriel/Disk/Research/research-javascript-test-smells/repositories/luxon/test/datetime/tokenParse.test.js,Duplicate Assert,"{'line': 68, 'column': 2, 'index': 2155}","  66 |   i = DateTime.fromFormat(""1982/05/25 12 PM"", ""yyyy/MM/dd h a"");
  67 |   expect(i.year).toBe(1982);
> 68 |   expect(i.month).toBe(5);
     |  ^ Duplicate Assert
  69 |   expect(i.day).toBe(25);
  70 |   expect(i.hour).toBe(12);
  71 | });"
/home/gabriel/Disk/Research/research-javascript-test-smells/repositories/luxon/test/datetime/tokenParse.test.js,Duplicate Assert,"{'line': 68, 'column': 2, 'index': 2155}","  66 |   i = DateTime.fromFormat(""1982/05/25 12 PM"", ""yyyy/MM/dd h a"");
  67 |   expect(i.year).toBe(1982);
> 68 |   expect(i.month).toBe(5);
     |  ^ Duplicate Assert
  69 |   expect(i.day).toBe(25);
  70 |   expect(i.hour).toBe(12);
  71 | });"
/home/gabriel/Disk/Research/research-javascript-test-smells/repositories/luxon/test/datetime/tokenParse.test.js,Duplicate Assert,"{'line': 69, 'column': 2, 'index': 2182}","  67 |   expect(i.year).toBe(1982);
  68 |   expect(i.month).toBe(5);
> 69 |   expect(i.day).toBe(25);
     |  ^ Duplicate Assert
  70 |   expect(i.hour).toBe(12);
  71 | });
  72 |"
/home/gabriel/Disk/Research/research-javascript-test-smells/repositories/luxon/test/datetime/tokenParse.test.js,Duplicate Assert,"{'line': 69, 'column': 2, 'index': 2182}","  67 |   expect(i.year).toBe(1982);
  68 |   expect(i.month).toBe(5);
> 69 |   expect(i.day).toBe(25);
     |  ^ Duplicate Assert
  70 |   expect(i.hour).toBe(12);
  71 | });
  72 |"
/home/gabriel/Disk/Research/research-javascript-test-smells/repositories/luxon/test/datetime/tokenParse.test.js,Duplicate Assert,"{'line': 70, 'column': 2, 'index': 2208}","  68 |   expect(i.month).toBe(5);
  69 |   expect(i.day).toBe(25);
> 70 |   expect(i.hour).toBe(12);
     |  ^ Duplicate Assert
  71 | });
  72 |
  73 | test(""DateTime.fromFormat() throws if you specify meridiem with 24-hour time"", () => {"
/home/gabriel/Disk/Research/research-javascript-test-smells/repositories/luxon/test/datetime/tokenParse.test.js,Duplicate Assert,"{'line': 169, 'column': 2, 'index': 6226}","  167 |
  168 | test(""DateTime.fromFormat() parses milliseconds"", () => {
> 169 |   expect(DateTime.fromFormat(""1"", ""S"").millisecond).toBe(1);
      |  ^ Duplicate Assert
  170 |   expect(DateTime.fromFormat(""12"", ""S"").millisecond).toBe(12);
  171 |   expect(DateTime.fromFormat(""123"", ""S"").millisecond).toBe(123);
  172 |   expect(DateTime.fromFormat(""1234"", ""S"").isValid).toBe(false);"
/home/gabriel/Disk/Research/research-javascript-test-smells/repositories/luxon/test/datetime/tokenParse.test.js,Duplicate Assert,"{'line': 169, 'column': 2, 'index': 6226}","  167 |
  168 | test(""DateTime.fromFormat() parses milliseconds"", () => {
> 169 |   expect(DateTime.fromFormat(""1"", ""S"").millisecond).toBe(1);
      |  ^ Duplicate Assert
  170 |   expect(DateTime.fromFormat(""12"", ""S"").millisecond).toBe(12);
  171 |   expect(DateTime.fromFormat(""123"", ""S"").millisecond).toBe(123);
  172 |   expect(DateTime.fromFormat(""1234"", ""S"").isValid).toBe(false);"
/home/gabriel/Disk/Research/research-javascript-test-smells/repositories/luxon/test/datetime/tokenParse.test.js,Duplicate Assert,"{'line': 170, 'column': 2, 'index': 6287}","  168 | test(""DateTime.fromFormat() parses milliseconds"", () => {
  169 |   expect(DateTime.fromFormat(""1"", ""S"").millisecond).toBe(1);
> 170 |   expect(DateTime.fromFormat(""12"", ""S"").millisecond).toBe(12);
      |  ^ Duplicate Assert
  171 |   expect(DateTime.fromFormat(""123"", ""S"").millisecond).toBe(123);
  172 |   expect(DateTime.fromFormat(""1234"", ""S"").isValid).toBe(false);
  173 |"
/home/gabriel/Disk/Research/research-javascript-test-smells/repositories/luxon/test/datetime/tokenParse.test.js,Duplicate Assert,"{'line': 170, 'column': 2, 'index': 6287}","  168 | test(""DateTime.fromFormat() parses milliseconds"", () => {
  169 |   expect(DateTime.fromFormat(""1"", ""S"").millisecond).toBe(1);
> 170 |   expect(DateTime.fromFormat(""12"", ""S"").millisecond).toBe(12);
      |  ^ Duplicate Assert
  171 |   expect(DateTime.fromFormat(""123"", ""S"").millisecond).toBe(123);
  172 |   expect(DateTime.fromFormat(""1234"", ""S"").isValid).toBe(false);
  173 |"
/home/gabriel/Disk/Research/research-javascript-test-smells/repositories/luxon/test/datetime/tokenParse.test.js,Duplicate Assert,"{'line': 171, 'column': 2, 'index': 6350}","  169 |   expect(DateTime.fromFormat(""1"", ""S"").millisecond).toBe(1);
  170 |   expect(DateTime.fromFormat(""12"", ""S"").millisecond).toBe(12);
> 171 |   expect(DateTime.fromFormat(""123"", ""S"").millisecond).toBe(123);
      |  ^ Duplicate Assert
  172 |   expect(DateTime.fromFormat(""1234"", ""S"").isValid).toBe(false);
  173 |
  174 |   expect(DateTime.fromFormat(""1"", ""S"").millisecond).toBe(1);"
/home/gabriel/Disk/Research/research-javascript-test-smells/repositories/luxon/test/datetime/tokenParse.test.js,Duplicate Assert,"{'line': 171, 'column': 2, 'index': 6350}","  169 |   expect(DateTime.fromFormat(""1"", ""S"").millisecond).toBe(1);
  170 |   expect(DateTime.fromFormat(""12"", ""S"").millisecond).toBe(12);
> 171 |   expect(DateTime.fromFormat(""123"", ""S"").millisecond).toBe(123);
      |  ^ Duplicate Assert
  172 |   expect(DateTime.fromFormat(""1234"", ""S"").isValid).toBe(false);
  173 |
  174 |   expect(DateTime.fromFormat(""1"", ""S"").millisecond).toBe(1);"
/home/gabriel/Disk/Research/research-javascript-test-smells/repositories/luxon/test/datetime/tokenParse.test.js,Duplicate Assert,"{'line': 174, 'column': 2, 'index': 6480}","  172 |   expect(DateTime.fromFormat(""1234"", ""S"").isValid).toBe(false);
  173 |
> 174 |   expect(DateTime.fromFormat(""1"", ""S"").millisecond).toBe(1);
      |  ^ Duplicate Assert
  175 |   expect(DateTime.fromFormat(""12"", ""S"").millisecond).toBe(12);
  176 |   expect(DateTime.fromFormat(""123"", ""S"").millisecond).toBe(123);
  177 |"
/home/gabriel/Disk/Research/research-javascript-test-smells/repositories/luxon/test/datetime/tokenParse.test.js,Duplicate Assert,"{'line': 174, 'column': 2, 'index': 6480}","  172 |   expect(DateTime.fromFormat(""1234"", ""S"").isValid).toBe(false);
  173 |
> 174 |   expect(DateTime.fromFormat(""1"", ""S"").millisecond).toBe(1);
      |  ^ Duplicate Assert
  175 |   expect(DateTime.fromFormat(""12"", ""S"").millisecond).toBe(12);
  176 |   expect(DateTime.fromFormat(""123"", ""S"").millisecond).toBe(123);
  177 |"
/home/gabriel/Disk/Research/research-javascript-test-smells/repositories/luxon/test/datetime/tokenParse.test.js,Duplicate Assert,"{'line': 175, 'column': 2, 'index': 6541}","  173 |
  174 |   expect(DateTime.fromFormat(""1"", ""S"").millisecond).toBe(1);
> 175 |   expect(DateTime.fromFormat(""12"", ""S"").millisecond).toBe(12);
      |  ^ Duplicate Assert
  176 |   expect(DateTime.fromFormat(""123"", ""S"").millisecond).toBe(123);
  177 |
  178 |   expect(DateTime.fromFormat(""1"", ""SSS"").isValid).toBe(false);"
/home/gabriel/Disk/Research/research-javascript-test-smells/repositories/luxon/test/datetime/tokenParse.test.js,Duplicate Assert,"{'line': 175, 'column': 2, 'index': 6541}","  173 |
  174 |   expect(DateTime.fromFormat(""1"", ""S"").millisecond).toBe(1);
> 175 |   expect(DateTime.fromFormat(""12"", ""S"").millisecond).toBe(12);
      |  ^ Duplicate Assert
  176 |   expect(DateTime.fromFormat(""123"", ""S"").millisecond).toBe(123);
  177 |
  178 |   expect(DateTime.fromFormat(""1"", ""SSS"").isValid).toBe(false);"
/home/gabriel/Disk/Research/research-javascript-test-smells/repositories/luxon/test/datetime/tokenParse.test.js,Duplicate Assert,"{'line': 176, 'column': 2, 'index': 6604}","  174 |   expect(DateTime.fromFormat(""1"", ""S"").millisecond).toBe(1);
  175 |   expect(DateTime.fromFormat(""12"", ""S"").millisecond).toBe(12);
> 176 |   expect(DateTime.fromFormat(""123"", ""S"").millisecond).toBe(123);
      |  ^ Duplicate Assert
  177 |
  178 |   expect(DateTime.fromFormat(""1"", ""SSS"").isValid).toBe(false);
  179 |   expect(DateTime.fromFormat(""12"", ""SSS"").isValid).toBe(false);"
/home/gabriel/Disk/Research/research-javascript-test-smells/repositories/luxon/test/datetime/tokenParse.test.js,Duplicate Assert,"{'line': 176, 'column': 2, 'index': 6604}","  174 |   expect(DateTime.fromFormat(""1"", ""S"").millisecond).toBe(1);
  175 |   expect(DateTime.fromFormat(""12"", ""S"").millisecond).toBe(12);
> 176 |   expect(DateTime.fromFormat(""123"", ""S"").millisecond).toBe(123);
      |  ^ Duplicate Assert
  177 |
  178 |   expect(DateTime.fromFormat(""1"", ""SSS"").isValid).toBe(false);
  179 |   expect(DateTime.fromFormat(""12"", ""SSS"").isValid).toBe(false);"
/home/gabriel/Disk/Research/research-javascript-test-smells/repositories/luxon/test/datetime/tokenParse.test.js,Duplicate Assert,"{'line': 216, 'column': 2, 'index': 8439}","  214 | test(""DateTime.fromFormat() parses eras"", () => {
  215 |   let dt = DateTime.fromFormat(""0206 AD"", ""yyyy G"");
> 216 |   expect(dt.year).toEqual(206);
      |  ^ Duplicate Assert
  217 |
  218 |   dt = DateTime.fromFormat(""0206 BC"", ""yyyy G"");
  219 |   expect(dt.year).toEqual(-206);"
/home/gabriel/Disk/Research/research-javascript-test-smells/repositories/luxon/test/datetime/tokenParse.test.js,Duplicate Assert,"{'line': 219, 'column': 2, 'index': 8521}","  217 |
  218 |   dt = DateTime.fromFormat(""0206 BC"", ""yyyy G"");
> 219 |   expect(dt.year).toEqual(-206);
      |  ^ Duplicate Assert
  220 |
  221 |   dt = DateTime.fromFormat(""0206 Before Christ"", ""yyyy GG"");
  222 |   expect(dt.year).toEqual(-206);"
/home/gabriel/Disk/Research/research-javascript-test-smells/repositories/luxon/test/datetime/tokenParse.test.js,Duplicate Assert,"{'line': 219, 'column': 2, 'index': 8521}","  217 |
  218 |   dt = DateTime.fromFormat(""0206 BC"", ""yyyy G"");
> 219 |   expect(dt.year).toEqual(-206);
      |  ^ Duplicate Assert
  220 |
  221 |   dt = DateTime.fromFormat(""0206 Before Christ"", ""yyyy GG"");
  222 |   expect(dt.year).toEqual(-206);"
/home/gabriel/Disk/Research/research-javascript-test-smells/repositories/luxon/test/datetime/tokenParse.test.js,Duplicate Assert,"{'line': 222, 'column': 2, 'index': 8616}","  220 |
  221 |   dt = DateTime.fromFormat(""0206 Before Christ"", ""yyyy GG"");
> 222 |   expect(dt.year).toEqual(-206);
      |  ^ Duplicate Assert
  223 | });
  224 |
  225 | test(""DateTime.fromFormat() parses variable-length days"", () => {"
/home/gabriel/Disk/Research/research-javascript-test-smells/repositories/luxon/test/datetime/tokenParse.test.js,Duplicate Assert,"{'line': 222, 'column': 2, 'index': 8616}","  220 |
  221 |   dt = DateTime.fromFormat(""0206 Before Christ"", ""yyyy GG"");
> 222 |   expect(dt.year).toEqual(-206);
      |  ^ Duplicate Assert
  223 | });
  224 |
  225 | test(""DateTime.fromFormat() parses variable-length days"", () => {"
/home/gabriel/Disk/Research/research-javascript-test-smells/repositories/luxon/test/datetime/tokenParse.test.js,Duplicate Assert,"{'line': 227, 'column': 2, 'index': 8781}","  225 | test(""DateTime.fromFormat() parses variable-length days"", () => {
  226 |   let i = DateTime.fromFormat(""Mar 3, 2020"", ""MMM d, yyyy"");
> 227 |   expect(i.day).toBe(3);
      |  ^ Duplicate Assert
  228 |
  229 |   i = DateTime.fromFormat(""Mar 13, 2020"", ""MMM d, yyyy"");
  230 |   expect(i.day).toBe(13);"
/home/gabriel/Disk/Research/research-javascript-test-smells/repositories/luxon/test/datetime/tokenParse.test.js,Duplicate Assert,"{'line': 230, 'column': 2, 'index': 8865}","  228 |
  229 |   i = DateTime.fromFormat(""Mar 13, 2020"", ""MMM d, yyyy"");
> 230 |   expect(i.day).toBe(13);
      |  ^ Duplicate Assert
  231 | });
  232 |
  233 | test(""DateTime.fromFormat() parses fixed-length days"", () => {"
/home/gabriel/Disk/Research/research-javascript-test-smells/repositories/luxon/test/datetime/tokenParse.test.js,Duplicate Assert,"{'line': 235, 'column': 2, 'index': 9022}","  233 | test(""DateTime.fromFormat() parses fixed-length days"", () => {
  234 |   let i = DateTime.fromFormat(""Mar 03, 2020"", ""MMM dd, yyyy"");
> 235 |   expect(i.day).toBe(3);
      |  ^ Duplicate Assert
  236 |
  237 |   i = DateTime.fromFormat(""Mar 13, 2020"", ""MMM dd, yyyy"");
  238 |   expect(i.day).toBe(13);"
/home/gabriel/Disk/Research/research-javascript-test-smells/repositories/luxon/test/datetime/tokenParse.test.js,Duplicate Assert,"{'line': 238, 'column': 2, 'index': 9107}","  236 |
  237 |   i = DateTime.fromFormat(""Mar 13, 2020"", ""MMM dd, yyyy"");
> 238 |   expect(i.day).toBe(13);
      |  ^ Duplicate Assert
  239 | });
  240 |
  241 | test(""DateTime.fromFormat() parses standalone month names"", () => {"
/home/gabriel/Disk/Research/research-javascript-test-smells/repositories/luxon/test/datetime/tokenParse.test.js,Duplicate Assert,"{'line': 243, 'column': 2, 'index': 9268}","  241 | test(""DateTime.fromFormat() parses standalone month names"", () => {
  242 |   let i = DateTime.fromFormat(""May 25 1982"", ""LLLL dd yyyy"");
> 243 |   expect(i.year).toBe(1982);
      |  ^ Duplicate Assert
  244 |   expect(i.month).toBe(5);
  245 |   expect(i.day).toBe(25);
  246 |"
/home/gabriel/Disk/Research/research-javascript-test-smells/repositories/luxon/test/datetime/tokenParse.test.js,Duplicate Assert,"{'line': 243, 'column': 2, 'index': 9268}","  241 | test(""DateTime.fromFormat() parses standalone month names"", () => {
  242 |   let i = DateTime.fromFormat(""May 25 1982"", ""LLLL dd yyyy"");
> 243 |   expect(i.year).toBe(1982);
      |  ^ Duplicate Assert
  244 |   expect(i.month).toBe(5);
  245 |   expect(i.day).toBe(25);
  246 |"
/home/gabriel/Disk/Research/research-javascript-test-smells/repositories/luxon/test/datetime/tokenParse.test.js,Duplicate Assert,"{'line': 244, 'column': 2, 'index': 9297}","  242 |   let i = DateTime.fromFormat(""May 25 1982"", ""LLLL dd yyyy"");
  243 |   expect(i.year).toBe(1982);
> 244 |   expect(i.month).toBe(5);
      |  ^ Duplicate Assert
  245 |   expect(i.day).toBe(25);
  246 |
  247 |   i = DateTime.fromFormat(""Sep 25 1982"", ""LLL dd yyyy"");"
/home/gabriel/Disk/Research/research-javascript-test-smells/repositories/luxon/test/datetime/tokenParse.test.js,Duplicate Assert,"{'line': 244, 'column': 2, 'index': 9297}","  242 |   let i = DateTime.fromFormat(""May 25 1982"", ""LLLL dd yyyy"");
  243 |   expect(i.year).toBe(1982);
> 244 |   expect(i.month).toBe(5);
      |  ^ Duplicate Assert
  245 |   expect(i.day).toBe(25);
  246 |
  247 |   i = DateTime.fromFormat(""Sep 25 1982"", ""LLL dd yyyy"");"
/home/gabriel/Disk/Research/research-javascript-test-smells/repositories/luxon/test/datetime/tokenParse.test.js,Duplicate Assert,"{'line': 245, 'column': 2, 'index': 9324}","  243 |   expect(i.year).toBe(1982);
  244 |   expect(i.month).toBe(5);
> 245 |   expect(i.day).toBe(25);
      |  ^ Duplicate Assert
  246 |
  247 |   i = DateTime.fromFormat(""Sep 25 1982"", ""LLL dd yyyy"");
  248 |   expect(i.year).toBe(1982);"
/home/gabriel/Disk/Research/research-javascript-test-smells/repositories/luxon/test/datetime/tokenParse.test.js,Duplicate Assert,"{'line': 245, 'column': 2, 'index': 9324}","  243 |   expect(i.year).toBe(1982);
  244 |   expect(i.month).toBe(5);
> 245 |   expect(i.day).toBe(25);
      |  ^ Duplicate Assert
  246 |
  247 |   i = DateTime.fromFormat(""Sep 25 1982"", ""LLL dd yyyy"");
  248 |   expect(i.year).toBe(1982);"
/home/gabriel/Disk/Research/research-javascript-test-smells/repositories/luxon/test/datetime/tokenParse.test.js,Duplicate Assert,"{'line': 248, 'column': 2, 'index': 9408}","  246 |
  247 |   i = DateTime.fromFormat(""Sep 25 1982"", ""LLL dd yyyy"");
> 248 |   expect(i.year).toBe(1982);
      |  ^ Duplicate Assert
  249 |   expect(i.month).toBe(9);
  250 |   expect(i.day).toBe(25);
  251 |"
/home/gabriel/Disk/Research/research-javascript-test-smells/repositories/luxon/test/datetime/tokenParse.test.js,Duplicate Assert,"{'line': 248, 'column': 2, 'index': 9408}","  246 |
  247 |   i = DateTime.fromFormat(""Sep 25 1982"", ""LLL dd yyyy"");
> 248 |   expect(i.year).toBe(1982);
      |  ^ Duplicate Assert
  249 |   expect(i.month).toBe(9);
  250 |   expect(i.day).toBe(25);
  251 |"
/home/gabriel/Disk/Research/research-javascript-test-smells/repositories/luxon/test/datetime/tokenParse.test.js,Duplicate Assert,"{'line': 249, 'column': 2, 'index': 9437}","  247 |   i = DateTime.fromFormat(""Sep 25 1982"", ""LLL dd yyyy"");
  248 |   expect(i.year).toBe(1982);
> 249 |   expect(i.month).toBe(9);
      |  ^ Duplicate Assert
  250 |   expect(i.day).toBe(25);
  251 |
  252 |   i = DateTime.fromFormat(""5 25 1982"", ""L dd yyyy"");"
/home/gabriel/Disk/Research/research-javascript-test-smells/repositories/luxon/test/datetime/tokenParse.test.js,Duplicate Assert,"{'line': 250, 'column': 2, 'index': 9464}","  248 |   expect(i.year).toBe(1982);
  249 |   expect(i.month).toBe(9);
> 250 |   expect(i.day).toBe(25);
      |  ^ Duplicate Assert
  251 |
  252 |   i = DateTime.fromFormat(""5 25 1982"", ""L dd yyyy"");
  253 |   expect(i.year).toBe(1982);"
/home/gabriel/Disk/Research/research-javascript-test-smells/repositories/luxon/test/datetime/tokenParse.test.js,Duplicate Assert,"{'line': 250, 'column': 2, 'index': 9464}","  248 |   expect(i.year).toBe(1982);
  249 |   expect(i.month).toBe(9);
> 250 |   expect(i.day).toBe(25);
      |  ^ Duplicate Assert
  251 |
  252 |   i = DateTime.fromFormat(""5 25 1982"", ""L dd yyyy"");
  253 |   expect(i.year).toBe(1982);"
/home/gabriel/Disk/Research/research-javascript-test-smells/repositories/luxon/test/datetime/tokenParse.test.js,Duplicate Assert,"{'line': 253, 'column': 2, 'index': 9544}","  251 |
  252 |   i = DateTime.fromFormat(""5 25 1982"", ""L dd yyyy"");
> 253 |   expect(i.year).toBe(1982);
      |  ^ Duplicate Assert
  254 |   expect(i.month).toBe(5);
  255 |   expect(i.day).toBe(25);
  256 |"
/home/gabriel/Disk/Research/research-javascript-test-smells/repositories/luxon/test/datetime/tokenParse.test.js,Duplicate Assert,"{'line': 253, 'column': 2, 'index': 9544}","  251 |
  252 |   i = DateTime.fromFormat(""5 25 1982"", ""L dd yyyy"");
> 253 |   expect(i.year).toBe(1982);
      |  ^ Duplicate Assert
  254 |   expect(i.month).toBe(5);
  255 |   expect(i.day).toBe(25);
  256 |"
/home/gabriel/Disk/Research/research-javascript-test-smells/repositories/luxon/test/datetime/tokenParse.test.js,Duplicate Assert,"{'line': 254, 'column': 2, 'index': 9573}","  252 |   i = DateTime.fromFormat(""5 25 1982"", ""L dd yyyy"");
  253 |   expect(i.year).toBe(1982);
> 254 |   expect(i.month).toBe(5);
      |  ^ Duplicate Assert
  255 |   expect(i.day).toBe(25);
  256 |
  257 |   i = DateTime.fromFormat(""05 25 1982"", ""LL dd yyyy"");"
/home/gabriel/Disk/Research/research-javascript-test-smells/repositories/luxon/test/datetime/tokenParse.test.js,Duplicate Assert,"{'line': 254, 'column': 2, 'index': 9573}","  252 |   i = DateTime.fromFormat(""5 25 1982"", ""L dd yyyy"");
  253 |   expect(i.year).toBe(1982);
> 254 |   expect(i.month).toBe(5);
      |  ^ Duplicate Assert
  255 |   expect(i.day).toBe(25);
  256 |
  257 |   i = DateTime.fromFormat(""05 25 1982"", ""LL dd yyyy"");"
/home/gabriel/Disk/Research/research-javascript-test-smells/repositories/luxon/test/datetime/tokenParse.test.js,Duplicate Assert,"{'line': 255, 'column': 2, 'index': 9600}","  253 |   expect(i.year).toBe(1982);
  254 |   expect(i.month).toBe(5);
> 255 |   expect(i.day).toBe(25);
      |  ^ Duplicate Assert
  256 |
  257 |   i = DateTime.fromFormat(""05 25 1982"", ""LL dd yyyy"");
  258 |   expect(i.year).toBe(1982);"
/home/gabriel/Disk/Research/research-javascript-test-smells/repositories/luxon/test/datetime/tokenParse.test.js,Duplicate Assert,"{'line': 255, 'column': 2, 'index': 9600}","  253 |   expect(i.year).toBe(1982);
  254 |   expect(i.month).toBe(5);
> 255 |   expect(i.day).toBe(25);
      |  ^ Duplicate Assert
  256 |
  257 |   i = DateTime.fromFormat(""05 25 1982"", ""LL dd yyyy"");
  258 |   expect(i.year).toBe(1982);"
/home/gabriel/Disk/Research/research-javascript-test-smells/repositories/luxon/test/datetime/tokenParse.test.js,Duplicate Assert,"{'line': 258, 'column': 2, 'index': 9682}","  256 |
  257 |   i = DateTime.fromFormat(""05 25 1982"", ""LL dd yyyy"");
> 258 |   expect(i.year).toBe(1982);
      |  ^ Duplicate Assert
  259 |   expect(i.month).toBe(5);
  260 |   expect(i.day).toBe(25);
  261 |"
/home/gabriel/Disk/Research/research-javascript-test-smells/repositories/luxon/test/datetime/tokenParse.test.js,Duplicate Assert,"{'line': 258, 'column': 2, 'index': 9682}","  256 |
  257 |   i = DateTime.fromFormat(""05 25 1982"", ""LL dd yyyy"");
> 258 |   expect(i.year).toBe(1982);
      |  ^ Duplicate Assert
  259 |   expect(i.month).toBe(5);
  260 |   expect(i.day).toBe(25);
  261 |"
/home/gabriel/Disk/Research/research-javascript-test-smells/repositories/luxon/test/datetime/tokenParse.test.js,Duplicate Assert,"{'line': 259, 'column': 2, 'index': 9711}","  257 |   i = DateTime.fromFormat(""05 25 1982"", ""LL dd yyyy"");
  258 |   expect(i.year).toBe(1982);
> 259 |   expect(i.month).toBe(5);
      |  ^ Duplicate Assert
  260 |   expect(i.day).toBe(25);
  261 |
  262 |   i = DateTime.fromFormat(""mai 25 1982"", ""LLLL dd yyyy"", { locale: ""fr"" });"
/home/gabriel/Disk/Research/research-javascript-test-smells/repositories/luxon/test/datetime/tokenParse.test.js,Duplicate Assert,"{'line': 259, 'column': 2, 'index': 9711}","  257 |   i = DateTime.fromFormat(""05 25 1982"", ""LL dd yyyy"");
  258 |   expect(i.year).toBe(1982);
> 259 |   expect(i.month).toBe(5);
      |  ^ Duplicate Assert
  260 |   expect(i.day).toBe(25);
  261 |
  262 |   i = DateTime.fromFormat(""mai 25 1982"", ""LLLL dd yyyy"", { locale: ""fr"" });"
/home/gabriel/Disk/Research/research-javascript-test-smells/repositories/luxon/test/datetime/tokenParse.test.js,Duplicate Assert,"{'line': 260, 'column': 2, 'index': 9738}","  258 |   expect(i.year).toBe(1982);
  259 |   expect(i.month).toBe(5);
> 260 |   expect(i.day).toBe(25);
      |  ^ Duplicate Assert
  261 |
  262 |   i = DateTime.fromFormat(""mai 25 1982"", ""LLLL dd yyyy"", { locale: ""fr"" });
  263 |   expect(i.year).toBe(1982);"
/home/gabriel/Disk/Research/research-javascript-test-smells/repositories/luxon/test/datetime/tokenParse.test.js,Duplicate Assert,"{'line': 260, 'column': 2, 'index': 9738}","  258 |   expect(i.year).toBe(1982);
  259 |   expect(i.month).toBe(5);
> 260 |   expect(i.day).toBe(25);
      |  ^ Duplicate Assert
  261 |
  262 |   i = DateTime.fromFormat(""mai 25 1982"", ""LLLL dd yyyy"", { locale: ""fr"" });
  263 |   expect(i.year).toBe(1982);"
/home/gabriel/Disk/Research/research-javascript-test-smells/repositories/luxon/test/datetime/tokenParse.test.js,Duplicate Assert,"{'line': 263, 'column': 2, 'index': 9841}","  261 |
  262 |   i = DateTime.fromFormat(""mai 25 1982"", ""LLLL dd yyyy"", { locale: ""fr"" });
> 263 |   expect(i.year).toBe(1982);
      |  ^ Duplicate Assert
  264 |   expect(i.month).toBe(5);
  265 |   expect(i.day).toBe(25);
  266 |"
/home/gabriel/Disk/Research/research-javascript-test-smells/repositories/luxon/test/datetime/tokenParse.test.js,Duplicate Assert,"{'line': 263, 'column': 2, 'index': 9841}","  261 |
  262 |   i = DateTime.fromFormat(""mai 25 1982"", ""LLLL dd yyyy"", { locale: ""fr"" });
> 263 |   expect(i.year).toBe(1982);
      |  ^ Duplicate Assert
  264 |   expect(i.month).toBe(5);
  265 |   expect(i.day).toBe(25);
  266 |"
/home/gabriel/Disk/Research/research-javascript-test-smells/repositories/luxon/test/datetime/tokenParse.test.js,Duplicate Assert,"{'line': 264, 'column': 2, 'index': 9870}","  262 |   i = DateTime.fromFormat(""mai 25 1982"", ""LLLL dd yyyy"", { locale: ""fr"" });
  263 |   expect(i.year).toBe(1982);
> 264 |   expect(i.month).toBe(5);
      |  ^ Duplicate Assert
  265 |   expect(i.day).toBe(25);
  266 |
  267 |   i = DateTime.fromFormat(""janv. 25 1982"", ""LLL dd yyyy"", { locale: ""fr"" });"
/home/gabriel/Disk/Research/research-javascript-test-smells/repositories/luxon/test/datetime/tokenParse.test.js,Duplicate Assert,"{'line': 264, 'column': 2, 'index': 9870}","  262 |   i = DateTime.fromFormat(""mai 25 1982"", ""LLLL dd yyyy"", { locale: ""fr"" });
  263 |   expect(i.year).toBe(1982);
> 264 |   expect(i.month).toBe(5);
      |  ^ Duplicate Assert
  265 |   expect(i.day).toBe(25);
  266 |
  267 |   i = DateTime.fromFormat(""janv. 25 1982"", ""LLL dd yyyy"", { locale: ""fr"" });"
/home/gabriel/Disk/Research/research-javascript-test-smells/repositories/luxon/test/datetime/tokenParse.test.js,Duplicate Assert,"{'line': 265, 'column': 2, 'index': 9897}","  263 |   expect(i.year).toBe(1982);
  264 |   expect(i.month).toBe(5);
> 265 |   expect(i.day).toBe(25);
      |  ^ Duplicate Assert
  266 |
  267 |   i = DateTime.fromFormat(""janv. 25 1982"", ""LLL dd yyyy"", { locale: ""fr"" });
  268 |   expect(i.year).toBe(1982);"
/home/gabriel/Disk/Research/research-javascript-test-smells/repositories/luxon/test/datetime/tokenParse.test.js,Duplicate Assert,"{'line': 265, 'column': 2, 'index': 9897}","  263 |   expect(i.year).toBe(1982);
  264 |   expect(i.month).toBe(5);
> 265 |   expect(i.day).toBe(25);
      |  ^ Duplicate Assert
  266 |
  267 |   i = DateTime.fromFormat(""janv. 25 1982"", ""LLL dd yyyy"", { locale: ""fr"" });
  268 |   expect(i.year).toBe(1982);"
/home/gabriel/Disk/Research/research-javascript-test-smells/repositories/luxon/test/datetime/tokenParse.test.js,Duplicate Assert,"{'line': 268, 'column': 2, 'index': 10001}","  266 |
  267 |   i = DateTime.fromFormat(""janv. 25 1982"", ""LLL dd yyyy"", { locale: ""fr"" });
> 268 |   expect(i.year).toBe(1982);
      |  ^ Duplicate Assert
  269 |   expect(i.month).toBe(1);
  270 |   expect(i.day).toBe(25);
  271 | });"
/home/gabriel/Disk/Research/research-javascript-test-smells/repositories/luxon/test/datetime/tokenParse.test.js,Duplicate Assert,"{'line': 268, 'column': 2, 'index': 10001}","  266 |
  267 |   i = DateTime.fromFormat(""janv. 25 1982"", ""LLL dd yyyy"", { locale: ""fr"" });
> 268 |   expect(i.year).toBe(1982);
      |  ^ Duplicate Assert
  269 |   expect(i.month).toBe(1);
  270 |   expect(i.day).toBe(25);
  271 | });"
/home/gabriel/Disk/Research/research-javascript-test-smells/repositories/luxon/test/datetime/tokenParse.test.js,Duplicate Assert,"{'line': 269, 'column': 2, 'index': 10030}","  267 |   i = DateTime.fromFormat(""janv. 25 1982"", ""LLL dd yyyy"", { locale: ""fr"" });
  268 |   expect(i.year).toBe(1982);
> 269 |   expect(i.month).toBe(1);
      |  ^ Duplicate Assert
  270 |   expect(i.day).toBe(25);
  271 | });
  272 |"
/home/gabriel/Disk/Research/research-javascript-test-smells/repositories/luxon/test/datetime/tokenParse.test.js,Duplicate Assert,"{'line': 270, 'column': 2, 'index': 10057}","  268 |   expect(i.year).toBe(1982);
  269 |   expect(i.month).toBe(1);
> 270 |   expect(i.day).toBe(25);
      |  ^ Duplicate Assert
  271 | });
  272 |
  273 | describe(""DateTime.fromFormat() parses format month names"", () => {"
/home/gabriel/Disk/Research/research-javascript-test-smells/repositories/luxon/test/datetime/tokenParse.test.js,Duplicate Assert,"{'line': 270, 'column': 2, 'index': 10057}","  268 |   expect(i.year).toBe(1982);
  269 |   expect(i.month).toBe(1);
> 270 |   expect(i.day).toBe(25);
      |  ^ Duplicate Assert
  271 | });
  272 |
  273 | describe(""DateTime.fromFormat() parses format month names"", () => {"
/home/gabriel/Disk/Research/research-javascript-test-smells/repositories/luxon/test/datetime/tokenParse.test.js,Duplicate Assert,"{'line': 345, 'column': 2, 'index': 12771}","  343 | test(""DateTime.fromFormat() validates weekday names"", () => {
  344 |   let d = DateTime.fromFormat(""Tuesday, 05/25/1982"", ""EEEE, LL/dd/yyyy"");
> 345 |   expect(d.isValid).toBe(true);
      |  ^ Duplicate Assert
  346 |   expect(d.year).toBe(1982);
  347 |   expect(d.month).toBe(5);
  348 |   expect(d.day).toBe(25);"
/home/gabriel/Disk/Research/research-javascript-test-smells/repositories/luxon/test/datetime/tokenParse.test.js,Duplicate Assert,"{'line': 345, 'column': 2, 'index': 12771}","  343 | test(""DateTime.fromFormat() validates weekday names"", () => {
  344 |   let d = DateTime.fromFormat(""Tuesday, 05/25/1982"", ""EEEE, LL/dd/yyyy"");
> 345 |   expect(d.isValid).toBe(true);
      |  ^ Duplicate Assert
  346 |   expect(d.year).toBe(1982);
  347 |   expect(d.month).toBe(5);
  348 |   expect(d.day).toBe(25);"
/home/gabriel/Disk/Research/research-javascript-test-smells/repositories/luxon/test/datetime/tokenParse.test.js,Duplicate Assert,"{'line': 346, 'column': 2, 'index': 12803}","  344 |   let d = DateTime.fromFormat(""Tuesday, 05/25/1982"", ""EEEE, LL/dd/yyyy"");
  345 |   expect(d.isValid).toBe(true);
> 346 |   expect(d.year).toBe(1982);
      |  ^ Duplicate Assert
  347 |   expect(d.month).toBe(5);
  348 |   expect(d.day).toBe(25);
  349 |"
/home/gabriel/Disk/Research/research-javascript-test-smells/repositories/luxon/test/datetime/tokenParse.test.js,Duplicate Assert,"{'line': 346, 'column': 2, 'index': 12803}","  344 |   let d = DateTime.fromFormat(""Tuesday, 05/25/1982"", ""EEEE, LL/dd/yyyy"");
  345 |   expect(d.isValid).toBe(true);
> 346 |   expect(d.year).toBe(1982);
      |  ^ Duplicate Assert
  347 |   expect(d.month).toBe(5);
  348 |   expect(d.day).toBe(25);
  349 |"
/home/gabriel/Disk/Research/research-javascript-test-smells/repositories/luxon/test/datetime/tokenParse.test.js,Duplicate Assert,"{'line': 347, 'column': 2, 'index': 12832}","  345 |   expect(d.isValid).toBe(true);
  346 |   expect(d.year).toBe(1982);
> 347 |   expect(d.month).toBe(5);
      |  ^ Duplicate Assert
  348 |   expect(d.day).toBe(25);
  349 |
  350 |   d = DateTime.fromFormat(""Monday, 05/25/1982"", ""EEEE, LL/dd/yyyy"");"
/home/gabriel/Disk/Research/research-javascript-test-smells/repositories/luxon/test/datetime/tokenParse.test.js,Duplicate Assert,"{'line': 347, 'column': 2, 'index': 12832}","  345 |   expect(d.isValid).toBe(true);
  346 |   expect(d.year).toBe(1982);
> 347 |   expect(d.month).toBe(5);
      |  ^ Duplicate Assert
  348 |   expect(d.day).toBe(25);
  349 |
  350 |   d = DateTime.fromFormat(""Monday, 05/25/1982"", ""EEEE, LL/dd/yyyy"");"
/home/gabriel/Disk/Research/research-javascript-test-smells/repositories/luxon/test/datetime/tokenParse.test.js,Duplicate Assert,"{'line': 348, 'column': 2, 'index': 12859}","  346 |   expect(d.year).toBe(1982);
  347 |   expect(d.month).toBe(5);
> 348 |   expect(d.day).toBe(25);
      |  ^ Duplicate Assert
  349 |
  350 |   d = DateTime.fromFormat(""Monday, 05/25/1982"", ""EEEE, LL/dd/yyyy"");
  351 |   expect(d.isValid).toBeFalsy();"
/home/gabriel/Disk/Research/research-javascript-test-smells/repositories/luxon/test/datetime/tokenParse.test.js,Duplicate Assert,"{'line': 348, 'column': 2, 'index': 12859}","  346 |   expect(d.year).toBe(1982);
  347 |   expect(d.month).toBe(5);
> 348 |   expect(d.day).toBe(25);
      |  ^ Duplicate Assert
  349 |
  350 |   d = DateTime.fromFormat(""Monday, 05/25/1982"", ""EEEE, LL/dd/yyyy"");
  351 |   expect(d.isValid).toBeFalsy();"
/home/gabriel/Disk/Research/research-javascript-test-smells/repositories/luxon/test/datetime/tokenParse.test.js,Duplicate Assert,"{'line': 351, 'column': 2, 'index': 12955}","  349 |
  350 |   d = DateTime.fromFormat(""Monday, 05/25/1982"", ""EEEE, LL/dd/yyyy"");
> 351 |   expect(d.isValid).toBeFalsy();
      |  ^ Duplicate Assert
  352 |
  353 |   d = DateTime.fromFormat(""mardi, 05/25/1982"", ""EEEE, LL/dd/yyyy"", {
  354 |     locale: ""fr"","
/home/gabriel/Disk/Research/research-javascript-test-smells/repositories/luxon/test/datetime/tokenParse.test.js,Duplicate Assert,"{'line': 356, 'column': 2, 'index': 13082}","  354 |     locale: ""fr"",
  355 |   });
> 356 |   expect(d.isValid).toBe(true);
      |  ^ Duplicate Assert
  357 |   expect(d.year).toBe(1982);
  358 |   expect(d.month).toBe(5);
  359 |   expect(d.day).toBe(25);"
/home/gabriel/Disk/Research/research-javascript-test-smells/repositories/luxon/test/datetime/tokenParse.test.js,Duplicate Assert,"{'line': 356, 'column': 2, 'index': 13082}","  354 |     locale: ""fr"",
  355 |   });
> 356 |   expect(d.isValid).toBe(true);
      |  ^ Duplicate Assert
  357 |   expect(d.year).toBe(1982);
  358 |   expect(d.month).toBe(5);
  359 |   expect(d.day).toBe(25);"
/home/gabriel/Disk/Research/research-javascript-test-smells/repositories/luxon/test/datetime/tokenParse.test.js,Duplicate Assert,"{'line': 357, 'column': 2, 'index': 13114}","  355 |   });
  356 |   expect(d.isValid).toBe(true);
> 357 |   expect(d.year).toBe(1982);
      |  ^ Duplicate Assert
  358 |   expect(d.month).toBe(5);
  359 |   expect(d.day).toBe(25);
  360 | });"
/home/gabriel/Disk/Research/research-javascript-test-smells/repositories/luxon/test/datetime/tokenParse.test.js,Duplicate Assert,"{'line': 357, 'column': 2, 'index': 13114}","  355 |   });
  356 |   expect(d.isValid).toBe(true);
> 357 |   expect(d.year).toBe(1982);
      |  ^ Duplicate Assert
  358 |   expect(d.month).toBe(5);
  359 |   expect(d.day).toBe(25);
  360 | });"
/home/gabriel/Disk/Research/research-javascript-test-smells/repositories/luxon/test/datetime/tokenParse.test.js,Duplicate Assert,"{'line': 358, 'column': 2, 'index': 13143}","  356 |   expect(d.isValid).toBe(true);
  357 |   expect(d.year).toBe(1982);
> 358 |   expect(d.month).toBe(5);
      |  ^ Duplicate Assert
  359 |   expect(d.day).toBe(25);
  360 | });
  361 |"
/home/gabriel/Disk/Research/research-javascript-test-smells/repositories/luxon/test/datetime/tokenParse.test.js,Duplicate Assert,"{'line': 358, 'column': 2, 'index': 13143}","  356 |   expect(d.isValid).toBe(true);
  357 |   expect(d.year).toBe(1982);
> 358 |   expect(d.month).toBe(5);
      |  ^ Duplicate Assert
  359 |   expect(d.day).toBe(25);
  360 | });
  361 |"
/home/gabriel/Disk/Research/research-javascript-test-smells/repositories/luxon/test/datetime/tokenParse.test.js,Duplicate Assert,"{'line': 359, 'column': 2, 'index': 13170}","  357 |   expect(d.year).toBe(1982);
  358 |   expect(d.month).toBe(5);
> 359 |   expect(d.day).toBe(25);
      |  ^ Duplicate Assert
  360 | });
  361 |
  362 | test(""DateTime.fromFormat() defaults weekday to this week"", () => {"
/home/gabriel/Disk/Research/research-javascript-test-smells/repositories/luxon/test/datetime/tokenParse.test.js,Duplicate Assert,"{'line': 359, 'column': 2, 'index': 13170}","  357 |   expect(d.year).toBe(1982);
  358 |   expect(d.month).toBe(5);
> 359 |   expect(d.day).toBe(25);
      |  ^ Duplicate Assert
  360 | });
  361 |
  362 | test(""DateTime.fromFormat() defaults weekday to this week"", () => {"
/home/gabriel/Disk/Research/research-javascript-test-smells/repositories/luxon/test/datetime/tokenParse.test.js,Duplicate Assert,"{'line': 377, 'column': 2, 'index': 13738}","  375 | test(""DateTime.fromFormat() parses ordinals"", () => {
  376 |   let d = DateTime.fromFormat(""2016 200"", ""yyyy ooo"");
> 377 |   expect(d.year).toBe(2016);
      |  ^ Duplicate Assert
  378 |   expect(d.ordinal).toBe(200);
  379 |
  380 |   d = DateTime.fromFormat(""2016 200"", ""yyyy ooo"");"
/home/gabriel/Disk/Research/research-javascript-test-smells/repositories/luxon/test/datetime/tokenParse.test.js,Duplicate Assert,"{'line': 377, 'column': 2, 'index': 13738}","  375 | test(""DateTime.fromFormat() parses ordinals"", () => {
  376 |   let d = DateTime.fromFormat(""2016 200"", ""yyyy ooo"");
> 377 |   expect(d.year).toBe(2016);
      |  ^ Duplicate Assert
  378 |   expect(d.ordinal).toBe(200);
  379 |
  380 |   d = DateTime.fromFormat(""2016 200"", ""yyyy ooo"");"
/home/gabriel/Disk/Research/research-javascript-test-smells/repositories/luxon/test/datetime/tokenParse.test.js,Duplicate Assert,"{'line': 378, 'column': 2, 'index': 13767}","  376 |   let d = DateTime.fromFormat(""2016 200"", ""yyyy ooo"");
  377 |   expect(d.year).toBe(2016);
> 378 |   expect(d.ordinal).toBe(200);
      |  ^ Duplicate Assert
  379 |
  380 |   d = DateTime.fromFormat(""2016 200"", ""yyyy ooo"");
  381 |   expect(d.year).toBe(2016);"
/home/gabriel/Disk/Research/research-javascript-test-smells/repositories/luxon/test/datetime/tokenParse.test.js,Duplicate Assert,"{'line': 378, 'column': 2, 'index': 13767}","  376 |   let d = DateTime.fromFormat(""2016 200"", ""yyyy ooo"");
  377 |   expect(d.year).toBe(2016);
> 378 |   expect(d.ordinal).toBe(200);
      |  ^ Duplicate Assert
  379 |
  380 |   d = DateTime.fromFormat(""2016 200"", ""yyyy ooo"");
  381 |   expect(d.year).toBe(2016);"
/home/gabriel/Disk/Research/research-javascript-test-smells/repositories/luxon/test/datetime/tokenParse.test.js,Duplicate Assert,"{'line': 381, 'column': 2, 'index': 13850}","  379 |
  380 |   d = DateTime.fromFormat(""2016 200"", ""yyyy ooo"");
> 381 |   expect(d.year).toBe(2016);
      |  ^ Duplicate Assert
  382 |   expect(d.ordinal).toBe(200);
  383 |
  384 |   d = DateTime.fromFormat(""2016 016"", ""yyyy ooo"");"
/home/gabriel/Disk/Research/research-javascript-test-smells/repositories/luxon/test/datetime/tokenParse.test.js,Duplicate Assert,"{'line': 381, 'column': 2, 'index': 13850}","  379 |
  380 |   d = DateTime.fromFormat(""2016 200"", ""yyyy ooo"");
> 381 |   expect(d.year).toBe(2016);
      |  ^ Duplicate Assert
  382 |   expect(d.ordinal).toBe(200);
  383 |
  384 |   d = DateTime.fromFormat(""2016 016"", ""yyyy ooo"");"
/home/gabriel/Disk/Research/research-javascript-test-smells/repositories/luxon/test/datetime/tokenParse.test.js,Duplicate Assert,"{'line': 382, 'column': 2, 'index': 13879}","  380 |   d = DateTime.fromFormat(""2016 200"", ""yyyy ooo"");
  381 |   expect(d.year).toBe(2016);
> 382 |   expect(d.ordinal).toBe(200);
      |  ^ Duplicate Assert
  383 |
  384 |   d = DateTime.fromFormat(""2016 016"", ""yyyy ooo"");
  385 |   expect(d.year).toBe(2016);"
/home/gabriel/Disk/Research/research-javascript-test-smells/repositories/luxon/test/datetime/tokenParse.test.js,Duplicate Assert,"{'line': 382, 'column': 2, 'index': 13879}","  380 |   d = DateTime.fromFormat(""2016 200"", ""yyyy ooo"");
  381 |   expect(d.year).toBe(2016);
> 382 |   expect(d.ordinal).toBe(200);
      |  ^ Duplicate Assert
  383 |
  384 |   d = DateTime.fromFormat(""2016 016"", ""yyyy ooo"");
  385 |   expect(d.year).toBe(2016);"
/home/gabriel/Disk/Research/research-javascript-test-smells/repositories/luxon/test/datetime/tokenParse.test.js,Duplicate Assert,"{'line': 385, 'column': 2, 'index': 13962}","  383 |
  384 |   d = DateTime.fromFormat(""2016 016"", ""yyyy ooo"");
> 385 |   expect(d.year).toBe(2016);
      |  ^ Duplicate Assert
  386 |   expect(d.ordinal).toBe(16);
  387 |
  388 |   d = DateTime.fromFormat(""2016 200"", ""yyyy o"");"
/home/gabriel/Disk/Research/research-javascript-test-smells/repositories/luxon/test/datetime/tokenParse.test.js,Duplicate Assert,"{'line': 385, 'column': 2, 'index': 13962}","  383 |
  384 |   d = DateTime.fromFormat(""2016 016"", ""yyyy ooo"");
> 385 |   expect(d.year).toBe(2016);
      |  ^ Duplicate Assert
  386 |   expect(d.ordinal).toBe(16);
  387 |
  388 |   d = DateTime.fromFormat(""2016 200"", ""yyyy o"");"
/home/gabriel/Disk/Research/research-javascript-test-smells/repositories/luxon/test/datetime/tokenParse.test.js,Duplicate Assert,"{'line': 386, 'column': 2, 'index': 13991}","  384 |   d = DateTime.fromFormat(""2016 016"", ""yyyy ooo"");
  385 |   expect(d.year).toBe(2016);
> 386 |   expect(d.ordinal).toBe(16);
      |  ^ Duplicate Assert
  387 |
  388 |   d = DateTime.fromFormat(""2016 200"", ""yyyy o"");
  389 |   expect(d.year).toBe(2016);"
/home/gabriel/Disk/Research/research-javascript-test-smells/repositories/luxon/test/datetime/tokenParse.test.js,Duplicate Assert,"{'line': 386, 'column': 2, 'index': 13991}","  384 |   d = DateTime.fromFormat(""2016 016"", ""yyyy ooo"");
  385 |   expect(d.year).toBe(2016);
> 386 |   expect(d.ordinal).toBe(16);
      |  ^ Duplicate Assert
  387 |
  388 |   d = DateTime.fromFormat(""2016 200"", ""yyyy o"");
  389 |   expect(d.year).toBe(2016);"
/home/gabriel/Disk/Research/research-javascript-test-smells/repositories/luxon/test/datetime/tokenParse.test.js,Duplicate Assert,"{'line': 389, 'column': 2, 'index': 14071}","  387 |
  388 |   d = DateTime.fromFormat(""2016 200"", ""yyyy o"");
> 389 |   expect(d.year).toBe(2016);
      |  ^ Duplicate Assert
  390 |   expect(d.ordinal).toBe(200);
  391 |
  392 |   d = DateTime.fromFormat(""2016 16"", ""yyyy o"");"
/home/gabriel/Disk/Research/research-javascript-test-smells/repositories/luxon/test/datetime/tokenParse.test.js,Duplicate Assert,"{'line': 389, 'column': 2, 'index': 14071}","  387 |
  388 |   d = DateTime.fromFormat(""2016 200"", ""yyyy o"");
> 389 |   expect(d.year).toBe(2016);
      |  ^ Duplicate Assert
  390 |   expect(d.ordinal).toBe(200);
  391 |
  392 |   d = DateTime.fromFormat(""2016 16"", ""yyyy o"");"
/home/gabriel/Disk/Research/research-javascript-test-smells/repositories/luxon/test/datetime/tokenParse.test.js,Duplicate Assert,"{'line': 390, 'column': 2, 'index': 14100}","  388 |   d = DateTime.fromFormat(""2016 200"", ""yyyy o"");
  389 |   expect(d.year).toBe(2016);
> 390 |   expect(d.ordinal).toBe(200);
      |  ^ Duplicate Assert
  391 |
  392 |   d = DateTime.fromFormat(""2016 16"", ""yyyy o"");
  393 |   expect(d.year).toBe(2016);"
/home/gabriel/Disk/Research/research-javascript-test-smells/repositories/luxon/test/datetime/tokenParse.test.js,Duplicate Assert,"{'line': 390, 'column': 2, 'index': 14100}","  388 |   d = DateTime.fromFormat(""2016 200"", ""yyyy o"");
  389 |   expect(d.year).toBe(2016);
> 390 |   expect(d.ordinal).toBe(200);
      |  ^ Duplicate Assert
  391 |
  392 |   d = DateTime.fromFormat(""2016 16"", ""yyyy o"");
  393 |   expect(d.year).toBe(2016);"
/home/gabriel/Disk/Research/research-javascript-test-smells/repositories/luxon/test/datetime/tokenParse.test.js,Duplicate Assert,"{'line': 393, 'column': 2, 'index': 14180}","  391 |
  392 |   d = DateTime.fromFormat(""2016 16"", ""yyyy o"");
> 393 |   expect(d.year).toBe(2016);
      |  ^ Duplicate Assert
  394 |   expect(d.ordinal).toBe(16);
  395 | });
  396 |"
/home/gabriel/Disk/Research/research-javascript-test-smells/repositories/luxon/test/datetime/tokenParse.test.js,Duplicate Assert,"{'line': 393, 'column': 2, 'index': 14180}","  391 |
  392 |   d = DateTime.fromFormat(""2016 16"", ""yyyy o"");
> 393 |   expect(d.year).toBe(2016);
      |  ^ Duplicate Assert
  394 |   expect(d.ordinal).toBe(16);
  395 | });
  396 |"
/home/gabriel/Disk/Research/research-javascript-test-smells/repositories/luxon/test/datetime/tokenParse.test.js,Duplicate Assert,"{'line': 394, 'column': 2, 'index': 14209}","  392 |   d = DateTime.fromFormat(""2016 16"", ""yyyy o"");
  393 |   expect(d.year).toBe(2016);
> 394 |   expect(d.ordinal).toBe(16);
      |  ^ Duplicate Assert
  395 | });
  396 |
  397 | test(""DateTime.fromFormat() throws on mixed units"", () => {"
/home/gabriel/Disk/Research/research-javascript-test-smells/repositories/luxon/test/datetime/tokenParse.test.js,Duplicate Assert,"{'line': 394, 'column': 2, 'index': 14209}","  392 |   d = DateTime.fromFormat(""2016 16"", ""yyyy o"");
  393 |   expect(d.year).toBe(2016);
> 394 |   expect(d.ordinal).toBe(16);
      |  ^ Duplicate Assert
  395 | });
  396 |
  397 | test(""DateTime.fromFormat() throws on mixed units"", () => {"
/home/gabriel/Disk/Research/research-javascript-test-smells/repositories/luxon/test/datetime/tokenParse.test.js,Duplicate Assert,"{'line': 409, 'column': 2, 'index': 14590}","  407 | test(""DateTime.fromFormat() accepts weekYear by itself"", () => {
  408 |   let d = DateTime.fromFormat(""2004"", ""kkkk"");
> 409 |   expect(d.weekYear).toBe(2004);
      |  ^ Duplicate Assert
  410 |   expect(d.weekNumber).toBe(1);
  411 |   expect(d.weekday).toBe(1);
  412 |"
/home/gabriel/Disk/Research/research-javascript-test-smells/repositories/luxon/test/datetime/tokenParse.test.js,Duplicate Assert,"{'line': 409, 'column': 2, 'index': 14590}","  407 | test(""DateTime.fromFormat() accepts weekYear by itself"", () => {
  408 |   let d = DateTime.fromFormat(""2004"", ""kkkk"");
> 409 |   expect(d.weekYear).toBe(2004);
      |  ^ Duplicate Assert
  410 |   expect(d.weekNumber).toBe(1);
  411 |   expect(d.weekday).toBe(1);
  412 |"
/home/gabriel/Disk/Research/research-javascript-test-smells/repositories/luxon/test/datetime/tokenParse.test.js,Duplicate Assert,"{'line': 410, 'column': 2, 'index': 14623}","  408 |   let d = DateTime.fromFormat(""2004"", ""kkkk"");
  409 |   expect(d.weekYear).toBe(2004);
> 410 |   expect(d.weekNumber).toBe(1);
      |  ^ Duplicate Assert
  411 |   expect(d.weekday).toBe(1);
  412 |
  413 |   d = DateTime.fromFormat(""04"", ""kk"");"
/home/gabriel/Disk/Research/research-javascript-test-smells/repositories/luxon/test/datetime/tokenParse.test.js,Duplicate Assert,"{'line': 410, 'column': 2, 'index': 14623}","  408 |   let d = DateTime.fromFormat(""2004"", ""kkkk"");
  409 |   expect(d.weekYear).toBe(2004);
> 410 |   expect(d.weekNumber).toBe(1);
      |  ^ Duplicate Assert
  411 |   expect(d.weekday).toBe(1);
  412 |
  413 |   d = DateTime.fromFormat(""04"", ""kk"");"
/home/gabriel/Disk/Research/research-javascript-test-smells/repositories/luxon/test/datetime/tokenParse.test.js,Duplicate Assert,"{'line': 411, 'column': 2, 'index': 14655}","  409 |   expect(d.weekYear).toBe(2004);
  410 |   expect(d.weekNumber).toBe(1);
> 411 |   expect(d.weekday).toBe(1);
      |  ^ Duplicate Assert
  412 |
  413 |   d = DateTime.fromFormat(""04"", ""kk"");
  414 |   expect(d.weekYear).toBe(2004);"
/home/gabriel/Disk/Research/research-javascript-test-smells/repositories/luxon/test/datetime/tokenParse.test.js,Duplicate Assert,"{'line': 411, 'column': 2, 'index': 14655}","  409 |   expect(d.weekYear).toBe(2004);
  410 |   expect(d.weekNumber).toBe(1);
> 411 |   expect(d.weekday).toBe(1);
      |  ^ Duplicate Assert
  412 |
  413 |   d = DateTime.fromFormat(""04"", ""kk"");
  414 |   expect(d.weekYear).toBe(2004);"
/home/gabriel/Disk/Research/research-javascript-test-smells/repositories/luxon/test/datetime/tokenParse.test.js,Duplicate Assert,"{'line': 414, 'column': 2, 'index': 14724}","  412 |
  413 |   d = DateTime.fromFormat(""04"", ""kk"");
> 414 |   expect(d.weekYear).toBe(2004);
      |  ^ Duplicate Assert
  415 |   expect(d.weekNumber).toBe(1);
  416 |   expect(d.weekday).toBe(1);
  417 | });"
/home/gabriel/Disk/Research/research-javascript-test-smells/repositories/luxon/test/datetime/tokenParse.test.js,Duplicate Assert,"{'line': 414, 'column': 2, 'index': 14724}","  412 |
  413 |   d = DateTime.fromFormat(""04"", ""kk"");
> 414 |   expect(d.weekYear).toBe(2004);
      |  ^ Duplicate Assert
  415 |   expect(d.weekNumber).toBe(1);
  416 |   expect(d.weekday).toBe(1);
  417 | });"
/home/gabriel/Disk/Research/research-javascript-test-smells/repositories/luxon/test/datetime/tokenParse.test.js,Duplicate Assert,"{'line': 415, 'column': 2, 'index': 14757}","  413 |   d = DateTime.fromFormat(""04"", ""kk"");
  414 |   expect(d.weekYear).toBe(2004);
> 415 |   expect(d.weekNumber).toBe(1);
      |  ^ Duplicate Assert
  416 |   expect(d.weekday).toBe(1);
  417 | });
  418 |"
/home/gabriel/Disk/Research/research-javascript-test-smells/repositories/luxon/test/datetime/tokenParse.test.js,Duplicate Assert,"{'line': 415, 'column': 2, 'index': 14757}","  413 |   d = DateTime.fromFormat(""04"", ""kk"");
  414 |   expect(d.weekYear).toBe(2004);
> 415 |   expect(d.weekNumber).toBe(1);
      |  ^ Duplicate Assert
  416 |   expect(d.weekday).toBe(1);
  417 | });
  418 |"
/home/gabriel/Disk/Research/research-javascript-test-smells/repositories/luxon/test/datetime/tokenParse.test.js,Duplicate Assert,"{'line': 416, 'column': 2, 'index': 14789}","  414 |   expect(d.weekYear).toBe(2004);
  415 |   expect(d.weekNumber).toBe(1);
> 416 |   expect(d.weekday).toBe(1);
      |  ^ Duplicate Assert
  417 | });
  418 |
  419 | test(""DateTime.fromFormat() defaults kk to the right century"", () => {"
/home/gabriel/Disk/Research/research-javascript-test-smells/repositories/luxon/test/datetime/tokenParse.test.js,Duplicate Assert,"{'line': 416, 'column': 2, 'index': 14789}","  414 |   expect(d.weekYear).toBe(2004);
  415 |   expect(d.weekNumber).toBe(1);
> 416 |   expect(d.weekday).toBe(1);
      |  ^ Duplicate Assert
  417 | });
  418 |
  419 | test(""DateTime.fromFormat() defaults kk to the right century"", () => {"
/home/gabriel/Disk/Research/research-javascript-test-smells/repositories/luxon/test/datetime/tokenParse.test.js,Duplicate Assert,"{'line': 442, 'column': 2, 'index': 15744}","  440 |
  441 |   let d = DateTime.fromFormat(""17"", ""WW"");
> 442 |   expect(d.weekYear).toBe(now.weekYear);
      |  ^ Duplicate Assert
  443 |   expect(d.weekNumber).toBe(17);
  444 |   expect(d.weekday).toBe(1);
  445 |"
/home/gabriel/Disk/Research/research-javascript-test-smells/repositories/luxon/test/datetime/tokenParse.test.js,Duplicate Assert,"{'line': 442, 'column': 2, 'index': 15744}","  440 |
  441 |   let d = DateTime.fromFormat(""17"", ""WW"");
> 442 |   expect(d.weekYear).toBe(now.weekYear);
      |  ^ Duplicate Assert
  443 |   expect(d.weekNumber).toBe(17);
  444 |   expect(d.weekday).toBe(1);
  445 |"
/home/gabriel/Disk/Research/research-javascript-test-smells/repositories/luxon/test/datetime/tokenParse.test.js,Duplicate Assert,"{'line': 443, 'column': 2, 'index': 15785}","  441 |   let d = DateTime.fromFormat(""17"", ""WW"");
  442 |   expect(d.weekYear).toBe(now.weekYear);
> 443 |   expect(d.weekNumber).toBe(17);
      |  ^ Duplicate Assert
  444 |   expect(d.weekday).toBe(1);
  445 |
  446 |   d = DateTime.fromFormat(""17"", ""W"");"
/home/gabriel/Disk/Research/research-javascript-test-smells/repositories/luxon/test/datetime/tokenParse.test.js,Duplicate Assert,"{'line': 443, 'column': 2, 'index': 15785}","  441 |   let d = DateTime.fromFormat(""17"", ""WW"");
  442 |   expect(d.weekYear).toBe(now.weekYear);
> 443 |   expect(d.weekNumber).toBe(17);
      |  ^ Duplicate Assert
  444 |   expect(d.weekday).toBe(1);
  445 |
  446 |   d = DateTime.fromFormat(""17"", ""W"");"
/home/gabriel/Disk/Research/research-javascript-test-smells/repositories/luxon/test/datetime/tokenParse.test.js,Duplicate Assert,"{'line': 444, 'column': 2, 'index': 15818}","  442 |   expect(d.weekYear).toBe(now.weekYear);
  443 |   expect(d.weekNumber).toBe(17);
> 444 |   expect(d.weekday).toBe(1);
      |  ^ Duplicate Assert
  445 |
  446 |   d = DateTime.fromFormat(""17"", ""W"");
  447 |   expect(d.weekYear).toBe(now.weekYear);"
/home/gabriel/Disk/Research/research-javascript-test-smells/repositories/luxon/test/datetime/tokenParse.test.js,Duplicate Assert,"{'line': 444, 'column': 2, 'index': 15818}","  442 |   expect(d.weekYear).toBe(now.weekYear);
  443 |   expect(d.weekNumber).toBe(17);
> 444 |   expect(d.weekday).toBe(1);
      |  ^ Duplicate Assert
  445 |
  446 |   d = DateTime.fromFormat(""17"", ""W"");
  447 |   expect(d.weekYear).toBe(now.weekYear);"
/home/gabriel/Disk/Research/research-javascript-test-smells/repositories/luxon/test/datetime/tokenParse.test.js,Duplicate Assert,"{'line': 447, 'column': 2, 'index': 15886}","  445 |
  446 |   d = DateTime.fromFormat(""17"", ""W"");
> 447 |   expect(d.weekYear).toBe(now.weekYear);
      |  ^ Duplicate Assert
  448 |   expect(d.weekNumber).toBe(17);
  449 |   expect(d.weekday).toBe(1);
  450 | });"
/home/gabriel/Disk/Research/research-javascript-test-smells/repositories/luxon/test/datetime/tokenParse.test.js,Duplicate Assert,"{'line': 447, 'column': 2, 'index': 15886}","  445 |
  446 |   d = DateTime.fromFormat(""17"", ""W"");
> 447 |   expect(d.weekYear).toBe(now.weekYear);
      |  ^ Duplicate Assert
  448 |   expect(d.weekNumber).toBe(17);
  449 |   expect(d.weekday).toBe(1);
  450 | });"
/home/gabriel/Disk/Research/research-javascript-test-smells/repositories/luxon/test/datetime/tokenParse.test.js,Duplicate Assert,"{'line': 448, 'column': 2, 'index': 15927}","  446 |   d = DateTime.fromFormat(""17"", ""W"");
  447 |   expect(d.weekYear).toBe(now.weekYear);
> 448 |   expect(d.weekNumber).toBe(17);
      |  ^ Duplicate Assert
  449 |   expect(d.weekday).toBe(1);
  450 | });
  451 |"
/home/gabriel/Disk/Research/research-javascript-test-smells/repositories/luxon/test/datetime/tokenParse.test.js,Duplicate Assert,"{'line': 448, 'column': 2, 'index': 15927}","  446 |   d = DateTime.fromFormat(""17"", ""W"");
  447 |   expect(d.weekYear).toBe(now.weekYear);
> 448 |   expect(d.weekNumber).toBe(17);
      |  ^ Duplicate Assert
  449 |   expect(d.weekday).toBe(1);
  450 | });
  451 |"
/home/gabriel/Disk/Research/research-javascript-test-smells/repositories/luxon/test/datetime/tokenParse.test.js,Duplicate Assert,"{'line': 449, 'column': 2, 'index': 15960}","  447 |   expect(d.weekYear).toBe(now.weekYear);
  448 |   expect(d.weekNumber).toBe(17);
> 449 |   expect(d.weekday).toBe(1);
      |  ^ Duplicate Assert
  450 | });
  451 |
  452 | test(""DateTime.fromFormat() accepts weekYear/weekNumber/weekday"", () => {"
/home/gabriel/Disk/Research/research-javascript-test-smells/repositories/luxon/test/datetime/tokenParse.test.js,Duplicate Assert,"{'line': 449, 'column': 2, 'index': 15960}","  447 |   expect(d.weekYear).toBe(now.weekYear);
  448 |   expect(d.weekNumber).toBe(17);
> 449 |   expect(d.weekday).toBe(1);
      |  ^ Duplicate Assert
  450 | });
  451 |
  452 | test(""DateTime.fromFormat() accepts weekYear/weekNumber/weekday"", () => {"
/home/gabriel/Disk/Research/research-javascript-test-smells/repositories/luxon/test/datetime/tokenParse.test.js,Duplicate Assert,"{'line': 522, 'column': 2, 'index': 18540}","  520 |     ""yyyy/MM/dd HH:mm:ss.SSS z""
  521 |   ).toUTC();
> 522 |   expect(d.isValid).toBe(true);
      |  ^ Duplicate Assert
  523 |   expect(d.offset).toBe(0);
  524 |   expect(d.hour).toBe(0);
  525 |   expect(d.minute).toBe(10);"
/home/gabriel/Disk/Research/research-javascript-test-smells/repositories/luxon/test/datetime/tokenParse.test.js,Duplicate Assert,"{'line': 522, 'column': 2, 'index': 18540}","  520 |     ""yyyy/MM/dd HH:mm:ss.SSS z""
  521 |   ).toUTC();
> 522 |   expect(d.isValid).toBe(true);
      |  ^ Duplicate Assert
  523 |   expect(d.offset).toBe(0);
  524 |   expect(d.hour).toBe(0);
  525 |   expect(d.minute).toBe(10);"
/home/gabriel/Disk/Research/research-javascript-test-smells/repositories/luxon/test/datetime/tokenParse.test.js,Duplicate Assert,"{'line': 523, 'column': 2, 'index': 18572}","  521 |   ).toUTC();
  522 |   expect(d.isValid).toBe(true);
> 523 |   expect(d.offset).toBe(0);
      |  ^ Duplicate Assert
  524 |   expect(d.hour).toBe(0);
  525 |   expect(d.minute).toBe(10);
  526 |"
/home/gabriel/Disk/Research/research-javascript-test-smells/repositories/luxon/test/datetime/tokenParse.test.js,Duplicate Assert,"{'line': 523, 'column': 2, 'index': 18572}","  521 |   ).toUTC();
  522 |   expect(d.isValid).toBe(true);
> 523 |   expect(d.offset).toBe(0);
      |  ^ Duplicate Assert
  524 |   expect(d.hour).toBe(0);
  525 |   expect(d.minute).toBe(10);
  526 |"
/home/gabriel/Disk/Research/research-javascript-test-smells/repositories/luxon/test/datetime/tokenParse.test.js,Duplicate Assert,"{'line': 524, 'column': 2, 'index': 18600}","  522 |   expect(d.isValid).toBe(true);
  523 |   expect(d.offset).toBe(0);
> 524 |   expect(d.hour).toBe(0);
      |  ^ Duplicate Assert
  525 |   expect(d.minute).toBe(10);
  526 |
  527 |   d = DateTime.fromFormat(""1982/05/25 09:10:11.445 UTC"", ""yyyy/MM/dd HH:mm:ss.SSS z"").toUTC();"
/home/gabriel/Disk/Research/research-javascript-test-smells/repositories/luxon/test/datetime/tokenParse.test.js,Duplicate Assert,"{'line': 525, 'column': 2, 'index': 18626}","  523 |   expect(d.offset).toBe(0);
  524 |   expect(d.hour).toBe(0);
> 525 |   expect(d.minute).toBe(10);
      |  ^ Duplicate Assert
  526 |
  527 |   d = DateTime.fromFormat(""1982/05/25 09:10:11.445 UTC"", ""yyyy/MM/dd HH:mm:ss.SSS z"").toUTC();
  528 |   expect(d.isValid).toBe(true);"
/home/gabriel/Disk/Research/research-javascript-test-smells/repositories/luxon/test/datetime/tokenParse.test.js,Duplicate Assert,"{'line': 525, 'column': 2, 'index': 18626}","  523 |   expect(d.offset).toBe(0);
  524 |   expect(d.hour).toBe(0);
> 525 |   expect(d.minute).toBe(10);
      |  ^ Duplicate Assert
  526 |
  527 |   d = DateTime.fromFormat(""1982/05/25 09:10:11.445 UTC"", ""yyyy/MM/dd HH:mm:ss.SSS z"").toUTC();
  528 |   expect(d.isValid).toBe(true);"
/home/gabriel/Disk/Research/research-javascript-test-smells/repositories/luxon/test/datetime/tokenParse.test.js,Duplicate Assert,"{'line': 528, 'column': 2, 'index': 18751}","  526 |
  527 |   d = DateTime.fromFormat(""1982/05/25 09:10:11.445 UTC"", ""yyyy/MM/dd HH:mm:ss.SSS z"").toUTC();
> 528 |   expect(d.isValid).toBe(true);
      |  ^ Duplicate Assert
  529 |   expect(d.offset).toBe(0);
  530 |   expect(d.hour).toBe(9);
  531 |   expect(d.minute).toBe(10);"
/home/gabriel/Disk/Research/research-javascript-test-smells/repositories/luxon/test/datetime/tokenParse.test.js,Duplicate Assert,"{'line': 528, 'column': 2, 'index': 18751}","  526 |
  527 |   d = DateTime.fromFormat(""1982/05/25 09:10:11.445 UTC"", ""yyyy/MM/dd HH:mm:ss.SSS z"").toUTC();
> 528 |   expect(d.isValid).toBe(true);
      |  ^ Duplicate Assert
  529 |   expect(d.offset).toBe(0);
  530 |   expect(d.hour).toBe(9);
  531 |   expect(d.minute).toBe(10);"
/home/gabriel/Disk/Research/research-javascript-test-smells/repositories/luxon/test/datetime/tokenParse.test.js,Duplicate Assert,"{'line': 529, 'column': 2, 'index': 18783}","  527 |   d = DateTime.fromFormat(""1982/05/25 09:10:11.445 UTC"", ""yyyy/MM/dd HH:mm:ss.SSS z"").toUTC();
  528 |   expect(d.isValid).toBe(true);
> 529 |   expect(d.offset).toBe(0);
      |  ^ Duplicate Assert
  530 |   expect(d.hour).toBe(9);
  531 |   expect(d.minute).toBe(10);
  532 | });"
/home/gabriel/Disk/Research/research-javascript-test-smells/repositories/luxon/test/datetime/tokenParse.test.js,Duplicate Assert,"{'line': 529, 'column': 2, 'index': 18783}","  527 |   d = DateTime.fromFormat(""1982/05/25 09:10:11.445 UTC"", ""yyyy/MM/dd HH:mm:ss.SSS z"").toUTC();
  528 |   expect(d.isValid).toBe(true);
> 529 |   expect(d.offset).toBe(0);
      |  ^ Duplicate Assert
  530 |   expect(d.hour).toBe(9);
  531 |   expect(d.minute).toBe(10);
  532 | });"
/home/gabriel/Disk/Research/research-javascript-test-smells/repositories/luxon/test/datetime/tokenParse.test.js,Duplicate Assert,"{'line': 530, 'column': 2, 'index': 18811}","  528 |   expect(d.isValid).toBe(true);
  529 |   expect(d.offset).toBe(0);
> 530 |   expect(d.hour).toBe(9);
      |  ^ Duplicate Assert
  531 |   expect(d.minute).toBe(10);
  532 | });
  533 |"
/home/gabriel/Disk/Research/research-javascript-test-smells/repositories/luxon/test/datetime/tokenParse.test.js,Duplicate Assert,"{'line': 531, 'column': 2, 'index': 18837}","  529 |   expect(d.offset).toBe(0);
  530 |   expect(d.hour).toBe(9);
> 531 |   expect(d.minute).toBe(10);
      |  ^ Duplicate Assert
  532 | });
  533 |
  534 | test(""DateTime.fromFormat() with setZone parses IANA zones and sets it"", () => {"
/home/gabriel/Disk/Research/research-javascript-test-smells/repositories/luxon/test/datetime/tokenParse.test.js,Duplicate Assert,"{'line': 531, 'column': 2, 'index': 18837}","  529 |   expect(d.offset).toBe(0);
  530 |   expect(d.hour).toBe(9);
> 531 |   expect(d.minute).toBe(10);
      |  ^ Duplicate Assert
  532 | });
  533 |
  534 | test(""DateTime.fromFormat() with setZone parses IANA zones and sets it"", () => {"
/home/gabriel/Disk/Research/research-javascript-test-smells/repositories/luxon/test/datetime/tokenParse.test.js,Duplicate Assert,"{'line': 649, 'column': 2, 'index': 22467}","  647 |     { setZone: true }
  648 |   );
> 649 |   expect(i.isValid).toBe(true);
      |  ^ Duplicate Assert
  650 |   expect(i.year).toBe(2021);
  651 |   expect(i.month).toBe(4);
  652 |   expect(i.day).toBe(4);"
/home/gabriel/Disk/Research/research-javascript-test-smells/repositories/luxon/test/datetime/tokenParse.test.js,Duplicate Assert,"{'line': 649, 'column': 2, 'index': 22467}","  647 |     { setZone: true }
  648 |   );
> 649 |   expect(i.isValid).toBe(true);
      |  ^ Duplicate Assert
  650 |   expect(i.year).toBe(2021);
  651 |   expect(i.month).toBe(4);
  652 |   expect(i.day).toBe(4);"
/home/gabriel/Disk/Research/research-javascript-test-smells/repositories/luxon/test/datetime/tokenParse.test.js,Duplicate Assert,"{'line': 650, 'column': 2, 'index': 22499}","  648 |   );
  649 |   expect(i.isValid).toBe(true);
> 650 |   expect(i.year).toBe(2021);
      |  ^ Duplicate Assert
  651 |   expect(i.month).toBe(4);
  652 |   expect(i.day).toBe(4);
  653 |   expect(i.hour).toBe(2);"
/home/gabriel/Disk/Research/research-javascript-test-smells/repositories/luxon/test/datetime/tokenParse.test.js,Duplicate Assert,"{'line': 650, 'column': 2, 'index': 22499}","  648 |   );
  649 |   expect(i.isValid).toBe(true);
> 650 |   expect(i.year).toBe(2021);
      |  ^ Duplicate Assert
  651 |   expect(i.month).toBe(4);
  652 |   expect(i.day).toBe(4);
  653 |   expect(i.hour).toBe(2);"
/home/gabriel/Disk/Research/research-javascript-test-smells/repositories/luxon/test/datetime/tokenParse.test.js,Duplicate Assert,"{'line': 651, 'column': 2, 'index': 22528}","  649 |   expect(i.isValid).toBe(true);
  650 |   expect(i.year).toBe(2021);
> 651 |   expect(i.month).toBe(4);
      |  ^ Duplicate Assert
  652 |   expect(i.day).toBe(4);
  653 |   expect(i.hour).toBe(2);
  654 |   expect(i.minute).toBe(30);"
/home/gabriel/Disk/Research/research-javascript-test-smells/repositories/luxon/test/datetime/tokenParse.test.js,Duplicate Assert,"{'line': 651, 'column': 2, 'index': 22528}","  649 |   expect(i.isValid).toBe(true);
  650 |   expect(i.year).toBe(2021);
> 651 |   expect(i.month).toBe(4);
      |  ^ Duplicate Assert
  652 |   expect(i.day).toBe(4);
  653 |   expect(i.hour).toBe(2);
  654 |   expect(i.minute).toBe(30);"
/home/gabriel/Disk/Research/research-javascript-test-smells/repositories/luxon/test/datetime/tokenParse.test.js,Duplicate Assert,"{'line': 652, 'column': 2, 'index': 22555}","  650 |   expect(i.year).toBe(2021);
  651 |   expect(i.month).toBe(4);
> 652 |   expect(i.day).toBe(4);
      |  ^ Duplicate Assert
  653 |   expect(i.hour).toBe(2);
  654 |   expect(i.minute).toBe(30);
  655 |   expect(i.second).toBe(0);"
/home/gabriel/Disk/Research/research-javascript-test-smells/repositories/luxon/test/datetime/tokenParse.test.js,Duplicate Assert,"{'line': 652, 'column': 2, 'index': 22555}","  650 |   expect(i.year).toBe(2021);
  651 |   expect(i.month).toBe(4);
> 652 |   expect(i.day).toBe(4);
      |  ^ Duplicate Assert
  653 |   expect(i.hour).toBe(2);
  654 |   expect(i.minute).toBe(30);
  655 |   expect(i.second).toBe(0);"
/home/gabriel/Disk/Research/research-javascript-test-smells/repositories/luxon/test/datetime/tokenParse.test.js,Duplicate Assert,"{'line': 653, 'column': 2, 'index': 22580}","  651 |   expect(i.month).toBe(4);
  652 |   expect(i.day).toBe(4);
> 653 |   expect(i.hour).toBe(2);
      |  ^ Duplicate Assert
  654 |   expect(i.minute).toBe(30);
  655 |   expect(i.second).toBe(0);
  656 |   expect(i.millisecond).toBe(0);"
/home/gabriel/Disk/Research/research-javascript-test-smells/repositories/luxon/test/datetime/tokenParse.test.js,Duplicate Assert,"{'line': 653, 'column': 2, 'index': 22580}","  651 |   expect(i.month).toBe(4);
  652 |   expect(i.day).toBe(4);
> 653 |   expect(i.hour).toBe(2);
      |  ^ Duplicate Assert
  654 |   expect(i.minute).toBe(30);
  655 |   expect(i.second).toBe(0);
  656 |   expect(i.millisecond).toBe(0);"
/home/gabriel/Disk/Research/research-javascript-test-smells/repositories/luxon/test/datetime/tokenParse.test.js,Duplicate Assert,"{'line': 654, 'column': 2, 'index': 22606}","  652 |   expect(i.day).toBe(4);
  653 |   expect(i.hour).toBe(2);
> 654 |   expect(i.minute).toBe(30);
      |  ^ Duplicate Assert
  655 |   expect(i.second).toBe(0);
  656 |   expect(i.millisecond).toBe(0);
  657 |   expect(i.offset).toBe(660); //+11:00"
/home/gabriel/Disk/Research/research-javascript-test-smells/repositories/luxon/test/datetime/tokenParse.test.js,Duplicate Assert,"{'line': 654, 'column': 2, 'index': 22606}","  652 |   expect(i.day).toBe(4);
  653 |   expect(i.hour).toBe(2);
> 654 |   expect(i.minute).toBe(30);
      |  ^ Duplicate Assert
  655 |   expect(i.second).toBe(0);
  656 |   expect(i.millisecond).toBe(0);
  657 |   expect(i.offset).toBe(660); //+11:00"
/home/gabriel/Disk/Research/research-javascript-test-smells/repositories/luxon/test/datetime/tokenParse.test.js,Duplicate Assert,"{'line': 655, 'column': 2, 'index': 22635}","  653 |   expect(i.hour).toBe(2);
  654 |   expect(i.minute).toBe(30);
> 655 |   expect(i.second).toBe(0);
      |  ^ Duplicate Assert
  656 |   expect(i.millisecond).toBe(0);
  657 |   expect(i.offset).toBe(660); //+11:00
  658 |   expect(i.zoneName).toBe(""Australia/Sydney"");"
/home/gabriel/Disk/Research/research-javascript-test-smells/repositories/luxon/test/datetime/tokenParse.test.js,Duplicate Assert,"{'line': 655, 'column': 2, 'index': 22635}","  653 |   expect(i.hour).toBe(2);
  654 |   expect(i.minute).toBe(30);
> 655 |   expect(i.second).toBe(0);
      |  ^ Duplicate Assert
  656 |   expect(i.millisecond).toBe(0);
  657 |   expect(i.offset).toBe(660); //+11:00
  658 |   expect(i.zoneName).toBe(""Australia/Sydney"");"
/home/gabriel/Disk/Research/research-javascript-test-smells/repositories/luxon/test/datetime/tokenParse.test.js,Duplicate Assert,"{'line': 656, 'column': 2, 'index': 22663}","  654 |   expect(i.minute).toBe(30);
  655 |   expect(i.second).toBe(0);
> 656 |   expect(i.millisecond).toBe(0);
      |  ^ Duplicate Assert
  657 |   expect(i.offset).toBe(660); //+11:00
  658 |   expect(i.zoneName).toBe(""Australia/Sydney"");
  659 |"
/home/gabriel/Disk/Research/research-javascript-test-smells/repositories/luxon/test/datetime/tokenParse.test.js,Duplicate Assert,"{'line': 656, 'column': 2, 'index': 22663}","  654 |   expect(i.minute).toBe(30);
  655 |   expect(i.second).toBe(0);
> 656 |   expect(i.millisecond).toBe(0);
      |  ^ Duplicate Assert
  657 |   expect(i.offset).toBe(660); //+11:00
  658 |   expect(i.zoneName).toBe(""Australia/Sydney"");
  659 |"
/home/gabriel/Disk/Research/research-javascript-test-smells/repositories/luxon/test/datetime/tokenParse.test.js,Duplicate Assert,"{'line': 657, 'column': 2, 'index': 22696}","  655 |   expect(i.second).toBe(0);
  656 |   expect(i.millisecond).toBe(0);
> 657 |   expect(i.offset).toBe(660); //+11:00
      |  ^ Duplicate Assert
  658 |   expect(i.zoneName).toBe(""Australia/Sydney"");
  659 |
  660 |   i = DateTime.fromFormat("
/home/gabriel/Disk/Research/research-javascript-test-smells/repositories/luxon/test/datetime/tokenParse.test.js,Duplicate Assert,"{'line': 658, 'column': 2, 'index': 22735}","  656 |   expect(i.millisecond).toBe(0);
  657 |   expect(i.offset).toBe(660); //+11:00
> 658 |   expect(i.zoneName).toBe(""Australia/Sydney"");
      |  ^ Duplicate Assert
  659 |
  660 |   i = DateTime.fromFormat(
  661 |     ""2021-04-04T02:30:00.000+10:00[Australia/Sydney]"","
/home/gabriel/Disk/Research/research-javascript-test-smells/repositories/luxon/test/datetime/tokenParse.test.js,Duplicate Assert,"{'line': 658, 'column': 2, 'index': 22735}","  656 |   expect(i.millisecond).toBe(0);
  657 |   expect(i.offset).toBe(660); //+11:00
> 658 |   expect(i.zoneName).toBe(""Australia/Sydney"");
      |  ^ Duplicate Assert
  659 |
  660 |   i = DateTime.fromFormat(
  661 |     ""2021-04-04T02:30:00.000+10:00[Australia/Sydney]"","
/home/gabriel/Disk/Research/research-javascript-test-smells/repositories/luxon/test/datetime/tokenParse.test.js,Duplicate Assert,"{'line': 665, 'column': 2, 'index': 22930}","  663 |     { setZone: true }
  664 |   );
> 665 |   expect(i.isValid).toBe(true);
      |  ^ Duplicate Assert
  666 |   expect(i.year).toBe(2021);
  667 |   expect(i.month).toBe(4);
  668 |   expect(i.day).toBe(4);"
/home/gabriel/Disk/Research/research-javascript-test-smells/repositories/luxon/test/datetime/tokenParse.test.js,Duplicate Assert,"{'line': 665, 'column': 2, 'index': 22930}","  663 |     { setZone: true }
  664 |   );
> 665 |   expect(i.isValid).toBe(true);
      |  ^ Duplicate Assert
  666 |   expect(i.year).toBe(2021);
  667 |   expect(i.month).toBe(4);
  668 |   expect(i.day).toBe(4);"
/home/gabriel/Disk/Research/research-javascript-test-smells/repositories/luxon/test/datetime/tokenParse.test.js,Duplicate Assert,"{'line': 666, 'column': 2, 'index': 22962}","  664 |   );
  665 |   expect(i.isValid).toBe(true);
> 666 |   expect(i.year).toBe(2021);
      |  ^ Duplicate Assert
  667 |   expect(i.month).toBe(4);
  668 |   expect(i.day).toBe(4);
  669 |   expect(i.hour).toBe(2);"
/home/gabriel/Disk/Research/research-javascript-test-smells/repositories/luxon/test/datetime/tokenParse.test.js,Duplicate Assert,"{'line': 666, 'column': 2, 'index': 22962}","  664 |   );
  665 |   expect(i.isValid).toBe(true);
> 666 |   expect(i.year).toBe(2021);
      |  ^ Duplicate Assert
  667 |   expect(i.month).toBe(4);
  668 |   expect(i.day).toBe(4);
  669 |   expect(i.hour).toBe(2);"
/home/gabriel/Disk/Research/research-javascript-test-smells/repositories/luxon/test/datetime/tokenParse.test.js,Duplicate Assert,"{'line': 667, 'column': 2, 'index': 22991}","  665 |   expect(i.isValid).toBe(true);
  666 |   expect(i.year).toBe(2021);
> 667 |   expect(i.month).toBe(4);
      |  ^ Duplicate Assert
  668 |   expect(i.day).toBe(4);
  669 |   expect(i.hour).toBe(2);
  670 |   expect(i.minute).toBe(30);"
/home/gabriel/Disk/Research/research-javascript-test-smells/repositories/luxon/test/datetime/tokenParse.test.js,Duplicate Assert,"{'line': 667, 'column': 2, 'index': 22991}","  665 |   expect(i.isValid).toBe(true);
  666 |   expect(i.year).toBe(2021);
> 667 |   expect(i.month).toBe(4);
      |  ^ Duplicate Assert
  668 |   expect(i.day).toBe(4);
  669 |   expect(i.hour).toBe(2);
  670 |   expect(i.minute).toBe(30);"
/home/gabriel/Disk/Research/research-javascript-test-smells/repositories/luxon/test/datetime/tokenParse.test.js,Duplicate Assert,"{'line': 668, 'column': 2, 'index': 23018}","  666 |   expect(i.year).toBe(2021);
  667 |   expect(i.month).toBe(4);
> 668 |   expect(i.day).toBe(4);
      |  ^ Duplicate Assert
  669 |   expect(i.hour).toBe(2);
  670 |   expect(i.minute).toBe(30);
  671 |   expect(i.second).toBe(0);"
/home/gabriel/Disk/Research/research-javascript-test-smells/repositories/luxon/test/datetime/tokenParse.test.js,Duplicate Assert,"{'line': 668, 'column': 2, 'index': 23018}","  666 |   expect(i.year).toBe(2021);
  667 |   expect(i.month).toBe(4);
> 668 |   expect(i.day).toBe(4);
      |  ^ Duplicate Assert
  669 |   expect(i.hour).toBe(2);
  670 |   expect(i.minute).toBe(30);
  671 |   expect(i.second).toBe(0);"
/home/gabriel/Disk/Research/research-javascript-test-smells/repositories/luxon/test/datetime/tokenParse.test.js,Duplicate Assert,"{'line': 669, 'column': 2, 'index': 23043}","  667 |   expect(i.month).toBe(4);
  668 |   expect(i.day).toBe(4);
> 669 |   expect(i.hour).toBe(2);
      |  ^ Duplicate Assert
  670 |   expect(i.minute).toBe(30);
  671 |   expect(i.second).toBe(0);
  672 |   expect(i.millisecond).toBe(0);"
/home/gabriel/Disk/Research/research-javascript-test-smells/repositories/luxon/test/datetime/tokenParse.test.js,Duplicate Assert,"{'line': 669, 'column': 2, 'index': 23043}","  667 |   expect(i.month).toBe(4);
  668 |   expect(i.day).toBe(4);
> 669 |   expect(i.hour).toBe(2);
      |  ^ Duplicate Assert
  670 |   expect(i.minute).toBe(30);
  671 |   expect(i.second).toBe(0);
  672 |   expect(i.millisecond).toBe(0);"
/home/gabriel/Disk/Research/research-javascript-test-smells/repositories/luxon/test/datetime/tokenParse.test.js,Duplicate Assert,"{'line': 670, 'column': 2, 'index': 23069}","  668 |   expect(i.day).toBe(4);
  669 |   expect(i.hour).toBe(2);
> 670 |   expect(i.minute).toBe(30);
      |  ^ Duplicate Assert
  671 |   expect(i.second).toBe(0);
  672 |   expect(i.millisecond).toBe(0);
  673 |   expect(i.offset).toBe(600); //+10:00"
/home/gabriel/Disk/Research/research-javascript-test-smells/repositories/luxon/test/datetime/tokenParse.test.js,Duplicate Assert,"{'line': 670, 'column': 2, 'index': 23069}","  668 |   expect(i.day).toBe(4);
  669 |   expect(i.hour).toBe(2);
> 670 |   expect(i.minute).toBe(30);
      |  ^ Duplicate Assert
  671 |   expect(i.second).toBe(0);
  672 |   expect(i.millisecond).toBe(0);
  673 |   expect(i.offset).toBe(600); //+10:00"
/home/gabriel/Disk/Research/research-javascript-test-smells/repositories/luxon/test/datetime/tokenParse.test.js,Duplicate Assert,"{'line': 671, 'column': 2, 'index': 23098}","  669 |   expect(i.hour).toBe(2);
  670 |   expect(i.minute).toBe(30);
> 671 |   expect(i.second).toBe(0);
      |  ^ Duplicate Assert
  672 |   expect(i.millisecond).toBe(0);
  673 |   expect(i.offset).toBe(600); //+10:00
  674 |   expect(i.zoneName).toBe(""Australia/Sydney"");"
/home/gabriel/Disk/Research/research-javascript-test-smells/repositories/luxon/test/datetime/tokenParse.test.js,Duplicate Assert,"{'line': 671, 'column': 2, 'index': 23098}","  669 |   expect(i.hour).toBe(2);
  670 |   expect(i.minute).toBe(30);
> 671 |   expect(i.second).toBe(0);
      |  ^ Duplicate Assert
  672 |   expect(i.millisecond).toBe(0);
  673 |   expect(i.offset).toBe(600); //+10:00
  674 |   expect(i.zoneName).toBe(""Australia/Sydney"");"
/home/gabriel/Disk/Research/research-javascript-test-smells/repositories/luxon/test/datetime/tokenParse.test.js,Duplicate Assert,"{'line': 672, 'column': 2, 'index': 23126}","  670 |   expect(i.minute).toBe(30);
  671 |   expect(i.second).toBe(0);
> 672 |   expect(i.millisecond).toBe(0);
      |  ^ Duplicate Assert
  673 |   expect(i.offset).toBe(600); //+10:00
  674 |   expect(i.zoneName).toBe(""Australia/Sydney"");
  675 | });"
/home/gabriel/Disk/Research/research-javascript-test-smells/repositories/luxon/test/datetime/tokenParse.test.js,Duplicate Assert,"{'line': 672, 'column': 2, 'index': 23126}","  670 |   expect(i.minute).toBe(30);
  671 |   expect(i.second).toBe(0);
> 672 |   expect(i.millisecond).toBe(0);
      |  ^ Duplicate Assert
  673 |   expect(i.offset).toBe(600); //+10:00
  674 |   expect(i.zoneName).toBe(""Australia/Sydney"");
  675 | });"
/home/gabriel/Disk/Research/research-javascript-test-smells/repositories/luxon/test/datetime/tokenParse.test.js,Duplicate Assert,"{'line': 673, 'column': 2, 'index': 23159}","  671 |   expect(i.second).toBe(0);
  672 |   expect(i.millisecond).toBe(0);
> 673 |   expect(i.offset).toBe(600); //+10:00
      |  ^ Duplicate Assert
  674 |   expect(i.zoneName).toBe(""Australia/Sydney"");
  675 | });
  676 |"
/home/gabriel/Disk/Research/research-javascript-test-smells/repositories/luxon/test/datetime/tokenParse.test.js,Duplicate Assert,"{'line': 674, 'column': 2, 'index': 23198}","  672 |   expect(i.millisecond).toBe(0);
  673 |   expect(i.offset).toBe(600); //+10:00
> 674 |   expect(i.zoneName).toBe(""Australia/Sydney"");
      |  ^ Duplicate Assert
  675 | });
  676 |
  677 | test(""DateTime.format() uses local zone when setZone is false and offset in input"", () => {"
/home/gabriel/Disk/Research/research-javascript-test-smells/repositories/luxon/test/datetime/tokenParse.test.js,Duplicate Assert,"{'line': 674, 'column': 2, 'index': 23198}","  672 |   expect(i.millisecond).toBe(0);
  673 |   expect(i.offset).toBe(600); //+10:00
> 674 |   expect(i.zoneName).toBe(""Australia/Sydney"");
      |  ^ Duplicate Assert
  675 | });
  676 |
  677 | test(""DateTime.format() uses local zone when setZone is false and offset in input"", () => {"
/home/gabriel/Disk/Research/research-javascript-test-smells/repositories/luxon/test/datetime/tokenParse.test.js,Duplicate Assert,"{'line': 766, 'column': 10, 'index': 25627}","  764 |
  765 |         if (expectInvalid) {
> 766 |           expect(parsed.isValid).toBe(false);
      |          ^ Duplicate Assert
  767 |         } else {
  768 |           expect(parsed.isValid).toBe(true);
  769 |"
/home/gabriel/Disk/Research/research-javascript-test-smells/repositories/luxon/test/datetime/tokenParse.test.js,Duplicate Assert,"{'line': 768, 'column': 10, 'index': 25690}","  766 |           expect(parsed.isValid).toBe(false);
  767 |         } else {
> 768 |           expect(parsed.isValid).toBe(true);
      |          ^ Duplicate Assert
  769 |
  770 |           for (const key of Object.keys(expectEqual)) {
  771 |             expect(parsed[key]).toBe(sampleDateTime[key]);"
/home/gabriel/Disk/Research/research-javascript-test-smells/repositories/luxon/test/datetime/tokenParse.test.js,Duplicate Assert,"{'line': 791, 'column': 2, 'index': 26537}","  789 | test(""DateTime.fromFormat validates weekdays"", () => {
  790 |   let dt = DateTime.fromFormat(""Wed 2017-11-29 02:00"", ""EEE yyyy-MM-dd HH:mm"");
> 791 |   expect(dt.isValid).toBe(true);
      |  ^ Duplicate Assert
  792 |
  793 |   dt = DateTime.fromFormat(""Thu 2017-11-29 02:00"", ""EEE yyyy-MM-dd HH:mm"");
  794 |   expect(dt.isValid).toBe(false);"
/home/gabriel/Disk/Research/research-javascript-test-smells/repositories/luxon/test/datetime/tokenParse.test.js,Duplicate Assert,"{'line': 791, 'column': 2, 'index': 26537}","  789 | test(""DateTime.fromFormat validates weekdays"", () => {
  790 |   let dt = DateTime.fromFormat(""Wed 2017-11-29 02:00"", ""EEE yyyy-MM-dd HH:mm"");
> 791 |   expect(dt.isValid).toBe(true);
      |  ^ Duplicate Assert
  792 |
  793 |   dt = DateTime.fromFormat(""Thu 2017-11-29 02:00"", ""EEE yyyy-MM-dd HH:mm"");
  794 |   expect(dt.isValid).toBe(false);"
/home/gabriel/Disk/Research/research-javascript-test-smells/repositories/luxon/test/datetime/tokenParse.test.js,Duplicate Assert,"{'line': 794, 'column': 2, 'index': 26647}","  792 |
  793 |   dt = DateTime.fromFormat(""Thu 2017-11-29 02:00"", ""EEE yyyy-MM-dd HH:mm"");
> 794 |   expect(dt.isValid).toBe(false);
      |  ^ Duplicate Assert
  795 |
  796 |   dt = DateTime.fromFormat(""Wed 2017-11-29 02:00 +12:00"", ""EEE yyyy-MM-dd HH:mm ZZ"");
  797 |   expect(dt.isValid).toBe(true);"
/home/gabriel/Disk/Research/research-javascript-test-smells/repositories/luxon/test/datetime/tokenParse.test.js,Duplicate Assert,"{'line': 794, 'column': 2, 'index': 26647}","  792 |
  793 |   dt = DateTime.fromFormat(""Thu 2017-11-29 02:00"", ""EEE yyyy-MM-dd HH:mm"");
> 794 |   expect(dt.isValid).toBe(false);
      |  ^ Duplicate Assert
  795 |
  796 |   dt = DateTime.fromFormat(""Wed 2017-11-29 02:00 +12:00"", ""EEE yyyy-MM-dd HH:mm ZZ"");
  797 |   expect(dt.isValid).toBe(true);"
/home/gabriel/Disk/Research/research-javascript-test-smells/repositories/luxon/test/datetime/tokenParse.test.js,Duplicate Assert,"{'line': 797, 'column': 2, 'index': 26768}","  795 |
  796 |   dt = DateTime.fromFormat(""Wed 2017-11-29 02:00 +12:00"", ""EEE yyyy-MM-dd HH:mm ZZ"");
> 797 |   expect(dt.isValid).toBe(true);
      |  ^ Duplicate Assert
  798 |
  799 |   dt = DateTime.fromFormat(""Wed 2017-11-29 02:00 +12:00"", ""EEE yyyy-MM-dd HH:mm ZZ"", {
  800 |     setZone: true,"
/home/gabriel/Disk/Research/research-javascript-test-smells/repositories/luxon/test/datetime/tokenParse.test.js,Duplicate Assert,"{'line': 797, 'column': 2, 'index': 26768}","  795 |
  796 |   dt = DateTime.fromFormat(""Wed 2017-11-29 02:00 +12:00"", ""EEE yyyy-MM-dd HH:mm ZZ"");
> 797 |   expect(dt.isValid).toBe(true);
      |  ^ Duplicate Assert
  798 |
  799 |   dt = DateTime.fromFormat(""Wed 2017-11-29 02:00 +12:00"", ""EEE yyyy-MM-dd HH:mm ZZ"", {
  800 |     setZone: true,"
/home/gabriel/Disk/Research/research-javascript-test-smells/repositories/luxon/test/datetime/tokenParse.test.js,Duplicate Assert,"{'line': 803, 'column': 2, 'index': 26915}","  801 |   });
  802 |
> 803 |   expect(dt.isValid).toBe(true);
      |  ^ Duplicate Assert
  804 |
  805 |   dt = DateTime.fromFormat(""Tue 2017-11-29 02:00 +12:00"", ""EEE yyyy-MM-dd HH:mm ZZ"", {
  806 |     setZone: true,"
/home/gabriel/Disk/Research/research-javascript-test-smells/repositories/luxon/test/datetime/tokenParse.test.js,Duplicate Assert,"{'line': 803, 'column': 2, 'index': 26915}","  801 |   });
  802 |
> 803 |   expect(dt.isValid).toBe(true);
      |  ^ Duplicate Assert
  804 |
  805 |   dt = DateTime.fromFormat(""Tue 2017-11-29 02:00 +12:00"", ""EEE yyyy-MM-dd HH:mm ZZ"", {
  806 |     setZone: true,"
/home/gabriel/Disk/Research/research-javascript-test-smells/repositories/luxon/test/datetime/tokenParse.test.js,Duplicate Assert,"{'line': 808, 'column': 2, 'index': 27061}","  806 |     setZone: true,
  807 |   });
> 808 |   expect(dt.isValid).toBe(false);
      |  ^ Duplicate Assert
  809 | });
  810 |
  811 | test(""DateTime.fromFormat containing special regex token"", () => {"
/home/gabriel/Disk/Research/research-javascript-test-smells/repositories/luxon/test/datetime/tokenParse.test.js,Duplicate Assert,"{'line': 808, 'column': 2, 'index': 27061}","  806 |     setZone: true,
  807 |   });
> 808 |   expect(dt.isValid).toBe(false);
      |  ^ Duplicate Assert
  809 | });
  810 |
  811 | test(""DateTime.fromFormat containing special regex token"", () => {"
/home/gabriel/Disk/Research/research-javascript-test-smells/repositories/luxon/test/datetime/tokenParse.test.js,Duplicate Assert,"{'line': 871, 'column': 2, 'index': 29079}","  869 |   );
  870 |   expect(ex.rawMatches).toBeInstanceOf(Array);
> 871 |   expect(ex.matches).toBeInstanceOf(Object);
      |  ^ Duplicate Assert
  872 |   expect(keyCount(ex.matches)).toBe(9);
  873 |   expect(ex.result).toBeInstanceOf(Object);
  874 |   expect(keyCount(ex.result)).toBe(7);"
/home/gabriel/Disk/Research/research-javascript-test-smells/repositories/luxon/test/datetime/tokenParse.test.js,Duplicate Assert,"{'line': 875, 'column': 2, 'index': 29247}","  873 |   expect(ex.result).toBeInstanceOf(Object);
  874 |   expect(keyCount(ex.result)).toBe(7);
> 875 |   expect(ex.matches).toEqual({
      |  ^ Duplicate Assert
  876 |     E: 1,
  877 |     M: 4,
  878 |     a: 1,"
/home/gabriel/Disk/Research/research-javascript-test-smells/repositories/luxon/test/datetime/tokenParse.test.js,Duplicate Assert,"{'line': 898, 'column': 2, 'index': 29843}","  896 |   );
  897 |   expect(ex1.rawMatches).toBeInstanceOf(Array);
> 898 |   expect(ex1.matches).toBeInstanceOf(Object);
      |  ^ Duplicate Assert
  899 |   expect(keyCount(ex1.matches)).toBe(8);
  900 |   expect(ex1.result).toBeInstanceOf(Object);
  901 |   expect(keyCount(ex1.result)).toBe(6);"
/home/gabriel/Disk/Research/research-javascript-test-smells/repositories/luxon/test/datetime/tokenParse.test.js,Duplicate Assert,"{'line': 902, 'column': 2, 'index': 30015}","  900 |   expect(ex1.result).toBeInstanceOf(Object);
  901 |   expect(keyCount(ex1.result)).toBe(6);
> 902 |   expect(ex1.matches).toEqual({
      |  ^ Duplicate Assert
  903 |     M: 4,
  904 |     a: 1,
  905 |     d: 3,"
/home/gabriel/Disk/Research/research-javascript-test-smells/repositories/luxon/test/datetime/tokenParse.test.js,Duplicate Assert,"{'line': 919, 'column': 2, 'index': 30373}","  917 |   );
  918 |   expect(ex2.rawMatches).toBeInstanceOf(Array);
> 919 |   expect(ex2.matches).toBeInstanceOf(Object);
      |  ^ Duplicate Assert
  920 |   expect(keyCount(ex2.matches)).toBe(8);
  921 |   expect(ex2.result).toBeInstanceOf(Object);
  922 |   expect(keyCount(ex2.result)).toBe(6);"
/home/gabriel/Disk/Research/research-javascript-test-smells/repositories/luxon/test/datetime/tokenParse.test.js,Duplicate Assert,"{'line': 923, 'column': 2, 'index': 30545}","  921 |   expect(ex2.result).toBeInstanceOf(Object);
  922 |   expect(keyCount(ex2.result)).toBe(6);
> 923 |   expect(ex2.matches).toEqual({
      |  ^ Duplicate Assert
  924 |     M: 4,
  925 |     a: 1,
  926 |     d: 3,"
/home/gabriel/Disk/Research/research-javascript-test-smells/repositories/luxon/test/datetime/tokenParse.test.js,Duplicate Assert,"{'line': 939, 'column': 2, 'index': 30883}","  937 |   });
  938 |   expect(ex3.rawMatches).toBeInstanceOf(Array);
> 939 |   expect(ex3.matches).toBeInstanceOf(Object);
      |  ^ Duplicate Assert
  940 |   expect(keyCount(ex3.matches)).toBe(7);
  941 |   expect(ex3.result).toBeInstanceOf(Object);
  942 |   expect(keyCount(ex3.result)).toBe(6);"
/home/gabriel/Disk/Research/research-javascript-test-smells/repositories/luxon/test/datetime/tokenParse.test.js,Duplicate Assert,"{'line': 943, 'column': 2, 'index': 31055}","  941 |   expect(ex3.result).toBeInstanceOf(Object);
  942 |   expect(keyCount(ex3.result)).toBe(6);
> 943 |   expect(ex3.matches).toEqual({
      |  ^ Duplicate Assert
  944 |     M: 4,
  945 |     a: 1,
  946 |     d: 3,"
/home/gabriel/Disk/Research/research-javascript-test-smells/repositories/luxon/test/datetime/tokenParse.test.js,Duplicate Assert,"{'line': 978, 'column': 2, 'index': 32107}","  976 |   });
  977 |   expect(ex6.rawMatches).toBeInstanceOf(Array);
> 978 |   expect(ex6.matches).toBeInstanceOf(Object);
      |  ^ Duplicate Assert
  979 |   expect(keyCount(ex6.matches)).toBe(5);
  980 |   expect(ex6.result).toBeInstanceOf(Object);
  981 |   expect(keyCount(ex6.result)).toBe(5);"
/home/gabriel/Disk/Research/research-javascript-test-smells/repositories/luxon/test/datetime/tokenParse.test.js,Duplicate Assert,"{'line': 982, 'column': 2, 'index': 32279}","  980 |   expect(ex6.result).toBeInstanceOf(Object);
  981 |   expect(keyCount(ex6.result)).toBe(5);
> 982 |   expect(ex6.matches).toEqual({
      |  ^ Duplicate Assert
  983 |     M: 4,
  984 |     d: 3,
  985 |     h: 12,"
/home/gabriel/Disk/Research/research-javascript-test-smells/repositories/luxon/test/datetime/tokenParse.test.js,Empty Test,"{'line': 331, 'column': 0, 'index': 12265}","  329 | });
  330 |
> 331 | test(""DateTime.fromFormat() parses offsets"", () => {});
  332 |
  333 | test(""DateTime.fromFormat() validates weekday numbers"", () => {
  334 |   let d = DateTime.fromFormat(""2, 05/25/1982"", ""E, LL/dd/yyyy"");"
/home/gabriel/Disk/Research/research-javascript-test-smells/repositories/luxon/test/datetime/tokenParse.test.js,Exception Handling,"{'line': 147, 'column': 2, 'index': 5355}","  145 |   const oldTwoDigitCutoffYear = Settings.twoDigitCutoffYear;
  146 |
> 147 |   try {
      |  ^ Exception Handling
  148 |     Settings.twoDigitCutoffYear = 50;
  149 |     expect(DateTime.fromFormat(""50"", ""yy"").year).toBe(2050);
  150 |     expect(DateTime.fromFormat(""51"", ""yy"").year).toBe(1951);"
/home/gabriel/Disk/Research/research-javascript-test-smells/repositories/luxon/test/datetime/tokenParse.test.js,Exception Handling,"{'line': 428, 'column': 2, 'index': 15280}","  426 |   const oldTwoDigitCutoffYear = Settings.twoDigitCutoffYear;
  427 |
> 428 |   try {
      |  ^ Exception Handling
  429 |     Settings.twoDigitCutoffYear = 50;
  430 |     expect(DateTime.fromFormat(""50"", ""kk"").weekYear).toBe(2050);
  431 |     expect(DateTime.fromFormat(""51"", ""kk"").weekYear).toBe(1951);"
/home/gabriel/Disk/Research/research-javascript-test-smells/repositories/luxon/test/datetime/tokenParse.test.js,Magic Number,"{'line': 12, 'column': 22, 'index': 435}","  10 | test(""DateTime.fromFormat() parses basic times"", () => {
  11 |   const i = DateTime.fromFormat(""1982/05/25 09:10:11.445"", ""yyyy/MM/dd HH:mm:ss.SSS"");
> 12 |   expect(i.year).toBe(1982);
     |                      ^ Magic Number
  13 |   expect(i.month).toBe(5);
  14 |   expect(i.day).toBe(25);
  15 |   expect(i.hour).toBe(9);"
/home/gabriel/Disk/Research/research-javascript-test-smells/repositories/luxon/test/datetime/tokenParse.test.js,Magic Number,"{'line': 13, 'column': 23, 'index': 465}","  11 |   const i = DateTime.fromFormat(""1982/05/25 09:10:11.445"", ""yyyy/MM/dd HH:mm:ss.SSS"");
  12 |   expect(i.year).toBe(1982);
> 13 |   expect(i.month).toBe(5);
     |                       ^ Magic Number
  14 |   expect(i.day).toBe(25);
  15 |   expect(i.hour).toBe(9);
  16 |   expect(i.minute).toBe(10);"
/home/gabriel/Disk/Research/research-javascript-test-smells/repositories/luxon/test/datetime/tokenParse.test.js,Magic Number,"{'line': 14, 'column': 21, 'index': 490}","  12 |   expect(i.year).toBe(1982);
  13 |   expect(i.month).toBe(5);
> 14 |   expect(i.day).toBe(25);
     |                     ^ Magic Number
  15 |   expect(i.hour).toBe(9);
  16 |   expect(i.minute).toBe(10);
  17 |   expect(i.second).toBe(11);"
/home/gabriel/Disk/Research/research-javascript-test-smells/repositories/luxon/test/datetime/tokenParse.test.js,Magic Number,"{'line': 15, 'column': 22, 'index': 517}","  13 |   expect(i.month).toBe(5);
  14 |   expect(i.day).toBe(25);
> 15 |   expect(i.hour).toBe(9);
     |                      ^ Magic Number
  16 |   expect(i.minute).toBe(10);
  17 |   expect(i.second).toBe(11);
  18 |   expect(i.millisecond).toBe(445);"
/home/gabriel/Disk/Research/research-javascript-test-smells/repositories/luxon/test/datetime/tokenParse.test.js,Magic Number,"{'line': 16, 'column': 24, 'index': 545}","  14 |   expect(i.day).toBe(25);
  15 |   expect(i.hour).toBe(9);
> 16 |   expect(i.minute).toBe(10);
     |                        ^ Magic Number
  17 |   expect(i.second).toBe(11);
  18 |   expect(i.millisecond).toBe(445);
  19 | });"
/home/gabriel/Disk/Research/research-javascript-test-smells/repositories/luxon/test/datetime/tokenParse.test.js,Magic Number,"{'line': 17, 'column': 24, 'index': 574}","  15 |   expect(i.hour).toBe(9);
  16 |   expect(i.minute).toBe(10);
> 17 |   expect(i.second).toBe(11);
     |                        ^ Magic Number
  18 |   expect(i.millisecond).toBe(445);
  19 | });
  20 |"
/home/gabriel/Disk/Research/research-javascript-test-smells/repositories/luxon/test/datetime/tokenParse.test.js,Magic Number,"{'line': 18, 'column': 29, 'index': 608}","  16 |   expect(i.minute).toBe(10);
  17 |   expect(i.second).toBe(11);
> 18 |   expect(i.millisecond).toBe(445);
     |                             ^ Magic Number
  19 | });
  20 |
  21 | test(""DateTime.fromFormat() yields Invalid reason 'unparseable' for incompatible formats"", () => {"
/home/gabriel/Disk/Research/research-javascript-test-smells/repositories/luxon/test/datetime/tokenParse.test.js,Magic Number,"{'line': 29, 'column': 22, 'index': 1040}","  27 | test(""DateTime.fromFormat() parses with variable-length input"", () => {
  28 |   let i = DateTime.fromFormat(""1982/05/03 09:07:05.004"", ""y/M/d H:m:s.S"");
> 29 |   expect(i.year).toBe(1982);
     |                      ^ Magic Number
  30 |   expect(i.month).toBe(5);
  31 |   expect(i.day).toBe(3);
  32 |   expect(i.hour).toBe(9);"
/home/gabriel/Disk/Research/research-javascript-test-smells/repositories/luxon/test/datetime/tokenParse.test.js,Magic Number,"{'line': 30, 'column': 23, 'index': 1070}","  28 |   let i = DateTime.fromFormat(""1982/05/03 09:07:05.004"", ""y/M/d H:m:s.S"");
  29 |   expect(i.year).toBe(1982);
> 30 |   expect(i.month).toBe(5);
     |                       ^ Magic Number
  31 |   expect(i.day).toBe(3);
  32 |   expect(i.hour).toBe(9);
  33 |   expect(i.minute).toBe(7);"
/home/gabriel/Disk/Research/research-javascript-test-smells/repositories/luxon/test/datetime/tokenParse.test.js,Magic Number,"{'line': 31, 'column': 21, 'index': 1095}","  29 |   expect(i.year).toBe(1982);
  30 |   expect(i.month).toBe(5);
> 31 |   expect(i.day).toBe(3);
     |                     ^ Magic Number
  32 |   expect(i.hour).toBe(9);
  33 |   expect(i.minute).toBe(7);
  34 |   expect(i.second).toBe(5);"
/home/gabriel/Disk/Research/research-javascript-test-smells/repositories/luxon/test/datetime/tokenParse.test.js,Magic Number,"{'line': 32, 'column': 22, 'index': 1121}","  30 |   expect(i.month).toBe(5);
  31 |   expect(i.day).toBe(3);
> 32 |   expect(i.hour).toBe(9);
     |                      ^ Magic Number
  33 |   expect(i.minute).toBe(7);
  34 |   expect(i.second).toBe(5);
  35 |   expect(i.millisecond).toBe(4);"
/home/gabriel/Disk/Research/research-javascript-test-smells/repositories/luxon/test/datetime/tokenParse.test.js,Magic Number,"{'line': 33, 'column': 24, 'index': 1149}","  31 |   expect(i.day).toBe(3);
  32 |   expect(i.hour).toBe(9);
> 33 |   expect(i.minute).toBe(7);
     |                        ^ Magic Number
  34 |   expect(i.second).toBe(5);
  35 |   expect(i.millisecond).toBe(4);
  36 |"
/home/gabriel/Disk/Research/research-javascript-test-smells/repositories/luxon/test/datetime/tokenParse.test.js,Magic Number,"{'line': 34, 'column': 24, 'index': 1177}","  32 |   expect(i.hour).toBe(9);
  33 |   expect(i.minute).toBe(7);
> 34 |   expect(i.second).toBe(5);
     |                        ^ Magic Number
  35 |   expect(i.millisecond).toBe(4);
  36 |
  37 |   i = DateTime.fromFormat(""82/5/3 9:7:5.4"", ""yy/M/d H:m:s.S"");"
/home/gabriel/Disk/Research/research-javascript-test-smells/repositories/luxon/test/datetime/tokenParse.test.js,Magic Number,"{'line': 35, 'column': 29, 'index': 1210}","  33 |   expect(i.minute).toBe(7);
  34 |   expect(i.second).toBe(5);
> 35 |   expect(i.millisecond).toBe(4);
     |                             ^ Magic Number
  36 |
  37 |   i = DateTime.fromFormat(""82/5/3 9:7:5.4"", ""yy/M/d H:m:s.S"");
  38 |   expect(i.year).toBe(1982);"
/home/gabriel/Disk/Research/research-javascript-test-smells/repositories/luxon/test/datetime/tokenParse.test.js,Magic Number,"{'line': 38, 'column': 22, 'index': 1300}","  36 |
  37 |   i = DateTime.fromFormat(""82/5/3 9:7:5.4"", ""yy/M/d H:m:s.S"");
> 38 |   expect(i.year).toBe(1982);
     |                      ^ Magic Number
  39 |   expect(i.month).toBe(5);
  40 |   expect(i.day).toBe(3);
  41 |   expect(i.hour).toBe(9);"
/home/gabriel/Disk/Research/research-javascript-test-smells/repositories/luxon/test/datetime/tokenParse.test.js,Magic Number,"{'line': 39, 'column': 23, 'index': 1330}","  37 |   i = DateTime.fromFormat(""82/5/3 9:7:5.4"", ""yy/M/d H:m:s.S"");
  38 |   expect(i.year).toBe(1982);
> 39 |   expect(i.month).toBe(5);
     |                       ^ Magic Number
  40 |   expect(i.day).toBe(3);
  41 |   expect(i.hour).toBe(9);
  42 |   expect(i.minute).toBe(7);"
/home/gabriel/Disk/Research/research-javascript-test-smells/repositories/luxon/test/datetime/tokenParse.test.js,Magic Number,"{'line': 40, 'column': 21, 'index': 1355}","  38 |   expect(i.year).toBe(1982);
  39 |   expect(i.month).toBe(5);
> 40 |   expect(i.day).toBe(3);
     |                     ^ Magic Number
  41 |   expect(i.hour).toBe(9);
  42 |   expect(i.minute).toBe(7);
  43 |   expect(i.second).toBe(5);"
/home/gabriel/Disk/Research/research-javascript-test-smells/repositories/luxon/test/datetime/tokenParse.test.js,Magic Number,"{'line': 41, 'column': 22, 'index': 1381}","  39 |   expect(i.month).toBe(5);
  40 |   expect(i.day).toBe(3);
> 41 |   expect(i.hour).toBe(9);
     |                      ^ Magic Number
  42 |   expect(i.minute).toBe(7);
  43 |   expect(i.second).toBe(5);
  44 |   expect(i.millisecond).toBe(4);"
/home/gabriel/Disk/Research/research-javascript-test-smells/repositories/luxon/test/datetime/tokenParse.test.js,Magic Number,"{'line': 42, 'column': 24, 'index': 1409}","  40 |   expect(i.day).toBe(3);
  41 |   expect(i.hour).toBe(9);
> 42 |   expect(i.minute).toBe(7);
     |                        ^ Magic Number
  43 |   expect(i.second).toBe(5);
  44 |   expect(i.millisecond).toBe(4);
  45 | });"
/home/gabriel/Disk/Research/research-javascript-test-smells/repositories/luxon/test/datetime/tokenParse.test.js,Magic Number,"{'line': 43, 'column': 24, 'index': 1437}","  41 |   expect(i.hour).toBe(9);
  42 |   expect(i.minute).toBe(7);
> 43 |   expect(i.second).toBe(5);
     |                        ^ Magic Number
  44 |   expect(i.millisecond).toBe(4);
  45 | });
  46 |"
/home/gabriel/Disk/Research/research-javascript-test-smells/repositories/luxon/test/datetime/tokenParse.test.js,Magic Number,"{'line': 44, 'column': 29, 'index': 1470}","  42 |   expect(i.minute).toBe(7);
  43 |   expect(i.second).toBe(5);
> 44 |   expect(i.millisecond).toBe(4);
     |                             ^ Magic Number
  45 | });
  46 |
  47 | test(""DateTime.fromFormat() parses meridiems"", () => {"
/home/gabriel/Disk/Research/research-javascript-test-smells/repositories/luxon/test/datetime/tokenParse.test.js,Magic Number,"{'line': 49, 'column': 22, 'index': 1624}","  47 | test(""DateTime.fromFormat() parses meridiems"", () => {
  48 |   let i = DateTime.fromFormat(""1982/05/25 9 PM"", ""yyyy/MM/dd h a"");
> 49 |   expect(i.year).toBe(1982);
     |                      ^ Magic Number
  50 |   expect(i.month).toBe(5);
  51 |   expect(i.day).toBe(25);
  52 |   expect(i.hour).toBe(21);"
/home/gabriel/Disk/Research/research-javascript-test-smells/repositories/luxon/test/datetime/tokenParse.test.js,Magic Number,"{'line': 50, 'column': 23, 'index': 1654}","  48 |   let i = DateTime.fromFormat(""1982/05/25 9 PM"", ""yyyy/MM/dd h a"");
  49 |   expect(i.year).toBe(1982);
> 50 |   expect(i.month).toBe(5);
     |                       ^ Magic Number
  51 |   expect(i.day).toBe(25);
  52 |   expect(i.hour).toBe(21);
  53 |"
/home/gabriel/Disk/Research/research-javascript-test-smells/repositories/luxon/test/datetime/tokenParse.test.js,Magic Number,"{'line': 51, 'column': 21, 'index': 1679}","  49 |   expect(i.year).toBe(1982);
  50 |   expect(i.month).toBe(5);
> 51 |   expect(i.day).toBe(25);
     |                     ^ Magic Number
  52 |   expect(i.hour).toBe(21);
  53 |
  54 |   i = DateTime.fromFormat(""1982/05/25 9 AM"", ""yyyy/MM/dd h a"");"
/home/gabriel/Disk/Research/research-javascript-test-smells/repositories/luxon/test/datetime/tokenParse.test.js,Magic Number,"{'line': 52, 'column': 22, 'index': 1706}","  50 |   expect(i.month).toBe(5);
  51 |   expect(i.day).toBe(25);
> 52 |   expect(i.hour).toBe(21);
     |                      ^ Magic Number
  53 |
  54 |   i = DateTime.fromFormat(""1982/05/25 9 AM"", ""yyyy/MM/dd h a"");
  55 |   expect(i.year).toBe(1982);"
/home/gabriel/Disk/Research/research-javascript-test-smells/repositories/luxon/test/datetime/tokenParse.test.js,Magic Number,"{'line': 55, 'column': 22, 'index': 1798}","  53 |
  54 |   i = DateTime.fromFormat(""1982/05/25 9 AM"", ""yyyy/MM/dd h a"");
> 55 |   expect(i.year).toBe(1982);
     |                      ^ Magic Number
  56 |   expect(i.month).toBe(5);
  57 |   expect(i.day).toBe(25);
  58 |   expect(i.hour).toBe(9);"
/home/gabriel/Disk/Research/research-javascript-test-smells/repositories/luxon/test/datetime/tokenParse.test.js,Magic Number,"{'line': 56, 'column': 23, 'index': 1828}","  54 |   i = DateTime.fromFormat(""1982/05/25 9 AM"", ""yyyy/MM/dd h a"");
  55 |   expect(i.year).toBe(1982);
> 56 |   expect(i.month).toBe(5);
     |                       ^ Magic Number
  57 |   expect(i.day).toBe(25);
  58 |   expect(i.hour).toBe(9);
  59 |"
/home/gabriel/Disk/Research/research-javascript-test-smells/repositories/luxon/test/datetime/tokenParse.test.js,Magic Number,"{'line': 57, 'column': 21, 'index': 1853}","  55 |   expect(i.year).toBe(1982);
  56 |   expect(i.month).toBe(5);
> 57 |   expect(i.day).toBe(25);
     |                     ^ Magic Number
  58 |   expect(i.hour).toBe(9);
  59 |
  60 |   i = DateTime.fromFormat(""1982/05/25 12 AM"", ""yyyy/MM/dd h a"");"
/home/gabriel/Disk/Research/research-javascript-test-smells/repositories/luxon/test/datetime/tokenParse.test.js,Magic Number,"{'line': 58, 'column': 22, 'index': 1880}","  56 |   expect(i.month).toBe(5);
  57 |   expect(i.day).toBe(25);
> 58 |   expect(i.hour).toBe(9);
     |                      ^ Magic Number
  59 |
  60 |   i = DateTime.fromFormat(""1982/05/25 12 AM"", ""yyyy/MM/dd h a"");
  61 |   expect(i.year).toBe(1982);"
/home/gabriel/Disk/Research/research-javascript-test-smells/repositories/luxon/test/datetime/tokenParse.test.js,Magic Number,"{'line': 61, 'column': 22, 'index': 1972}","  59 |
  60 |   i = DateTime.fromFormat(""1982/05/25 12 AM"", ""yyyy/MM/dd h a"");
> 61 |   expect(i.year).toBe(1982);
     |                      ^ Magic Number
  62 |   expect(i.month).toBe(5);
  63 |   expect(i.day).toBe(25);
  64 |   expect(i.hour).toBe(0);"
/home/gabriel/Disk/Research/research-javascript-test-smells/repositories/luxon/test/datetime/tokenParse.test.js,Magic Number,"{'line': 62, 'column': 23, 'index': 2002}","  60 |   i = DateTime.fromFormat(""1982/05/25 12 AM"", ""yyyy/MM/dd h a"");
  61 |   expect(i.year).toBe(1982);
> 62 |   expect(i.month).toBe(5);
     |                       ^ Magic Number
  63 |   expect(i.day).toBe(25);
  64 |   expect(i.hour).toBe(0);
  65 |"
/home/gabriel/Disk/Research/research-javascript-test-smells/repositories/luxon/test/datetime/tokenParse.test.js,Magic Number,"{'line': 63, 'column': 21, 'index': 2027}","  61 |   expect(i.year).toBe(1982);
  62 |   expect(i.month).toBe(5);
> 63 |   expect(i.day).toBe(25);
     |                     ^ Magic Number
  64 |   expect(i.hour).toBe(0);
  65 |
  66 |   i = DateTime.fromFormat(""1982/05/25 12 PM"", ""yyyy/MM/dd h a"");"
/home/gabriel/Disk/Research/research-javascript-test-smells/repositories/luxon/test/datetime/tokenParse.test.js,Magic Number,"{'line': 64, 'column': 22, 'index': 2054}","  62 |   expect(i.month).toBe(5);
  63 |   expect(i.day).toBe(25);
> 64 |   expect(i.hour).toBe(0);
     |                      ^ Magic Number
  65 |
  66 |   i = DateTime.fromFormat(""1982/05/25 12 PM"", ""yyyy/MM/dd h a"");
  67 |   expect(i.year).toBe(1982);"
/home/gabriel/Disk/Research/research-javascript-test-smells/repositories/luxon/test/datetime/tokenParse.test.js,Magic Number,"{'line': 67, 'column': 22, 'index': 2146}","  65 |
  66 |   i = DateTime.fromFormat(""1982/05/25 12 PM"", ""yyyy/MM/dd h a"");
> 67 |   expect(i.year).toBe(1982);
     |                      ^ Magic Number
  68 |   expect(i.month).toBe(5);
  69 |   expect(i.day).toBe(25);
  70 |   expect(i.hour).toBe(12);"
/home/gabriel/Disk/Research/research-javascript-test-smells/repositories/luxon/test/datetime/tokenParse.test.js,Magic Number,"{'line': 68, 'column': 23, 'index': 2176}","  66 |   i = DateTime.fromFormat(""1982/05/25 12 PM"", ""yyyy/MM/dd h a"");
  67 |   expect(i.year).toBe(1982);
> 68 |   expect(i.month).toBe(5);
     |                       ^ Magic Number
  69 |   expect(i.day).toBe(25);
  70 |   expect(i.hour).toBe(12);
  71 | });"
/home/gabriel/Disk/Research/research-javascript-test-smells/repositories/luxon/test/datetime/tokenParse.test.js,Magic Number,"{'line': 69, 'column': 21, 'index': 2201}","  67 |   expect(i.year).toBe(1982);
  68 |   expect(i.month).toBe(5);
> 69 |   expect(i.day).toBe(25);
     |                     ^ Magic Number
  70 |   expect(i.hour).toBe(12);
  71 | });
  72 |"
/home/gabriel/Disk/Research/research-javascript-test-smells/repositories/luxon/test/datetime/tokenParse.test.js,Magic Number,"{'line': 70, 'column': 22, 'index': 2228}","  68 |   expect(i.month).toBe(5);
  69 |   expect(i.day).toBe(25);
> 70 |   expect(i.hour).toBe(12);
     |                      ^ Magic Number
  71 | });
  72 |
  73 | test(""DateTime.fromFormat() throws if you specify meridiem with 24-hour time"", () => {"
/home/gabriel/Disk/Research/research-javascript-test-smells/repositories/luxon/test/datetime/tokenParse.test.js,Magic Number,"{'line': 82, 'column': 26, 'index': 2682}","  80 |     const d = DateTime.fromFormat(input, ""hh:mm a"");
  81 |     expect(d.hour).toBe(isAM ? 10 : 22);
> 82 |     expect(d.minute).toBe(45);
     |                          ^ Magic Number
  83 |     expect(d.second).toBe(0);
  84 |   }
  85 |"
/home/gabriel/Disk/Research/research-javascript-test-smells/repositories/luxon/test/datetime/tokenParse.test.js,Magic Number,"{'line': 83, 'column': 26, 'index': 2713}","  81 |     expect(d.hour).toBe(isAM ? 10 : 22);
  82 |     expect(d.minute).toBe(45);
> 83 |     expect(d.second).toBe(0);
     |                          ^ Magic Number
  84 |   }
  85 |
  86 |   // Meridiem for this locale is ""a. m."" or ""p. m."", with a non breakable space"
/home/gabriel/Disk/Research/research-javascript-test-smells/repositories/luxon/test/datetime/tokenParse.test.js,Magic Number,"{'line': 114, 'column': 50, 'index': 3761}","  112 | test(""DateTime.fromFormat() parses variable-digit years"", () => {
  113 |   expect(DateTime.fromFormat("""", ""y"").isValid).toBe(false);
> 114 |   expect(DateTime.fromFormat(""2"", ""y"").year).toBe(2);
      |                                                  ^ Magic Number
  115 |   expect(DateTime.fromFormat(""22"", ""y"").year).toBe(22);
  116 |   expect(DateTime.fromFormat(""222"", ""y"").year).toBe(222);
  117 |   expect(DateTime.fromFormat(""2222"", ""y"").year).toBe(2222);"
/home/gabriel/Disk/Research/research-javascript-test-smells/repositories/luxon/test/datetime/tokenParse.test.js,Magic Number,"{'line': 115, 'column': 51, 'index': 3816}","  113 |   expect(DateTime.fromFormat("""", ""y"").isValid).toBe(false);
  114 |   expect(DateTime.fromFormat(""2"", ""y"").year).toBe(2);
> 115 |   expect(DateTime.fromFormat(""22"", ""y"").year).toBe(22);
      |                                                   ^ Magic Number
  116 |   expect(DateTime.fromFormat(""222"", ""y"").year).toBe(222);
  117 |   expect(DateTime.fromFormat(""2222"", ""y"").year).toBe(2222);
  118 |   expect(DateTime.fromFormat(""22222"", ""y"").year).toBe(22222);"
/home/gabriel/Disk/Research/research-javascript-test-smells/repositories/luxon/test/datetime/tokenParse.test.js,Magic Number,"{'line': 116, 'column': 52, 'index': 3873}","  114 |   expect(DateTime.fromFormat(""2"", ""y"").year).toBe(2);
  115 |   expect(DateTime.fromFormat(""22"", ""y"").year).toBe(22);
> 116 |   expect(DateTime.fromFormat(""222"", ""y"").year).toBe(222);
      |                                                    ^ Magic Number
  117 |   expect(DateTime.fromFormat(""2222"", ""y"").year).toBe(2222);
  118 |   expect(DateTime.fromFormat(""22222"", ""y"").year).toBe(22222);
  119 |   expect(DateTime.fromFormat(""222222"", ""y"").year).toBe(222222);"
/home/gabriel/Disk/Research/research-javascript-test-smells/repositories/luxon/test/datetime/tokenParse.test.js,Magic Number,"{'line': 117, 'column': 53, 'index': 3932}","  115 |   expect(DateTime.fromFormat(""22"", ""y"").year).toBe(22);
  116 |   expect(DateTime.fromFormat(""222"", ""y"").year).toBe(222);
> 117 |   expect(DateTime.fromFormat(""2222"", ""y"").year).toBe(2222);
      |                                                     ^ Magic Number
  118 |   expect(DateTime.fromFormat(""22222"", ""y"").year).toBe(22222);
  119 |   expect(DateTime.fromFormat(""222222"", ""y"").year).toBe(222222);
  120 |   expect(DateTime.fromFormat(""2222222"", ""y"").isValid).toBe(false);"
/home/gabriel/Disk/Research/research-javascript-test-smells/repositories/luxon/test/datetime/tokenParse.test.js,Magic Number,"{'line': 118, 'column': 54, 'index': 3993}","  116 |   expect(DateTime.fromFormat(""222"", ""y"").year).toBe(222);
  117 |   expect(DateTime.fromFormat(""2222"", ""y"").year).toBe(2222);
> 118 |   expect(DateTime.fromFormat(""22222"", ""y"").year).toBe(22222);
      |                                                      ^ Magic Number
  119 |   expect(DateTime.fromFormat(""222222"", ""y"").year).toBe(222222);
  120 |   expect(DateTime.fromFormat(""2222222"", ""y"").isValid).toBe(false);
  121 | });"
/home/gabriel/Disk/Research/research-javascript-test-smells/repositories/luxon/test/datetime/tokenParse.test.js,Magic Number,"{'line': 119, 'column': 55, 'index': 4056}","  117 |   expect(DateTime.fromFormat(""2222"", ""y"").year).toBe(2222);
  118 |   expect(DateTime.fromFormat(""22222"", ""y"").year).toBe(22222);
> 119 |   expect(DateTime.fromFormat(""222222"", ""y"").year).toBe(222222);
      |                                                       ^ Magic Number
  120 |   expect(DateTime.fromFormat(""2222222"", ""y"").isValid).toBe(false);
  121 | });
  122 |"
/home/gabriel/Disk/Research/research-javascript-test-smells/repositories/luxon/test/datetime/tokenParse.test.js,Magic Number,"{'line': 125, 'column': 57, 'index': 4343}","  123 | test(""DateTime.fromFormat() with yyyyy optionally parses extended years"", () => {
  124 |   expect(DateTime.fromFormat(""222"", ""yyyyy"").isValid).toBe(false);
> 125 |   expect(DateTime.fromFormat(""2222"", ""yyyyy"").year).toBe(2222);
      |                                                         ^ Magic Number
  126 |   expect(DateTime.fromFormat(""22222"", ""yyyyy"").year).toBe(22222);
  127 |   expect(DateTime.fromFormat(""222222"", ""yyyyy"").year).toBe(222222);
  128 |   expect(DateTime.fromFormat(""2222222"", ""yyyyy"").isValid).toBe(false);"
/home/gabriel/Disk/Research/research-javascript-test-smells/repositories/luxon/test/datetime/tokenParse.test.js,Magic Number,"{'line': 126, 'column': 58, 'index': 4408}","  124 |   expect(DateTime.fromFormat(""222"", ""yyyyy"").isValid).toBe(false);
  125 |   expect(DateTime.fromFormat(""2222"", ""yyyyy"").year).toBe(2222);
> 126 |   expect(DateTime.fromFormat(""22222"", ""yyyyy"").year).toBe(22222);
      |                                                          ^ Magic Number
  127 |   expect(DateTime.fromFormat(""222222"", ""yyyyy"").year).toBe(222222);
  128 |   expect(DateTime.fromFormat(""2222222"", ""yyyyy"").isValid).toBe(false);
  129 | });"
/home/gabriel/Disk/Research/research-javascript-test-smells/repositories/luxon/test/datetime/tokenParse.test.js,Magic Number,"{'line': 127, 'column': 59, 'index': 4475}","  125 |   expect(DateTime.fromFormat(""2222"", ""yyyyy"").year).toBe(2222);
  126 |   expect(DateTime.fromFormat(""22222"", ""yyyyy"").year).toBe(22222);
> 127 |   expect(DateTime.fromFormat(""222222"", ""yyyyy"").year).toBe(222222);
      |                                                           ^ Magic Number
  128 |   expect(DateTime.fromFormat(""2222222"", ""yyyyy"").isValid).toBe(false);
  129 | });
  130 |"
/home/gabriel/Disk/Research/research-javascript-test-smells/repositories/luxon/test/datetime/tokenParse.test.js,Magic Number,"{'line': 133, 'column': 60, 'index': 4770}","  131 | test(""DateTime.fromFormat() with yyyyyy strictly parses extended years"", () => {
  132 |   expect(DateTime.fromFormat(""2222"", ""yyyyyy"").isValid).toBe(false);
> 133 |   expect(DateTime.fromFormat(""222222"", ""yyyyyy"").year).toBe(222222);
      |                                                            ^ Magic Number
  134 |   expect(DateTime.fromFormat(""022222"", ""yyyyyy"").year).toBe(22222);
  135 |   expect(DateTime.fromFormat(""2222222"", ""yyyyyy"").isValid).toBe(false);
  136 | });"
/home/gabriel/Disk/Research/research-javascript-test-smells/repositories/luxon/test/datetime/tokenParse.test.js,Magic Number,"{'line': 134, 'column': 60, 'index': 4839}","  132 |   expect(DateTime.fromFormat(""2222"", ""yyyyyy"").isValid).toBe(false);
  133 |   expect(DateTime.fromFormat(""222222"", ""yyyyyy"").year).toBe(222222);
> 134 |   expect(DateTime.fromFormat(""022222"", ""yyyyyy"").year).toBe(22222);
      |                                                            ^ Magic Number
  135 |   expect(DateTime.fromFormat(""2222222"", ""yyyyyy"").isValid).toBe(false);
  136 | });
  137 |"
/home/gabriel/Disk/Research/research-javascript-test-smells/repositories/luxon/test/datetime/tokenParse.test.js,Magic Number,"{'line': 139, 'column': 52, 'index': 5047}","  137 |
  138 | test(""DateTime.fromFormat() defaults yy to the right century"", () => {
> 139 |   expect(DateTime.fromFormat(""60"", ""yy"").year).toBe(2060);
      |                                                    ^ Magic Number
  140 |   expect(DateTime.fromFormat(""61"", ""yy"").year).toBe(1961);
  141 |   expect(DateTime.fromFormat(""1960"", ""yy"").year).toBe(1960);
  142 | });"
/home/gabriel/Disk/Research/research-javascript-test-smells/repositories/luxon/test/datetime/tokenParse.test.js,Magic Number,"{'line': 140, 'column': 52, 'index': 5106}","  138 | test(""DateTime.fromFormat() defaults yy to the right century"", () => {
  139 |   expect(DateTime.fromFormat(""60"", ""yy"").year).toBe(2060);
> 140 |   expect(DateTime.fromFormat(""61"", ""yy"").year).toBe(1961);
      |                                                    ^ Magic Number
  141 |   expect(DateTime.fromFormat(""1960"", ""yy"").year).toBe(1960);
  142 | });
  143 |"
/home/gabriel/Disk/Research/research-javascript-test-smells/repositories/luxon/test/datetime/tokenParse.test.js,Magic Number,"{'line': 141, 'column': 54, 'index': 5167}","  139 |   expect(DateTime.fromFormat(""60"", ""yy"").year).toBe(2060);
  140 |   expect(DateTime.fromFormat(""61"", ""yy"").year).toBe(1961);
> 141 |   expect(DateTime.fromFormat(""1960"", ""yy"").year).toBe(1960);
      |                                                      ^ Magic Number
  142 | });
  143 |
  144 | test(""DateTime.fromFormat() respects Settings.twoDigitCutoffYear when parsing yy to the right century"", () => {"
/home/gabriel/Disk/Research/research-javascript-test-smells/repositories/luxon/test/datetime/tokenParse.test.js,Magic Number,"{'line': 149, 'column': 54, 'index': 5453}","  147 |   try {
  148 |     Settings.twoDigitCutoffYear = 50;
> 149 |     expect(DateTime.fromFormat(""50"", ""yy"").year).toBe(2050);
      |                                                      ^ Magic Number
  150 |     expect(DateTime.fromFormat(""51"", ""yy"").year).toBe(1951);
  151 |     expect(DateTime.fromFormat(""1950"", ""yy"").year).toBe(1950);
  152 |   } finally {"
/home/gabriel/Disk/Research/research-javascript-test-smells/repositories/luxon/test/datetime/tokenParse.test.js,Magic Number,"{'line': 150, 'column': 54, 'index': 5514}","  148 |     Settings.twoDigitCutoffYear = 50;
  149 |     expect(DateTime.fromFormat(""50"", ""yy"").year).toBe(2050);
> 150 |     expect(DateTime.fromFormat(""51"", ""yy"").year).toBe(1951);
      |                                                      ^ Magic Number
  151 |     expect(DateTime.fromFormat(""1950"", ""yy"").year).toBe(1950);
  152 |   } finally {
  153 |     Settings.twoDigitCutoffYear = oldTwoDigitCutoffYear;"
/home/gabriel/Disk/Research/research-javascript-test-smells/repositories/luxon/test/datetime/tokenParse.test.js,Magic Number,"{'line': 151, 'column': 56, 'index': 5577}","  149 |     expect(DateTime.fromFormat(""50"", ""yy"").year).toBe(2050);
  150 |     expect(DateTime.fromFormat(""51"", ""yy"").year).toBe(1951);
> 151 |     expect(DateTime.fromFormat(""1950"", ""yy"").year).toBe(1950);
      |                                                        ^ Magic Number
  152 |   } finally {
  153 |     Settings.twoDigitCutoffYear = oldTwoDigitCutoffYear;
  154 |   }"
/home/gabriel/Disk/Research/research-javascript-test-smells/repositories/luxon/test/datetime/tokenParse.test.js,Magic Number,"{'line': 158, 'column': 50, 'index': 5765}","  156 |
  157 | test(""DateTime.fromFormat() parses hours"", () => {
> 158 |   expect(DateTime.fromFormat(""5"", ""h"").hour).toBe(5);
      |                                                  ^ Magic Number
  159 |   expect(DateTime.fromFormat(""12"", ""h"").hour).toBe(12);
  160 |   expect(DateTime.fromFormat(""05"", ""hh"").hour).toBe(5);
  161 |   expect(DateTime.fromFormat(""12"", ""hh"").hour).toBe(12);"
/home/gabriel/Disk/Research/research-javascript-test-smells/repositories/luxon/test/datetime/tokenParse.test.js,Magic Number,"{'line': 159, 'column': 51, 'index': 5820}","  157 | test(""DateTime.fromFormat() parses hours"", () => {
  158 |   expect(DateTime.fromFormat(""5"", ""h"").hour).toBe(5);
> 159 |   expect(DateTime.fromFormat(""12"", ""h"").hour).toBe(12);
      |                                                   ^ Magic Number
  160 |   expect(DateTime.fromFormat(""05"", ""hh"").hour).toBe(5);
  161 |   expect(DateTime.fromFormat(""12"", ""hh"").hour).toBe(12);
  162 |   expect(DateTime.fromFormat(""5"", ""H"").hour).toBe(5);"
/home/gabriel/Disk/Research/research-javascript-test-smells/repositories/luxon/test/datetime/tokenParse.test.js,Magic Number,"{'line': 160, 'column': 52, 'index': 5877}","  158 |   expect(DateTime.fromFormat(""5"", ""h"").hour).toBe(5);
  159 |   expect(DateTime.fromFormat(""12"", ""h"").hour).toBe(12);
> 160 |   expect(DateTime.fromFormat(""05"", ""hh"").hour).toBe(5);
      |                                                    ^ Magic Number
  161 |   expect(DateTime.fromFormat(""12"", ""hh"").hour).toBe(12);
  162 |   expect(DateTime.fromFormat(""5"", ""H"").hour).toBe(5);
  163 |   expect(DateTime.fromFormat(""13"", ""H"").hour).toBe(13);"
/home/gabriel/Disk/Research/research-javascript-test-smells/repositories/luxon/test/datetime/tokenParse.test.js,Magic Number,"{'line': 161, 'column': 52, 'index': 5933}","  159 |   expect(DateTime.fromFormat(""12"", ""h"").hour).toBe(12);
  160 |   expect(DateTime.fromFormat(""05"", ""hh"").hour).toBe(5);
> 161 |   expect(DateTime.fromFormat(""12"", ""hh"").hour).toBe(12);
      |                                                    ^ Magic Number
  162 |   expect(DateTime.fromFormat(""5"", ""H"").hour).toBe(5);
  163 |   expect(DateTime.fromFormat(""13"", ""H"").hour).toBe(13);
  164 |   expect(DateTime.fromFormat(""05"", ""HH"").hour).toBe(5);"
/home/gabriel/Disk/Research/research-javascript-test-smells/repositories/luxon/test/datetime/tokenParse.test.js,Magic Number,"{'line': 162, 'column': 50, 'index': 5988}","  160 |   expect(DateTime.fromFormat(""05"", ""hh"").hour).toBe(5);
  161 |   expect(DateTime.fromFormat(""12"", ""hh"").hour).toBe(12);
> 162 |   expect(DateTime.fromFormat(""5"", ""H"").hour).toBe(5);
      |                                                  ^ Magic Number
  163 |   expect(DateTime.fromFormat(""13"", ""H"").hour).toBe(13);
  164 |   expect(DateTime.fromFormat(""05"", ""HH"").hour).toBe(5);
  165 |   expect(DateTime.fromFormat(""13"", ""HH"").hour).toBe(13);"
/home/gabriel/Disk/Research/research-javascript-test-smells/repositories/luxon/test/datetime/tokenParse.test.js,Magic Number,"{'line': 163, 'column': 51, 'index': 6043}","  161 |   expect(DateTime.fromFormat(""12"", ""hh"").hour).toBe(12);
  162 |   expect(DateTime.fromFormat(""5"", ""H"").hour).toBe(5);
> 163 |   expect(DateTime.fromFormat(""13"", ""H"").hour).toBe(13);
      |                                                   ^ Magic Number
  164 |   expect(DateTime.fromFormat(""05"", ""HH"").hour).toBe(5);
  165 |   expect(DateTime.fromFormat(""13"", ""HH"").hour).toBe(13);
  166 | });"
/home/gabriel/Disk/Research/research-javascript-test-smells/repositories/luxon/test/datetime/tokenParse.test.js,Magic Number,"{'line': 164, 'column': 52, 'index': 6100}","  162 |   expect(DateTime.fromFormat(""5"", ""H"").hour).toBe(5);
  163 |   expect(DateTime.fromFormat(""13"", ""H"").hour).toBe(13);
> 164 |   expect(DateTime.fromFormat(""05"", ""HH"").hour).toBe(5);
      |                                                    ^ Magic Number
  165 |   expect(DateTime.fromFormat(""13"", ""HH"").hour).toBe(13);
  166 | });
  167 |"
/home/gabriel/Disk/Research/research-javascript-test-smells/repositories/luxon/test/datetime/tokenParse.test.js,Magic Number,"{'line': 165, 'column': 52, 'index': 6156}","  163 |   expect(DateTime.fromFormat(""13"", ""H"").hour).toBe(13);
  164 |   expect(DateTime.fromFormat(""05"", ""HH"").hour).toBe(5);
> 165 |   expect(DateTime.fromFormat(""13"", ""HH"").hour).toBe(13);
      |                                                    ^ Magic Number
  166 | });
  167 |
  168 | test(""DateTime.fromFormat() parses milliseconds"", () => {"
/home/gabriel/Disk/Research/research-javascript-test-smells/repositories/luxon/test/datetime/tokenParse.test.js,Magic Number,"{'line': 169, 'column': 57, 'index': 6281}","  167 |
  168 | test(""DateTime.fromFormat() parses milliseconds"", () => {
> 169 |   expect(DateTime.fromFormat(""1"", ""S"").millisecond).toBe(1);
      |                                                         ^ Magic Number
  170 |   expect(DateTime.fromFormat(""12"", ""S"").millisecond).toBe(12);
  171 |   expect(DateTime.fromFormat(""123"", ""S"").millisecond).toBe(123);
  172 |   expect(DateTime.fromFormat(""1234"", ""S"").isValid).toBe(false);"
/home/gabriel/Disk/Research/research-javascript-test-smells/repositories/luxon/test/datetime/tokenParse.test.js,Magic Number,"{'line': 170, 'column': 58, 'index': 6343}","  168 | test(""DateTime.fromFormat() parses milliseconds"", () => {
  169 |   expect(DateTime.fromFormat(""1"", ""S"").millisecond).toBe(1);
> 170 |   expect(DateTime.fromFormat(""12"", ""S"").millisecond).toBe(12);
      |                                                          ^ Magic Number
  171 |   expect(DateTime.fromFormat(""123"", ""S"").millisecond).toBe(123);
  172 |   expect(DateTime.fromFormat(""1234"", ""S"").isValid).toBe(false);
  173 |"
/home/gabriel/Disk/Research/research-javascript-test-smells/repositories/luxon/test/datetime/tokenParse.test.js,Magic Number,"{'line': 171, 'column': 59, 'index': 6407}","  169 |   expect(DateTime.fromFormat(""1"", ""S"").millisecond).toBe(1);
  170 |   expect(DateTime.fromFormat(""12"", ""S"").millisecond).toBe(12);
> 171 |   expect(DateTime.fromFormat(""123"", ""S"").millisecond).toBe(123);
      |                                                           ^ Magic Number
  172 |   expect(DateTime.fromFormat(""1234"", ""S"").isValid).toBe(false);
  173 |
  174 |   expect(DateTime.fromFormat(""1"", ""S"").millisecond).toBe(1);"
/home/gabriel/Disk/Research/research-javascript-test-smells/repositories/luxon/test/datetime/tokenParse.test.js,Magic Number,"{'line': 174, 'column': 57, 'index': 6535}","  172 |   expect(DateTime.fromFormat(""1234"", ""S"").isValid).toBe(false);
  173 |
> 174 |   expect(DateTime.fromFormat(""1"", ""S"").millisecond).toBe(1);
      |                                                         ^ Magic Number
  175 |   expect(DateTime.fromFormat(""12"", ""S"").millisecond).toBe(12);
  176 |   expect(DateTime.fromFormat(""123"", ""S"").millisecond).toBe(123);
  177 |"
/home/gabriel/Disk/Research/research-javascript-test-smells/repositories/luxon/test/datetime/tokenParse.test.js,Magic Number,"{'line': 175, 'column': 58, 'index': 6597}","  173 |
  174 |   expect(DateTime.fromFormat(""1"", ""S"").millisecond).toBe(1);
> 175 |   expect(DateTime.fromFormat(""12"", ""S"").millisecond).toBe(12);
      |                                                          ^ Magic Number
  176 |   expect(DateTime.fromFormat(""123"", ""S"").millisecond).toBe(123);
  177 |
  178 |   expect(DateTime.fromFormat(""1"", ""SSS"").isValid).toBe(false);"
/home/gabriel/Disk/Research/research-javascript-test-smells/repositories/luxon/test/datetime/tokenParse.test.js,Magic Number,"{'line': 176, 'column': 59, 'index': 6661}","  174 |   expect(DateTime.fromFormat(""1"", ""S"").millisecond).toBe(1);
  175 |   expect(DateTime.fromFormat(""12"", ""S"").millisecond).toBe(12);
> 176 |   expect(DateTime.fromFormat(""123"", ""S"").millisecond).toBe(123);
      |                                                           ^ Magic Number
  177 |
  178 |   expect(DateTime.fromFormat(""1"", ""SSS"").isValid).toBe(false);
  179 |   expect(DateTime.fromFormat(""12"", ""SSS"").isValid).toBe(false);"
/home/gabriel/Disk/Research/research-javascript-test-smells/repositories/luxon/test/datetime/tokenParse.test.js,Magic Number,"{'line': 180, 'column': 61, 'index': 6856}","  178 |   expect(DateTime.fromFormat(""1"", ""SSS"").isValid).toBe(false);
  179 |   expect(DateTime.fromFormat(""12"", ""SSS"").isValid).toBe(false);
> 180 |   expect(DateTime.fromFormat(""123"", ""SSS"").millisecond).toBe(123);
      |                                                             ^ Magic Number
  181 |   expect(DateTime.fromFormat(""023"", ""SSS"").millisecond).toBe(23);
  182 |   expect(DateTime.fromFormat(""1234"", ""SSS"").isValid).toBe(false);
  183 | });"
/home/gabriel/Disk/Research/research-javascript-test-smells/repositories/luxon/test/datetime/tokenParse.test.js,Magic Number,"{'line': 181, 'column': 61, 'index': 6923}","  179 |   expect(DateTime.fromFormat(""12"", ""SSS"").isValid).toBe(false);
  180 |   expect(DateTime.fromFormat(""123"", ""SSS"").millisecond).toBe(123);
> 181 |   expect(DateTime.fromFormat(""023"", ""SSS"").millisecond).toBe(23);
      |                                                             ^ Magic Number
  182 |   expect(DateTime.fromFormat(""1234"", ""SSS"").isValid).toBe(false);
  183 | });
  184 |"
/home/gabriel/Disk/Research/research-javascript-test-smells/repositories/luxon/test/datetime/tokenParse.test.js,Magic Number,"{'line': 186, 'column': 57, 'index': 7120}","  184 |
  185 | test(""DateTime.fromFormat() parses fractional seconds"", () => {
> 186 |   expect(DateTime.fromFormat(""1"", ""u"").millisecond).toBe(100);
      |                                                         ^ Magic Number
  187 |   expect(DateTime.fromFormat(""12"", ""u"").millisecond).toBe(120);
  188 |   expect(DateTime.fromFormat(""123"", ""u"").millisecond).toBe(123);
  189 |   expect(DateTime.fromFormat(""023"", ""u"").millisecond).toBe(23);"
/home/gabriel/Disk/Research/research-javascript-test-smells/repositories/luxon/test/datetime/tokenParse.test.js,Magic Number,"{'line': 187, 'column': 58, 'index': 7184}","  185 | test(""DateTime.fromFormat() parses fractional seconds"", () => {
  186 |   expect(DateTime.fromFormat(""1"", ""u"").millisecond).toBe(100);
> 187 |   expect(DateTime.fromFormat(""12"", ""u"").millisecond).toBe(120);
      |                                                          ^ Magic Number
  188 |   expect(DateTime.fromFormat(""123"", ""u"").millisecond).toBe(123);
  189 |   expect(DateTime.fromFormat(""023"", ""u"").millisecond).toBe(23);
  190 |   expect(DateTime.fromFormat(""003"", ""u"").millisecond).toBe(3);"
/home/gabriel/Disk/Research/research-javascript-test-smells/repositories/luxon/test/datetime/tokenParse.test.js,Magic Number,"{'line': 188, 'column': 59, 'index': 7249}","  186 |   expect(DateTime.fromFormat(""1"", ""u"").millisecond).toBe(100);
  187 |   expect(DateTime.fromFormat(""12"", ""u"").millisecond).toBe(120);
> 188 |   expect(DateTime.fromFormat(""123"", ""u"").millisecond).toBe(123);
      |                                                           ^ Magic Number
  189 |   expect(DateTime.fromFormat(""023"", ""u"").millisecond).toBe(23);
  190 |   expect(DateTime.fromFormat(""003"", ""u"").millisecond).toBe(3);
  191 |   expect(DateTime.fromFormat(""1234"", ""u"").millisecond).toBe(123);"
/home/gabriel/Disk/Research/research-javascript-test-smells/repositories/luxon/test/datetime/tokenParse.test.js,Magic Number,"{'line': 189, 'column': 59, 'index': 7314}","  187 |   expect(DateTime.fromFormat(""12"", ""u"").millisecond).toBe(120);
  188 |   expect(DateTime.fromFormat(""123"", ""u"").millisecond).toBe(123);
> 189 |   expect(DateTime.fromFormat(""023"", ""u"").millisecond).toBe(23);
      |                                                           ^ Magic Number
  190 |   expect(DateTime.fromFormat(""003"", ""u"").millisecond).toBe(3);
  191 |   expect(DateTime.fromFormat(""1234"", ""u"").millisecond).toBe(123);
  192 |   expect(DateTime.fromFormat(""1235"", ""u"").millisecond).toBe(123);"
/home/gabriel/Disk/Research/research-javascript-test-smells/repositories/luxon/test/datetime/tokenParse.test.js,Magic Number,"{'line': 190, 'column': 59, 'index': 7378}","  188 |   expect(DateTime.fromFormat(""123"", ""u"").millisecond).toBe(123);
  189 |   expect(DateTime.fromFormat(""023"", ""u"").millisecond).toBe(23);
> 190 |   expect(DateTime.fromFormat(""003"", ""u"").millisecond).toBe(3);
      |                                                           ^ Magic Number
  191 |   expect(DateTime.fromFormat(""1234"", ""u"").millisecond).toBe(123);
  192 |   expect(DateTime.fromFormat(""1235"", ""u"").millisecond).toBe(123);
  193 |"
/home/gabriel/Disk/Research/research-javascript-test-smells/repositories/luxon/test/datetime/tokenParse.test.js,Magic Number,"{'line': 191, 'column': 60, 'index': 7442}","  189 |   expect(DateTime.fromFormat(""023"", ""u"").millisecond).toBe(23);
  190 |   expect(DateTime.fromFormat(""003"", ""u"").millisecond).toBe(3);
> 191 |   expect(DateTime.fromFormat(""1234"", ""u"").millisecond).toBe(123);
      |                                                            ^ Magic Number
  192 |   expect(DateTime.fromFormat(""1235"", ""u"").millisecond).toBe(123);
  193 |
  194 |   expect(DateTime.fromFormat(""1"", ""uu"").millisecond).toBe(100);"
/home/gabriel/Disk/Research/research-javascript-test-smells/repositories/luxon/test/datetime/tokenParse.test.js,Magic Number,"{'line': 192, 'column': 60, 'index': 7508}","  190 |   expect(DateTime.fromFormat(""003"", ""u"").millisecond).toBe(3);
  191 |   expect(DateTime.fromFormat(""1234"", ""u"").millisecond).toBe(123);
> 192 |   expect(DateTime.fromFormat(""1235"", ""u"").millisecond).toBe(123);
      |                                                            ^ Magic Number
  193 |
  194 |   expect(DateTime.fromFormat(""1"", ""uu"").millisecond).toBe(100);
  195 |   expect(DateTime.fromFormat(""12"", ""uu"").millisecond).toBe(120);"
/home/gabriel/Disk/Research/research-javascript-test-smells/repositories/luxon/test/datetime/tokenParse.test.js,Magic Number,"{'line': 194, 'column': 58, 'index': 7573}","  192 |   expect(DateTime.fromFormat(""1235"", ""u"").millisecond).toBe(123);
  193 |
> 194 |   expect(DateTime.fromFormat(""1"", ""uu"").millisecond).toBe(100);
      |                                                          ^ Magic Number
  195 |   expect(DateTime.fromFormat(""12"", ""uu"").millisecond).toBe(120);
  196 |   expect(DateTime.fromFormat(""02"", ""uu"").millisecond).toBe(20);
  197 |   expect(DateTime.fromFormat(""-33"", ""uu"").isValid).toBe(false);"
/home/gabriel/Disk/Research/research-javascript-test-smells/repositories/luxon/test/datetime/tokenParse.test.js,Magic Number,"{'line': 195, 'column': 59, 'index': 7638}","  193 |
  194 |   expect(DateTime.fromFormat(""1"", ""uu"").millisecond).toBe(100);
> 195 |   expect(DateTime.fromFormat(""12"", ""uu"").millisecond).toBe(120);
      |                                                           ^ Magic Number
  196 |   expect(DateTime.fromFormat(""02"", ""uu"").millisecond).toBe(20);
  197 |   expect(DateTime.fromFormat(""-33"", ""uu"").isValid).toBe(false);
  198 |"
/home/gabriel/Disk/Research/research-javascript-test-smells/repositories/luxon/test/datetime/tokenParse.test.js,Magic Number,"{'line': 196, 'column': 59, 'index': 7703}","  194 |   expect(DateTime.fromFormat(""1"", ""uu"").millisecond).toBe(100);
  195 |   expect(DateTime.fromFormat(""12"", ""uu"").millisecond).toBe(120);
> 196 |   expect(DateTime.fromFormat(""02"", ""uu"").millisecond).toBe(20);
      |                                                           ^ Magic Number
  197 |   expect(DateTime.fromFormat(""-33"", ""uu"").isValid).toBe(false);
  198 |
  199 |   expect(DateTime.fromFormat(""1"", ""uuu"").millisecond).toBe(100);"
/home/gabriel/Disk/Research/research-javascript-test-smells/repositories/luxon/test/datetime/tokenParse.test.js,Magic Number,"{'line': 199, 'column': 59, 'index': 7832}","  197 |   expect(DateTime.fromFormat(""-33"", ""uu"").isValid).toBe(false);
  198 |
> 199 |   expect(DateTime.fromFormat(""1"", ""uuu"").millisecond).toBe(100);
      |                                                           ^ Magic Number
  200 |   expect(DateTime.fromFormat(""-2"", ""uuu"").isValid).toBe(false);
  201 | });
  202 |"
/home/gabriel/Disk/Research/research-javascript-test-smells/repositories/luxon/test/datetime/tokenParse.test.js,Magic Number,"{'line': 204, 'column': 53, 'index': 8014}","  202 |
  203 | test(""DateTime.fromFormat() parses weekdays"", () => {
> 204 |   expect(DateTime.fromFormat(""5"", ""E"").weekday).toBe(5);
      |                                                     ^ Magic Number
  205 |   expect(DateTime.fromFormat(""5"", ""c"").weekday).toBe(5);
  206 |
  207 |   expect(DateTime.fromFormat(""Fri"", ""EEE"").weekday).toBe(5);"
/home/gabriel/Disk/Research/research-javascript-test-smells/repositories/luxon/test/datetime/tokenParse.test.js,Magic Number,"{'line': 205, 'column': 53, 'index': 8071}","  203 | test(""DateTime.fromFormat() parses weekdays"", () => {
  204 |   expect(DateTime.fromFormat(""5"", ""E"").weekday).toBe(5);
> 205 |   expect(DateTime.fromFormat(""5"", ""c"").weekday).toBe(5);
      |                                                     ^ Magic Number
  206 |
  207 |   expect(DateTime.fromFormat(""Fri"", ""EEE"").weekday).toBe(5);
  208 |   expect(DateTime.fromFormat(""Fri"", ""ccc"").weekday).toBe(5);"
/home/gabriel/Disk/Research/research-javascript-test-smells/repositories/luxon/test/datetime/tokenParse.test.js,Magic Number,"{'line': 207, 'column': 57, 'index': 8133}","  205 |   expect(DateTime.fromFormat(""5"", ""c"").weekday).toBe(5);
  206 |
> 207 |   expect(DateTime.fromFormat(""Fri"", ""EEE"").weekday).toBe(5);
      |                                                         ^ Magic Number
  208 |   expect(DateTime.fromFormat(""Fri"", ""ccc"").weekday).toBe(5);
  209 |
  210 |   expect(DateTime.fromFormat(""Friday"", ""EEEE"").weekday).toBe(5);"
/home/gabriel/Disk/Research/research-javascript-test-smells/repositories/luxon/test/datetime/tokenParse.test.js,Magic Number,"{'line': 208, 'column': 57, 'index': 8194}","  206 |
  207 |   expect(DateTime.fromFormat(""Fri"", ""EEE"").weekday).toBe(5);
> 208 |   expect(DateTime.fromFormat(""Fri"", ""ccc"").weekday).toBe(5);
      |                                                         ^ Magic Number
  209 |
  210 |   expect(DateTime.fromFormat(""Friday"", ""EEEE"").weekday).toBe(5);
  211 |   expect(DateTime.fromFormat(""Friday"", ""cccc"").weekday).toBe(5);"
/home/gabriel/Disk/Research/research-javascript-test-smells/repositories/luxon/test/datetime/tokenParse.test.js,Magic Number,"{'line': 210, 'column': 61, 'index': 8260}","  208 |   expect(DateTime.fromFormat(""Fri"", ""ccc"").weekday).toBe(5);
  209 |
> 210 |   expect(DateTime.fromFormat(""Friday"", ""EEEE"").weekday).toBe(5);
      |                                                             ^ Magic Number
  211 |   expect(DateTime.fromFormat(""Friday"", ""cccc"").weekday).toBe(5);
  212 | });
  213 |"
/home/gabriel/Disk/Research/research-javascript-test-smells/repositories/luxon/test/datetime/tokenParse.test.js,Magic Number,"{'line': 211, 'column': 61, 'index': 8325}","  209 |
  210 |   expect(DateTime.fromFormat(""Friday"", ""EEEE"").weekday).toBe(5);
> 211 |   expect(DateTime.fromFormat(""Friday"", ""cccc"").weekday).toBe(5);
      |                                                             ^ Magic Number
  212 | });
  213 |
  214 | test(""DateTime.fromFormat() parses eras"", () => {"
/home/gabriel/Disk/Research/research-javascript-test-smells/repositories/luxon/test/datetime/tokenParse.test.js,Magic Number,"{'line': 216, 'column': 26, 'index': 8463}","  214 | test(""DateTime.fromFormat() parses eras"", () => {
  215 |   let dt = DateTime.fromFormat(""0206 AD"", ""yyyy G"");
> 216 |   expect(dt.year).toEqual(206);
      |                          ^ Magic Number
  217 |
  218 |   dt = DateTime.fromFormat(""0206 BC"", ""yyyy G"");
  219 |   expect(dt.year).toEqual(-206);"
/home/gabriel/Disk/Research/research-javascript-test-smells/repositories/luxon/test/datetime/tokenParse.test.js,Magic Number,"{'line': 227, 'column': 21, 'index': 8800}","  225 | test(""DateTime.fromFormat() parses variable-length days"", () => {
  226 |   let i = DateTime.fromFormat(""Mar 3, 2020"", ""MMM d, yyyy"");
> 227 |   expect(i.day).toBe(3);
      |                     ^ Magic Number
  228 |
  229 |   i = DateTime.fromFormat(""Mar 13, 2020"", ""MMM d, yyyy"");
  230 |   expect(i.day).toBe(13);"
/home/gabriel/Disk/Research/research-javascript-test-smells/repositories/luxon/test/datetime/tokenParse.test.js,Magic Number,"{'line': 230, 'column': 21, 'index': 8884}","  228 |
  229 |   i = DateTime.fromFormat(""Mar 13, 2020"", ""MMM d, yyyy"");
> 230 |   expect(i.day).toBe(13);
      |                     ^ Magic Number
  231 | });
  232 |
  233 | test(""DateTime.fromFormat() parses fixed-length days"", () => {"
/home/gabriel/Disk/Research/research-javascript-test-smells/repositories/luxon/test/datetime/tokenParse.test.js,Magic Number,"{'line': 235, 'column': 21, 'index': 9041}","  233 | test(""DateTime.fromFormat() parses fixed-length days"", () => {
  234 |   let i = DateTime.fromFormat(""Mar 03, 2020"", ""MMM dd, yyyy"");
> 235 |   expect(i.day).toBe(3);
      |                     ^ Magic Number
  236 |
  237 |   i = DateTime.fromFormat(""Mar 13, 2020"", ""MMM dd, yyyy"");
  238 |   expect(i.day).toBe(13);"
/home/gabriel/Disk/Research/research-javascript-test-smells/repositories/luxon/test/datetime/tokenParse.test.js,Magic Number,"{'line': 238, 'column': 21, 'index': 9126}","  236 |
  237 |   i = DateTime.fromFormat(""Mar 13, 2020"", ""MMM dd, yyyy"");
> 238 |   expect(i.day).toBe(13);
      |                     ^ Magic Number
  239 | });
  240 |
  241 | test(""DateTime.fromFormat() parses standalone month names"", () => {"
/home/gabriel/Disk/Research/research-javascript-test-smells/repositories/luxon/test/datetime/tokenParse.test.js,Magic Number,"{'line': 243, 'column': 22, 'index': 9288}","  241 | test(""DateTime.fromFormat() parses standalone month names"", () => {
  242 |   let i = DateTime.fromFormat(""May 25 1982"", ""LLLL dd yyyy"");
> 243 |   expect(i.year).toBe(1982);
      |                      ^ Magic Number
  244 |   expect(i.month).toBe(5);
  245 |   expect(i.day).toBe(25);
  246 |"
/home/gabriel/Disk/Research/research-javascript-test-smells/repositories/luxon/test/datetime/tokenParse.test.js,Magic Number,"{'line': 244, 'column': 23, 'index': 9318}","  242 |   let i = DateTime.fromFormat(""May 25 1982"", ""LLLL dd yyyy"");
  243 |   expect(i.year).toBe(1982);
> 244 |   expect(i.month).toBe(5);
      |                       ^ Magic Number
  245 |   expect(i.day).toBe(25);
  246 |
  247 |   i = DateTime.fromFormat(""Sep 25 1982"", ""LLL dd yyyy"");"
/home/gabriel/Disk/Research/research-javascript-test-smells/repositories/luxon/test/datetime/tokenParse.test.js,Magic Number,"{'line': 245, 'column': 21, 'index': 9343}","  243 |   expect(i.year).toBe(1982);
  244 |   expect(i.month).toBe(5);
> 245 |   expect(i.day).toBe(25);
      |                     ^ Magic Number
  246 |
  247 |   i = DateTime.fromFormat(""Sep 25 1982"", ""LLL dd yyyy"");
  248 |   expect(i.year).toBe(1982);"
/home/gabriel/Disk/Research/research-javascript-test-smells/repositories/luxon/test/datetime/tokenParse.test.js,Magic Number,"{'line': 248, 'column': 22, 'index': 9428}","  246 |
  247 |   i = DateTime.fromFormat(""Sep 25 1982"", ""LLL dd yyyy"");
> 248 |   expect(i.year).toBe(1982);
      |                      ^ Magic Number
  249 |   expect(i.month).toBe(9);
  250 |   expect(i.day).toBe(25);
  251 |"
/home/gabriel/Disk/Research/research-javascript-test-smells/repositories/luxon/test/datetime/tokenParse.test.js,Magic Number,"{'line': 249, 'column': 23, 'index': 9458}","  247 |   i = DateTime.fromFormat(""Sep 25 1982"", ""LLL dd yyyy"");
  248 |   expect(i.year).toBe(1982);
> 249 |   expect(i.month).toBe(9);
      |                       ^ Magic Number
  250 |   expect(i.day).toBe(25);
  251 |
  252 |   i = DateTime.fromFormat(""5 25 1982"", ""L dd yyyy"");"
/home/gabriel/Disk/Research/research-javascript-test-smells/repositories/luxon/test/datetime/tokenParse.test.js,Magic Number,"{'line': 250, 'column': 21, 'index': 9483}","  248 |   expect(i.year).toBe(1982);
  249 |   expect(i.month).toBe(9);
> 250 |   expect(i.day).toBe(25);
      |                     ^ Magic Number
  251 |
  252 |   i = DateTime.fromFormat(""5 25 1982"", ""L dd yyyy"");
  253 |   expect(i.year).toBe(1982);"
/home/gabriel/Disk/Research/research-javascript-test-smells/repositories/luxon/test/datetime/tokenParse.test.js,Magic Number,"{'line': 253, 'column': 22, 'index': 9564}","  251 |
  252 |   i = DateTime.fromFormat(""5 25 1982"", ""L dd yyyy"");
> 253 |   expect(i.year).toBe(1982);
      |                      ^ Magic Number
  254 |   expect(i.month).toBe(5);
  255 |   expect(i.day).toBe(25);
  256 |"
/home/gabriel/Disk/Research/research-javascript-test-smells/repositories/luxon/test/datetime/tokenParse.test.js,Magic Number,"{'line': 254, 'column': 23, 'index': 9594}","  252 |   i = DateTime.fromFormat(""5 25 1982"", ""L dd yyyy"");
  253 |   expect(i.year).toBe(1982);
> 254 |   expect(i.month).toBe(5);
      |                       ^ Magic Number
  255 |   expect(i.day).toBe(25);
  256 |
  257 |   i = DateTime.fromFormat(""05 25 1982"", ""LL dd yyyy"");"
/home/gabriel/Disk/Research/research-javascript-test-smells/repositories/luxon/test/datetime/tokenParse.test.js,Magic Number,"{'line': 255, 'column': 21, 'index': 9619}","  253 |   expect(i.year).toBe(1982);
  254 |   expect(i.month).toBe(5);
> 255 |   expect(i.day).toBe(25);
      |                     ^ Magic Number
  256 |
  257 |   i = DateTime.fromFormat(""05 25 1982"", ""LL dd yyyy"");
  258 |   expect(i.year).toBe(1982);"
/home/gabriel/Disk/Research/research-javascript-test-smells/repositories/luxon/test/datetime/tokenParse.test.js,Magic Number,"{'line': 258, 'column': 22, 'index': 9702}","  256 |
  257 |   i = DateTime.fromFormat(""05 25 1982"", ""LL dd yyyy"");
> 258 |   expect(i.year).toBe(1982);
      |                      ^ Magic Number
  259 |   expect(i.month).toBe(5);
  260 |   expect(i.day).toBe(25);
  261 |"
/home/gabriel/Disk/Research/research-javascript-test-smells/repositories/luxon/test/datetime/tokenParse.test.js,Magic Number,"{'line': 259, 'column': 23, 'index': 9732}","  257 |   i = DateTime.fromFormat(""05 25 1982"", ""LL dd yyyy"");
  258 |   expect(i.year).toBe(1982);
> 259 |   expect(i.month).toBe(5);
      |                       ^ Magic Number
  260 |   expect(i.day).toBe(25);
  261 |
  262 |   i = DateTime.fromFormat(""mai 25 1982"", ""LLLL dd yyyy"", { locale: ""fr"" });"
/home/gabriel/Disk/Research/research-javascript-test-smells/repositories/luxon/test/datetime/tokenParse.test.js,Magic Number,"{'line': 260, 'column': 21, 'index': 9757}","  258 |   expect(i.year).toBe(1982);
  259 |   expect(i.month).toBe(5);
> 260 |   expect(i.day).toBe(25);
      |                     ^ Magic Number
  261 |
  262 |   i = DateTime.fromFormat(""mai 25 1982"", ""LLLL dd yyyy"", { locale: ""fr"" });
  263 |   expect(i.year).toBe(1982);"
/home/gabriel/Disk/Research/research-javascript-test-smells/repositories/luxon/test/datetime/tokenParse.test.js,Magic Number,"{'line': 263, 'column': 22, 'index': 9861}","  261 |
  262 |   i = DateTime.fromFormat(""mai 25 1982"", ""LLLL dd yyyy"", { locale: ""fr"" });
> 263 |   expect(i.year).toBe(1982);
      |                      ^ Magic Number
  264 |   expect(i.month).toBe(5);
  265 |   expect(i.day).toBe(25);
  266 |"
/home/gabriel/Disk/Research/research-javascript-test-smells/repositories/luxon/test/datetime/tokenParse.test.js,Magic Number,"{'line': 264, 'column': 23, 'index': 9891}","  262 |   i = DateTime.fromFormat(""mai 25 1982"", ""LLLL dd yyyy"", { locale: ""fr"" });
  263 |   expect(i.year).toBe(1982);
> 264 |   expect(i.month).toBe(5);
      |                       ^ Magic Number
  265 |   expect(i.day).toBe(25);
  266 |
  267 |   i = DateTime.fromFormat(""janv. 25 1982"", ""LLL dd yyyy"", { locale: ""fr"" });"
/home/gabriel/Disk/Research/research-javascript-test-smells/repositories/luxon/test/datetime/tokenParse.test.js,Magic Number,"{'line': 265, 'column': 21, 'index': 9916}","  263 |   expect(i.year).toBe(1982);
  264 |   expect(i.month).toBe(5);
> 265 |   expect(i.day).toBe(25);
      |                     ^ Magic Number
  266 |
  267 |   i = DateTime.fromFormat(""janv. 25 1982"", ""LLL dd yyyy"", { locale: ""fr"" });
  268 |   expect(i.year).toBe(1982);"
/home/gabriel/Disk/Research/research-javascript-test-smells/repositories/luxon/test/datetime/tokenParse.test.js,Magic Number,"{'line': 268, 'column': 22, 'index': 10021}","  266 |
  267 |   i = DateTime.fromFormat(""janv. 25 1982"", ""LLL dd yyyy"", { locale: ""fr"" });
> 268 |   expect(i.year).toBe(1982);
      |                      ^ Magic Number
  269 |   expect(i.month).toBe(1);
  270 |   expect(i.day).toBe(25);
  271 | });"
/home/gabriel/Disk/Research/research-javascript-test-smells/repositories/luxon/test/datetime/tokenParse.test.js,Magic Number,"{'line': 269, 'column': 23, 'index': 10051}","  267 |   i = DateTime.fromFormat(""janv. 25 1982"", ""LLL dd yyyy"", { locale: ""fr"" });
  268 |   expect(i.year).toBe(1982);
> 269 |   expect(i.month).toBe(1);
      |                       ^ Magic Number
  270 |   expect(i.day).toBe(25);
  271 | });
  272 |"
/home/gabriel/Disk/Research/research-javascript-test-smells/repositories/luxon/test/datetime/tokenParse.test.js,Magic Number,"{'line': 270, 'column': 21, 'index': 10076}","  268 |   expect(i.year).toBe(1982);
  269 |   expect(i.month).toBe(1);
> 270 |   expect(i.day).toBe(25);
      |                     ^ Magic Number
  271 | });
  272 |
  273 | describe(""DateTime.fromFormat() parses format month names"", () => {"
/home/gabriel/Disk/Research/research-javascript-test-smells/repositories/luxon/test/datetime/tokenParse.test.js,Magic Number,"{'line': 293, 'column': 22, 'index': 10928}","  291 | test(""DateTime.fromFormat() parses quarters"", () => {
  292 |   const i = DateTime.fromFormat(""1982Q2"", ""yyyy'Q'q"");
> 293 |   expect(i.year).toBe(1982);
      |                      ^ Magic Number
  294 |   expect(i.month).toBe(4);
  295 |   expect(i.quarter).toBe(2);
  296 |   expect(DateTime.fromFormat(""2019Q1"", ""yyyy'Q'q"").month).toBe(1);"
/home/gabriel/Disk/Research/research-javascript-test-smells/repositories/luxon/test/datetime/tokenParse.test.js,Magic Number,"{'line': 294, 'column': 23, 'index': 10958}","  292 |   const i = DateTime.fromFormat(""1982Q2"", ""yyyy'Q'q"");
  293 |   expect(i.year).toBe(1982);
> 294 |   expect(i.month).toBe(4);
      |                       ^ Magic Number
  295 |   expect(i.quarter).toBe(2);
  296 |   expect(DateTime.fromFormat(""2019Q1"", ""yyyy'Q'q"").month).toBe(1);
  297 |   expect(DateTime.fromFormat(""2019Q2"", ""yyyy'Q'q"").month).toBe(4);"
/home/gabriel/Disk/Research/research-javascript-test-smells/repositories/luxon/test/datetime/tokenParse.test.js,Magic Number,"{'line': 295, 'column': 25, 'index': 10987}","  293 |   expect(i.year).toBe(1982);
  294 |   expect(i.month).toBe(4);
> 295 |   expect(i.quarter).toBe(2);
      |                         ^ Magic Number
  296 |   expect(DateTime.fromFormat(""2019Q1"", ""yyyy'Q'q"").month).toBe(1);
  297 |   expect(DateTime.fromFormat(""2019Q2"", ""yyyy'Q'q"").month).toBe(4);
  298 |   expect(DateTime.fromFormat(""2019Q3"", ""yyyy'Q'q"").month).toBe(7);"
/home/gabriel/Disk/Research/research-javascript-test-smells/repositories/luxon/test/datetime/tokenParse.test.js,Magic Number,"{'line': 296, 'column': 63, 'index': 11054}","  294 |   expect(i.month).toBe(4);
  295 |   expect(i.quarter).toBe(2);
> 296 |   expect(DateTime.fromFormat(""2019Q1"", ""yyyy'Q'q"").month).toBe(1);
      |                                                               ^ Magic Number
  297 |   expect(DateTime.fromFormat(""2019Q2"", ""yyyy'Q'q"").month).toBe(4);
  298 |   expect(DateTime.fromFormat(""2019Q3"", ""yyyy'Q'q"").month).toBe(7);
  299 |   expect(DateTime.fromFormat(""2019Q4"", ""yyyy'Q'q"").month).toBe(10);"
/home/gabriel/Disk/Research/research-javascript-test-smells/repositories/luxon/test/datetime/tokenParse.test.js,Magic Number,"{'line': 297, 'column': 63, 'index': 11121}","  295 |   expect(i.quarter).toBe(2);
  296 |   expect(DateTime.fromFormat(""2019Q1"", ""yyyy'Q'q"").month).toBe(1);
> 297 |   expect(DateTime.fromFormat(""2019Q2"", ""yyyy'Q'q"").month).toBe(4);
      |                                                               ^ Magic Number
  298 |   expect(DateTime.fromFormat(""2019Q3"", ""yyyy'Q'q"").month).toBe(7);
  299 |   expect(DateTime.fromFormat(""2019Q4"", ""yyyy'Q'q"").month).toBe(10);
  300 |   expect(DateTime.fromFormat(""2019Q01"", ""yyyy'Q'qq"").month).toBe(1);"
/home/gabriel/Disk/Research/research-javascript-test-smells/repositories/luxon/test/datetime/tokenParse.test.js,Magic Number,"{'line': 298, 'column': 63, 'index': 11188}","  296 |   expect(DateTime.fromFormat(""2019Q1"", ""yyyy'Q'q"").month).toBe(1);
  297 |   expect(DateTime.fromFormat(""2019Q2"", ""yyyy'Q'q"").month).toBe(4);
> 298 |   expect(DateTime.fromFormat(""2019Q3"", ""yyyy'Q'q"").month).toBe(7);
      |                                                               ^ Magic Number
  299 |   expect(DateTime.fromFormat(""2019Q4"", ""yyyy'Q'q"").month).toBe(10);
  300 |   expect(DateTime.fromFormat(""2019Q01"", ""yyyy'Q'qq"").month).toBe(1);
  301 |   expect(DateTime.fromFormat(""2019Q02"", ""yyyy'Q'qq"").month).toBe(4);"
/home/gabriel/Disk/Research/research-javascript-test-smells/repositories/luxon/test/datetime/tokenParse.test.js,Magic Number,"{'line': 299, 'column': 63, 'index': 11255}","  297 |   expect(DateTime.fromFormat(""2019Q2"", ""yyyy'Q'q"").month).toBe(4);
  298 |   expect(DateTime.fromFormat(""2019Q3"", ""yyyy'Q'q"").month).toBe(7);
> 299 |   expect(DateTime.fromFormat(""2019Q4"", ""yyyy'Q'q"").month).toBe(10);
      |                                                               ^ Magic Number
  300 |   expect(DateTime.fromFormat(""2019Q01"", ""yyyy'Q'qq"").month).toBe(1);
  301 |   expect(DateTime.fromFormat(""2019Q02"", ""yyyy'Q'qq"").month).toBe(4);
  302 |   expect(DateTime.fromFormat(""2019Q03"", ""yyyy'Q'qq"").month).toBe(7);"
/home/gabriel/Disk/Research/research-javascript-test-smells/repositories/luxon/test/datetime/tokenParse.test.js,Magic Number,"{'line': 300, 'column': 65, 'index': 11325}","  298 |   expect(DateTime.fromFormat(""2019Q3"", ""yyyy'Q'q"").month).toBe(7);
  299 |   expect(DateTime.fromFormat(""2019Q4"", ""yyyy'Q'q"").month).toBe(10);
> 300 |   expect(DateTime.fromFormat(""2019Q01"", ""yyyy'Q'qq"").month).toBe(1);
      |                                                                 ^ Magic Number
  301 |   expect(DateTime.fromFormat(""2019Q02"", ""yyyy'Q'qq"").month).toBe(4);
  302 |   expect(DateTime.fromFormat(""2019Q03"", ""yyyy'Q'qq"").month).toBe(7);
  303 |   expect(DateTime.fromFormat(""2019Q04"", ""yyyy'Q'qq"").month).toBe(10);"
/home/gabriel/Disk/Research/research-javascript-test-smells/repositories/luxon/test/datetime/tokenParse.test.js,Magic Number,"{'line': 301, 'column': 65, 'index': 11394}","  299 |   expect(DateTime.fromFormat(""2019Q4"", ""yyyy'Q'q"").month).toBe(10);
  300 |   expect(DateTime.fromFormat(""2019Q01"", ""yyyy'Q'qq"").month).toBe(1);
> 301 |   expect(DateTime.fromFormat(""2019Q02"", ""yyyy'Q'qq"").month).toBe(4);
      |                                                                 ^ Magic Number
  302 |   expect(DateTime.fromFormat(""2019Q03"", ""yyyy'Q'qq"").month).toBe(7);
  303 |   expect(DateTime.fromFormat(""2019Q04"", ""yyyy'Q'qq"").month).toBe(10);
  304 | });"
/home/gabriel/Disk/Research/research-javascript-test-smells/repositories/luxon/test/datetime/tokenParse.test.js,Magic Number,"{'line': 302, 'column': 65, 'index': 11463}","  300 |   expect(DateTime.fromFormat(""2019Q01"", ""yyyy'Q'qq"").month).toBe(1);
  301 |   expect(DateTime.fromFormat(""2019Q02"", ""yyyy'Q'qq"").month).toBe(4);
> 302 |   expect(DateTime.fromFormat(""2019Q03"", ""yyyy'Q'qq"").month).toBe(7);
      |                                                                 ^ Magic Number
  303 |   expect(DateTime.fromFormat(""2019Q04"", ""yyyy'Q'qq"").month).toBe(10);
  304 | });
  305 |"
/home/gabriel/Disk/Research/research-javascript-test-smells/repositories/luxon/test/datetime/tokenParse.test.js,Magic Number,"{'line': 303, 'column': 65, 'index': 11532}","  301 |   expect(DateTime.fromFormat(""2019Q02"", ""yyyy'Q'qq"").month).toBe(4);
  302 |   expect(DateTime.fromFormat(""2019Q03"", ""yyyy'Q'qq"").month).toBe(7);
> 303 |   expect(DateTime.fromFormat(""2019Q04"", ""yyyy'Q'qq"").month).toBe(10);
      |                                                                 ^ Magic Number
  304 | });
  305 |
  306 | test(""DateTime.fromFormat() makes trailing periods in month names optional"", () => {"
/home/gabriel/Disk/Research/research-javascript-test-smells/repositories/luxon/test/datetime/tokenParse.test.js,Magic Number,"{'line': 310, 'column': 22, 'index': 11738}","  308 |     locale: ""fr"",
  309 |   });
> 310 |   expect(i.year).toBe(1982);
      |                      ^ Magic Number
  311 |   expect(i.month).toBe(1);
  312 |   expect(i.day).toBe(25);
  313 | });"
/home/gabriel/Disk/Research/research-javascript-test-smells/repositories/luxon/test/datetime/tokenParse.test.js,Magic Number,"{'line': 311, 'column': 23, 'index': 11768}","  309 |   });
  310 |   expect(i.year).toBe(1982);
> 311 |   expect(i.month).toBe(1);
      |                       ^ Magic Number
  312 |   expect(i.day).toBe(25);
  313 | });
  314 |"
/home/gabriel/Disk/Research/research-javascript-test-smells/repositories/luxon/test/datetime/tokenParse.test.js,Magic Number,"{'line': 312, 'column': 21, 'index': 11793}","  310 |   expect(i.year).toBe(1982);
  311 |   expect(i.month).toBe(1);
> 312 |   expect(i.day).toBe(25);
      |                     ^ Magic Number
  313 | });
  314 |
  315 | test(""DateTime.fromFormat() does not match arbitrary stuff with those periods"", () => {"
/home/gabriel/Disk/Research/research-javascript-test-smells/repositories/luxon/test/datetime/tokenParse.test.js,Magic Number,"{'line': 326, 'column': 22, 'index': 12200}","  324 |     locale: ""fr"",
  325 |   });
> 326 |   expect(i.year).toBe(1982);
      |                      ^ Magic Number
  327 |   expect(i.month).toBe(1);
  328 |   expect(i.day).toBe(25);
  329 | });"
/home/gabriel/Disk/Research/research-javascript-test-smells/repositories/luxon/test/datetime/tokenParse.test.js,Magic Number,"{'line': 327, 'column': 23, 'index': 12230}","  325 |   });
  326 |   expect(i.year).toBe(1982);
> 327 |   expect(i.month).toBe(1);
      |                       ^ Magic Number
  328 |   expect(i.day).toBe(25);
  329 | });
  330 |"
/home/gabriel/Disk/Research/research-javascript-test-smells/repositories/luxon/test/datetime/tokenParse.test.js,Magic Number,"{'line': 328, 'column': 21, 'index': 12255}","  326 |   expect(i.year).toBe(1982);
  327 |   expect(i.month).toBe(1);
> 328 |   expect(i.day).toBe(25);
      |                     ^ Magic Number
  329 | });
  330 |
  331 | test(""DateTime.fromFormat() parses offsets"", () => {});"
/home/gabriel/Disk/Research/research-javascript-test-smells/repositories/luxon/test/datetime/tokenParse.test.js,Magic Number,"{'line': 335, 'column': 22, 'index': 12473}","  333 | test(""DateTime.fromFormat() validates weekday numbers"", () => {
  334 |   let d = DateTime.fromFormat(""2, 05/25/1982"", ""E, LL/dd/yyyy"");
> 335 |   expect(d.year).toBe(1982);
      |                      ^ Magic Number
  336 |   expect(d.month).toBe(5);
  337 |   expect(d.day).toBe(25);
  338 |"
/home/gabriel/Disk/Research/research-javascript-test-smells/repositories/luxon/test/datetime/tokenParse.test.js,Magic Number,"{'line': 336, 'column': 23, 'index': 12503}","  334 |   let d = DateTime.fromFormat(""2, 05/25/1982"", ""E, LL/dd/yyyy"");
  335 |   expect(d.year).toBe(1982);
> 336 |   expect(d.month).toBe(5);
      |                       ^ Magic Number
  337 |   expect(d.day).toBe(25);
  338 |
  339 |   d = DateTime.fromFormat(""1, 05/25/1982"", ""E, LL/dd/yyyy"");"
/home/gabriel/Disk/Research/research-javascript-test-smells/repositories/luxon/test/datetime/tokenParse.test.js,Magic Number,"{'line': 337, 'column': 21, 'index': 12528}","  335 |   expect(d.year).toBe(1982);
  336 |   expect(d.month).toBe(5);
> 337 |   expect(d.day).toBe(25);
      |                     ^ Magic Number
  338 |
  339 |   d = DateTime.fromFormat(""1, 05/25/1982"", ""E, LL/dd/yyyy"");
  340 |   expect(d.isValid).toBeFalsy();"
/home/gabriel/Disk/Research/research-javascript-test-smells/repositories/luxon/test/datetime/tokenParse.test.js,Magic Number,"{'line': 346, 'column': 22, 'index': 12823}","  344 |   let d = DateTime.fromFormat(""Tuesday, 05/25/1982"", ""EEEE, LL/dd/yyyy"");
  345 |   expect(d.isValid).toBe(true);
> 346 |   expect(d.year).toBe(1982);
      |                      ^ Magic Number
  347 |   expect(d.month).toBe(5);
  348 |   expect(d.day).toBe(25);
  349 |"
/home/gabriel/Disk/Research/research-javascript-test-smells/repositories/luxon/test/datetime/tokenParse.test.js,Magic Number,"{'line': 347, 'column': 23, 'index': 12853}","  345 |   expect(d.isValid).toBe(true);
  346 |   expect(d.year).toBe(1982);
> 347 |   expect(d.month).toBe(5);
      |                       ^ Magic Number
  348 |   expect(d.day).toBe(25);
  349 |
  350 |   d = DateTime.fromFormat(""Monday, 05/25/1982"", ""EEEE, LL/dd/yyyy"");"
/home/gabriel/Disk/Research/research-javascript-test-smells/repositories/luxon/test/datetime/tokenParse.test.js,Magic Number,"{'line': 348, 'column': 21, 'index': 12878}","  346 |   expect(d.year).toBe(1982);
  347 |   expect(d.month).toBe(5);
> 348 |   expect(d.day).toBe(25);
      |                     ^ Magic Number
  349 |
  350 |   d = DateTime.fromFormat(""Monday, 05/25/1982"", ""EEEE, LL/dd/yyyy"");
  351 |   expect(d.isValid).toBeFalsy();"
/home/gabriel/Disk/Research/research-javascript-test-smells/repositories/luxon/test/datetime/tokenParse.test.js,Magic Number,"{'line': 357, 'column': 22, 'index': 13134}","  355 |   });
  356 |   expect(d.isValid).toBe(true);
> 357 |   expect(d.year).toBe(1982);
      |                      ^ Magic Number
  358 |   expect(d.month).toBe(5);
  359 |   expect(d.day).toBe(25);
  360 | });"
/home/gabriel/Disk/Research/research-javascript-test-smells/repositories/luxon/test/datetime/tokenParse.test.js,Magic Number,"{'line': 358, 'column': 23, 'index': 13164}","  356 |   expect(d.isValid).toBe(true);
  357 |   expect(d.year).toBe(1982);
> 358 |   expect(d.month).toBe(5);
      |                       ^ Magic Number
  359 |   expect(d.day).toBe(25);
  360 | });
  361 |"
/home/gabriel/Disk/Research/research-javascript-test-smells/repositories/luxon/test/datetime/tokenParse.test.js,Magic Number,"{'line': 359, 'column': 21, 'index': 13189}","  357 |   expect(d.year).toBe(1982);
  358 |   expect(d.month).toBe(5);
> 359 |   expect(d.day).toBe(25);
      |                     ^ Magic Number
  360 | });
  361 |
  362 | test(""DateTime.fromFormat() defaults weekday to this week"", () => {"
/home/gabriel/Disk/Research/research-javascript-test-smells/repositories/luxon/test/datetime/tokenParse.test.js,Magic Number,"{'line': 367, 'column': 25, 'index': 13455}","  365 |   expect(d.weekYear).toBe(now.weekYear);
  366 |   expect(d.weekNumber).toBe(now.weekNumber);
> 367 |   expect(d.weekday).toBe(1);
      |                         ^ Magic Number
  368 |
  369 |   const d2 = DateTime.fromFormat(""3"", ""E"");
  370 |   expect(d2.weekYear).toBe(now.weekYear);"
/home/gabriel/Disk/Research/research-javascript-test-smells/repositories/luxon/test/datetime/tokenParse.test.js,Magic Number,"{'line': 372, 'column': 26, 'index': 13618}","  370 |   expect(d2.weekYear).toBe(now.weekYear);
  371 |   expect(d2.weekNumber).toBe(now.weekNumber);
> 372 |   expect(d2.weekday).toBe(3);
      |                          ^ Magic Number
  373 | });
  374 |
  375 | test(""DateTime.fromFormat() parses ordinals"", () => {"
/home/gabriel/Disk/Research/research-javascript-test-smells/repositories/luxon/test/datetime/tokenParse.test.js,Magic Number,"{'line': 377, 'column': 22, 'index': 13758}","  375 | test(""DateTime.fromFormat() parses ordinals"", () => {
  376 |   let d = DateTime.fromFormat(""2016 200"", ""yyyy ooo"");
> 377 |   expect(d.year).toBe(2016);
      |                      ^ Magic Number
  378 |   expect(d.ordinal).toBe(200);
  379 |
  380 |   d = DateTime.fromFormat(""2016 200"", ""yyyy ooo"");"
/home/gabriel/Disk/Research/research-javascript-test-smells/repositories/luxon/test/datetime/tokenParse.test.js,Magic Number,"{'line': 378, 'column': 25, 'index': 13790}","  376 |   let d = DateTime.fromFormat(""2016 200"", ""yyyy ooo"");
  377 |   expect(d.year).toBe(2016);
> 378 |   expect(d.ordinal).toBe(200);
      |                         ^ Magic Number
  379 |
  380 |   d = DateTime.fromFormat(""2016 200"", ""yyyy ooo"");
  381 |   expect(d.year).toBe(2016);"
/home/gabriel/Disk/Research/research-javascript-test-smells/repositories/luxon/test/datetime/tokenParse.test.js,Magic Number,"{'line': 381, 'column': 22, 'index': 13870}","  379 |
  380 |   d = DateTime.fromFormat(""2016 200"", ""yyyy ooo"");
> 381 |   expect(d.year).toBe(2016);
      |                      ^ Magic Number
  382 |   expect(d.ordinal).toBe(200);
  383 |
  384 |   d = DateTime.fromFormat(""2016 016"", ""yyyy ooo"");"
/home/gabriel/Disk/Research/research-javascript-test-smells/repositories/luxon/test/datetime/tokenParse.test.js,Magic Number,"{'line': 382, 'column': 25, 'index': 13902}","  380 |   d = DateTime.fromFormat(""2016 200"", ""yyyy ooo"");
  381 |   expect(d.year).toBe(2016);
> 382 |   expect(d.ordinal).toBe(200);
      |                         ^ Magic Number
  383 |
  384 |   d = DateTime.fromFormat(""2016 016"", ""yyyy ooo"");
  385 |   expect(d.year).toBe(2016);"
/home/gabriel/Disk/Research/research-javascript-test-smells/repositories/luxon/test/datetime/tokenParse.test.js,Magic Number,"{'line': 385, 'column': 22, 'index': 13982}","  383 |
  384 |   d = DateTime.fromFormat(""2016 016"", ""yyyy ooo"");
> 385 |   expect(d.year).toBe(2016);
      |                      ^ Magic Number
  386 |   expect(d.ordinal).toBe(16);
  387 |
  388 |   d = DateTime.fromFormat(""2016 200"", ""yyyy o"");"
/home/gabriel/Disk/Research/research-javascript-test-smells/repositories/luxon/test/datetime/tokenParse.test.js,Magic Number,"{'line': 386, 'column': 25, 'index': 14014}","  384 |   d = DateTime.fromFormat(""2016 016"", ""yyyy ooo"");
  385 |   expect(d.year).toBe(2016);
> 386 |   expect(d.ordinal).toBe(16);
      |                         ^ Magic Number
  387 |
  388 |   d = DateTime.fromFormat(""2016 200"", ""yyyy o"");
  389 |   expect(d.year).toBe(2016);"
/home/gabriel/Disk/Research/research-javascript-test-smells/repositories/luxon/test/datetime/tokenParse.test.js,Magic Number,"{'line': 389, 'column': 22, 'index': 14091}","  387 |
  388 |   d = DateTime.fromFormat(""2016 200"", ""yyyy o"");
> 389 |   expect(d.year).toBe(2016);
      |                      ^ Magic Number
  390 |   expect(d.ordinal).toBe(200);
  391 |
  392 |   d = DateTime.fromFormat(""2016 16"", ""yyyy o"");"
/home/gabriel/Disk/Research/research-javascript-test-smells/repositories/luxon/test/datetime/tokenParse.test.js,Magic Number,"{'line': 390, 'column': 25, 'index': 14123}","  388 |   d = DateTime.fromFormat(""2016 200"", ""yyyy o"");
  389 |   expect(d.year).toBe(2016);
> 390 |   expect(d.ordinal).toBe(200);
      |                         ^ Magic Number
  391 |
  392 |   d = DateTime.fromFormat(""2016 16"", ""yyyy o"");
  393 |   expect(d.year).toBe(2016);"
/home/gabriel/Disk/Research/research-javascript-test-smells/repositories/luxon/test/datetime/tokenParse.test.js,Magic Number,"{'line': 393, 'column': 22, 'index': 14200}","  391 |
  392 |   d = DateTime.fromFormat(""2016 16"", ""yyyy o"");
> 393 |   expect(d.year).toBe(2016);
      |                      ^ Magic Number
  394 |   expect(d.ordinal).toBe(16);
  395 | });
  396 |"
/home/gabriel/Disk/Research/research-javascript-test-smells/repositories/luxon/test/datetime/tokenParse.test.js,Magic Number,"{'line': 394, 'column': 25, 'index': 14232}","  392 |   d = DateTime.fromFormat(""2016 16"", ""yyyy o"");
  393 |   expect(d.year).toBe(2016);
> 394 |   expect(d.ordinal).toBe(16);
      |                         ^ Magic Number
  395 | });
  396 |
  397 | test(""DateTime.fromFormat() throws on mixed units"", () => {"
/home/gabriel/Disk/Research/research-javascript-test-smells/repositories/luxon/test/datetime/tokenParse.test.js,Magic Number,"{'line': 409, 'column': 26, 'index': 14614}","  407 | test(""DateTime.fromFormat() accepts weekYear by itself"", () => {
  408 |   let d = DateTime.fromFormat(""2004"", ""kkkk"");
> 409 |   expect(d.weekYear).toBe(2004);
      |                          ^ Magic Number
  410 |   expect(d.weekNumber).toBe(1);
  411 |   expect(d.weekday).toBe(1);
  412 |"
/home/gabriel/Disk/Research/research-javascript-test-smells/repositories/luxon/test/datetime/tokenParse.test.js,Magic Number,"{'line': 410, 'column': 28, 'index': 14649}","  408 |   let d = DateTime.fromFormat(""2004"", ""kkkk"");
  409 |   expect(d.weekYear).toBe(2004);
> 410 |   expect(d.weekNumber).toBe(1);
      |                            ^ Magic Number
  411 |   expect(d.weekday).toBe(1);
  412 |
  413 |   d = DateTime.fromFormat(""04"", ""kk"");"
/home/gabriel/Disk/Research/research-javascript-test-smells/repositories/luxon/test/datetime/tokenParse.test.js,Magic Number,"{'line': 411, 'column': 25, 'index': 14678}","  409 |   expect(d.weekYear).toBe(2004);
  410 |   expect(d.weekNumber).toBe(1);
> 411 |   expect(d.weekday).toBe(1);
      |                         ^ Magic Number
  412 |
  413 |   d = DateTime.fromFormat(""04"", ""kk"");
  414 |   expect(d.weekYear).toBe(2004);"
/home/gabriel/Disk/Research/research-javascript-test-smells/repositories/luxon/test/datetime/tokenParse.test.js,Magic Number,"{'line': 414, 'column': 26, 'index': 14748}","  412 |
  413 |   d = DateTime.fromFormat(""04"", ""kk"");
> 414 |   expect(d.weekYear).toBe(2004);
      |                          ^ Magic Number
  415 |   expect(d.weekNumber).toBe(1);
  416 |   expect(d.weekday).toBe(1);
  417 | });"
/home/gabriel/Disk/Research/research-javascript-test-smells/repositories/luxon/test/datetime/tokenParse.test.js,Magic Number,"{'line': 415, 'column': 28, 'index': 14783}","  413 |   d = DateTime.fromFormat(""04"", ""kk"");
  414 |   expect(d.weekYear).toBe(2004);
> 415 |   expect(d.weekNumber).toBe(1);
      |                            ^ Magic Number
  416 |   expect(d.weekday).toBe(1);
  417 | });
  418 |"
/home/gabriel/Disk/Research/research-javascript-test-smells/repositories/luxon/test/datetime/tokenParse.test.js,Magic Number,"{'line': 416, 'column': 25, 'index': 14812}","  414 |   expect(d.weekYear).toBe(2004);
  415 |   expect(d.weekNumber).toBe(1);
> 416 |   expect(d.weekday).toBe(1);
      |                         ^ Magic Number
  417 | });
  418 |
  419 | test(""DateTime.fromFormat() defaults kk to the right century"", () => {"
/home/gabriel/Disk/Research/research-javascript-test-smells/repositories/luxon/test/datetime/tokenParse.test.js,Magic Number,"{'line': 420, 'column': 56, 'index': 14948}","  418 |
  419 | test(""DateTime.fromFormat() defaults kk to the right century"", () => {
> 420 |   expect(DateTime.fromFormat(""60"", ""kk"").weekYear).toBe(2060);
      |                                                        ^ Magic Number
  421 |   expect(DateTime.fromFormat(""61"", ""kk"").weekYear).toBe(1961);
  422 |   expect(DateTime.fromFormat(""1960"", ""kk"").weekYear).toBe(1960);
  423 | });"
/home/gabriel/Disk/Research/research-javascript-test-smells/repositories/luxon/test/datetime/tokenParse.test.js,Magic Number,"{'line': 421, 'column': 56, 'index': 15011}","  419 | test(""DateTime.fromFormat() defaults kk to the right century"", () => {
  420 |   expect(DateTime.fromFormat(""60"", ""kk"").weekYear).toBe(2060);
> 421 |   expect(DateTime.fromFormat(""61"", ""kk"").weekYear).toBe(1961);
      |                                                        ^ Magic Number
  422 |   expect(DateTime.fromFormat(""1960"", ""kk"").weekYear).toBe(1960);
  423 | });
  424 |"
/home/gabriel/Disk/Research/research-javascript-test-smells/repositories/luxon/test/datetime/tokenParse.test.js,Magic Number,"{'line': 422, 'column': 58, 'index': 15076}","  420 |   expect(DateTime.fromFormat(""60"", ""kk"").weekYear).toBe(2060);
  421 |   expect(DateTime.fromFormat(""61"", ""kk"").weekYear).toBe(1961);
> 422 |   expect(DateTime.fromFormat(""1960"", ""kk"").weekYear).toBe(1960);
      |                                                          ^ Magic Number
  423 | });
  424 |
  425 | test(""DateTime.fromFormat() respects Settings.twoDigitCutoffYear when parsing two digit weekYear to the right century"", () => {"
/home/gabriel/Disk/Research/research-javascript-test-smells/repositories/luxon/test/datetime/tokenParse.test.js,Magic Number,"{'line': 430, 'column': 58, 'index': 15382}","  428 |   try {
  429 |     Settings.twoDigitCutoffYear = 50;
> 430 |     expect(DateTime.fromFormat(""50"", ""kk"").weekYear).toBe(2050);
      |                                                          ^ Magic Number
  431 |     expect(DateTime.fromFormat(""51"", ""kk"").weekYear).toBe(1951);
  432 |     expect(DateTime.fromFormat(""1950"", ""kk"").weekYear).toBe(1950);
  433 |   } finally {"
/home/gabriel/Disk/Research/research-javascript-test-smells/repositories/luxon/test/datetime/tokenParse.test.js,Magic Number,"{'line': 431, 'column': 58, 'index': 15447}","  429 |     Settings.twoDigitCutoffYear = 50;
  430 |     expect(DateTime.fromFormat(""50"", ""kk"").weekYear).toBe(2050);
> 431 |     expect(DateTime.fromFormat(""51"", ""kk"").weekYear).toBe(1951);
      |                                                          ^ Magic Number
  432 |     expect(DateTime.fromFormat(""1950"", ""kk"").weekYear).toBe(1950);
  433 |   } finally {
  434 |     Settings.twoDigitCutoffYear = oldTwoDigitCutoffYear;"
/home/gabriel/Disk/Research/research-javascript-test-smells/repositories/luxon/test/datetime/tokenParse.test.js,Magic Number,"{'line': 432, 'column': 60, 'index': 15514}","  430 |     expect(DateTime.fromFormat(""50"", ""kk"").weekYear).toBe(2050);
  431 |     expect(DateTime.fromFormat(""51"", ""kk"").weekYear).toBe(1951);
> 432 |     expect(DateTime.fromFormat(""1950"", ""kk"").weekYear).toBe(1950);
      |                                                            ^ Magic Number
  433 |   } finally {
  434 |     Settings.twoDigitCutoffYear = oldTwoDigitCutoffYear;
  435 |   }"
/home/gabriel/Disk/Research/research-javascript-test-smells/repositories/luxon/test/datetime/tokenParse.test.js,Magic Number,"{'line': 443, 'column': 28, 'index': 15811}","  441 |   let d = DateTime.fromFormat(""17"", ""WW"");
  442 |   expect(d.weekYear).toBe(now.weekYear);
> 443 |   expect(d.weekNumber).toBe(17);
      |                            ^ Magic Number
  444 |   expect(d.weekday).toBe(1);
  445 |
  446 |   d = DateTime.fromFormat(""17"", ""W"");"
/home/gabriel/Disk/Research/research-javascript-test-smells/repositories/luxon/test/datetime/tokenParse.test.js,Magic Number,"{'line': 444, 'column': 25, 'index': 15841}","  442 |   expect(d.weekYear).toBe(now.weekYear);
  443 |   expect(d.weekNumber).toBe(17);
> 444 |   expect(d.weekday).toBe(1);
      |                         ^ Magic Number
  445 |
  446 |   d = DateTime.fromFormat(""17"", ""W"");
  447 |   expect(d.weekYear).toBe(now.weekYear);"
/home/gabriel/Disk/Research/research-javascript-test-smells/repositories/luxon/test/datetime/tokenParse.test.js,Magic Number,"{'line': 448, 'column': 28, 'index': 15953}","  446 |   d = DateTime.fromFormat(""17"", ""W"");
  447 |   expect(d.weekYear).toBe(now.weekYear);
> 448 |   expect(d.weekNumber).toBe(17);
      |                            ^ Magic Number
  449 |   expect(d.weekday).toBe(1);
  450 | });
  451 |"
/home/gabriel/Disk/Research/research-javascript-test-smells/repositories/luxon/test/datetime/tokenParse.test.js,Magic Number,"{'line': 449, 'column': 25, 'index': 15983}","  447 |   expect(d.weekYear).toBe(now.weekYear);
  448 |   expect(d.weekNumber).toBe(17);
> 449 |   expect(d.weekday).toBe(1);
      |                         ^ Magic Number
  450 | });
  451 |
  452 | test(""DateTime.fromFormat() accepts weekYear/weekNumber/weekday"", () => {"
/home/gabriel/Disk/Research/research-javascript-test-smells/repositories/luxon/test/datetime/tokenParse.test.js,Magic Number,"{'line': 454, 'column': 26, 'index': 16151}","  452 | test(""DateTime.fromFormat() accepts weekYear/weekNumber/weekday"", () => {
  453 |   const d = DateTime.fromFormat(""2004 17 2"", ""kkkk WW E"");
> 454 |   expect(d.weekYear).toBe(2004);
      |                          ^ Magic Number
  455 |   expect(d.weekNumber).toBe(17);
  456 |   expect(d.weekday).toBe(2);
  457 | });"
/home/gabriel/Disk/Research/research-javascript-test-smells/repositories/luxon/test/datetime/tokenParse.test.js,Magic Number,"{'line': 455, 'column': 28, 'index': 16186}","  453 |   const d = DateTime.fromFormat(""2004 17 2"", ""kkkk WW E"");
  454 |   expect(d.weekYear).toBe(2004);
> 455 |   expect(d.weekNumber).toBe(17);
      |                            ^ Magic Number
  456 |   expect(d.weekday).toBe(2);
  457 | });
  458 |"
/home/gabriel/Disk/Research/research-javascript-test-smells/repositories/luxon/test/datetime/tokenParse.test.js,Magic Number,"{'line': 456, 'column': 25, 'index': 16216}","  454 |   expect(d.weekYear).toBe(2004);
  455 |   expect(d.weekNumber).toBe(17);
> 456 |   expect(d.weekday).toBe(2);
      |                         ^ Magic Number
  457 | });
  458 |
  459 | test(""DateTime.fromFormat() allows regex content"", () => {"
/home/gabriel/Disk/Research/research-javascript-test-smells/repositories/luxon/test/datetime/tokenParse.test.js,Magic Number,"{'line': 464, 'column': 25, 'index': 16472}","  462 |   expect(d.weekYear).toBe(now.weekYear);
  463 |   expect(d.weekNumber).toBe(now.weekNumber);
> 464 |   expect(d.weekday).toBe(1);
      |                         ^ Magic Number
  465 | });
  466 |
  467 | test(""DateTime.fromFormat() allows literals"", () => {"
/home/gabriel/Disk/Research/research-javascript-test-smells/repositories/luxon/test/datetime/tokenParse.test.js,Magic Number,"{'line': 470, 'column': 22, 'index': 16659}","  468 |   const i = DateTime.fromFormat(""1982/05/25 hello 09:10:11.445"", ""yyyy/MM/dd 'hello' HH:mm:ss.SSS"");
  469 |
> 470 |   expect(i.year).toBe(1982);
      |                      ^ Magic Number
  471 |   expect(i.month).toBe(5);
  472 |   expect(i.day).toBe(25);
  473 |   expect(i.hour).toBe(9);"
/home/gabriel/Disk/Research/research-javascript-test-smells/repositories/luxon/test/datetime/tokenParse.test.js,Magic Number,"{'line': 471, 'column': 23, 'index': 16689}","  469 |
  470 |   expect(i.year).toBe(1982);
> 471 |   expect(i.month).toBe(5);
      |                       ^ Magic Number
  472 |   expect(i.day).toBe(25);
  473 |   expect(i.hour).toBe(9);
  474 |   expect(i.minute).toBe(10);"
/home/gabriel/Disk/Research/research-javascript-test-smells/repositories/luxon/test/datetime/tokenParse.test.js,Magic Number,"{'line': 472, 'column': 21, 'index': 16714}","  470 |   expect(i.year).toBe(1982);
  471 |   expect(i.month).toBe(5);
> 472 |   expect(i.day).toBe(25);
      |                     ^ Magic Number
  473 |   expect(i.hour).toBe(9);
  474 |   expect(i.minute).toBe(10);
  475 |   expect(i.second).toBe(11);"
/home/gabriel/Disk/Research/research-javascript-test-smells/repositories/luxon/test/datetime/tokenParse.test.js,Magic Number,"{'line': 473, 'column': 22, 'index': 16741}","  471 |   expect(i.month).toBe(5);
  472 |   expect(i.day).toBe(25);
> 473 |   expect(i.hour).toBe(9);
      |                      ^ Magic Number
  474 |   expect(i.minute).toBe(10);
  475 |   expect(i.second).toBe(11);
  476 |   expect(i.millisecond).toBe(445);"
/home/gabriel/Disk/Research/research-javascript-test-smells/repositories/luxon/test/datetime/tokenParse.test.js,Magic Number,"{'line': 474, 'column': 24, 'index': 16769}","  472 |   expect(i.day).toBe(25);
  473 |   expect(i.hour).toBe(9);
> 474 |   expect(i.minute).toBe(10);
      |                        ^ Magic Number
  475 |   expect(i.second).toBe(11);
  476 |   expect(i.millisecond).toBe(445);
  477 | });"
/home/gabriel/Disk/Research/research-javascript-test-smells/repositories/luxon/test/datetime/tokenParse.test.js,Magic Number,"{'line': 475, 'column': 24, 'index': 16798}","  473 |   expect(i.hour).toBe(9);
  474 |   expect(i.minute).toBe(10);
> 475 |   expect(i.second).toBe(11);
      |                        ^ Magic Number
  476 |   expect(i.millisecond).toBe(445);
  477 | });
  478 |"
/home/gabriel/Disk/Research/research-javascript-test-smells/repositories/luxon/test/datetime/tokenParse.test.js,Magic Number,"{'line': 476, 'column': 29, 'index': 16832}","  474 |   expect(i.minute).toBe(10);
  475 |   expect(i.second).toBe(11);
> 476 |   expect(i.millisecond).toBe(445);
      |                             ^ Magic Number
  477 | });
  478 |
  479 | test(""DateTime.fromFormat() returns invalid when unparsed"", () => {"
/home/gabriel/Disk/Research/research-javascript-test-smells/repositories/luxon/test/datetime/tokenParse.test.js,Magic Number,"{'line': 508, 'column': 22, 'index': 18180}","  506 |   expect(d.zoneName).toBe(""Asia/Tokyo"");
  507 |   expect(d.offset).toBe(9 * 60);
> 508 |   expect(d.year).toBe(1982);
      |                      ^ Magic Number
  509 |   expect(d.month).toBe(5);
  510 |   expect(d.day).toBe(25);
  511 |   expect(d.hour).toBe(9);"
/home/gabriel/Disk/Research/research-javascript-test-smells/repositories/luxon/test/datetime/tokenParse.test.js,Magic Number,"{'line': 509, 'column': 23, 'index': 18210}","  507 |   expect(d.offset).toBe(9 * 60);
  508 |   expect(d.year).toBe(1982);
> 509 |   expect(d.month).toBe(5);
      |                       ^ Magic Number
  510 |   expect(d.day).toBe(25);
  511 |   expect(d.hour).toBe(9);
  512 |   expect(d.minute).toBe(10);"
/home/gabriel/Disk/Research/research-javascript-test-smells/repositories/luxon/test/datetime/tokenParse.test.js,Magic Number,"{'line': 510, 'column': 21, 'index': 18235}","  508 |   expect(d.year).toBe(1982);
  509 |   expect(d.month).toBe(5);
> 510 |   expect(d.day).toBe(25);
      |                     ^ Magic Number
  511 |   expect(d.hour).toBe(9);
  512 |   expect(d.minute).toBe(10);
  513 |   expect(d.second).toBe(11);"
/home/gabriel/Disk/Research/research-javascript-test-smells/repositories/luxon/test/datetime/tokenParse.test.js,Magic Number,"{'line': 511, 'column': 22, 'index': 18262}","  509 |   expect(d.month).toBe(5);
  510 |   expect(d.day).toBe(25);
> 511 |   expect(d.hour).toBe(9);
      |                      ^ Magic Number
  512 |   expect(d.minute).toBe(10);
  513 |   expect(d.second).toBe(11);
  514 |   expect(d.millisecond).toBe(445);"
/home/gabriel/Disk/Research/research-javascript-test-smells/repositories/luxon/test/datetime/tokenParse.test.js,Magic Number,"{'line': 512, 'column': 24, 'index': 18290}","  510 |   expect(d.day).toBe(25);
  511 |   expect(d.hour).toBe(9);
> 512 |   expect(d.minute).toBe(10);
      |                        ^ Magic Number
  513 |   expect(d.second).toBe(11);
  514 |   expect(d.millisecond).toBe(445);
  515 | });"
/home/gabriel/Disk/Research/research-javascript-test-smells/repositories/luxon/test/datetime/tokenParse.test.js,Magic Number,"{'line': 513, 'column': 24, 'index': 18319}","  511 |   expect(d.hour).toBe(9);
  512 |   expect(d.minute).toBe(10);
> 513 |   expect(d.second).toBe(11);
      |                        ^ Magic Number
  514 |   expect(d.millisecond).toBe(445);
  515 | });
  516 |"
/home/gabriel/Disk/Research/research-javascript-test-smells/repositories/luxon/test/datetime/tokenParse.test.js,Magic Number,"{'line': 514, 'column': 29, 'index': 18353}","  512 |   expect(d.minute).toBe(10);
  513 |   expect(d.second).toBe(11);
> 514 |   expect(d.millisecond).toBe(445);
      |                             ^ Magic Number
  515 | });
  516 |
  517 | test(""DateTime.fromFormat() parses IANA zones"", () => {"
/home/gabriel/Disk/Research/research-javascript-test-smells/repositories/luxon/test/datetime/tokenParse.test.js,Magic Number,"{'line': 523, 'column': 24, 'index': 18594}","  521 |   ).toUTC();
  522 |   expect(d.isValid).toBe(true);
> 523 |   expect(d.offset).toBe(0);
      |                        ^ Magic Number
  524 |   expect(d.hour).toBe(0);
  525 |   expect(d.minute).toBe(10);
  526 |"
/home/gabriel/Disk/Research/research-javascript-test-smells/repositories/luxon/test/datetime/tokenParse.test.js,Magic Number,"{'line': 524, 'column': 22, 'index': 18620}","  522 |   expect(d.isValid).toBe(true);
  523 |   expect(d.offset).toBe(0);
> 524 |   expect(d.hour).toBe(0);
      |                      ^ Magic Number
  525 |   expect(d.minute).toBe(10);
  526 |
  527 |   d = DateTime.fromFormat(""1982/05/25 09:10:11.445 UTC"", ""yyyy/MM/dd HH:mm:ss.SSS z"").toUTC();"
/home/gabriel/Disk/Research/research-javascript-test-smells/repositories/luxon/test/datetime/tokenParse.test.js,Magic Number,"{'line': 525, 'column': 24, 'index': 18648}","  523 |   expect(d.offset).toBe(0);
  524 |   expect(d.hour).toBe(0);
> 525 |   expect(d.minute).toBe(10);
      |                        ^ Magic Number
  526 |
  527 |   d = DateTime.fromFormat(""1982/05/25 09:10:11.445 UTC"", ""yyyy/MM/dd HH:mm:ss.SSS z"").toUTC();
  528 |   expect(d.isValid).toBe(true);"
/home/gabriel/Disk/Research/research-javascript-test-smells/repositories/luxon/test/datetime/tokenParse.test.js,Magic Number,"{'line': 529, 'column': 24, 'index': 18805}","  527 |   d = DateTime.fromFormat(""1982/05/25 09:10:11.445 UTC"", ""yyyy/MM/dd HH:mm:ss.SSS z"").toUTC();
  528 |   expect(d.isValid).toBe(true);
> 529 |   expect(d.offset).toBe(0);
      |                        ^ Magic Number
  530 |   expect(d.hour).toBe(9);
  531 |   expect(d.minute).toBe(10);
  532 | });"
/home/gabriel/Disk/Research/research-javascript-test-smells/repositories/luxon/test/datetime/tokenParse.test.js,Magic Number,"{'line': 530, 'column': 22, 'index': 18831}","  528 |   expect(d.isValid).toBe(true);
  529 |   expect(d.offset).toBe(0);
> 530 |   expect(d.hour).toBe(9);
      |                      ^ Magic Number
  531 |   expect(d.minute).toBe(10);
  532 | });
  533 |"
/home/gabriel/Disk/Research/research-javascript-test-smells/repositories/luxon/test/datetime/tokenParse.test.js,Magic Number,"{'line': 531, 'column': 24, 'index': 18859}","  529 |   expect(d.offset).toBe(0);
  530 |   expect(d.hour).toBe(9);
> 531 |   expect(d.minute).toBe(10);
      |                        ^ Magic Number
  532 | });
  533 |
  534 | test(""DateTime.fromFormat() with setZone parses IANA zones and sets it"", () => {"
/home/gabriel/Disk/Research/research-javascript-test-smells/repositories/luxon/test/datetime/tokenParse.test.js,Magic Number,"{'line': 540, 'column': 22, 'index': 19172}","  538 |   expect(d.zoneName).toBe(""Asia/Tokyo"");
  539 |   expect(d.offset).toBe(9 * 60);
> 540 |   expect(d.hour).toBe(9);
      |                      ^ Magic Number
  541 |   expect(d.minute).toBe(10);
  542 | });
  543 |"
/home/gabriel/Disk/Research/research-javascript-test-smells/repositories/luxon/test/datetime/tokenParse.test.js,Magic Number,"{'line': 541, 'column': 24, 'index': 19200}","  539 |   expect(d.offset).toBe(9 * 60);
  540 |   expect(d.hour).toBe(9);
> 541 |   expect(d.minute).toBe(10);
      |                        ^ Magic Number
  542 | });
  543 |
  544 | test(""DateTime.fromFormat() parses fixed offsets"", () => {"
/home/gabriel/Disk/Research/research-javascript-test-smells/repositories/luxon/test/datetime/tokenParse.test.js,Magic Number,"{'line': 558, 'column': 35, 'index': 19662}","  556 |           `yyyy/MM/dd HH:mm:ss.SSS ${format}`
  557 |         );
> 558 |       expect(dt.toUTC().hour).toBe(13);
      |                                   ^ Magic Number
  559 |       expect(dt.toUTC().minute).toBe(10);
  560 |     }
  561 |   }"
/home/gabriel/Disk/Research/research-javascript-test-smells/repositories/luxon/test/datetime/tokenParse.test.js,Magic Number,"{'line': 559, 'column': 37, 'index': 19704}","  557 |         );
  558 |       expect(dt.toUTC().hour).toBe(13);
> 559 |       expect(dt.toUTC().minute).toBe(10);
      |                                     ^ Magic Number
  560 |     }
  561 |   }
  562 | });"
/home/gabriel/Disk/Research/research-javascript-test-smells/repositories/luxon/test/datetime/tokenParse.test.js,Magic Number,"{'line': 580, 'column': 35, 'index': 20269}","  578 |         );
  579 |       expect(dt.offset).toBe(-4 * 60);
> 580 |       expect(dt.toUTC().hour).toBe(13);
      |                                   ^ Magic Number
  581 |       expect(dt.toUTC().minute).toBe(10);
  582 |     }
  583 |   }"
/home/gabriel/Disk/Research/research-javascript-test-smells/repositories/luxon/test/datetime/tokenParse.test.js,Magic Number,"{'line': 581, 'column': 37, 'index': 20311}","  579 |       expect(dt.offset).toBe(-4 * 60);
  580 |       expect(dt.toUTC().hour).toBe(13);
> 581 |       expect(dt.toUTC().minute).toBe(10);
      |                                     ^ Magic Number
  582 |     }
  583 |   }
  584 | });"
/home/gabriel/Disk/Research/research-javascript-test-smells/repositories/luxon/test/datetime/tokenParse.test.js,Magic Number,"{'line': 593, 'column': 22, 'index': 20596}","  591 |   );
  592 |   expect(i.isValid).toBe(true);
> 593 |   expect(i.year).toBe(2021);
      |                      ^ Magic Number
  594 |   expect(i.month).toBe(11);
  595 |   expect(i.day).toBe(12);
  596 |   expect(i.hour).toBe(9);"
/home/gabriel/Disk/Research/research-javascript-test-smells/repositories/luxon/test/datetime/tokenParse.test.js,Magic Number,"{'line': 594, 'column': 23, 'index': 20626}","  592 |   expect(i.isValid).toBe(true);
  593 |   expect(i.year).toBe(2021);
> 594 |   expect(i.month).toBe(11);
      |                       ^ Magic Number
  595 |   expect(i.day).toBe(12);
  596 |   expect(i.hour).toBe(9);
  597 |   expect(i.minute).toBe(7);"
/home/gabriel/Disk/Research/research-javascript-test-smells/repositories/luxon/test/datetime/tokenParse.test.js,Magic Number,"{'line': 595, 'column': 21, 'index': 20652}","  593 |   expect(i.year).toBe(2021);
  594 |   expect(i.month).toBe(11);
> 595 |   expect(i.day).toBe(12);
      |                     ^ Magic Number
  596 |   expect(i.hour).toBe(9);
  597 |   expect(i.minute).toBe(7);
  598 |   expect(i.second).toBe(13);"
/home/gabriel/Disk/Research/research-javascript-test-smells/repositories/luxon/test/datetime/tokenParse.test.js,Magic Number,"{'line': 596, 'column': 22, 'index': 20679}","  594 |   expect(i.month).toBe(11);
  595 |   expect(i.day).toBe(12);
> 596 |   expect(i.hour).toBe(9);
      |                      ^ Magic Number
  597 |   expect(i.minute).toBe(7);
  598 |   expect(i.second).toBe(13);
  599 |   expect(i.millisecond).toBe(0);"
/home/gabriel/Disk/Research/research-javascript-test-smells/repositories/luxon/test/datetime/tokenParse.test.js,Magic Number,"{'line': 597, 'column': 24, 'index': 20707}","  595 |   expect(i.day).toBe(12);
  596 |   expect(i.hour).toBe(9);
> 597 |   expect(i.minute).toBe(7);
      |                        ^ Magic Number
  598 |   expect(i.second).toBe(13);
  599 |   expect(i.millisecond).toBe(0);
  600 |   expect(i.offset).toBe(480); //+08:00"
/home/gabriel/Disk/Research/research-javascript-test-smells/repositories/luxon/test/datetime/tokenParse.test.js,Magic Number,"{'line': 598, 'column': 24, 'index': 20735}","  596 |   expect(i.hour).toBe(9);
  597 |   expect(i.minute).toBe(7);
> 598 |   expect(i.second).toBe(13);
      |                        ^ Magic Number
  599 |   expect(i.millisecond).toBe(0);
  600 |   expect(i.offset).toBe(480); //+08:00
  601 |   expect(i.zoneName).toBe(""Australia/Perth"");"
/home/gabriel/Disk/Research/research-javascript-test-smells/repositories/luxon/test/datetime/tokenParse.test.js,Magic Number,"{'line': 599, 'column': 29, 'index': 20769}","  597 |   expect(i.minute).toBe(7);
  598 |   expect(i.second).toBe(13);
> 599 |   expect(i.millisecond).toBe(0);
      |                             ^ Magic Number
  600 |   expect(i.offset).toBe(480); //+08:00
  601 |   expect(i.zoneName).toBe(""Australia/Perth"");
  602 | });"
/home/gabriel/Disk/Research/research-javascript-test-smells/repositories/luxon/test/datetime/tokenParse.test.js,Magic Number,"{'line': 600, 'column': 24, 'index': 20797}","  598 |   expect(i.second).toBe(13);
  599 |   expect(i.millisecond).toBe(0);
> 600 |   expect(i.offset).toBe(480); //+08:00
      |                        ^ Magic Number
  601 |   expect(i.zoneName).toBe(""Australia/Perth"");
  602 | });
  603 |"
/home/gabriel/Disk/Research/research-javascript-test-smells/repositories/luxon/test/datetime/tokenParse.test.js,Magic Number,"{'line': 612, 'column': 22, 'index': 21234}","  610 |   );
  611 |   expect(i.isValid).toBe(true);
> 612 |   expect(i.year).toBe(2021);
      |                      ^ Magic Number
  613 |   expect(i.month).toBe(11);
  614 |   expect(i.day).toBe(12);
  615 |   expect(i.hour).toBe(9);"
/home/gabriel/Disk/Research/research-javascript-test-smells/repositories/luxon/test/datetime/tokenParse.test.js,Magic Number,"{'line': 613, 'column': 23, 'index': 21264}","  611 |   expect(i.isValid).toBe(true);
  612 |   expect(i.year).toBe(2021);
> 613 |   expect(i.month).toBe(11);
      |                       ^ Magic Number
  614 |   expect(i.day).toBe(12);
  615 |   expect(i.hour).toBe(9);
  616 |   expect(i.minute).toBe(7);"
/home/gabriel/Disk/Research/research-javascript-test-smells/repositories/luxon/test/datetime/tokenParse.test.js,Magic Number,"{'line': 614, 'column': 21, 'index': 21290}","  612 |   expect(i.year).toBe(2021);
  613 |   expect(i.month).toBe(11);
> 614 |   expect(i.day).toBe(12);
      |                     ^ Magic Number
  615 |   expect(i.hour).toBe(9);
  616 |   expect(i.minute).toBe(7);
  617 |   expect(i.second).toBe(13);"
/home/gabriel/Disk/Research/research-javascript-test-smells/repositories/luxon/test/datetime/tokenParse.test.js,Magic Number,"{'line': 615, 'column': 22, 'index': 21317}","  613 |   expect(i.month).toBe(11);
  614 |   expect(i.day).toBe(12);
> 615 |   expect(i.hour).toBe(9);
      |                      ^ Magic Number
  616 |   expect(i.minute).toBe(7);
  617 |   expect(i.second).toBe(13);
  618 |   expect(i.millisecond).toBe(0);"
/home/gabriel/Disk/Research/research-javascript-test-smells/repositories/luxon/test/datetime/tokenParse.test.js,Magic Number,"{'line': 616, 'column': 24, 'index': 21345}","  614 |   expect(i.day).toBe(12);
  615 |   expect(i.hour).toBe(9);
> 616 |   expect(i.minute).toBe(7);
      |                        ^ Magic Number
  617 |   expect(i.second).toBe(13);
  618 |   expect(i.millisecond).toBe(0);
  619 |   expect(i.offset).toBe(480); //+08:00"
/home/gabriel/Disk/Research/research-javascript-test-smells/repositories/luxon/test/datetime/tokenParse.test.js,Magic Number,"{'line': 617, 'column': 24, 'index': 21373}","  615 |   expect(i.hour).toBe(9);
  616 |   expect(i.minute).toBe(7);
> 617 |   expect(i.second).toBe(13);
      |                        ^ Magic Number
  618 |   expect(i.millisecond).toBe(0);
  619 |   expect(i.offset).toBe(480); //+08:00
  620 |   expect(i.zoneName).toBe(""Australia/Perth"");"
/home/gabriel/Disk/Research/research-javascript-test-smells/repositories/luxon/test/datetime/tokenParse.test.js,Magic Number,"{'line': 618, 'column': 29, 'index': 21407}","  616 |   expect(i.minute).toBe(7);
  617 |   expect(i.second).toBe(13);
> 618 |   expect(i.millisecond).toBe(0);
      |                             ^ Magic Number
  619 |   expect(i.offset).toBe(480); //+08:00
  620 |   expect(i.zoneName).toBe(""Australia/Perth"");
  621 | });"
/home/gabriel/Disk/Research/research-javascript-test-smells/repositories/luxon/test/datetime/tokenParse.test.js,Magic Number,"{'line': 619, 'column': 24, 'index': 21435}","  617 |   expect(i.second).toBe(13);
  618 |   expect(i.millisecond).toBe(0);
> 619 |   expect(i.offset).toBe(480); //+08:00
      |                        ^ Magic Number
  620 |   expect(i.zoneName).toBe(""Australia/Perth"");
  621 | });
  622 |"
/home/gabriel/Disk/Research/research-javascript-test-smells/repositories/luxon/test/datetime/tokenParse.test.js,Magic Number,"{'line': 631, 'column': 22, 'index': 21883}","  629 |   );
  630 |   expect(i.isValid).toBe(true);
> 631 |   expect(i.year).toBe(2021);
      |                      ^ Magic Number
  632 |   expect(i.month).toBe(10);
  633 |   expect(i.day).toBe(3);
  634 |   expect(i.hour).toBe(1);"
/home/gabriel/Disk/Research/research-javascript-test-smells/repositories/luxon/test/datetime/tokenParse.test.js,Magic Number,"{'line': 632, 'column': 23, 'index': 21913}","  630 |   expect(i.isValid).toBe(true);
  631 |   expect(i.year).toBe(2021);
> 632 |   expect(i.month).toBe(10);
      |                       ^ Magic Number
  633 |   expect(i.day).toBe(3);
  634 |   expect(i.hour).toBe(1);
  635 |   expect(i.minute).toBe(30);"
/home/gabriel/Disk/Research/research-javascript-test-smells/repositories/luxon/test/datetime/tokenParse.test.js,Magic Number,"{'line': 633, 'column': 21, 'index': 21939}","  631 |   expect(i.year).toBe(2021);
  632 |   expect(i.month).toBe(10);
> 633 |   expect(i.day).toBe(3);
      |                     ^ Magic Number
  634 |   expect(i.hour).toBe(1);
  635 |   expect(i.minute).toBe(30);
  636 |   expect(i.second).toBe(0);"
/home/gabriel/Disk/Research/research-javascript-test-smells/repositories/luxon/test/datetime/tokenParse.test.js,Magic Number,"{'line': 634, 'column': 22, 'index': 21965}","  632 |   expect(i.month).toBe(10);
  633 |   expect(i.day).toBe(3);
> 634 |   expect(i.hour).toBe(1);
      |                      ^ Magic Number
  635 |   expect(i.minute).toBe(30);
  636 |   expect(i.second).toBe(0);
  637 |   expect(i.millisecond).toBe(0);"
/home/gabriel/Disk/Research/research-javascript-test-smells/repositories/luxon/test/datetime/tokenParse.test.js,Magic Number,"{'line': 635, 'column': 24, 'index': 21993}","  633 |   expect(i.day).toBe(3);
  634 |   expect(i.hour).toBe(1);
> 635 |   expect(i.minute).toBe(30);
      |                        ^ Magic Number
  636 |   expect(i.second).toBe(0);
  637 |   expect(i.millisecond).toBe(0);
  638 |   expect(i.offset).toBe(600); //+10:00"
/home/gabriel/Disk/Research/research-javascript-test-smells/repositories/luxon/test/datetime/tokenParse.test.js,Magic Number,"{'line': 636, 'column': 24, 'index': 22022}","  634 |   expect(i.hour).toBe(1);
  635 |   expect(i.minute).toBe(30);
> 636 |   expect(i.second).toBe(0);
      |                        ^ Magic Number
  637 |   expect(i.millisecond).toBe(0);
  638 |   expect(i.offset).toBe(600); //+10:00
  639 |   expect(i.zoneName).toBe(""Australia/Sydney"");"
/home/gabriel/Disk/Research/research-javascript-test-smells/repositories/luxon/test/datetime/tokenParse.test.js,Magic Number,"{'line': 637, 'column': 29, 'index': 22055}","  635 |   expect(i.minute).toBe(30);
  636 |   expect(i.second).toBe(0);
> 637 |   expect(i.millisecond).toBe(0);
      |                             ^ Magic Number
  638 |   expect(i.offset).toBe(600); //+10:00
  639 |   expect(i.zoneName).toBe(""Australia/Sydney"");
  640 | });"
/home/gabriel/Disk/Research/research-javascript-test-smells/repositories/luxon/test/datetime/tokenParse.test.js,Magic Number,"{'line': 638, 'column': 24, 'index': 22083}","  636 |   expect(i.second).toBe(0);
  637 |   expect(i.millisecond).toBe(0);
> 638 |   expect(i.offset).toBe(600); //+10:00
      |                        ^ Magic Number
  639 |   expect(i.zoneName).toBe(""Australia/Sydney"");
  640 | });
  641 |"
/home/gabriel/Disk/Research/research-javascript-test-smells/repositories/luxon/test/datetime/tokenParse.test.js,Magic Number,"{'line': 650, 'column': 22, 'index': 22519}","  648 |   );
  649 |   expect(i.isValid).toBe(true);
> 650 |   expect(i.year).toBe(2021);
      |                      ^ Magic Number
  651 |   expect(i.month).toBe(4);
  652 |   expect(i.day).toBe(4);
  653 |   expect(i.hour).toBe(2);"
/home/gabriel/Disk/Research/research-javascript-test-smells/repositories/luxon/test/datetime/tokenParse.test.js,Magic Number,"{'line': 651, 'column': 23, 'index': 22549}","  649 |   expect(i.isValid).toBe(true);
  650 |   expect(i.year).toBe(2021);
> 651 |   expect(i.month).toBe(4);
      |                       ^ Magic Number
  652 |   expect(i.day).toBe(4);
  653 |   expect(i.hour).toBe(2);
  654 |   expect(i.minute).toBe(30);"
/home/gabriel/Disk/Research/research-javascript-test-smells/repositories/luxon/test/datetime/tokenParse.test.js,Magic Number,"{'line': 652, 'column': 21, 'index': 22574}","  650 |   expect(i.year).toBe(2021);
  651 |   expect(i.month).toBe(4);
> 652 |   expect(i.day).toBe(4);
      |                     ^ Magic Number
  653 |   expect(i.hour).toBe(2);
  654 |   expect(i.minute).toBe(30);
  655 |   expect(i.second).toBe(0);"
/home/gabriel/Disk/Research/research-javascript-test-smells/repositories/luxon/test/datetime/tokenParse.test.js,Magic Number,"{'line': 653, 'column': 22, 'index': 22600}","  651 |   expect(i.month).toBe(4);
  652 |   expect(i.day).toBe(4);
> 653 |   expect(i.hour).toBe(2);
      |                      ^ Magic Number
  654 |   expect(i.minute).toBe(30);
  655 |   expect(i.second).toBe(0);
  656 |   expect(i.millisecond).toBe(0);"
/home/gabriel/Disk/Research/research-javascript-test-smells/repositories/luxon/test/datetime/tokenParse.test.js,Magic Number,"{'line': 654, 'column': 24, 'index': 22628}","  652 |   expect(i.day).toBe(4);
  653 |   expect(i.hour).toBe(2);
> 654 |   expect(i.minute).toBe(30);
      |                        ^ Magic Number
  655 |   expect(i.second).toBe(0);
  656 |   expect(i.millisecond).toBe(0);
  657 |   expect(i.offset).toBe(660); //+11:00"
/home/gabriel/Disk/Research/research-javascript-test-smells/repositories/luxon/test/datetime/tokenParse.test.js,Magic Number,"{'line': 655, 'column': 24, 'index': 22657}","  653 |   expect(i.hour).toBe(2);
  654 |   expect(i.minute).toBe(30);
> 655 |   expect(i.second).toBe(0);
      |                        ^ Magic Number
  656 |   expect(i.millisecond).toBe(0);
  657 |   expect(i.offset).toBe(660); //+11:00
  658 |   expect(i.zoneName).toBe(""Australia/Sydney"");"
/home/gabriel/Disk/Research/research-javascript-test-smells/repositories/luxon/test/datetime/tokenParse.test.js,Magic Number,"{'line': 656, 'column': 29, 'index': 22690}","  654 |   expect(i.minute).toBe(30);
  655 |   expect(i.second).toBe(0);
> 656 |   expect(i.millisecond).toBe(0);
      |                             ^ Magic Number
  657 |   expect(i.offset).toBe(660); //+11:00
  658 |   expect(i.zoneName).toBe(""Australia/Sydney"");
  659 |"
/home/gabriel/Disk/Research/research-javascript-test-smells/repositories/luxon/test/datetime/tokenParse.test.js,Magic Number,"{'line': 657, 'column': 24, 'index': 22718}","  655 |   expect(i.second).toBe(0);
  656 |   expect(i.millisecond).toBe(0);
> 657 |   expect(i.offset).toBe(660); //+11:00
      |                        ^ Magic Number
  658 |   expect(i.zoneName).toBe(""Australia/Sydney"");
  659 |
  660 |   i = DateTime.fromFormat("
/home/gabriel/Disk/Research/research-javascript-test-smells/repositories/luxon/test/datetime/tokenParse.test.js,Magic Number,"{'line': 666, 'column': 22, 'index': 22982}","  664 |   );
  665 |   expect(i.isValid).toBe(true);
> 666 |   expect(i.year).toBe(2021);
      |                      ^ Magic Number
  667 |   expect(i.month).toBe(4);
  668 |   expect(i.day).toBe(4);
  669 |   expect(i.hour).toBe(2);"
/home/gabriel/Disk/Research/research-javascript-test-smells/repositories/luxon/test/datetime/tokenParse.test.js,Magic Number,"{'line': 667, 'column': 23, 'index': 23012}","  665 |   expect(i.isValid).toBe(true);
  666 |   expect(i.year).toBe(2021);
> 667 |   expect(i.month).toBe(4);
      |                       ^ Magic Number
  668 |   expect(i.day).toBe(4);
  669 |   expect(i.hour).toBe(2);
  670 |   expect(i.minute).toBe(30);"
/home/gabriel/Disk/Research/research-javascript-test-smells/repositories/luxon/test/datetime/tokenParse.test.js,Magic Number,"{'line': 668, 'column': 21, 'index': 23037}","  666 |   expect(i.year).toBe(2021);
  667 |   expect(i.month).toBe(4);
> 668 |   expect(i.day).toBe(4);
      |                     ^ Magic Number
  669 |   expect(i.hour).toBe(2);
  670 |   expect(i.minute).toBe(30);
  671 |   expect(i.second).toBe(0);"
/home/gabriel/Disk/Research/research-javascript-test-smells/repositories/luxon/test/datetime/tokenParse.test.js,Magic Number,"{'line': 669, 'column': 22, 'index': 23063}","  667 |   expect(i.month).toBe(4);
  668 |   expect(i.day).toBe(4);
> 669 |   expect(i.hour).toBe(2);
      |                      ^ Magic Number
  670 |   expect(i.minute).toBe(30);
  671 |   expect(i.second).toBe(0);
  672 |   expect(i.millisecond).toBe(0);"
/home/gabriel/Disk/Research/research-javascript-test-smells/repositories/luxon/test/datetime/tokenParse.test.js,Magic Number,"{'line': 670, 'column': 24, 'index': 23091}","  668 |   expect(i.day).toBe(4);
  669 |   expect(i.hour).toBe(2);
> 670 |   expect(i.minute).toBe(30);
      |                        ^ Magic Number
  671 |   expect(i.second).toBe(0);
  672 |   expect(i.millisecond).toBe(0);
  673 |   expect(i.offset).toBe(600); //+10:00"
/home/gabriel/Disk/Research/research-javascript-test-smells/repositories/luxon/test/datetime/tokenParse.test.js,Magic Number,"{'line': 671, 'column': 24, 'index': 23120}","  669 |   expect(i.hour).toBe(2);
  670 |   expect(i.minute).toBe(30);
> 671 |   expect(i.second).toBe(0);
      |                        ^ Magic Number
  672 |   expect(i.millisecond).toBe(0);
  673 |   expect(i.offset).toBe(600); //+10:00
  674 |   expect(i.zoneName).toBe(""Australia/Sydney"");"
/home/gabriel/Disk/Research/research-javascript-test-smells/repositories/luxon/test/datetime/tokenParse.test.js,Magic Number,"{'line': 672, 'column': 29, 'index': 23153}","  670 |   expect(i.minute).toBe(30);
  671 |   expect(i.second).toBe(0);
> 672 |   expect(i.millisecond).toBe(0);
      |                             ^ Magic Number
  673 |   expect(i.offset).toBe(600); //+10:00
  674 |   expect(i.zoneName).toBe(""Australia/Sydney"");
  675 | });"
/home/gabriel/Disk/Research/research-javascript-test-smells/repositories/luxon/test/datetime/tokenParse.test.js,Magic Number,"{'line': 673, 'column': 24, 'index': 23181}","  671 |   expect(i.second).toBe(0);
  672 |   expect(i.millisecond).toBe(0);
> 673 |   expect(i.offset).toBe(600); //+10:00
      |                        ^ Magic Number
  674 |   expect(i.zoneName).toBe(""Australia/Sydney"");
  675 | });
  676 |"
/home/gabriel/Disk/Research/research-javascript-test-smells/repositories/luxon/test/datetime/tokenParse.test.js,Magic Number,"{'line': 682, 'column': 22, 'index': 23518}","  680 |   });
  681 |   expect(i.isValid).toBe(true);
> 682 |   expect(i.year).toBe(2021);
      |                      ^ Magic Number
  683 |   expect(i.month).toBe(11);
  684 |   expect(i.day).toBe(11);
  685 |   expect(i.hour).toBe(20);"
/home/gabriel/Disk/Research/research-javascript-test-smells/repositories/luxon/test/datetime/tokenParse.test.js,Magic Number,"{'line': 683, 'column': 23, 'index': 23548}","  681 |   expect(i.isValid).toBe(true);
  682 |   expect(i.year).toBe(2021);
> 683 |   expect(i.month).toBe(11);
      |                       ^ Magic Number
  684 |   expect(i.day).toBe(11);
  685 |   expect(i.hour).toBe(20);
  686 |   expect(i.minute).toBe(7);"
/home/gabriel/Disk/Research/research-javascript-test-smells/repositories/luxon/test/datetime/tokenParse.test.js,Magic Number,"{'line': 684, 'column': 21, 'index': 23574}","  682 |   expect(i.year).toBe(2021);
  683 |   expect(i.month).toBe(11);
> 684 |   expect(i.day).toBe(11);
      |                     ^ Magic Number
  685 |   expect(i.hour).toBe(20);
  686 |   expect(i.minute).toBe(7);
  687 |   expect(i.second).toBe(13);"
/home/gabriel/Disk/Research/research-javascript-test-smells/repositories/luxon/test/datetime/tokenParse.test.js,Magic Number,"{'line': 685, 'column': 22, 'index': 23601}","  683 |   expect(i.month).toBe(11);
  684 |   expect(i.day).toBe(11);
> 685 |   expect(i.hour).toBe(20);
      |                      ^ Magic Number
  686 |   expect(i.minute).toBe(7);
  687 |   expect(i.second).toBe(13);
  688 |   expect(i.millisecond).toBe(0);"
/home/gabriel/Disk/Research/research-javascript-test-smells/repositories/luxon/test/datetime/tokenParse.test.js,Magic Number,"{'line': 686, 'column': 24, 'index': 23630}","  684 |   expect(i.day).toBe(11);
  685 |   expect(i.hour).toBe(20);
> 686 |   expect(i.minute).toBe(7);
      |                        ^ Magic Number
  687 |   expect(i.second).toBe(13);
  688 |   expect(i.millisecond).toBe(0);
  689 |   expect(i.offset).toBe(-300);"
/home/gabriel/Disk/Research/research-javascript-test-smells/repositories/luxon/test/datetime/tokenParse.test.js,Magic Number,"{'line': 687, 'column': 24, 'index': 23658}","  685 |   expect(i.hour).toBe(20);
  686 |   expect(i.minute).toBe(7);
> 687 |   expect(i.second).toBe(13);
      |                        ^ Magic Number
  688 |   expect(i.millisecond).toBe(0);
  689 |   expect(i.offset).toBe(-300);
  690 |   expect(i.zoneName).toBe(""America/New_York"");"
/home/gabriel/Disk/Research/research-javascript-test-smells/repositories/luxon/test/datetime/tokenParse.test.js,Magic Number,"{'line': 688, 'column': 29, 'index': 23692}","  686 |   expect(i.minute).toBe(7);
  687 |   expect(i.second).toBe(13);
> 688 |   expect(i.millisecond).toBe(0);
      |                             ^ Magic Number
  689 |   expect(i.offset).toBe(-300);
  690 |   expect(i.zoneName).toBe(""America/New_York"");
  691 | });"
/home/gabriel/Disk/Research/research-javascript-test-smells/repositories/luxon/test/datetime/tokenParse.test.js,Magic Number,"{'line': 700, 'column': 22, 'index': 24079}","  698 |   );
  699 |   expect(i.isValid).toBe(true);
> 700 |   expect(i.year).toBe(2021);
      |                      ^ Magic Number
  701 |   expect(i.month).toBe(11);
  702 |   expect(i.day).toBe(11);
  703 |   expect(i.hour).toBe(20);"
/home/gabriel/Disk/Research/research-javascript-test-smells/repositories/luxon/test/datetime/tokenParse.test.js,Magic Number,"{'line': 701, 'column': 23, 'index': 24109}","  699 |   expect(i.isValid).toBe(true);
  700 |   expect(i.year).toBe(2021);
> 701 |   expect(i.month).toBe(11);
      |                       ^ Magic Number
  702 |   expect(i.day).toBe(11);
  703 |   expect(i.hour).toBe(20);
  704 |   expect(i.minute).toBe(7);"
/home/gabriel/Disk/Research/research-javascript-test-smells/repositories/luxon/test/datetime/tokenParse.test.js,Magic Number,"{'line': 702, 'column': 21, 'index': 24135}","  700 |   expect(i.year).toBe(2021);
  701 |   expect(i.month).toBe(11);
> 702 |   expect(i.day).toBe(11);
      |                     ^ Magic Number
  703 |   expect(i.hour).toBe(20);
  704 |   expect(i.minute).toBe(7);
  705 |   expect(i.second).toBe(13);"
/home/gabriel/Disk/Research/research-javascript-test-smells/repositories/luxon/test/datetime/tokenParse.test.js,Magic Number,"{'line': 703, 'column': 22, 'index': 24162}","  701 |   expect(i.month).toBe(11);
  702 |   expect(i.day).toBe(11);
> 703 |   expect(i.hour).toBe(20);
      |                      ^ Magic Number
  704 |   expect(i.minute).toBe(7);
  705 |   expect(i.second).toBe(13);
  706 |   expect(i.millisecond).toBe(0);"
/home/gabriel/Disk/Research/research-javascript-test-smells/repositories/luxon/test/datetime/tokenParse.test.js,Magic Number,"{'line': 704, 'column': 24, 'index': 24191}","  702 |   expect(i.day).toBe(11);
  703 |   expect(i.hour).toBe(20);
> 704 |   expect(i.minute).toBe(7);
      |                        ^ Magic Number
  705 |   expect(i.second).toBe(13);
  706 |   expect(i.millisecond).toBe(0);
  707 |   expect(i.offset).toBe(-300);"
/home/gabriel/Disk/Research/research-javascript-test-smells/repositories/luxon/test/datetime/tokenParse.test.js,Magic Number,"{'line': 705, 'column': 24, 'index': 24219}","  703 |   expect(i.hour).toBe(20);
  704 |   expect(i.minute).toBe(7);
> 705 |   expect(i.second).toBe(13);
      |                        ^ Magic Number
  706 |   expect(i.millisecond).toBe(0);
  707 |   expect(i.offset).toBe(-300);
  708 |   expect(i.zoneName).toBe(""America/New_York"");"
/home/gabriel/Disk/Research/research-javascript-test-smells/repositories/luxon/test/datetime/tokenParse.test.js,Magic Number,"{'line': 706, 'column': 29, 'index': 24253}","  704 |   expect(i.minute).toBe(7);
  705 |   expect(i.second).toBe(13);
> 706 |   expect(i.millisecond).toBe(0);
      |                             ^ Magic Number
  707 |   expect(i.offset).toBe(-300);
  708 |   expect(i.zoneName).toBe(""America/New_York"");
  709 | });"
/home/gabriel/Disk/Research/research-javascript-test-smells/repositories/luxon/test/datetime/tokenParse.test.js,Magic Number,"{'line': 836, 'column': 25, 'index': 27970}","  834 |   const dt = DateTime.fromFormat(""+0100"", ""ZZZ"", { setZone: true });
  835 |   expect(dt.isValid).toBe(true);
> 836 |   expect(dt.offset).toBe(60);
      |                         ^ Magic Number
  837 | });
  838 |
  839 | //------"
/home/gabriel/Disk/Research/research-javascript-test-smells/repositories/luxon/test/datetime/tokenParse.test.js,Magic Number,"{'line': 851, 'column': 36, 'index': 28370}","  849 |   expect(ex.rawMatches).toBeInstanceOf(Array);
  850 |   expect(ex.matches).toBeInstanceOf(Object);
> 851 |   expect(keyCount(ex.matches)).toBe(7);
      |                                    ^ Magic Number
  852 |   expect(ex.result).toBeInstanceOf(Object);
  853 |   expect(keyCount(ex.result)).toBe(7);
  854 | });"
/home/gabriel/Disk/Research/research-javascript-test-smells/repositories/luxon/test/datetime/tokenParse.test.js,Magic Number,"{'line': 853, 'column': 35, 'index': 28453}","  851 |   expect(keyCount(ex.matches)).toBe(7);
  852 |   expect(ex.result).toBeInstanceOf(Object);
> 853 |   expect(keyCount(ex.result)).toBe(7);
      |                                   ^ Magic Number
  854 | });
  855 |
  856 | test(""DateTime.fromFormatExplain() explains a bad match"", () => {"
/home/gabriel/Disk/Research/research-javascript-test-smells/repositories/luxon/test/datetime/tokenParse.test.js,Magic Number,"{'line': 860, 'column': 36, 'index': 28737}","  858 |   expect(ex.rawMatches).toBeNull();
  859 |   expect(ex.matches).toBeInstanceOf(Object);
> 860 |   expect(keyCount(ex.matches)).toBe(0);
      |                                    ^ Magic Number
  861 |   expect(ex.result).toBeInstanceOf(Object);
  862 |   expect(keyCount(ex.result)).toBe(0);
  863 | });"
/home/gabriel/Disk/Research/research-javascript-test-smells/repositories/luxon/test/datetime/tokenParse.test.js,Magic Number,"{'line': 862, 'column': 35, 'index': 28820}","  860 |   expect(keyCount(ex.matches)).toBe(0);
  861 |   expect(ex.result).toBeInstanceOf(Object);
> 862 |   expect(keyCount(ex.result)).toBe(0);
      |                                   ^ Magic Number
  863 | });
  864 |
  865 | test(""DateTime.fromFormatExplain() parses zone correctly"", () => {"
/home/gabriel/Disk/Research/research-javascript-test-smells/repositories/luxon/test/datetime/tokenParse.test.js,Magic Number,"{'line': 872, 'column': 36, 'index': 29158}","  870 |   expect(ex.rawMatches).toBeInstanceOf(Array);
  871 |   expect(ex.matches).toBeInstanceOf(Object);
> 872 |   expect(keyCount(ex.matches)).toBe(9);
      |                                    ^ Magic Number
  873 |   expect(ex.result).toBeInstanceOf(Object);
  874 |   expect(keyCount(ex.result)).toBe(7);
  875 |   expect(ex.matches).toEqual({"
/home/gabriel/Disk/Research/research-javascript-test-smells/repositories/luxon/test/datetime/tokenParse.test.js,Magic Number,"{'line': 874, 'column': 35, 'index': 29241}","  872 |   expect(keyCount(ex.matches)).toBe(9);
  873 |   expect(ex.result).toBeInstanceOf(Object);
> 874 |   expect(keyCount(ex.result)).toBe(7);
      |                                   ^ Magic Number
  875 |   expect(ex.matches).toEqual({
  876 |     E: 1,
  877 |     M: 4,"
/home/gabriel/Disk/Research/research-javascript-test-smells/repositories/luxon/test/datetime/tokenParse.test.js,Magic Number,"{'line': 899, 'column': 37, 'index': 29924}","  897 |   expect(ex1.rawMatches).toBeInstanceOf(Array);
  898 |   expect(ex1.matches).toBeInstanceOf(Object);
> 899 |   expect(keyCount(ex1.matches)).toBe(8);
      |                                     ^ Magic Number
  900 |   expect(ex1.result).toBeInstanceOf(Object);
  901 |   expect(keyCount(ex1.result)).toBe(6);
  902 |   expect(ex1.matches).toEqual({"
/home/gabriel/Disk/Research/research-javascript-test-smells/repositories/luxon/test/datetime/tokenParse.test.js,Magic Number,"{'line': 901, 'column': 36, 'index': 30009}","  899 |   expect(keyCount(ex1.matches)).toBe(8);
  900 |   expect(ex1.result).toBeInstanceOf(Object);
> 901 |   expect(keyCount(ex1.result)).toBe(6);
      |                                    ^ Magic Number
  902 |   expect(ex1.matches).toEqual({
  903 |     M: 4,
  904 |     a: 1,"
/home/gabriel/Disk/Research/research-javascript-test-smells/repositories/luxon/test/datetime/tokenParse.test.js,Magic Number,"{'line': 920, 'column': 37, 'index': 30454}","  918 |   expect(ex2.rawMatches).toBeInstanceOf(Array);
  919 |   expect(ex2.matches).toBeInstanceOf(Object);
> 920 |   expect(keyCount(ex2.matches)).toBe(8);
      |                                     ^ Magic Number
  921 |   expect(ex2.result).toBeInstanceOf(Object);
  922 |   expect(keyCount(ex2.result)).toBe(6);
  923 |   expect(ex2.matches).toEqual({"
/home/gabriel/Disk/Research/research-javascript-test-smells/repositories/luxon/test/datetime/tokenParse.test.js,Magic Number,"{'line': 922, 'column': 36, 'index': 30539}","  920 |   expect(keyCount(ex2.matches)).toBe(8);
  921 |   expect(ex2.result).toBeInstanceOf(Object);
> 922 |   expect(keyCount(ex2.result)).toBe(6);
      |                                    ^ Magic Number
  923 |   expect(ex2.matches).toEqual({
  924 |     M: 4,
  925 |     a: 1,"
/home/gabriel/Disk/Research/research-javascript-test-smells/repositories/luxon/test/datetime/tokenParse.test.js,Magic Number,"{'line': 940, 'column': 37, 'index': 30964}","  938 |   expect(ex3.rawMatches).toBeInstanceOf(Array);
  939 |   expect(ex3.matches).toBeInstanceOf(Object);
> 940 |   expect(keyCount(ex3.matches)).toBe(7);
      |                                     ^ Magic Number
  941 |   expect(ex3.result).toBeInstanceOf(Object);
  942 |   expect(keyCount(ex3.result)).toBe(6);
  943 |   expect(ex3.matches).toEqual({"
/home/gabriel/Disk/Research/research-javascript-test-smells/repositories/luxon/test/datetime/tokenParse.test.js,Magic Number,"{'line': 942, 'column': 36, 'index': 31049}","  940 |   expect(keyCount(ex3.matches)).toBe(7);
  941 |   expect(ex3.result).toBeInstanceOf(Object);
> 942 |   expect(keyCount(ex3.result)).toBe(6);
      |                                    ^ Magic Number
  943 |   expect(ex3.matches).toEqual({
  944 |     M: 4,
  945 |     a: 1,"
/home/gabriel/Disk/Research/research-javascript-test-smells/repositories/luxon/test/datetime/tokenParse.test.js,Magic Number,"{'line': 959, 'column': 37, 'index': 31452}","  957 |   expect(ex4.rawMatches).toBeInstanceOf(Array);
  958 |   expect(ex4.matches).toBeInstanceOf(Object);
> 959 |   expect(keyCount(ex4.matches)).toBe(7);
      |                                     ^ Magic Number
  960 |   expect(ex4.result).toBeInstanceOf(Object);
  961 |   expect(keyCount(ex4.result)).toBe(6);
  962 |"
/home/gabriel/Disk/Research/research-javascript-test-smells/repositories/luxon/test/datetime/tokenParse.test.js,Magic Number,"{'line': 961, 'column': 36, 'index': 31537}","  959 |   expect(keyCount(ex4.matches)).toBe(7);
  960 |   expect(ex4.result).toBeInstanceOf(Object);
> 961 |   expect(keyCount(ex4.result)).toBe(6);
      |                                    ^ Magic Number
  962 |
  963 |   const ex5 = DateTime.fromFormatExplain(""᭐᭓-April-᭒᭐᭑᭙ ᭐᭒:᭔᭔:᭐᭗ PM"", ""dd-MMMM-yyyy hh:mm:ss a"", {
  964 |     locale: ""id"","
/home/gabriel/Disk/Research/research-javascript-test-smells/repositories/luxon/test/datetime/tokenParse.test.js,Magic Number,"{'line': 969, 'column': 37, 'index': 31825}","  967 |   expect(ex5.rawMatches).toBeInstanceOf(Array);
  968 |   expect(ex5.matches).toBeInstanceOf(Object);
> 969 |   expect(keyCount(ex5.matches)).toBe(7);
      |                                     ^ Magic Number
  970 |   expect(ex5.result).toBeInstanceOf(Object);
  971 |   expect(keyCount(ex5.result)).toBe(6);
  972 |"
/home/gabriel/Disk/Research/research-javascript-test-smells/repositories/luxon/test/datetime/tokenParse.test.js,Magic Number,"{'line': 971, 'column': 36, 'index': 31910}","  969 |   expect(keyCount(ex5.matches)).toBe(7);
  970 |   expect(ex5.result).toBeInstanceOf(Object);
> 971 |   expect(keyCount(ex5.result)).toBe(6);
      |                                    ^ Magic Number
  972 |
  973 |   const ex6 = DateTime.fromFormatExplain(""০৩ এপ্রিল ২০১৯ ১২.৫৭"", ""dd MMMM yyyy hh.mm"", {
  974 |     locale: ""bn"","
/home/gabriel/Disk/Research/research-javascript-test-smells/repositories/luxon/test/datetime/tokenParse.test.js,Magic Number,"{'line': 979, 'column': 37, 'index': 32188}","  977 |   expect(ex6.rawMatches).toBeInstanceOf(Array);
  978 |   expect(ex6.matches).toBeInstanceOf(Object);
> 979 |   expect(keyCount(ex6.matches)).toBe(5);
      |                                     ^ Magic Number
  980 |   expect(ex6.result).toBeInstanceOf(Object);
  981 |   expect(keyCount(ex6.result)).toBe(5);
  982 |   expect(ex6.matches).toEqual({"
/home/gabriel/Disk/Research/research-javascript-test-smells/repositories/luxon/test/datetime/tokenParse.test.js,Magic Number,"{'line': 981, 'column': 36, 'index': 32273}","  979 |   expect(keyCount(ex6.matches)).toBe(5);
  980 |   expect(ex6.result).toBeInstanceOf(Object);
> 981 |   expect(keyCount(ex6.result)).toBe(5);
      |                                    ^ Magic Number
  982 |   expect(ex6.matches).toEqual({
  983 |     M: 4,
  984 |     d: 3,"
/home/gabriel/Disk/Research/research-javascript-test-smells/repositories/luxon/test/datetime/tokenParse.test.js,Magic Number,"{'line': 1000, 'column': 37, 'index': 32683}","   998 |   expect(ex7.rawMatches).toBeInstanceOf(Array);
   999 |   expect(ex7.matches).toBeInstanceOf(Object);
> 1000 |   expect(keyCount(ex7.matches)).toBe(7);
       |                                     ^ Magic Number
  1001 |   expect(ex7.result).toBeInstanceOf(Object);
  1002 |   expect(keyCount(ex7.result)).toBe(6);
  1003 |"
/home/gabriel/Disk/Research/research-javascript-test-smells/repositories/luxon/test/datetime/tokenParse.test.js,Magic Number,"{'line': 1002, 'column': 36, 'index': 32768}","  1000 |   expect(keyCount(ex7.matches)).toBe(7);
  1001 |   expect(ex7.result).toBeInstanceOf(Object);
> 1002 |   expect(keyCount(ex7.result)).toBe(6);
       |                                    ^ Magic Number
  1003 |
  1004 |   const ex8 = DateTime.fromFormatExplain(""०३-April-२०१९ ०२:५३:१९ PM"", ""dd-MMMM-yyyy hh:mm:ss a"", {
  1005 |     numberingSystem: ""deva"","
/home/gabriel/Disk/Research/research-javascript-test-smells/repositories/luxon/test/datetime/tokenParse.test.js,Magic Number,"{'line': 1009, 'column': 37, 'index': 33038}","  1007 |   expect(ex8.rawMatches).toBeInstanceOf(Array);
  1008 |   expect(ex8.matches).toBeInstanceOf(Object);
> 1009 |   expect(keyCount(ex8.matches)).toBe(7);
       |                                     ^ Magic Number
  1010 |   expect(ex8.result).toBeInstanceOf(Object);
  1011 |   expect(keyCount(ex8.result)).toBe(6);
  1012 |"
/home/gabriel/Disk/Research/research-javascript-test-smells/repositories/luxon/test/datetime/tokenParse.test.js,Magic Number,"{'line': 1011, 'column': 36, 'index': 33123}","  1009 |   expect(keyCount(ex8.matches)).toBe(7);
  1010 |   expect(ex8.result).toBeInstanceOf(Object);
> 1011 |   expect(keyCount(ex8.result)).toBe(6);
       |                                    ^ Magic Number
  1012 |
  1013 |   const ex9 = DateTime.fromFormatExplain(""૦૩-એપ્રિલ-૨૦૧૯ ૦૨:૫૫:૨૧ PM"", ""dd-MMMM-yyyy hh:mm:ss a"", {
  1014 |     locale: ""gu"","
/home/gabriel/Disk/Research/research-javascript-test-smells/repositories/luxon/test/datetime/tokenParse.test.js,Magic Number,"{'line': 1019, 'column': 37, 'index': 33412}","  1017 |   expect(ex9.rawMatches).toBeInstanceOf(Array);
  1018 |   expect(ex9.matches).toBeInstanceOf(Object);
> 1019 |   expect(keyCount(ex9.matches)).toBe(7);
       |                                     ^ Magic Number
  1020 |   expect(ex9.result).toBeInstanceOf(Object);
  1021 |   expect(keyCount(ex9.result)).toBe(6);
  1022 |"
/home/gabriel/Disk/Research/research-javascript-test-smells/repositories/luxon/test/datetime/tokenParse.test.js,Magic Number,"{'line': 1021, 'column': 36, 'index': 33497}","  1019 |   expect(keyCount(ex9.matches)).toBe(7);
  1020 |   expect(ex9.result).toBeInstanceOf(Object);
> 1021 |   expect(keyCount(ex9.result)).toBe(6);
       |                                    ^ Magic Number
  1022 |
  1023 |   const ex10 = DateTime.fromFormatExplain(""០៣-April-២០១៩ ០៣:៤៩:២០ PM"", ""dd-MMMM-yyyy hh:mm:ss a"", {
  1024 |     numberingSystem: ""khmr"","
/home/gabriel/Disk/Research/research-javascript-test-smells/repositories/luxon/test/datetime/tokenParse.test.js,Magic Number,"{'line': 1028, 'column': 38, 'index': 33771}","  1026 |   expect(ex10.rawMatches).toBeInstanceOf(Array);
  1027 |   expect(ex10.matches).toBeInstanceOf(Object);
> 1028 |   expect(keyCount(ex10.matches)).toBe(7);
       |                                      ^ Magic Number
  1029 |   expect(ex10.result).toBeInstanceOf(Object);
  1030 |   expect(keyCount(ex10.result)).toBe(6);
  1031 |"
/home/gabriel/Disk/Research/research-javascript-test-smells/repositories/luxon/test/datetime/tokenParse.test.js,Magic Number,"{'line': 1030, 'column': 37, 'index': 33858}","  1028 |   expect(keyCount(ex10.matches)).toBe(7);
  1029 |   expect(ex10.result).toBeInstanceOf(Object);
> 1030 |   expect(keyCount(ex10.result)).toBe(6);
       |                                     ^ Magic Number
  1031 |
  1032 |   const ex11 = DateTime.fromFormatExplain(""໐໓-April-໒໐໑໙ ໐໓:໕໒:໑໑ PM"", ""dd-MMMM-yyyy hh:mm:ss a"", {
  1033 |     numberingSystem: ""laoo"","
/home/gabriel/Disk/Research/research-javascript-test-smells/repositories/luxon/test/datetime/tokenParse.test.js,Magic Number,"{'line': 1037, 'column': 38, 'index': 34132}","  1035 |   expect(ex11.rawMatches).toBeInstanceOf(Array);
  1036 |   expect(ex11.matches).toBeInstanceOf(Object);
> 1037 |   expect(keyCount(ex11.matches)).toBe(7);
       |                                      ^ Magic Number
  1038 |   expect(ex11.result).toBeInstanceOf(Object);
  1039 |   expect(keyCount(ex11.result)).toBe(6);
  1040 |"
/home/gabriel/Disk/Research/research-javascript-test-smells/repositories/luxon/test/datetime/tokenParse.test.js,Magic Number,"{'line': 1039, 'column': 37, 'index': 34219}","  1037 |   expect(keyCount(ex11.matches)).toBe(7);
  1038 |   expect(ex11.result).toBeInstanceOf(Object);
> 1039 |   expect(keyCount(ex11.result)).toBe(6);
       |                                     ^ Magic Number
  1040 |
  1041 |   const ex12 = DateTime.fromFormatExplain(""᥆᥉-April-᥈᥆᥇᥏ ᥆᥉:᥋᥉:᥇᥎ PM"", ""dd-MMMM-yyyy hh:mm:ss a"", {
  1042 |     numberingSystem: ""limb"","
/home/gabriel/Disk/Research/research-javascript-test-smells/repositories/luxon/test/datetime/tokenParse.test.js,Magic Number,"{'line': 1046, 'column': 38, 'index': 34493}","  1044 |   expect(ex12.rawMatches).toBeInstanceOf(Array);
  1045 |   expect(ex12.matches).toBeInstanceOf(Object);
> 1046 |   expect(keyCount(ex12.matches)).toBe(7);
       |                                      ^ Magic Number
  1047 |   expect(ex12.result).toBeInstanceOf(Object);
  1048 |   expect(keyCount(ex12.result)).toBe(6);
  1049 |"
/home/gabriel/Disk/Research/research-javascript-test-smells/repositories/luxon/test/datetime/tokenParse.test.js,Magic Number,"{'line': 1048, 'column': 37, 'index': 34580}","  1046 |   expect(keyCount(ex12.matches)).toBe(7);
  1047 |   expect(ex12.result).toBeInstanceOf(Object);
> 1048 |   expect(keyCount(ex12.result)).toBe(6);
       |                                     ^ Magic Number
  1049 |
  1050 |   const ex13 = DateTime.fromFormatExplain(""൦൩-ഏപ്രിൽ-൨൦൧൯ ൦൩:൫൪:൦൮ PM"", ""dd-MMMM-yyyy hh:mm:ss a"", {
  1051 |     locale: ""ml"","
/home/gabriel/Disk/Research/research-javascript-test-smells/repositories/luxon/test/datetime/tokenParse.test.js,Magic Number,"{'line': 1056, 'column': 38, 'index': 34873}","  1054 |   expect(ex13.rawMatches).toBeInstanceOf(Array);
  1055 |   expect(ex13.matches).toBeInstanceOf(Object);
> 1056 |   expect(keyCount(ex13.matches)).toBe(7);
       |                                      ^ Magic Number
  1057 |   expect(ex13.result).toBeInstanceOf(Object);
  1058 |   expect(keyCount(ex13.result)).toBe(6);
  1059 |"
/home/gabriel/Disk/Research/research-javascript-test-smells/repositories/luxon/test/datetime/tokenParse.test.js,Magic Number,"{'line': 1058, 'column': 37, 'index': 34960}","  1056 |   expect(keyCount(ex13.matches)).toBe(7);
  1057 |   expect(ex13.result).toBeInstanceOf(Object);
> 1058 |   expect(keyCount(ex13.result)).toBe(6);
       |                                     ^ Magic Number
  1059 |
  1060 |   const ex14 = DateTime.fromFormatExplain(""᠐᠓-April-᠒᠐᠑᠙ ᠐᠓:᠕᠖:᠑᠙ PM"", ""dd-MMMM-yyyy hh:mm:ss a"", {
  1061 |     numberingSystem: ""mong"","
/home/gabriel/Disk/Research/research-javascript-test-smells/repositories/luxon/test/datetime/tokenParse.test.js,Magic Number,"{'line': 1065, 'column': 38, 'index': 35234}","  1063 |   expect(ex14.rawMatches).toBeInstanceOf(Array);
  1064 |   expect(ex14.matches).toBeInstanceOf(Object);
> 1065 |   expect(keyCount(ex14.matches)).toBe(7);
       |                                      ^ Magic Number
  1066 |   expect(ex14.result).toBeInstanceOf(Object);
  1067 |   expect(keyCount(ex14.result)).toBe(6);
  1068 |"
/home/gabriel/Disk/Research/research-javascript-test-smells/repositories/luxon/test/datetime/tokenParse.test.js,Magic Number,"{'line': 1067, 'column': 37, 'index': 35321}","  1065 |   expect(keyCount(ex14.matches)).toBe(7);
  1066 |   expect(ex14.result).toBeInstanceOf(Object);
> 1067 |   expect(keyCount(ex14.result)).toBe(6);
       |                                     ^ Magic Number
  1068 |
  1069 |   const ex15 = DateTime.fromFormatExplain(""୦୩-April-୨୦୧୯ ୦୩:୫୮:୪୩ PM"", ""dd-MMMM-yyyy hh:mm:ss a"", {
  1070 |     numberingSystem: ""orya"","
/home/gabriel/Disk/Research/research-javascript-test-smells/repositories/luxon/test/datetime/tokenParse.test.js,Magic Number,"{'line': 1074, 'column': 38, 'index': 35595}","  1072 |   expect(ex15.rawMatches).toBeInstanceOf(Array);
  1073 |   expect(ex15.matches).toBeInstanceOf(Object);
> 1074 |   expect(keyCount(ex15.matches)).toBe(7);
       |                                      ^ Magic Number
  1075 |   expect(ex15.result).toBeInstanceOf(Object);
  1076 |   expect(keyCount(ex15.result)).toBe(6);
  1077 |"
/home/gabriel/Disk/Research/research-javascript-test-smells/repositories/luxon/test/datetime/tokenParse.test.js,Magic Number,"{'line': 1076, 'column': 37, 'index': 35682}","  1074 |   expect(keyCount(ex15.matches)).toBe(7);
  1075 |   expect(ex15.result).toBeInstanceOf(Object);
> 1076 |   expect(keyCount(ex15.result)).toBe(6);
       |                                     ^ Magic Number
  1077 |
  1078 |   const ex16 = DateTime.fromFormatExplain(
  1079 |     cldr && cldr < 45 ? ""௦௩-ஏப்ரல்-௨௦௧௯ ௦௪:௦௦:௪௧ பிற்பகல்"" : ""௦௩-ஏப்ரல்-௨௦௧௯ ௦௪:௦௦:௪௧ PM"","
/home/gabriel/Disk/Research/research-javascript-test-smells/repositories/luxon/test/datetime/tokenParse.test.js,Magic Number,"{'line': 1088, 'column': 38, 'index': 36057}","  1086 |   expect(ex16.rawMatches).toBeInstanceOf(Array);
  1087 |   expect(ex16.matches).toBeInstanceOf(Object);
> 1088 |   expect(keyCount(ex16.matches)).toBe(7);
       |                                      ^ Magic Number
  1089 |   expect(ex16.result).toBeInstanceOf(Object);
  1090 |   expect(keyCount(ex16.result)).toBe(6);
  1091 |"
/home/gabriel/Disk/Research/research-javascript-test-smells/repositories/luxon/test/datetime/tokenParse.test.js,Magic Number,"{'line': 1090, 'column': 37, 'index': 36144}","  1088 |   expect(keyCount(ex16.matches)).toBe(7);
  1089 |   expect(ex16.result).toBeInstanceOf(Object);
> 1090 |   expect(keyCount(ex16.result)).toBe(6);
       |                                     ^ Magic Number
  1091 |
  1092 |   const ex17 = DateTime.fromFormatExplain(
  1093 |     ""౦౩-ఏప్రిల్-౨౦౧౯ ౦౪:౦౧:౩౩ PM"","
/home/gabriel/Disk/Research/research-javascript-test-smells/repositories/luxon/test/datetime/tokenParse.test.js,Magic Number,"{'line': 1102, 'column': 38, 'index': 36460}","  1100 |   expect(ex17.rawMatches).toBeInstanceOf(Array);
  1101 |   expect(ex17.matches).toBeInstanceOf(Object);
> 1102 |   expect(keyCount(ex17.matches)).toBe(7);
       |                                      ^ Magic Number
  1103 |   expect(ex17.result).toBeInstanceOf(Object);
  1104 |   expect(keyCount(ex17.result)).toBe(6);
  1105 |"
/home/gabriel/Disk/Research/research-javascript-test-smells/repositories/luxon/test/datetime/tokenParse.test.js,Magic Number,"{'line': 1104, 'column': 37, 'index': 36547}","  1102 |   expect(keyCount(ex17.matches)).toBe(7);
  1103 |   expect(ex17.result).toBeInstanceOf(Object);
> 1104 |   expect(keyCount(ex17.result)).toBe(6);
       |                                     ^ Magic Number
  1105 |
  1106 |   const ex18 = DateTime.fromFormatExplain(
  1107 |     ""๐๓-เมษายน-๒๐๑๙ ๐๔:๐๒:๒๔ หลังเที่ยง"","
/home/gabriel/Disk/Research/research-javascript-test-smells/repositories/luxon/test/datetime/tokenParse.test.js,Magic Number,"{'line': 1116, 'column': 38, 'index': 36870}","  1114 |   expect(ex18.rawMatches).toBeInstanceOf(Array);
  1115 |   expect(ex18.matches).toBeInstanceOf(Object);
> 1116 |   expect(keyCount(ex18.matches)).toBe(7);
       |                                      ^ Magic Number
  1117 |   expect(ex18.result).toBeInstanceOf(Object);
  1118 |   expect(keyCount(ex18.result)).toBe(6);
  1119 |"
/home/gabriel/Disk/Research/research-javascript-test-smells/repositories/luxon/test/datetime/tokenParse.test.js,Magic Number,"{'line': 1118, 'column': 37, 'index': 36957}","  1116 |   expect(keyCount(ex18.matches)).toBe(7);
  1117 |   expect(ex18.result).toBeInstanceOf(Object);
> 1118 |   expect(keyCount(ex18.result)).toBe(6);
       |                                     ^ Magic Number
  1119 |
  1120 |   const ex19 = DateTime.fromFormatExplain(""༠༣-April-༢༠༡༩ ༠༤:༠༣:༢༥ PM"", ""dd-MMMM-yyyy hh:mm:ss a"", {
  1121 |     numberingSystem: ""tibt"","
/home/gabriel/Disk/Research/research-javascript-test-smells/repositories/luxon/test/datetime/tokenParse.test.js,Magic Number,"{'line': 1125, 'column': 38, 'index': 37231}","  1123 |   expect(ex19.rawMatches).toBeInstanceOf(Array);
  1124 |   expect(ex19.matches).toBeInstanceOf(Object);
> 1125 |   expect(keyCount(ex19.matches)).toBe(7);
       |                                      ^ Magic Number
  1126 |   expect(ex19.result).toBeInstanceOf(Object);
  1127 |   expect(keyCount(ex19.result)).toBe(6);
  1128 |"
/home/gabriel/Disk/Research/research-javascript-test-smells/repositories/luxon/test/datetime/tokenParse.test.js,Magic Number,"{'line': 1127, 'column': 37, 'index': 37318}","  1125 |   expect(keyCount(ex19.matches)).toBe(7);
  1126 |   expect(ex19.result).toBeInstanceOf(Object);
> 1127 |   expect(keyCount(ex19.result)).toBe(6);
       |                                     ^ Magic Number
  1128 |
  1129 |   const ex20 = DateTime.fromFormatExplain(""၀၃-April-၂၀၁၉ ၀၄:၁၀:၀၁ PM"", ""dd-MMMM-yyyy hh:mm:ss a"", {
  1130 |     numberingSystem: ""mymr"","
/home/gabriel/Disk/Research/research-javascript-test-smells/repositories/luxon/test/datetime/tokenParse.test.js,Magic Number,"{'line': 1134, 'column': 38, 'index': 37592}","  1132 |   expect(ex20.rawMatches).toBeInstanceOf(Array);
  1133 |   expect(ex20.matches).toBeInstanceOf(Object);
> 1134 |   expect(keyCount(ex20.matches)).toBe(7);
       |                                      ^ Magic Number
  1135 |   expect(ex20.result).toBeInstanceOf(Object);
  1136 |   expect(keyCount(ex20.result)).toBe(6);
  1137 | });"
/home/gabriel/Disk/Research/research-javascript-test-smells/repositories/luxon/test/datetime/tokenParse.test.js,Magic Number,"{'line': 1136, 'column': 37, 'index': 37679}","  1134 |   expect(keyCount(ex20.matches)).toBe(7);
  1135 |   expect(ex20.result).toBeInstanceOf(Object);
> 1136 |   expect(keyCount(ex20.result)).toBe(6);
       |                                     ^ Magic Number
  1137 | });
  1138 |
  1139 | test(""DateTime.fromFormatExplain() takes the same options as fromFormat"", () => {"
/home/gabriel/Disk/Research/research-javascript-test-smells/repositories/luxon/test/datetime/tokenParse.test.js,Magic Number,"{'line': 1141, 'column': 35, 'index': 37896}","  1139 | test(""DateTime.fromFormatExplain() takes the same options as fromFormat"", () => {
  1140 |   const ex = DateTime.fromFormatExplain(""Janv. 25 1982"", ""LLL dd yyyy"", { locale: ""fr"" });
> 1141 |   expect(keyCount(ex.result)).toBe(3);
       |                                   ^ Magic Number
  1142 | });
  1143 |
  1144 | //------"
/home/gabriel/Disk/Research/research-javascript-test-smells/repositories/luxon/test/datetime/localeWeek.test.js,Magic Number,"{'line': 99, 'column': 36, 'index': 3905}","   97 |   test(""Jan  1 2012 should be week 52, year 2011"", () => {
   98 |     const dt = DateTime.fromISO(""2012-01-01"", { locale: ""de-DE"" });
>  99 |     expect(dt.localWeekNumber).toBe(52);
      |                                    ^ Magic Number
  100 |     expect(dt.localWeekYear).toBe(2011);
  101 |   });
  102 |   test(""Jan  2 2012 should be week 1, year 2012"", () => {"
/home/gabriel/Disk/Research/research-javascript-test-smells/repositories/luxon/test/datetime/localeWeek.test.js,Magic Number,"{'line': 100, 'column': 34, 'index': 3944}","   98 |     const dt = DateTime.fromISO(""2012-01-01"", { locale: ""de-DE"" });
   99 |     expect(dt.localWeekNumber).toBe(52);
> 100 |     expect(dt.localWeekYear).toBe(2011);
      |                                  ^ Magic Number
  101 |   });
  102 |   test(""Jan  2 2012 should be week 1, year 2012"", () => {
  103 |     const dt = DateTime.fromISO(""2012-01-02"", { locale: ""de-DE"" });"
/home/gabriel/Disk/Research/research-javascript-test-smells/repositories/luxon/test/datetime/localeWeek.test.js,Magic Number,"{'line': 104, 'column': 36, 'index': 4119}","  102 |   test(""Jan  2 2012 should be week 1, year 2012"", () => {
  103 |     const dt = DateTime.fromISO(""2012-01-02"", { locale: ""de-DE"" });
> 104 |     expect(dt.localWeekNumber).toBe(1);
      |                                    ^ Magic Number
  105 |     expect(dt.localWeekYear).toBe(2012);
  106 |   });
  107 |   test(""Jan  8 2012 should be week 1, year 2012"", () => {"
/home/gabriel/Disk/Research/research-javascript-test-smells/repositories/luxon/test/datetime/localeWeek.test.js,Magic Number,"{'line': 105, 'column': 34, 'index': 4157}","  103 |     const dt = DateTime.fromISO(""2012-01-02"", { locale: ""de-DE"" });
  104 |     expect(dt.localWeekNumber).toBe(1);
> 105 |     expect(dt.localWeekYear).toBe(2012);
      |                                  ^ Magic Number
  106 |   });
  107 |   test(""Jan  8 2012 should be week 1, year 2012"", () => {
  108 |     const dt = DateTime.fromISO(""2012-01-08"", { locale: ""de-DE"" });"
/home/gabriel/Disk/Research/research-javascript-test-smells/repositories/luxon/test/datetime/localeWeek.test.js,Magic Number,"{'line': 109, 'column': 36, 'index': 4332}","  107 |   test(""Jan  8 2012 should be week 1, year 2012"", () => {
  108 |     const dt = DateTime.fromISO(""2012-01-08"", { locale: ""de-DE"" });
> 109 |     expect(dt.localWeekNumber).toBe(1);
      |                                    ^ Magic Number
  110 |     expect(dt.localWeekYear).toBe(2012);
  111 |   });
  112 |   test(""Jan  9 2012 should be week 2, year 2012"", () => {"
/home/gabriel/Disk/Research/research-javascript-test-smells/repositories/luxon/test/datetime/localeWeek.test.js,Magic Number,"{'line': 110, 'column': 34, 'index': 4370}","  108 |     const dt = DateTime.fromISO(""2012-01-08"", { locale: ""de-DE"" });
  109 |     expect(dt.localWeekNumber).toBe(1);
> 110 |     expect(dt.localWeekYear).toBe(2012);
      |                                  ^ Magic Number
  111 |   });
  112 |   test(""Jan  9 2012 should be week 2, year 2012"", () => {
  113 |     const dt = DateTime.fromISO(""2012-01-09"", { locale: ""de-DE"" });"
/home/gabriel/Disk/Research/research-javascript-test-smells/repositories/luxon/test/datetime/localeWeek.test.js,Magic Number,"{'line': 114, 'column': 36, 'index': 4545}","  112 |   test(""Jan  9 2012 should be week 2, year 2012"", () => {
  113 |     const dt = DateTime.fromISO(""2012-01-09"", { locale: ""de-DE"" });
> 114 |     expect(dt.localWeekNumber).toBe(2);
      |                                    ^ Magic Number
  115 |     expect(dt.localWeekYear).toBe(2012);
  116 |   });
  117 |   test(""Jan  15 2012 should be week 2, year 2012"", () => {"
/home/gabriel/Disk/Research/research-javascript-test-smells/repositories/luxon/test/datetime/localeWeek.test.js,Magic Number,"{'line': 115, 'column': 34, 'index': 4583}","  113 |     const dt = DateTime.fromISO(""2012-01-09"", { locale: ""de-DE"" });
  114 |     expect(dt.localWeekNumber).toBe(2);
> 115 |     expect(dt.localWeekYear).toBe(2012);
      |                                  ^ Magic Number
  116 |   });
  117 |   test(""Jan  15 2012 should be week 2, year 2012"", () => {
  118 |     const dt = DateTime.fromISO(""2012-01-15"", { locale: ""de-DE"" });"
/home/gabriel/Disk/Research/research-javascript-test-smells/repositories/luxon/test/datetime/localeWeek.test.js,Magic Number,"{'line': 119, 'column': 36, 'index': 4759}","  117 |   test(""Jan  15 2012 should be week 2, year 2012"", () => {
  118 |     const dt = DateTime.fromISO(""2012-01-15"", { locale: ""de-DE"" });
> 119 |     expect(dt.localWeekNumber).toBe(2);
      |                                    ^ Magic Number
  120 |     expect(dt.localWeekYear).toBe(2012);
  121 |   });
  122 | });"
/home/gabriel/Disk/Research/research-javascript-test-smells/repositories/luxon/test/datetime/localeWeek.test.js,Magic Number,"{'line': 120, 'column': 34, 'index': 4797}","  118 |     const dt = DateTime.fromISO(""2012-01-15"", { locale: ""de-DE"" });
  119 |     expect(dt.localWeekNumber).toBe(2);
> 120 |     expect(dt.localWeekYear).toBe(2012);
      |                                  ^ Magic Number
  121 |   });
  122 | });
  123 |"
/home/gabriel/Disk/Research/research-javascript-test-smells/repositories/luxon/test/datetime/localeWeek.test.js,Magic Number,"{'line': 127, 'column': 36, 'index': 5029}","  125 |   test(""Jan  1 2012 should be week 1, year 2012"", () => {
  126 |     const dt = DateTime.fromISO(""2012-01-01"", { locale: ""en-US"" });
> 127 |     expect(dt.localWeekNumber).toBe(1);
      |                                    ^ Magic Number
  128 |     expect(dt.localWeekYear).toBe(2012);
  129 |   });
  130 |   test(""Jan  7 2012 should be week 1, year 2012"", () => {"
/home/gabriel/Disk/Research/research-javascript-test-smells/repositories/luxon/test/datetime/localeWeek.test.js,Magic Number,"{'line': 128, 'column': 34, 'index': 5067}","  126 |     const dt = DateTime.fromISO(""2012-01-01"", { locale: ""en-US"" });
  127 |     expect(dt.localWeekNumber).toBe(1);
> 128 |     expect(dt.localWeekYear).toBe(2012);
      |                                  ^ Magic Number
  129 |   });
  130 |   test(""Jan  7 2012 should be week 1, year 2012"", () => {
  131 |     const dt = DateTime.fromISO(""2012-01-07"", { locale: ""en-US"" });"
/home/gabriel/Disk/Research/research-javascript-test-smells/repositories/luxon/test/datetime/localeWeek.test.js,Magic Number,"{'line': 132, 'column': 36, 'index': 5242}","  130 |   test(""Jan  7 2012 should be week 1, year 2012"", () => {
  131 |     const dt = DateTime.fromISO(""2012-01-07"", { locale: ""en-US"" });
> 132 |     expect(dt.localWeekNumber).toBe(1);
      |                                    ^ Magic Number
  133 |     expect(dt.localWeekYear).toBe(2012);
  134 |   });
  135 |   test(""Jan  8 2012 should be week 2, year 2012"", () => {"
/home/gabriel/Disk/Research/research-javascript-test-smells/repositories/luxon/test/datetime/localeWeek.test.js,Magic Number,"{'line': 133, 'column': 34, 'index': 5280}","  131 |     const dt = DateTime.fromISO(""2012-01-07"", { locale: ""en-US"" });
  132 |     expect(dt.localWeekNumber).toBe(1);
> 133 |     expect(dt.localWeekYear).toBe(2012);
      |                                  ^ Magic Number
  134 |   });
  135 |   test(""Jan  8 2012 should be week 2, year 2012"", () => {
  136 |     const dt = DateTime.fromISO(""2012-01-08"", { locale: ""en-US"" });"
/home/gabriel/Disk/Research/research-javascript-test-smells/repositories/luxon/test/datetime/localeWeek.test.js,Magic Number,"{'line': 137, 'column': 36, 'index': 5455}","  135 |   test(""Jan  8 2012 should be week 2, year 2012"", () => {
  136 |     const dt = DateTime.fromISO(""2012-01-08"", { locale: ""en-US"" });
> 137 |     expect(dt.localWeekNumber).toBe(2);
      |                                    ^ Magic Number
  138 |     expect(dt.localWeekYear).toBe(2012);
  139 |   });
  140 |   test(""Jan  14 2012 should be week 2, year 2012"", () => {"
/home/gabriel/Disk/Research/research-javascript-test-smells/repositories/luxon/test/datetime/localeWeek.test.js,Magic Number,"{'line': 138, 'column': 34, 'index': 5493}","  136 |     const dt = DateTime.fromISO(""2012-01-08"", { locale: ""en-US"" });
  137 |     expect(dt.localWeekNumber).toBe(2);
> 138 |     expect(dt.localWeekYear).toBe(2012);
      |                                  ^ Magic Number
  139 |   });
  140 |   test(""Jan  14 2012 should be week 2, year 2012"", () => {
  141 |     const dt = DateTime.fromISO(""2012-01-14"", { locale: ""en-US"" });"
/home/gabriel/Disk/Research/research-javascript-test-smells/repositories/luxon/test/datetime/localeWeek.test.js,Magic Number,"{'line': 142, 'column': 36, 'index': 5669}","  140 |   test(""Jan  14 2012 should be week 2, year 2012"", () => {
  141 |     const dt = DateTime.fromISO(""2012-01-14"", { locale: ""en-US"" });
> 142 |     expect(dt.localWeekNumber).toBe(2);
      |                                    ^ Magic Number
  143 |     expect(dt.localWeekYear).toBe(2012);
  144 |   });
  145 |   test(""Jan  15 2012 should be week 3, year 2012"", () => {"
/home/gabriel/Disk/Research/research-javascript-test-smells/repositories/luxon/test/datetime/localeWeek.test.js,Magic Number,"{'line': 143, 'column': 34, 'index': 5707}","  141 |     const dt = DateTime.fromISO(""2012-01-14"", { locale: ""en-US"" });
  142 |     expect(dt.localWeekNumber).toBe(2);
> 143 |     expect(dt.localWeekYear).toBe(2012);
      |                                  ^ Magic Number
  144 |   });
  145 |   test(""Jan  15 2012 should be week 3, year 2012"", () => {
  146 |     const dt = DateTime.fromISO(""2012-01-15"", { locale: ""en-US"" });"
/home/gabriel/Disk/Research/research-javascript-test-smells/repositories/luxon/test/datetime/localeWeek.test.js,Magic Number,"{'line': 147, 'column': 36, 'index': 5883}","  145 |   test(""Jan  15 2012 should be week 3, year 2012"", () => {
  146 |     const dt = DateTime.fromISO(""2012-01-15"", { locale: ""en-US"" });
> 147 |     expect(dt.localWeekNumber).toBe(3);
      |                                    ^ Magic Number
  148 |     expect(dt.localWeekYear).toBe(2012);
  149 |   });
  150 | });"
/home/gabriel/Disk/Research/research-javascript-test-smells/repositories/luxon/test/datetime/localeWeek.test.js,Magic Number,"{'line': 148, 'column': 34, 'index': 5921}","  146 |     const dt = DateTime.fromISO(""2012-01-15"", { locale: ""en-US"" });
  147 |     expect(dt.localWeekNumber).toBe(3);
> 148 |     expect(dt.localWeekYear).toBe(2012);
      |                                  ^ Magic Number
  149 |   });
  150 | });
  151 |"
/home/gabriel/Disk/Research/research-javascript-test-smells/repositories/luxon/test/datetime/localeWeek.test.js,Magic Number,"{'line': 158, 'column': 33, 'index': 6195}","  156 |   test(""Sunday should be reported as the 1st day of the week"", () => {
  157 |     const dt = DateTime.fromISO(""2023-08-06"", { locale: ""en-US"" });
> 158 |     expect(dt.localWeekday).toBe(1);
      |                                 ^ Magic Number
  159 |   });
  160 |   test(""Monday should be reported as the 2nd day of the week"", () => {
  161 |     const dt = DateTime.fromISO(""2023-08-07"", { locale: ""en-US"" });"
/home/gabriel/Disk/Research/research-javascript-test-smells/repositories/luxon/test/datetime/localeWeek.test.js,Magic Number,"{'line': 162, 'column': 33, 'index': 6377}","  160 |   test(""Monday should be reported as the 2nd day of the week"", () => {
  161 |     const dt = DateTime.fromISO(""2023-08-07"", { locale: ""en-US"" });
> 162 |     expect(dt.localWeekday).toBe(2);
      |                                 ^ Magic Number
  163 |   });
  164 |   test(""Tuesday should be reported as the 3rd day of the week"", () => {
  165 |     const dt = DateTime.fromISO(""2023-08-08"", { locale: ""en-US"" });"
/home/gabriel/Disk/Research/research-javascript-test-smells/repositories/luxon/test/datetime/localeWeek.test.js,Magic Number,"{'line': 166, 'column': 33, 'index': 6560}","  164 |   test(""Tuesday should be reported as the 3rd day of the week"", () => {
  165 |     const dt = DateTime.fromISO(""2023-08-08"", { locale: ""en-US"" });
> 166 |     expect(dt.localWeekday).toBe(3);
      |                                 ^ Magic Number
  167 |   });
  168 |   test(""Wednesday should be reported as the 4th day of the week"", () => {
  169 |     const dt = DateTime.fromISO(""2023-08-09"", { locale: ""en-US"" });"
/home/gabriel/Disk/Research/research-javascript-test-smells/repositories/luxon/test/datetime/localeWeek.test.js,Magic Number,"{'line': 170, 'column': 33, 'index': 6745}","  168 |   test(""Wednesday should be reported as the 4th day of the week"", () => {
  169 |     const dt = DateTime.fromISO(""2023-08-09"", { locale: ""en-US"" });
> 170 |     expect(dt.localWeekday).toBe(4);
      |                                 ^ Magic Number
  171 |   });
  172 |   test(""Thursday should be reported as the 5th day of the week"", () => {
  173 |     const dt = DateTime.fromISO(""2023-08-10"", { locale: ""en-US"" });"
/home/gabriel/Disk/Research/research-javascript-test-smells/repositories/luxon/test/datetime/localeWeek.test.js,Magic Number,"{'line': 174, 'column': 33, 'index': 6929}","  172 |   test(""Thursday should be reported as the 5th day of the week"", () => {
  173 |     const dt = DateTime.fromISO(""2023-08-10"", { locale: ""en-US"" });
> 174 |     expect(dt.localWeekday).toBe(5);
      |                                 ^ Magic Number
  175 |   });
  176 |   test(""Friday should be reported as the 6th day of the week"", () => {
  177 |     const dt = DateTime.fromISO(""2023-08-11"", { locale: ""en-US"" });"
/home/gabriel/Disk/Research/research-javascript-test-smells/repositories/luxon/test/datetime/localeWeek.test.js,Magic Number,"{'line': 178, 'column': 33, 'index': 7111}","  176 |   test(""Friday should be reported as the 6th day of the week"", () => {
  177 |     const dt = DateTime.fromISO(""2023-08-11"", { locale: ""en-US"" });
> 178 |     expect(dt.localWeekday).toBe(6);
      |                                 ^ Magic Number
  179 |   });
  180 |   test(""Saturday should be reported as the 7th day of the week"", () => {
  181 |     const dt = DateTime.fromISO(""2023-08-12"", { locale: ""en-US"" });"
/home/gabriel/Disk/Research/research-javascript-test-smells/repositories/luxon/test/datetime/localeWeek.test.js,Magic Number,"{'line': 182, 'column': 33, 'index': 7295}","  180 |   test(""Saturday should be reported as the 7th day of the week"", () => {
  181 |     const dt = DateTime.fromISO(""2023-08-12"", { locale: ""en-US"" });
> 182 |     expect(dt.localWeekday).toBe(7);
      |                                 ^ Magic Number
  183 |   });
  184 | });
  185 |"
/home/gabriel/Disk/Research/research-javascript-test-smells/repositories/luxon/test/datetime/localeWeek.test.js,Magic Number,"{'line': 189, 'column': 33, 'index': 7531}","  187 |   test(""Monday should be reported as the 1st day of the week"", () => {
  188 |     const dt = DateTime.fromISO(""2023-08-07"", { locale: ""de-DE"" });
> 189 |     expect(dt.localWeekday).toBe(1);
      |                                 ^ Magic Number
  190 |   });
  191 |   test(""Tuesday should be reported as the 2nd day of the week"", () => {
  192 |     const dt = DateTime.fromISO(""2023-08-08"", { locale: ""de-DE"" });"
/home/gabriel/Disk/Research/research-javascript-test-smells/repositories/luxon/test/datetime/localeWeek.test.js,Magic Number,"{'line': 193, 'column': 33, 'index': 7714}","  191 |   test(""Tuesday should be reported as the 2nd day of the week"", () => {
  192 |     const dt = DateTime.fromISO(""2023-08-08"", { locale: ""de-DE"" });
> 193 |     expect(dt.localWeekday).toBe(2);
      |                                 ^ Magic Number
  194 |   });
  195 |   test(""Wednesday should be reported as the 3rd day of the week"", () => {
  196 |     const dt = DateTime.fromISO(""2023-08-09"", { locale: ""de-DE"" });"
/home/gabriel/Disk/Research/research-javascript-test-smells/repositories/luxon/test/datetime/localeWeek.test.js,Magic Number,"{'line': 197, 'column': 33, 'index': 7899}","  195 |   test(""Wednesday should be reported as the 3rd day of the week"", () => {
  196 |     const dt = DateTime.fromISO(""2023-08-09"", { locale: ""de-DE"" });
> 197 |     expect(dt.localWeekday).toBe(3);
      |                                 ^ Magic Number
  198 |   });
  199 |   test(""Thursday should be reported as the 4th day of the week"", () => {
  200 |     const dt = DateTime.fromISO(""2023-08-10"", { locale: ""de-DE"" });"
/home/gabriel/Disk/Research/research-javascript-test-smells/repositories/luxon/test/datetime/localeWeek.test.js,Magic Number,"{'line': 201, 'column': 33, 'index': 8083}","  199 |   test(""Thursday should be reported as the 4th day of the week"", () => {
  200 |     const dt = DateTime.fromISO(""2023-08-10"", { locale: ""de-DE"" });
> 201 |     expect(dt.localWeekday).toBe(4);
      |                                 ^ Magic Number
  202 |   });
  203 |   test(""Friday should be reported as the 5th day of the week"", () => {
  204 |     const dt = DateTime.fromISO(""2023-08-11"", { locale: ""de-DE"" });"
/home/gabriel/Disk/Research/research-javascript-test-smells/repositories/luxon/test/datetime/localeWeek.test.js,Magic Number,"{'line': 205, 'column': 33, 'index': 8265}","  203 |   test(""Friday should be reported as the 5th day of the week"", () => {
  204 |     const dt = DateTime.fromISO(""2023-08-11"", { locale: ""de-DE"" });
> 205 |     expect(dt.localWeekday).toBe(5);
      |                                 ^ Magic Number
  206 |   });
  207 |   test(""Saturday should be reported as the 6th day of the week"", () => {
  208 |     const dt = DateTime.fromISO(""2023-08-12"", { locale: ""de-DE"" });"
/home/gabriel/Disk/Research/research-javascript-test-smells/repositories/luxon/test/datetime/localeWeek.test.js,Magic Number,"{'line': 209, 'column': 33, 'index': 8449}","  207 |   test(""Saturday should be reported as the 6th day of the week"", () => {
  208 |     const dt = DateTime.fromISO(""2023-08-12"", { locale: ""de-DE"" });
> 209 |     expect(dt.localWeekday).toBe(6);
      |                                 ^ Magic Number
  210 |   });
  211 |   test(""Sunday should be reported as the 7th day of the week"", () => {
  212 |     const dt = DateTime.fromISO(""2023-08-13"", { locale: ""de-DE"" });"
/home/gabriel/Disk/Research/research-javascript-test-smells/repositories/luxon/test/datetime/localeWeek.test.js,Magic Number,"{'line': 213, 'column': 33, 'index': 8631}","  211 |   test(""Sunday should be reported as the 7th day of the week"", () => {
  212 |     const dt = DateTime.fromISO(""2023-08-13"", { locale: ""de-DE"" });
> 213 |     expect(dt.localWeekday).toBe(7);
      |                                 ^ Magic Number
  214 |   });
  215 | });
  216 |"
/home/gabriel/Disk/Research/research-javascript-test-smells/repositories/luxon/test/datetime/localeWeek.test.js,Magic Number,"{'line': 219, 'column': 86, 'index': 8826}","  217 | describe(""weeksInLocalWeekYear"", () => {
  218 |   test(""2018 should have 53 weeks in en-US"", () => {
> 219 |     expect(DateTime.local(2018, 6, 1, { locale: ""en-US"" }).weeksInLocalWeekYear).toBe(52);
      |                                                                                      ^ Magic Number
  220 |   });
  221 |   test(""2022 should have 53 weeks in en-US"", () => {
  222 |     expect(DateTime.local(2022, 6, 1, { locale: ""en-US"" }).weeksInLocalWeekYear).toBe("
/home/gabriel/Disk/Research/research-javascript-test-smells/repositories/luxon/test/datetime/localeWeek.test.js,Magic Number,"{'line': 227, 'column': 86, 'index': 9174}","  225 |   });
  226 |   test(""2022 should have 52 weeks in de-DE"", () => {
> 227 |     expect(DateTime.local(2022, 6, 1, { locale: ""de-DE"" }).weeksInLocalWeekYear).toBe(52);
      |                                                                                      ^ Magic Number
  228 |   });
  229 |   test(""2020 should have 53 weeks in de-DE"", () => {
  230 |     expect(DateTime.local(2020, 6, 1, { locale: ""de-DE"" }).weeksInLocalWeekYear).toBe(53);"
/home/gabriel/Disk/Research/research-javascript-test-smells/repositories/luxon/test/datetime/localeWeek.test.js,Magic Number,"{'line': 230, 'column': 86, 'index': 9324}","  228 |   });
  229 |   test(""2020 should have 53 weeks in de-DE"", () => {
> 230 |     expect(DateTime.local(2020, 6, 1, { locale: ""de-DE"" }).weeksInLocalWeekYear).toBe(53);
      |                                                                                      ^ Magic Number
  231 |   });
  232 |   test(""2018 should have 52 weeks with minDays 1, start 7"", () => {
  233 |     withDefaultWeekSettings("
/home/gabriel/Disk/Research/research-javascript-test-smells/repositories/luxon/test/datetime/localeWeek.test.js,Magic Number,"{'line': 240, 'column': 69, 'index': 9602}","  238 |       },
  239 |       () => {
> 240 |         expect(DateTime.local(2018, 6, 1).weeksInLocalWeekYear).toBe(52);
      |                                                                     ^ Magic Number
  241 |       }
  242 |     );
  243 |   });"
/home/gabriel/Disk/Research/research-javascript-test-smells/repositories/luxon/test/datetime/localeWeek.test.js,Magic Number,"{'line': 252, 'column': 69, 'index': 9895}","  250 |       },
  251 |       () => {
> 252 |         expect(DateTime.local(2022, 6, 1).weeksInLocalWeekYear).toBe(53);
      |                                                                     ^ Magic Number
  253 |       }
  254 |     );
  255 |   });"
/home/gabriel/Disk/Research/research-javascript-test-smells/repositories/luxon/test/datetime/localeWeek.test.js,Magic Number,"{'line': 261, 'column': 41, 'index': 10171}","  259 |   test(""Overridden week info should be reported by Info"", () => {
  260 |     withDefaultWeekSettings({ firstDay: 3, minimalDays: 5, weekend: [4, 6] }, () => {
> 261 |       expect(Info.getStartOfWeek()).toBe(3);
      |                                         ^ Magic Number
  262 |       expect(Info.getMinimumDaysInFirstWeek()).toBe(5);
  263 |       expect(Info.getWeekendWeekdays()).toEqual([4, 6]);
  264 |     });"
/home/gabriel/Disk/Research/research-javascript-test-smells/repositories/luxon/test/datetime/localeWeek.test.js,Magic Number,"{'line': 262, 'column': 52, 'index': 10227}","  260 |     withDefaultWeekSettings({ firstDay: 3, minimalDays: 5, weekend: [4, 6] }, () => {
  261 |       expect(Info.getStartOfWeek()).toBe(3);
> 262 |       expect(Info.getMinimumDaysInFirstWeek()).toBe(5);
      |                                                    ^ Magic Number
  263 |       expect(Info.getWeekendWeekdays()).toEqual([4, 6]);
  264 |     });
  265 |   });"
/home/gabriel/Disk/Research/research-javascript-test-smells/repositories/luxon/test/datetime/localeWeek.test.js,Magic Number,"{'line': 281, 'column': 35, 'index': 11198}","  279 |     withDefaultWeekSettings({ firstDay: 7, minimalDays: 1, weekend: [6, 7] }, () => {
  280 |       const dt = DateTime.local(2022, 1, 1, { locale: ""de-DE"" });
> 281 |       expect(dt.localWeekday).toBe(7);
      |                                   ^ Magic Number
  282 |       expect(dt.localWeekNumber).toBe(1);
  283 |       expect(dt.localWeekYear).toBe(2022);
  284 |     });"
/home/gabriel/Disk/Research/research-javascript-test-smells/repositories/luxon/test/datetime/localeWeek.test.js,Magic Number,"{'line': 282, 'column': 38, 'index': 11240}","  280 |       const dt = DateTime.local(2022, 1, 1, { locale: ""de-DE"" });
  281 |       expect(dt.localWeekday).toBe(7);
> 282 |       expect(dt.localWeekNumber).toBe(1);
      |                                      ^ Magic Number
  283 |       expect(dt.localWeekYear).toBe(2022);
  284 |     });
  285 |   });"
/home/gabriel/Disk/Research/research-javascript-test-smells/repositories/luxon/test/datetime/localeWeek.test.js,Magic Number,"{'line': 283, 'column': 36, 'index': 11280}","  281 |       expect(dt.localWeekday).toBe(7);
  282 |       expect(dt.localWeekNumber).toBe(1);
> 283 |       expect(dt.localWeekYear).toBe(2022);
      |                                    ^ Magic Number
  284 |     });
  285 |   });
  286 |   test(""Overridden week info should be respected by DateTime#set"", () => {"
/home/gabriel/Disk/Research/research-javascript-test-smells/repositories/luxon/test/datetime/localeWeek.test.js,Magic Number,"{'line': 290, 'column': 33, 'index': 11613}","  288 |       const dt = DateTime.local(2022, 1, 1, { locale: ""de-DE"" });
  289 |       const modified = dt.set({ localWeekday: 1 });
> 290 |       expect(modified.year).toBe(2021);
      |                                 ^ Magic Number
  291 |       expect(modified.month).toBe(12);
  292 |       expect(modified.day).toBe(26);
  293 |     });"
/home/gabriel/Disk/Research/research-javascript-test-smells/repositories/luxon/test/datetime/localeWeek.test.js,Magic Number,"{'line': 291, 'column': 34, 'index': 11654}","  289 |       const modified = dt.set({ localWeekday: 1 });
  290 |       expect(modified.year).toBe(2021);
> 291 |       expect(modified.month).toBe(12);
      |                                  ^ Magic Number
  292 |       expect(modified.day).toBe(26);
  293 |     });
  294 |   });"
/home/gabriel/Disk/Research/research-javascript-test-smells/repositories/luxon/test/datetime/localeWeek.test.js,Magic Number,"{'line': 292, 'column': 32, 'index': 11691}","  290 |       expect(modified.year).toBe(2021);
  291 |       expect(modified.month).toBe(12);
> 292 |       expect(modified.day).toBe(26);
      |                                ^ Magic Number
  293 |     });
  294 |   });
  295 | });"
/home/gabriel/Disk/Research/research-javascript-test-smells/repositories/luxon/test/datetime/dst.test.js,Conditional Test Logic,"{'line': 12, 'column': 0, 'index': 352}","  10 | };
  11 |
> 12 | for (const [name, local] of Object.entries(dateTimeConstructors)) {
  13 |   describe(`DateTime.${name}`, () => {
  14 |     test(""Hole dates are bumped forward"", () => {
  15 |       const d = local(2017, 3, 12, 2);"
/home/gabriel/Disk/Research/research-javascript-test-smells/repositories/luxon/test/datetime/dst.test.js,Conditional Test Logic,"{'line': 20, 'column': 4, 'index': 629}","  18 |     });
  19 |
> 20 |     if (name == ""fromObject"") {
     |    ^ Conditional Test Logic
  21 |       // this is questionable behavior, but I wanted to document it
  22 |       test(""Ambiguous dates pick the one with the current offset"", () => {
  23 |         const oldSettings = Settings.now;"
/home/gabriel/Disk/Research/research-javascript-test-smells/repositories/luxon/test/datetime/dst.test.js,Conditional Test Logic,"{'line': 165, 'column': 2, 'index': 5134}","  163 |   const zoneObj = { zone: ""America/New_York"" };
  164 |
> 165 |   for (const [cacheName, cacheTs] of Object.entries(timestamps)) {
      |  ^ Conditional Test Logic
  166 |     for (const [nowName, nowTs] of Object.entries(timestamps)) {
  167 |       for (const [dateName, date] of Object.entries(dates)) {
  168 |         test(`cache = ${cacheName}, now = ${nowName}, date = ${dateName}`, () => {"
/home/gabriel/Disk/Research/research-javascript-test-smells/repositories/luxon/test/datetime/dst.test.js,Conditional Test Logic,"{'line': 166, 'column': 4, 'index': 5203}","  164 |
  165 |   for (const [cacheName, cacheTs] of Object.entries(timestamps)) {
> 166 |     for (const [nowName, nowTs] of Object.entries(timestamps)) {
      |    ^ Conditional Test Logic
  167 |       for (const [dateName, date] of Object.entries(dates)) {
  168 |         test(`cache = ${cacheName}, now = ${nowName}, date = ${dateName}`, () => {
  169 |           const oldSettings = Settings.now;"
/home/gabriel/Disk/Research/research-javascript-test-smells/repositories/luxon/test/datetime/dst.test.js,Conditional Test Logic,"{'line': 167, 'column': 6, 'index': 5270}","  165 |   for (const [cacheName, cacheTs] of Object.entries(timestamps)) {
  166 |     for (const [nowName, nowTs] of Object.entries(timestamps)) {
> 167 |       for (const [dateName, date] of Object.entries(dates)) {
      |      ^ Conditional Test Logic
  168 |         test(`cache = ${cacheName}, now = ${nowName}, date = ${dateName}`, () => {
  169 |           const oldSettings = Settings.now;
  170 |           try {"
/home/gabriel/Disk/Research/research-javascript-test-smells/repositories/luxon/test/datetime/dst.test.js,Duplicate Assert,"{'line': 27, 'column': 10, 'index': 969}","  25 |           Settings.now = () => 1495653314595; // May 24, 2017
  26 |           let d = local(2017, 11, 5, 1);
> 27 |           expect(d.hour).toBe(1);
     |          ^ Duplicate Assert
  28 |           expect(d.offset).toBe(-4 * 60);
  29 |
  30 |           Settings.now = () => 1484456400000; // Jan 15, 2017"
/home/gabriel/Disk/Research/research-javascript-test-smells/repositories/luxon/test/datetime/dst.test.js,Duplicate Assert,"{'line': 27, 'column': 10, 'index': 969}","  25 |           Settings.now = () => 1495653314595; // May 24, 2017
  26 |           let d = local(2017, 11, 5, 1);
> 27 |           expect(d.hour).toBe(1);
     |          ^ Duplicate Assert
  28 |           expect(d.offset).toBe(-4 * 60);
  29 |
  30 |           Settings.now = () => 1484456400000; // Jan 15, 2017"
/home/gabriel/Disk/Research/research-javascript-test-smells/repositories/luxon/test/datetime/dst.test.js,Duplicate Assert,"{'line': 28, 'column': 10, 'index': 1003}","  26 |           let d = local(2017, 11, 5, 1);
  27 |           expect(d.hour).toBe(1);
> 28 |           expect(d.offset).toBe(-4 * 60);
     |          ^ Duplicate Assert
  29 |
  30 |           Settings.now = () => 1484456400000; // Jan 15, 2017
  31 |           d = local(2017, 11, 5, 1);"
/home/gabriel/Disk/Research/research-javascript-test-smells/repositories/luxon/test/datetime/dst.test.js,Duplicate Assert,"{'line': 32, 'column': 10, 'index': 1145}","  30 |           Settings.now = () => 1484456400000; // Jan 15, 2017
  31 |           d = local(2017, 11, 5, 1);
> 32 |           expect(d.hour).toBe(1);
     |          ^ Duplicate Assert
  33 |           expect(d.offset).toBe(-5 * 60);
  34 |         } finally {
  35 |           Settings.now = oldSettings;"
/home/gabriel/Disk/Research/research-javascript-test-smells/repositories/luxon/test/datetime/dst.test.js,Duplicate Assert,"{'line': 32, 'column': 10, 'index': 1145}","  30 |           Settings.now = () => 1484456400000; // Jan 15, 2017
  31 |           d = local(2017, 11, 5, 1);
> 32 |           expect(d.hour).toBe(1);
     |          ^ Duplicate Assert
  33 |           expect(d.offset).toBe(-5 * 60);
  34 |         } finally {
  35 |           Settings.now = oldSettings;"
/home/gabriel/Disk/Research/research-javascript-test-smells/repositories/luxon/test/datetime/dst.test.js,Duplicate Assert,"{'line': 33, 'column': 10, 'index': 1179}","  31 |           d = local(2017, 11, 5, 1);
  32 |           expect(d.hour).toBe(1);
> 33 |           expect(d.offset).toBe(-5 * 60);
     |          ^ Duplicate Assert
  34 |         } finally {
  35 |           Settings.now = oldSettings;
  36 |         }"
/home/gabriel/Disk/Research/research-javascript-test-smells/repositories/luxon/test/datetime/dst.test.js,Duplicate Assert,"{'line': 45, 'column': 10, 'index': 1579}","  43 |           Settings.now = () => 1495653314595; // May 24, 2017
  44 |           let d = local(2017, 11, 5, 1);
> 45 |           expect(d.hour).toBe(1);
     |          ^ Duplicate Assert
  46 |           expect(d.offset).toBe(-4 * 60);
  47 |
  48 |           Settings.now = () => 1484456400000; // Jan 15, 2017"
/home/gabriel/Disk/Research/research-javascript-test-smells/repositories/luxon/test/datetime/dst.test.js,Duplicate Assert,"{'line': 45, 'column': 10, 'index': 1579}","  43 |           Settings.now = () => 1495653314595; // May 24, 2017
  44 |           let d = local(2017, 11, 5, 1);
> 45 |           expect(d.hour).toBe(1);
     |          ^ Duplicate Assert
  46 |           expect(d.offset).toBe(-4 * 60);
  47 |
  48 |           Settings.now = () => 1484456400000; // Jan 15, 2017"
/home/gabriel/Disk/Research/research-javascript-test-smells/repositories/luxon/test/datetime/dst.test.js,Duplicate Assert,"{'line': 46, 'column': 10, 'index': 1613}","  44 |           let d = local(2017, 11, 5, 1);
  45 |           expect(d.hour).toBe(1);
> 46 |           expect(d.offset).toBe(-4 * 60);
     |          ^ Duplicate Assert
  47 |
  48 |           Settings.now = () => 1484456400000; // Jan 15, 2017
  49 |           d = local(2017, 11, 5, 1);"
/home/gabriel/Disk/Research/research-javascript-test-smells/repositories/luxon/test/datetime/dst.test.js,Duplicate Assert,"{'line': 46, 'column': 10, 'index': 1613}","  44 |           let d = local(2017, 11, 5, 1);
  45 |           expect(d.hour).toBe(1);
> 46 |           expect(d.offset).toBe(-4 * 60);
     |          ^ Duplicate Assert
  47 |
  48 |           Settings.now = () => 1484456400000; // Jan 15, 2017
  49 |           d = local(2017, 11, 5, 1);"
/home/gabriel/Disk/Research/research-javascript-test-smells/repositories/luxon/test/datetime/dst.test.js,Duplicate Assert,"{'line': 50, 'column': 10, 'index': 1755}","  48 |           Settings.now = () => 1484456400000; // Jan 15, 2017
  49 |           d = local(2017, 11, 5, 1);
> 50 |           expect(d.hour).toBe(1);
     |          ^ Duplicate Assert
  51 |           expect(d.offset).toBe(-4 * 60);
  52 |
  53 |           Settings.resetCaches();"
/home/gabriel/Disk/Research/research-javascript-test-smells/repositories/luxon/test/datetime/dst.test.js,Duplicate Assert,"{'line': 50, 'column': 10, 'index': 1755}","  48 |           Settings.now = () => 1484456400000; // Jan 15, 2017
  49 |           d = local(2017, 11, 5, 1);
> 50 |           expect(d.hour).toBe(1);
     |          ^ Duplicate Assert
  51 |           expect(d.offset).toBe(-4 * 60);
  52 |
  53 |           Settings.resetCaches();"
/home/gabriel/Disk/Research/research-javascript-test-smells/repositories/luxon/test/datetime/dst.test.js,Duplicate Assert,"{'line': 51, 'column': 10, 'index': 1789}","  49 |           d = local(2017, 11, 5, 1);
  50 |           expect(d.hour).toBe(1);
> 51 |           expect(d.offset).toBe(-4 * 60);
     |          ^ Duplicate Assert
  52 |
  53 |           Settings.resetCaches();
  54 |"
/home/gabriel/Disk/Research/research-javascript-test-smells/repositories/luxon/test/datetime/dst.test.js,Duplicate Assert,"{'line': 51, 'column': 10, 'index': 1789}","  49 |           d = local(2017, 11, 5, 1);
  50 |           expect(d.hour).toBe(1);
> 51 |           expect(d.offset).toBe(-4 * 60);
     |          ^ Duplicate Assert
  52 |
  53 |           Settings.resetCaches();
  54 |"
/home/gabriel/Disk/Research/research-javascript-test-smells/repositories/luxon/test/datetime/dst.test.js,Duplicate Assert,"{'line': 57, 'column': 10, 'index': 1966}","  55 |           Settings.now = () => 1484456400000; // Jan 15, 2017
  56 |           d = local(2017, 11, 5, 1);
> 57 |           expect(d.hour).toBe(1);
     |          ^ Duplicate Assert
  58 |           expect(d.offset).toBe(-5 * 60);
  59 |
  60 |           Settings.now = () => 1495653314595; // May 24, 2017"
/home/gabriel/Disk/Research/research-javascript-test-smells/repositories/luxon/test/datetime/dst.test.js,Duplicate Assert,"{'line': 57, 'column': 10, 'index': 1966}","  55 |           Settings.now = () => 1484456400000; // Jan 15, 2017
  56 |           d = local(2017, 11, 5, 1);
> 57 |           expect(d.hour).toBe(1);
     |          ^ Duplicate Assert
  58 |           expect(d.offset).toBe(-5 * 60);
  59 |
  60 |           Settings.now = () => 1495653314595; // May 24, 2017"
/home/gabriel/Disk/Research/research-javascript-test-smells/repositories/luxon/test/datetime/dst.test.js,Duplicate Assert,"{'line': 58, 'column': 10, 'index': 2000}","  56 |           d = local(2017, 11, 5, 1);
  57 |           expect(d.hour).toBe(1);
> 58 |           expect(d.offset).toBe(-5 * 60);
     |          ^ Duplicate Assert
  59 |
  60 |           Settings.now = () => 1495653314595; // May 24, 2017
  61 |           d = local(2017, 11, 5, 1);"
/home/gabriel/Disk/Research/research-javascript-test-smells/repositories/luxon/test/datetime/dst.test.js,Duplicate Assert,"{'line': 58, 'column': 10, 'index': 2000}","  56 |           d = local(2017, 11, 5, 1);
  57 |           expect(d.hour).toBe(1);
> 58 |           expect(d.offset).toBe(-5 * 60);
     |          ^ Duplicate Assert
  59 |
  60 |           Settings.now = () => 1495653314595; // May 24, 2017
  61 |           d = local(2017, 11, 5, 1);"
/home/gabriel/Disk/Research/research-javascript-test-smells/repositories/luxon/test/datetime/dst.test.js,Duplicate Assert,"{'line': 62, 'column': 10, 'index': 2142}","  60 |           Settings.now = () => 1495653314595; // May 24, 2017
  61 |           d = local(2017, 11, 5, 1);
> 62 |           expect(d.hour).toBe(1);
     |          ^ Duplicate Assert
  63 |           expect(d.offset).toBe(-5 * 60);
  64 |         } finally {
  65 |           Settings.now = oldSettings;"
/home/gabriel/Disk/Research/research-javascript-test-smells/repositories/luxon/test/datetime/dst.test.js,Duplicate Assert,"{'line': 62, 'column': 10, 'index': 2142}","  60 |           Settings.now = () => 1495653314595; // May 24, 2017
  61 |           d = local(2017, 11, 5, 1);
> 62 |           expect(d.hour).toBe(1);
     |          ^ Duplicate Assert
  63 |           expect(d.offset).toBe(-5 * 60);
  64 |         } finally {
  65 |           Settings.now = oldSettings;"
/home/gabriel/Disk/Research/research-javascript-test-smells/repositories/luxon/test/datetime/dst.test.js,Duplicate Assert,"{'line': 63, 'column': 10, 'index': 2176}","  61 |           d = local(2017, 11, 5, 1);
  62 |           expect(d.hour).toBe(1);
> 63 |           expect(d.offset).toBe(-5 * 60);
     |          ^ Duplicate Assert
  64 |         } finally {
  65 |           Settings.now = oldSettings;
  66 |         }"
/home/gabriel/Disk/Research/research-javascript-test-smells/repositories/luxon/test/datetime/dst.test.js,Duplicate Assert,"{'line': 63, 'column': 10, 'index': 2176}","  61 |           d = local(2017, 11, 5, 1);
  62 |           expect(d.hour).toBe(1);
> 63 |           expect(d.offset).toBe(-5 * 60);
     |          ^ Duplicate Assert
  64 |         } finally {
  65 |           Settings.now = oldSettings;
  66 |         }"
/home/gabriel/Disk/Research/research-javascript-test-smells/repositories/luxon/test/datetime/dst.test.js,Duplicate Assert,"{'line': 90, 'column': 6, 'index': 3072}","  88 |     test(""Subtracting an hour to land on the Fall Back falls back"", () => {
  89 |       let d = local(2017, 11, 5, 3).minus({ hour: 2 });
> 90 |       expect(d.hour).toBe(1);
     |      ^ Duplicate Assert
  91 |       expect(d.offset).toBe(-5 * 60);
  92 |
  93 |       d = d.minus({ hour: 1 });"
/home/gabriel/Disk/Research/research-javascript-test-smells/repositories/luxon/test/datetime/dst.test.js,Duplicate Assert,"{'line': 90, 'column': 6, 'index': 3072}","  88 |     test(""Subtracting an hour to land on the Fall Back falls back"", () => {
  89 |       let d = local(2017, 11, 5, 3).minus({ hour: 2 });
> 90 |       expect(d.hour).toBe(1);
     |      ^ Duplicate Assert
  91 |       expect(d.offset).toBe(-5 * 60);
  92 |
  93 |       d = d.minus({ hour: 1 });"
/home/gabriel/Disk/Research/research-javascript-test-smells/repositories/luxon/test/datetime/dst.test.js,Duplicate Assert,"{'line': 91, 'column': 6, 'index': 3102}","  89 |       let d = local(2017, 11, 5, 3).minus({ hour: 2 });
  90 |       expect(d.hour).toBe(1);
> 91 |       expect(d.offset).toBe(-5 * 60);
     |      ^ Duplicate Assert
  92 |
  93 |       d = d.minus({ hour: 1 });
  94 |       expect(d.hour).toBe(1);"
/home/gabriel/Disk/Research/research-javascript-test-smells/repositories/luxon/test/datetime/dst.test.js,Duplicate Assert,"{'line': 94, 'column': 6, 'index': 3173}","  92 |
  93 |       d = d.minus({ hour: 1 });
> 94 |       expect(d.hour).toBe(1);
     |      ^ Duplicate Assert
  95 |       expect(d.offset).toBe(-4 * 60);
  96 |     });
  97 |"
/home/gabriel/Disk/Research/research-javascript-test-smells/repositories/luxon/test/datetime/dst.test.js,Duplicate Assert,"{'line': 94, 'column': 6, 'index': 3173}","  92 |
  93 |       d = d.minus({ hour: 1 });
> 94 |       expect(d.hour).toBe(1);
     |      ^ Duplicate Assert
  95 |       expect(d.offset).toBe(-4 * 60);
  96 |     });
  97 |"
/home/gabriel/Disk/Research/research-javascript-test-smells/repositories/luxon/test/datetime/dst.test.js,Duplicate Assert,"{'line': 95, 'column': 6, 'index': 3203}","  93 |       d = d.minus({ hour: 1 });
  94 |       expect(d.hour).toBe(1);
> 95 |       expect(d.offset).toBe(-4 * 60);
     |      ^ Duplicate Assert
  96 |     });
  97 |
  98 |     test(""Changing a calendar date to land on a hole bumps forward"", () => {"
/home/gabriel/Disk/Research/research-javascript-test-smells/repositories/luxon/test/datetime/dst.test.js,Duplicate Assert,"{'line': 100, 'column': 6, 'index': 3381}","   98 |     test(""Changing a calendar date to land on a hole bumps forward"", () => {
   99 |       let d = local(2017, 3, 11, 2).plus({ day: 1 });
> 100 |       expect(d.hour).toBe(3);
      |      ^ Duplicate Assert
  101 |       expect(d.offset).toBe(-4 * 60);
  102 |
  103 |       d = local(2017, 3, 13, 2).minus({ day: 1 });"
/home/gabriel/Disk/Research/research-javascript-test-smells/repositories/luxon/test/datetime/dst.test.js,Duplicate Assert,"{'line': 100, 'column': 6, 'index': 3381}","   98 |     test(""Changing a calendar date to land on a hole bumps forward"", () => {
   99 |       let d = local(2017, 3, 11, 2).plus({ day: 1 });
> 100 |       expect(d.hour).toBe(3);
      |      ^ Duplicate Assert
  101 |       expect(d.offset).toBe(-4 * 60);
  102 |
  103 |       d = local(2017, 3, 13, 2).minus({ day: 1 });"
/home/gabriel/Disk/Research/research-javascript-test-smells/repositories/luxon/test/datetime/dst.test.js,Duplicate Assert,"{'line': 101, 'column': 6, 'index': 3411}","   99 |       let d = local(2017, 3, 11, 2).plus({ day: 1 });
  100 |       expect(d.hour).toBe(3);
> 101 |       expect(d.offset).toBe(-4 * 60);
      |      ^ Duplicate Assert
  102 |
  103 |       d = local(2017, 3, 13, 2).minus({ day: 1 });
  104 |       expect(d.hour).toBe(3);"
/home/gabriel/Disk/Research/research-javascript-test-smells/repositories/luxon/test/datetime/dst.test.js,Duplicate Assert,"{'line': 101, 'column': 6, 'index': 3411}","   99 |       let d = local(2017, 3, 11, 2).plus({ day: 1 });
  100 |       expect(d.hour).toBe(3);
> 101 |       expect(d.offset).toBe(-4 * 60);
      |      ^ Duplicate Assert
  102 |
  103 |       d = local(2017, 3, 13, 2).minus({ day: 1 });
  104 |       expect(d.hour).toBe(3);"
/home/gabriel/Disk/Research/research-javascript-test-smells/repositories/luxon/test/datetime/dst.test.js,Duplicate Assert,"{'line': 104, 'column': 6, 'index': 3501}","  102 |
  103 |       d = local(2017, 3, 13, 2).minus({ day: 1 });
> 104 |       expect(d.hour).toBe(3);
      |      ^ Duplicate Assert
  105 |       expect(d.offset).toBe(-4 * 60);
  106 |     });
  107 |"
/home/gabriel/Disk/Research/research-javascript-test-smells/repositories/luxon/test/datetime/dst.test.js,Duplicate Assert,"{'line': 104, 'column': 6, 'index': 3501}","  102 |
  103 |       d = local(2017, 3, 13, 2).minus({ day: 1 });
> 104 |       expect(d.hour).toBe(3);
      |      ^ Duplicate Assert
  105 |       expect(d.offset).toBe(-4 * 60);
  106 |     });
  107 |"
/home/gabriel/Disk/Research/research-javascript-test-smells/repositories/luxon/test/datetime/dst.test.js,Duplicate Assert,"{'line': 105, 'column': 6, 'index': 3531}","  103 |       d = local(2017, 3, 13, 2).minus({ day: 1 });
  104 |       expect(d.hour).toBe(3);
> 105 |       expect(d.offset).toBe(-4 * 60);
      |      ^ Duplicate Assert
  106 |     });
  107 |
  108 |     test(""Changing a calendar date to land on an ambiguous time chooses the closest one"", () => {"
/home/gabriel/Disk/Research/research-javascript-test-smells/repositories/luxon/test/datetime/dst.test.js,Duplicate Assert,"{'line': 105, 'column': 6, 'index': 3531}","  103 |       d = local(2017, 3, 13, 2).minus({ day: 1 });
  104 |       expect(d.hour).toBe(3);
> 105 |       expect(d.offset).toBe(-4 * 60);
      |      ^ Duplicate Assert
  106 |     });
  107 |
  108 |     test(""Changing a calendar date to land on an ambiguous time chooses the closest one"", () => {"
/home/gabriel/Disk/Research/research-javascript-test-smells/repositories/luxon/test/datetime/dst.test.js,Duplicate Assert,"{'line': 110, 'column': 6, 'index': 3730}","  108 |     test(""Changing a calendar date to land on an ambiguous time chooses the closest one"", () => {
  109 |       let d = local(2017, 11, 4, 1).plus({ day: 1 });
> 110 |       expect(d.hour).toBe(1);
      |      ^ Duplicate Assert
  111 |       expect(d.offset).toBe(-4 * 60);
  112 |
  113 |       d = local(2017, 11, 6, 1).minus({ day: 1 });"
/home/gabriel/Disk/Research/research-javascript-test-smells/repositories/luxon/test/datetime/dst.test.js,Duplicate Assert,"{'line': 110, 'column': 6, 'index': 3730}","  108 |     test(""Changing a calendar date to land on an ambiguous time chooses the closest one"", () => {
  109 |       let d = local(2017, 11, 4, 1).plus({ day: 1 });
> 110 |       expect(d.hour).toBe(1);
      |      ^ Duplicate Assert
  111 |       expect(d.offset).toBe(-4 * 60);
  112 |
  113 |       d = local(2017, 11, 6, 1).minus({ day: 1 });"
/home/gabriel/Disk/Research/research-javascript-test-smells/repositories/luxon/test/datetime/dst.test.js,Duplicate Assert,"{'line': 111, 'column': 6, 'index': 3760}","  109 |       let d = local(2017, 11, 4, 1).plus({ day: 1 });
  110 |       expect(d.hour).toBe(1);
> 111 |       expect(d.offset).toBe(-4 * 60);
      |      ^ Duplicate Assert
  112 |
  113 |       d = local(2017, 11, 6, 1).minus({ day: 1 });
  114 |       expect(d.hour).toBe(1);"
/home/gabriel/Disk/Research/research-javascript-test-smells/repositories/luxon/test/datetime/dst.test.js,Duplicate Assert,"{'line': 114, 'column': 6, 'index': 3850}","  112 |
  113 |       d = local(2017, 11, 6, 1).minus({ day: 1 });
> 114 |       expect(d.hour).toBe(1);
      |      ^ Duplicate Assert
  115 |       expect(d.offset).toBe(-5 * 60);
  116 |     });
  117 |"
/home/gabriel/Disk/Research/research-javascript-test-smells/repositories/luxon/test/datetime/dst.test.js,Duplicate Assert,"{'line': 114, 'column': 6, 'index': 3850}","  112 |
  113 |       d = local(2017, 11, 6, 1).minus({ day: 1 });
> 114 |       expect(d.hour).toBe(1);
      |      ^ Duplicate Assert
  115 |       expect(d.offset).toBe(-5 * 60);
  116 |     });
  117 |"
/home/gabriel/Disk/Research/research-javascript-test-smells/repositories/luxon/test/datetime/dst.test.js,Duplicate Assert,"{'line': 115, 'column': 6, 'index': 3880}","  113 |       d = local(2017, 11, 6, 1).minus({ day: 1 });
  114 |       expect(d.hour).toBe(1);
> 115 |       expect(d.offset).toBe(-5 * 60);
      |      ^ Duplicate Assert
  116 |     });
  117 |
  118 |     test(""Start of a 0:00->1:00 DST day is 1:00"", () => {"
/home/gabriel/Disk/Research/research-javascript-test-smells/repositories/luxon/test/datetime/dst.test.js,Exception Handling,"{'line': 24, 'column': 8, 'index': 850}","  22 |       test(""Ambiguous dates pick the one with the current offset"", () => {
  23 |         const oldSettings = Settings.now;
> 24 |         try {
     |        ^ Exception Handling
  25 |           Settings.now = () => 1495653314595; // May 24, 2017
  26 |           let d = local(2017, 11, 5, 1);
  27 |           expect(d.hour).toBe(1);"
/home/gabriel/Disk/Research/research-javascript-test-smells/repositories/luxon/test/datetime/dst.test.js,Exception Handling,"{'line': 41, 'column': 8, 'index': 1426}","  39 |       test(""Ambiguous dates pick the one with the cached offset"", () => {
  40 |         const oldSettings = Settings.now;
> 41 |         try {
     |        ^ Exception Handling
  42 |           Settings.resetCaches();
  43 |           Settings.now = () => 1495653314595; // May 24, 2017
  44 |           let d = local(2017, 11, 5, 1);"
/home/gabriel/Disk/Research/research-javascript-test-smells/repositories/luxon/test/datetime/dst.test.js,Magic Number,"{'line': 16, 'column': 26, 'index': 574}","  14 |     test(""Hole dates are bumped forward"", () => {
  15 |       const d = local(2017, 3, 12, 2);
> 16 |       expect(d.hour).toBe(3);
     |                          ^ Magic Number
  17 |       expect(d.offset).toBe(-4 * 60);
  18 |     });
  19 |"
/home/gabriel/Disk/Research/research-javascript-test-smells/repositories/luxon/test/datetime/dst.test.js,Magic Number,"{'line': 27, 'column': 30, 'index': 989}","  25 |           Settings.now = () => 1495653314595; // May 24, 2017
  26 |           let d = local(2017, 11, 5, 1);
> 27 |           expect(d.hour).toBe(1);
     |                              ^ Magic Number
  28 |           expect(d.offset).toBe(-4 * 60);
  29 |
  30 |           Settings.now = () => 1484456400000; // Jan 15, 2017"
/home/gabriel/Disk/Research/research-javascript-test-smells/repositories/luxon/test/datetime/dst.test.js,Magic Number,"{'line': 32, 'column': 30, 'index': 1165}","  30 |           Settings.now = () => 1484456400000; // Jan 15, 2017
  31 |           d = local(2017, 11, 5, 1);
> 32 |           expect(d.hour).toBe(1);
     |                              ^ Magic Number
  33 |           expect(d.offset).toBe(-5 * 60);
  34 |         } finally {
  35 |           Settings.now = oldSettings;"
/home/gabriel/Disk/Research/research-javascript-test-smells/repositories/luxon/test/datetime/dst.test.js,Magic Number,"{'line': 45, 'column': 30, 'index': 1599}","  43 |           Settings.now = () => 1495653314595; // May 24, 2017
  44 |           let d = local(2017, 11, 5, 1);
> 45 |           expect(d.hour).toBe(1);
     |                              ^ Magic Number
  46 |           expect(d.offset).toBe(-4 * 60);
  47 |
  48 |           Settings.now = () => 1484456400000; // Jan 15, 2017"
/home/gabriel/Disk/Research/research-javascript-test-smells/repositories/luxon/test/datetime/dst.test.js,Magic Number,"{'line': 50, 'column': 30, 'index': 1775}","  48 |           Settings.now = () => 1484456400000; // Jan 15, 2017
  49 |           d = local(2017, 11, 5, 1);
> 50 |           expect(d.hour).toBe(1);
     |                              ^ Magic Number
  51 |           expect(d.offset).toBe(-4 * 60);
  52 |
  53 |           Settings.resetCaches();"
/home/gabriel/Disk/Research/research-javascript-test-smells/repositories/luxon/test/datetime/dst.test.js,Magic Number,"{'line': 57, 'column': 30, 'index': 1986}","  55 |           Settings.now = () => 1484456400000; // Jan 15, 2017
  56 |           d = local(2017, 11, 5, 1);
> 57 |           expect(d.hour).toBe(1);
     |                              ^ Magic Number
  58 |           expect(d.offset).toBe(-5 * 60);
  59 |
  60 |           Settings.now = () => 1495653314595; // May 24, 2017"
/home/gabriel/Disk/Research/research-javascript-test-smells/repositories/luxon/test/datetime/dst.test.js,Magic Number,"{'line': 62, 'column': 30, 'index': 2162}","  60 |           Settings.now = () => 1495653314595; // May 24, 2017
  61 |           d = local(2017, 11, 5, 1);
> 62 |           expect(d.hour).toBe(1);
     |                              ^ Magic Number
  63 |           expect(d.offset).toBe(-5 * 60);
  64 |         } finally {
  65 |           Settings.now = oldSettings;"
/home/gabriel/Disk/Research/research-javascript-test-smells/repositories/luxon/test/datetime/dst.test.js,Magic Number,"{'line': 72, 'column': 26, 'index': 2457}","  70 |     test(""Adding an hour to land on the Spring Forward springs forward"", () => {
  71 |       const d = local(2017, 3, 12, 1).plus({ hour: 1 });
> 72 |       expect(d.hour).toBe(3);
     |                          ^ Magic Number
  73 |       expect(d.offset).toBe(-4 * 60);
  74 |     });
  75 |"
/home/gabriel/Disk/Research/research-javascript-test-smells/repositories/luxon/test/datetime/dst.test.js,Magic Number,"{'line': 78, 'column': 26, 'index': 2678}","  76 |     test(""Subtracting an hour to land on the Spring Forward springs forward"", () => {
  77 |       const d = local(2017, 3, 12, 3).minus({ hour: 1 });
> 78 |       expect(d.hour).toBe(1);
     |                          ^ Magic Number
  79 |       expect(d.offset).toBe(-5 * 60);
  80 |     });
  81 |"
/home/gabriel/Disk/Research/research-javascript-test-smells/repositories/luxon/test/datetime/dst.test.js,Magic Number,"{'line': 84, 'column': 26, 'index': 2883}","  82 |     test(""Adding an hour to land on the Fall Back falls back"", () => {
  83 |       const d = local(2017, 11, 5, 0).plus({ hour: 2 });
> 84 |       expect(d.hour).toBe(1);
     |                          ^ Magic Number
  85 |       expect(d.offset).toBe(-5 * 60);
  86 |     });
  87 |"
/home/gabriel/Disk/Research/research-javascript-test-smells/repositories/luxon/test/datetime/dst.test.js,Magic Number,"{'line': 90, 'column': 26, 'index': 3092}","  88 |     test(""Subtracting an hour to land on the Fall Back falls back"", () => {
  89 |       let d = local(2017, 11, 5, 3).minus({ hour: 2 });
> 90 |       expect(d.hour).toBe(1);
     |                          ^ Magic Number
  91 |       expect(d.offset).toBe(-5 * 60);
  92 |
  93 |       d = d.minus({ hour: 1 });"
/home/gabriel/Disk/Research/research-javascript-test-smells/repositories/luxon/test/datetime/dst.test.js,Magic Number,"{'line': 94, 'column': 26, 'index': 3193}","  92 |
  93 |       d = d.minus({ hour: 1 });
> 94 |       expect(d.hour).toBe(1);
     |                          ^ Magic Number
  95 |       expect(d.offset).toBe(-4 * 60);
  96 |     });
  97 |"
/home/gabriel/Disk/Research/research-javascript-test-smells/repositories/luxon/test/datetime/dst.test.js,Magic Number,"{'line': 100, 'column': 26, 'index': 3401}","   98 |     test(""Changing a calendar date to land on a hole bumps forward"", () => {
   99 |       let d = local(2017, 3, 11, 2).plus({ day: 1 });
> 100 |       expect(d.hour).toBe(3);
      |                          ^ Magic Number
  101 |       expect(d.offset).toBe(-4 * 60);
  102 |
  103 |       d = local(2017, 3, 13, 2).minus({ day: 1 });"
/home/gabriel/Disk/Research/research-javascript-test-smells/repositories/luxon/test/datetime/dst.test.js,Magic Number,"{'line': 104, 'column': 26, 'index': 3521}","  102 |
  103 |       d = local(2017, 3, 13, 2).minus({ day: 1 });
> 104 |       expect(d.hour).toBe(3);
      |                          ^ Magic Number
  105 |       expect(d.offset).toBe(-4 * 60);
  106 |     });
  107 |"
/home/gabriel/Disk/Research/research-javascript-test-smells/repositories/luxon/test/datetime/dst.test.js,Magic Number,"{'line': 110, 'column': 26, 'index': 3750}","  108 |     test(""Changing a calendar date to land on an ambiguous time chooses the closest one"", () => {
  109 |       let d = local(2017, 11, 4, 1).plus({ day: 1 });
> 110 |       expect(d.hour).toBe(1);
      |                          ^ Magic Number
  111 |       expect(d.offset).toBe(-4 * 60);
  112 |
  113 |       d = local(2017, 11, 6, 1).minus({ day: 1 });"
/home/gabriel/Disk/Research/research-javascript-test-smells/repositories/luxon/test/datetime/dst.test.js,Magic Number,"{'line': 114, 'column': 26, 'index': 3870}","  112 |
  113 |       d = local(2017, 11, 6, 1).minus({ day: 1 });
> 114 |       expect(d.hour).toBe(1);
      |                          ^ Magic Number
  115 |       expect(d.offset).toBe(-5 * 60);
  116 |     });
  117 |"
/home/gabriel/Disk/Research/research-javascript-test-smells/repositories/luxon/test/datetime/dst.test.js,Magic Number,"{'line': 129, 'column': 25, 'index': 4205}","  127 |         }
  128 |       ).startOf(""day"");
> 129 |       expect(d.day).toBe(15);
      |                         ^ Magic Number
  130 |       expect(d.hour).toBe(1);
  131 |       expect(d.minute).toBe(0);
  132 |       expect(d.second).toBe(0);"
/home/gabriel/Disk/Research/research-javascript-test-smells/repositories/luxon/test/datetime/dst.test.js,Magic Number,"{'line': 130, 'column': 26, 'index': 4236}","  128 |       ).startOf(""day"");
  129 |       expect(d.day).toBe(15);
> 130 |       expect(d.hour).toBe(1);
      |                          ^ Magic Number
  131 |       expect(d.minute).toBe(0);
  132 |       expect(d.second).toBe(0);
  133 |     });"
/home/gabriel/Disk/Research/research-javascript-test-smells/repositories/luxon/test/datetime/dst.test.js,Magic Number,"{'line': 131, 'column': 28, 'index': 4268}","  129 |       expect(d.day).toBe(15);
  130 |       expect(d.hour).toBe(1);
> 131 |       expect(d.minute).toBe(0);
      |                            ^ Magic Number
  132 |       expect(d.second).toBe(0);
  133 |     });
  134 |"
/home/gabriel/Disk/Research/research-javascript-test-smells/repositories/luxon/test/datetime/dst.test.js,Magic Number,"{'line': 132, 'column': 28, 'index': 4300}","  130 |       expect(d.hour).toBe(1);
  131 |       expect(d.minute).toBe(0);
> 132 |       expect(d.second).toBe(0);
      |                            ^ Magic Number
  133 |     });
  134 |
  135 |     test(""End of a 0:00->1:00 DST day is 23:59"", () => {"
/home/gabriel/Disk/Research/research-javascript-test-smells/repositories/luxon/test/datetime/dst.test.js,Magic Number,"{'line': 146, 'column': 25, 'index': 4594}","  144 |         }
  145 |       ).endOf(""day"");
> 146 |       expect(d.day).toBe(15);
      |                         ^ Magic Number
  147 |       expect(d.hour).toBe(23);
  148 |       expect(d.minute).toBe(59);
  149 |       expect(d.second).toBe(59);"
/home/gabriel/Disk/Research/research-javascript-test-smells/repositories/luxon/test/datetime/dst.test.js,Magic Number,"{'line': 147, 'column': 26, 'index': 4625}","  145 |       ).endOf(""day"");
  146 |       expect(d.day).toBe(15);
> 147 |       expect(d.hour).toBe(23);
      |                          ^ Magic Number
  148 |       expect(d.minute).toBe(59);
  149 |       expect(d.second).toBe(59);
  150 |     });"
/home/gabriel/Disk/Research/research-javascript-test-smells/repositories/luxon/test/datetime/dst.test.js,Magic Number,"{'line': 148, 'column': 28, 'index': 4658}","  146 |       expect(d.day).toBe(15);
  147 |       expect(d.hour).toBe(23);
> 148 |       expect(d.minute).toBe(59);
      |                            ^ Magic Number
  149 |       expect(d.second).toBe(59);
  150 |     });
  151 |   });"
/home/gabriel/Disk/Research/research-javascript-test-smells/repositories/luxon/test/datetime/dst.test.js,Magic Number,"{'line': 149, 'column': 28, 'index': 4691}","  147 |       expect(d.hour).toBe(23);
  148 |       expect(d.minute).toBe(59);
> 149 |       expect(d.second).toBe(59);
      |                            ^ Magic Number
  150 |     });
  151 |   });
  152 | }"
