file,type,line,method,source
/test/test.format-send-data.js,AnonymousTest,"{'startLine':33,'endLine':39}","it('(1) fileOptions.filename', function test() {
        const filename = 'custom-filename';
        files.forEach((file) => {
          const [{ [type]: data }] = bot._formatSendData(type, file, { filename });
          assert.equal(data.options.filename, filename);
        });
      })",snuts
/test/test.format-send-data.js,AnonymousTest,"{'startLine':41,'endLine':48}","it('(2) Stream#path', function test() {
        if (!stream.path) {
          this.skip('Stream#path unsupported');
          return;
        }
        const [{ [type]: data }] = bot._formatSendData(type, stream);
        assert.equal(data.options.filename, path.basename(paths.audio));
      })",snuts
/test/test.format-send-data.js,AnonymousTest,"{'startLine':50,'endLine':53}","it('(3) filepath', function test() {
        const [{ [type]: data }] = bot._formatSendData(type, filepath);
        assert.equal(data.options.filename, path.basename(paths.audio));
      })",snuts
/test/test.format-send-data.js,AnonymousTest,"{'startLine':64,'endLine':70}","it('(1) fileOpts.contentType', function test() {
        const contentType = 'application/custom-type';
        files.forEach((file) => {
          const [{ [type]: data }] = bot._formatSendData(type, file, { contentType });
          assert.equal(data.options.contentType, contentType);
        });
      })",snuts
/test/test.format-send-data.js,AnonymousTest,"{'startLine':72,'endLine':79}","it('(2) Stream#path', function test() {
        if (!stream.path) {
          this.skip('Stream#path unsupported');
          return;
        }
        const [{ [type]: data }] = bot._formatSendData(type, stream);
        assert.equal(data.options.contentType, 'audio/mpeg');
      })",snuts
/test/test.format-send-data.js,AnonymousTest,"{'startLine':86,'endLine':89}","it('(4) filepath', function test() {
        const [{ [type]: data }] = bot._formatSendData(type, filepath);
        assert.equal(data.options.contentType, 'audio/mpeg');
      })",snuts
/test/test.format-send-data.js,AnonymousTest,"{'startLine':91,'endLine':98}","it('(5) fileOptions.filename', function test() {
        [nonPathStream, nonDetectableBuffer].forEach((file) => {
          const [{ [type]: data }] = bot._formatSendData(type, file, {
            filename: 'image.gif',
          });
          assert.equal(data.options.contentType, 'image/gif');
        });
      })",snuts
/test/test.format-send-data.js,IdenticalTestDescription,"{'startLine':72,'endLine':79}","it('(2) Stream#path', function test() {
        if (!stream.path) {
          this.skip('Stream#path unsupported');
          return;
        }
        const [{ [type]: data }] = bot._formatSendData(type, stream);
        assert.equal(data.options.contentType, 'audio/mpeg');
      })",snuts
/test/test.format-send-data.js,ConditionalTestLogic,"{'startLine':42,'endLine':45}","it('(2) Stream#path', function test() {
        if (!stream.path) {
          this.skip('Stream#path unsupported');
          return;
        }
        const [{ [type]: data }] = bot._formatSendData(type, stream);
        assert.equal(data.options.filename, path.basename(paths.audio));
      })",snuts
/test/test.format-send-data.js,ConditionalTestLogic,"{'startLine':73,'endLine':76}","it('(2) Stream#path', function test() {
        if (!stream.path) {
          this.skip('Stream#path unsupported');
          return;
        }
        const [{ [type]: data }] = bot._formatSendData(type, stream);
        assert.equal(data.options.contentType, 'audio/mpeg');
      })",snuts
/test/test.format-send-data.js,ConditionalTestLogic,"{'startLine':116,'endLine':119}","it('should handle buffer path from fs.readStream', function test() {
    let file;
    try {
      file = fs.createReadStream(Buffer.from(paths.audio));
    } catch (ex) {
      // Older Node.js versions do not support passing a Buffer
      // representation of the path to fs.createReadStream()
      if (ex instanceof TypeError) {
        Promise.resolve();
        return;
      }
    }
    const [{ [type]: data }] = bot._formatSendData('file', file);
    assert.equal(data.options.filename, path.basename(paths.audio));
  })",snuts
/test/telegram.js,AnonymousTest,"{'startLine':303,'endLine':307}","it('initiates polling', function test() {
      return testbot.startPolling().then(() => {
        return utils.isPollingMockServer(pollingPort);
      });
    })",snuts
/test/telegram.js,AnonymousTest,"{'startLine':345,'endLine':349}","it('opens webhook', function test() {
      return testbot.openWebHook().then(() => {
        return utils.hasOpenWebHook(webHookPort);
      });
    })",snuts
/test/telegram.js,AnonymousTest,"{'startLine':377,'endLine':381}","it('closes webhook', function test() {
      testbot.closeWebHook().then(() => {
        return utils.hasOpenWebHook(webHookPort, true);
      });
    })",snuts
/test/telegram.js,IdenticalTestDescription,"{'startLine':587,'endLine':590}","it('returns `null` if missing', function test() {
      // NOTE: '0' is never a valid reply listener ID :)
      assert.strictEqual(null, bot.removeReplyListener(0));
    })",snuts
/test/telegram.js,IdenticalTestDescription,"{'startLine':897,'endLine':904}","it('should send a video from file', function test() {
      const video = `${__dirname}/data/video.mp4`;
      return bot.sendVideoNote(USERID, video, { length: 5 }).then(resp => {
        assert.ok(is.object(resp));
        assert.ok(is.object(resp.video));
        videoNoteId = resp.video.file_id;
      });
    })",snuts
/test/telegram.js,IdenticalTestDescription,"{'startLine':905,'endLine':912}","it('should send a video from id', function test() {
      // Send the same videonote as before
      assert.ok(videoNoteId);
      return bot.sendVideoNote(USERID, videoNoteId, { length: 5 }).then(resp => {
        assert.ok(is.object(resp));
        assert.ok(is.object(resp.video));
      });
    })",snuts
/test/telegram.js,IdenticalTestDescription,"{'startLine':913,'endLine':919}","it('should send a video from fs.readStream', function test() {
      const video = fs.createReadStream(`${__dirname}/data/video.mp4`);
      return bot.sendVideoNote(USERID, video, { length: 5 }).then(resp => {
        assert.ok(is.object(resp));
        assert.ok(is.object(resp.video));
      });
    })",snuts
/test/telegram.js,IdenticalTestDescription,"{'startLine':920,'endLine':926}","it('should send a video from a Buffer', function test() {
      const video = fs.readFileSync(`${__dirname}/data/video.mp4`);
      return bot.sendVideoNote(USERID, video, { length: 5 }).then(resp => {
        assert.ok(is.object(resp));
        assert.ok(is.object(resp.video));
      });
    })",snuts
/test/telegram.js,IdenticalTestDescription,"{'startLine':1159,'endLine':1173}","it('should set chat permissions', function test() {
      const ChatPermissions = {
        can_send_messages: true,
        can_send_media_messages: true,
        can_send_polls: false,
        can_send_other_messages: false,
        can_add_web_page_previews: true,
        can_change_info: false,
        can_invite_users: false,
        can_pin_messages: true
      };
      return bot.setChatPermissions(GROUPID, ChatPermissions).then(resp => {
        assert.ok(is.boolean(resp));
      });
    })",snuts
/test/telegram.js,IdenticalTestDescription,"{'startLine':1339,'endLine':1343}","it('should return an Array', function test() {
      return bot.getChatAdministrators(GROUPID).then(resp => {
        assert.ok(Array.isArray(resp));
      });
    })",snuts
/test/telegram.js,IdenticalTestDescription,"{'startLine':1393,'endLine':1397}","it('should return a Boolean', function test() {
      return bot.deleteChatStickerSet(GROUPID).then(resp => {
        assert.ok(is.boolean(resp));
      });
    })",snuts
/test/telegram.js,IdenticalTestDescription,"{'startLine':1897,'endLine':1901}","it('should delete a sticker from a set', function test() {
      bot.setStickerMaskPosition(STICKER_FILE_ID_FROM_SET, { point: 'eyes', scale: 2, x_shift: 1, y_shift: 1 }).then((resp) => {
        assert.ok(is.boolean(resp));
      });
    })",snuts
/test/telegram.js,ConditionalTestLogic,"{'startLine':69,'endLine':69}","it('is loaded from src/ on Node.js v6+ and above', function test() {
    if (nodeVersion <= 5) this.skip(); // skip on Node.js v5 and below
    assert.strictEqual(TelegramBot, require('../src/telegram'));
  })",snuts
/test/telegram.js,ConditionalTestLogic,"{'startLine':73,'endLine':73}","it('is loaded from lib/ on Node.js v5 and below', function test() {
    if (nodeVersion > 5) this.skip(); // skip on newer versions
    assert.strictEqual(TelegramBot, require('../lib/telegram'));
  })",snuts
/test/telegram.js,ConditionalTestLogic,"{'startLine':218,'endLine':218}","it('only accepts POST method', function test() {
      const methods = ['GET', 'PUT', 'DELETE', 'OPTIONS'];
      return Promise.all(methods, (method) => {
        return utils.sendWebHookMessage(webHookPort2, TOKEN, {
          method,
        }).then(() => {
          throw new Error(`expected error with webhook ${method} request`);
        }).catch(resp => {
          if (!resp.statusCode) throw resp;
          if (resp.statusCode !== 418) throw new Error(`unexpected error: ${resp.body}`);
        });
      }); // Promise.each
    })",snuts
/test/telegram.js,ConditionalTestLogic,"{'startLine':219,'endLine':219}","it('only accepts POST method', function test() {
      const methods = ['GET', 'PUT', 'DELETE', 'OPTIONS'];
      return Promise.all(methods, (method) => {
        return utils.sendWebHookMessage(webHookPort2, TOKEN, {
          method,
        }).then(() => {
          throw new Error(`expected error with webhook ${method} request`);
        }).catch(resp => {
          if (!resp.statusCode) throw resp;
          if (resp.statusCode !== 418) throw new Error(`unexpected error: ${resp.body}`);
        });
      }); // Promise.each
    })",snuts
/test/telegram.js,ConditionalTestLogic,"{'startLine':1969,'endLine':1971}","it('should send an invoice', function test() {
      if (isCI) {
        this.skip(); // Skip test for now
      }
      const title = 'Demo product';
      const description = 'our test product';
      const payload = 'sku-p001';
      const providerToken = PROVIDER_TOKEN;
      const currency = 'USD';
      const prices = [{ label: 'product', amount: 11000 }, { label: 'tax', amount: 11000 }];
      return bot.sendInvoice(USERID, title, description, payload, providerToken, currency, prices).then(resp => {
        assert.ok(is.object(resp));
        assert.ok(is.object(resp.invoice));
        assert.ok(is.number(resp.invoice.total_amount));
      });
    })",snuts
/test/telegram.js,ConditionalTestLogic,"{'startLine':1991,'endLine':1993}","it('should create an invoice link', function test() {
      if (isCI) {
        this.skip(); // Skip test for now
      }
      const title = 'Invoice link product';
      const description = 'Our test invoice link product';
      const payload = 'sku-p002';
      const providerToken = PROVIDER_TOKEN;
      const currency = 'EUR';
      const prices = [{ label: 'NTBA API', amount: 12000 }, { label: 'tax', amount: 10000 }];
      return bot.createInvoiceLink(title, description, payload, providerToken, currency, prices).then(resp => {
        assert.ok(is.string(resp));
      });
    })",snuts
/test/telegram.js,NonFunctionalStatement,"{'startLine':557,'endLine':557}","describe('#removeTextListener', function removeTextListenerSuite() {
    const regexp = /\/onText/;
    const regexp2 = /\/onText/;
    const callback = function noop() { };
    after(function after() {
      bot.removeTextListener(regexp);
      bot.removeTextListener(regexp2);
    });
    it('removes the right text-listener', function test() {
      bot.onText(regexp, callback);
      bot.onText(regexp2, callback);
      const textListener = bot.removeTextListener(regexp);
      assert.strictEqual(regexp, textListener.regexp);
    });
    it('returns `null` if missing', function test() {
      assert.strictEqual(null, bot.removeTextListener(/404/));
    });
  })",snuts
/test/telegram.js,NonFunctionalStatement,"{'startLine':573,'endLine':573}","describe.skip('#onReplyToMessage', function onReplyToMessageSuite() { })",snuts
/test/telegram.js,NonFunctionalStatement,"{'startLine':578,'endLine':578}","describe('#removeReplyListener', function removeReplyListenerSuite() {
    const chatId = -1234;
    const messageId = 1;
    const callback = function noop() { };
    it('returns the right reply-listener', function test() {
      const id = bot.onReplyToMessage(chatId, messageId, callback);
      const replyListener = bot.removeReplyListener(id);
      assert.strictEqual(id, replyListener.id);
      assert.strictEqual(chatId, replyListener.chatId);
      assert.strictEqual(messageId, replyListener.messageId);
      assert.strictEqual(callback, replyListener.callback);
    });
    it('returns `null` if missing', function test() {
      // NOTE: '0' is never a valid reply listener ID :)
      assert.strictEqual(null, bot.removeReplyListener(0));
    });
  })",snuts
/test/telegram.js,NonFunctionalStatement,"{'startLine':595,'endLine':595}","describe.skip('#logOut', function logOutSuite() { })",snuts
/test/telegram.js,NonFunctionalStatement,"{'startLine':597,'endLine':597}","describe.skip('#close', function closeSuite() { })",snuts
/test/telegram.js,NonFunctionalStatement,"{'startLine':1138,'endLine':1138}","describe.skip('#banChatMember', function banChatMemberSuite() { })",snuts
/test/telegram.js,NonFunctionalStatement,"{'startLine':1140,'endLine':1140}","describe.skip('#unbanChatMember', function unbanChatMemberSuite() { })",snuts
/test/telegram.js,NonFunctionalStatement,"{'startLine':1142,'endLine':1142}","describe.skip('#restrictChatMember', function restrictChatMemberSuite() { })",snuts
/test/telegram.js,NonFunctionalStatement,"{'startLine':1144,'endLine':1144}","describe.skip('#promoteChatMember', function promoteChatMemberSuite() { })",snuts
/test/telegram.js,NonFunctionalStatement,"{'startLine':1154,'endLine':1154}","describe.skip('#banChatSenderChat', function banChatSenderChatSuite() { })",snuts
/test/telegram.js,NonFunctionalStatement,"{'startLine':1156,'endLine':1156}","describe.skip('#unbanChatSenderChat', function banChatSenderChatSuite() { })",snuts
/test/telegram.js,NonFunctionalStatement,"{'startLine':1214,'endLine':1214}","describe.skip('#approveChatJoinRequest', function approveChatJoinRequestSuite() { })",snuts
/test/telegram.js,NonFunctionalStatement,"{'startLine':1216,'endLine':1216}","describe.skip('#declineChatJoinRequest', function declineChatJoinRequestSuite() { })",snuts
/test/telegram.js,NonFunctionalStatement,"{'startLine':1322,'endLine':1322}","describe.skip('#leaveChat', function leaveChatSuite() { })",snuts
/test/telegram.js,NonFunctionalStatement,"{'startLine':1400,'endLine':1400}","describe.skip('#answerCallbackQuery', function answerCallbackQuerySuite() { })",snuts
/test/telegram.js,NonFunctionalStatement,"{'startLine':1960,'endLine':1960}","describe.skip('#answerInlineQuery', function answerInlineQuerySuite() { })",snuts
/test/telegram.js,NonFunctionalStatement,"{'startLine':1962,'endLine':1962}","describe.skip('#answerWebAppQuery', function answerCallbackQuerySuite() { })",snuts
/test/telegram.js,NonFunctionalStatement,"{'startLine':2006,'endLine':2006}","describe.skip('#answerShippingQuery', function answerShippingQuerySuite() { })",snuts
/test/telegram.js,NonFunctionalStatement,"{'startLine':2009,'endLine':2009}","describe.skip('#answerPreCheckoutQuery', function answerPreCheckoutQuerySuite() { })",snuts
/test/test.format-send-data.js,Assertion Roulette,"{'column': 4, 'line': 128}","it('should not accept file-paths if disallowed with constructor option', function test() {
    const tgbot = new TelegramBot('token', { filepath: false });
    const [formData, fileId] = tgbot._formatSendData('file', paths.audio);
    assert.ok(fileId);
    assert.ok(!formData);
  })",steel
/test/test.format-send-data.js,Assertion Roulette,"{'column': 4, 'line': 129}","it('should not accept file-paths if disallowed with constructor option', function test() {
    const tgbot = new TelegramBot('token', { filepath: false });
    const [formData, fileId] = tgbot._formatSendData('file', paths.audio);
    assert.ok(fileId);
    assert.ok(!formData);
  })",steel
/test/test.format-send-data.js,Conditional Test Logic,"{'line': 42, 'column': 8, 'index': 1307}","it('(2) Stream#path', function test() {
        if (!stream.path) {
          this.skip('Stream#path unsupported');
          return;
        }
        const [{ [type]: data }] = bot._formatSendData(type, stream);
        assert.equal(data.options.filename, path.basename(paths.audio));
      })",steel
/test/test.format-send-data.js,Conditional Test Logic,"{'line': 56, 'column': 53, 'index': 1857}","it('(4) final default', function test() {
        [nonPathStream, buffer, nonDetectableBuffer].forEach((file) => {
          const [{ [type]: data }] = bot._formatSendData(type, file);
          assert.equal(data.options.filename, 'filename');
        });
      })",steel
/test/test.format-send-data.js,Conditional Test Logic,"{'line': 73, 'column': 8, 'index': 2466}","it('(2) Stream#path', function test() {
        if (!stream.path) {
          this.skip('Stream#path unsupported');
          return;
        }
        const [{ [type]: data }] = bot._formatSendData(type, stream);
        assert.equal(data.options.contentType, 'audio/mpeg');
      })",steel
/test/test.format-send-data.js,Conditional Test Logic,"{'line': 92, 'column': 45, 'index': 3187}","it('(5) fileOptions.filename', function test() {
        [nonPathStream, nonDetectableBuffer].forEach((file) => {
          const [{ [type]: data }] = bot._formatSendData(type, file, {
            filename: 'image.gif',
          });
          assert.equal(data.options.contentType, 'image/gif');
        });
      })",steel
/test/test.format-send-data.js,Conditional Test Logic,"{'line': 101, 'column': 45, 'index': 3506}","it('(6) Final default', function test() {
        [nonPathStream, nonDetectableBuffer].forEach((file) => {
          const [{ [type]: data }] = bot._formatSendData(type, file);
          assert.equal(data.options.contentType, 'application/octet-stream');
        });
      })",steel
/test/test.format-send-data.js,Conditional Test Logic,"{'line': 116, 'column': 6, 'index': 4016}","it('should handle buffer path from fs.readStream', function test() {
    let file;
    try {
      file = fs.createReadStream(Buffer.from(paths.audio));
    } catch (ex) {
      // Older Node.js versions do not support passing a Buffer
      // representation of the path to fs.createReadStream()
      if (ex instanceof TypeError) {
        Promise.resolve();
        return;
      }
    }
    const [{ [type]: data }] = bot._formatSendData('file', file);
    assert.equal(data.options.filename, path.basename(paths.audio));
  })",steel
/test/test.format-send-data.js,Exception Handling,"{'line': 111, 'column': 4, 'index': 3800}","it('should handle buffer path from fs.readStream', function test() {
    let file;
    try {
      file = fs.createReadStream(Buffer.from(paths.audio));
    } catch (ex) {
      // Older Node.js versions do not support passing a Buffer
      // representation of the path to fs.createReadStream()
      if (ex instanceof TypeError) {
        Promise.resolve();
        return;
      }
    }
    const [{ [type]: data }] = bot._formatSendData('file', file);
    assert.equal(data.options.filename, path.basename(paths.audio));
  })",steel
/test/test.format-send-data.js,Ignored Test,"{'line': 43, 'column': 15, 'index': 1342}","it('(2) Stream#path', function test() {
        if (!stream.path) {
          this.skip('Stream#path unsupported');
          return;
        }
        const [{ [type]: data }] = bot._formatSendData(type, stream);
        assert.equal(data.options.filename, path.basename(paths.audio));
      })",steel
/test/test.format-send-data.js,Ignored Test,"{'line': 74, 'column': 15, 'index': 2501}","it('(2) Stream#path', function test() {
        if (!stream.path) {
          this.skip('Stream#path unsupported');
          return;
        }
        const [{ [type]: data }] = bot._formatSendData(type, stream);
        assert.equal(data.options.contentType, 'audio/mpeg');
      })",steel
/test/telegram.js,Assertion Roulette,"{'column': 8, 'line': 176}","it('(polling) emits ""polling_error"" if error occurs during polling', function test(done) {
      const myBot = new TelegramBot(12345, { polling: true });
      myBot.once('polling_error', (error) => {
        assert.ok(error);
        assert.strictEqual(error.code, 'ETELEGRAM');
        return myBot.stopPolling().then(() => { done(); }).catch(done);
      });
    })",steel
/test/telegram.js,Assertion Roulette,"{'column': 8, 'line': 177}","it('(polling) emits ""polling_error"" if error occurs during polling', function test(done) {
      const myBot = new TelegramBot(12345, { polling: true });
      myBot.once('polling_error', (error) => {
        assert.ok(error);
        assert.strictEqual(error.code, 'ETELEGRAM');
        return myBot.stopPolling().then(() => { done(); }).catch(done);
      });
    })",steel
/test/telegram.js,Assertion Roulette,"{'column': 8, 'line': 189}","it('(webhook) emits ""webhook_error"" if could not parse webhook request body', function test(done) {
      botWebHook.once('webhook_error', (error) => {
        assert.ok(error);
        assert.strictEqual(error.code, 'EPARSE');
        return done();
      });
      utils.sendWebHookMessage(webHookPort2, TOKEN, { update: 'unparseable!', json: false });
    })",steel
/test/telegram.js,Assertion Roulette,"{'column': 8, 'line': 190}","it('(webhook) emits ""webhook_error"" if could not parse webhook request body', function test(done) {
      botWebHook.once('webhook_error', (error) => {
        assert.ok(error);
        assert.strictEqual(error.code, 'EPARSE');
        return done();
      });
      utils.sendWebHookMessage(webHookPort2, TOKEN, { update: 'unparseable!', json: false });
    })",steel
/test/telegram.js,Assertion Roulette,"{'column': 8, 'line': 258}","it('FatalError is thrown if token is missing', function test() {
      const myBot = new TelegramBot(null);
      return myBot.sendMessage(USERID, 'text').catch(error => {
        // FIX: assert.ok(error instanceof TelegramBot.errors.FatalError);
        assert.strictEqual(error.code, 'EFATAL');
        assert.ok(error.message.indexOf('not provided') > -1);
      });
    })",steel
/test/telegram.js,Assertion Roulette,"{'column': 8, 'line': 259}","it('FatalError is thrown if token is missing', function test() {
      const myBot = new TelegramBot(null);
      return myBot.sendMessage(USERID, 'text').catch(error => {
        // FIX: assert.ok(error instanceof TelegramBot.errors.FatalError);
        assert.strictEqual(error.code, 'EFATAL');
        assert.ok(error.message.indexOf('not provided') > -1);
      });
    })",steel
/test/telegram.js,Assertion Roulette,"{'column': 8, 'line': 271}","it('FatalError is thrown if file-type of Buffer could not be determined', function test() {
      let buffer;
      try {
        buffer = Buffer.from('12345');
      } catch (ex) {
        buffer = new Buffer('12345');
      }
      return bot.sendPhoto(USERID, buffer).catch(error => {
        // FIX: assert.ok(error instanceof TelegramBot.errors.FatalError);
        assert.strictEqual(error.code, 'EFATAL');
        assert.ok(error.message.indexOf('Unsupported') > -1);
      });
    })",steel
/test/telegram.js,Assertion Roulette,"{'column': 8, 'line': 272}","it('FatalError is thrown if file-type of Buffer could not be determined', function test() {
      let buffer;
      try {
        buffer = Buffer.from('12345');
      } catch (ex) {
        buffer = new Buffer('12345');
      }
      return bot.sendPhoto(USERID, buffer).catch(error => {
        // FIX: assert.ok(error instanceof TelegramBot.errors.FatalError);
        assert.strictEqual(error.code, 'EFATAL');
        assert.ok(error.message.indexOf('Unsupported') > -1);
      });
    })",steel
/test/telegram.js,Assertion Roulette,"{'column': 8, 'line': 287}","it('ParseError is thrown if response body could not be parsed', function test() {
      botParse.sendMessage(USERID, 'text').catch(error => {
        // FIX: assert.ok(error instanceof TelegramBot.errors.ParseError);
        assert.strictEqual(error.code, 'EPARSE');
        assert.ok(typeof error.response === 'object');
        assert.ok(typeof error.response.body === 'string');
      });
    })",steel
/test/telegram.js,Assertion Roulette,"{'column': 8, 'line': 288}","it('ParseError is thrown if response body could not be parsed', function test() {
      botParse.sendMessage(USERID, 'text').catch(error => {
        // FIX: assert.ok(error instanceof TelegramBot.errors.ParseError);
        assert.strictEqual(error.code, 'EPARSE');
        assert.ok(typeof error.response === 'object');
        assert.ok(typeof error.response.body === 'string');
      });
    })",steel
/test/telegram.js,Assertion Roulette,"{'column': 8, 'line': 289}","it('ParseError is thrown if response body could not be parsed', function test() {
      botParse.sendMessage(USERID, 'text').catch(error => {
        // FIX: assert.ok(error instanceof TelegramBot.errors.ParseError);
        assert.strictEqual(error.code, 'EPARSE');
        assert.ok(typeof error.response === 'object');
        assert.ok(typeof error.response.body === 'string');
      });
    })",steel
/test/telegram.js,Assertion Roulette,"{'column': 8, 'line': 295}","it('TelegramError is thrown if error is from Telegram', function test() {
      return bot.sendMessage('404', 'text').catch(error => {
        // FIX: assert.ok(error instanceof TelegramBot.errors.TelegramError);
        assert.strictEqual(error.code, 'ETELEGRAM');
        assert.ok(typeof error.response === 'object');
        assert.ok(typeof error.response.body === 'object');
      });
    })",steel
/test/telegram.js,Assertion Roulette,"{'column': 8, 'line': 296}","it('TelegramError is thrown if error is from Telegram', function test() {
      return bot.sendMessage('404', 'text').catch(error => {
        // FIX: assert.ok(error instanceof TelegramBot.errors.TelegramError);
        assert.strictEqual(error.code, 'ETELEGRAM');
        assert.ok(typeof error.response === 'object');
        assert.ok(typeof error.response.body === 'object');
      });
    })",steel
/test/telegram.js,Assertion Roulette,"{'column': 8, 'line': 297}","it('TelegramError is thrown if error is from Telegram', function test() {
      return bot.sendMessage('404', 'text').catch(error => {
        // FIX: assert.ok(error instanceof TelegramBot.errors.TelegramError);
        assert.strictEqual(error.code, 'ETELEGRAM');
        assert.ok(typeof error.response === 'object');
        assert.ok(typeof error.response.body === 'object');
      });
    })",steel
/test/telegram.js,Assertion Roulette,"{'column': 8, 'line': 312}","it('returns error if using webhook', function test() {
      return botWebHook.startPolling().catch((err) => {
        // TODO: check for error in a better way
        // FIX: assert.ok(err instanceof TelegramBot.errors.FatalError);
        assert.strictEqual(err.code, 'EFATAL');
        assert.ok(err.message.indexOf('mutually exclusive') !== -1);
      });
    })",steel
/test/telegram.js,Assertion Roulette,"{'column': 8, 'line': 313}","it('returns error if using webhook', function test() {
      return botWebHook.startPolling().catch((err) => {
        // TODO: check for error in a better way
        // FIX: assert.ok(err instanceof TelegramBot.errors.FatalError);
        assert.strictEqual(err.code, 'EFATAL');
        assert.ok(err.message.indexOf('mutually exclusive') !== -1);
      });
    })",steel
/test/telegram.js,Assertion Roulette,"{'column': 8, 'line': 354}","it('returns error if using polling', function test() {
      return botPolling.openWebHook().catch((err) => {
        // TODO: check for error in a better way
        // FIX: assert.ok(err instanceof TelegramBot.errors.FatalError);
        assert.strictEqual(err.code, 'EFATAL');
        assert.ok(err.message.indexOf('mutually exclusive') !== -1);
      });
    })",steel
/test/telegram.js,Assertion Roulette,"{'column': 8, 'line': 355}","it('returns error if using polling', function test() {
      return botPolling.openWebHook().catch((err) => {
        // TODO: check for error in a better way
        // FIX: assert.ok(err instanceof TelegramBot.errors.FatalError);
        assert.strictEqual(err.code, 'EFATAL');
        assert.ok(err.message.indexOf('mutually exclusive') !== -1);
      });
    })",steel
/test/telegram.js,Assertion Roulette,"{'column': 8, 'line': 425}","it('should return WebhookInfo', function test() {
      return bot.getWebHookInfo().then(resp => {
        assert.ok(is.object(resp));
        assert.ok(is.boolean(resp.has_custom_certificate));
        assert.ok(is.number(resp.pending_update_count));
      });
    })",steel
/test/telegram.js,Assertion Roulette,"{'column': 8, 'line': 426}","it('should return WebhookInfo', function test() {
      return bot.getWebHookInfo().then(resp => {
        assert.ok(is.object(resp));
        assert.ok(is.boolean(resp.has_custom_certificate));
        assert.ok(is.number(resp.pending_update_count));
      });
    })",steel
/test/telegram.js,Assertion Roulette,"{'column': 8, 'line': 427}","it('should return WebhookInfo', function test() {
      return bot.getWebHookInfo().then(resp => {
        assert.ok(is.object(resp));
        assert.ok(is.boolean(resp.has_custom_certificate));
        assert.ok(is.number(resp.pending_update_count));
      });
    })",steel
/test/telegram.js,Assertion Roulette,"{'column': 8, 'line': 471}","it('should return an User object', function test() {
      return bot.getMe().then(resp => {
        assert.ok(is.object(resp));
        assert.ok(is.number(resp.id));
        assert.ok(is.string(resp.first_name));
      });
    })",steel
/test/telegram.js,Assertion Roulette,"{'column': 8, 'line': 472}","it('should return an User object', function test() {
      return bot.getMe().then(resp => {
        assert.ok(is.object(resp));
        assert.ok(is.number(resp.id));
        assert.ok(is.string(resp.first_name));
      });
    })",steel
/test/telegram.js,Assertion Roulette,"{'column': 8, 'line': 473}","it('should return an User object', function test() {
      return bot.getMe().then(resp => {
        assert.ok(is.object(resp));
        assert.ok(is.number(resp.id));
        assert.ok(is.string(resp.first_name));
      });
    })",steel
/test/telegram.js,Assertion Roulette,"{'column': 10, 'line': 486}","it('should get a file link', function test() {
      return bot.getFileLink(FILE_ID)
        .then(fileURI => {
          assert.ok(is.string(fileURI));
          assert.ok(utils.isTelegramFileURI(fileURI));
        });
    })",steel
/test/telegram.js,Assertion Roulette,"{'column': 10, 'line': 487}","it('should get a file link', function test() {
      return bot.getFileLink(FILE_ID)
        .then(fileURI => {
          assert.ok(is.string(fileURI));
          assert.ok(utils.isTelegramFileURI(fileURI));
        });
    })",steel
/test/telegram.js,Assertion Roulette,"{'column': 6, 'line': 499}","it('should get a file stream', function test(done) {
      const fileStream = bot.getFileStream(FILE_ID);
      assert.ok(fileStream instanceof stream.Readable);
      assert.strictEqual(fileStream.path, FILE_ID);
      fileStream.on('info', (info) => {
        assert.ok(info);
        assert.ok(utils.isTelegramFileURI(info.uri), `${info.uri} is not a file URI`);
        fileStream.pipe(concat(function readFile(buffer) {
          buffer.equals(fs.readFileSync(FILE_PATH)); // sync :(
          return done();
        }));
      });
    })",steel
/test/telegram.js,Assertion Roulette,"{'column': 6, 'line': 500}","it('should get a file stream', function test(done) {
      const fileStream = bot.getFileStream(FILE_ID);
      assert.ok(fileStream instanceof stream.Readable);
      assert.strictEqual(fileStream.path, FILE_ID);
      fileStream.on('info', (info) => {
        assert.ok(info);
        assert.ok(utils.isTelegramFileURI(info.uri), `${info.uri} is not a file URI`);
        fileStream.pipe(concat(function readFile(buffer) {
          buffer.equals(fs.readFileSync(FILE_PATH)); // sync :(
          return done();
        }));
      });
    })",steel
/test/telegram.js,Assertion Roulette,"{'column': 8, 'line': 502}","it('should get a file stream', function test(done) {
      const fileStream = bot.getFileStream(FILE_ID);
      assert.ok(fileStream instanceof stream.Readable);
      assert.strictEqual(fileStream.path, FILE_ID);
      fileStream.on('info', (info) => {
        assert.ok(info);
        assert.ok(utils.isTelegramFileURI(info.uri), `${info.uri} is not a file URI`);
        fileStream.pipe(concat(function readFile(buffer) {
          buffer.equals(fs.readFileSync(FILE_PATH)); // sync :(
          return done();
        }));
      });
    })",steel
/test/telegram.js,Assertion Roulette,"{'column': 10, 'line': 521}","it('should download a file', function test() {
      return bot.downloadFile(FILE_ID, downloadPath)
        .then(filePath => {
          assert.ok(is.string(filePath));
          assert.strictEqual(path.dirname(filePath), downloadPath);
          assert.ok(fs.existsSync(filePath));
          fs.unlinkSync(filePath); // Delete file after test
        });
    })",steel
/test/telegram.js,Assertion Roulette,"{'column': 10, 'line': 522}","it('should download a file', function test() {
      return bot.downloadFile(FILE_ID, downloadPath)
        .then(filePath => {
          assert.ok(is.string(filePath));
          assert.strictEqual(path.dirname(filePath), downloadPath);
          assert.ok(fs.existsSync(filePath));
          fs.unlinkSync(filePath); // Delete file after test
        });
    })",steel
/test/telegram.js,Assertion Roulette,"{'column': 10, 'line': 523}","it('should download a file', function test() {
      return bot.downloadFile(FILE_ID, downloadPath)
        .then(filePath => {
          assert.ok(is.string(filePath));
          assert.strictEqual(path.dirname(filePath), downloadPath);
          assert.ok(fs.existsSync(filePath));
          fs.unlinkSync(filePath); // Delete file after test
        });
    })",steel
/test/telegram.js,Assertion Roulette,"{'column': 8, 'line': 533}","it('should call `onText` callback on match', function test(done) {
      const regexp = /\/onText (.+)/;
      botWebHook.onText(regexp, (msg, match) => {
        assert.strictEqual(match[1], 'ECHO ALOHA');
        assert.ok(botWebHook.removeTextListener(regexp));
        return done();
      });
      utils.sendWebHookMessage(webHookPort2, TOKEN, {
        message: { text: '/onText ECHO ALOHA' },
      });
    })",steel
/test/telegram.js,Assertion Roulette,"{'column': 8, 'line': 534}","it('should call `onText` callback on match', function test(done) {
      const regexp = /\/onText (.+)/;
      botWebHook.onText(regexp, (msg, match) => {
        assert.strictEqual(match[1], 'ECHO ALOHA');
        assert.ok(botWebHook.removeTextListener(regexp));
        return done();
      });
      utils.sendWebHookMessage(webHookPort2, TOKEN, {
        message: { text: '/onText ECHO ALOHA' },
      });
    })",steel
/test/telegram.js,Assertion Roulette,"{'column': 8, 'line': 544}","it('should reset the global regex state with each message', function test(done) {
      const regexp = /\/onText (.+)/g;
      botWebHook.onText(regexp, () => {
        assert.strictEqual(regexp.lastIndex, 0);
        assert.ok(botWebHook.removeTextListener(regexp));
        return done();
      });
      utils.sendWebHookMessage(webHookPort2, TOKEN, {
        message: { text: '/onText ECHO ALOHA' },
      });
    })",steel
/test/telegram.js,Assertion Roulette,"{'column': 8, 'line': 545}","it('should reset the global regex state with each message', function test(done) {
      const regexp = /\/onText (.+)/g;
      botWebHook.onText(regexp, () => {
        assert.strictEqual(regexp.lastIndex, 0);
        assert.ok(botWebHook.removeTextListener(regexp));
        return done();
      });
      utils.sendWebHookMessage(webHookPort2, TOKEN, {
        message: { text: '/onText ECHO ALOHA' },
      });
    })",steel
/test/telegram.js,Assertion Roulette,"{'column': 6, 'line': 582}","it('returns the right reply-listener', function test() {
      const id = bot.onReplyToMessage(chatId, messageId, callback);
      const replyListener = bot.removeReplyListener(id);
      assert.strictEqual(id, replyListener.id);
      assert.strictEqual(chatId, replyListener.chatId);
      assert.strictEqual(messageId, replyListener.messageId);
      assert.strictEqual(callback, replyListener.callback);
    })",steel
/test/telegram.js,Assertion Roulette,"{'column': 6, 'line': 583}","it('returns the right reply-listener', function test() {
      const id = bot.onReplyToMessage(chatId, messageId, callback);
      const replyListener = bot.removeReplyListener(id);
      assert.strictEqual(id, replyListener.id);
      assert.strictEqual(chatId, replyListener.chatId);
      assert.strictEqual(messageId, replyListener.messageId);
      assert.strictEqual(callback, replyListener.callback);
    })",steel
/test/telegram.js,Assertion Roulette,"{'column': 6, 'line': 584}","it('returns the right reply-listener', function test() {
      const id = bot.onReplyToMessage(chatId, messageId, callback);
      const replyListener = bot.removeReplyListener(id);
      assert.strictEqual(id, replyListener.id);
      assert.strictEqual(chatId, replyListener.chatId);
      assert.strictEqual(messageId, replyListener.messageId);
      assert.strictEqual(callback, replyListener.callback);
    })",steel
/test/telegram.js,Assertion Roulette,"{'column': 6, 'line': 585}","it('returns the right reply-listener', function test() {
      const id = bot.onReplyToMessage(chatId, messageId, callback);
      const replyListener = bot.removeReplyListener(id);
      assert.strictEqual(id, replyListener.id);
      assert.strictEqual(chatId, replyListener.chatId);
      assert.strictEqual(messageId, replyListener.messageId);
      assert.strictEqual(callback, replyListener.callback);
    })",steel
/test/telegram.js,Assertion Roulette,"{'column': 8, 'line': 605}","it('should send a message', function test() {
      return bot.sendMessage(USERID, 'test').then(resp => {
        assert.ok(is.object(resp));
        assert.ok(is.number(resp.message_id));
      });
    })",steel
/test/telegram.js,Assertion Roulette,"{'column': 8, 'line': 606}","it('should send a message', function test() {
      return bot.sendMessage(USERID, 'test').then(resp => {
        assert.ok(is.object(resp));
        assert.ok(is.number(resp.message_id));
      });
    })",steel
/test/telegram.js,Assertion Roulette,"{'column': 12, 'line': 621}","it('should forward a message', function test() {
      return bot.sendMessage(USERID, 'test').then(resp => {
        const messageId = resp.message_id;
        return bot.forwardMessage(USERID, USERID, messageId)
          .then(forwarded => {
            assert.ok(is.object(forwarded));
            assert.ok(is.number(forwarded.message_id));
          });
      });
    })",steel
/test/telegram.js,Assertion Roulette,"{'column': 12, 'line': 622}","it('should forward a message', function test() {
      return bot.sendMessage(USERID, 'test').then(resp => {
        const messageId = resp.message_id;
        return bot.forwardMessage(USERID, USERID, messageId)
          .then(forwarded => {
            assert.ok(is.object(forwarded));
            assert.ok(is.number(forwarded.message_id));
          });
      });
    })",steel
/test/telegram.js,Assertion Roulette,"{'column': 12, 'line': 638}","it('should send copy of a message', function test() {
      return bot.sendMessage(USERID, 'test').then(resp => {
        const messageId = resp.message_id;
        return bot.copyMessage(USERID, USERID, messageId)
          .then(copy => {
            assert.ok(is.object(copy));
            assert.ok(is.number(copy.message_id));
          });
      });
    })",steel
/test/telegram.js,Assertion Roulette,"{'column': 12, 'line': 639}","it('should send copy of a message', function test() {
      return bot.sendMessage(USERID, 'test').then(resp => {
        const messageId = resp.message_id;
        return bot.copyMessage(USERID, USERID, messageId)
          .then(copy => {
            assert.ok(is.object(copy));
            assert.ok(is.number(copy.message_id));
          });
      });
    })",steel
/test/telegram.js,Assertion Roulette,"{'column': 8, 'line': 654}","it('should send a photo from file', function test() {
      const photo = `${__dirname}/data/photo.png`;
      return bot.sendPhoto(USERID, photo).then(resp => {
        assert.ok(is.object(resp));
        assert.ok(is.array(resp.photo));
        photoId = resp.photo[0].file_id;
      });
    })",steel
/test/telegram.js,Assertion Roulette,"{'column': 8, 'line': 655}","it('should send a photo from file', function test() {
      const photo = `${__dirname}/data/photo.png`;
      return bot.sendPhoto(USERID, photo).then(resp => {
        assert.ok(is.object(resp));
        assert.ok(is.array(resp.photo));
        photoId = resp.photo[0].file_id;
      });
    })",steel
/test/telegram.js,Assertion Roulette,"{'column': 8, 'line': 663}","it('should send a photo from id', function test() {
      // Send the same photo as before
      const photo = photoId;
      return bot.sendPhoto(USERID, photo).then(resp => {
        assert.ok(is.object(resp));
        assert.ok(is.array(resp.photo));
      });
    })",steel
/test/telegram.js,Assertion Roulette,"{'column': 8, 'line': 664}","it('should send a photo from id', function test() {
      // Send the same photo as before
      const photo = photoId;
      return bot.sendPhoto(USERID, photo).then(resp => {
        assert.ok(is.object(resp));
        assert.ok(is.array(resp.photo));
      });
    })",steel
/test/telegram.js,Assertion Roulette,"{'column': 8, 'line': 670}","it('should send a photo from fs.readStream', function test() {
      const photo = fs.createReadStream(`${__dirname}/data/photo.png`);
      return bot.sendPhoto(USERID, photo).then(resp => {
        assert.ok(is.object(resp));
        assert.ok(is.array(resp.photo));
      });
    })",steel
/test/telegram.js,Assertion Roulette,"{'column': 8, 'line': 671}","it('should send a photo from fs.readStream', function test() {
      const photo = fs.createReadStream(`${__dirname}/data/photo.png`);
      return bot.sendPhoto(USERID, photo).then(resp => {
        assert.ok(is.object(resp));
        assert.ok(is.array(resp.photo));
      });
    })",steel
/test/telegram.js,Assertion Roulette,"{'column': 8, 'line': 677}","it('should send a photo from request Stream', function test() {
      const photo = request(`${staticUrl}/photo.png`);
      return bot.sendPhoto(USERID, photo).then(resp => {
        assert.ok(is.object(resp));
        assert.ok(is.array(resp.photo));
      });
    })",steel
/test/telegram.js,Assertion Roulette,"{'column': 8, 'line': 678}","it('should send a photo from request Stream', function test() {
      const photo = request(`${staticUrl}/photo.png`);
      return bot.sendPhoto(USERID, photo).then(resp => {
        assert.ok(is.object(resp));
        assert.ok(is.array(resp.photo));
      });
    })",steel
/test/telegram.js,Assertion Roulette,"{'column': 8, 'line': 684}","it('should send a photo from a Buffer', function test() {
      const photo = fs.readFileSync(`${__dirname}/data/photo.png`);
      return bot.sendPhoto(USERID, photo).then(resp => {
        assert.ok(is.object(resp));
        assert.ok(is.array(resp.photo));
      });
    })",steel
/test/telegram.js,Assertion Roulette,"{'column': 8, 'line': 685}","it('should send a photo from a Buffer', function test() {
      const photo = fs.readFileSync(`${__dirname}/data/photo.png`);
      return bot.sendPhoto(USERID, photo).then(resp => {
        assert.ok(is.object(resp));
        assert.ok(is.array(resp.photo));
      });
    })",steel
/test/telegram.js,Assertion Roulette,"{'column': 8, 'line': 699}","it('should send an MP3 audio', function test() {
      const audio = `${__dirname}/data/audio.mp3`;
      return bot.sendAudio(USERID, audio).then(resp => {
        assert.ok(is.object(resp));
        assert.ok(is.object(resp.audio));
        audioId = resp.audio.file_id;
      });
    })",steel
/test/telegram.js,Assertion Roulette,"{'column': 8, 'line': 700}","it('should send an MP3 audio', function test() {
      const audio = `${__dirname}/data/audio.mp3`;
      return bot.sendAudio(USERID, audio).then(resp => {
        assert.ok(is.object(resp));
        assert.ok(is.object(resp.audio));
        audioId = resp.audio.file_id;
      });
    })",steel
/test/telegram.js,Assertion Roulette,"{'column': 8, 'line': 708}","it('should send an audio from id', function test() {
      // Send the same audio as before
      const audio = audioId;
      return bot.sendAudio(USERID, audio).then(resp => {
        assert.ok(is.object(resp));
        assert.ok(is.object(resp.audio));
      });
    })",steel
/test/telegram.js,Assertion Roulette,"{'column': 8, 'line': 709}","it('should send an audio from id', function test() {
      // Send the same audio as before
      const audio = audioId;
      return bot.sendAudio(USERID, audio).then(resp => {
        assert.ok(is.object(resp));
        assert.ok(is.object(resp.audio));
      });
    })",steel
/test/telegram.js,Assertion Roulette,"{'column': 8, 'line': 715}","it('should send an audio from fs.readStream', function test() {
      const audio = fs.createReadStream(`${__dirname}/data/audio.mp3`);
      return bot.sendAudio(USERID, audio).then(resp => {
        assert.ok(is.object(resp));
        assert.ok(is.object(resp.audio));
      });
    })",steel
/test/telegram.js,Assertion Roulette,"{'column': 8, 'line': 716}","it('should send an audio from fs.readStream', function test() {
      const audio = fs.createReadStream(`${__dirname}/data/audio.mp3`);
      return bot.sendAudio(USERID, audio).then(resp => {
        assert.ok(is.object(resp));
        assert.ok(is.object(resp.audio));
      });
    })",steel
/test/telegram.js,Assertion Roulette,"{'column': 8, 'line': 722}","it('should send an audio from request Stream', function test() {
      const audio = request(`${staticUrl}/audio.mp3`);
      return bot.sendAudio(USERID, audio).then(resp => {
        assert.ok(is.object(resp));
        assert.ok(is.object(resp.audio));
      });
    })",steel
/test/telegram.js,Assertion Roulette,"{'column': 8, 'line': 723}","it('should send an audio from request Stream', function test() {
      const audio = request(`${staticUrl}/audio.mp3`);
      return bot.sendAudio(USERID, audio).then(resp => {
        assert.ok(is.object(resp));
        assert.ok(is.object(resp.audio));
      });
    })",steel
/test/telegram.js,Assertion Roulette,"{'column': 8, 'line': 729}","it('should send an audio from a Buffer', function test() {
      const audio = fs.readFileSync(`${__dirname}/data/audio.mp3`);
      return bot.sendAudio(USERID, audio).then(resp => {
        assert.ok(is.object(resp));
        assert.ok(is.object(resp.audio));
      });
    })",steel
/test/telegram.js,Assertion Roulette,"{'column': 8, 'line': 730}","it('should send an audio from a Buffer', function test() {
      const audio = fs.readFileSync(`${__dirname}/data/audio.mp3`);
      return bot.sendAudio(USERID, audio).then(resp => {
        assert.ok(is.object(resp));
        assert.ok(is.object(resp.audio));
      });
    })",steel
/test/telegram.js,Assertion Roulette,"{'column': 8, 'line': 738}","it('should send an audio file with thumb', function test() {
      const audio = `${__dirname}/data/audio.mp3`;
      const thumbImg = `attach://${__dirname}/data/sticker_thumb.png`;

      return bot.sendAudio(USERID, audio, { thumb: thumbImg }).then(resp => {
        assert.ok(is.object(resp));
        assert.ok(is.object(resp.audio));
        assert.ok(is.object(resp.audio.thumb));
      });
    })",steel
/test/telegram.js,Assertion Roulette,"{'column': 8, 'line': 739}","it('should send an audio file with thumb', function test() {
      const audio = `${__dirname}/data/audio.mp3`;
      const thumbImg = `attach://${__dirname}/data/sticker_thumb.png`;

      return bot.sendAudio(USERID, audio, { thumb: thumbImg }).then(resp => {
        assert.ok(is.object(resp));
        assert.ok(is.object(resp.audio));
        assert.ok(is.object(resp.audio.thumb));
      });
    })",steel
/test/telegram.js,Assertion Roulette,"{'column': 8, 'line': 740}","it('should send an audio file with thumb', function test() {
      const audio = `${__dirname}/data/audio.mp3`;
      const thumbImg = `attach://${__dirname}/data/sticker_thumb.png`;

      return bot.sendAudio(USERID, audio, { thumb: thumbImg }).then(resp => {
        assert.ok(is.object(resp));
        assert.ok(is.object(resp.audio));
        assert.ok(is.object(resp.audio.thumb));
      });
    })",steel
/test/telegram.js,Assertion Roulette,"{'column': 8, 'line': 754}","it('should send a document from file', function test() {
      const document = `${__dirname}/data/photo.gif`;
      return bot.sendDocument(USERID, document).then(resp => {
        assert.ok(is.object(resp));
        assert.ok(is.object(resp.document));
        documentId = resp.document.file_id;
      });
    })",steel
/test/telegram.js,Assertion Roulette,"{'column': 8, 'line': 755}","it('should send a document from file', function test() {
      const document = `${__dirname}/data/photo.gif`;
      return bot.sendDocument(USERID, document).then(resp => {
        assert.ok(is.object(resp));
        assert.ok(is.object(resp.document));
        documentId = resp.document.file_id;
      });
    })",steel
/test/telegram.js,Assertion Roulette,"{'column': 8, 'line': 763}","it('should send a document from id', function test() {
      // Send the same document as before
      const document = documentId;
      return bot.sendDocument(USERID, document).then(resp => {
        assert.ok(is.object(resp));
        assert.ok(is.object(resp.document));
      });
    })",steel
/test/telegram.js,Assertion Roulette,"{'column': 8, 'line': 764}","it('should send a document from id', function test() {
      // Send the same document as before
      const document = documentId;
      return bot.sendDocument(USERID, document).then(resp => {
        assert.ok(is.object(resp));
        assert.ok(is.object(resp.document));
      });
    })",steel
/test/telegram.js,Assertion Roulette,"{'column': 8, 'line': 770}","it('should send a document from fs.readStream', function test() {
      const document = fs.createReadStream(`${__dirname}/data/photo.gif`);
      return bot.sendDocument(USERID, document).then(resp => {
        assert.ok(is.object(resp));
        assert.ok(is.object(resp.document));
      });
    })",steel
/test/telegram.js,Assertion Roulette,"{'column': 8, 'line': 771}","it('should send a document from fs.readStream', function test() {
      const document = fs.createReadStream(`${__dirname}/data/photo.gif`);
      return bot.sendDocument(USERID, document).then(resp => {
        assert.ok(is.object(resp));
        assert.ok(is.object(resp.document));
      });
    })",steel
/test/telegram.js,Assertion Roulette,"{'column': 8, 'line': 777}","it('should send a document from request Stream', function test() {
      const document = request(`${staticUrl}/photo.gif`);
      return bot.sendDocument(USERID, document).then(resp => {
        assert.ok(is.object(resp));
        assert.ok(is.object(resp.document));
      });
    })",steel
/test/telegram.js,Assertion Roulette,"{'column': 8, 'line': 778}","it('should send a document from request Stream', function test() {
      const document = request(`${staticUrl}/photo.gif`);
      return bot.sendDocument(USERID, document).then(resp => {
        assert.ok(is.object(resp));
        assert.ok(is.object(resp.document));
      });
    })",steel
/test/telegram.js,Assertion Roulette,"{'column': 8, 'line': 784}","it('should send a document from a Buffer', function test() {
      const document = fs.readFileSync(`${__dirname}/data/photo.gif`);
      return bot.sendDocument(USERID, document).then(resp => {
        assert.ok(is.object(resp));
        assert.ok(is.object(resp.document));
      });
    })",steel
/test/telegram.js,Assertion Roulette,"{'column': 8, 'line': 785}","it('should send a document from a Buffer', function test() {
      const document = fs.readFileSync(`${__dirname}/data/photo.gif`);
      return bot.sendDocument(USERID, document).then(resp => {
        assert.ok(is.object(resp));
        assert.ok(is.object(resp.document));
      });
    })",steel
/test/telegram.js,Assertion Roulette,"{'column': 8, 'line': 799}","it('should send a video from file', function test() {
      const video = `${__dirname}/data/video.mp4`;
      return bot.sendVideo(USERID, video).then(resp => {
        assert.ok(is.object(resp));
        assert.ok(is.object(resp.video));
        videoId = resp.video.file_id;
      });
    })",steel
/test/telegram.js,Assertion Roulette,"{'column': 8, 'line': 800}","it('should send a video from file', function test() {
      const video = `${__dirname}/data/video.mp4`;
      return bot.sendVideo(USERID, video).then(resp => {
        assert.ok(is.object(resp));
        assert.ok(is.object(resp.video));
        videoId = resp.video.file_id;
      });
    })",steel
/test/telegram.js,Assertion Roulette,"{'column': 8, 'line': 807}","it('should send a video from id', function test() {
      // Send the same video as before
      return bot.sendVideo(USERID, videoId).then(resp => {
        assert.ok(is.object(resp));
        assert.ok(is.object(resp.video));
      });
    })",steel
/test/telegram.js,Assertion Roulette,"{'column': 8, 'line': 808}","it('should send a video from id', function test() {
      // Send the same video as before
      return bot.sendVideo(USERID, videoId).then(resp => {
        assert.ok(is.object(resp));
        assert.ok(is.object(resp.video));
      });
    })",steel
/test/telegram.js,Assertion Roulette,"{'column': 8, 'line': 814}","it('should send a video from fs.readStream', function test() {
      const video = fs.createReadStream(`${__dirname}/data/video.mp4`);
      return bot.sendVideo(USERID, video).then(resp => {
        assert.ok(is.object(resp));
        assert.ok(is.object(resp.video));
      });
    })",steel
/test/telegram.js,Assertion Roulette,"{'column': 8, 'line': 815}","it('should send a video from fs.readStream', function test() {
      const video = fs.createReadStream(`${__dirname}/data/video.mp4`);
      return bot.sendVideo(USERID, video).then(resp => {
        assert.ok(is.object(resp));
        assert.ok(is.object(resp.video));
      });
    })",steel
/test/telegram.js,Assertion Roulette,"{'column': 8, 'line': 821}","it('should send a video from request Stream', function test() {
      const video = request(`${staticUrl}/video.mp4`);
      return bot.sendVideo(USERID, video).then(resp => {
        assert.ok(is.object(resp));
        assert.ok(is.object(resp.video));
      });
    })",steel
/test/telegram.js,Assertion Roulette,"{'column': 8, 'line': 822}","it('should send a video from request Stream', function test() {
      const video = request(`${staticUrl}/video.mp4`);
      return bot.sendVideo(USERID, video).then(resp => {
        assert.ok(is.object(resp));
        assert.ok(is.object(resp.video));
      });
    })",steel
/test/telegram.js,Assertion Roulette,"{'column': 8, 'line': 828}","it('should send a video from a Buffer', function test() {
      const video = fs.readFileSync(`${__dirname}/data/video.mp4`);
      return bot.sendVideo(USERID, video).then(resp => {
        assert.ok(is.object(resp));
        assert.ok(is.object(resp.video));
      });
    })",steel
/test/telegram.js,Assertion Roulette,"{'column': 8, 'line': 829}","it('should send a video from a Buffer', function test() {
      const video = fs.readFileSync(`${__dirname}/data/video.mp4`);
      return bot.sendVideo(USERID, video).then(resp => {
        assert.ok(is.object(resp));
        assert.ok(is.object(resp.video));
      });
    })",steel
/test/telegram.js,Assertion Roulette,"{'column': 8, 'line': 840}","it('should send a gif as an animation', function test() {
      return bot.sendAnimation(USERID, `${__dirname}/data/photo.gif`).then(resp => {
        assert.ok(is.object(resp));
        assert.ok(is.object(resp.document));
      });
    })",steel
/test/telegram.js,Assertion Roulette,"{'column': 8, 'line': 841}","it('should send a gif as an animation', function test() {
      return bot.sendAnimation(USERID, `${__dirname}/data/photo.gif`).then(resp => {
        assert.ok(is.object(resp));
        assert.ok(is.object(resp.document));
      });
    })",steel
/test/telegram.js,Assertion Roulette,"{'column': 8, 'line': 855}","it('should send a voice from file', function test() {
      const voice = `${__dirname}/data/voice.ogg`;
      return bot.sendVoice(USERID, voice).then(resp => {
        assert.ok(is.object(resp));
        assert.ok(is.object(resp.voice));
        voiceId = resp.voice.file_id;
      });
    })",steel
/test/telegram.js,Assertion Roulette,"{'column': 8, 'line': 856}","it('should send a voice from file', function test() {
      const voice = `${__dirname}/data/voice.ogg`;
      return bot.sendVoice(USERID, voice).then(resp => {
        assert.ok(is.object(resp));
        assert.ok(is.object(resp.voice));
        voiceId = resp.voice.file_id;
      });
    })",steel
/test/telegram.js,Assertion Roulette,"{'column': 8, 'line': 863}","it('should send a voice from id', function test() {
      // Send the same voice as before
      return bot.sendVoice(USERID, voiceId).then(resp => {
        assert.ok(is.object(resp));
        assert.ok(is.object(resp.voice));
      });
    })",steel
/test/telegram.js,Assertion Roulette,"{'column': 8, 'line': 864}","it('should send a voice from id', function test() {
      // Send the same voice as before
      return bot.sendVoice(USERID, voiceId).then(resp => {
        assert.ok(is.object(resp));
        assert.ok(is.object(resp.voice));
      });
    })",steel
/test/telegram.js,Assertion Roulette,"{'column': 8, 'line': 870}","it('should send a voice from fs.readStream', function test() {
      const voice = fs.createReadStream(`${__dirname}/data/voice.ogg`);
      return bot.sendVoice(USERID, voice).then(resp => {
        assert.ok(is.object(resp));
        assert.ok(is.object(resp.voice));
      });
    })",steel
/test/telegram.js,Assertion Roulette,"{'column': 8, 'line': 871}","it('should send a voice from fs.readStream', function test() {
      const voice = fs.createReadStream(`${__dirname}/data/voice.ogg`);
      return bot.sendVoice(USERID, voice).then(resp => {
        assert.ok(is.object(resp));
        assert.ok(is.object(resp.voice));
      });
    })",steel
/test/telegram.js,Assertion Roulette,"{'column': 8, 'line': 877}","it('should send a voice from request Stream', function test() {
      const voice = request(`${staticUrl}/voice.ogg`);
      return bot.sendVoice(USERID, voice).then(resp => {
        assert.ok(is.object(resp));
        assert.ok(is.object(resp.voice));
      });
    })",steel
/test/telegram.js,Assertion Roulette,"{'column': 8, 'line': 878}","it('should send a voice from request Stream', function test() {
      const voice = request(`${staticUrl}/voice.ogg`);
      return bot.sendVoice(USERID, voice).then(resp => {
        assert.ok(is.object(resp));
        assert.ok(is.object(resp.voice));
      });
    })",steel
/test/telegram.js,Assertion Roulette,"{'column': 8, 'line': 884}","it('should send a voice from a Buffer', function test() {
      const voice = fs.readFileSync(`${__dirname}/data/voice.ogg`);
      return bot.sendVoice(USERID, voice).then(resp => {
        assert.ok(is.object(resp));
        assert.ok(is.object(resp.voice));
      });
    })",steel
/test/telegram.js,Assertion Roulette,"{'column': 8, 'line': 885}","it('should send a voice from a Buffer', function test() {
      const voice = fs.readFileSync(`${__dirname}/data/voice.ogg`);
      return bot.sendVoice(USERID, voice).then(resp => {
        assert.ok(is.object(resp));
        assert.ok(is.object(resp.voice));
      });
    })",steel
/test/telegram.js,Assertion Roulette,"{'column': 8, 'line': 900}","it('should send a video from file', function test() {
      const video = `${__dirname}/data/video.mp4`;
      return bot.sendVideoNote(USERID, video, { length: 5 }).then(resp => {
        assert.ok(is.object(resp));
        assert.ok(is.object(resp.video));
        videoNoteId = resp.video.file_id;
      });
    })",steel
/test/telegram.js,Assertion Roulette,"{'column': 8, 'line': 901}","it('should send a video from file', function test() {
      const video = `${__dirname}/data/video.mp4`;
      return bot.sendVideoNote(USERID, video, { length: 5 }).then(resp => {
        assert.ok(is.object(resp));
        assert.ok(is.object(resp.video));
        videoNoteId = resp.video.file_id;
      });
    })",steel
/test/telegram.js,Assertion Roulette,"{'column': 6, 'line': 907}","it('should send a video from id', function test() {
      // Send the same videonote as before
      assert.ok(videoNoteId);
      return bot.sendVideoNote(USERID, videoNoteId, { length: 5 }).then(resp => {
        assert.ok(is.object(resp));
        assert.ok(is.object(resp.video));
      });
    })",steel
/test/telegram.js,Assertion Roulette,"{'column': 8, 'line': 909}","it('should send a video from id', function test() {
      // Send the same videonote as before
      assert.ok(videoNoteId);
      return bot.sendVideoNote(USERID, videoNoteId, { length: 5 }).then(resp => {
        assert.ok(is.object(resp));
        assert.ok(is.object(resp.video));
      });
    })",steel
/test/telegram.js,Assertion Roulette,"{'column': 8, 'line': 910}","it('should send a video from id', function test() {
      // Send the same videonote as before
      assert.ok(videoNoteId);
      return bot.sendVideoNote(USERID, videoNoteId, { length: 5 }).then(resp => {
        assert.ok(is.object(resp));
        assert.ok(is.object(resp.video));
      });
    })",steel
/test/telegram.js,Assertion Roulette,"{'column': 8, 'line': 916}","it('should send a video from fs.readStream', function test() {
      const video = fs.createReadStream(`${__dirname}/data/video.mp4`);
      return bot.sendVideoNote(USERID, video, { length: 5 }).then(resp => {
        assert.ok(is.object(resp));
        assert.ok(is.object(resp.video));
      });
    })",steel
/test/telegram.js,Assertion Roulette,"{'column': 8, 'line': 917}","it('should send a video from fs.readStream', function test() {
      const video = fs.createReadStream(`${__dirname}/data/video.mp4`);
      return bot.sendVideoNote(USERID, video, { length: 5 }).then(resp => {
        assert.ok(is.object(resp));
        assert.ok(is.object(resp.video));
      });
    })",steel
/test/telegram.js,Assertion Roulette,"{'column': 8, 'line': 923}","it('should send a video from a Buffer', function test() {
      const video = fs.readFileSync(`${__dirname}/data/video.mp4`);
      return bot.sendVideoNote(USERID, video, { length: 5 }).then(resp => {
        assert.ok(is.object(resp));
        assert.ok(is.object(resp.video));
      });
    })",steel
/test/telegram.js,Assertion Roulette,"{'column': 8, 'line': 924}","it('should send a video from a Buffer', function test() {
      const video = fs.readFileSync(`${__dirname}/data/video.mp4`);
      return bot.sendVideoNote(USERID, video, { length: 5 }).then(resp => {
        assert.ok(is.object(resp));
        assert.ok(is.object(resp.video));
      });
    })",steel
/test/telegram.js,Assertion Roulette,"{'column': 8, 'line': 950}","it('should send group of photos/videos as album', function test() {
      return bot.sendMediaGroup(USERID, [
        {
          type: 'photo',
          media: `${__dirname}/data/photo.png`,
        },
        {
          type: 'video',
          media: `${__dirname}/data/video.mp4`,
        },
        {
          type: 'photo',
          media: FILE_ID,
        },
      ], {
        disable_notification: true,
      }).then(resp => {
        assert.ok(is.array(resp));
        assert.strictEqual(resp.length, 3);
      });
    })",steel
/test/telegram.js,Assertion Roulette,"{'column': 8, 'line': 951}","it('should send group of photos/videos as album', function test() {
      return bot.sendMediaGroup(USERID, [
        {
          type: 'photo',
          media: `${__dirname}/data/photo.png`,
        },
        {
          type: 'video',
          media: `${__dirname}/data/video.mp4`,
        },
        {
          type: 'photo',
          media: FILE_ID,
        },
      ], {
        disable_notification: true,
      }).then(resp => {
        assert.ok(is.array(resp));
        assert.strictEqual(resp.length, 3);
      });
    })",steel
/test/telegram.js,Assertion Roulette,"{'column': 8, 'line': 962}","it('should send a location', function test() {
      return bot.sendLocation(USERID, lat, long).then(resp => {
        assert.ok(is.object(resp));
        assert.ok(is.object(resp.location));
        assert.ok(is.number(resp.location.latitude));
        assert.ok(is.number(resp.location.longitude));
      });
    })",steel
/test/telegram.js,Assertion Roulette,"{'column': 8, 'line': 963}","it('should send a location', function test() {
      return bot.sendLocation(USERID, lat, long).then(resp => {
        assert.ok(is.object(resp));
        assert.ok(is.object(resp.location));
        assert.ok(is.number(resp.location.latitude));
        assert.ok(is.number(resp.location.longitude));
      });
    })",steel
/test/telegram.js,Assertion Roulette,"{'column': 8, 'line': 964}","it('should send a location', function test() {
      return bot.sendLocation(USERID, lat, long).then(resp => {
        assert.ok(is.object(resp));
        assert.ok(is.object(resp.location));
        assert.ok(is.number(resp.location.latitude));
        assert.ok(is.number(resp.location.longitude));
      });
    })",steel
/test/telegram.js,Assertion Roulette,"{'column': 8, 'line': 965}","it('should send a location', function test() {
      return bot.sendLocation(USERID, lat, long).then(resp => {
        assert.ok(is.object(resp));
        assert.ok(is.object(resp.location));
        assert.ok(is.number(resp.location.latitude));
        assert.ok(is.number(resp.location.longitude));
      });
    })",steel
/test/telegram.js,Assertion Roulette,"{'column': 8, 'line': 980}","it('edits live location', function test() {
      const opts = { chat_id: USERID, message_id: message.message_id };
      return bot.editMessageLiveLocation(lat + 1, long + 1, opts).then(resp => {
        assert.ok(is.object(resp));
        assert.ok(is.object(resp.location));
        assert.ok(is.number(resp.location.latitude));
        assert.ok(is.number(resp.location.longitude));
      });
    })",steel
/test/telegram.js,Assertion Roulette,"{'column': 8, 'line': 981}","it('edits live location', function test() {
      const opts = { chat_id: USERID, message_id: message.message_id };
      return bot.editMessageLiveLocation(lat + 1, long + 1, opts).then(resp => {
        assert.ok(is.object(resp));
        assert.ok(is.object(resp.location));
        assert.ok(is.number(resp.location.latitude));
        assert.ok(is.number(resp.location.longitude));
      });
    })",steel
/test/telegram.js,Assertion Roulette,"{'column': 8, 'line': 982}","it('edits live location', function test() {
      const opts = { chat_id: USERID, message_id: message.message_id };
      return bot.editMessageLiveLocation(lat + 1, long + 1, opts).then(resp => {
        assert.ok(is.object(resp));
        assert.ok(is.object(resp.location));
        assert.ok(is.number(resp.location.latitude));
        assert.ok(is.number(resp.location.longitude));
      });
    })",steel
/test/telegram.js,Assertion Roulette,"{'column': 8, 'line': 983}","it('edits live location', function test() {
      const opts = { chat_id: USERID, message_id: message.message_id };
      return bot.editMessageLiveLocation(lat + 1, long + 1, opts).then(resp => {
        assert.ok(is.object(resp));
        assert.ok(is.object(resp.location));
        assert.ok(is.number(resp.location.latitude));
        assert.ok(is.number(resp.location.longitude));
      });
    })",steel
/test/telegram.js,Assertion Roulette,"{'column': 8, 'line': 1000}","it('stops location updates', function test() {
      const opts = { chat_id: USERID, message_id: message.message_id };
      return bot.stopMessageLiveLocation(opts).then(resp => {
        assert.ok(is.object(resp));
        assert.ok(is.object(resp.location));
        assert.ok(is.number(resp.location.latitude));
        assert.ok(is.number(resp.location.longitude));
      });
    })",steel
/test/telegram.js,Assertion Roulette,"{'column': 8, 'line': 1001}","it('stops location updates', function test() {
      const opts = { chat_id: USERID, message_id: message.message_id };
      return bot.stopMessageLiveLocation(opts).then(resp => {
        assert.ok(is.object(resp));
        assert.ok(is.object(resp.location));
        assert.ok(is.number(resp.location.latitude));
        assert.ok(is.number(resp.location.longitude));
      });
    })",steel
/test/telegram.js,Assertion Roulette,"{'column': 8, 'line': 1002}","it('stops location updates', function test() {
      const opts = { chat_id: USERID, message_id: message.message_id };
      return bot.stopMessageLiveLocation(opts).then(resp => {
        assert.ok(is.object(resp));
        assert.ok(is.object(resp.location));
        assert.ok(is.number(resp.location.latitude));
        assert.ok(is.number(resp.location.longitude));
      });
    })",steel
/test/telegram.js,Assertion Roulette,"{'column': 8, 'line': 1003}","it('stops location updates', function test() {
      const opts = { chat_id: USERID, message_id: message.message_id };
      return bot.stopMessageLiveLocation(opts).then(resp => {
        assert.ok(is.object(resp));
        assert.ok(is.object(resp.location));
        assert.ok(is.number(resp.location.latitude));
        assert.ok(is.number(resp.location.longitude));
      });
    })",steel
/test/telegram.js,Assertion Roulette,"{'column': 8, 'line': 1017}","it('should send a venue', function test() {
      const title = 'The Village Shopping Centre';
      const address = '430 Topsail Rd,St. John\'s, NL A1E 4N1, Canada';
      return bot.sendVenue(USERID, lat, long, title, address).then(resp => {
        assert.ok(is.object(resp));
        assert.ok(is.object(resp.venue));
        assert.ok(is.object(resp.venue.location));
        assert.ok(is.number(resp.venue.location.latitude));
        assert.ok(is.number(resp.venue.location.longitude));
        assert.ok(is.string(resp.venue.title));
        assert.ok(is.string(resp.venue.address));
      });
    })",steel
/test/telegram.js,Assertion Roulette,"{'column': 8, 'line': 1018}","it('should send a venue', function test() {
      const title = 'The Village Shopping Centre';
      const address = '430 Topsail Rd,St. John\'s, NL A1E 4N1, Canada';
      return bot.sendVenue(USERID, lat, long, title, address).then(resp => {
        assert.ok(is.object(resp));
        assert.ok(is.object(resp.venue));
        assert.ok(is.object(resp.venue.location));
        assert.ok(is.number(resp.venue.location.latitude));
        assert.ok(is.number(resp.venue.location.longitude));
        assert.ok(is.string(resp.venue.title));
        assert.ok(is.string(resp.venue.address));
      });
    })",steel
/test/telegram.js,Assertion Roulette,"{'column': 8, 'line': 1019}","it('should send a venue', function test() {
      const title = 'The Village Shopping Centre';
      const address = '430 Topsail Rd,St. John\'s, NL A1E 4N1, Canada';
      return bot.sendVenue(USERID, lat, long, title, address).then(resp => {
        assert.ok(is.object(resp));
        assert.ok(is.object(resp.venue));
        assert.ok(is.object(resp.venue.location));
        assert.ok(is.number(resp.venue.location.latitude));
        assert.ok(is.number(resp.venue.location.longitude));
        assert.ok(is.string(resp.venue.title));
        assert.ok(is.string(resp.venue.address));
      });
    })",steel
/test/telegram.js,Assertion Roulette,"{'column': 8, 'line': 1020}","it('should send a venue', function test() {
      const title = 'The Village Shopping Centre';
      const address = '430 Topsail Rd,St. John\'s, NL A1E 4N1, Canada';
      return bot.sendVenue(USERID, lat, long, title, address).then(resp => {
        assert.ok(is.object(resp));
        assert.ok(is.object(resp.venue));
        assert.ok(is.object(resp.venue.location));
        assert.ok(is.number(resp.venue.location.latitude));
        assert.ok(is.number(resp.venue.location.longitude));
        assert.ok(is.string(resp.venue.title));
        assert.ok(is.string(resp.venue.address));
      });
    })",steel
/test/telegram.js,Assertion Roulette,"{'column': 8, 'line': 1021}","it('should send a venue', function test() {
      const title = 'The Village Shopping Centre';
      const address = '430 Topsail Rd,St. John\'s, NL A1E 4N1, Canada';
      return bot.sendVenue(USERID, lat, long, title, address).then(resp => {
        assert.ok(is.object(resp));
        assert.ok(is.object(resp.venue));
        assert.ok(is.object(resp.venue.location));
        assert.ok(is.number(resp.venue.location.latitude));
        assert.ok(is.number(resp.venue.location.longitude));
        assert.ok(is.string(resp.venue.title));
        assert.ok(is.string(resp.venue.address));
      });
    })",steel
/test/telegram.js,Assertion Roulette,"{'column': 8, 'line': 1022}","it('should send a venue', function test() {
      const title = 'The Village Shopping Centre';
      const address = '430 Topsail Rd,St. John\'s, NL A1E 4N1, Canada';
      return bot.sendVenue(USERID, lat, long, title, address).then(resp => {
        assert.ok(is.object(resp));
        assert.ok(is.object(resp.venue));
        assert.ok(is.object(resp.venue.location));
        assert.ok(is.number(resp.venue.location.latitude));
        assert.ok(is.number(resp.venue.location.longitude));
        assert.ok(is.string(resp.venue.title));
        assert.ok(is.string(resp.venue.address));
      });
    })",steel
/test/telegram.js,Assertion Roulette,"{'column': 8, 'line': 1023}","it('should send a venue', function test() {
      const title = 'The Village Shopping Centre';
      const address = '430 Topsail Rd,St. John\'s, NL A1E 4N1, Canada';
      return bot.sendVenue(USERID, lat, long, title, address).then(resp => {
        assert.ok(is.object(resp));
        assert.ok(is.object(resp.venue));
        assert.ok(is.object(resp.venue.location));
        assert.ok(is.number(resp.venue.location.latitude));
        assert.ok(is.number(resp.venue.location.longitude));
        assert.ok(is.string(resp.venue.title));
        assert.ok(is.string(resp.venue.address));
      });
    })",steel
/test/telegram.js,Assertion Roulette,"{'column': 8, 'line': 1043}","it('should send a contact', function test() {
      const phoneNumber = '+1(000)000-000';
      const firstName = 'John Doe';
      return bot.sendContact(USERID, phoneNumber, firstName).then(resp => {
        assert.ok(is.object(resp));
        assert.ok(is.object(resp.contact));
        assert.ok(is.string(resp.contact.phone_number));
        assert.ok(is.string(resp.contact.first_name));
      });
    })",steel
/test/telegram.js,Assertion Roulette,"{'column': 8, 'line': 1044}","it('should send a contact', function test() {
      const phoneNumber = '+1(000)000-000';
      const firstName = 'John Doe';
      return bot.sendContact(USERID, phoneNumber, firstName).then(resp => {
        assert.ok(is.object(resp));
        assert.ok(is.object(resp.contact));
        assert.ok(is.string(resp.contact.phone_number));
        assert.ok(is.string(resp.contact.first_name));
      });
    })",steel
/test/telegram.js,Assertion Roulette,"{'column': 8, 'line': 1045}","it('should send a contact', function test() {
      const phoneNumber = '+1(000)000-000';
      const firstName = 'John Doe';
      return bot.sendContact(USERID, phoneNumber, firstName).then(resp => {
        assert.ok(is.object(resp));
        assert.ok(is.object(resp.contact));
        assert.ok(is.string(resp.contact.phone_number));
        assert.ok(is.string(resp.contact.first_name));
      });
    })",steel
/test/telegram.js,Assertion Roulette,"{'column': 8, 'line': 1046}","it('should send a contact', function test() {
      const phoneNumber = '+1(000)000-000';
      const firstName = 'John Doe';
      return bot.sendContact(USERID, phoneNumber, firstName).then(resp => {
        assert.ok(is.object(resp));
        assert.ok(is.object(resp.contact));
        assert.ok(is.string(resp.contact.phone_number));
        assert.ok(is.string(resp.contact.first_name));
      });
    })",steel
/test/telegram.js,Assertion Roulette,"{'column': 8, 'line': 1110}","it('should get user profile photos', function test() {
      return bot.getUserProfilePhotos(USERID, opts).then(resp => {
        assert.ok(is.object(resp));
        assert.ok(is.number(resp.total_count));
        assert.ok(is.array(resp.photos));
      });
    })",steel
/test/telegram.js,Assertion Roulette,"{'column': 8, 'line': 1111}","it('should get user profile photos', function test() {
      return bot.getUserProfilePhotos(USERID, opts).then(resp => {
        assert.ok(is.object(resp));
        assert.ok(is.number(resp.total_count));
        assert.ok(is.array(resp.photos));
      });
    })",steel
/test/telegram.js,Assertion Roulette,"{'column': 8, 'line': 1112}","it('should get user profile photos', function test() {
      return bot.getUserProfilePhotos(USERID, opts).then(resp => {
        assert.ok(is.object(resp));
        assert.ok(is.number(resp.total_count));
        assert.ok(is.array(resp.photos));
      });
    })",steel
/test/telegram.js,Assertion Roulette,"{'column': 8, 'line': 1117}","it('(v0.25.0 and lower) should get user profile photos', function test() {
      return bot.getUserProfilePhotos(USERID, opts.offset, opts.limit).then(resp => {
        assert.ok(is.object(resp));
        assert.ok(is.number(resp.total_count));
        assert.ok(is.array(resp.photos));
      });
    })",steel
/test/telegram.js,Assertion Roulette,"{'column': 8, 'line': 1118}","it('(v0.25.0 and lower) should get user profile photos', function test() {
      return bot.getUserProfilePhotos(USERID, opts.offset, opts.limit).then(resp => {
        assert.ok(is.object(resp));
        assert.ok(is.number(resp.total_count));
        assert.ok(is.array(resp.photos));
      });
    })",steel
/test/telegram.js,Assertion Roulette,"{'column': 8, 'line': 1119}","it('(v0.25.0 and lower) should get user profile photos', function test() {
      return bot.getUserProfilePhotos(USERID, opts.offset, opts.limit).then(resp => {
        assert.ok(is.object(resp));
        assert.ok(is.number(resp.total_count));
        assert.ok(is.array(resp.photos));
      });
    })",steel
/test/telegram.js,Assertion Roulette,"{'column': 10, 'line': 1132}","it('should get a file', function test() {
      return bot.getFile(FILE_ID)
        .then(resp => {
          assert.ok(is.object(resp));
          assert.ok(is.string(resp.file_path));
        });
    })",steel
/test/telegram.js,Assertion Roulette,"{'column': 10, 'line': 1133}","it('should get a file', function test() {
      return bot.getFile(FILE_ID)
        .then(resp => {
          assert.ok(is.object(resp));
          assert.ok(is.string(resp.file_path));
        });
    })",steel
/test/telegram.js,Assertion Roulette,"{'column': 8, 'line': 1363}","it('should return a ChatMember', function test() {
      return bot.getChatMember(GROUPID, USERID).then(resp => {
        assert.ok(is.object(resp));
        assert.ok(is.object(resp.user));
        assert.ok(is.string(resp.status));
      });
    })",steel
/test/telegram.js,Assertion Roulette,"{'column': 8, 'line': 1364}","it('should return a ChatMember', function test() {
      return bot.getChatMember(GROUPID, USERID).then(resp => {
        assert.ok(is.object(resp));
        assert.ok(is.object(resp.user));
        assert.ok(is.string(resp.status));
      });
    })",steel
/test/telegram.js,Assertion Roulette,"{'column': 8, 'line': 1365}","it('should return a ChatMember', function test() {
      return bot.getChatMember(GROUPID, USERID).then(resp => {
        assert.ok(is.object(resp));
        assert.ok(is.object(resp.user));
        assert.ok(is.string(resp.status));
      });
    })",steel
/test/telegram.js,Assertion Roulette,"{'column': 8, 'line': 1574}","it('should edit a message sent by the bot', function test() {
      return bot.sendMessage(USERID, 'test').then(resp => {
        assert.strictEqual(resp.text, 'test');
        const opts = {
          chat_id: USERID,
          message_id: resp.message_id
        };
        return bot.editMessageText('edit test', opts).then(msg => {
          assert.strictEqual(msg.text, 'edit test');
        });
      });
    })",steel
/test/telegram.js,Assertion Roulette,"{'column': 10, 'line': 1580}","it('should edit a message sent by the bot', function test() {
      return bot.sendMessage(USERID, 'test').then(resp => {
        assert.strictEqual(resp.text, 'test');
        const opts = {
          chat_id: USERID,
          message_id: resp.message_id
        };
        return bot.editMessageText('edit test', opts).then(msg => {
          assert.strictEqual(msg.text, 'edit test');
        });
      });
    })",steel
/test/telegram.js,Assertion Roulette,"{'column': 8, 'line': 1596}","it('should edit a caption sent by the bot', function test() {
      const photo = `${__dirname}/data/photo.png`;
      const options = { caption: 'test caption' };
      return bot.sendPhoto(USERID, photo, options).then(resp => {
        assert.strictEqual(resp.caption, 'test caption');
        const opts = {
          chat_id: USERID,
          message_id: resp.message_id
        };
        return bot.editMessageCaption('new test caption', opts).then(msg => {
          assert.strictEqual(msg.caption, 'new test caption');
        });
      });
    })",steel
/test/telegram.js,Assertion Roulette,"{'column': 10, 'line': 1602}","it('should edit a caption sent by the bot', function test() {
      const photo = `${__dirname}/data/photo.png`;
      const options = { caption: 'test caption' };
      return bot.sendPhoto(USERID, photo, options).then(resp => {
        assert.strictEqual(resp.caption, 'test caption');
        const opts = {
          chat_id: USERID,
          message_id: resp.message_id
        };
        return bot.editMessageCaption('new test caption', opts).then(msg => {
          assert.strictEqual(msg.caption, 'new test caption');
        });
      });
    })",steel
/test/telegram.js,Assertion Roulette,"{'column': 8, 'line': 1623}","it('should edit a media message', function nextTest() {
      return bot.editMessageMedia({ type: 'photo', media: photoId, caption: 'edited' }, { chat_id: USERID, message_id: messageID }).then(editedResp => {
        assert.ok(is.object(editedResp));
        assert.ok(is.string(editedResp.caption));
      });
    })",steel
/test/telegram.js,Assertion Roulette,"{'column': 8, 'line': 1624}","it('should edit a media message', function nextTest() {
      return bot.editMessageMedia({ type: 'photo', media: photoId, caption: 'edited' }, { chat_id: USERID, message_id: messageID }).then(editedResp => {
        assert.ok(is.object(editedResp));
        assert.ok(is.string(editedResp.caption));
      });
    })",steel
/test/telegram.js,Assertion Roulette,"{'column': 8, 'line': 1695}","it('should send a sticker from file', function test() {
      const sticker = `${__dirname}/data/sticker.webp`;
      return bot.sendSticker(USERID, sticker).then(resp => {
        assert.ok(is.object(resp));
        assert.ok(is.object(resp.sticker));
        stickerId = resp.sticker.file_id;
      });
    })",steel
/test/telegram.js,Assertion Roulette,"{'column': 8, 'line': 1696}","it('should send a sticker from file', function test() {
      const sticker = `${__dirname}/data/sticker.webp`;
      return bot.sendSticker(USERID, sticker).then(resp => {
        assert.ok(is.object(resp));
        assert.ok(is.object(resp.sticker));
        stickerId = resp.sticker.file_id;
      });
    })",steel
/test/telegram.js,Assertion Roulette,"{'column': 8, 'line': 1703}","it('should send a sticker from id', function test() {
      // Send the same photo as before
      return bot.sendSticker(USERID, stickerId).then(resp => {
        assert.ok(is.object(resp));
        assert.ok(is.object(resp.sticker));
      });
    })",steel
/test/telegram.js,Assertion Roulette,"{'column': 8, 'line': 1704}","it('should send a sticker from id', function test() {
      // Send the same photo as before
      return bot.sendSticker(USERID, stickerId).then(resp => {
        assert.ok(is.object(resp));
        assert.ok(is.object(resp.sticker));
      });
    })",steel
/test/telegram.js,Assertion Roulette,"{'column': 8, 'line': 1710}","it('should send a sticker from fs.readStream', function test() {
      const sticker = fs.createReadStream(`${__dirname}/data/sticker.webp`);
      return bot.sendSticker(USERID, sticker).then(resp => {
        assert.ok(is.object(resp));
        assert.ok(is.object(resp.sticker));
      });
    })",steel
/test/telegram.js,Assertion Roulette,"{'column': 8, 'line': 1711}","it('should send a sticker from fs.readStream', function test() {
      const sticker = fs.createReadStream(`${__dirname}/data/sticker.webp`);
      return bot.sendSticker(USERID, sticker).then(resp => {
        assert.ok(is.object(resp));
        assert.ok(is.object(resp.sticker));
      });
    })",steel
/test/telegram.js,Assertion Roulette,"{'column': 8, 'line': 1717}","it('should send a sticker from request Stream', function test() {
      const sticker = request(`${staticUrl}/sticker.webp`);
      return bot.sendSticker(USERID, sticker).then(resp => {
        assert.ok(is.object(resp));
        assert.ok(is.object(resp.sticker));
      });
    })",steel
/test/telegram.js,Assertion Roulette,"{'column': 8, 'line': 1718}","it('should send a sticker from request Stream', function test() {
      const sticker = request(`${staticUrl}/sticker.webp`);
      return bot.sendSticker(USERID, sticker).then(resp => {
        assert.ok(is.object(resp));
        assert.ok(is.object(resp.sticker));
      });
    })",steel
/test/telegram.js,Assertion Roulette,"{'column': 8, 'line': 1724}","it('should send a sticker from a Buffer', function test() {
      const sticker = fs.readFileSync(`${__dirname}/data/sticker.webp`);
      return bot.sendSticker(USERID, sticker).then(resp => {
        assert.ok(is.object(resp));
        assert.ok(is.object(resp.sticker));
      });
    })",steel
/test/telegram.js,Assertion Roulette,"{'column': 8, 'line': 1725}","it('should send a sticker from a Buffer', function test() {
      const sticker = fs.readFileSync(`${__dirname}/data/sticker.webp`);
      return bot.sendSticker(USERID, sticker).then(resp => {
        assert.ok(is.object(resp));
        assert.ok(is.object(resp.sticker));
      });
    })",steel
/test/telegram.js,Assertion Roulette,"{'column': 8, 'line': 1738}","it('should upload a sticker from file', function test() {
      const sticker = `${__dirname}/data/sticker.png`;

      bot.uploadStickerFile(USERID, sticker).then(resp => {
        assert.ok(is.object(resp));
        assert.ok(is.string(resp.file_id));
      });
    })",steel
/test/telegram.js,Assertion Roulette,"{'column': 8, 'line': 1739}","it('should upload a sticker from file', function test() {
      const sticker = `${__dirname}/data/sticker.png`;

      bot.uploadStickerFile(USERID, sticker).then(resp => {
        assert.ok(is.object(resp));
        assert.ok(is.string(resp.file_id));
      });
    })",steel
/test/telegram.js,Assertion Roulette,"{'column': 8, 'line': 1767}","it('should get the sticker set given the name of the set', function test() {
      return bot.getStickerSet(STICKER_SET_NAME).then(resp => {
        assert.ok(is.object(resp));
        assert.strictEqual(resp.name.toLowerCase(), STICKER_SET_NAME);
        assert.ok(is.string(resp.title));
        assert.ok(is.string(resp.sticker_type));
        assert.ok(is.array(resp.stickers));
      });
    })",steel
/test/telegram.js,Assertion Roulette,"{'column': 8, 'line': 1768}","it('should get the sticker set given the name of the set', function test() {
      return bot.getStickerSet(STICKER_SET_NAME).then(resp => {
        assert.ok(is.object(resp));
        assert.strictEqual(resp.name.toLowerCase(), STICKER_SET_NAME);
        assert.ok(is.string(resp.title));
        assert.ok(is.string(resp.sticker_type));
        assert.ok(is.array(resp.stickers));
      });
    })",steel
/test/telegram.js,Assertion Roulette,"{'column': 8, 'line': 1769}","it('should get the sticker set given the name of the set', function test() {
      return bot.getStickerSet(STICKER_SET_NAME).then(resp => {
        assert.ok(is.object(resp));
        assert.strictEqual(resp.name.toLowerCase(), STICKER_SET_NAME);
        assert.ok(is.string(resp.title));
        assert.ok(is.string(resp.sticker_type));
        assert.ok(is.array(resp.stickers));
      });
    })",steel
/test/telegram.js,Assertion Roulette,"{'column': 8, 'line': 1770}","it('should get the sticker set given the name of the set', function test() {
      return bot.getStickerSet(STICKER_SET_NAME).then(resp => {
        assert.ok(is.object(resp));
        assert.strictEqual(resp.name.toLowerCase(), STICKER_SET_NAME);
        assert.ok(is.string(resp.title));
        assert.ok(is.string(resp.sticker_type));
        assert.ok(is.array(resp.stickers));
      });
    })",steel
/test/telegram.js,Assertion Roulette,"{'column': 8, 'line': 1771}","it('should get the sticker set given the name of the set', function test() {
      return bot.getStickerSet(STICKER_SET_NAME).then(resp => {
        assert.ok(is.object(resp));
        assert.strictEqual(resp.name.toLowerCase(), STICKER_SET_NAME);
        assert.ok(is.string(resp.title));
        assert.ok(is.string(resp.sticker_type));
        assert.ok(is.array(resp.stickers));
      });
    })",steel
/test/telegram.js,Assertion Roulette,"{'column': 8, 'line': 1779}","it('should get the recent sticker set created given the name of the set', function test() {
      const stickerPackName = `s${CURRENT_TIMESTAMP}_by_${BOT_USERNAME}`;
      return bot.getStickerSet(stickerPackName).then(resp => {
        STICKER_FILE_ID_FROM_SET = resp.stickers[0].file_id;
        assert.ok(is.object(resp));
        assert.strictEqual(resp.name.toLowerCase(), stickerPackName.toLowerCase());
        assert.ok(is.string(resp.title));
        assert.ok(is.string(resp.sticker_type));
        assert.ok(is.array(resp.stickers));
      });
    })",steel
/test/telegram.js,Assertion Roulette,"{'column': 8, 'line': 1780}","it('should get the recent sticker set created given the name of the set', function test() {
      const stickerPackName = `s${CURRENT_TIMESTAMP}_by_${BOT_USERNAME}`;
      return bot.getStickerSet(stickerPackName).then(resp => {
        STICKER_FILE_ID_FROM_SET = resp.stickers[0].file_id;
        assert.ok(is.object(resp));
        assert.strictEqual(resp.name.toLowerCase(), stickerPackName.toLowerCase());
        assert.ok(is.string(resp.title));
        assert.ok(is.string(resp.sticker_type));
        assert.ok(is.array(resp.stickers));
      });
    })",steel
/test/telegram.js,Assertion Roulette,"{'column': 8, 'line': 1781}","it('should get the recent sticker set created given the name of the set', function test() {
      const stickerPackName = `s${CURRENT_TIMESTAMP}_by_${BOT_USERNAME}`;
      return bot.getStickerSet(stickerPackName).then(resp => {
        STICKER_FILE_ID_FROM_SET = resp.stickers[0].file_id;
        assert.ok(is.object(resp));
        assert.strictEqual(resp.name.toLowerCase(), stickerPackName.toLowerCase());
        assert.ok(is.string(resp.title));
        assert.ok(is.string(resp.sticker_type));
        assert.ok(is.array(resp.stickers));
      });
    })",steel
/test/telegram.js,Assertion Roulette,"{'column': 8, 'line': 1782}","it('should get the recent sticker set created given the name of the set', function test() {
      const stickerPackName = `s${CURRENT_TIMESTAMP}_by_${BOT_USERNAME}`;
      return bot.getStickerSet(stickerPackName).then(resp => {
        STICKER_FILE_ID_FROM_SET = resp.stickers[0].file_id;
        assert.ok(is.object(resp));
        assert.strictEqual(resp.name.toLowerCase(), stickerPackName.toLowerCase());
        assert.ok(is.string(resp.title));
        assert.ok(is.string(resp.sticker_type));
        assert.ok(is.array(resp.stickers));
      });
    })",steel
/test/telegram.js,Assertion Roulette,"{'column': 8, 'line': 1783}","it('should get the recent sticker set created given the name of the set', function test() {
      const stickerPackName = `s${CURRENT_TIMESTAMP}_by_${BOT_USERNAME}`;
      return bot.getStickerSet(stickerPackName).then(resp => {
        STICKER_FILE_ID_FROM_SET = resp.stickers[0].file_id;
        assert.ok(is.object(resp));
        assert.strictEqual(resp.name.toLowerCase(), stickerPackName.toLowerCase());
        assert.ok(is.string(resp.title));
        assert.ok(is.string(resp.sticker_type));
        assert.ok(is.array(resp.stickers));
      });
    })",steel
/test/telegram.js,Assertion Roulette,"{'column': 8, 'line': 1794}","it('should get the custom emoji stickers', function test() {
      return bot.getCustomEmojiStickers([CHERRY_EMOJI_STICKERS_ID[0]]).then(resp => {
        assert.ok(is.array(resp));
        assert.ok(is.object(resp[0]));
        assert.ok(is.string(resp[0].set_name) && resp[0].set_name === STICKER_EMOJI_SET_NAME);
        assert.ok(resp[0].custom_emoji_id === CHERRY_EMOJI_STICKERS_ID[0]);
      });
    })",steel
/test/telegram.js,Assertion Roulette,"{'column': 8, 'line': 1795}","it('should get the custom emoji stickers', function test() {
      return bot.getCustomEmojiStickers([CHERRY_EMOJI_STICKERS_ID[0]]).then(resp => {
        assert.ok(is.array(resp));
        assert.ok(is.object(resp[0]));
        assert.ok(is.string(resp[0].set_name) && resp[0].set_name === STICKER_EMOJI_SET_NAME);
        assert.ok(resp[0].custom_emoji_id === CHERRY_EMOJI_STICKERS_ID[0]);
      });
    })",steel
/test/telegram.js,Assertion Roulette,"{'column': 8, 'line': 1796}","it('should get the custom emoji stickers', function test() {
      return bot.getCustomEmojiStickers([CHERRY_EMOJI_STICKERS_ID[0]]).then(resp => {
        assert.ok(is.array(resp));
        assert.ok(is.object(resp[0]));
        assert.ok(is.string(resp[0].set_name) && resp[0].set_name === STICKER_EMOJI_SET_NAME);
        assert.ok(resp[0].custom_emoji_id === CHERRY_EMOJI_STICKERS_ID[0]);
      });
    })",steel
/test/telegram.js,Assertion Roulette,"{'column': 8, 'line': 1797}","it('should get the custom emoji stickers', function test() {
      return bot.getCustomEmojiStickers([CHERRY_EMOJI_STICKERS_ID[0]]).then(resp => {
        assert.ok(is.array(resp));
        assert.ok(is.object(resp[0]));
        assert.ok(is.string(resp[0].set_name) && resp[0].set_name === STICKER_EMOJI_SET_NAME);
        assert.ok(resp[0].custom_emoji_id === CHERRY_EMOJI_STICKERS_ID[0]);
      });
    })",steel
/test/telegram.js,Assertion Roulette,"{'column': 8, 'line': 1802}","it('should get 2 custom emoji stickers', function test() {
      return bot.getCustomEmojiStickers(CHERRY_EMOJI_STICKERS_ID).then(resp => {
        assert.ok(is.array(resp) && resp.length === 2);
        assert.ok(is.object(resp[1]));
        assert.ok(is.string(resp[1].set_name) && resp[1].set_name === STICKER_EMOJI_SET_NAME);
        assert.ok(resp[1].custom_emoji_id === CHERRY_EMOJI_STICKERS_ID[1]);
      });
    })",steel
/test/telegram.js,Assertion Roulette,"{'column': 8, 'line': 1803}","it('should get 2 custom emoji stickers', function test() {
      return bot.getCustomEmojiStickers(CHERRY_EMOJI_STICKERS_ID).then(resp => {
        assert.ok(is.array(resp) && resp.length === 2);
        assert.ok(is.object(resp[1]));
        assert.ok(is.string(resp[1].set_name) && resp[1].set_name === STICKER_EMOJI_SET_NAME);
        assert.ok(resp[1].custom_emoji_id === CHERRY_EMOJI_STICKERS_ID[1]);
      });
    })",steel
/test/telegram.js,Assertion Roulette,"{'column': 8, 'line': 1804}","it('should get 2 custom emoji stickers', function test() {
      return bot.getCustomEmojiStickers(CHERRY_EMOJI_STICKERS_ID).then(resp => {
        assert.ok(is.array(resp) && resp.length === 2);
        assert.ok(is.object(resp[1]));
        assert.ok(is.string(resp[1].set_name) && resp[1].set_name === STICKER_EMOJI_SET_NAME);
        assert.ok(resp[1].custom_emoji_id === CHERRY_EMOJI_STICKERS_ID[1]);
      });
    })",steel
/test/telegram.js,Assertion Roulette,"{'column': 8, 'line': 1805}","it('should get 2 custom emoji stickers', function test() {
      return bot.getCustomEmojiStickers(CHERRY_EMOJI_STICKERS_ID).then(resp => {
        assert.ok(is.array(resp) && resp.length === 2);
        assert.ok(is.object(resp[1]));
        assert.ok(is.string(resp[1].set_name) && resp[1].set_name === STICKER_EMOJI_SET_NAME);
        assert.ok(resp[1].custom_emoji_id === CHERRY_EMOJI_STICKERS_ID[1]);
      });
    })",steel
/test/telegram.js,Assertion Roulette,"{'column': 6, 'line': 1873}","it('should set a emoji list for the given sticker', function test() {
      assert.ok(is.equal(STICKERS_FROM_BOT_SET[0].type, 'regular'));

      bot.setStickerEmojiList(STICKERS_FROM_BOT_SET[0].file_id, ['🥳', '😀', '😇']).then((resp) => {
        assert.ok(is.boolean(resp));
      });
    })",steel
/test/telegram.js,Assertion Roulette,"{'column': 8, 'line': 1876}","it('should set a emoji list for the given sticker', function test() {
      assert.ok(is.equal(STICKERS_FROM_BOT_SET[0].type, 'regular'));

      bot.setStickerEmojiList(STICKERS_FROM_BOT_SET[0].file_id, ['🥳', '😀', '😇']).then((resp) => {
        assert.ok(is.boolean(resp));
      });
    })",steel
/test/telegram.js,Assertion Roulette,"{'column': 6, 'line': 1886}","it('should set a keywords list for the given sticker', function test() {
      assert.ok(is.equal(STICKERS_FROM_BOT_SET[0].type, 'regular'));
      bot.setStickerKeywords(STICKERS_FROM_BOT_SET[0].file_id, { keywords: ['house', 'cat'] }).then((resp) => {
        assert.ok(is.boolean(resp));
      });
    })",steel
/test/telegram.js,Assertion Roulette,"{'column': 8, 'line': 1888}","it('should set a keywords list for the given sticker', function test() {
      assert.ok(is.equal(STICKERS_FROM_BOT_SET[0].type, 'regular'));
      bot.setStickerKeywords(STICKERS_FROM_BOT_SET[0].file_id, { keywords: ['house', 'cat'] }).then((resp) => {
        assert.ok(is.boolean(resp));
      });
    })",steel
/test/telegram.js,Assertion Roulette,"{'column': 8, 'line': 1979}","it('should send an invoice', function test() {
      if (isCI) {
        this.skip(); // Skip test for now
      }
      const title = 'Demo product';
      const description = 'our test product';
      const payload = 'sku-p001';
      const providerToken = PROVIDER_TOKEN;
      const currency = 'USD';
      const prices = [{ label: 'product', amount: 11000 }, { label: 'tax', amount: 11000 }];
      return bot.sendInvoice(USERID, title, description, payload, providerToken, currency, prices).then(resp => {
        assert.ok(is.object(resp));
        assert.ok(is.object(resp.invoice));
        assert.ok(is.number(resp.invoice.total_amount));
      });
    })",steel
/test/telegram.js,Assertion Roulette,"{'column': 8, 'line': 1980}","it('should send an invoice', function test() {
      if (isCI) {
        this.skip(); // Skip test for now
      }
      const title = 'Demo product';
      const description = 'our test product';
      const payload = 'sku-p001';
      const providerToken = PROVIDER_TOKEN;
      const currency = 'USD';
      const prices = [{ label: 'product', amount: 11000 }, { label: 'tax', amount: 11000 }];
      return bot.sendInvoice(USERID, title, description, payload, providerToken, currency, prices).then(resp => {
        assert.ok(is.object(resp));
        assert.ok(is.object(resp.invoice));
        assert.ok(is.number(resp.invoice.total_amount));
      });
    })",steel
/test/telegram.js,Assertion Roulette,"{'column': 8, 'line': 1981}","it('should send an invoice', function test() {
      if (isCI) {
        this.skip(); // Skip test for now
      }
      const title = 'Demo product';
      const description = 'our test product';
      const payload = 'sku-p001';
      const providerToken = PROVIDER_TOKEN;
      const currency = 'USD';
      const prices = [{ label: 'product', amount: 11000 }, { label: 'tax', amount: 11000 }];
      return bot.sendInvoice(USERID, title, description, payload, providerToken, currency, prices).then(resp => {
        assert.ok(is.object(resp));
        assert.ok(is.object(resp.invoice));
        assert.ok(is.number(resp.invoice.total_amount));
      });
    })",steel
/test/telegram.js,Assertion Roulette,"{'column': 8, 'line': 2017}","it('should send a Game', function test() {
      return bot.sendGame(USERID, GAME_SHORT_NAME).then(resp => {
        assert.ok(is.object(resp));
        assert.ok(is.object(resp.game));
      });
    })",steel
/test/telegram.js,Assertion Roulette,"{'column': 8, 'line': 2018}","it('should send a Game', function test() {
      return bot.sendGame(USERID, GAME_SHORT_NAME).then(resp => {
        assert.ok(is.object(resp));
        assert.ok(is.object(resp.game));
      });
    })",steel
/test/telegram.js,Assertion Roulette,"{'column': 8, 'line': 2096}","it('should copy messages from array', function test() {
      return bot.copyMessages(USERID, GROUPID, [messageId]).then(resp => {
        assert.ok(is.array(resp));
        assert.ok(resp && resp.length === 1);
      });
    })",steel
/test/telegram.js,Assertion Roulette,"{'column': 8, 'line': 2097}","it('should copy messages from array', function test() {
      return bot.copyMessages(USERID, GROUPID, [messageId]).then(resp => {
        assert.ok(is.array(resp));
        assert.ok(resp && resp.length === 1);
      });
    })",steel
/test/telegram.js,Conditional Test Logic,"{'line': 17, 'column': 0, 'index': 526}",Unknown,steel
/test/telegram.js,Conditional Test Logic,"{'line': 22, 'column': 0, 'index': 644}",Unknown,steel
/test/telegram.js,Conditional Test Logic,"{'line': 69, 'column': 4, 'index': 2296}","it('is loaded from src/ on Node.js v6+ and above', function test() {
    if (nodeVersion <= 5) this.skip(); // skip on Node.js v5 and below
    assert.strictEqual(TelegramBot, require('../src/telegram'));
  })",steel
/test/telegram.js,Conditional Test Logic,"{'line': 73, 'column': 4, 'index': 2508}","it('is loaded from lib/ on Node.js v5 and below', function test() {
    if (nodeVersion > 5) this.skip(); // skip on newer versions
    assert.strictEqual(TelegramBot, require('../lib/telegram'));
  })",steel
/test/telegram.js,Conditional Test Logic,"{'line': 218, 'column': 10, 'index': 7333}","it('only accepts POST method', function test() {
      const methods = ['GET', 'PUT', 'DELETE', 'OPTIONS'];
      return Promise.all(methods, (method) => {
        return utils.sendWebHookMessage(webHookPort2, TOKEN, {
          method,
        }).then(() => {
          throw new Error(`expected error with webhook ${method} request`);
        }).catch(resp => {
          if (!resp.statusCode) throw resp;
          if (resp.statusCode !== 418) throw new Error(`unexpected error: ${resp.body}`);
        });
      }); // Promise.each
    })",steel
/test/telegram.js,Conditional Test Logic,"{'line': 219, 'column': 10, 'index': 7377}","it('only accepts POST method', function test() {
      const methods = ['GET', 'PUT', 'DELETE', 'OPTIONS'];
      return Promise.all(methods, (method) => {
        return utils.sendWebHookMessage(webHookPort2, TOKEN, {
          method,
        }).then(() => {
          throw new Error(`expected error with webhook ${method} request`);
        }).catch(resp => {
          if (!resp.statusCode) throw resp;
          if (resp.statusCode !== 418) throw new Error(`unexpected error: ${resp.body}`);
        });
      }); // Promise.each
    })",steel
/test/telegram.js,Conditional Test Logic,"{'line': 1374, 'column': 6, 'index': 48016}","describe('#setChatStickerSet', function setChatStickerSetSuite() {
    before(function before() {
      utils.handleRatelimit(bot, 'setChatStickerSet', this);
      // Check if the chat can set sticker sets
      if (!CHAT_INFO.can_set_sticker_set) {
        this.skip();
      }
    });
    it('should return a Boolean', function test() {
      return bot.setChatStickerSet(GROUPID, STICKER_SET_NAME).then(resp => {
        assert.ok(is.boolean(resp));
      });
    });
  })",steel
/test/telegram.js,Conditional Test Logic,"{'line': 1389, 'column': 6, 'index': 48509}","describe('#deleteChatStickerSet', function deleteChatStickerSetSuite() {
    before(function before() {
      utils.handleRatelimit(bot, 'deleteChatStickerSet', this);
      // Check if the chat can delete sticker sets
      if (!CHAT_INFO.can_set_sticker_set) {
        this.skip();
      }
    });
    it('should return a Boolean', function test() {
      return bot.deleteChatStickerSet(GROUPID).then(resp => {
        assert.ok(is.boolean(resp));
      });
    });
  })",steel
/test/telegram.js,Conditional Test Logic,"{'line': 1969, 'column': 6, 'index': 69704}","it('should send an invoice', function test() {
      if (isCI) {
        this.skip(); // Skip test for now
      }
      const title = 'Demo product';
      const description = 'our test product';
      const payload = 'sku-p001';
      const providerToken = PROVIDER_TOKEN;
      const currency = 'USD';
      const prices = [{ label: 'product', amount: 11000 }, { label: 'tax', amount: 11000 }];
      return bot.sendInvoice(USERID, title, description, payload, providerToken, currency, prices).then(resp => {
        assert.ok(is.object(resp));
        assert.ok(is.object(resp.invoice));
        assert.ok(is.number(resp.invoice.total_amount));
      });
    })",steel
/test/telegram.js,Conditional Test Logic,"{'line': 1991, 'column': 6, 'index': 70558}","it('should create an invoice link', function test() {
      if (isCI) {
        this.skip(); // Skip test for now
      }
      const title = 'Invoice link product';
      const description = 'Our test invoice link product';
      const payload = 'sku-p002';
      const providerToken = PROVIDER_TOKEN;
      const currency = 'EUR';
      const prices = [{ label: 'NTBA API', amount: 12000 }, { label: 'tax', amount: 10000 }];
      return bot.createInvoiceLink(title, description, payload, providerToken, currency, prices).then(resp => {
        assert.ok(is.string(resp));
      });
    })",steel
/test/telegram.js,Exception Handling,"{'line': 216, 'column': 10, 'index': 7230}","it('only accepts POST method', function test() {
      const methods = ['GET', 'PUT', 'DELETE', 'OPTIONS'];
      return Promise.all(methods, (method) => {
        return utils.sendWebHookMessage(webHookPort2, TOKEN, {
          method,
        }).then(() => {
          throw new Error(`expected error with webhook ${method} request`);
        }).catch(resp => {
          if (!resp.statusCode) throw resp;
          if (resp.statusCode !== 418) throw new Error(`unexpected error: ${resp.body}`);
        });
      }); // Promise.each
    })",steel
/test/telegram.js,Exception Handling,"{'line': 218, 'column': 32, 'index': 7355}","it('only accepts POST method', function test() {
      const methods = ['GET', 'PUT', 'DELETE', 'OPTIONS'];
      return Promise.all(methods, (method) => {
        return utils.sendWebHookMessage(webHookPort2, TOKEN, {
          method,
        }).then(() => {
          throw new Error(`expected error with webhook ${method} request`);
        }).catch(resp => {
          if (!resp.statusCode) throw resp;
          if (resp.statusCode !== 418) throw new Error(`unexpected error: ${resp.body}`);
        });
      }); // Promise.each
    })",steel
/test/telegram.js,Exception Handling,"{'line': 219, 'column': 39, 'index': 7406}","it('only accepts POST method', function test() {
      const methods = ['GET', 'PUT', 'DELETE', 'OPTIONS'];
      return Promise.all(methods, (method) => {
        return utils.sendWebHookMessage(webHookPort2, TOKEN, {
          method,
        }).then(() => {
          throw new Error(`expected error with webhook ${method} request`);
        }).catch(resp => {
          if (!resp.statusCode) throw resp;
          if (resp.statusCode !== 418) throw new Error(`unexpected error: ${resp.body}`);
        });
      }); // Promise.each
    })",steel
/test/telegram.js,Exception Handling,"{'line': 264, 'column': 6, 'index': 8997}","it('FatalError is thrown if file-type of Buffer could not be determined', function test() {
      let buffer;
      try {
        buffer = Buffer.from('12345');
      } catch (ex) {
        buffer = new Buffer('12345');
      }
      return bot.sendPhoto(USERID, buffer).catch(error => {
        // FIX: assert.ok(error instanceof TelegramBot.errors.FatalError);
        assert.strictEqual(error.code, 'EFATAL');
        assert.ok(error.message.indexOf('Unsupported') > -1);
      });
    })",steel
/test/telegram.js,Ignored Test,"{'line': 69, 'column': 31, 'index': 2323}","it('is loaded from src/ on Node.js v6+ and above', function test() {
    if (nodeVersion <= 5) this.skip(); // skip on Node.js v5 and below
    assert.strictEqual(TelegramBot, require('../src/telegram'));
  })",steel
/test/telegram.js,Ignored Test,"{'line': 73, 'column': 30, 'index': 2534}","it('is loaded from lib/ on Node.js v5 and below', function test() {
    if (nodeVersion > 5) this.skip(); // skip on newer versions
    assert.strictEqual(TelegramBot, require('../lib/telegram'));
  })",steel
/test/telegram.js,Ignored Test,"{'line': 573, 'column': 11, 'index': 19588}","describe.skip('#onReplyToMessage', function onReplyToMessageSuite() { })",steel
/test/telegram.js,Ignored Test,"{'line': 595, 'column': 11, 'index': 20472}","describe.skip('#logOut', function logOutSuite() { })",steel
/test/telegram.js,Ignored Test,"{'line': 597, 'column': 11, 'index': 20529}","describe.skip('#close', function closeSuite() { })",steel
/test/telegram.js,Ignored Test,"{'line': 988, 'column': 11, 'index': 34521}","describe.skip('#stopMessageLiveLocation', function editMessageLiveLocationSuite() {
    let message;
    before(function before() {
      utils.handleRatelimit(bot, 'stopMessageLiveLocation', this);
      return bot.sendLocation(USERID, lat, long, { live_period: 86400 })
        .then((resp) => {
          message = resp;
        });
    });
    it('stops location updates', function test() {
      const opts = { chat_id: USERID, message_id: message.message_id };
      return bot.stopMessageLiveLocation(opts).then(resp => {
        assert.ok(is.object(resp));
        assert.ok(is.object(resp.location));
        assert.ok(is.number(resp.location.latitude));
        assert.ok(is.number(resp.location.longitude));
      });
    });
  })",steel
/test/telegram.js,Ignored Test,"{'line': 1035, 'column': 11, 'index': 36390}","describe.skip('#sendContact', function sendContactSuite() {
    before(function before() {
      utils.handleRatelimit(bot, 'sendContact', this);
    });
    it('should send a contact', function test() {
      const phoneNumber = '+1(000)000-000';
      const firstName = 'John Doe';
      return bot.sendContact(USERID, phoneNumber, firstName).then(resp => {
        assert.ok(is.object(resp));
        assert.ok(is.object(resp.contact));
        assert.ok(is.string(resp.contact.phone_number));
        assert.ok(is.string(resp.contact.first_name));
      });
    });
  })",steel
/test/telegram.js,Ignored Test,"{'line': 1138, 'column': 11, 'index': 39668}","describe.skip('#banChatMember', function banChatMemberSuite() { })",steel
/test/telegram.js,Ignored Test,"{'line': 1140, 'column': 11, 'index': 39739}","describe.skip('#unbanChatMember', function unbanChatMemberSuite() { })",steel
/test/telegram.js,Ignored Test,"{'line': 1142, 'column': 11, 'index': 39814}","describe.skip('#restrictChatMember', function restrictChatMemberSuite() { })",steel
/test/telegram.js,Ignored Test,"{'line': 1144, 'column': 11, 'index': 39895}","describe.skip('#promoteChatMember', function promoteChatMemberSuite() { })",steel
/test/telegram.js,Ignored Test,"{'line': 1146, 'column': 11, 'index': 39974}","describe.skip('#setChatAdministratorCustomTitle ', function setChatAdministratorCustomTitleSuite() {
    it('should set chat permissions', function test() {
      return bot.setChatAdministratorCustomTitle(GROUPID, USERID, 'Custom Name').then(resp => {
        assert.ok(is.boolean(resp));
      });
    });
  })",steel
/test/telegram.js,Ignored Test,"{'line': 1154, 'column': 11, 'index': 40291}","describe.skip('#banChatSenderChat', function banChatSenderChatSuite() { })",steel
/test/telegram.js,Ignored Test,"{'line': 1156, 'column': 11, 'index': 40370}","describe.skip('#unbanChatSenderChat', function banChatSenderChatSuite() { })",steel
/test/telegram.js,Ignored Test,"{'line': 1214, 'column': 11, 'index': 42479}","describe.skip('#approveChatJoinRequest', function approveChatJoinRequestSuite() { })",steel
/test/telegram.js,Ignored Test,"{'line': 1216, 'column': 11, 'index': 42568}","describe.skip('#declineChatJoinRequest', function declineChatJoinRequestSuite() { })",steel
/test/telegram.js,Ignored Test,"{'line': 1322, 'column': 11, 'index': 46312}","describe.skip('#leaveChat', function leaveChatSuite() { })",steel
/test/telegram.js,Ignored Test,"{'line': 1375, 'column': 13, 'index': 48067}","describe('#setChatStickerSet', function setChatStickerSetSuite() {
    before(function before() {
      utils.handleRatelimit(bot, 'setChatStickerSet', this);
      // Check if the chat can set sticker sets
      if (!CHAT_INFO.can_set_sticker_set) {
        this.skip();
      }
    });
    it('should return a Boolean', function test() {
      return bot.setChatStickerSet(GROUPID, STICKER_SET_NAME).then(resp => {
        assert.ok(is.boolean(resp));
      });
    });
  })",steel
/test/telegram.js,Ignored Test,"{'line': 1390, 'column': 13, 'index': 48560}","describe('#deleteChatStickerSet', function deleteChatStickerSetSuite() {
    before(function before() {
      utils.handleRatelimit(bot, 'deleteChatStickerSet', this);
      // Check if the chat can delete sticker sets
      if (!CHAT_INFO.can_set_sticker_set) {
        this.skip();
      }
    });
    it('should return a Boolean', function test() {
      return bot.deleteChatStickerSet(GROUPID).then(resp => {
        assert.ok(is.boolean(resp));
      });
    });
  })",steel
/test/telegram.js,Ignored Test,"{'line': 1400, 'column': 11, 'index': 48771}","describe.skip('#answerCallbackQuery', function answerCallbackQuerySuite() { })",steel
/test/telegram.js,Ignored Test,"{'line': 1893, 'column': 11, 'index': 66956}","describe.skip('#setStickerMaskPosition', function setStickerKeywordsSuite() {
    before(function before() {
      utils.handleRatelimit(bot, 'setStickerMaskPosition', this);
    });
    it('should delete a sticker from a set', function test() {
      bot.setStickerMaskPosition(STICKER_FILE_ID_FROM_SET, { point: 'eyes', scale: 2, x_shift: 1, y_shift: 1 }).then((resp) => {
        assert.ok(is.boolean(resp));
      });
    });
  })",steel
/test/telegram.js,Ignored Test,"{'line': 1932, 'column': 11, 'index': 68379}","describe.skip('#setCustomEmojiStickerSetThumbnail', function setCustomEmojiStickerSetThumbnailSuite() {
    before(function before() {
      utils.handleRatelimit(bot, 'setCustomEmojiStickerSetThumbnail', this);
    });

    it('should set a custom emoji sticjer set as thumbnail', function test() {
      const stickerPackName = `s${CURRENT_TIMESTAMP}_by_${BOT_USERNAME}`;

      bot.setCustomEmojiStickerSetThumbnail(stickerPackName, { custom_emoji_id: null }).then((resp) => {
        assert.ok(is.boolean(resp));
      });
    });
  })",steel
/test/telegram.js,Ignored Test,"{'line': 1946, 'column': 11, 'index': 68923}","describe.skip('#deleteStickerSet', function deleteStickerSetSuite() {
    before(function before() {
      utils.handleRatelimit(bot, 'deleteStickerSet', this);
    });

    it('should delete sticker set', function test() {
      const stickerPackName = `s${CURRENT_TIMESTAMP}_by_${BOT_USERNAME}`;

      bot.deleteStickerSet(stickerPackName).then((resp) => {
        assert.ok(is.boolean(resp));
      });
    });
  })",steel
/test/telegram.js,Ignored Test,"{'line': 1960, 'column': 11, 'index': 69347}","describe.skip('#answerInlineQuery', function answerInlineQuerySuite() { })",steel
/test/telegram.js,Ignored Test,"{'line': 1962, 'column': 11, 'index': 69426}","describe.skip('#answerWebAppQuery', function answerCallbackQuerySuite() { })",steel
/test/telegram.js,Ignored Test,"{'line': 1970, 'column': 13, 'index': 69729}","it('should send an invoice', function test() {
      if (isCI) {
        this.skip(); // Skip test for now
      }
      const title = 'Demo product';
      const description = 'our test product';
      const payload = 'sku-p001';
      const providerToken = PROVIDER_TOKEN;
      const currency = 'USD';
      const prices = [{ label: 'product', amount: 11000 }, { label: 'tax', amount: 11000 }];
      return bot.sendInvoice(USERID, title, description, payload, providerToken, currency, prices).then(resp => {
        assert.ok(is.object(resp));
        assert.ok(is.object(resp.invoice));
        assert.ok(is.number(resp.invoice.total_amount));
      });
    })",steel
/test/telegram.js,Ignored Test,"{'line': 1992, 'column': 13, 'index': 70583}","it('should create an invoice link', function test() {
      if (isCI) {
        this.skip(); // Skip test for now
      }
      const title = 'Invoice link product';
      const description = 'Our test invoice link product';
      const payload = 'sku-p002';
      const providerToken = PROVIDER_TOKEN;
      const currency = 'EUR';
      const prices = [{ label: 'NTBA API', amount: 12000 }, { label: 'tax', amount: 10000 }];
      return bot.createInvoiceLink(title, description, payload, providerToken, currency, prices).then(resp => {
        assert.ok(is.string(resp));
      });
    })",steel
/test/telegram.js,Ignored Test,"{'line': 2006, 'column': 11, 'index': 71109}","describe.skip('#answerShippingQuery', function answerShippingQuerySuite() { })",steel
/test/telegram.js,Ignored Test,"{'line': 2009, 'column': 11, 'index': 71193}","describe.skip('#answerPreCheckoutQuery', function answerPreCheckoutQuerySuite() { })",steel
/test/telegram.js,Magic Number,"{'line': 206, 'column': 44, 'index': 6908}","it('returns 401 error if token is wrong', function test(done) {
      utils.sendWebHookMessage(webHookPort2, 'wrong-token').catch(resp => {
        assert.strictEqual(resp.statusCode, 401);
        return done();
      });
    })",steel
/test/telegram.js,Magic Number,"{'line': 544, 'column': 45, 'index': 18677}","it('should reset the global regex state with each message', function test(done) {
      const regexp = /\/onText (.+)/g;
      botWebHook.onText(regexp, () => {
        assert.strictEqual(regexp.lastIndex, 0);
        assert.ok(botWebHook.removeTextListener(regexp));
        return done();
      });
      utils.sendWebHookMessage(webHookPort2, TOKEN, {
        message: { text: '/onText ECHO ALOHA' },
      });
    })",steel
/test/telegram.js,Magic Number,"{'line': 951, 'column': 40, 'index': 33244}","it('should send group of photos/videos as album', function test() {
      return bot.sendMediaGroup(USERID, [
        {
          type: 'photo',
          media: `${__dirname}/data/photo.png`,
        },
        {
          type: 'video',
          media: `${__dirname}/data/video.mp4`,
        },
        {
          type: 'photo',
          media: FILE_ID,
        },
      ], {
        disable_notification: true,
      }).then(resp => {
        assert.ok(is.array(resp));
        assert.strictEqual(resp.length, 3);
      });
    })",steel
/test/telegram.js,Magic Number,"{'line': 1203, 'column': 46, 'index': 42236}","it('should edit chat invite link', function test() {
      return bot.editChatInviteLink(GROUPID, inviteLink, { member_limit: 3 }).then(resp => {
        assert.strictEqual(resp.member_limit, 3);
      });
    })",steel
/test/telegram.js,Mystery Guest,"{'column': 17, 'line': 241}","it('is enabled, through options.https', function test() {
      httpsbot = new TelegramBot(TOKEN, {
        webHook: {
          port,
          https: {
            key: fs.readFileSync(key),
            cert: fs.readFileSync(cert),
          },
        },
      });
      return utils.sendWebHookMessage(port, TOKEN, { https: true });
    })",steel
/test/telegram.js,Mystery Guest,"{'column': 18, 'line': 242}","it('is enabled, through options.https', function test() {
      httpsbot = new TelegramBot(TOKEN, {
        webHook: {
          port,
          https: {
            key: fs.readFileSync(key),
            cert: fs.readFileSync(cert),
          },
        },
      });
      return utils.sendWebHookMessage(port, TOKEN, { https: true });
    })",steel
/test/telegram.js,Mystery Guest,"{'column': 24, 'line': 505}","it('should get a file stream', function test(done) {
      const fileStream = bot.getFileStream(FILE_ID);
      assert.ok(fileStream instanceof stream.Readable);
      assert.strictEqual(fileStream.path, FILE_ID);
      fileStream.on('info', (info) => {
        assert.ok(info);
        assert.ok(utils.isTelegramFileURI(info.uri), `${info.uri} is not a file URI`);
        fileStream.pipe(concat(function readFile(buffer) {
          buffer.equals(fs.readFileSync(FILE_PATH)); // sync :(
          return done();
        }));
      });
    })",steel
/test/telegram.js,Mystery Guest,"{'column': 20, 'line': 523}","it('should download a file', function test() {
      return bot.downloadFile(FILE_ID, downloadPath)
        .then(filePath => {
          assert.ok(is.string(filePath));
          assert.strictEqual(path.dirname(filePath), downloadPath);
          assert.ok(fs.existsSync(filePath));
          fs.unlinkSync(filePath); // Delete file after test
        });
    })",steel
/test/telegram.js,Mystery Guest,"{'column': 10, 'line': 524}","it('should download a file', function test() {
      return bot.downloadFile(FILE_ID, downloadPath)
        .then(filePath => {
          assert.ok(is.string(filePath));
          assert.strictEqual(path.dirname(filePath), downloadPath);
          assert.ok(fs.existsSync(filePath));
          fs.unlinkSync(filePath); // Delete file after test
        });
    })",steel
/test/telegram.js,Mystery Guest,"{'column': 20, 'line': 682}","it('should send a photo from a Buffer', function test() {
      const photo = fs.readFileSync(`${__dirname}/data/photo.png`);
      return bot.sendPhoto(USERID, photo).then(resp => {
        assert.ok(is.object(resp));
        assert.ok(is.array(resp.photo));
      });
    })",steel
/test/telegram.js,Mystery Guest,"{'column': 20, 'line': 727}","it('should send an audio from a Buffer', function test() {
      const audio = fs.readFileSync(`${__dirname}/data/audio.mp3`);
      return bot.sendAudio(USERID, audio).then(resp => {
        assert.ok(is.object(resp));
        assert.ok(is.object(resp.audio));
      });
    })",steel
/test/telegram.js,Mystery Guest,"{'column': 23, 'line': 782}","it('should send a document from a Buffer', function test() {
      const document = fs.readFileSync(`${__dirname}/data/photo.gif`);
      return bot.sendDocument(USERID, document).then(resp => {
        assert.ok(is.object(resp));
        assert.ok(is.object(resp.document));
      });
    })",steel
/test/telegram.js,Mystery Guest,"{'column': 20, 'line': 826}","it('should send a video from a Buffer', function test() {
      const video = fs.readFileSync(`${__dirname}/data/video.mp4`);
      return bot.sendVideo(USERID, video).then(resp => {
        assert.ok(is.object(resp));
        assert.ok(is.object(resp.video));
      });
    })",steel
/test/telegram.js,Mystery Guest,"{'column': 20, 'line': 882}","it('should send a voice from a Buffer', function test() {
      const voice = fs.readFileSync(`${__dirname}/data/voice.ogg`);
      return bot.sendVoice(USERID, voice).then(resp => {
        assert.ok(is.object(resp));
        assert.ok(is.object(resp.voice));
      });
    })",steel
/test/telegram.js,Mystery Guest,"{'column': 20, 'line': 921}","it('should send a video from a Buffer', function test() {
      const video = fs.readFileSync(`${__dirname}/data/video.mp4`);
      return bot.sendVideoNote(USERID, video, { length: 5 }).then(resp => {
        assert.ok(is.object(resp));
        assert.ok(is.object(resp.video));
      });
    })",steel
/test/telegram.js,Mystery Guest,"{'column': 20, 'line': 1242}","it('should set a chat photo from a Buffer', function test() {
      const photo = fs.readFileSync(`${__dirname}/data/chat_photo.png`);
      return bot.setChatPhoto(GROUPID, photo).then(resp => {
        assert.strictEqual(resp, true);
      });
    })",steel
/test/telegram.js,Mystery Guest,"{'column': 22, 'line': 1722}","it('should send a sticker from a Buffer', function test() {
      const sticker = fs.readFileSync(`${__dirname}/data/sticker.webp`);
      return bot.sendSticker(USERID, sticker).then(resp => {
        assert.ok(is.object(resp));
        assert.ok(is.object(resp.sticker));
      });
    })",steel
/test/telegram.js,Sleepy Test,"{'line': 1757, 'column': 6, 'index': 61614}","it('should create a new sticker set', function test(done) {
      const sticker = `${__dirname}/data/sticker.png`;
      const stickerPackName = `s${CURRENT_TIMESTAMP}_by_${BOT_USERNAME}`;

      bot.createNewStickerSet(USERID, stickerPackName, 'Sticker Pack Title', sticker, '😍').then((resp) => {
        assert.ok(is.boolean(resp));
      });
      setTimeout(() => done(), 2000);
    })",steel
/test/telegram.js,Sleepy Test,"{'line': 1830, 'column': 6, 'index': 64762}","it('should add a sticker to a set using the file Id', function test(done) {
      const stickerPackName = `s${CURRENT_TIMESTAMP}_by_${BOT_USERNAME}`;

      bot.addStickerToSet(USERID, stickerPackName, STICKER_FILE_ID_FROM_SET, '😊🤔', 'png_sticker').then((resp) => {
        assert.ok(is.boolean(resp));
      });
      setTimeout(() => done(), 2000);
    })",steel
/test/telegram.js,Sleepy Test,"{'line': 1869, 'column': 6, 'index': 66105}","it('should get the list for the given sticker of the bot sticker pack', function test(done) {
      const stickerPackName = `s${CURRENT_TIMESTAMP}_by_${BOT_USERNAME}`;

      bot.getStickerSet(stickerPackName).then(resp => {
        STICKERS_FROM_BOT_SET = resp.stickers;
        assert.ok(is.array(STICKERS_FROM_BOT_SET));
      });

      setTimeout(() => done(), 2000);
    })",steel
/test/telegram.js,Unknown Test,"{'column': 4, 'line': 168}","it('(polling) emits ""message"" on receiving message', function test(done) {
      botPolling.once('message', () => {
        return done();
      });
    })",steel
/test/telegram.js,Unknown Test,"{'column': 4, 'line': 181}","it('(webhook) emits ""message"" on receiving message', function test(done) {
      botWebHook.once('message', () => {
        return done();
      });
      utils.sendWebHookMessage(webHookPort2, TOKEN);
    })",steel
/test/telegram.js,Unknown Test,"{'column': 4, 'line': 210}","it('only accepts POST method', function test() {
      const methods = ['GET', 'PUT', 'DELETE', 'OPTIONS'];
      return Promise.all(methods, (method) => {
        return utils.sendWebHookMessage(webHookPort2, TOKEN, {
          method,
        }).then(() => {
          throw new Error(`expected error with webhook ${method} request`);
        }).catch(resp => {
          if (!resp.statusCode) throw resp;
          if (resp.statusCode !== 418) throw new Error(`unexpected error: ${resp.body}`);
        });
      }); // Promise.each
    })",steel
/test/telegram.js,Unknown Test,"{'column': 4, 'line': 231}","it('is enabled, through options.key and options.cert', function test() {
      httpsbot = new TelegramBot(TOKEN, { webHook: { port, key, cert } });
      return utils.sendWebHookMessage(port, TOKEN, { https: true });
    })",steel
/test/telegram.js,Unknown Test,"{'column': 4, 'line': 236}","it('is enabled, through options.https', function test() {
      httpsbot = new TelegramBot(TOKEN, {
        webHook: {
          port,
          https: {
            key: fs.readFileSync(key),
            cert: fs.readFileSync(cert),
          },
        },
      });
      return utils.sendWebHookMessage(port, TOKEN, { https: true });
    })",steel
/test/telegram.js,Unknown Test,"{'column': 4, 'line': 303}","it('initiates polling', function test() {
      return testbot.startPolling().then(() => {
        return utils.isPollingMockServer(pollingPort);
      });
    })",steel
/test/telegram.js,Unknown Test,"{'column': 4, 'line': 336}","it('stops polling by bot', function test() {
      return testbot.stopPolling().then(() => {
        utils.clearPollingCheck(pollingPort);
        return utils.isPollingMockServer(pollingPort, true);
      });
    })",steel
/test/telegram.js,Unknown Test,"{'column': 4, 'line': 345}","it('opens webhook', function test() {
      return testbot.openWebHook().then(() => {
        return utils.hasOpenWebHook(webHookPort);
      });
    })",steel
/test/telegram.js,Unknown Test,"{'column': 4, 'line': 377}","it('closes webhook', function test() {
      testbot.closeWebHook().then(() => {
        return utils.hasOpenWebHook(webHookPort, true);
      });
    })",steel
