"file","type","smells","itCount","describeCount"
"examples/rest-persister/tests/rest-persister.test.js","AnonymousTest","[{""startLine"":9,""endLine"":15}]",1,1
"examples/node-fetch/tests/node-fetch.test.js","AnonymousTest","[{""startLine"":23,""endLine"":29}]",1,1
"examples/client-server/tests/intercept.test.js","ConditionalTestLogic","[{""startLine"":51,""endLine"":56}]",3,1
"packages/@pollyjs/utils/build/node/test-bundle.cjs.js","AnonymousTest","[{""startLine"":29,""endLine"":31}]",24,7
"packages/@pollyjs/utils/build/node/test-bundle.cjs.js","AnonymousTest","[{""startLine"":1095,""endLine"":1097}]",24,7
"packages/@pollyjs/utils/build/node/test-bundle.cjs.js","AnonymousTest","[{""startLine"":1113,""endLine"":1115}]",24,7
"packages/@pollyjs/utils/build/node/test-bundle.cjs.js","AnonymousTest","[{""startLine"":1988,""endLine"":1990}]",24,7
"packages/@pollyjs/utils/build/node/test-bundle.cjs.js","AnonymousTest","[{""startLine"":2012,""endLine"":2014}]",24,7
"packages/@pollyjs/utils/build/node/test-bundle.cjs.js","AnonymousTest","[{""startLine"":2023,""endLine"":2025}]",24,7
"packages/@pollyjs/utils/build/node/test-bundle.cjs.js","AnonymousTest","[{""startLine"":2026,""endLine"":2028}]",24,7
"packages/@pollyjs/utils/build/node/test-bundle.cjs.js","IdenticalTestDescription","[{""startLine"":1095,""endLine"":1097}]",24,7
"packages/@pollyjs/utils/build/node/test-bundle.cjs.js","IdenticalTestDescription","[{""startLine"":1104,""endLine"":1106}]",24,7
"packages/@pollyjs/utils/build/node/test-bundle.cjs.js","IdenticalTestDescription","[{""startLine"":1113,""endLine"":1115}]",24,7
"packages/@pollyjs/utils/build/node/test-bundle.cjs.js","IdenticalTestDescription","[{""startLine"":1988,""endLine"":1990}]",24,7
"packages/@pollyjs/utils/build/node/test-bundle.cjs.js","IdenticalTestDescription","[{""startLine"":2012,""endLine"":2014}]",24,7
"packages/@pollyjs/utils/build/node/test-bundle.cjs.js","IdenticalTestDescription","[{""startLine"":2023,""endLine"":2025}]",24,7
"packages/@pollyjs/utils/build/browser/test-bundle.es.js","AnonymousTest","[{""startLine"":31,""endLine"":33}]",24,7
"packages/@pollyjs/utils/build/browser/test-bundle.es.js","AnonymousTest","[{""startLine"":3591,""endLine"":3593}]",24,7
"packages/@pollyjs/utils/build/browser/test-bundle.es.js","AnonymousTest","[{""startLine"":3609,""endLine"":3611}]",24,7
"packages/@pollyjs/utils/build/browser/test-bundle.es.js","AnonymousTest","[{""startLine"":4437,""endLine"":4439}]",24,7
"packages/@pollyjs/utils/build/browser/test-bundle.es.js","AnonymousTest","[{""startLine"":4461,""endLine"":4463}]",24,7
"packages/@pollyjs/utils/build/browser/test-bundle.es.js","AnonymousTest","[{""startLine"":4472,""endLine"":4474}]",24,7
"packages/@pollyjs/utils/build/browser/test-bundle.es.js","AnonymousTest","[{""startLine"":4475,""endLine"":4477}]",24,7
"packages/@pollyjs/utils/build/browser/test-bundle.es.js","SensitiveEquality","[{""startLine"":2853,""endLine"":2853}]",24,7
"packages/@pollyjs/utils/build/browser/test-bundle.es.js","IdenticalTestDescription","[{""startLine"":3591,""endLine"":3593}]",24,7
"packages/@pollyjs/utils/build/browser/test-bundle.es.js","IdenticalTestDescription","[{""startLine"":3600,""endLine"":3602}]",24,7
"packages/@pollyjs/utils/build/browser/test-bundle.es.js","IdenticalTestDescription","[{""startLine"":3609,""endLine"":3611}]",24,7
"packages/@pollyjs/utils/build/browser/test-bundle.es.js","IdenticalTestDescription","[{""startLine"":4437,""endLine"":4439}]",24,7
"packages/@pollyjs/utils/build/browser/test-bundle.es.js","IdenticalTestDescription","[{""startLine"":4461,""endLine"":4463}]",24,7
"packages/@pollyjs/utils/build/browser/test-bundle.es.js","IdenticalTestDescription","[{""startLine"":4472,""endLine"":4474}]",24,7
"packages/@pollyjs/utils/build/browser/test-bundle.es.js","NonFunctionalStatement","[{""startLine"":1773,""endLine"":1773}]",24,7
"packages/@pollyjs/utils/build/browser/test-bundle.es.js","NonFunctionalStatement","[{""startLine"":1796,""endLine"":1796}]",24,7
"packages/@pollyjs/utils/build/browser/test-bundle.es.js","NonFunctionalStatement","[{""startLine"":2423,""endLine"":2423}]",24,7
"packages/@pollyjs/utils/build/browser/test-bundle.es.js","NonFunctionalStatement","[{""startLine"":2434,""endLine"":2434}]",24,7
"packages/@pollyjs/utils/build/browser/test-bundle.es.js","NonFunctionalStatement","[{""startLine"":2474,""endLine"":2474}]",24,7
"packages/@pollyjs/utils/build/browser/test-bundle.es.js","NonFunctionalStatement","[{""startLine"":2490,""endLine"":2490}]",24,7
"packages/@pollyjs/utils/build/browser/test-bundle.es.js","NonFunctionalStatement","[{""startLine"":2501,""endLine"":2501}]",24,7
"packages/@pollyjs/utils/build/browser/test-bundle.es.js","NonFunctionalStatement","[{""startLine"":2517,""endLine"":2517}]",24,7
"packages/@pollyjs/utils/build/browser/test-bundle.es.js","NonFunctionalStatement","[{""startLine"":2533,""endLine"":2533}]",24,7
"packages/@pollyjs/persister-rest/build/browser/test-bundle.es.js","NonFunctionalStatement","[{""startLine"":9,""endLine"":14}]",0,1
"packages/@pollyjs/persister-local-storage/build/browser/test-bundle.es.js","NonFunctionalStatement","[{""startLine"":9,""endLine"":14}]",0,1
"packages/@pollyjs/persister-in-memory/build/node/test-bundle.cjs.js","NonFunctionalStatement","[{""startLine"":3,""endLine"":7}]",0,1
"packages/@pollyjs/persister-in-memory/build/browser/test-bundle.es.js","NonFunctionalStatement","[{""startLine"":9,""endLine"":14}]",0,1
"packages/@pollyjs/persister-fs/build/node/test-bundle.cjs.js","AnonymousTest","[{""startLine"":56,""endLine"":58}]",6,4
"packages/@pollyjs/persister-fs/build/node/test-bundle.cjs.js","AnonymousTest","[{""startLine"":63,""endLine"":76}]",6,4
"packages/@pollyjs/persister-fs/build/node/test-bundle.cjs.js","AnonymousTest","[{""startLine"":87,""endLine"":95}]",6,4
"packages/@pollyjs/persister-fs/build/node/test-bundle.cjs.js","AnonymousTest","[{""startLine"":96,""endLine"":99}]",6,4
"packages/@pollyjs/persister-fs/build/node/test-bundle.cjs.js","AnonymousTest","[{""startLine"":100,""endLine"":104}]",6,4
"packages/@pollyjs/persister/build/node/test-bundle.cjs.js","AnonymousTest","[{""startLine"":9881,""endLine"":9887}]",12,5
"packages/@pollyjs/persister/build/node/test-bundle.cjs.js","AnonymousTest","[{""startLine"":11918,""endLine"":11920}]",12,5
"packages/@pollyjs/persister/build/node/test-bundle.cjs.js","AnonymousTest","[{""startLine"":11966,""endLine"":11971}]",12,5
"packages/@pollyjs/persister/build/node/test-bundle.cjs.js","SensitiveEquality","[{""startLine"":1403,""endLine"":1403}]",12,5
"packages/@pollyjs/persister/build/node/test-bundle.cjs.js","IdenticalTestDescription","[{""startLine"":11918,""endLine"":11920}]",12,5
"packages/@pollyjs/persister/build/node/test-bundle.cjs.js","NonFunctionalStatement","[{""startLine"":1697,""endLine"":1697}]",12,5
"packages/@pollyjs/persister/build/node/test-bundle.cjs.js","NonFunctionalStatement","[{""startLine"":1698,""endLine"":1698}]",12,5
"packages/@pollyjs/persister/build/node/test-bundle.cjs.js","NonFunctionalStatement","[{""startLine"":7038,""endLine"":7038}]",12,5
"packages/@pollyjs/persister/build/node/test-bundle.cjs.js","NonFunctionalStatement","[{""startLine"":8660,""endLine"":8660}]",12,5
"packages/@pollyjs/persister/build/node/test-bundle.cjs.js","NonFunctionalStatement","[{""startLine"":8817,""endLine"":8817}]",12,5
"packages/@pollyjs/persister/build/node/test-bundle.cjs.js","NonFunctionalStatement","[{""startLine"":8820,""endLine"":8820}]",12,5
"packages/@pollyjs/persister/build/node/test-bundle.cjs.js","NonFunctionalStatement","[{""startLine"":11957,""endLine"":11957}]",12,5
"packages/@pollyjs/persister/build/browser/test-bundle.es.js","AnonymousTest","[{""startLine"":10199,""endLine"":10205}]",12,5
"packages/@pollyjs/persister/build/browser/test-bundle.es.js","AnonymousTest","[{""startLine"":14888,""endLine"":14890}]",12,5
"packages/@pollyjs/persister/build/browser/test-bundle.es.js","AnonymousTest","[{""startLine"":14936,""endLine"":14941}]",12,5
"packages/@pollyjs/persister/build/browser/test-bundle.es.js","SensitiveEquality","[{""startLine"":1402,""endLine"":1402}]",12,5
"packages/@pollyjs/persister/build/browser/test-bundle.es.js","SensitiveEquality","[{""startLine"":12321,""endLine"":12321}]",12,5
"packages/@pollyjs/persister/build/browser/test-bundle.es.js","SensitiveEquality","[{""startLine"":12813,""endLine"":12814}]",12,5
"packages/@pollyjs/persister/build/browser/test-bundle.es.js","SensitiveEquality","[{""startLine"":14154,""endLine"":14154}]",12,5
"packages/@pollyjs/persister/build/browser/test-bundle.es.js","IdenticalTestDescription","[{""startLine"":14888,""endLine"":14890}]",12,5
"packages/@pollyjs/persister/build/browser/test-bundle.es.js","NonFunctionalStatement","[{""startLine"":1696,""endLine"":1696}]",12,5
"packages/@pollyjs/persister/build/browser/test-bundle.es.js","NonFunctionalStatement","[{""startLine"":1697,""endLine"":1697}]",12,5
"packages/@pollyjs/persister/build/browser/test-bundle.es.js","NonFunctionalStatement","[{""startLine"":7095,""endLine"":7095}]",12,5
"packages/@pollyjs/persister/build/browser/test-bundle.es.js","NonFunctionalStatement","[{""startLine"":8721,""endLine"":8721}]",12,5
"packages/@pollyjs/persister/build/browser/test-bundle.es.js","NonFunctionalStatement","[{""startLine"":8878,""endLine"":8878}]",12,5
"packages/@pollyjs/persister/build/browser/test-bundle.es.js","NonFunctionalStatement","[{""startLine"":8881,""endLine"":8881}]",12,5
"packages/@pollyjs/persister/build/browser/test-bundle.es.js","NonFunctionalStatement","[{""startLine"":11858,""endLine"":11858}]",12,5
"packages/@pollyjs/persister/build/browser/test-bundle.es.js","NonFunctionalStatement","[{""startLine"":11881,""endLine"":11881}]",12,5
"packages/@pollyjs/persister/build/browser/test-bundle.es.js","NonFunctionalStatement","[{""startLine"":12298,""endLine"":12298}]",12,5
"packages/@pollyjs/persister/build/browser/test-bundle.es.js","NonFunctionalStatement","[{""startLine"":12461,""endLine"":12461}]",12,5
"packages/@pollyjs/persister/build/browser/test-bundle.es.js","NonFunctionalStatement","[{""startLine"":12466,""endLine"":12466}]",12,5
"packages/@pollyjs/persister/build/browser/test-bundle.es.js","NonFunctionalStatement","[{""startLine"":12522,""endLine"":12522}]",12,5
"packages/@pollyjs/persister/build/browser/test-bundle.es.js","NonFunctionalStatement","[{""startLine"":12526,""endLine"":12526}]",12,5
"packages/@pollyjs/persister/build/browser/test-bundle.es.js","NonFunctionalStatement","[{""startLine"":14927,""endLine"":14927}]",12,5
"packages/@pollyjs/core/build/node/test-bundle.cjs.js","AnonymousTest","[{""startLine"":1178,""endLine"":1181}]",186,44
"packages/@pollyjs/core/build/node/test-bundle.cjs.js","AnonymousTest","[{""startLine"":1186,""endLine"":1189}]",186,44
"packages/@pollyjs/core/build/node/test-bundle.cjs.js","AnonymousTest","[{""startLine"":1217,""endLine"":1221}]",186,44
"packages/@pollyjs/core/build/node/test-bundle.cjs.js","AnonymousTest","[{""startLine"":2663,""endLine"":2670}]",186,44
"packages/@pollyjs/core/build/node/test-bundle.cjs.js","AnonymousTest","[{""startLine"":2683,""endLine"":2691}]",186,44
"packages/@pollyjs/core/build/node/test-bundle.cjs.js","AnonymousTest","[{""startLine"":2692,""endLine"":2704}]",186,44
"packages/@pollyjs/core/build/node/test-bundle.cjs.js","AnonymousTest","[{""startLine"":2729,""endLine"":2745}]",186,44
"packages/@pollyjs/core/build/node/test-bundle.cjs.js","AnonymousTest","[{""startLine"":2746,""endLine"":2763}]",186,44
"packages/@pollyjs/core/build/node/test-bundle.cjs.js","AnonymousTest","[{""startLine"":2764,""endLine"":2777}]",186,44
"packages/@pollyjs/core/build/node/test-bundle.cjs.js","AnonymousTest","[{""startLine"":2778,""endLine"":2785}]",186,44
"packages/@pollyjs/core/build/node/test-bundle.cjs.js","AnonymousTest","[{""startLine"":2786,""endLine"":2797}]",186,44
"packages/@pollyjs/core/build/node/test-bundle.cjs.js","AnonymousTest","[{""startLine"":2808,""endLine"":2822}]",186,44
"packages/@pollyjs/core/build/node/test-bundle.cjs.js","AnonymousTest","[{""startLine"":2833,""endLine"":2842}]",186,44
"packages/@pollyjs/core/build/node/test-bundle.cjs.js","AnonymousTest","[{""startLine"":2858,""endLine"":2860}]",186,44
"packages/@pollyjs/core/build/node/test-bundle.cjs.js","AnonymousTest","[{""startLine"":2882,""endLine"":2887}]",186,44
"packages/@pollyjs/core/build/node/test-bundle.cjs.js","AnonymousTest","[{""startLine"":3012,""endLine"":3015}]",186,44
"packages/@pollyjs/core/build/node/test-bundle.cjs.js","AnonymousTest","[{""startLine"":3020,""endLine"":3034}]",186,44
"packages/@pollyjs/core/build/node/test-bundle.cjs.js","AnonymousTest","[{""startLine"":3035,""endLine"":3049}]",186,44
"packages/@pollyjs/core/build/node/test-bundle.cjs.js","AnonymousTest","[{""startLine"":3050,""endLine"":3067}]",186,44
"packages/@pollyjs/core/build/node/test-bundle.cjs.js","AnonymousTest","[{""startLine"":3068,""endLine"":3095}]",186,44
"packages/@pollyjs/core/build/node/test-bundle.cjs.js","AnonymousTest","[{""startLine"":3096,""endLine"":3110}]",186,44
"packages/@pollyjs/core/build/node/test-bundle.cjs.js","AnonymousTest","[{""startLine"":3111,""endLine"":3121}]",186,44
"packages/@pollyjs/core/build/node/test-bundle.cjs.js","AnonymousTest","[{""startLine"":3122,""endLine"":3125}]",186,44
"packages/@pollyjs/core/build/node/test-bundle.cjs.js","AnonymousTest","[{""startLine"":3155,""endLine"":3162}]",186,44
"packages/@pollyjs/core/build/node/test-bundle.cjs.js","AnonymousTest","[{""startLine"":3172,""endLine"":3179}]",186,44
"packages/@pollyjs/core/build/node/test-bundle.cjs.js","AnonymousTest","[{""startLine"":3180,""endLine"":3190}]",186,44
"packages/@pollyjs/core/build/node/test-bundle.cjs.js","AnonymousTest","[{""startLine"":3237,""endLine"":3239}]",186,44
"packages/@pollyjs/core/build/node/test-bundle.cjs.js","AnonymousTest","[{""startLine"":3259,""endLine"":3266}]",186,44
"packages/@pollyjs/core/build/node/test-bundle.cjs.js","AnonymousTest","[{""startLine"":3267,""endLine"":3274}]",186,44
"packages/@pollyjs/core/build/node/test-bundle.cjs.js","AnonymousTest","[{""startLine"":3275,""endLine"":3280}]",186,44
"packages/@pollyjs/core/build/node/test-bundle.cjs.js","AnonymousTest","[{""startLine"":3360,""endLine"":3363}]",186,44
"packages/@pollyjs/core/build/node/test-bundle.cjs.js","AnonymousTest","[{""startLine"":3374,""endLine"":3381}]",186,44
"packages/@pollyjs/core/build/node/test-bundle.cjs.js","AnonymousTest","[{""startLine"":3382,""endLine"":3386}]",186,44
"packages/@pollyjs/core/build/node/test-bundle.cjs.js","AnonymousTest","[{""startLine"":3387,""endLine"":3401}]",186,44
"packages/@pollyjs/core/build/node/test-bundle.cjs.js","AnonymousTest","[{""startLine"":6975,""endLine"":6977}]",186,44
"packages/@pollyjs/core/build/node/test-bundle.cjs.js","AnonymousTest","[{""startLine"":7188,""endLine"":7193}]",186,44
"packages/@pollyjs/core/build/node/test-bundle.cjs.js","AnonymousTest","[{""startLine"":7194,""endLine"":7199}]",186,44
"packages/@pollyjs/core/build/node/test-bundle.cjs.js","AnonymousTest","[{""startLine"":7200,""endLine"":7205}]",186,44
"packages/@pollyjs/core/build/node/test-bundle.cjs.js","AnonymousTest","[{""startLine"":7206,""endLine"":7213}]",186,44
"packages/@pollyjs/core/build/node/test-bundle.cjs.js","AnonymousTest","[{""startLine"":7214,""endLine"":7225}]",186,44
"packages/@pollyjs/core/build/node/test-bundle.cjs.js","AnonymousTest","[{""startLine"":7226,""endLine"":7233}]",186,44
"packages/@pollyjs/core/build/node/test-bundle.cjs.js","AnonymousTest","[{""startLine"":7234,""endLine"":7255}]",186,44
"packages/@pollyjs/core/build/node/test-bundle.cjs.js","AnonymousTest","[{""startLine"":7256,""endLine"":7279}]",186,44
"packages/@pollyjs/core/build/node/test-bundle.cjs.js","AnonymousTest","[{""startLine"":7280,""endLine"":7304}]",186,44
"packages/@pollyjs/core/build/node/test-bundle.cjs.js","AnonymousTest","[{""startLine"":7305,""endLine"":7309}]",186,44
"packages/@pollyjs/core/build/node/test-bundle.cjs.js","AnonymousTest","[{""startLine"":7323,""endLine"":7329}]",186,44
"packages/@pollyjs/core/build/node/test-bundle.cjs.js","AnonymousTest","[{""startLine"":7330,""endLine"":7339}]",186,44
"packages/@pollyjs/core/build/node/test-bundle.cjs.js","AnonymousTest","[{""startLine"":7342,""endLine"":7351}]",186,44
"packages/@pollyjs/core/build/node/test-bundle.cjs.js","AnonymousTest","[{""startLine"":7352,""endLine"":7361}]",186,44
"packages/@pollyjs/core/build/node/test-bundle.cjs.js","AnonymousTest","[{""startLine"":7381,""endLine"":7391}]",186,44
"packages/@pollyjs/core/build/node/test-bundle.cjs.js","AnonymousTest","[{""startLine"":7397,""endLine"":7399}]",186,44
"packages/@pollyjs/core/build/node/test-bundle.cjs.js","AnonymousTest","[{""startLine"":7540,""endLine"":7547}]",186,44
"packages/@pollyjs/core/build/node/test-bundle.cjs.js","AnonymousTest","[{""startLine"":7567,""endLine"":7575}]",186,44
"packages/@pollyjs/core/build/node/test-bundle.cjs.js","AnonymousTest","[{""startLine"":7593,""endLine"":7610}]",186,44
"packages/@pollyjs/core/build/node/test-bundle.cjs.js","AnonymousTest","[{""startLine"":7624,""endLine"":7635}]",186,44
"packages/@pollyjs/core/build/node/test-bundle.cjs.js","AnonymousTest","[{""startLine"":7644,""endLine"":7658}]",186,44
"packages/@pollyjs/core/build/node/test-bundle.cjs.js","AnonymousTest","[{""startLine"":7673,""endLine"":7676}]",186,44
"packages/@pollyjs/core/build/node/test-bundle.cjs.js","AnonymousTest","[{""startLine"":7821,""endLine"":7825}]",186,44
"packages/@pollyjs/core/build/node/test-bundle.cjs.js","AnonymousTest","[{""startLine"":7856,""endLine"":7860}]",186,44
"packages/@pollyjs/core/build/node/test-bundle.cjs.js","AnonymousTest","[{""startLine"":7879,""endLine"":7881}]",186,44
"packages/@pollyjs/core/build/node/test-bundle.cjs.js","AnonymousTest","[{""startLine"":7899,""endLine"":7901}]",186,44
"packages/@pollyjs/core/build/node/test-bundle.cjs.js","AnonymousTest","[{""startLine"":7963,""endLine"":7965}]",186,44
"packages/@pollyjs/core/build/node/test-bundle.cjs.js","AnonymousTest","[{""startLine"":8001,""endLine"":8006}]",186,44
"packages/@pollyjs/core/build/node/test-bundle.cjs.js","AnonymousTest","[{""startLine"":8147,""endLine"":8149}]",186,44
"packages/@pollyjs/core/build/node/test-bundle.cjs.js","AnonymousTest","[{""startLine"":8163,""endLine"":8165}]",186,44
"packages/@pollyjs/core/build/node/test-bundle.cjs.js","AnonymousTest","[{""startLine"":8206,""endLine"":8210}]",186,44
"packages/@pollyjs/core/build/node/test-bundle.cjs.js","IdenticalTestDescription","[{""startLine"":2663,""endLine"":2670}]",186,44
"packages/@pollyjs/core/build/node/test-bundle.cjs.js","IdenticalTestDescription","[{""startLine"":2858,""endLine"":2860}]",186,44
"packages/@pollyjs/core/build/node/test-bundle.cjs.js","IdenticalTestDescription","[{""startLine"":3012,""endLine"":3015}]",186,44
"packages/@pollyjs/core/build/node/test-bundle.cjs.js","IdenticalTestDescription","[{""startLine"":3237,""endLine"":3239}]",186,44
"packages/@pollyjs/core/build/node/test-bundle.cjs.js","IdenticalTestDescription","[{""startLine"":3240,""endLine"":3247}]",186,44
"packages/@pollyjs/core/build/node/test-bundle.cjs.js","IdenticalTestDescription","[{""startLine"":3275,""endLine"":3280}]",186,44
"packages/@pollyjs/core/build/node/test-bundle.cjs.js","IdenticalTestDescription","[{""startLine"":3360,""endLine"":3363}]",186,44
"packages/@pollyjs/core/build/node/test-bundle.cjs.js","IdenticalTestDescription","[{""startLine"":3387,""endLine"":3401}]",186,44
"packages/@pollyjs/core/build/node/test-bundle.cjs.js","IdenticalTestDescription","[{""startLine"":3402,""endLine"":3405}]",186,44
"packages/@pollyjs/core/build/node/test-bundle.cjs.js","IdenticalTestDescription","[{""startLine"":6975,""endLine"":6977}]",186,44
"packages/@pollyjs/core/build/node/test-bundle.cjs.js","IdenticalTestDescription","[{""startLine"":7200,""endLine"":7205}]",186,44
"packages/@pollyjs/core/build/node/test-bundle.cjs.js","IdenticalTestDescription","[{""startLine"":7323,""endLine"":7329}]",186,44
"packages/@pollyjs/core/build/node/test-bundle.cjs.js","IdenticalTestDescription","[{""startLine"":7397,""endLine"":7399}]",186,44
"packages/@pollyjs/core/build/node/test-bundle.cjs.js","IdenticalTestDescription","[{""startLine"":7567,""endLine"":7575}]",186,44
"packages/@pollyjs/core/build/node/test-bundle.cjs.js","IdenticalTestDescription","[{""startLine"":7593,""endLine"":7610}]",186,44
"packages/@pollyjs/core/build/node/test-bundle.cjs.js","IdenticalTestDescription","[{""startLine"":7624,""endLine"":7635}]",186,44
"packages/@pollyjs/core/build/node/test-bundle.cjs.js","IdenticalTestDescription","[{""startLine"":7644,""endLine"":7658}]",186,44
"packages/@pollyjs/core/build/node/test-bundle.cjs.js","IdenticalTestDescription","[{""startLine"":7659,""endLine"":7664}]",186,44
"packages/@pollyjs/core/build/node/test-bundle.cjs.js","IdenticalTestDescription","[{""startLine"":7673,""endLine"":7676}]",186,44
"packages/@pollyjs/core/build/node/test-bundle.cjs.js","IdenticalTestDescription","[{""startLine"":7821,""endLine"":7825}]",186,44
"packages/@pollyjs/core/build/node/test-bundle.cjs.js","IdenticalTestDescription","[{""startLine"":7856,""endLine"":7860}]",186,44
"packages/@pollyjs/core/build/node/test-bundle.cjs.js","IdenticalTestDescription","[{""startLine"":7879,""endLine"":7881}]",186,44
"packages/@pollyjs/core/build/node/test-bundle.cjs.js","IdenticalTestDescription","[{""startLine"":7899,""endLine"":7901}]",186,44
"packages/@pollyjs/core/build/node/test-bundle.cjs.js","IdenticalTestDescription","[{""startLine"":7963,""endLine"":7965}]",186,44
"packages/@pollyjs/core/build/node/test-bundle.cjs.js","IdenticalTestDescription","[{""startLine"":8001,""endLine"":8006}]",186,44
"packages/@pollyjs/core/build/node/test-bundle.cjs.js","IdenticalTestDescription","[{""startLine"":8049,""endLine"":8061}]",186,44
"packages/@pollyjs/core/build/node/test-bundle.cjs.js","IdenticalTestDescription","[{""startLine"":8062,""endLine"":8072}]",186,44
"packages/@pollyjs/core/build/node/test-bundle.cjs.js","IdenticalTestDescription","[{""startLine"":8109,""endLine"":8111}]",186,44
"packages/@pollyjs/core/build/node/test-bundle.cjs.js","IdenticalTestDescription","[{""startLine"":8112,""endLine"":8119}]",186,44
"packages/@pollyjs/core/build/node/test-bundle.cjs.js","IdenticalTestDescription","[{""startLine"":8132,""endLine"":8134}]",186,44
"packages/@pollyjs/core/build/node/test-bundle.cjs.js","IdenticalTestDescription","[{""startLine"":8135,""endLine"":8142}]",186,44
"packages/@pollyjs/core/build/node/test-bundle.cjs.js","IdenticalTestDescription","[{""startLine"":8147,""endLine"":8149}]",186,44
"packages/@pollyjs/core/build/node/test-bundle.cjs.js","IdenticalTestDescription","[{""startLine"":8163,""endLine"":8165}]",186,44
"packages/@pollyjs/core/build/node/test-bundle.cjs.js","IdenticalTestDescription","[{""startLine"":8206,""endLine"":8210}]",186,44
"packages/@pollyjs/core/build/node/test-bundle.cjs.js","NonFunctionalStatement","[{""startLine"":2684,""endLine"":2684}]",186,44
"packages/@pollyjs/core/build/node/test-bundle.cjs.js","NonFunctionalStatement","[{""startLine"":2700,""endLine"":2700}]",186,44
"packages/@pollyjs/core/build/node/test-bundle.cjs.js","NonFunctionalStatement","[{""startLine"":2748,""endLine"":2748}]",186,44
"packages/@pollyjs/core/build/node/test-bundle.cjs.js","NonFunctionalStatement","[{""startLine"":2750,""endLine"":2750}]",186,44
"packages/@pollyjs/core/build/node/test-bundle.cjs.js","NonFunctionalStatement","[{""startLine"":2751,""endLine"":2751}]",186,44
"packages/@pollyjs/core/build/node/test-bundle.cjs.js","NonFunctionalStatement","[{""startLine"":2768,""endLine"":2768}]",186,44
"packages/@pollyjs/core/build/node/test-bundle.cjs.js","NonFunctionalStatement","[{""startLine"":2769,""endLine"":2769}]",186,44
"packages/@pollyjs/core/build/node/test-bundle.cjs.js","NonFunctionalStatement","[{""startLine"":2770,""endLine"":2770}]",186,44
"packages/@pollyjs/core/build/node/test-bundle.cjs.js","NonFunctionalStatement","[{""startLine"":2781,""endLine"":2781}]",186,44
"packages/@pollyjs/core/build/node/test-bundle.cjs.js","NonFunctionalStatement","[{""startLine"":4075,""endLine"":4075}]",186,44
"packages/@pollyjs/core/build/node/test-bundle.cjs.js","NonFunctionalStatement","[{""startLine"":4232,""endLine"":4232}]",186,44
"packages/@pollyjs/core/build/node/test-bundle.cjs.js","NonFunctionalStatement","[{""startLine"":4235,""endLine"":4235}]",186,44
"packages/@pollyjs/core/build/node/test-bundle.cjs.js","NonFunctionalStatement","[{""startLine"":4615,""endLine"":4615}]",186,44
"packages/@pollyjs/core/build/node/test-bundle.cjs.js","NonFunctionalStatement","[{""startLine"":4785,""endLine"":4785}]",186,44
"packages/@pollyjs/core/build/node/test-bundle.cjs.js","NonFunctionalStatement","[{""startLine"":5210,""endLine"":5210}]",186,44
"packages/@pollyjs/core/build/node/test-bundle.cjs.js","NonFunctionalStatement","[{""startLine"":5899,""endLine"":5899}]",186,44
"packages/@pollyjs/core/build/node/test-bundle.cjs.js","NonFunctionalStatement","[{""startLine"":6817,""endLine"":6817}]",186,44
"packages/@pollyjs/core/build/node/test-bundle.cjs.js","NonFunctionalStatement","[{""startLine"":7112,""endLine"":7112}]",186,44
"packages/@pollyjs/core/build/node/test-bundle.cjs.js","NonFunctionalStatement","[{""startLine"":7113,""endLine"":7113}]",186,44
"packages/@pollyjs/core/build/node/test-bundle.cjs.js","NonFunctionalStatement","[{""startLine"":7140,""endLine"":7140}]",186,44
"packages/@pollyjs/core/build/node/test-bundle.cjs.js","NonFunctionalStatement","[{""startLine"":7180,""endLine"":7180}]",186,44
"packages/@pollyjs/core/build/node/test-bundle.cjs.js","NonFunctionalStatement","[{""startLine"":7181,""endLine"":7181}]",186,44
"packages/@pollyjs/core/build/node/test-bundle.cjs.js","NonFunctionalStatement","[{""startLine"":7286,""endLine"":7286}]",186,44
"packages/@pollyjs/core/build/node/test-bundle.cjs.js","NonFunctionalStatement","[{""startLine"":7363,""endLine"":7363}]",186,44
"packages/@pollyjs/core/build/node/test-bundle.cjs.js","NonFunctionalStatement","[{""startLine"":7413,""endLine"":7413}]",186,44
"packages/@pollyjs/core/build/node/test-bundle.cjs.js","NonFunctionalStatement","[{""startLine"":7415,""endLine"":7415}]",186,44
"packages/@pollyjs/core/build/node/test-bundle.cjs.js","NonFunctionalStatement","[{""startLine"":7423,""endLine"":7423}]",186,44
"packages/@pollyjs/core/build/node/test-bundle.cjs.js","NonFunctionalStatement","[{""startLine"":7437,""endLine"":7437}]",186,44
"packages/@pollyjs/core/build/node/test-bundle.cjs.js","NonFunctionalStatement","[{""startLine"":7449,""endLine"":7449}]",186,44
"packages/@pollyjs/core/build/node/test-bundle.cjs.js","NonFunctionalStatement","[{""startLine"":7462,""endLine"":7462}]",186,44
"packages/@pollyjs/core/build/node/test-bundle.cjs.js","NonFunctionalStatement","[{""startLine"":7464,""endLine"":7464}]",186,44
"packages/@pollyjs/core/build/node/test-bundle.cjs.js","NonFunctionalStatement","[{""startLine"":7474,""endLine"":7474}]",186,44
"packages/@pollyjs/core/build/node/test-bundle.cjs.js","NonFunctionalStatement","[{""startLine"":7476,""endLine"":7476}]",186,44
"packages/@pollyjs/core/build/node/test-bundle.cjs.js","NonFunctionalStatement","[{""startLine"":7477,""endLine"":7477}]",186,44
"packages/@pollyjs/core/build/node/test-bundle.cjs.js","NonFunctionalStatement","[{""startLine"":7492,""endLine"":7492}]",186,44
"packages/@pollyjs/core/build/node/test-bundle.cjs.js","NonFunctionalStatement","[{""startLine"":7504,""endLine"":7504}]",186,44
"packages/@pollyjs/core/build/node/test-bundle.cjs.js","NonFunctionalStatement","[{""startLine"":7511,""endLine"":7511}]",186,44
"packages/@pollyjs/core/build/node/test-bundle.cjs.js","NonFunctionalStatement","[{""startLine"":7522,""endLine"":7522}]",186,44
"packages/@pollyjs/core/build/node/test-bundle.cjs.js","NonFunctionalStatement","[{""startLine"":7531,""endLine"":7531}]",186,44
"packages/@pollyjs/core/build/node/test-bundle.cjs.js","NonFunctionalStatement","[{""startLine"":7550,""endLine"":7550}]",186,44
"packages/@pollyjs/core/build/node/test-bundle.cjs.js","NonFunctionalStatement","[{""startLine"":7561,""endLine"":7561}]",186,44
"packages/@pollyjs/core/build/node/test-bundle.cjs.js","NonFunctionalStatement","[{""startLine"":7627,""endLine"":7627}]",186,44
"packages/@pollyjs/core/build/node/test-bundle.cjs.js","NonFunctionalStatement","[{""startLine"":7633,""endLine"":7633}]",186,44
"packages/@pollyjs/core/build/node/test-bundle.cjs.js","NonFunctionalStatement","[{""startLine"":7721,""endLine"":7721}]",186,44
"packages/@pollyjs/core/build/node/test-bundle.cjs.js","NonFunctionalStatement","[{""startLine"":7729,""endLine"":7729}]",186,44
"packages/@pollyjs/core/build/node/test-bundle.cjs.js","NonFunctionalStatement","[{""startLine"":7734,""endLine"":7734}]",186,44
"packages/@pollyjs/core/build/node/test-bundle.cjs.js","NonFunctionalStatement","[{""startLine"":7755,""endLine"":7755}]",186,44
"packages/@pollyjs/core/build/node/test-bundle.cjs.js","NonFunctionalStatement","[{""startLine"":7756,""endLine"":7756}]",186,44
"packages/@pollyjs/core/build/node/test-bundle.cjs.js","NonFunctionalStatement","[{""startLine"":7757,""endLine"":7757}]",186,44
"packages/@pollyjs/core/build/node/test-bundle.cjs.js","VerboseStatement","[{""startLine"":2705,""endLine"":2728}]",186,44
"packages/@pollyjs/core/build/node/test-bundle.cjs.js","VerboseStatement","[{""startLine"":2729,""endLine"":2745}]",186,44
"packages/@pollyjs/core/build/node/test-bundle.cjs.js","VerboseStatement","[{""startLine"":2746,""endLine"":2763}]",186,44
"packages/@pollyjs/core/build/node/test-bundle.cjs.js","VerboseStatement","[{""startLine"":7469,""endLine"":7487}]",186,44
"packages/@pollyjs/core/build/browser/test-bundle.es.js","AnonymousTest","[{""startLine"":6926,""endLine"":6929}]",186,44
"packages/@pollyjs/core/build/browser/test-bundle.es.js","AnonymousTest","[{""startLine"":6934,""endLine"":6937}]",186,44
"packages/@pollyjs/core/build/browser/test-bundle.es.js","AnonymousTest","[{""startLine"":6965,""endLine"":6969}]",186,44
"packages/@pollyjs/core/build/browser/test-bundle.es.js","AnonymousTest","[{""startLine"":7379,""endLine"":7386}]",186,44
"packages/@pollyjs/core/build/browser/test-bundle.es.js","AnonymousTest","[{""startLine"":7399,""endLine"":7407}]",186,44
"packages/@pollyjs/core/build/browser/test-bundle.es.js","AnonymousTest","[{""startLine"":7408,""endLine"":7420}]",186,44
"packages/@pollyjs/core/build/browser/test-bundle.es.js","AnonymousTest","[{""startLine"":7445,""endLine"":7461}]",186,44
"packages/@pollyjs/core/build/browser/test-bundle.es.js","AnonymousTest","[{""startLine"":7462,""endLine"":7479}]",186,44
"packages/@pollyjs/core/build/browser/test-bundle.es.js","AnonymousTest","[{""startLine"":7480,""endLine"":7493}]",186,44
"packages/@pollyjs/core/build/browser/test-bundle.es.js","AnonymousTest","[{""startLine"":7494,""endLine"":7501}]",186,44
"packages/@pollyjs/core/build/browser/test-bundle.es.js","AnonymousTest","[{""startLine"":7502,""endLine"":7513}]",186,44
"packages/@pollyjs/core/build/browser/test-bundle.es.js","AnonymousTest","[{""startLine"":7524,""endLine"":7538}]",186,44
"packages/@pollyjs/core/build/browser/test-bundle.es.js","AnonymousTest","[{""startLine"":7549,""endLine"":7558}]",186,44
"packages/@pollyjs/core/build/browser/test-bundle.es.js","AnonymousTest","[{""startLine"":7574,""endLine"":7576}]",186,44
"packages/@pollyjs/core/build/browser/test-bundle.es.js","AnonymousTest","[{""startLine"":7598,""endLine"":7603}]",186,44
"packages/@pollyjs/core/build/browser/test-bundle.es.js","AnonymousTest","[{""startLine"":7793,""endLine"":7796}]",186,44
"packages/@pollyjs/core/build/browser/test-bundle.es.js","AnonymousTest","[{""startLine"":7801,""endLine"":7815}]",186,44
"packages/@pollyjs/core/build/browser/test-bundle.es.js","AnonymousTest","[{""startLine"":7816,""endLine"":7830}]",186,44
"packages/@pollyjs/core/build/browser/test-bundle.es.js","AnonymousTest","[{""startLine"":7831,""endLine"":7848}]",186,44
"packages/@pollyjs/core/build/browser/test-bundle.es.js","AnonymousTest","[{""startLine"":7849,""endLine"":7876}]",186,44
"packages/@pollyjs/core/build/browser/test-bundle.es.js","AnonymousTest","[{""startLine"":7877,""endLine"":7891}]",186,44
"packages/@pollyjs/core/build/browser/test-bundle.es.js","AnonymousTest","[{""startLine"":7892,""endLine"":7902}]",186,44
"packages/@pollyjs/core/build/browser/test-bundle.es.js","AnonymousTest","[{""startLine"":7903,""endLine"":7906}]",186,44
"packages/@pollyjs/core/build/browser/test-bundle.es.js","AnonymousTest","[{""startLine"":7936,""endLine"":7943}]",186,44
"packages/@pollyjs/core/build/browser/test-bundle.es.js","AnonymousTest","[{""startLine"":7953,""endLine"":7960}]",186,44
"packages/@pollyjs/core/build/browser/test-bundle.es.js","AnonymousTest","[{""startLine"":7961,""endLine"":7971}]",186,44
"packages/@pollyjs/core/build/browser/test-bundle.es.js","AnonymousTest","[{""startLine"":8018,""endLine"":8020}]",186,44
"packages/@pollyjs/core/build/browser/test-bundle.es.js","AnonymousTest","[{""startLine"":8040,""endLine"":8047}]",186,44
"packages/@pollyjs/core/build/browser/test-bundle.es.js","AnonymousTest","[{""startLine"":8048,""endLine"":8055}]",186,44
"packages/@pollyjs/core/build/browser/test-bundle.es.js","AnonymousTest","[{""startLine"":8056,""endLine"":8061}]",186,44
"packages/@pollyjs/core/build/browser/test-bundle.es.js","AnonymousTest","[{""startLine"":8094,""endLine"":8097}]",186,44
"packages/@pollyjs/core/build/browser/test-bundle.es.js","AnonymousTest","[{""startLine"":8108,""endLine"":8115}]",186,44
"packages/@pollyjs/core/build/browser/test-bundle.es.js","AnonymousTest","[{""startLine"":8116,""endLine"":8120}]",186,44
"packages/@pollyjs/core/build/browser/test-bundle.es.js","AnonymousTest","[{""startLine"":8121,""endLine"":8135}]",186,44
"packages/@pollyjs/core/build/browser/test-bundle.es.js","AnonymousTest","[{""startLine"":14603,""endLine"":14605}]",186,44
"packages/@pollyjs/core/build/browser/test-bundle.es.js","AnonymousTest","[{""startLine"":14816,""endLine"":14821}]",186,44
"packages/@pollyjs/core/build/browser/test-bundle.es.js","AnonymousTest","[{""startLine"":14822,""endLine"":14827}]",186,44
"packages/@pollyjs/core/build/browser/test-bundle.es.js","AnonymousTest","[{""startLine"":14828,""endLine"":14833}]",186,44
"packages/@pollyjs/core/build/browser/test-bundle.es.js","AnonymousTest","[{""startLine"":14834,""endLine"":14841}]",186,44
"packages/@pollyjs/core/build/browser/test-bundle.es.js","AnonymousTest","[{""startLine"":14842,""endLine"":14853}]",186,44
"packages/@pollyjs/core/build/browser/test-bundle.es.js","AnonymousTest","[{""startLine"":14854,""endLine"":14861}]",186,44
"packages/@pollyjs/core/build/browser/test-bundle.es.js","AnonymousTest","[{""startLine"":14862,""endLine"":14883}]",186,44
"packages/@pollyjs/core/build/browser/test-bundle.es.js","AnonymousTest","[{""startLine"":14884,""endLine"":14907}]",186,44
"packages/@pollyjs/core/build/browser/test-bundle.es.js","AnonymousTest","[{""startLine"":14908,""endLine"":14932}]",186,44
"packages/@pollyjs/core/build/browser/test-bundle.es.js","AnonymousTest","[{""startLine"":14933,""endLine"":14937}]",186,44
"packages/@pollyjs/core/build/browser/test-bundle.es.js","AnonymousTest","[{""startLine"":14951,""endLine"":14957}]",186,44
"packages/@pollyjs/core/build/browser/test-bundle.es.js","AnonymousTest","[{""startLine"":14958,""endLine"":14967}]",186,44
"packages/@pollyjs/core/build/browser/test-bundle.es.js","AnonymousTest","[{""startLine"":14970,""endLine"":14979}]",186,44
"packages/@pollyjs/core/build/browser/test-bundle.es.js","AnonymousTest","[{""startLine"":14980,""endLine"":14989}]",186,44
"packages/@pollyjs/core/build/browser/test-bundle.es.js","AnonymousTest","[{""startLine"":15009,""endLine"":15019}]",186,44
"packages/@pollyjs/core/build/browser/test-bundle.es.js","AnonymousTest","[{""startLine"":15025,""endLine"":15027}]",186,44
"packages/@pollyjs/core/build/browser/test-bundle.es.js","AnonymousTest","[{""startLine"":15168,""endLine"":15175}]",186,44
"packages/@pollyjs/core/build/browser/test-bundle.es.js","AnonymousTest","[{""startLine"":15195,""endLine"":15203}]",186,44
"packages/@pollyjs/core/build/browser/test-bundle.es.js","AnonymousTest","[{""startLine"":15221,""endLine"":15238}]",186,44
"packages/@pollyjs/core/build/browser/test-bundle.es.js","AnonymousTest","[{""startLine"":15252,""endLine"":15263}]",186,44
"packages/@pollyjs/core/build/browser/test-bundle.es.js","AnonymousTest","[{""startLine"":15272,""endLine"":15286}]",186,44
"packages/@pollyjs/core/build/browser/test-bundle.es.js","AnonymousTest","[{""startLine"":15301,""endLine"":15304}]",186,44
"packages/@pollyjs/core/build/browser/test-bundle.es.js","AnonymousTest","[{""startLine"":15449,""endLine"":15453}]",186,44
"packages/@pollyjs/core/build/browser/test-bundle.es.js","AnonymousTest","[{""startLine"":15484,""endLine"":15488}]",186,44
"packages/@pollyjs/core/build/browser/test-bundle.es.js","AnonymousTest","[{""startLine"":15507,""endLine"":15509}]",186,44
"packages/@pollyjs/core/build/browser/test-bundle.es.js","AnonymousTest","[{""startLine"":15527,""endLine"":15529}]",186,44
"packages/@pollyjs/core/build/browser/test-bundle.es.js","AnonymousTest","[{""startLine"":15591,""endLine"":15593}]",186,44
"packages/@pollyjs/core/build/browser/test-bundle.es.js","AnonymousTest","[{""startLine"":15629,""endLine"":15634}]",186,44
"packages/@pollyjs/core/build/browser/test-bundle.es.js","AnonymousTest","[{""startLine"":15775,""endLine"":15777}]",186,44
"packages/@pollyjs/core/build/browser/test-bundle.es.js","AnonymousTest","[{""startLine"":15791,""endLine"":15793}]",186,44
"packages/@pollyjs/core/build/browser/test-bundle.es.js","AnonymousTest","[{""startLine"":15834,""endLine"":15838}]",186,44
"packages/@pollyjs/core/build/browser/test-bundle.es.js","SensitiveEquality","[{""startLine"":3719,""endLine"":3719}]",186,44
"packages/@pollyjs/core/build/browser/test-bundle.es.js","SensitiveEquality","[{""startLine"":4978,""endLine"":4979}]",186,44
"packages/@pollyjs/core/build/browser/test-bundle.es.js","SensitiveEquality","[{""startLine"":6319,""endLine"":6319}]",186,44
"packages/@pollyjs/core/build/browser/test-bundle.es.js","IdenticalTestDescription","[{""startLine"":7379,""endLine"":7386}]",186,44
"packages/@pollyjs/core/build/browser/test-bundle.es.js","IdenticalTestDescription","[{""startLine"":7574,""endLine"":7576}]",186,44
"packages/@pollyjs/core/build/browser/test-bundle.es.js","IdenticalTestDescription","[{""startLine"":7793,""endLine"":7796}]",186,44
"packages/@pollyjs/core/build/browser/test-bundle.es.js","IdenticalTestDescription","[{""startLine"":8018,""endLine"":8020}]",186,44
"packages/@pollyjs/core/build/browser/test-bundle.es.js","IdenticalTestDescription","[{""startLine"":8021,""endLine"":8028}]",186,44
"packages/@pollyjs/core/build/browser/test-bundle.es.js","IdenticalTestDescription","[{""startLine"":8056,""endLine"":8061}]",186,44
"packages/@pollyjs/core/build/browser/test-bundle.es.js","IdenticalTestDescription","[{""startLine"":8094,""endLine"":8097}]",186,44
"packages/@pollyjs/core/build/browser/test-bundle.es.js","IdenticalTestDescription","[{""startLine"":8121,""endLine"":8135}]",186,44
"packages/@pollyjs/core/build/browser/test-bundle.es.js","IdenticalTestDescription","[{""startLine"":8136,""endLine"":8139}]",186,44
"packages/@pollyjs/core/build/browser/test-bundle.es.js","IdenticalTestDescription","[{""startLine"":14603,""endLine"":14605}]",186,44
"packages/@pollyjs/core/build/browser/test-bundle.es.js","IdenticalTestDescription","[{""startLine"":14828,""endLine"":14833}]",186,44
"packages/@pollyjs/core/build/browser/test-bundle.es.js","IdenticalTestDescription","[{""startLine"":14951,""endLine"":14957}]",186,44
"packages/@pollyjs/core/build/browser/test-bundle.es.js","IdenticalTestDescription","[{""startLine"":15025,""endLine"":15027}]",186,44
"packages/@pollyjs/core/build/browser/test-bundle.es.js","IdenticalTestDescription","[{""startLine"":15195,""endLine"":15203}]",186,44
"packages/@pollyjs/core/build/browser/test-bundle.es.js","IdenticalTestDescription","[{""startLine"":15221,""endLine"":15238}]",186,44
"packages/@pollyjs/core/build/browser/test-bundle.es.js","IdenticalTestDescription","[{""startLine"":15252,""endLine"":15263}]",186,44
"packages/@pollyjs/core/build/browser/test-bundle.es.js","IdenticalTestDescription","[{""startLine"":15272,""endLine"":15286}]",186,44
"packages/@pollyjs/core/build/browser/test-bundle.es.js","IdenticalTestDescription","[{""startLine"":15287,""endLine"":15292}]",186,44
"packages/@pollyjs/core/build/browser/test-bundle.es.js","IdenticalTestDescription","[{""startLine"":15301,""endLine"":15304}]",186,44
"packages/@pollyjs/core/build/browser/test-bundle.es.js","IdenticalTestDescription","[{""startLine"":15449,""endLine"":15453}]",186,44
"packages/@pollyjs/core/build/browser/test-bundle.es.js","IdenticalTestDescription","[{""startLine"":15484,""endLine"":15488}]",186,44
"packages/@pollyjs/core/build/browser/test-bundle.es.js","IdenticalTestDescription","[{""startLine"":15507,""endLine"":15509}]",186,44
"packages/@pollyjs/core/build/browser/test-bundle.es.js","IdenticalTestDescription","[{""startLine"":15527,""endLine"":15529}]",186,44
"packages/@pollyjs/core/build/browser/test-bundle.es.js","IdenticalTestDescription","[{""startLine"":15591,""endLine"":15593}]",186,44
"packages/@pollyjs/core/build/browser/test-bundle.es.js","IdenticalTestDescription","[{""startLine"":15629,""endLine"":15634}]",186,44
"packages/@pollyjs/core/build/browser/test-bundle.es.js","IdenticalTestDescription","[{""startLine"":15677,""endLine"":15689}]",186,44
"packages/@pollyjs/core/build/browser/test-bundle.es.js","IdenticalTestDescription","[{""startLine"":15690,""endLine"":15700}]",186,44
"packages/@pollyjs/core/build/browser/test-bundle.es.js","IdenticalTestDescription","[{""startLine"":15737,""endLine"":15739}]",186,44
"packages/@pollyjs/core/build/browser/test-bundle.es.js","IdenticalTestDescription","[{""startLine"":15740,""endLine"":15747}]",186,44
"packages/@pollyjs/core/build/browser/test-bundle.es.js","IdenticalTestDescription","[{""startLine"":15760,""endLine"":15762}]",186,44
"packages/@pollyjs/core/build/browser/test-bundle.es.js","IdenticalTestDescription","[{""startLine"":15763,""endLine"":15770}]",186,44
"packages/@pollyjs/core/build/browser/test-bundle.es.js","IdenticalTestDescription","[{""startLine"":15775,""endLine"":15777}]",186,44
"packages/@pollyjs/core/build/browser/test-bundle.es.js","IdenticalTestDescription","[{""startLine"":15791,""endLine"":15793}]",186,44
"packages/@pollyjs/core/build/browser/test-bundle.es.js","IdenticalTestDescription","[{""startLine"":15834,""endLine"":15838}]",186,44
"packages/@pollyjs/core/build/browser/test-bundle.es.js","NonFunctionalStatement","[{""startLine"":2686,""endLine"":2686}]",186,44
"packages/@pollyjs/core/build/browser/test-bundle.es.js","NonFunctionalStatement","[{""startLine"":2709,""endLine"":2709}]",186,44
"packages/@pollyjs/core/build/browser/test-bundle.es.js","NonFunctionalStatement","[{""startLine"":3336,""endLine"":3336}]",186,44
"packages/@pollyjs/core/build/browser/test-bundle.es.js","NonFunctionalStatement","[{""startLine"":3347,""endLine"":3347}]",186,44
"packages/@pollyjs/core/build/browser/test-bundle.es.js","NonFunctionalStatement","[{""startLine"":3387,""endLine"":3387}]",186,44
"packages/@pollyjs/core/build/browser/test-bundle.es.js","NonFunctionalStatement","[{""startLine"":3403,""endLine"":3403}]",186,44
"packages/@pollyjs/core/build/browser/test-bundle.es.js","NonFunctionalStatement","[{""startLine"":3414,""endLine"":3414}]",186,44
"packages/@pollyjs/core/build/browser/test-bundle.es.js","NonFunctionalStatement","[{""startLine"":3430,""endLine"":3430}]",186,44
"packages/@pollyjs/core/build/browser/test-bundle.es.js","NonFunctionalStatement","[{""startLine"":3446,""endLine"":3446}]",186,44
"packages/@pollyjs/core/build/browser/test-bundle.es.js","NonFunctionalStatement","[{""startLine"":4626,""endLine"":4626}]",186,44
"packages/@pollyjs/core/build/browser/test-bundle.es.js","NonFunctionalStatement","[{""startLine"":4631,""endLine"":4631}]",186,44
"packages/@pollyjs/core/build/browser/test-bundle.es.js","NonFunctionalStatement","[{""startLine"":4687,""endLine"":4687}]",186,44
"packages/@pollyjs/core/build/browser/test-bundle.es.js","NonFunctionalStatement","[{""startLine"":4691,""endLine"":4691}]",186,44
"packages/@pollyjs/core/build/browser/test-bundle.es.js","NonFunctionalStatement","[{""startLine"":7400,""endLine"":7400}]",186,44
"packages/@pollyjs/core/build/browser/test-bundle.es.js","NonFunctionalStatement","[{""startLine"":7416,""endLine"":7416}]",186,44
"packages/@pollyjs/core/build/browser/test-bundle.es.js","NonFunctionalStatement","[{""startLine"":7464,""endLine"":7464}]",186,44
"packages/@pollyjs/core/build/browser/test-bundle.es.js","NonFunctionalStatement","[{""startLine"":7466,""endLine"":7466}]",186,44
"packages/@pollyjs/core/build/browser/test-bundle.es.js","NonFunctionalStatement","[{""startLine"":7467,""endLine"":7467}]",186,44
"packages/@pollyjs/core/build/browser/test-bundle.es.js","NonFunctionalStatement","[{""startLine"":7484,""endLine"":7484}]",186,44
"packages/@pollyjs/core/build/browser/test-bundle.es.js","NonFunctionalStatement","[{""startLine"":7485,""endLine"":7485}]",186,44
"packages/@pollyjs/core/build/browser/test-bundle.es.js","NonFunctionalStatement","[{""startLine"":7486,""endLine"":7486}]",186,44
"packages/@pollyjs/core/build/browser/test-bundle.es.js","NonFunctionalStatement","[{""startLine"":7497,""endLine"":7497}]",186,44
"packages/@pollyjs/core/build/browser/test-bundle.es.js","NonFunctionalStatement","[{""startLine"":8350,""endLine"":8350}]",186,44
"packages/@pollyjs/core/build/browser/test-bundle.es.js","NonFunctionalStatement","[{""startLine"":8469,""endLine"":8469}]",186,44
"packages/@pollyjs/core/build/browser/test-bundle.es.js","NonFunctionalStatement","[{""startLine"":8475,""endLine"":8475}]",186,44
"packages/@pollyjs/core/build/browser/test-bundle.es.js","NonFunctionalStatement","[{""startLine"":8485,""endLine"":8485}]",186,44
"packages/@pollyjs/core/build/browser/test-bundle.es.js","NonFunctionalStatement","[{""startLine"":8496,""endLine"":8496}]",186,44
"packages/@pollyjs/core/build/browser/test-bundle.es.js","NonFunctionalStatement","[{""startLine"":8514,""endLine"":8514}]",186,44
"packages/@pollyjs/core/build/browser/test-bundle.es.js","NonFunctionalStatement","[{""startLine"":8520,""endLine"":8520}]",186,44
"packages/@pollyjs/core/build/browser/test-bundle.es.js","NonFunctionalStatement","[{""startLine"":9633,""endLine"":9633}]",186,44
"packages/@pollyjs/core/build/browser/test-bundle.es.js","NonFunctionalStatement","[{""startLine"":9790,""endLine"":9790}]",186,44
"packages/@pollyjs/core/build/browser/test-bundle.es.js","NonFunctionalStatement","[{""startLine"":9793,""endLine"":9793}]",186,44
"packages/@pollyjs/core/build/browser/test-bundle.es.js","NonFunctionalStatement","[{""startLine"":10173,""endLine"":10173}]",186,44
"packages/@pollyjs/core/build/browser/test-bundle.es.js","NonFunctionalStatement","[{""startLine"":10343,""endLine"":10343}]",186,44
"packages/@pollyjs/core/build/browser/test-bundle.es.js","NonFunctionalStatement","[{""startLine"":10768,""endLine"":10768}]",186,44
"packages/@pollyjs/core/build/browser/test-bundle.es.js","NonFunctionalStatement","[{""startLine"":11457,""endLine"":11457}]",186,44
"packages/@pollyjs/core/build/browser/test-bundle.es.js","NonFunctionalStatement","[{""startLine"":13057,""endLine"":13057}]",186,44
"packages/@pollyjs/core/build/browser/test-bundle.es.js","NonFunctionalStatement","[{""startLine"":13542,""endLine"":13542}]",186,44
"packages/@pollyjs/core/build/browser/test-bundle.es.js","NonFunctionalStatement","[{""startLine"":13596,""endLine"":13596}]",186,44
"packages/@pollyjs/core/build/browser/test-bundle.es.js","NonFunctionalStatement","[{""startLine"":14740,""endLine"":14740}]",186,44
"packages/@pollyjs/core/build/browser/test-bundle.es.js","NonFunctionalStatement","[{""startLine"":14741,""endLine"":14741}]",186,44
"packages/@pollyjs/core/build/browser/test-bundle.es.js","NonFunctionalStatement","[{""startLine"":14768,""endLine"":14768}]",186,44
"packages/@pollyjs/core/build/browser/test-bundle.es.js","NonFunctionalStatement","[{""startLine"":14808,""endLine"":14808}]",186,44
"packages/@pollyjs/core/build/browser/test-bundle.es.js","NonFunctionalStatement","[{""startLine"":14809,""endLine"":14809}]",186,44
"packages/@pollyjs/core/build/browser/test-bundle.es.js","NonFunctionalStatement","[{""startLine"":14914,""endLine"":14914}]",186,44
"packages/@pollyjs/core/build/browser/test-bundle.es.js","NonFunctionalStatement","[{""startLine"":14991,""endLine"":14991}]",186,44
"packages/@pollyjs/core/build/browser/test-bundle.es.js","NonFunctionalStatement","[{""startLine"":15041,""endLine"":15041}]",186,44
"packages/@pollyjs/core/build/browser/test-bundle.es.js","NonFunctionalStatement","[{""startLine"":15043,""endLine"":15043}]",186,44
"packages/@pollyjs/core/build/browser/test-bundle.es.js","NonFunctionalStatement","[{""startLine"":15051,""endLine"":15051}]",186,44
"packages/@pollyjs/core/build/browser/test-bundle.es.js","NonFunctionalStatement","[{""startLine"":15065,""endLine"":15065}]",186,44
"packages/@pollyjs/core/build/browser/test-bundle.es.js","NonFunctionalStatement","[{""startLine"":15077,""endLine"":15077}]",186,44
"packages/@pollyjs/core/build/browser/test-bundle.es.js","NonFunctionalStatement","[{""startLine"":15090,""endLine"":15090}]",186,44
"packages/@pollyjs/core/build/browser/test-bundle.es.js","NonFunctionalStatement","[{""startLine"":15092,""endLine"":15092}]",186,44
"packages/@pollyjs/core/build/browser/test-bundle.es.js","NonFunctionalStatement","[{""startLine"":15102,""endLine"":15102}]",186,44
"packages/@pollyjs/core/build/browser/test-bundle.es.js","NonFunctionalStatement","[{""startLine"":15104,""endLine"":15104}]",186,44
"packages/@pollyjs/core/build/browser/test-bundle.es.js","NonFunctionalStatement","[{""startLine"":15105,""endLine"":15105}]",186,44
"packages/@pollyjs/core/build/browser/test-bundle.es.js","NonFunctionalStatement","[{""startLine"":15120,""endLine"":15120}]",186,44
"packages/@pollyjs/core/build/browser/test-bundle.es.js","NonFunctionalStatement","[{""startLine"":15132,""endLine"":15132}]",186,44
"packages/@pollyjs/core/build/browser/test-bundle.es.js","NonFunctionalStatement","[{""startLine"":15139,""endLine"":15139}]",186,44
"packages/@pollyjs/core/build/browser/test-bundle.es.js","NonFunctionalStatement","[{""startLine"":15150,""endLine"":15150}]",186,44
"packages/@pollyjs/core/build/browser/test-bundle.es.js","NonFunctionalStatement","[{""startLine"":15159,""endLine"":15159}]",186,44
"packages/@pollyjs/core/build/browser/test-bundle.es.js","NonFunctionalStatement","[{""startLine"":15178,""endLine"":15178}]",186,44
"packages/@pollyjs/core/build/browser/test-bundle.es.js","NonFunctionalStatement","[{""startLine"":15189,""endLine"":15189}]",186,44
"packages/@pollyjs/core/build/browser/test-bundle.es.js","NonFunctionalStatement","[{""startLine"":15255,""endLine"":15255}]",186,44
"packages/@pollyjs/core/build/browser/test-bundle.es.js","NonFunctionalStatement","[{""startLine"":15261,""endLine"":15261}]",186,44
"packages/@pollyjs/core/build/browser/test-bundle.es.js","NonFunctionalStatement","[{""startLine"":15349,""endLine"":15349}]",186,44
"packages/@pollyjs/core/build/browser/test-bundle.es.js","NonFunctionalStatement","[{""startLine"":15357,""endLine"":15357}]",186,44
"packages/@pollyjs/core/build/browser/test-bundle.es.js","NonFunctionalStatement","[{""startLine"":15362,""endLine"":15362}]",186,44
"packages/@pollyjs/core/build/browser/test-bundle.es.js","NonFunctionalStatement","[{""startLine"":15383,""endLine"":15383}]",186,44
"packages/@pollyjs/core/build/browser/test-bundle.es.js","NonFunctionalStatement","[{""startLine"":15384,""endLine"":15384}]",186,44
"packages/@pollyjs/core/build/browser/test-bundle.es.js","NonFunctionalStatement","[{""startLine"":15385,""endLine"":15385}]",186,44
"packages/@pollyjs/core/build/browser/test-bundle.es.js","VerboseStatement","[{""startLine"":7421,""endLine"":7444}]",186,44
"packages/@pollyjs/core/build/browser/test-bundle.es.js","VerboseStatement","[{""startLine"":7445,""endLine"":7461}]",186,44
"packages/@pollyjs/core/build/browser/test-bundle.es.js","VerboseStatement","[{""startLine"":7462,""endLine"":7479}]",186,44
"packages/@pollyjs/core/build/browser/test-bundle.es.js","VerboseStatement","[{""startLine"":15097,""endLine"":15115}]",186,44
"packages/@pollyjs/adapter-xhr/build/browser/test-bundle.es.js","AnonymousTest","[{""startLine"":12715,""endLine"":12727}]",22,8
"packages/@pollyjs/adapter-xhr/build/browser/test-bundle.es.js","AnonymousTest","[{""startLine"":12728,""endLine"":12738}]",22,8
"packages/@pollyjs/adapter-xhr/build/browser/test-bundle.es.js","SensitiveEquality","[{""startLine"":4299,""endLine"":4299}]",22,8
"packages/@pollyjs/adapter-xhr/build/browser/test-bundle.es.js","SensitiveEquality","[{""startLine"":5563,""endLine"":5564}]",22,8
"packages/@pollyjs/adapter-xhr/build/browser/test-bundle.es.js","SensitiveEquality","[{""startLine"":6911,""endLine"":6911}]",22,8
"packages/@pollyjs/adapter-xhr/build/browser/test-bundle.es.js","SensitiveEquality","[{""startLine"":15442,""endLine"":15443}]",22,8
"packages/@pollyjs/adapter-xhr/build/browser/test-bundle.es.js","SensitiveEquality","[{""startLine"":16790,""endLine"":16790}]",22,8
"packages/@pollyjs/adapter-xhr/build/browser/test-bundle.es.js","ConditionalTestLogic","[{""startLine"":12851,""endLine"":12853}]",22,8
"packages/@pollyjs/adapter-xhr/build/browser/test-bundle.es.js","NonFunctionalStatement","[{""startLine"":3266,""endLine"":3266}]",22,8
"packages/@pollyjs/adapter-xhr/build/browser/test-bundle.es.js","NonFunctionalStatement","[{""startLine"":3289,""endLine"":3289}]",22,8
"packages/@pollyjs/adapter-xhr/build/browser/test-bundle.es.js","NonFunctionalStatement","[{""startLine"":3916,""endLine"":3916}]",22,8
"packages/@pollyjs/adapter-xhr/build/browser/test-bundle.es.js","NonFunctionalStatement","[{""startLine"":3927,""endLine"":3927}]",22,8
"packages/@pollyjs/adapter-xhr/build/browser/test-bundle.es.js","NonFunctionalStatement","[{""startLine"":3967,""endLine"":3967}]",22,8
"packages/@pollyjs/adapter-xhr/build/browser/test-bundle.es.js","NonFunctionalStatement","[{""startLine"":3983,""endLine"":3983}]",22,8
"packages/@pollyjs/adapter-xhr/build/browser/test-bundle.es.js","NonFunctionalStatement","[{""startLine"":3994,""endLine"":3994}]",22,8
"packages/@pollyjs/adapter-xhr/build/browser/test-bundle.es.js","NonFunctionalStatement","[{""startLine"":4010,""endLine"":4010}]",22,8
"packages/@pollyjs/adapter-xhr/build/browser/test-bundle.es.js","NonFunctionalStatement","[{""startLine"":4026,""endLine"":4026}]",22,8
"packages/@pollyjs/adapter-xhr/build/browser/test-bundle.es.js","NonFunctionalStatement","[{""startLine"":5206,""endLine"":5206}]",22,8
"packages/@pollyjs/adapter-xhr/build/browser/test-bundle.es.js","NonFunctionalStatement","[{""startLine"":5211,""endLine"":5211}]",22,8
"packages/@pollyjs/adapter-xhr/build/browser/test-bundle.es.js","NonFunctionalStatement","[{""startLine"":5267,""endLine"":5267}]",22,8
"packages/@pollyjs/adapter-xhr/build/browser/test-bundle.es.js","NonFunctionalStatement","[{""startLine"":5271,""endLine"":5271}]",22,8
"packages/@pollyjs/adapter-xhr/build/browser/test-bundle.es.js","NonFunctionalStatement","[{""startLine"":7132,""endLine"":7132}]",22,8
"packages/@pollyjs/adapter-xhr/build/browser/test-bundle.es.js","NonFunctionalStatement","[{""startLine"":7251,""endLine"":7251}]",22,8
"packages/@pollyjs/adapter-xhr/build/browser/test-bundle.es.js","NonFunctionalStatement","[{""startLine"":7257,""endLine"":7257}]",22,8
"packages/@pollyjs/adapter-xhr/build/browser/test-bundle.es.js","NonFunctionalStatement","[{""startLine"":7267,""endLine"":7267}]",22,8
"packages/@pollyjs/adapter-xhr/build/browser/test-bundle.es.js","NonFunctionalStatement","[{""startLine"":7278,""endLine"":7278}]",22,8
"packages/@pollyjs/adapter-xhr/build/browser/test-bundle.es.js","NonFunctionalStatement","[{""startLine"":7296,""endLine"":7296}]",22,8
"packages/@pollyjs/adapter-xhr/build/browser/test-bundle.es.js","NonFunctionalStatement","[{""startLine"":7302,""endLine"":7302}]",22,8
"packages/@pollyjs/adapter-xhr/build/browser/test-bundle.es.js","NonFunctionalStatement","[{""startLine"":8607,""endLine"":8607}]",22,8
"packages/@pollyjs/adapter-xhr/build/browser/test-bundle.es.js","NonFunctionalStatement","[{""startLine"":8764,""endLine"":8764}]",22,8
"packages/@pollyjs/adapter-xhr/build/browser/test-bundle.es.js","NonFunctionalStatement","[{""startLine"":8767,""endLine"":8767}]",22,8
"packages/@pollyjs/adapter-xhr/build/browser/test-bundle.es.js","NonFunctionalStatement","[{""startLine"":9147,""endLine"":9147}]",22,8
"packages/@pollyjs/adapter-xhr/build/browser/test-bundle.es.js","NonFunctionalStatement","[{""startLine"":9317,""endLine"":9317}]",22,8
"packages/@pollyjs/adapter-xhr/build/browser/test-bundle.es.js","NonFunctionalStatement","[{""startLine"":9742,""endLine"":9742}]",22,8
"packages/@pollyjs/adapter-xhr/build/browser/test-bundle.es.js","NonFunctionalStatement","[{""startLine"":10431,""endLine"":10431}]",22,8
"packages/@pollyjs/adapter-xhr/build/browser/test-bundle.es.js","NonFunctionalStatement","[{""startLine"":12490,""endLine"":12490}]",22,8
"packages/@pollyjs/adapter-xhr/build/browser/test-bundle.es.js","NonFunctionalStatement","[{""startLine"":12977,""endLine"":12977}]",22,8
"packages/@pollyjs/adapter-xhr/build/browser/test-bundle.es.js","NonFunctionalStatement","[{""startLine"":15052,""endLine"":15052}]",22,8
"packages/@pollyjs/adapter-xhr/build/browser/test-bundle.es.js","NonFunctionalStatement","[{""startLine"":15057,""endLine"":15057}]",22,8
"packages/@pollyjs/adapter-xhr/build/browser/test-bundle.es.js","NonFunctionalStatement","[{""startLine"":15113,""endLine"":15113}]",22,8
"packages/@pollyjs/adapter-xhr/build/browser/test-bundle.es.js","NonFunctionalStatement","[{""startLine"":15117,""endLine"":15117}]",22,8
"packages/@pollyjs/adapter-xhr/build/browser/test-bundle.es.js","NonFunctionalStatement","[{""startLine"":21065,""endLine"":21065}]",22,8
"packages/@pollyjs/adapter-xhr/build/browser/test-bundle.es.js","NonFunctionalStatement","[{""startLine"":21120,""endLine"":21120}]",22,8
"packages/@pollyjs/adapter-xhr/build/browser/test-bundle.es.js","NonFunctionalStatement","[{""startLine"":22614,""endLine"":22614}]",22,8
"packages/@pollyjs/adapter-xhr/build/browser/test-bundle.es.js","NonFunctionalStatement","[{""startLine"":22668,""endLine"":22668}]",22,8
"packages/@pollyjs/adapter-xhr/build/browser/test-bundle.es.js","VerboseStatement","[{""startLine"":12789,""endLine"":12816}]",22,8
"packages/@pollyjs/adapter-puppeteer/build/node/test-bundle.cjs.js","AnonymousTest","[{""startLine"":6882,""endLine"":6894}]",18,4
"packages/@pollyjs/adapter-puppeteer/build/node/test-bundle.cjs.js","AnonymousTest","[{""startLine"":6895,""endLine"":6905}]",18,4
"packages/@pollyjs/adapter-puppeteer/build/node/test-bundle.cjs.js","IdenticalTestDescription","[{""startLine"":7949,""endLine"":7976}]",18,4
"packages/@pollyjs/adapter-puppeteer/build/node/test-bundle.cjs.js","ConditionalTestLogic","[{""startLine"":7018,""endLine"":7020}]",18,4
"packages/@pollyjs/adapter-puppeteer/build/node/test-bundle.cjs.js","NonFunctionalStatement","[{""startLine"":3682,""endLine"":3682}]",18,4
"packages/@pollyjs/adapter-puppeteer/build/node/test-bundle.cjs.js","NonFunctionalStatement","[{""startLine"":3836,""endLine"":3836}]",18,4
"packages/@pollyjs/adapter-puppeteer/build/node/test-bundle.cjs.js","NonFunctionalStatement","[{""startLine"":3839,""endLine"":3839}]",18,4
"packages/@pollyjs/adapter-puppeteer/build/node/test-bundle.cjs.js","NonFunctionalStatement","[{""startLine"":7809,""endLine"":7809}]",18,4
"packages/@pollyjs/adapter-puppeteer/build/node/test-bundle.cjs.js","VerboseStatement","[{""startLine"":6956,""endLine"":6983}]",18,4
"packages/@pollyjs/adapter-puppeteer/build/node/test-bundle.cjs.js","VerboseStatement","[{""startLine"":7949,""endLine"":7976}]",18,4
"packages/@pollyjs/adapter-node-http/build/node/test-bundle.cjs.js","AnonymousTest","[{""startLine"":1899,""endLine"":1911}]",41,11
"packages/@pollyjs/adapter-node-http/build/node/test-bundle.cjs.js","AnonymousTest","[{""startLine"":1912,""endLine"":1922}]",41,11
"packages/@pollyjs/adapter-node-http/build/node/test-bundle.cjs.js","AnonymousTest","[{""startLine"":32634,""endLine"":32636}]",41,11
"packages/@pollyjs/adapter-node-http/build/node/test-bundle.cjs.js","AnonymousTest","[{""startLine"":32637,""endLine"":32649}]",41,11
"packages/@pollyjs/adapter-node-http/build/node/test-bundle.cjs.js","SensitiveEquality","[{""startLine"":9818,""endLine"":9818}]",41,11
"packages/@pollyjs/adapter-node-http/build/node/test-bundle.cjs.js","SensitiveEquality","[{""startLine"":25316,""endLine"":25316}]",41,11
"packages/@pollyjs/adapter-node-http/build/node/test-bundle.cjs.js","ConditionalTestLogic","[{""startLine"":2035,""endLine"":2037}]",41,11
"packages/@pollyjs/adapter-node-http/build/node/test-bundle.cjs.js","NonFunctionalStatement","[{""startLine"":4787,""endLine"":4787}]",41,11
"packages/@pollyjs/adapter-node-http/build/node/test-bundle.cjs.js","NonFunctionalStatement","[{""startLine"":4941,""endLine"":4941}]",41,11
"packages/@pollyjs/adapter-node-http/build/node/test-bundle.cjs.js","NonFunctionalStatement","[{""startLine"":4944,""endLine"":4944}]",41,11
"packages/@pollyjs/adapter-node-http/build/node/test-bundle.cjs.js","NonFunctionalStatement","[{""startLine"":8727,""endLine"":8727}]",41,11
"packages/@pollyjs/adapter-node-http/build/node/test-bundle.cjs.js","NonFunctionalStatement","[{""startLine"":9339,""endLine"":9339}]",41,11
"packages/@pollyjs/adapter-node-http/build/node/test-bundle.cjs.js","NonFunctionalStatement","[{""startLine"":9342,""endLine"":9342}]",41,11
"packages/@pollyjs/adapter-node-http/build/node/test-bundle.cjs.js","NonFunctionalStatement","[{""startLine"":10806,""endLine"":10806}]",41,11
"packages/@pollyjs/adapter-node-http/build/node/test-bundle.cjs.js","NonFunctionalStatement","[{""startLine"":22176,""endLine"":22176}]",41,11
"packages/@pollyjs/adapter-node-http/build/node/test-bundle.cjs.js","NonFunctionalStatement","[{""startLine"":22333,""endLine"":22333}]",41,11
"packages/@pollyjs/adapter-node-http/build/node/test-bundle.cjs.js","NonFunctionalStatement","[{""startLine"":22336,""endLine"":22336}]",41,11
"packages/@pollyjs/adapter-node-http/build/node/test-bundle.cjs.js","NonFunctionalStatement","[{""startLine"":22412,""endLine"":22412}]",41,11
"packages/@pollyjs/adapter-node-http/build/node/test-bundle.cjs.js","NonFunctionalStatement","[{""startLine"":23924,""endLine"":23924}]",41,11
"packages/@pollyjs/adapter-node-http/build/node/test-bundle.cjs.js","NonFunctionalStatement","[{""startLine"":25645,""endLine"":25645}]",41,11
"packages/@pollyjs/adapter-node-http/build/node/test-bundle.cjs.js","NonFunctionalStatement","[{""startLine"":25646,""endLine"":25646}]",41,11
"packages/@pollyjs/adapter-node-http/build/node/test-bundle.cjs.js","NonFunctionalStatement","[{""startLine"":31035,""endLine"":31035}]",41,11
"packages/@pollyjs/adapter-node-http/build/node/test-bundle.cjs.js","VerboseStatement","[{""startLine"":1973,""endLine"":2000}]",41,11
"packages/@pollyjs/adapter-node-http/build/node/test-bundle.cjs.js","VerboseStatement","[{""startLine"":32273,""endLine"":32296}]",41,11
"packages/@pollyjs/adapter-node-http/build/node/test-bundle.cjs.js","VerboseStatement","[{""startLine"":32297,""endLine"":32324}]",41,11
"packages/@pollyjs/adapter-node-http/build/node/test-bundle.cjs.js","VerboseStatement","[{""startLine"":32364,""endLine"":32402}]",41,11
"packages/@pollyjs/adapter-node-http/build/node/test-bundle.cjs.js","VerboseStatement","[{""startLine"":32467,""endLine"":32496}]",41,11
"packages/@pollyjs/adapter-node-http/build/node/test-bundle.cjs.js","VerboseStatement","[{""startLine"":32497,""endLine"":32531}]",41,11
"packages/@pollyjs/adapter-node-http/build/node/test-bundle.cjs.js","VerboseStatement","[{""startLine"":32532,""endLine"":32566}]",41,11
"packages/@pollyjs/adapter-node-http/build/node/test-bundle.cjs.js","VerboseStatement","[{""startLine"":32567,""endLine"":32610}]",41,11
"packages/@pollyjs/adapter-node-http/build/jest/test-bundle.cjs.js","AnonymousTest","[{""startLine"":10354,""endLine"":10369}]",2,3
"packages/@pollyjs/adapter-node-http/build/jest/test-bundle.cjs.js","AnonymousTest","[{""startLine"":10389,""endLine"":10404}]",2,3
"packages/@pollyjs/adapter-node-http/build/jest/test-bundle.cjs.js","SensitiveEquality","[{""startLine"":9402,""endLine"":9402}]",2,3
"packages/@pollyjs/adapter-node-http/build/jest/test-bundle.cjs.js","IdenticalTestDescription","[{""startLine"":10389,""endLine"":10404}]",2,3
"packages/@pollyjs/adapter-node-http/build/jest/test-bundle.cjs.js","NonFunctionalStatement","[{""startLine"":3697,""endLine"":3697}]",2,3
"packages/@pollyjs/adapter-node-http/build/jest/test-bundle.cjs.js","NonFunctionalStatement","[{""startLine"":3851,""endLine"":3851}]",2,3
"packages/@pollyjs/adapter-node-http/build/jest/test-bundle.cjs.js","NonFunctionalStatement","[{""startLine"":3854,""endLine"":3854}]",2,3
"packages/@pollyjs/adapter-node-http/build/jest/test-bundle.cjs.js","NonFunctionalStatement","[{""startLine"":8311,""endLine"":8311}]",2,3
"packages/@pollyjs/adapter-node-http/build/jest/test-bundle.cjs.js","NonFunctionalStatement","[{""startLine"":8923,""endLine"":8923}]",2,3
"packages/@pollyjs/adapter-node-http/build/jest/test-bundle.cjs.js","NonFunctionalStatement","[{""startLine"":8926,""endLine"":8926}]",2,3
"packages/@pollyjs/adapter-node-http/build/jest/test-bundle.cjs.js","SubOptimalAssert","[{""startLine"":10364,""endLine"":10364}]",2,3
"packages/@pollyjs/adapter-node-http/build/jest/test-bundle.cjs.js","SubOptimalAssert","[{""startLine"":10399,""endLine"":10399}]",2,3
"packages/@pollyjs/adapter-fetch/build/browser/test-bundle.es.js","AnonymousTest","[{""startLine"":12715,""endLine"":12727}]",66,15
"packages/@pollyjs/adapter-fetch/build/browser/test-bundle.es.js","AnonymousTest","[{""startLine"":12728,""endLine"":12738}]",66,15
"packages/@pollyjs/adapter-fetch/build/browser/test-bundle.es.js","AnonymousTest","[{""startLine"":26883,""endLine"":26894}]",66,15
"packages/@pollyjs/adapter-fetch/build/browser/test-bundle.es.js","AnonymousTest","[{""startLine"":26908,""endLine"":26916}]",66,15
"packages/@pollyjs/adapter-fetch/build/browser/test-bundle.es.js","AnonymousTest","[{""startLine"":26954,""endLine"":26964}]",66,15
"packages/@pollyjs/adapter-fetch/build/browser/test-bundle.es.js","AnonymousTest","[{""startLine"":26983,""endLine"":27001}]",66,15
"packages/@pollyjs/adapter-fetch/build/browser/test-bundle.es.js","AnonymousTest","[{""startLine"":27002,""endLine"":27018}]",66,15
"packages/@pollyjs/adapter-fetch/build/browser/test-bundle.es.js","AnonymousTest","[{""startLine"":27019,""endLine"":27038}]",66,15
"packages/@pollyjs/adapter-fetch/build/browser/test-bundle.es.js","SensitiveEquality","[{""startLine"":4299,""endLine"":4299}]",66,15
"packages/@pollyjs/adapter-fetch/build/browser/test-bundle.es.js","SensitiveEquality","[{""startLine"":5563,""endLine"":5564}]",66,15
"packages/@pollyjs/adapter-fetch/build/browser/test-bundle.es.js","SensitiveEquality","[{""startLine"":6911,""endLine"":6911}]",66,15
"packages/@pollyjs/adapter-fetch/build/browser/test-bundle.es.js","SensitiveEquality","[{""startLine"":14454,""endLine"":14455}]",66,15
"packages/@pollyjs/adapter-fetch/build/browser/test-bundle.es.js","SensitiveEquality","[{""startLine"":15802,""endLine"":15802}]",66,15
"packages/@pollyjs/adapter-fetch/build/browser/test-bundle.es.js","SensitiveEquality","[{""startLine"":19381,""endLine"":19381}]",66,15
"packages/@pollyjs/adapter-fetch/build/browser/test-bundle.es.js","ConditionalTestLogic","[{""startLine"":12851,""endLine"":12853}]",66,15
"packages/@pollyjs/adapter-fetch/build/browser/test-bundle.es.js","NonFunctionalStatement","[{""startLine"":3266,""endLine"":3266}]",66,15
"packages/@pollyjs/adapter-fetch/build/browser/test-bundle.es.js","NonFunctionalStatement","[{""startLine"":3289,""endLine"":3289}]",66,15
"packages/@pollyjs/adapter-fetch/build/browser/test-bundle.es.js","NonFunctionalStatement","[{""startLine"":3916,""endLine"":3916}]",66,15
"packages/@pollyjs/adapter-fetch/build/browser/test-bundle.es.js","NonFunctionalStatement","[{""startLine"":3927,""endLine"":3927}]",66,15
"packages/@pollyjs/adapter-fetch/build/browser/test-bundle.es.js","NonFunctionalStatement","[{""startLine"":3967,""endLine"":3967}]",66,15
"packages/@pollyjs/adapter-fetch/build/browser/test-bundle.es.js","NonFunctionalStatement","[{""startLine"":3983,""endLine"":3983}]",66,15
"packages/@pollyjs/adapter-fetch/build/browser/test-bundle.es.js","NonFunctionalStatement","[{""startLine"":3994,""endLine"":3994}]",66,15
"packages/@pollyjs/adapter-fetch/build/browser/test-bundle.es.js","NonFunctionalStatement","[{""startLine"":4010,""endLine"":4010}]",66,15
"packages/@pollyjs/adapter-fetch/build/browser/test-bundle.es.js","NonFunctionalStatement","[{""startLine"":4026,""endLine"":4026}]",66,15
"packages/@pollyjs/adapter-fetch/build/browser/test-bundle.es.js","NonFunctionalStatement","[{""startLine"":5206,""endLine"":5206}]",66,15
"packages/@pollyjs/adapter-fetch/build/browser/test-bundle.es.js","NonFunctionalStatement","[{""startLine"":5211,""endLine"":5211}]",66,15
"packages/@pollyjs/adapter-fetch/build/browser/test-bundle.es.js","NonFunctionalStatement","[{""startLine"":5267,""endLine"":5267}]",66,15
"packages/@pollyjs/adapter-fetch/build/browser/test-bundle.es.js","NonFunctionalStatement","[{""startLine"":5271,""endLine"":5271}]",66,15
"packages/@pollyjs/adapter-fetch/build/browser/test-bundle.es.js","NonFunctionalStatement","[{""startLine"":7132,""endLine"":7132}]",66,15
"packages/@pollyjs/adapter-fetch/build/browser/test-bundle.es.js","NonFunctionalStatement","[{""startLine"":7251,""endLine"":7251}]",66,15
"packages/@pollyjs/adapter-fetch/build/browser/test-bundle.es.js","NonFunctionalStatement","[{""startLine"":7257,""endLine"":7257}]",66,15
"packages/@pollyjs/adapter-fetch/build/browser/test-bundle.es.js","NonFunctionalStatement","[{""startLine"":7267,""endLine"":7267}]",66,15
"packages/@pollyjs/adapter-fetch/build/browser/test-bundle.es.js","NonFunctionalStatement","[{""startLine"":7278,""endLine"":7278}]",66,15
"packages/@pollyjs/adapter-fetch/build/browser/test-bundle.es.js","NonFunctionalStatement","[{""startLine"":7296,""endLine"":7296}]",66,15
"packages/@pollyjs/adapter-fetch/build/browser/test-bundle.es.js","NonFunctionalStatement","[{""startLine"":7302,""endLine"":7302}]",66,15
"packages/@pollyjs/adapter-fetch/build/browser/test-bundle.es.js","NonFunctionalStatement","[{""startLine"":8607,""endLine"":8607}]",66,15
"packages/@pollyjs/adapter-fetch/build/browser/test-bundle.es.js","NonFunctionalStatement","[{""startLine"":8764,""endLine"":8764}]",66,15
"packages/@pollyjs/adapter-fetch/build/browser/test-bundle.es.js","NonFunctionalStatement","[{""startLine"":8767,""endLine"":8767}]",66,15
"packages/@pollyjs/adapter-fetch/build/browser/test-bundle.es.js","NonFunctionalStatement","[{""startLine"":9147,""endLine"":9147}]",66,15
"packages/@pollyjs/adapter-fetch/build/browser/test-bundle.es.js","NonFunctionalStatement","[{""startLine"":9317,""endLine"":9317}]",66,15
"packages/@pollyjs/adapter-fetch/build/browser/test-bundle.es.js","NonFunctionalStatement","[{""startLine"":9742,""endLine"":9742}]",66,15
"packages/@pollyjs/adapter-fetch/build/browser/test-bundle.es.js","NonFunctionalStatement","[{""startLine"":10431,""endLine"":10431}]",66,15
"packages/@pollyjs/adapter-fetch/build/browser/test-bundle.es.js","NonFunctionalStatement","[{""startLine"":12490,""endLine"":12490}]",66,15
"packages/@pollyjs/adapter-fetch/build/browser/test-bundle.es.js","NonFunctionalStatement","[{""startLine"":12997,""endLine"":12997}]",66,15
"packages/@pollyjs/adapter-fetch/build/browser/test-bundle.es.js","NonFunctionalStatement","[{""startLine"":14064,""endLine"":14064}]",66,15
"packages/@pollyjs/adapter-fetch/build/browser/test-bundle.es.js","NonFunctionalStatement","[{""startLine"":14069,""endLine"":14069}]",66,15
"packages/@pollyjs/adapter-fetch/build/browser/test-bundle.es.js","NonFunctionalStatement","[{""startLine"":14125,""endLine"":14125}]",66,15
"packages/@pollyjs/adapter-fetch/build/browser/test-bundle.es.js","NonFunctionalStatement","[{""startLine"":14129,""endLine"":14129}]",66,15
"packages/@pollyjs/adapter-fetch/build/browser/test-bundle.es.js","NonFunctionalStatement","[{""startLine"":16262,""endLine"":16262}]",66,15
"packages/@pollyjs/adapter-fetch/build/browser/test-bundle.es.js","NonFunctionalStatement","[{""startLine"":16316,""endLine"":16316}]",66,15
"packages/@pollyjs/adapter-fetch/build/browser/test-bundle.es.js","NonFunctionalStatement","[{""startLine"":17809,""endLine"":17809}]",66,15
"packages/@pollyjs/adapter-fetch/build/browser/test-bundle.es.js","NonFunctionalStatement","[{""startLine"":17874,""endLine"":17874}]",66,15
"packages/@pollyjs/adapter-fetch/build/browser/test-bundle.es.js","NonFunctionalStatement","[{""startLine"":17888,""endLine"":17888}]",66,15
"packages/@pollyjs/adapter-fetch/build/browser/test-bundle.es.js","NonFunctionalStatement","[{""startLine"":17902,""endLine"":17902}]",66,15
"packages/@pollyjs/adapter-fetch/build/browser/test-bundle.es.js","NonFunctionalStatement","[{""startLine"":17989,""endLine"":17989}]",66,15
"packages/@pollyjs/adapter-fetch/build/browser/test-bundle.es.js","NonFunctionalStatement","[{""startLine"":19710,""endLine"":19710}]",66,15
"packages/@pollyjs/adapter-fetch/build/browser/test-bundle.es.js","NonFunctionalStatement","[{""startLine"":19711,""endLine"":19711}]",66,15
"packages/@pollyjs/adapter-fetch/build/browser/test-bundle.es.js","NonFunctionalStatement","[{""startLine"":25100,""endLine"":25100}]",66,15
"packages/@pollyjs/adapter-fetch/build/browser/test-bundle.es.js","VerboseStatement","[{""startLine"":12789,""endLine"":12816}]",66,15
"packages/@pollyjs/adapter-fetch/build/browser/test-bundle.es.js","VerboseStatement","[{""startLine"":26338,""endLine"":26361}]",66,15
"packages/@pollyjs/adapter-fetch/build/browser/test-bundle.es.js","VerboseStatement","[{""startLine"":26362,""endLine"":26389}]",66,15
"packages/@pollyjs/adapter-fetch/build/browser/test-bundle.es.js","VerboseStatement","[{""startLine"":26429,""endLine"":26467}]",66,15
"packages/@pollyjs/adapter-fetch/build/browser/test-bundle.es.js","VerboseStatement","[{""startLine"":26532,""endLine"":26561}]",66,15
"packages/@pollyjs/adapter-fetch/build/browser/test-bundle.es.js","VerboseStatement","[{""startLine"":26562,""endLine"":26596}]",66,15
"packages/@pollyjs/adapter-fetch/build/browser/test-bundle.es.js","VerboseStatement","[{""startLine"":26597,""endLine"":26631}]",66,15
"packages/@pollyjs/adapter-fetch/build/browser/test-bundle.es.js","VerboseStatement","[{""startLine"":26632,""endLine"":26675}]",66,15
"packages/@pollyjs/adapter-fetch/build/browser/test-bundle.es.js","VerboseStatement","[{""startLine"":27132,""endLine"":27161}]",66,15
"packages/@pollyjs/adapter/build/node/test-bundle.cjs.js","AnonymousTest","[{""startLine"":1388,""endLine"":1390}]",5,4
"packages/@pollyjs/adapter/build/node/test-bundle.cjs.js","AnonymousTest","[{""startLine"":1394,""endLine"":1396}]",5,4
"packages/@pollyjs/adapter/build/node/test-bundle.cjs.js","AnonymousTest","[{""startLine"":1397,""endLine"":1405}]",5,4
"packages/@pollyjs/adapter/build/node/test-bundle.cjs.js","AnonymousTest","[{""startLine"":1409,""endLine"":1411}]",5,4
"packages/@pollyjs/adapter/build/node/test-bundle.cjs.js","AnonymousTest","[{""startLine"":1412,""endLine"":1416}]",5,4
"packages/@pollyjs/adapter/build/node/test-bundle.cjs.js","IdenticalTestDescription","[{""startLine"":1394,""endLine"":1396}]",5,4
"packages/@pollyjs/adapter/build/node/test-bundle.cjs.js","IdenticalTestDescription","[{""startLine"":1409,""endLine"":1411}]",5,4
"packages/@pollyjs/adapter/build/node/test-bundle.cjs.js","IdenticalTestDescription","[{""startLine"":1412,""endLine"":1416}]",5,4
"packages/@pollyjs/adapter/build/node/test-bundle.cjs.js","NonFunctionalStatement","[{""startLine"":1321,""endLine"":1321}]",5,4
"packages/@pollyjs/adapter/build/node/test-bundle.cjs.js","NonFunctionalStatement","[{""startLine"":1375,""endLine"":1375}]",5,4
"packages/@pollyjs/adapter/build/browser/test-bundle.es.js","AnonymousTest","[{""startLine"":4877,""endLine"":4879}]",5,4
"packages/@pollyjs/adapter/build/browser/test-bundle.es.js","AnonymousTest","[{""startLine"":4883,""endLine"":4885}]",5,4
"packages/@pollyjs/adapter/build/browser/test-bundle.es.js","AnonymousTest","[{""startLine"":4886,""endLine"":4894}]",5,4
"packages/@pollyjs/adapter/build/browser/test-bundle.es.js","AnonymousTest","[{""startLine"":4898,""endLine"":4900}]",5,4
"packages/@pollyjs/adapter/build/browser/test-bundle.es.js","AnonymousTest","[{""startLine"":4901,""endLine"":4905}]",5,4
"packages/@pollyjs/adapter/build/browser/test-bundle.es.js","SensitiveEquality","[{""startLine"":2433,""endLine"":2433}]",5,4
"packages/@pollyjs/adapter/build/browser/test-bundle.es.js","SensitiveEquality","[{""startLine"":2959,""endLine"":2960}]",5,4
"packages/@pollyjs/adapter/build/browser/test-bundle.es.js","SensitiveEquality","[{""startLine"":4300,""endLine"":4300}]",5,4
"packages/@pollyjs/adapter/build/browser/test-bundle.es.js","IdenticalTestDescription","[{""startLine"":4883,""endLine"":4885}]",5,4
"packages/@pollyjs/adapter/build/browser/test-bundle.es.js","IdenticalTestDescription","[{""startLine"":4898,""endLine"":4900}]",5,4
"packages/@pollyjs/adapter/build/browser/test-bundle.es.js","IdenticalTestDescription","[{""startLine"":4901,""endLine"":4905}]",5,4
"packages/@pollyjs/adapter/build/browser/test-bundle.es.js","NonFunctionalStatement","[{""startLine"":1970,""endLine"":1970}]",5,4
"packages/@pollyjs/adapter/build/browser/test-bundle.es.js","NonFunctionalStatement","[{""startLine"":1993,""endLine"":1993}]",5,4
"packages/@pollyjs/adapter/build/browser/test-bundle.es.js","NonFunctionalStatement","[{""startLine"":2410,""endLine"":2410}]",5,4
"packages/@pollyjs/adapter/build/browser/test-bundle.es.js","NonFunctionalStatement","[{""startLine"":2607,""endLine"":2607}]",5,4
"packages/@pollyjs/adapter/build/browser/test-bundle.es.js","NonFunctionalStatement","[{""startLine"":2612,""endLine"":2612}]",5,4
"packages/@pollyjs/adapter/build/browser/test-bundle.es.js","NonFunctionalStatement","[{""startLine"":2668,""endLine"":2668}]",5,4
"packages/@pollyjs/adapter/build/browser/test-bundle.es.js","NonFunctionalStatement","[{""startLine"":2672,""endLine"":2672}]",5,4
"packages/@pollyjs/adapter/build/browser/test-bundle.es.js","NonFunctionalStatement","[{""startLine"":4810,""endLine"":4810}]",5,4
"packages/@pollyjs/adapter/build/browser/test-bundle.es.js","NonFunctionalStatement","[{""startLine"":4864,""endLine"":4864}]",5,4
"tests/integration/persister-tests.js","VerboseStatement","[{""startLine"":27,""endLine"":49}]",14,0
"tests/integration/persister-tests.js","VerboseStatement","[{""startLine"":51,""endLine"":85}]",14,0
"tests/integration/persister-tests.js","VerboseStatement","[{""startLine"":134,""endLine"":173}]",14,0
"tests/integration/persister-tests.js","VerboseStatement","[{""startLine"":250,""endLine"":284}]",14,0
"tests/integration/persister-tests.js","VerboseStatement","[{""startLine"":286,""endLine"":325}]",14,0
"tests/integration/persister-tests.js","VerboseStatement","[{""startLine"":327,""endLine"":366}]",14,0
"tests/integration/persister-tests.js","VerboseStatement","[{""startLine"":368,""endLine"":417}]",14,0
"tests/integration/adapter-tests.js","AnonymousTest","[{""startLine"":77,""endLine"":89}]",16,1
"tests/integration/adapter-tests.js","AnonymousTest","[{""startLine"":91,""endLine"":99}]",16,1
"tests/integration/adapter-tests.js","ConditionalTestLogic","[{""startLine"":244,""endLine"":246}]",16,1
"tests/integration/adapter-tests.js","VerboseStatement","[{""startLine"":170,""endLine"":209}]",16,1
"tests/helpers/setup-persister.js","NonFunctionalStatement","[{""startLine"":6,""endLine"":6}]",0,0
"packages/@pollyjs/utils/tests/serializer-tests.js","AnonymousTest","[{""startLine"":2,""endLine"":4}]",3,0
"packages/@pollyjs/persister-fs/tests/unit/persister-test.js","AnonymousTest","[{""startLine"":19,""endLine"":21}]",6,3
"packages/@pollyjs/persister-fs/tests/unit/persister-test.js","AnonymousTest","[{""startLine"":28,""endLine"":52}]",6,3
"packages/@pollyjs/persister-fs/tests/unit/persister-test.js","AnonymousTest","[{""startLine"":66,""endLine"":73}]",6,3
"packages/@pollyjs/persister-fs/tests/unit/persister-test.js","AnonymousTest","[{""startLine"":75,""endLine"":78}]",6,3
"packages/@pollyjs/persister-fs/tests/unit/persister-test.js","AnonymousTest","[{""startLine"":80,""endLine"":85}]",6,3
"packages/@pollyjs/persister/tests/unit/persister-test.js","AnonymousTest","[{""startLine"":6,""endLine"":8}]",6,2
"packages/@pollyjs/persister/tests/unit/persister-test.js","AnonymousTest","[{""startLine"":63,""endLine"":69}]",6,2
"packages/@pollyjs/persister/tests/unit/persister-test.js","NonFunctionalStatement","[{""startLine"":48,""endLine"":48}]",6,2
"packages/@pollyjs/persister/tests/unit/har-test.js","AnonymousTest","[{""startLine"":10,""endLine"":16}]",6,2
"packages/@pollyjs/ember/tests/unit/polly-test.js","AnonymousTest","[{""startLine"":6,""endLine"":8}]",7,0
"packages/@pollyjs/ember/tests/unit/polly-test.js","AnonymousTest","[{""startLine"":21,""endLine"":24}]",7,0
"packages/@pollyjs/ember/tests/unit/polly-test.js","AnonymousTest","[{""startLine"":33,""endLine"":36}]",7,0
"packages/@pollyjs/ember/tests/unit/polly-test.js","AnonymousTest","[{""startLine"":40,""endLine"":44}]",7,0
"packages/@pollyjs/ember/tests/unit/polly-test.js","AnonymousTest","[{""startLine"":48,""endLine"":52}]",7,0
"packages/@pollyjs/ember/tests/unit/polly-test.js","AnonymousTest","[{""startLine"":54,""endLine"":58}]",7,0
"packages/@pollyjs/ember/tests/unit/polly-test.js","IdenticalTestDescription","[{""startLine"":21,""endLine"":24}]",7,0
"packages/@pollyjs/ember/tests/unit/polly-test.js","IdenticalTestDescription","[{""startLine"":33,""endLine"":36}]",7,0
"packages/@pollyjs/ember/tests/unit/polly-test.js","IdenticalTestDescription","[{""startLine"":40,""endLine"":44}]",7,0
"packages/@pollyjs/core/tests/unit/polly-test.js","AnonymousTest","[{""startLine"":11,""endLine"":13}]",35,6
"packages/@pollyjs/core/tests/unit/polly-test.js","AnonymousTest","[{""startLine"":283,""endLine"":289}]",35,6
"packages/@pollyjs/core/tests/unit/polly-test.js","AnonymousTest","[{""startLine"":291,""endLine"":297}]",35,6
"packages/@pollyjs/core/tests/unit/polly-test.js","AnonymousTest","[{""startLine"":299,""endLine"":305}]",35,6
"packages/@pollyjs/core/tests/unit/polly-test.js","AnonymousTest","[{""startLine"":307,""endLine"":316}]",35,6
"packages/@pollyjs/core/tests/unit/polly-test.js","AnonymousTest","[{""startLine"":318,""endLine"":337}]",35,6
"packages/@pollyjs/core/tests/unit/polly-test.js","AnonymousTest","[{""startLine"":339,""endLine"":348}]",35,6
"packages/@pollyjs/core/tests/unit/polly-test.js","AnonymousTest","[{""startLine"":350,""endLine"":377}]",35,6
"packages/@pollyjs/core/tests/unit/polly-test.js","AnonymousTest","[{""startLine"":379,""endLine"":408}]",35,6
"packages/@pollyjs/core/tests/unit/polly-test.js","AnonymousTest","[{""startLine"":410,""endLine"":437}]",35,6
"packages/@pollyjs/core/tests/unit/polly-test.js","AnonymousTest","[{""startLine"":439,""endLine"":444}]",35,6
"packages/@pollyjs/core/tests/unit/polly-test.js","AnonymousTest","[{""startLine"":461,""endLine"":470}]",35,6
"packages/@pollyjs/core/tests/unit/polly-test.js","AnonymousTest","[{""startLine"":472,""endLine"":485}]",35,6
"packages/@pollyjs/core/tests/unit/polly-test.js","AnonymousTest","[{""startLine"":489,""endLine"":501}]",35,6
"packages/@pollyjs/core/tests/unit/polly-test.js","AnonymousTest","[{""startLine"":503,""endLine"":515}]",35,6
"packages/@pollyjs/core/tests/unit/polly-test.js","AnonymousTest","[{""startLine"":536,""endLine"":549}]",35,6
"packages/@pollyjs/core/tests/unit/polly-test.js","NonFunctionalStatement","[{""startLine"":199,""endLine"":199}]",35,6
"packages/@pollyjs/core/tests/unit/polly-test.js","NonFunctionalStatement","[{""startLine"":200,""endLine"":200}]",35,6
"packages/@pollyjs/core/tests/unit/polly-test.js","NonFunctionalStatement","[{""startLine"":230,""endLine"":230}]",35,6
"packages/@pollyjs/core/tests/unit/polly-test.js","NonFunctionalStatement","[{""startLine"":273,""endLine"":273}]",35,6
"packages/@pollyjs/core/tests/unit/polly-test.js","NonFunctionalStatement","[{""startLine"":274,""endLine"":274}]",35,6
"packages/@pollyjs/core/tests/unit/polly-test.js","NonFunctionalStatement","[{""startLine"":418,""endLine"":418}]",35,6
"packages/@pollyjs/core/tests/unit/polly-test.js","NonFunctionalStatement","[{""startLine"":518,""endLine"":518}]",35,6
"packages/@pollyjs/adapter-puppeteer/tests/integration/adapter-test.js","VerboseStatement","[{""startLine"":74,""endLine"":108}]",1,1
"packages/@pollyjs/adapter-fetch/tests/integration/server-test.js","AnonymousTest","[{""startLine"":90,""endLine"":104}]",21,4
"packages/@pollyjs/adapter-fetch/tests/integration/server-test.js","AnonymousTest","[{""startLine"":124,""endLine"":139}]",21,4
"packages/@pollyjs/adapter-fetch/tests/integration/server-test.js","AnonymousTest","[{""startLine"":206,""endLine"":222}]",21,4
"packages/@pollyjs/adapter-fetch/tests/integration/server-test.js","AnonymousTest","[{""startLine"":244,""endLine"":266}]",21,4
"packages/@pollyjs/adapter-fetch/tests/integration/server-test.js","AnonymousTest","[{""startLine"":268,""endLine"":288}]",21,4
"packages/@pollyjs/adapter-fetch/tests/integration/server-test.js","AnonymousTest","[{""startLine"":290,""endLine"":313}]",21,4
"packages/@pollyjs/adapter-fetch/tests/integration/server-test.js","VerboseStatement","[{""startLine"":454,""endLine"":493}]",21,4
"packages/@pollyjs/adapter-fetch/tests/integration/adapter-test.js","NonFunctionalStatement","[{""startLine"":244,""endLine"":244}]",12,5
"packages/@pollyjs/adapter-fetch/tests/integration/adapter-test.js","NonFunctionalStatement","[{""startLine"":310,""endLine"":310}]",12,5
"packages/@pollyjs/adapter-fetch/tests/integration/adapter-test.js","NonFunctionalStatement","[{""startLine"":325,""endLine"":325}]",12,5
"packages/@pollyjs/adapter-fetch/tests/integration/adapter-test.js","NonFunctionalStatement","[{""startLine"":340,""endLine"":340}]",12,5
"packages/@pollyjs/adapter/tests/unit/adapter-test.js","AnonymousTest","[{""startLine"":4,""endLine"":6}]",1,1
"packages/@pollyjs/utils/tests/unit/utils/url-test.js","AnonymousTest","[{""startLine"":7,""endLine"":9}]",7,1
"packages/@pollyjs/utils/tests/unit/utils/url-test.js","AnonymousTest","[{""startLine"":11,""endLine"":13}]",7,1
"packages/@pollyjs/utils/tests/unit/utils/timestamp-test.js","AnonymousTest","[{""startLine"":4,""endLine"":6}]",2,1
"packages/@pollyjs/utils/tests/unit/utils/timeout-test.js","AnonymousTest","[{""startLine"":4,""endLine"":6}]",3,1
"packages/@pollyjs/utils/tests/unit/utils/polly-error-test.js","AnonymousTest","[{""startLine"":4,""endLine"":6}]",3,1
"packages/@pollyjs/utils/tests/unit/utils/build-url-test.js","AnonymousTest","[{""startLine"":6,""endLine"":8}]",5,1
"packages/@pollyjs/utils/tests/unit/utils/build-url-test.js","IdenticalTestDescription","[{""startLine"":20,""endLine"":22}]",5,1
"packages/@pollyjs/utils/tests/unit/utils/assert-test.js","AnonymousTest","[{""startLine"":5,""endLine"":7}]",4,1
"packages/@pollyjs/ember/tests/dummy/app/router.js","NonFunctionalStatement","[{""startLine"":9,""endLine"":9}]",0,0
"packages/@pollyjs/core/tests/unit/utils/timing-test.js","AnonymousTest","[{""startLine"":44,""endLine"":48}]",1,3
"packages/@pollyjs/core/tests/unit/utils/remove-host-from-url-test.js","AnonymousTest","[{""startLine"":6,""endLine"":8}]",3,1
"packages/@pollyjs/core/tests/unit/utils/parse-url-test.js","AnonymousTest","[{""startLine"":4,""endLine"":6}]",3,1
"packages/@pollyjs/core/tests/unit/utils/normalize-request-test.js","AnonymousTest","[{""startLine"":9,""endLine"":14}]",17,5
"packages/@pollyjs/core/tests/unit/utils/normalize-request-test.js","IdenticalTestDescription","[{""startLine"":72,""endLine"":87}]",17,5
"packages/@pollyjs/core/tests/unit/utils/normalize-request-test.js","IdenticalTestDescription","[{""startLine"":89,""endLine"":103}]",17,5
"packages/@pollyjs/core/tests/unit/utils/normalize-request-test.js","IdenticalTestDescription","[{""startLine"":197,""endLine"":201}]",17,5
"packages/@pollyjs/core/tests/unit/utils/normalize-request-test.js","IdenticalTestDescription","[{""startLine"":203,""endLine"":216}]",17,5
"packages/@pollyjs/core/tests/unit/utils/normalize-request-test.js","IdenticalTestDescription","[{""startLine"":237,""endLine"":239}]",17,5
"packages/@pollyjs/core/tests/unit/utils/normalize-request-test.js","IdenticalTestDescription","[{""startLine"":241,""endLine"":254}]",17,5
"packages/@pollyjs/core/tests/unit/utils/merge-configs-test.js","AnonymousTest","[{""startLine"":4,""endLine"":6}]",3,1
"packages/@pollyjs/core/tests/unit/utils/http-headers-test.js","AnonymousTest","[{""startLine"":6,""endLine"":8}]",10,1
"packages/@pollyjs/core/tests/unit/utils/guid-for-recording-test.js","AnonymousTest","[{""startLine"":4,""endLine"":6}]",4,1
"packages/@pollyjs/core/tests/unit/utils/deferred-promise-test.js","AnonymousTest","[{""startLine"":4,""endLine"":8}]",3,1
"packages/@pollyjs/core/tests/unit/test-helpers/mocha-test.js","AnonymousTest","[{""startLine"":22,""endLine"":26}]",4,1
"packages/@pollyjs/core/tests/unit/server/server-test.js","AnonymousTest","[{""startLine"":12,""endLine"":15}]",16,3
"packages/@pollyjs/core/tests/unit/server/server-test.js","NonFunctionalStatement","[{""startLine"":76,""endLine"":76}]",16,3
"packages/@pollyjs/core/tests/unit/server/server-test.js","NonFunctionalStatement","[{""startLine"":86,""endLine"":86}]",16,3
"packages/@pollyjs/core/tests/unit/server/server-test.js","NonFunctionalStatement","[{""startLine"":92,""endLine"":92}]",16,3
"packages/@pollyjs/core/tests/unit/server/server-test.js","NonFunctionalStatement","[{""startLine"":119,""endLine"":119}]",16,3
"packages/@pollyjs/core/tests/unit/server/server-test.js","NonFunctionalStatement","[{""startLine"":120,""endLine"":120}]",16,3
"packages/@pollyjs/core/tests/unit/server/server-test.js","NonFunctionalStatement","[{""startLine"":121,""endLine"":121}]",16,3
"packages/@pollyjs/core/tests/unit/server/handler-test.js","AnonymousTest","[{""startLine"":4,""endLine"":6}]",27,8
"packages/@pollyjs/core/tests/unit/server/handler-test.js","AnonymousTest","[{""startLine"":177,""endLine"":187}]",27,8
"packages/@pollyjs/core/tests/unit/server/handler-test.js","AnonymousTest","[{""startLine"":214,""endLine"":225}]",27,8
"packages/@pollyjs/core/tests/unit/server/handler-test.js","AnonymousTest","[{""startLine"":251,""endLine"":264}]",27,8
"packages/@pollyjs/core/tests/unit/server/handler-test.js","AnonymousTest","[{""startLine"":290,""endLine"":305}]",27,8
"packages/@pollyjs/core/tests/unit/server/handler-test.js","AnonymousTest","[{""startLine"":319,""endLine"":333}]",27,8
"packages/@pollyjs/core/tests/unit/server/handler-test.js","IdenticalTestDescription","[{""startLine"":214,""endLine"":225}]",27,8
"packages/@pollyjs/core/tests/unit/server/handler-test.js","IdenticalTestDescription","[{""startLine"":251,""endLine"":264}]",27,8
"packages/@pollyjs/core/tests/unit/server/handler-test.js","IdenticalTestDescription","[{""startLine"":290,""endLine"":305}]",27,8
"packages/@pollyjs/core/tests/unit/server/handler-test.js","IdenticalTestDescription","[{""startLine"":319,""endLine"":333}]",27,8
"packages/@pollyjs/core/tests/unit/server/handler-test.js","IdenticalTestDescription","[{""startLine"":335,""endLine"":341}]",27,8
"packages/@pollyjs/core/tests/unit/server/handler-test.js","NonFunctionalStatement","[{""startLine"":27,""endLine"":27}]",27,8
"packages/@pollyjs/core/tests/unit/server/handler-test.js","NonFunctionalStatement","[{""startLine"":30,""endLine"":30}]",27,8
"packages/@pollyjs/core/tests/unit/server/handler-test.js","NonFunctionalStatement","[{""startLine"":38,""endLine"":38}]",27,8
"packages/@pollyjs/core/tests/unit/server/handler-test.js","NonFunctionalStatement","[{""startLine"":52,""endLine"":52}]",27,8
"packages/@pollyjs/core/tests/unit/server/handler-test.js","NonFunctionalStatement","[{""startLine"":66,""endLine"":66}]",27,8
"packages/@pollyjs/core/tests/unit/server/handler-test.js","NonFunctionalStatement","[{""startLine"":79,""endLine"":79}]",27,8
"packages/@pollyjs/core/tests/unit/server/handler-test.js","NonFunctionalStatement","[{""startLine"":82,""endLine"":82}]",27,8
"packages/@pollyjs/core/tests/unit/server/handler-test.js","NonFunctionalStatement","[{""startLine"":92,""endLine"":92}]",27,8
"packages/@pollyjs/core/tests/unit/server/handler-test.js","NonFunctionalStatement","[{""startLine"":95,""endLine"":95}]",27,8
"packages/@pollyjs/core/tests/unit/server/handler-test.js","NonFunctionalStatement","[{""startLine"":96,""endLine"":96}]",27,8
"packages/@pollyjs/core/tests/unit/server/handler-test.js","NonFunctionalStatement","[{""startLine"":115,""endLine"":115}]",27,8
"packages/@pollyjs/core/tests/unit/server/handler-test.js","NonFunctionalStatement","[{""startLine"":133,""endLine"":133}]",27,8
"packages/@pollyjs/core/tests/unit/server/handler-test.js","NonFunctionalStatement","[{""startLine"":142,""endLine"":142}]",27,8
"packages/@pollyjs/core/tests/unit/server/handler-test.js","NonFunctionalStatement","[{""startLine"":155,""endLine"":155}]",27,8
"packages/@pollyjs/core/tests/unit/server/handler-test.js","NonFunctionalStatement","[{""startLine"":168,""endLine"":168}]",27,8
"packages/@pollyjs/core/tests/unit/server/handler-test.js","NonFunctionalStatement","[{""startLine"":192,""endLine"":192}]",27,8
"packages/@pollyjs/core/tests/unit/server/handler-test.js","NonFunctionalStatement","[{""startLine"":207,""endLine"":207}]",27,8
"packages/@pollyjs/core/tests/unit/server/handler-test.js","NonFunctionalStatement","[{""startLine"":293,""endLine"":293}]",27,8
"packages/@pollyjs/core/tests/unit/server/handler-test.js","NonFunctionalStatement","[{""startLine"":303,""endLine"":303}]",27,8
"packages/@pollyjs/core/tests/unit/server/handler-test.js","VerboseStatement","[{""startLine"":89,""endLine"":108}]",27,8
"packages/@pollyjs/core/tests/unit/-private/response-test.js","AnonymousTest","[{""startLine"":8,""endLine"":11}]",7,2
"packages/@pollyjs/core/tests/unit/-private/response-test.js","AnonymousTest","[{""startLine"":26,""endLine"":39}]",7,2
"packages/@pollyjs/core/tests/unit/-private/response-test.js","AnonymousTest","[{""startLine"":41,""endLine"":48}]",7,2
"packages/@pollyjs/core/tests/unit/-private/response-test.js","AnonymousTest","[{""startLine"":50,""endLine"":63}]",7,2
"packages/@pollyjs/core/tests/unit/-private/interceptor-test.js","AnonymousTest","[{""startLine"":4,""endLine"":6}]",6,1
"packages/@pollyjs/core/tests/unit/-private/interceptor-test.js","AnonymousTest","[{""startLine"":33,""endLine"":43}]",6,1
"packages/@pollyjs/core/tests/unit/-private/interceptor-test.js","AnonymousTest","[{""startLine"":45,""endLine"":55}]",6,1
"packages/@pollyjs/core/tests/unit/-private/interceptor-test.js","AnonymousTest","[{""startLine"":57,""endLine"":63}]",6,1
"packages/@pollyjs/core/tests/unit/-private/http-base-test.js","AnonymousTest","[{""startLine"":8,""endLine"":11}]",17,2
"packages/@pollyjs/core/tests/unit/-private/http-base-test.js","AnonymousTest","[{""startLine"":18,""endLine"":31}]",17,2
"packages/@pollyjs/core/tests/unit/-private/http-base-test.js","AnonymousTest","[{""startLine"":33,""endLine"":46}]",17,2
"packages/@pollyjs/core/tests/unit/-private/http-base-test.js","AnonymousTest","[{""startLine"":48,""endLine"":59}]",17,2
"packages/@pollyjs/core/tests/unit/-private/http-base-test.js","AnonymousTest","[{""startLine"":61,""endLine"":72}]",17,2
"packages/@pollyjs/core/tests/unit/-private/http-base-test.js","AnonymousTest","[{""startLine"":74,""endLine"":84}]",17,2
"packages/@pollyjs/core/tests/unit/-private/http-base-test.js","AnonymousTest","[{""startLine"":86,""endLine"":93}]",17,2
"packages/@pollyjs/core/tests/unit/-private/http-base-test.js","AnonymousTest","[{""startLine"":95,""endLine"":98}]",17,2
"packages/@pollyjs/core/tests/unit/-private/http-base-test.js","AnonymousTest","[{""startLine"":143,""endLine"":152}]",17,2
"packages/@pollyjs/core/tests/unit/-private/http-base-test.js","AnonymousTest","[{""startLine"":166,""endLine"":173}]",17,2
"packages/@pollyjs/core/tests/unit/-private/http-base-test.js","AnonymousTest","[{""startLine"":175,""endLine"":183}]",17,2
"packages/@pollyjs/core/tests/unit/-private/event-test.js","AnonymousTest","[{""startLine"":8,""endLine"":10}]",6,1
"packages/@pollyjs/core/tests/unit/-private/event-test.js","AnonymousTest","[{""startLine"":37,""endLine"":43}]",6,1
"packages/@pollyjs/core/tests/unit/-private/event-emitter-test.js","AnonymousTest","[{""startLine"":26,""endLine"":29}]",15,2
"packages/@pollyjs/core/tests/unit/-private/event-emitter-test.js","AnonymousTest","[{""startLine"":46,""endLine"":57}]",15,2
"packages/@pollyjs/core/tests/unit/-private/event-emitter-test.js","AnonymousTest","[{""startLine"":59,""endLine"":75}]",15,2
"packages/@pollyjs/core/tests/unit/-private/event-emitter-test.js","AnonymousTest","[{""startLine"":106,""endLine"":128}]",15,2
"packages/@pollyjs/core/tests/unit/-private/event-emitter-test.js","AnonymousTest","[{""startLine"":130,""endLine"":151}]",15,2
"packages/@pollyjs/core/tests/unit/-private/event-emitter-test.js","AnonymousTest","[{""startLine"":153,""endLine"":169}]",15,2
"packages/@pollyjs/core/tests/unit/-private/event-emitter-test.js","AnonymousTest","[{""startLine"":171,""endLine"":181}]",15,2
"packages/@pollyjs/core/tests/unit/-private/event-emitter-test.js","AnonymousTest","[{""startLine"":183,""endLine"":197}]",15,2
"packages/@pollyjs/core/tests/unit/-private/event-emitter-test.js","AnonymousTest","[{""startLine"":212,""endLine"":229}]",15,2
"packages/@pollyjs/core/tests/unit/-private/event-emitter-test.js","AnonymousTest","[{""startLine"":244,""endLine"":259}]",15,2
"packages/@pollyjs/core/tests/unit/-private/event-emitter-test.js","NonFunctionalStatement","[{""startLine"":47,""endLine"":47}]",15,2
"packages/@pollyjs/core/tests/unit/-private/event-emitter-test.js","NonFunctionalStatement","[{""startLine"":70,""endLine"":70}]",15,2
"packages/@pollyjs/core/tests/unit/-private/event-emitter-test.js","NonFunctionalStatement","[{""startLine"":133,""endLine"":133}]",15,2
"packages/@pollyjs/core/tests/unit/-private/event-emitter-test.js","NonFunctionalStatement","[{""startLine"":136,""endLine"":136}]",15,2
"packages/@pollyjs/core/tests/unit/-private/event-emitter-test.js","NonFunctionalStatement","[{""startLine"":137,""endLine"":137}]",15,2
"packages/@pollyjs/core/tests/unit/-private/event-emitter-test.js","NonFunctionalStatement","[{""startLine"":159,""endLine"":159}]",15,2
"packages/@pollyjs/core/tests/unit/-private/event-emitter-test.js","NonFunctionalStatement","[{""startLine"":160,""endLine"":160}]",15,2
"packages/@pollyjs/core/tests/unit/-private/event-emitter-test.js","NonFunctionalStatement","[{""startLine"":161,""endLine"":161}]",15,2
"packages/@pollyjs/core/tests/unit/-private/event-emitter-test.js","NonFunctionalStatement","[{""startLine"":176,""endLine"":176}]",15,2
"packages/@pollyjs/core/tests/unit/-private/event-emitter-test.js","VerboseStatement","[{""startLine"":77,""endLine"":104}]",15,2
"packages/@pollyjs/core/tests/unit/-private/event-emitter-test.js","VerboseStatement","[{""startLine"":106,""endLine"":128}]",15,2
"packages/@pollyjs/core/tests/unit/-private/event-emitter-test.js","VerboseStatement","[{""startLine"":130,""endLine"":151}]",15,2
"packages/@pollyjs/core/tests/unit/-private/container-test.js","AnonymousTest","[{""startLine"":18,""endLine"":21}]",8,2
"packages/@pollyjs/core/tests/unit/-private/container-test.js","AnonymousTest","[{""startLine"":28,""endLine"":31}]",8,2
"packages/@pollyjs/core/tests/unit/-private/container-test.js","AnonymousTest","[{""startLine"":76,""endLine"":80}]",8,2
"packages/@pollyjs/adapter-node-http/tests/unit/utils/merge-chunks-test.js","AnonymousTest","[{""startLine"":4,""endLine"":6}]",2,1
"packages/@pollyjs/adapter-node-http/tests/unit/utils/merge-chunks-test.js","AnonymousTest","[{""startLine"":8,""endLine"":25}]",2,1
"packages/@pollyjs/adapter-node-http/tests/jest/integration/xhr-test.js","AnonymousTest","[{""startLine"":28,""endLine"":45}]",1,1
"packages/@pollyjs/adapter-node-http/tests/jest/integration/xhr-test.js","SubOptimalAssert","[{""startLine"":39,""endLine"":39}]",1,1
"packages/@pollyjs/adapter-node-http/tests/jest/integration/fetch-test.js","AnonymousTest","[{""startLine"":16,""endLine"":33}]",1,1
"packages/@pollyjs/adapter-node-http/tests/jest/integration/fetch-test.js","SubOptimalAssert","[{""startLine"":27,""endLine"":27}]",1,1
"packages/@pollyjs/adapter/tests/unit/utils/is-expired-test.js","AnonymousTest","[{""startLine"":4,""endLine"":6}]",2,1
"packages/@pollyjs/adapter/tests/unit/utils/is-expired-test.js","AnonymousTest","[{""startLine"":8,""endLine"":21}]",2,1
"packages/@pollyjs/adapter/tests/unit/utils/dehumanize-time-test.js","AnonymousTest","[{""startLine"":4,""endLine"":6}]",2,1
"packages/@pollyjs/adapter/tests/unit/utils/dehumanize-time-test.js","AnonymousTest","[{""startLine"":8,""endLine"":35}]",2,1