file,type,line,frame
/home/gabriel/Disk/Research/research-javascript-test-smells/repositories/binance-trading-bot/app/helpers/__tests__/slack.test.js,Conditional Test Logic,"{'line': 15, 'column': 10, 'index': 348}","  13 |       beforeEach(async () => {
  14 |         config.get = jest.fn(key => {
> 15 |           switch (key) {
     |          ^ Conditional Test Logic
  16 |             case 'slack.enabled':
  17 |               return false;
  18 |             default:"
/home/gabriel/Disk/Research/research-javascript-test-smells/repositories/binance-trading-bot/app/helpers/__tests__/slack.test.js,Conditional Test Logic,"{'line': 36, 'column': 10, 'index': 832}","  34 |
  35 |         config.get = jest.fn(key => {
> 36 |           switch (key) {
     |          ^ Conditional Test Logic
  37 |             case 'slack.enabled':
  38 |               return true;
  39 |             default:"
/home/gabriel/Disk/Research/research-javascript-test-smells/repositories/binance-trading-bot/app/helpers/__tests__/mongo.test.js,Duplicate Assert,"{'line': 88, 'column': 8, 'index': 2005}","  86 |
  87 |       it('triggers client.DB', () => {
> 88 |         expect(mockDB).toHaveBeenCalledWith('admin');
     |        ^ Duplicate Assert
  89 |         expect(mockDB).toHaveBeenCalledWith('binance-bot');
  90 |       });
  91 |"
/home/gabriel/Disk/Research/research-javascript-test-smells/repositories/binance-trading-bot/app/helpers/__tests__/mongo.test.js,Duplicate Assert,"{'line': 89, 'column': 8, 'index': 2059}","  87 |       it('triggers client.DB', () => {
  88 |         expect(mockDB).toHaveBeenCalledWith('admin');
> 89 |         expect(mockDB).toHaveBeenCalledWith('binance-bot');
     |        ^ Duplicate Assert
  90 |       });
  91 |
  92 |       it('triggers client.db().command', () => {"
/home/gabriel/Disk/Research/research-javascript-test-smells/repositories/binance-trading-bot/app/helpers/__tests__/mongo.test.js,Magic Number,"{'line': 50, 'column': 50, 'index': 1082}","  48 |
  49 |       it('triggers process.exit', () => {
> 50 |         expect(process.exit).toHaveBeenCalledWith(1);
     |                                                  ^ Magic Number
  51 |       });
  52 |     });
  53 |"
/home/gabriel/Disk/Research/research-javascript-test-smells/repositories/binance-trading-bot/app/helpers/__tests__/mongo.test.js,Magic Number,"{'line': 150, 'column': 35, 'index': 3598}","  148 |
  149 |     it('returns expected result', () => {
> 150 |       expect(result).toStrictEqual(3);
      |                                   ^ Magic Number
  151 |     });
  152 |   });
  153 |"
/home/gabriel/Disk/Research/research-javascript-test-smells/repositories/binance-trading-bot/app/helpers/__tests__/cache.test.js,Duplicate Assert,"{'line': 433, 'column': 8, 'index': 10055}","  431 |
  432 |       it('triggers redis.get', () => {
> 433 |         expect(mockGet).toHaveBeenCalledWith('prefix:key1');
      |        ^ Duplicate Assert
  434 |         expect(mockGet).toHaveBeenCalledWith('prefix:key2');
  435 |       });
  436 |"
/home/gabriel/Disk/Research/research-javascript-test-smells/repositories/binance-trading-bot/app/helpers/__tests__/cache.test.js,Duplicate Assert,"{'line': 434, 'column': 8, 'index': 10116}","  432 |       it('triggers redis.get', () => {
  433 |         expect(mockGet).toHaveBeenCalledWith('prefix:key1');
> 434 |         expect(mockGet).toHaveBeenCalledWith('prefix:key2');
      |        ^ Duplicate Assert
  435 |       });
  436 |
  437 |       it('returns expected value', () => {"
/home/gabriel/Disk/Research/research-javascript-test-smells/repositories/binance-trading-bot/app/helpers/__tests__/cache.test.js,Duplicate Assert,"{'line': 470, 'column': 8, 'index': 11129}","  468 |
  469 |       it('triggers redis.scan', () => {
> 470 |         expect(mockScan).toHaveBeenCalledWith(
      |        ^ Duplicate Assert
  471 |           '0',
  472 |           'MATCH',
  473 |           'prefix:key*',"
/home/gabriel/Disk/Research/research-javascript-test-smells/repositories/binance-trading-bot/app/helpers/__tests__/cache.test.js,Duplicate Assert,"{'line': 478, 'column': 8, 'index': 11281}","  476 |         );
  477 |
> 478 |         expect(mockScan).toHaveBeenCalledWith(
      |        ^ Duplicate Assert
  479 |           '1',
  480 |           'MATCH',
  481 |           'prefix:key*',"
/home/gabriel/Disk/Research/research-javascript-test-smells/repositories/binance-trading-bot/app/helpers/__tests__/cache.test.js,Duplicate Assert,"{'line': 492, 'column': 8, 'index': 11590}","  490 |
  491 |       it('triggers redis.get', () => {
> 492 |         expect(mockGet).toHaveBeenCalledWith('prefix:key1');
      |        ^ Duplicate Assert
  493 |         expect(mockGet).toHaveBeenCalledWith('prefix:key2');
  494 |         expect(mockGet).toHaveBeenCalledWith('prefix:key3');
  495 |         expect(mockGet).toHaveBeenCalledWith('prefix:key4');"
/home/gabriel/Disk/Research/research-javascript-test-smells/repositories/binance-trading-bot/app/helpers/__tests__/cache.test.js,Duplicate Assert,"{'line': 493, 'column': 8, 'index': 11651}","  491 |       it('triggers redis.get', () => {
  492 |         expect(mockGet).toHaveBeenCalledWith('prefix:key1');
> 493 |         expect(mockGet).toHaveBeenCalledWith('prefix:key2');
      |        ^ Duplicate Assert
  494 |         expect(mockGet).toHaveBeenCalledWith('prefix:key3');
  495 |         expect(mockGet).toHaveBeenCalledWith('prefix:key4');
  496 |       });"
/home/gabriel/Disk/Research/research-javascript-test-smells/repositories/binance-trading-bot/app/helpers/__tests__/cache.test.js,Duplicate Assert,"{'line': 494, 'column': 8, 'index': 11712}","  492 |         expect(mockGet).toHaveBeenCalledWith('prefix:key1');
  493 |         expect(mockGet).toHaveBeenCalledWith('prefix:key2');
> 494 |         expect(mockGet).toHaveBeenCalledWith('prefix:key3');
      |        ^ Duplicate Assert
  495 |         expect(mockGet).toHaveBeenCalledWith('prefix:key4');
  496 |       });
  497 |"
/home/gabriel/Disk/Research/research-javascript-test-smells/repositories/binance-trading-bot/app/helpers/__tests__/cache.test.js,Duplicate Assert,"{'line': 495, 'column': 8, 'index': 11773}","  493 |         expect(mockGet).toHaveBeenCalledWith('prefix:key2');
  494 |         expect(mockGet).toHaveBeenCalledWith('prefix:key3');
> 495 |         expect(mockGet).toHaveBeenCalledWith('prefix:key4');
      |        ^ Duplicate Assert
  496 |       });
  497 |
  498 |       it('returns expected value', () => {"
/home/gabriel/Disk/Research/research-javascript-test-smells/repositories/binance-trading-bot/app/helpers/__tests__/cache.test.js,Duplicate Assert,"{'line': 627, 'column': 8, 'index': 15029}","  625 |
  626 |       it('triggers redis.del', () => {
> 627 |         expect(mockDel).toHaveBeenCalledWith('prefix:key1');
      |        ^ Duplicate Assert
  628 |         expect(mockDel).toHaveBeenCalledWith('prefix:key2');
  629 |       });
  630 |"
/home/gabriel/Disk/Research/research-javascript-test-smells/repositories/binance-trading-bot/app/helpers/__tests__/cache.test.js,Duplicate Assert,"{'line': 628, 'column': 8, 'index': 15090}","  626 |       it('triggers redis.del', () => {
  627 |         expect(mockDel).toHaveBeenCalledWith('prefix:key1');
> 628 |         expect(mockDel).toHaveBeenCalledWith('prefix:key2');
      |        ^ Duplicate Assert
  629 |       });
  630 |
  631 |       it('returns expected value', () => {"
/home/gabriel/Disk/Research/research-javascript-test-smells/repositories/binance-trading-bot/app/helpers/__tests__/cache.test.js,Duplicate Assert,"{'line': 661, 'column': 8, 'index': 15987}","  659 |
  660 |       it('triggers redis.scan', () => {
> 661 |         expect(mockScan).toHaveBeenCalledWith(
      |        ^ Duplicate Assert
  662 |           '0',
  663 |           'MATCH',
  664 |           'prefix:key*',"
/home/gabriel/Disk/Research/research-javascript-test-smells/repositories/binance-trading-bot/app/helpers/__tests__/cache.test.js,Duplicate Assert,"{'line': 669, 'column': 8, 'index': 16139}","  667 |         );
  668 |
> 669 |         expect(mockScan).toHaveBeenCalledWith(
      |        ^ Duplicate Assert
  670 |           '1',
  671 |           'MATCH',
  672 |           'prefix:key*',"
/home/gabriel/Disk/Research/research-javascript-test-smells/repositories/binance-trading-bot/app/helpers/__tests__/cache.test.js,Duplicate Assert,"{'line': 683, 'column': 8, 'index': 16448}","  681 |
  682 |       it('triggers redis.del', () => {
> 683 |         expect(mockDel).toHaveBeenCalledWith('prefix:key1');
      |        ^ Duplicate Assert
  684 |         expect(mockDel).toHaveBeenCalledWith('prefix:key2');
  685 |         expect(mockDel).toHaveBeenCalledWith('prefix:key3');
  686 |         expect(mockDel).toHaveBeenCalledWith('prefix:key4');"
/home/gabriel/Disk/Research/research-javascript-test-smells/repositories/binance-trading-bot/app/helpers/__tests__/cache.test.js,Duplicate Assert,"{'line': 684, 'column': 8, 'index': 16509}","  682 |       it('triggers redis.del', () => {
  683 |         expect(mockDel).toHaveBeenCalledWith('prefix:key1');
> 684 |         expect(mockDel).toHaveBeenCalledWith('prefix:key2');
      |        ^ Duplicate Assert
  685 |         expect(mockDel).toHaveBeenCalledWith('prefix:key3');
  686 |         expect(mockDel).toHaveBeenCalledWith('prefix:key4');
  687 |       });"
/home/gabriel/Disk/Research/research-javascript-test-smells/repositories/binance-trading-bot/app/helpers/__tests__/cache.test.js,Duplicate Assert,"{'line': 685, 'column': 8, 'index': 16570}","  683 |         expect(mockDel).toHaveBeenCalledWith('prefix:key1');
  684 |         expect(mockDel).toHaveBeenCalledWith('prefix:key2');
> 685 |         expect(mockDel).toHaveBeenCalledWith('prefix:key3');
      |        ^ Duplicate Assert
  686 |         expect(mockDel).toHaveBeenCalledWith('prefix:key4');
  687 |       });
  688 |"
/home/gabriel/Disk/Research/research-javascript-test-smells/repositories/binance-trading-bot/app/helpers/__tests__/cache.test.js,Duplicate Assert,"{'line': 686, 'column': 8, 'index': 16631}","  684 |         expect(mockDel).toHaveBeenCalledWith('prefix:key2');
  685 |         expect(mockDel).toHaveBeenCalledWith('prefix:key3');
> 686 |         expect(mockDel).toHaveBeenCalledWith('prefix:key4');
      |        ^ Duplicate Assert
  687 |       });
  688 |
  689 |       it('returns expected value', () => {"
/home/gabriel/Disk/Research/research-javascript-test-smells/repositories/binance-trading-bot/app/helpers/__tests__/cache.test.js,Magic Number,"{'line': 77, 'column': 64, 'index': 1712}","  75 |
  76 |       it('triggers lock', () => {
> 77 |         expect(mockLock).toHaveBeenCalledWith('redlock:my-key', 1000);
     |                                                                ^ Magic Number
  78 |       });
  79 |
  80 |       it('does not trigger setex', () => {"
/home/gabriel/Disk/Research/research-javascript-test-smells/repositories/binance-trading-bot/app/helpers/__tests__/cache.test.js,Magic Number,"{'line': 103, 'column': 64, 'index': 2370}","  101 |
  102 |       it('triggers lock', () => {
> 103 |         expect(mockLock).toHaveBeenCalledWith('redlock:my-key', 1000);
      |                                                                ^ Magic Number
  104 |       });
  105 |
  106 |       it('triggers setex', () => {"
/home/gabriel/Disk/Research/research-javascript-test-smells/repositories/binance-trading-bot/app/helpers/__tests__/cache.test.js,Magic Number,"{'line': 107, 'column': 57, 'index': 2480}","  105 |
  106 |       it('triggers setex', () => {
> 107 |         expect(mockSetEx).toHaveBeenCalledWith('my-key', 3600, 'my-value');
      |                                                         ^ Magic Number
  108 |       });
  109 |
  110 |       it('does not trigger set', () => {"
/home/gabriel/Disk/Research/research-javascript-test-smells/repositories/binance-trading-bot/app/helpers/__tests__/cache.test.js,Magic Number,"{'line': 150, 'column': 62, 'index': 3436}","  148 |
  149 |     it('triggers lock', () => {
> 150 |       expect(mockLock).toHaveBeenCalledWith('redlock:my-key', 1000);
      |                                                              ^ Magic Number
  151 |     });
  152 |
  153 |     it('triggers get', () => {"
/home/gabriel/Disk/Research/research-javascript-test-smells/repositories/binance-trading-bot/app/helpers/__tests__/cache.test.js,Magic Number,"{'line': 231, 'column': 62, 'index': 5170}","  229 |
  230 |     it('triggers lock', () => {
> 231 |       expect(mockLock).toHaveBeenCalledWith('redlock:my-key', 1000);
      |                                                              ^ Magic Number
  232 |     });
  233 |
  234 |     it('triggers del', () => {"
/home/gabriel/Disk/Research/research-javascript-test-smells/repositories/binance-trading-bot/app/helpers/__tests__/cache.test.js,Magic Number,"{'line': 273, 'column': 73, 'index': 6205}","  271 |
  272 |       it('triggers lock', () => {
> 273 |         expect(mockLock).toHaveBeenCalledWith('redlock:my-key:my-field', 1000);
      |                                                                         ^ Magic Number
  274 |       });
  275 |
  276 |       it('triggers set', () => {"
/home/gabriel/Disk/Research/research-javascript-test-smells/repositories/binance-trading-bot/app/helpers/__tests__/cache.test.js,Magic Number,"{'line': 314, 'column': 73, 'index': 7257}","  312 |
  313 |       it('triggers lock', () => {
> 314 |         expect(mockLock).toHaveBeenCalledWith('redlock:my-key:my-field', 1000);
      |                                                                         ^ Magic Number
  315 |       });
  316 |
  317 |       it('triggers setex', () => {"
/home/gabriel/Disk/Research/research-javascript-test-smells/repositories/binance-trading-bot/app/helpers/__tests__/cache.test.js,Magic Number,"{'line': 320, 'column': 10, 'index': 7397}","  318 |         expect(mockSetEx).toHaveBeenCalledWith(
  319 |           'my-key:my-field',
> 320 |           3600,
      |          ^ Magic Number
  321 |           'my-value'
  322 |         );
  323 |       });"
/home/gabriel/Disk/Research/research-javascript-test-smells/repositories/binance-trading-bot/app/helpers/__tests__/cache.test.js,Magic Number,"{'line': 360, 'column': 71, 'index': 8299}","  358 |
  359 |     it('triggers lock', () => {
> 360 |       expect(mockLock).toHaveBeenCalledWith('redlock:my-key:my-field', 1000);
      |                                                                       ^ Magic Number
  361 |     });
  362 |
  363 |     it('triggers get', () => {"
/home/gabriel/Disk/Research/research-javascript-test-smells/repositories/binance-trading-bot/app/helpers/__tests__/cache.test.js,Magic Number,"{'line': 424, 'column': 10, 'index': 9873}","  422 |           'prefix:key*',
  423 |           'COUNT',
> 424 |           1000
      |          ^ Magic Number
  425 |         );
  426 |       });
  427 |"
/home/gabriel/Disk/Research/research-javascript-test-smells/repositories/binance-trading-bot/app/helpers/__tests__/cache.test.js,Magic Number,"{'line': 475, 'column': 10, 'index': 11256}","  473 |           'prefix:key*',
  474 |           'COUNT',
> 475 |           1000
      |          ^ Magic Number
  476 |         );
  477 |
  478 |         expect(mockScan).toHaveBeenCalledWith("
/home/gabriel/Disk/Research/research-javascript-test-smells/repositories/binance-trading-bot/app/helpers/__tests__/cache.test.js,Magic Number,"{'line': 483, 'column': 10, 'index': 11408}","  481 |           'prefix:key*',
  482 |           'COUNT',
> 483 |           1000
      |          ^ Magic Number
  484 |         );
  485 |       });
  486 |"
/home/gabriel/Disk/Research/research-javascript-test-smells/repositories/binance-trading-bot/app/helpers/__tests__/cache.test.js,Magic Number,"{'line': 530, 'column': 10, 'index': 12758}","  528 |           'prefix:key*',
  529 |           'COUNT',
> 530 |           1000
      |          ^ Magic Number
  531 |         );
  532 |       });
  533 |"
/home/gabriel/Disk/Research/research-javascript-test-smells/repositories/binance-trading-bot/app/helpers/__tests__/cache.test.js,Magic Number,"{'line': 569, 'column': 71, 'index': 13665}","  567 |
  568 |     it('triggers lock', () => {
> 569 |       expect(mockLock).toHaveBeenCalledWith('redlock:my-key:my-field', 1000);
      |                                                                       ^ Magic Number
  570 |     });
  571 |
  572 |     it('triggers del', () => {"
/home/gabriel/Disk/Research/research-javascript-test-smells/repositories/binance-trading-bot/app/helpers/__tests__/cache.test.js,Magic Number,"{'line': 618, 'column': 10, 'index': 14847}","  616 |           'prefix:key*',
  617 |           'COUNT',
> 618 |           1000
      |          ^ Magic Number
  619 |         );
  620 |       });
  621 |"
/home/gabriel/Disk/Research/research-javascript-test-smells/repositories/binance-trading-bot/app/helpers/__tests__/cache.test.js,Magic Number,"{'line': 666, 'column': 10, 'index': 16114}","  664 |           'prefix:key*',
  665 |           'COUNT',
> 666 |           1000
      |          ^ Magic Number
  667 |         );
  668 |
  669 |         expect(mockScan).toHaveBeenCalledWith("
/home/gabriel/Disk/Research/research-javascript-test-smells/repositories/binance-trading-bot/app/helpers/__tests__/cache.test.js,Magic Number,"{'line': 674, 'column': 10, 'index': 16266}","  672 |           'prefix:key*',
  673 |           'COUNT',
> 674 |           1000
      |          ^ Magic Number
  675 |         );
  676 |       });
  677 |"
/home/gabriel/Disk/Research/research-javascript-test-smells/repositories/binance-trading-bot/app/helpers/__tests__/cache.test.js,Magic Number,"{'line': 716, 'column': 10, 'index': 17426}","  714 |           'prefix:key*',
  715 |           'COUNT',
> 716 |           1000
      |          ^ Magic Number
  717 |         );
  718 |       });
  719 |"
/home/gabriel/Disk/Research/research-javascript-test-smells/repositories/binance-trading-bot/app/helpers/__tests__/binance.test.js,Conditional Test Logic,"{'line': 21, 'column': 8, 'index': 518}","  19 |     beforeEach(() => {
  20 |       config.get = jest.fn(key => {
> 21 |         switch (key) {
     |        ^ Conditional Test Logic
  22 |           case 'mode':
  23 |             return 'test';
  24 |           default:"
/home/gabriel/Disk/Research/research-javascript-test-smells/repositories/binance-trading-bot/app/helpers/__tests__/binance.test.js,Conditional Test Logic,"{'line': 50, 'column': 8, 'index': 1257}","  48 |     beforeEach(() => {
  49 |       config.get = jest.fn(key => {
> 50 |         switch (key) {
     |        ^ Conditional Test Logic
  51 |           case 'mode':
  52 |             return 'live';
  53 |           default:"
/home/gabriel/Disk/Research/research-javascript-test-smells/repositories/binance-trading-bot/app/frontend/websocket/handlers/__tests__/symbol-update-last-buy-price.test.js,Conditional Test Logic,"{'line': 26, 'column': 6, 'index': 596}","  24 |
  25 |     mockExecute = jest.fn((funcLogger, symbol, jobPayload) => {
> 26 |       if (!funcLogger || !symbol || !jobPayload) return false;
     |      ^ Conditional Test Logic
  27 |       return jobPayload.preprocessFn() && jobPayload.postprocessFn();
  28 |     });
  29 |"
/home/gabriel/Disk/Research/research-javascript-test-smells/repositories/binance-trading-bot/app/frontend/websocket/handlers/__tests__/symbol-update-last-buy-price.test.js,Conditional Test Logic,"{'line': 166, 'column': 14, 'index': 5227}","  164 |
  165 |             cacheMock.hget = jest.fn().mockImplementation((key, field) => {
> 166 |               if (
      |              ^ Conditional Test Logic
  167 |                 key === 'trailing-trade-symbols' &&
  168 |                 field === 'BTCUSDT-symbol-info'
  169 |               ) {"
/home/gabriel/Disk/Research/research-javascript-test-smells/repositories/binance-trading-bot/app/frontend/websocket/handlers/__tests__/symbol-update-last-buy-price.test.js,Conditional Test Logic,"{'line': 263, 'column': 14, 'index': 8333}","  261 |
  262 |             cacheMock.hget = jest.fn().mockImplementation((key, field) => {
> 263 |               if (
      |              ^ Conditional Test Logic
  264 |                 key === 'trailing-trade-symbols' &&
  265 |                 field === 'BTCUSDT-symbol-info'
  266 |               ) {"
/home/gabriel/Disk/Research/research-javascript-test-smells/repositories/binance-trading-bot/app/frontend/websocket/handlers/__tests__/symbol-trigger-sell.test.js,Conditional Test Logic,"{'line': 29, 'column': 6, 'index': 709}","  27 |
  28 |     mockExecute = jest.fn((funcLogger, symbol, jobPayload) => {
> 29 |       if (!funcLogger || !symbol || !jobPayload) return false;
     |      ^ Conditional Test Logic
  30 |       return jobPayload.preprocessFn();
  31 |     });
  32 |"
/home/gabriel/Disk/Research/research-javascript-test-smells/repositories/binance-trading-bot/app/frontend/websocket/handlers/__tests__/symbol-trigger-buy.test.js,Conditional Test Logic,"{'line': 29, 'column': 6, 'index': 708}","  27 |
  28 |     mockExecute = jest.fn((funcLogger, symbol, jobPayload) => {
> 29 |       if (!funcLogger || !symbol || !jobPayload) return false;
     |      ^ Conditional Test Logic
  30 |       return jobPayload.preprocessFn();
  31 |     });
  32 |"
/home/gabriel/Disk/Research/research-javascript-test-smells/repositories/binance-trading-bot/app/frontend/websocket/handlers/__tests__/symbol-setting-update.test.js,Conditional Test Logic,"{'line': 24, 'column': 6, 'index': 553}","  22 |
  23 |     mockExecute = jest.fn((funcLogger, symbol, jobPayload) => {
> 24 |       if (!funcLogger || !symbol || !jobPayload) return false;
     |      ^ Conditional Test Logic
  25 |       return jobPayload.preprocessFn();
  26 |     });
  27 |"
/home/gabriel/Disk/Research/research-javascript-test-smells/repositories/binance-trading-bot/app/frontend/websocket/handlers/__tests__/symbol-setting-delete.test.js,Conditional Test Logic,"{'line': 23, 'column': 6, 'index': 521}","  21 |
  22 |     mockExecute = jest.fn((funcLogger, symbol, jobPayload) => {
> 23 |       if (!funcLogger || !symbol || !jobPayload) return false;
     |      ^ Conditional Test Logic
  24 |       return jobPayload.preprocessFn();
  25 |     });
  26 |"
/home/gabriel/Disk/Research/research-javascript-test-smells/repositories/binance-trading-bot/app/frontend/websocket/handlers/__tests__/symbol-grid-trade-delete.test.js,Conditional Test Logic,"{'line': 39, 'column': 6, 'index': 946}","  37 |
  38 |     mockExecute = jest.fn((funcLogger, symbol, jobPayload) => {
> 39 |       if (!funcLogger || !symbol || !jobPayload) return false;
     |      ^ Conditional Test Logic
  40 |       return jobPayload.preprocessFn();
  41 |     });
  42 |"
/home/gabriel/Disk/Research/research-javascript-test-smells/repositories/binance-trading-bot/app/frontend/websocket/handlers/__tests__/symbol-enable-action.test.js,Conditional Test Logic,"{'line': 23, 'column': 6, 'index': 514}","  21 |
  22 |     mockExecute = jest.fn((funcLogger, symbol, jobPayload) => {
> 23 |       if (!funcLogger || !symbol || !jobPayload) return false;
     |      ^ Conditional Test Logic
  24 |       return jobPayload.preprocessFn();
  25 |     });
  26 |"
/home/gabriel/Disk/Research/research-javascript-test-smells/repositories/binance-trading-bot/app/frontend/websocket/handlers/__tests__/setting-update.test.js,Conditional Test Logic,"{'line': 41, 'column': 6, 'index': 1104}","  39 |
  40 |     config.get = jest.fn(key => {
> 41 |       if (key === 'demoMode') {
     |      ^ Conditional Test Logic
  42 |         return false;
  43 |       }
  44 |       return null;"
/home/gabriel/Disk/Research/research-javascript-test-smells/repositories/binance-trading-bot/app/frontend/websocket/handlers/__tests__/setting-update.test.js,Conditional Test Logic,"{'line': 58, 'column': 8, 'index': 1505}","  56 |
  57 |       config.get = jest.fn(key => {
> 58 |         if (key === 'demoMode') {
     |        ^ Conditional Test Logic
  59 |           return true;
  60 |         }
  61 |         return null;"
/home/gabriel/Disk/Research/research-javascript-test-smells/repositories/binance-trading-bot/app/frontend/websocket/handlers/__tests__/setting-update.test.js,Duplicate Assert,"{'line': 395, 'column': 8, 'index': 11240}","  393 |
  394 |       it('triggers cache.hdel for symbols', () => {
> 395 |         expect(cacheMock.hdel).toHaveBeenCalledWith(
      |        ^ Duplicate Assert
  396 |           'trailing-trade-symbols',
  397 |           'BTCUSDT-symbol-info'
  398 |         );"
/home/gabriel/Disk/Research/research-javascript-test-smells/repositories/binance-trading-bot/app/frontend/websocket/handlers/__tests__/setting-update.test.js,Duplicate Assert,"{'line': 399, 'column': 8, 'index': 11372}","  397 |           'BTCUSDT-symbol-info'
  398 |         );
> 399 |         expect(cacheMock.hdel).toHaveBeenCalledWith(
      |        ^ Duplicate Assert
  400 |           'trailing-trade-symbols',
  401 |           'ETHUSDT-symbol-info'
  402 |         );"
/home/gabriel/Disk/Research/research-javascript-test-smells/repositories/binance-trading-bot/app/frontend/websocket/handlers/__tests__/setting-update.test.js,Duplicate Assert,"{'line': 763, 'column': 8, 'index': 22084}","  761 |
  762 |       it('triggers cache.hdel for symbols', () => {
> 763 |         expect(cacheMock.hdel).toHaveBeenCalledWith(
      |        ^ Duplicate Assert
  764 |           'trailing-trade-symbols',
  765 |           'BTCUSDT-symbol-info'
  766 |         );"
/home/gabriel/Disk/Research/research-javascript-test-smells/repositories/binance-trading-bot/app/frontend/websocket/handlers/__tests__/setting-update.test.js,Duplicate Assert,"{'line': 767, 'column': 8, 'index': 22216}","  765 |           'BTCUSDT-symbol-info'
  766 |         );
> 767 |         expect(cacheMock.hdel).toHaveBeenCalledWith(
      |        ^ Duplicate Assert
  768 |           'trailing-trade-symbols',
  769 |           'ETHUSDT-symbol-info'
  770 |         );"
/home/gabriel/Disk/Research/research-javascript-test-smells/repositories/binance-trading-bot/app/frontend/websocket/handlers/__tests__/manual-trade.test.js,Conditional Test Logic,"{'line': 27, 'column': 6, 'index': 695}","  25 |
  26 |     mockExecute = jest.fn((funcLogger, symbol, jobPayload) => {
> 27 |       if (!funcLogger || !symbol || !jobPayload) return false;
     |      ^ Conditional Test Logic
  28 |       return jobPayload.preprocessFn();
  29 |     });
  30 |"
/home/gabriel/Disk/Research/research-javascript-test-smells/repositories/binance-trading-bot/app/frontend/websocket/handlers/__tests__/manual-trade-all-symbols.test.js,Conditional Test Logic,"{'line': 242, 'column': 6, 'index': 5670}","  240 |
  241 |     mockExecute = jest.fn((funcLogger, symbol, jobPayload) => {
> 242 |       if (!funcLogger || !symbol || !jobPayload) return false;
      |      ^ Conditional Test Logic
  243 |       return jobPayload.preprocessFn();
  244 |     });
  245 |"
/home/gabriel/Disk/Research/research-javascript-test-smells/repositories/binance-trading-bot/app/frontend/websocket/handlers/__tests__/manual-trade-all-symbols.test.js,Conditional Test Logic,"{'line': 295, 'column': 12, 'index': 7184}","  293 |
  294 |           describe(`base symbol - ${baseSymbol}`, () => {
> 295 |             if (quoteOrderQty > 0) {
      |            ^ Conditional Test Logic
  296 |               it('triggers saveOverrideAction', () => {
  297 |                 expect(mockSaveOverrideAction).toHaveBeenCalledWith(
  298 |                   loggerMock,"
/home/gabriel/Disk/Research/research-javascript-test-smells/repositories/binance-trading-bot/app/frontend/websocket/handlers/__tests__/manual-trade-all-symbols.test.js,Conditional Test Logic,"{'line': 396, 'column': 12, 'index': 10410}","  394 |
  395 |           describe(`base symbol - ${baseSymbol}`, () => {
> 396 |             if (marketQuantity > 0) {
      |            ^ Conditional Test Logic
  397 |               it('triggers saveOverrideAction', () => {
  398 |                 expect(mockSaveOverrideAction).toHaveBeenCalledWith(
  399 |                   loggerMock,"
/home/gabriel/Disk/Research/research-javascript-test-smells/repositories/binance-trading-bot/app/frontend/websocket/handlers/__tests__/latest.test.js,Conditional Test Logic,"{'line': 65, 'column': 6, 'index': 2148}","  63 |
  64 |     mockConfigGet = jest.fn(key => {
> 65 |       if (key === 'mongo.host') {
     |      ^ Conditional Test Logic
  66 |         return 'binance-mongo';
  67 |       }
  68 |"
/home/gabriel/Disk/Research/research-javascript-test-smells/repositories/binance-trading-bot/app/frontend/websocket/handlers/__tests__/latest.test.js,Conditional Test Logic,"{'line': 69, 'column': 6, 'index': 2223}","  67 |       }
  68 |
> 69 |       if (key === 'mongo.port') {
     |      ^ Conditional Test Logic
  70 |         return 27017;
  71 |       }
  72 |"
/home/gabriel/Disk/Research/research-javascript-test-smells/repositories/binance-trading-bot/app/frontend/websocket/handlers/__tests__/latest.test.js,Conditional Test Logic,"{'line': 73, 'column': 6, 'index': 2288}","  71 |       }
  72 |
> 73 |       if (key === 'mongo.database') {
     |      ^ Conditional Test Logic
  74 |         return 'binance-bot';
  75 |       }
  76 |"
/home/gabriel/Disk/Research/research-javascript-test-smells/repositories/binance-trading-bot/app/frontend/websocket/handlers/__tests__/latest.test.js,Conditional Test Logic,"{'line': 77, 'column': 6, 'index': 2365}","  75 |       }
  76 |
> 77 |       if (key === 'jobs.trailingTrade') {
     |      ^ Conditional Test Logic
  78 |         return {
  79 |           sell: {
  80 |             stopLoss: {"
/home/gabriel/Disk/Research/research-javascript-test-smells/repositories/binance-trading-bot/app/frontend/websocket/handlers/__tests__/latest.test.js,Conditional Test Logic,"{'line': 99, 'column': 6, 'index': 2873}","   97 |
   98 |     mockIsActionDisabled = jest.fn().mockImplementation(symbol => {
>  99 |       if (symbol === 'BNBUSDT') {
      |      ^ Conditional Test Logic
  100 |         return {
  101 |           isDisabled: true,
  102 |           ttl: 330,"
/home/gabriel/Disk/Research/research-javascript-test-smells/repositories/binance-trading-bot/app/frontend/websocket/handlers/__tests__/latest.test.js,Conditional Test Logic,"{'line': 190, 'column': 8, 'index': 5408}","  188 |     beforeEach(async () => {
  189 |       mockCacheHGetAll = jest.fn().mockImplementation((_key, pattern) => {
> 190 |         if (pattern === 'trailing-trade-common:*') {
      |        ^ Conditional Test Logic
  191 |           return trailingTradeCommonJson;
  192 |         }
  193 |"
/home/gabriel/Disk/Research/research-javascript-test-smells/repositories/binance-trading-bot/app/frontend/websocket/handlers/__tests__/latest.test.js,Conditional Test Logic,"{'line': 194, 'column': 8, 'index': 5514}","  192 |         }
  193 |
> 194 |         if (pattern === 'trailing-trade-closed-trades:*') {
      |        ^ Conditional Test Logic
  195 |           return trailingTradeClosedTrades;
  196 |         }
  197 |"
/home/gabriel/Disk/Research/research-javascript-test-smells/repositories/binance-trading-bot/app/frontend/websocket/handlers/__tests__/latest.test.js,Conditional Test Logic,"{'line': 198, 'column': 8, 'index': 5629}","  196 |         }
  197 |
> 198 |         if (pattern === 'trailing-trade-tradingview:*') {
      |        ^ Conditional Test Logic
  199 |           return trailingTradeTradingView;
  200 |         }
  201 |"
/home/gabriel/Disk/Research/research-javascript-test-smells/repositories/binance-trading-bot/app/frontend/websocket/handlers/__tests__/cancel-order.test.js,Conditional Test Logic,"{'line': 28, 'column': 6, 'index': 696}","  26 |
  27 |     mockExecute = jest.fn((funcLogger, symbol, jobPayload) => {
> 28 |       if (!funcLogger || !symbol || !jobPayload) return false;
     |      ^ Conditional Test Logic
  29 |       return jobPayload.preprocessFn();
  30 |     });
  31 |"
/home/gabriel/Disk/Research/research-javascript-test-smells/repositories/binance-trading-bot/app/frontend/websocket/__tests__/configure.test.js,Conditional Test Logic,"{'line': 59, 'column': 6, 'index': 1371}","  57 |
  58 |     jwt.verify = jest.fn().mockImplementation(() => {
> 59 |       if (jwtVerifyResult) {
     |      ^ Conditional Test Logic
  60 |         return {
  61 |           test: 'value'
  62 |         };"
/home/gabriel/Disk/Research/research-javascript-test-smells/repositories/binance-trading-bot/app/frontend/websocket/__tests__/configure.test.js,Conditional Test Logic,"{'line': 68, 'column': 6, 'index': 1539}","  66 |
  67 |     config.get = jest.fn(key => {
> 68 |       switch (key) {
     |      ^ Conditional Test Logic
  69 |         case 'mode':
  70 |           return 'test';
  71 |         case 'jobs.simpleStopChaser':"
/home/gabriel/Disk/Research/research-javascript-test-smells/repositories/binance-trading-bot/app/frontend/websocket/__tests__/configure.test.js,Conditional Test Logic,"{'line': 605, 'column': 4, 'index': 16896}","  603 |       commandFunc: 'handleDustTransferExecute'
  604 |     }
> 605 |   ].forEach(t => {
      |    ^ Conditional Test Logic
  606 |     describe(`when message command is ${t.command}`, () => {
  607 |       describe('when authenticated', () => {
  608 |         beforeEach(() => {"
/home/gabriel/Disk/Research/research-javascript-test-smells/repositories/binance-trading-bot/app/frontend/webserver/handlers/__tests__/symbol-delete.test.js,Conditional Test Logic,"{'line': 139, 'column': 53, 'index': 3620}","  137 |     });
  138 |
> 139 |     ['BTCUSDT-latest-candle', 'BTCUSDT-symbol-info'].forEach(key => {
      |                                                     ^ Conditional Test Logic
  140 |       it(`triggers cache.hdel for trailing-trade-symbols:${key}`, () => {
  141 |         expect(cacheMock.hdel).toHaveBeenCalledWith(
  142 |           'trailing-trade-symbols',"
/home/gabriel/Disk/Research/research-javascript-test-smells/repositories/binance-trading-bot/app/frontend/webserver/handlers/__tests__/symbol-delete.test.js,Conditional Test Logic,"{'line': 148, 'column': 34, 'index': 3878}","  146 |     });
  147 |
> 148 |     ['BTCUSDT:5m', 'BTCUSDT:15m'].forEach(key => {
      |                                  ^ Conditional Test Logic
  149 |       it(`triggers cache.hdel for trailing-trade-tradingview:${key}`, () => {
  150 |         expect(cacheMock.hdel).toHaveBeenCalledWith(
  151 |           'trailing-trade-tradingview',"
/home/gabriel/Disk/Research/research-javascript-test-smells/repositories/binance-trading-bot/app/frontend/webserver/handlers/__tests__/restore-post.test.js,Conditional Test Logic,"{'line': 41, 'column': 6, 'index': 862}","  39 |
  40 |     config.get = jest.fn(key => {
> 41 |       switch (key) {
     |      ^ Conditional Test Logic
  42 |         case 'demoMode':
  43 |           return false;
  44 |         case 'mongo.host':"
/home/gabriel/Disk/Research/research-javascript-test-smells/repositories/binance-trading-bot/app/frontend/webserver/handlers/__tests__/restore-post.test.js,Conditional Test Logic,"{'line': 61, 'column': 8, 'index': 1303}","  59 |
  60 |       config.get = jest.fn(key => {
> 61 |         switch (key) {
     |        ^ Conditional Test Logic
  62 |           case 'demoMode':
  63 |             return true;
  64 |           default:"
/home/gabriel/Disk/Research/research-javascript-test-smells/repositories/binance-trading-bot/app/frontend/webserver/handlers/__tests__/grid-trade-logs-get.test.js,Conditional Test Logic,"{'line': 138, 'column': 6, 'index': 3168}","  136 |         }
  137 |       }
> 138 |     ].forEach(t => {
      |      ^ Conditional Test Logic
  139 |       describe(`found rows - ${t.desc}`, () => {
  140 |         beforeEach(async () => {
  141 |           const { logger, mongo } = require('../../../../helpers');"
/home/gabriel/Disk/Research/research-javascript-test-smells/repositories/binance-trading-bot/app/frontend/webserver/handlers/__tests__/grid-trade-logs-export.test.js,Conditional Test Logic,"{'line': 95, 'column': 6, 'index': 2134}","  93 |         }
  94 |       }
> 95 |     ].forEach(t => {
     |      ^ Conditional Test Logic
  96 |       describe(`found rows - ${t.desc}`, () => {
  97 |         beforeEach(async () => {
  98 |           // Delete log folder"
/home/gabriel/Disk/Research/research-javascript-test-smells/repositories/binance-trading-bot/app/frontend/webserver/handlers/__tests__/grid-trade-logs-export.test.js,Conditional Test Logic,"{'line': 160, 'column': 8, 'index': 4021}","  158 |         fs.rmSync(fileFolder, { recursive: true, force: true });
  159 |
> 160 |         if (!fs.existsSync(fileFolder)) {
      |        ^ Conditional Test Logic
  161 |           fs.mkdirSync(fileFolder);
  162 |         }
  163 |"
/home/gabriel/Disk/Research/research-javascript-test-smells/repositories/binance-trading-bot/app/frontend/webserver/handlers/__tests__/grid-trade-logs-export.test.js,Conditional Test Logic,"{'line': 165, 'column': 8, 'index': 4166}","  163 |
  164 |         // Create 10 files to test keeping last 10 logs
> 165 |         for (let i = 1; i <= 10; i += 1) {
      |        ^ Conditional Test Logic
  166 |           fs.writeFileSync(
  167 |             `${fileFolder}${directorySeparator}file${i}.json`,
  168 |             JSON.stringify([{ log: 'value' }])"
/home/gabriel/Disk/Research/research-javascript-test-smells/repositories/binance-trading-bot/app/frontend/webserver/handlers/__tests__/grid-trade-logs-export.test.js,Magic Number,"{'line': 201, 'column': 34, 'index': 5270}","  199 |       it('keeps 10 logs in the folder', () => {
  200 |         const files = fs.readdirSync(fileFolder);
> 201 |         expect(files.length).toBe(10);
      |                                  ^ Magic Number
  202 |       });
  203 |
  204 |       it('triggers mongo.findAll', () => {"
/home/gabriel/Disk/Research/research-javascript-test-smells/repositories/binance-trading-bot/app/frontend/webserver/handlers/__tests__/grid-trade-archive-get.test.js,Conditional Test Logic,"{'line': 299, 'column': 6, 'index': 7307}","  297 |         }
  298 |       }
> 299 |     ].forEach(t => {
      |      ^ Conditional Test Logic
  300 |       describe(`found rows - ${t.desc}`, () => {
  301 |         beforeEach(async () => {
  302 |           const { logger, mongo } = require('../../../../helpers');"
/home/gabriel/Disk/Research/research-javascript-test-smells/repositories/binance-trading-bot/app/frontend/webserver/handlers/__tests__/auth.test.js,Conditional Test Logic,"{'line': 44, 'column': 6, 'index': 889}","  42 |     }));
  43 |     config.get = jest.fn(key => {
> 44 |       switch (key) {
     |      ^ Conditional Test Logic
  45 |         case 'authentication.password':
  46 |           return '123456';
  47 |         default:"
/home/gabriel/Disk/Research/research-javascript-test-smells/repositories/binance-trading-bot/app/frontend/webserver/handlers/__tests__/auth.test.js,Conditional Test Logic,"{'line': 94, 'column': 6, 'index': 2009}","  92 |         password: 456789
  93 |       }
> 94 |     ].forEach(t => {
     |      ^ Conditional Test Logic
  95 |       describe(`password: ${t.password}`, () => {
  96 |         beforeEach(async () => {
  97 |           const { logger, PubSub, cache } = require('../../../../helpers');"
/home/gabriel/Disk/Research/research-javascript-test-smells/repositories/binance-trading-bot/app/frontend/webserver/handlers/__tests__/404.test.js,Magic Number,"{'line': 21, 'column': 47, 'index': 579}","  19 |
  20 |   it('triggers status', () => {
> 21 |     expect(resStatusMock).toHaveBeenCalledWith(404);
     |                                               ^ Magic Number
  22 |   });
  23 |
  24 |   it('triggers res.send', () => {"
/home/gabriel/Disk/Research/research-javascript-test-smells/repositories/binance-trading-bot/app/frontend/local-tunnel/__tests__/configure.test.js,Conditional Test Logic,"{'line': 28, 'column': 6, 'index': 523}","  26 |
  27 |     config.get = jest.fn(key => {
> 28 |       switch (key) {
     |      ^ Conditional Test Logic
  29 |         case 'mode':
  30 |           return 'test';
  31 |         case 'localTunnel.enabled':"
/home/gabriel/Disk/Research/research-javascript-test-smells/repositories/binance-trading-bot/app/frontend/local-tunnel/__tests__/configure.test.js,Conditional Test Logic,"{'line': 53, 'column': 8, 'index': 1204}","  51 |     beforeEach(async () => {
  52 |       config.get = jest.fn(key => {
> 53 |         switch (key) {
     |        ^ Conditional Test Logic
  54 |           case 'mode':
  55 |             return 'test';
  56 |           case 'localTunnel.enabled':"
/home/gabriel/Disk/Research/research-javascript-test-smells/repositories/binance-trading-bot/app/frontend/local-tunnel/__tests__/configure.test.js,Conditional Test Logic,"{'line': 65, 'column': 8, 'index': 1557}","  63 |       });
  64 |       mockCache.hget = jest.fn().mockImplementation((key, field) => {
> 65 |         if (key === 'trailing-trade-common' && field === 'local-tunnel-url') {
     |        ^ Conditional Test Logic
  66 |           return undefined;
  67 |         }
  68 |"
/home/gabriel/Disk/Research/research-javascript-test-smells/repositories/binance-trading-bot/app/frontend/local-tunnel/__tests__/configure.test.js,Conditional Test Logic,"{'line': 94, 'column': 8, 'index': 2334}","  92 |     beforeEach(async () => {
  93 |       mockCache.hget = jest.fn().mockImplementation((key, field) => {
> 94 |         if (key === 'trailing-trade-common' && field === 'local-tunnel-url') {
     |        ^ Conditional Test Logic
  95 |           return undefined;
  96 |         }
  97 |"
/home/gabriel/Disk/Research/research-javascript-test-smells/repositories/binance-trading-bot/app/frontend/local-tunnel/__tests__/configure.test.js,Conditional Test Logic,"{'line': 146, 'column': 8, 'index': 3731}","  144 |     beforeEach(async () => {
  145 |       mockCache.hget = jest.fn().mockImplementation((key, field) => {
> 146 |         if (key === 'trailing-trade-common' && field === 'local-tunnel-url') {
      |        ^ Conditional Test Logic
  147 |           return 'old-domain.loca.lt';
  148 |         }
  149 |"
/home/gabriel/Disk/Research/research-javascript-test-smells/repositories/binance-trading-bot/app/frontend/local-tunnel/__tests__/configure.test.js,Conditional Test Logic,"{'line': 203, 'column': 10, 'index': 5179}","  201 |       beforeEach(async () => {
  202 |         config.get = jest.fn(key => {
> 203 |           switch (key) {
      |          ^ Conditional Test Logic
  204 |             case 'mode':
  205 |               return 'test';
  206 |             case 'localTunnel.enabled':"
/home/gabriel/Disk/Research/research-javascript-test-smells/repositories/binance-trading-bot/app/frontend/local-tunnel/__tests__/configure.test.js,Conditional Test Logic,"{'line': 218, 'column': 10, 'index': 5629}","  216 |
  217 |         mockCache.hget = jest.fn().mockImplementation((key, field) => {
> 218 |           if (key === 'trailing-trade-common' && field === 'local-tunnel-url') {
      |          ^ Conditional Test Logic
  219 |             return 'old-domain.loca.lt';
  220 |           }
  221 |"
/home/gabriel/Disk/Research/research-javascript-test-smells/repositories/binance-trading-bot/app/frontend/local-tunnel/__tests__/configure.test.js,Conditional Test Logic,"{'line': 275, 'column': 8, 'index': 7227}","  273 |     beforeEach(async () => {
  274 |       mockCache.hget = jest.fn().mockImplementation((key, field) => {
> 275 |         if (key === 'trailing-trade-common' && field === 'local-tunnel-url') {
      |        ^ Conditional Test Logic
  276 |           return 'old-domain.loca.lt';
  277 |         }
  278 |"
/home/gabriel/Disk/Research/research-javascript-test-smells/repositories/binance-trading-bot/app/frontend/local-tunnel/__tests__/configure.test.js,Conditional Test Logic,"{'line': 331, 'column': 8, 'index': 8673}","  329 |     beforeEach(async () => {
  330 |       mockCache.hget = jest.fn().mockImplementation((key, field) => {
> 331 |         if (key === 'trailing-trade-common' && field === 'local-tunnel-url') {
      |        ^ Conditional Test Logic
  332 |           return 'old-domain.loca.lt';
  333 |         }
  334 |"
/home/gabriel/Disk/Research/research-javascript-test-smells/repositories/binance-trading-bot/app/frontend/local-tunnel/__tests__/configure.test.js,Conditional Test Logic,"{'line': 386, 'column': 8, 'index': 10131}","  384 |     beforeEach(async () => {
  385 |       mockCache.hget = jest.fn().mockImplementation((key, field) => {
> 386 |         if (key === 'trailing-trade-common' && field === 'local-tunnel-url') {
      |        ^ Conditional Test Logic
  387 |           return 'old-domain.loca.lt';
  388 |         }
  389 |"
/home/gabriel/Disk/Research/research-javascript-test-smells/repositories/binance-trading-bot/app/frontend/local-tunnel/__tests__/configure.test.js,Conditional Test Logic,"{'line': 394, 'column': 8, 'index': 10362}","  392 |
  393 |       mockLocalTunnelOn = jest.fn().mockImplementation((event, cb) => {
> 394 |         if (event === 'error') {
      |        ^ Conditional Test Logic
  395 |           cb();
  396 |         }
  397 |       });"
/home/gabriel/Disk/Research/research-javascript-test-smells/repositories/binance-trading-bot/app/frontend/local-tunnel/__tests__/configure.test.js,Conditional Test Logic,"{'line': 424, 'column': 8, 'index': 11105}","  422 |     beforeEach(async () => {
  423 |       mockCache.hget = jest.fn().mockImplementation((key, field) => {
> 424 |         if (key === 'trailing-trade-common' && field === 'local-tunnel-url') {
      |        ^ Conditional Test Logic
  425 |           return 'old-domain.loca.lt';
  426 |         }
  427 |"
/home/gabriel/Disk/Research/research-javascript-test-smells/repositories/binance-trading-bot/app/frontend/local-tunnel/__tests__/configure.test.js,Conditional Test Logic,"{'line': 432, 'column': 8, 'index': 11336}","  430 |
  431 |       mockLocalTunnelOn = jest.fn().mockImplementation((event, cb) => {
> 432 |         if (event === 'close') {
      |        ^ Conditional Test Logic
  433 |           cb();
  434 |         }
  435 |       });"
/home/gabriel/Disk/Research/research-javascript-test-smells/repositories/binance-trading-bot/app/frontend/local-tunnel/__tests__/configure.test.js,Conditional Test Logic,"{'line': 462, 'column': 8, 'index': 12084}","  460 |     beforeEach(async () => {
  461 |       mockCache.hget = jest.fn().mockImplementation((key, field) => {
> 462 |         if (key === 'trailing-trade-common' && field === 'local-tunnel-url') {
      |        ^ Conditional Test Logic
  463 |           return 'old-domain.loca.lt';
  464 |         }
  465 |"
/home/gabriel/Disk/Research/research-javascript-test-smells/repositories/binance-trading-bot/app/cronjob/trailingTradeIndicator/step/__tests__/get-tradingview.test.js,Duplicate Assert,"{'line': 213, 'column': 10, 'index': 6496}","  211 |
  212 |         it('triggers axios.get', () => {
> 213 |           expect(axiosMock.get).toHaveBeenCalledWith(
      |          ^ Duplicate Assert
  214 |             'http://tradingview:8080',
  215 |             {
  216 |               params: {"
/home/gabriel/Disk/Research/research-javascript-test-smells/repositories/binance-trading-bot/app/cronjob/trailingTradeIndicator/step/__tests__/get-tradingview.test.js,Duplicate Assert,"{'line': 226, 'column': 10, 'index': 6887}","  224 |           );
  225 |
> 226 |           expect(axiosMock.get).toHaveBeenCalledWith(
      |          ^ Duplicate Assert
  227 |             'http://tradingview:8080',
  228 |             {
  229 |               params: {"
/home/gabriel/Disk/Research/research-javascript-test-smells/repositories/binance-trading-bot/app/cronjob/trailingTradeIndicator/step/__tests__/get-tradingview.test.js,Duplicate Assert,"{'line': 239, 'column': 10, 'index': 7260}","  237 |           );
  238 |
> 239 |           expect(axiosMock.get).toHaveBeenCalledWith(
      |          ^ Duplicate Assert
  240 |             'http://tradingview:8080',
  241 |             {
  242 |               params: {"
/home/gabriel/Disk/Research/research-javascript-test-smells/repositories/binance-trading-bot/app/cronjob/trailingTradeIndicator/step/__tests__/get-tradingview.test.js,Duplicate Assert,"{'line': 258, 'column': 10, 'index': 7824}","  256 |
  257 |         it('triggers cache.hset for symbols', () => {
> 258 |           expect(cacheMock.hset).toHaveBeenCalledWith(
      |          ^ Duplicate Assert
  259 |             'trailing-trade-tradingview',
  260 |             'BTCUSDT:5m',
  261 |             JSON.stringify({"
/home/gabriel/Disk/Research/research-javascript-test-smells/repositories/binance-trading-bot/app/cronjob/trailingTradeIndicator/step/__tests__/get-tradingview.test.js,Duplicate Assert,"{'line': 275, 'column': 10, 'index': 8333}","  273 |           );
  274 |
> 275 |           expect(cacheMock.hset).toHaveBeenCalledWith(
      |          ^ Duplicate Assert
  276 |             'trailing-trade-tradingview',
  277 |             'BNBUSDT:5m',
  278 |             JSON.stringify({"
/home/gabriel/Disk/Research/research-javascript-test-smells/repositories/binance-trading-bot/app/cronjob/trailingTradeIndicator/step/__tests__/get-tradingview.test.js,Duplicate Assert,"{'line': 292, 'column': 10, 'index': 8838}","  290 |           );
  291 |
> 292 |           expect(cacheMock.hset).toHaveBeenCalledWith(
      |          ^ Duplicate Assert
  293 |             'trailing-trade-tradingview',
  294 |             'BTCUSDT:15m',
  295 |             JSON.stringify({"
/home/gabriel/Disk/Research/research-javascript-test-smells/repositories/binance-trading-bot/app/cronjob/trailingTradeIndicator/step/__tests__/get-tradingview.test.js,Duplicate Assert,"{'line': 309, 'column': 10, 'index': 9345}","  307 |           );
  308 |
> 309 |           expect(cacheMock.hset).toHaveBeenCalledWith(
      |          ^ Duplicate Assert
  310 |             'trailing-trade-tradingview',
  311 |             'BNBUSDT:30m',
  312 |             JSON.stringify({"
/home/gabriel/Disk/Research/research-javascript-test-smells/repositories/binance-trading-bot/app/cronjob/trailingTradeIndicator/step/__tests__/get-tradingview.test.js,Duplicate Assert,"{'line': 335, 'column': 10, 'index': 10188}","  333 |
  334 |         it(""saves logger.info for symbols because there isn't existing recommendation"", () => {
> 335 |           expect(loggerMock.info).toHaveBeenCalledWith(
      |          ^ Duplicate Assert
  336 |             {
  337 |               symbol: 'BTCUSDT',
  338 |               interval: '5m',"
/home/gabriel/Disk/Research/research-javascript-test-smells/repositories/binance-trading-bot/app/cronjob/trailingTradeIndicator/step/__tests__/get-tradingview.test.js,Duplicate Assert,"{'line': 348, 'column': 10, 'index': 10617}","  346 |           );
  347 |
> 348 |           expect(loggerMock.info).toHaveBeenCalledWith(
      |          ^ Duplicate Assert
  349 |             {
  350 |               symbol: 'BNBUSDT',
  351 |               interval: '5m',"
/home/gabriel/Disk/Research/research-javascript-test-smells/repositories/binance-trading-bot/app/cronjob/trailingTradeIndicator/step/__tests__/get-tradingview.test.js,Duplicate Assert,"{'line': 361, 'column': 10, 'index': 11038}","  359 |           );
  360 |
> 361 |           expect(loggerMock.info).toHaveBeenCalledWith(
      |          ^ Duplicate Assert
  362 |             {
  363 |               symbol: 'BTCUSDT',
  364 |               interval: '15m',"
/home/gabriel/Disk/Research/research-javascript-test-smells/repositories/binance-trading-bot/app/cronjob/trailingTradeIndicator/step/__tests__/get-tradingview.test.js,Duplicate Assert,"{'line': 374, 'column': 10, 'index': 11461}","  372 |           );
  373 |
> 374 |           expect(loggerMock.info).toHaveBeenCalledWith(
      |          ^ Duplicate Assert
  375 |             {
  376 |               symbol: 'BNBUSDT',
  377 |               interval: '30m',"
/home/gabriel/Disk/Research/research-javascript-test-smells/repositories/binance-trading-bot/app/cronjob/trailingTradeIndicator/step/__tests__/get-tradingview.test.js,Duplicate Assert,"{'line': 704, 'column': 12, 'index': 22786}","  702 |
  703 |           it(""saves logger.info for symbols because there isn't existing recommendation for first time"", () => {
> 704 |             expect(loggerMock.info).toHaveBeenCalledWith(
      |            ^ Duplicate Assert
  705 |               {
  706 |                 symbol: 'BTCUSDT',
  707 |                 interval: '5m',"
/home/gabriel/Disk/Research/research-javascript-test-smells/repositories/binance-trading-bot/app/cronjob/trailingTradeIndicator/step/__tests__/get-tradingview.test.js,Duplicate Assert,"{'line': 717, 'column': 12, 'index': 23239}","  715 |             );
  716 |
> 717 |             expect(loggerMock.info).toHaveBeenCalledWith(
      |            ^ Duplicate Assert
  718 |               {
  719 |                 symbol: 'BNBUSDT',
  720 |                 interval: '5m',"
/home/gabriel/Disk/Research/research-javascript-test-smells/repositories/binance-trading-bot/app/cronjob/trailingTradeIndicator/step/__tests__/get-tradingview.test.js,Duplicate Assert,"{'line': 730, 'column': 12, 'index': 23684}","  728 |             );
  729 |
> 730 |             expect(loggerMock.info).toHaveBeenCalledWith(
      |            ^ Duplicate Assert
  731 |               {
  732 |                 symbol: 'BTCUSDT',
  733 |                 interval: '15m',"
/home/gabriel/Disk/Research/research-javascript-test-smells/repositories/binance-trading-bot/app/cronjob/trailingTradeIndicator/step/__tests__/get-tradingview.test.js,Duplicate Assert,"{'line': 743, 'column': 12, 'index': 24131}","  741 |             );
  742 |
> 743 |             expect(loggerMock.info).toHaveBeenCalledWith(
      |            ^ Duplicate Assert
  744 |               {
  745 |                 symbol: 'BNBUSDT',
  746 |                 interval: '30m',"
/home/gabriel/Disk/Research/research-javascript-test-smells/repositories/binance-trading-bot/app/cronjob/trailingTradeIndicator/step/__tests__/get-tradingview.test.js,Duplicate Assert,"{'line': 1137, 'column': 12, 'index': 37769}","  1135 |
  1136 |           it(""saves logger.info for symbols because there isn't existing recommendation for first time"", () => {
> 1137 |             expect(loggerMock.info).toHaveBeenCalledWith(
       |            ^ Duplicate Assert
  1138 |               {
  1139 |                 symbol: 'BTCUSDT',
  1140 |                 interval: '5m',"
/home/gabriel/Disk/Research/research-javascript-test-smells/repositories/binance-trading-bot/app/cronjob/trailingTradeIndicator/step/__tests__/get-tradingview.test.js,Duplicate Assert,"{'line': 1150, 'column': 12, 'index': 38222}","  1148 |             );
  1149 |
> 1150 |             expect(loggerMock.info).toHaveBeenCalledWith(
       |            ^ Duplicate Assert
  1151 |               {
  1152 |                 symbol: 'BNBUSDT',
  1153 |                 interval: '5m',"
/home/gabriel/Disk/Research/research-javascript-test-smells/repositories/binance-trading-bot/app/cronjob/trailingTradeIndicator/step/__tests__/get-tradingview.test.js,Duplicate Assert,"{'line': 1163, 'column': 12, 'index': 38667}","  1161 |             );
  1162 |
> 1163 |             expect(loggerMock.info).toHaveBeenCalledWith(
       |            ^ Duplicate Assert
  1164 |               {
  1165 |                 symbol: 'BTCUSDT',
  1166 |                 interval: '15m',"
/home/gabriel/Disk/Research/research-javascript-test-smells/repositories/binance-trading-bot/app/cronjob/trailingTradeIndicator/step/__tests__/get-tradingview.test.js,Duplicate Assert,"{'line': 1176, 'column': 12, 'index': 39114}","  1174 |             );
  1175 |
> 1176 |             expect(loggerMock.info).toHaveBeenCalledWith(
       |            ^ Duplicate Assert
  1177 |               {
  1178 |                 symbol: 'BNBUSDT',
  1179 |                 interval: '30m',"
/home/gabriel/Disk/Research/research-javascript-test-smells/repositories/binance-trading-bot/app/cronjob/trailingTradeIndicator/step/__tests__/get-tradingview.test.js,Duplicate Assert,"{'line': 1191, 'column': 12, 'index': 39703}","  1189 |
  1190 |           it(""saves logger.info for symbols because there isn't existing recommendation for second time"", () => {
> 1191 |             expect(loggerMock.info).toHaveBeenCalledWith(
       |            ^ Duplicate Assert
  1192 |               {
  1193 |                 symbol: 'BTCUSDT',
  1194 |                 interval: '5m',"
/home/gabriel/Disk/Research/research-javascript-test-smells/repositories/binance-trading-bot/app/cronjob/trailingTradeIndicator/step/__tests__/get-tradingview.test.js,Duplicate Assert,"{'line': 1204, 'column': 12, 'index': 40148}","  1202 |             );
  1203 |
> 1204 |             expect(loggerMock.info).toHaveBeenCalledWith(
       |            ^ Duplicate Assert
  1205 |               {
  1206 |                 symbol: 'BNBUSDT',
  1207 |                 interval: '5m',"
/home/gabriel/Disk/Research/research-javascript-test-smells/repositories/binance-trading-bot/app/cronjob/trailingTradeIndicator/step/__tests__/get-tradingview.test.js,Duplicate Assert,"{'line': 1217, 'column': 12, 'index': 40607}","  1215 |             );
  1216 |
> 1217 |             expect(loggerMock.info).toHaveBeenCalledWith(
       |            ^ Duplicate Assert
  1218 |               {
  1219 |                 symbol: 'BTCUSDT',
  1220 |                 interval: '15m',"
/home/gabriel/Disk/Research/research-javascript-test-smells/repositories/binance-trading-bot/app/cronjob/trailingTradeIndicator/step/__tests__/get-tradingview.test.js,Duplicate Assert,"{'line': 1430, 'column': 8, 'index': 46990}","  1428 |
  1429 |       it('triggers cache.hset for symbols', () => {
> 1430 |         expect(cacheMock.hset).toHaveBeenCalledWith(
       |        ^ Duplicate Assert
  1431 |           'trailing-trade-tradingview',
  1432 |           'BTCUSDT:5m',
  1433 |           JSON.stringify({"
/home/gabriel/Disk/Research/research-javascript-test-smells/repositories/binance-trading-bot/app/cronjob/trailingTradeIndicator/step/__tests__/get-tradingview.test.js,Duplicate Assert,"{'line': 1449, 'column': 8, 'index': 47493}","  1447 |         );
  1448 |
> 1449 |         expect(cacheMock.hset).toHaveBeenCalledWith(
       |        ^ Duplicate Assert
  1450 |           'trailing-trade-tradingview',
  1451 |           'BNBUSDT:5m',
  1452 |           JSON.stringify({"
/home/gabriel/Disk/Research/research-javascript-test-smells/repositories/binance-trading-bot/app/cronjob/trailingTradeIndicator/step/__tests__/get-tradingview.test.js,Duplicate Assert,"{'line': 1580, 'column': 8, 'index': 51367}","  1578 |
  1579 |       it('triggers axios.get', () => {
> 1580 |         expect(axiosMock.get).toHaveBeenCalledWith('http://tradingview:8080', {
       |        ^ Duplicate Assert
  1581 |           params: {
  1582 |             symbols: ['BINANCE:BTCUSDT'],
  1583 |             screener: 'CRYPTO',"
/home/gabriel/Disk/Research/research-javascript-test-smells/repositories/binance-trading-bot/app/cronjob/trailingTradeIndicator/step/__tests__/get-tradingview.test.js,Duplicate Assert,"{'line': 1590, 'column': 8, 'index': 51669}","  1588 |         });
  1589 |
> 1590 |         expect(axiosMock.get).toHaveBeenCalledWith('http://tradingview:8080', {
       |        ^ Duplicate Assert
  1591 |           params: {
  1592 |             symbols: ['BINANCE:BTCUSDT'],
  1593 |             screener: 'CRYPTO',"
/home/gabriel/Disk/Research/research-javascript-test-smells/repositories/binance-trading-bot/app/cronjob/trailingTradeIndicator/step/__tests__/get-tradingview.test.js,Duplicate Assert,"{'line': 1600, 'column': 8, 'index': 51972}","  1598 |         });
  1599 |
> 1600 |         expect(axiosMock.get).toHaveBeenCalledWith('http://tradingview:8080', {
       |        ^ Duplicate Assert
  1601 |           params: {
  1602 |             symbols: ['BINANCE:BNBUSDT'],
  1603 |             screener: 'CRYPTO',"
/home/gabriel/Disk/Research/research-javascript-test-smells/repositories/binance-trading-bot/app/cronjob/trailingTradeIndicator/step/__tests__/get-closed-trades.test.js,Conditional Test Logic,"{'line': 44, 'column': 8, 'index': 989}","  42 |           selectedPeriodLC: 'us'
  43 |         }
> 44 |       ].forEach(t => {
     |        ^ Conditional Test Logic
  45 |         describe(`selectedPeriod: ${t.selectedPeriod}`, () => {
  46 |           let start;
  47 |           let end;"
/home/gabriel/Disk/Research/research-javascript-test-smells/repositories/binance-trading-bot/app/cronjob/trailingTradeIndicator/step/__tests__/get-closed-trades.test.js,Conditional Test Logic,"{'line': 74, 'column': 12, 'index': 1875}","  72 |               .locale(t.selectedPeriodLC);
  73 |
> 74 |             switch (t.selectedPeriod) {
     |            ^ Conditional Test Logic
  75 |               case 'd':
  76 |                 start = momentLocale.startOf('day').toISOString();
  77 |                 end = momentLocale.endOf('day').toISOString();"
/home/gabriel/Disk/Research/research-javascript-test-smells/repositories/binance-trading-bot/app/cronjob/trailingTradeIndicator/step/__tests__/get-closed-trades.test.js,Conditional Test Logic,"{'line': 91, 'column': 12, 'index': 2514}","  89 |             }
  90 |
> 91 |             if (start || end) {
     |            ^ Conditional Test Logic
  92 |               match.archivedAt = {
  93 |                 ...(start ? { $gte: start } : {}),
  94 |                 ...(end ? { $lte: end } : {})"
/home/gabriel/Disk/Research/research-javascript-test-smells/repositories/binance-trading-bot/app/cronjob/trailingTradeIndicator/step/__tests__/get-account-info.test.js,Conditional Test Logic,"{'line': 28, 'column': 10, 'index': 656}","  26 |
  27 |         cacheMock.hget = jest.fn().mockImplementation((key, field) => {
> 28 |           if (key === 'trailing-trade-common' && field === 'account-info') {
     |          ^ Conditional Test Logic
  29 |             return JSON.stringify({
  30 |               balances: [{ asset: 'BTC' }, { asset: 'BNB' }, { asset: 'LTC' }]
  31 |             });"
/home/gabriel/Disk/Research/research-javascript-test-smells/repositories/binance-trading-bot/app/cronjob/trailingTradeIndicator/step/__tests__/get-account-info.test.js,Conditional Test Logic,"{'line': 102, 'column': 10, 'index': 2955}","  100 |
  101 |         cacheMock.hget = jest.fn().mockImplementation((key, field) => {
> 102 |           if (key === 'trailing-trade-common' && field === 'account-info') {
      |          ^ Conditional Test Logic
  103 |             return JSON.stringify({
  104 |               balances: [{ asset: 'BTC' }, { asset: 'XRP' }, { asset: 'ETH' }]
  105 |             });"
/home/gabriel/Disk/Research/research-javascript-test-smells/repositories/binance-trading-bot/app/cronjob/trailingTradeHelper/__tests__/util.test.js,Conditional Test Logic,"{'line': 22, 'column': 6, 'index': 386}","  20 |         expected: 123.02
  21 |       }
> 22 |     ].forEach(t => {
     |      ^ Conditional Test Logic
  23 |       describe(`test ${t.number} - ${t.decimal}`, () => {
  24 |         beforeEach(() => {
  25 |           result = util.roundDown(t.number, t.decimal);"
/home/gabriel/Disk/Research/research-javascript-test-smells/repositories/binance-trading-bot/app/cronjob/trailingTradeHelper/__tests__/tradingview.test.js,Conditional Test Logic,"{'line': 553, 'column': 8, 'index': 15199}","  551 |             'Do not place an order because TradingView recommendation for 5m is STRONG_BUY.'
  552 |         }
> 553 |       ].forEach(t => {
      |        ^ Conditional Test Logic
  554 |         describe(`${t.desc}`, () => {
  555 |           beforeEach(() => {
  556 |             result = isBuyAllowedByTradingView(loggerMock, {"
/home/gabriel/Disk/Research/research-javascript-test-smells/repositories/binance-trading-bot/app/cronjob/trailingTradeHelper/__tests__/tradingview.test.js,Conditional Test Logic,"{'line': 700, 'column': 8, 'index': 18939}","  698 |           ]
  699 |         }
> 700 |       ].forEach(t => {
      |        ^ Conditional Test Logic
  701 |         describe(`${t.desc}`, () => {
  702 |           beforeEach(() => {
  703 |             result = isBuyAllowedByTradingView(loggerMock, {"
/home/gabriel/Disk/Research/research-javascript-test-smells/repositories/binance-trading-bot/app/cronjob/trailingTradeHelper/__tests__/tradingview.test.js,Conditional Test Logic,"{'line': 1222, 'column': 8, 'index': 34190}","  1220 |           }
  1221 |         }
> 1222 |       ].forEach(t => {
       |        ^ Conditional Test Logic
  1223 |         describe(`${t.desc}`, () => {
  1224 |           beforeEach(() => {
  1225 |             result = shouldForceSellByTradingView(loggerMock, {"
/home/gabriel/Disk/Research/research-javascript-test-smells/repositories/binance-trading-bot/app/cronjob/trailingTradeHelper/__tests__/tradingview.test.js,Conditional Test Logic,"{'line': 1445, 'column': 8, 'index': 40549}","  1443 |           ]
  1444 |         }
> 1445 |       ].forEach(t => {
       |        ^ Conditional Test Logic
  1446 |         describe(`${t.desc}`, () => {
  1447 |           beforeEach(() => {
  1448 |             result = shouldForceSellByTradingView(loggerMock, {"
/home/gabriel/Disk/Research/research-javascript-test-smells/repositories/binance-trading-bot/app/cronjob/trailingTradeHelper/__tests__/tradingview.test.js,Conditional Test Logic,"{'line': 1619, 'column': 8, 'index': 45735}","  1617 |             `and the current price (29000) is under trigger price (30900). Sell at market price.`
  1618 |         }
> 1619 |       ].forEach(t => {
       |        ^ Conditional Test Logic
  1620 |         describe(`${t.desc}`, () => {
  1621 |           beforeEach(() => {
  1622 |             result = shouldForceSellByTradingView(loggerMock, {"
/home/gabriel/Disk/Research/research-javascript-test-smells/repositories/binance-trading-bot/app/cronjob/trailingTradeHelper/__tests__/configuration.test.js,Conditional Test Logic,"{'line': 226, 'column': 10, 'index': 5894}","  224 |
  225 |         config.get = jest.fn(key => {
> 226 |           if (key === 'jobs.trailingTrade') {
      |          ^ Conditional Test Logic
  227 |             return {
  228 |               enabled: true,
  229 |               symbols: ['BTCUSDT', 'BNBBTC', 'TRXUSDT'],"
/home/gabriel/Disk/Research/research-javascript-test-smells/repositories/binance-trading-bot/app/cronjob/trailingTradeHelper/__tests__/configuration.test.js,Conditional Test Logic,"{'line': 300, 'column': 10, 'index': 7824}","  298 |         cache.del = jest.fn().mockResolvedValue(true);
  299 |         config.get = jest.fn(key => {
> 300 |           if (key === 'jobs.trailingTrade') {
      |          ^ Conditional Test Logic
  301 |             return {
  302 |               enabled: true,
  303 |               cronTime: '* * * * * *',"
/home/gabriel/Disk/Research/research-javascript-test-smells/repositories/binance-trading-bot/app/cronjob/trailingTradeHelper/__tests__/configuration.test.js,Conditional Test Logic,"{'line': 340, 'column': 10, 'index': 9108}","  338 |
  339 |         mongo.findOne = jest.fn((_logger, collection, filter) => {
> 340 |           if (
      |          ^ Conditional Test Logic
  341 |             collection === 'trailing-trade-common' &&
  342 |             _.isEqual(filter, { key: 'configuration' })
  343 |           ) {"
/home/gabriel/Disk/Research/research-javascript-test-smells/repositories/binance-trading-bot/app/cronjob/trailingTradeHelper/__tests__/configuration.test.js,Conditional Test Logic,"{'line': 439, 'column': 10, 'index': 12070}","  437 |       beforeEach(async () => {
  438 |         mongo.findOne = jest.fn((_logger, collection, filter) => {
> 439 |           if (
      |          ^ Conditional Test Logic
  440 |             collection === 'trailing-trade-symbols' &&
  441 |             _.isEqual(filter, { key: 'BTCUSDT-configuration' })
  442 |           ) {"
/home/gabriel/Disk/Research/research-javascript-test-smells/repositories/binance-trading-bot/app/cronjob/trailingTradeHelper/__tests__/configuration.test.js,Conditional Test Logic,"{'line': 493, 'column': 10, 'index': 13518}","  491 |       beforeEach(async () => {
  492 |         mongo.findOne = jest.fn((_logger, collection, filter) => {
> 493 |           if (
      |          ^ Conditional Test Logic
  494 |             collection === 'trailing-trade-grid-trade' &&
  495 |             _.isEqual(filter, { key: 'BTCUSDT' })
  496 |           ) {"
/home/gabriel/Disk/Research/research-javascript-test-smells/repositories/binance-trading-bot/app/cronjob/trailingTradeHelper/__tests__/configuration.test.js,Conditional Test Logic,"{'line': 3143, 'column': 8, 'index': 82966}","  3141 |       cache.hdelall = jest.fn().mockResolvedValue(true);
  3142 |       cache.hgetWithoutLock = jest.fn().mockImplementation((hash, _key) => {
> 3143 |         if (hash === 'trailing-trade-symbols') {
       |        ^ Conditional Test Logic
  3144 |           return Promise.resolve(
  3145 |             JSON.stringify({
  3146 |               quoteAsset: 'USDT',"
/home/gabriel/Disk/Research/research-javascript-test-smells/repositories/binance-trading-bot/app/cronjob/trailingTradeHelper/__tests__/configuration.test.js,Conditional Test Logic,"{'line': 3159, 'column': 8, 'index': 83384}","  3157 |
  3158 |       config.get = jest.fn(key => {
> 3159 |         if (key === 'jobs.trailingTrade') {
       |        ^ Conditional Test Logic
  3160 |           return {
  3161 |             enabled: true,
  3162 |             cronTime: '* * * * * *',"
/home/gabriel/Disk/Research/research-javascript-test-smells/repositories/binance-trading-bot/app/cronjob/trailingTradeHelper/__tests__/configuration.test.js,Conditional Test Logic,"{'line': 3254, 'column': 12, 'index': 86269}","  3252 |         beforeEach(async () => {
  3253 |           cache.hgetWithoutLock = jest.fn().mockImplementation((hash, key) => {
> 3254 |             if (hash === 'trailing-trade-configurations' && key === 'global') {
       |            ^ Conditional Test Logic
  3255 |               return Promise.resolve(
  3256 |                 JSON.stringify({
  3257 |                   global: 'configuration'"
/home/gabriel/Disk/Research/research-javascript-test-smells/repositories/binance-trading-bot/app/cronjob/trailingTradeHelper/__tests__/configuration.test.js,Conditional Test Logic,"{'line': 3278, 'column': 12, 'index': 86969}","  3276 |         beforeEach(async () => {
  3277 |           mongo.findOne = jest.fn((_logger, collection, filter) => {
> 3278 |             if (
       |            ^ Conditional Test Logic
  3279 |               collection === 'trailing-trade-common' &&
  3280 |               _.isEqual(filter, { key: 'configuration' })
  3281 |             ) {"
/home/gabriel/Disk/Research/research-javascript-test-smells/repositories/binance-trading-bot/app/cronjob/trailingTradeHelper/__tests__/configuration.test.js,Conditional Test Logic,"{'line': 3399, 'column': 12, 'index': 91111}","  3397 |               };
  3398 |             }
> 3399 |             if (
       |            ^ Conditional Test Logic
  3400 |               collection === 'trailing-trade-symbols' &&
  3401 |               _.isEqual(filter, { key: 'BTCUSDT-configuration' })
  3402 |             ) {"
/home/gabriel/Disk/Research/research-javascript-test-smells/repositories/binance-trading-bot/app/cronjob/trailingTradeHelper/__tests__/configuration.test.js,Conditional Test Logic,"{'line': 3700, 'column': 12, 'index': 101395}","  3698 |         beforeEach(async () => {
  3699 |           cache.hgetWithoutLock = jest.fn().mockImplementation((hash, key) => {
> 3700 |             if (hash === 'trailing-trade-configurations' && key === 'BTCUSDT') {
       |            ^ Conditional Test Logic
  3701 |               return Promise.resolve(
  3702 |                 JSON.stringify({
  3703 |                   symbol: 'configuration'"
/home/gabriel/Disk/Research/research-javascript-test-smells/repositories/binance-trading-bot/app/cronjob/trailingTradeHelper/__tests__/configuration.test.js,Conditional Test Logic,"{'line': 3946, 'column': 14, 'index': 109290}","  3944 |           beforeEach(async () => {
  3945 |             mongo.findOne = jest.fn((_logger, collection, filter) => {
> 3946 |               if (
       |              ^ Conditional Test Logic
  3947 |                 collection === 'trailing-trade-common' &&
  3948 |                 _.isEqual(filter, { key: 'configuration' })
  3949 |               ) {"
/home/gabriel/Disk/Research/research-javascript-test-smells/repositories/binance-trading-bot/app/cronjob/trailingTradeHelper/__tests__/configuration.test.js,Conditional Test Logic,"{'line': 4212, 'column': 14, 'index': 118635}","  4210 |           beforeEach(async () => {
  4211 |             mongo.findOne = jest.fn((_logger, collection, filter) => {
> 4212 |               if (
       |              ^ Conditional Test Logic
  4213 |                 collection === 'trailing-trade-common' &&
  4214 |                 _.isEqual(filter, { key: 'configuration' })
  4215 |               ) {"
/home/gabriel/Disk/Research/research-javascript-test-smells/repositories/binance-trading-bot/app/cronjob/trailingTradeHelper/__tests__/configuration.test.js,Conditional Test Logic,"{'line': 4510, 'column': 14, 'index': 129237}","  4508 |           beforeEach(async () => {
  4509 |             mongo.findOne = jest.fn((_logger, collection, filter) => {
> 4510 |               if (
       |              ^ Conditional Test Logic
  4511 |                 collection === 'trailing-trade-common' &&
  4512 |                 _.isEqual(filter, { key: 'configuration' })
  4513 |               ) {"
/home/gabriel/Disk/Research/research-javascript-test-smells/repositories/binance-trading-bot/app/cronjob/trailingTradeHelper/__tests__/configuration.test.js,Conditional Test Logic,"{'line': 4524, 'column': 14, 'index': 129641}","  4522 |               }
  4523 |
> 4524 |               if (
       |              ^ Conditional Test Logic
  4525 |                 collection === 'trailing-trade-symbols' &&
  4526 |                 _.isEqual(filter, { key: 'BTCUSDT-configuration' })
  4527 |               ) {"
/home/gabriel/Disk/Research/research-javascript-test-smells/repositories/binance-trading-bot/app/cronjob/trailingTradeHelper/__tests__/configuration.test.js,Conditional Test Logic,"{'line': 4647, 'column': 14, 'index': 133830}","  4645 |
  4646 |             mongo.findOne = jest.fn((_logger, collection, filter) => {
> 4647 |               if (
       |              ^ Conditional Test Logic
  4648 |                 collection === 'trailing-trade-common' &&
  4649 |                 _.isEqual(filter, { key: 'configuration' })
  4650 |               ) {"
/home/gabriel/Disk/Research/research-javascript-test-smells/repositories/binance-trading-bot/app/cronjob/trailingTradeHelper/__tests__/configuration.test.js,Conditional Test Logic,"{'line': 4661, 'column': 14, 'index': 134234}","  4659 |               }
  4660 |
> 4661 |               if (
       |              ^ Conditional Test Logic
  4662 |                 collection === 'trailing-trade-symbols' &&
  4663 |                 _.isEqual(filter, { key: 'BTCUSDT-configuration' })
  4664 |               ) {"
/home/gabriel/Disk/Research/research-javascript-test-smells/repositories/binance-trading-bot/app/cronjob/trailingTradeHelper/__tests__/configuration.test.js,Conditional Test Logic,"{'line': 4784, 'column': 18, 'index': 138531}","  4782 |               beforeEach(async () => {
  4783 |                 mongo.findOne = jest.fn((_logger, collection, filter) => {
> 4784 |                   if (
       |                  ^ Conditional Test Logic
  4785 |                     collection === 'trailing-trade-common' &&
  4786 |                     _.isEqual(filter, { key: 'configuration' })
  4787 |                   ) {"
/home/gabriel/Disk/Research/research-javascript-test-smells/repositories/binance-trading-bot/app/cronjob/trailingTradeHelper/__tests__/configuration.test.js,Conditional Test Logic,"{'line': 4973, 'column': 18, 'index': 146255}","  4971 |                   }
  4972 |
> 4973 |                   if (
       |                  ^ Conditional Test Logic
  4974 |                     collection === 'trailing-trade-symbols' &&
  4975 |                     _.isEqual(filter, { key: 'BTCUSDT-configuration' })
  4976 |                   ) {"
/home/gabriel/Disk/Research/research-javascript-test-smells/repositories/binance-trading-bot/app/cronjob/trailingTradeHelper/__tests__/configuration.test.js,Conditional Test Logic,"{'line': 5197, 'column': 18, 'index': 154907}","  5195 |               beforeEach(async () => {
  5196 |                 mongo.findOne = jest.fn((_logger, collection, filter) => {
> 5197 |                   if (
       |                  ^ Conditional Test Logic
  5198 |                     collection === 'trailing-trade-common' &&
  5199 |                     _.isEqual(filter, { key: 'configuration' })
  5200 |                   ) {"
/home/gabriel/Disk/Research/research-javascript-test-smells/repositories/binance-trading-bot/app/cronjob/trailingTradeHelper/__tests__/configuration.test.js,Conditional Test Logic,"{'line': 5299, 'column': 18, 'index': 158962}","  5297 |                   }
  5298 |
> 5299 |                   if (
       |                  ^ Conditional Test Logic
  5300 |                     collection === 'trailing-trade-symbols' &&
  5301 |                     _.isEqual(filter, { key: 'BTCUSDT-configuration' })
  5302 |                   ) {"
/home/gabriel/Disk/Research/research-javascript-test-smells/repositories/binance-trading-bot/app/cronjob/trailingTradeHelper/__tests__/configuration.test.js,Conditional Test Logic,"{'line': 5553, 'column': 16, 'index': 168942}","  5551 |             beforeEach(async () => {
  5552 |               mongo.findOne = jest.fn((_logger, collection, filter) => {
> 5553 |                 if (
       |                ^ Conditional Test Logic
  5554 |                   collection === 'trailing-trade-common' &&
  5555 |                   _.isEqual(filter, { key: 'configuration' })
  5556 |                 ) {"
/home/gabriel/Disk/Research/research-javascript-test-smells/repositories/binance-trading-bot/app/cronjob/trailingTradeHelper/__tests__/configuration.test.js,Conditional Test Logic,"{'line': 5672, 'column': 16, 'index': 173473}","  5670 |                 }
  5671 |
> 5672 |                 if (
       |                ^ Conditional Test Logic
  5673 |                   collection === 'trailing-trade-symbols' &&
  5674 |                   _.isEqual(filter, { key: 'BTCUSDT-configuration' })
  5675 |                 ) {"
/home/gabriel/Disk/Research/research-javascript-test-smells/repositories/binance-trading-bot/app/cronjob/trailingTradeHelper/__tests__/configuration.test.js,Magic Number,"{'line': 2155, 'column': 37, 'index': 56475}","  2153 |
  2154 |       it('returns expected value', () => {
> 2155 |         expect(result).toStrictEqual(7);
       |                                     ^ Magic Number
  2156 |       });
  2157 |     });
  2158 |"
/home/gabriel/Disk/Research/research-javascript-test-smells/repositories/binance-trading-bot/app/cronjob/trailingTradeHelper/__tests__/configuration.test.js,Magic Number,"{'line': 2222, 'column': 41, 'index': 58242}","  2220 |
  2221 |           it('returns expected value', () => {
> 2222 |             expect(result).toStrictEqual(5);
       |                                         ^ Magic Number
  2223 |           });
  2224 |         });
  2225 |"
/home/gabriel/Disk/Research/research-javascript-test-smells/repositories/binance-trading-bot/app/cronjob/trailingTradeHelper/__tests__/configuration.test.js,Magic Number,"{'line': 2254, 'column': 41, 'index': 59121}","  2252 |
  2253 |           it('returns expected value', () => {
> 2254 |             expect(result).toStrictEqual(10);
       |                                         ^ Magic Number
  2255 |           });
  2256 |         });
  2257 |       });"
/home/gabriel/Disk/Research/research-javascript-test-smells/repositories/binance-trading-bot/app/cronjob/trailingTradeHelper/__tests__/common.test.js,Conditional Test Logic,"{'line': 105, 'column': 12, 'index': 2780}","  103 |
  104 |           cacheMock.hget = jest.fn().mockImplementation((hash, key) => {
> 105 |             if (
      |            ^ Conditional Test Logic
  106 |               hash === 'trailing-trade-common' &&
  107 |               key === 'exchange-symbols'
  108 |             ) {"
/home/gabriel/Disk/Research/research-javascript-test-smells/repositories/binance-trading-bot/app/cronjob/trailingTradeHelper/__tests__/common.test.js,Conditional Test Logic,"{'line': 113, 'column': 12, 'index': 3057}","  111 |               );
  112 |             }
> 113 |             if (hash === 'trailing-trade-common' && key === 'exchange-info') {
      |            ^ Conditional Test Logic
  114 |               return JSON.stringify(
  115 |                 _.cloneDeep(require('./fixtures/binance-exchange-info.json'))
  116 |               );"
/home/gabriel/Disk/Research/research-javascript-test-smells/repositories/binance-trading-bot/app/cronjob/trailingTradeHelper/__tests__/common.test.js,Conditional Test Logic,"{'line': 178, 'column': 12, 'index': 5168}","  176 |
  177 |           cacheMock.hget = jest.fn().mockImplementation((hash, key) => {
> 178 |             if (
      |            ^ Conditional Test Logic
  179 |               hash === 'trailing-trade-common' &&
  180 |               key === 'exchange-symbols'
  181 |             ) {"
/home/gabriel/Disk/Research/research-javascript-test-smells/repositories/binance-trading-bot/app/cronjob/trailingTradeHelper/__tests__/common.test.js,Conditional Test Logic,"{'line': 186, 'column': 12, 'index': 5435}","  184 |               );
  185 |             }
> 186 |             if (hash === 'trailing-trade-common' && key === 'exchange-info') {
      |            ^ Conditional Test Logic
  187 |               return JSON.stringify(
  188 |                 _.cloneDeep(require('./fixtures/binance-exchange-info.json'))
  189 |               );"
/home/gabriel/Disk/Research/research-javascript-test-smells/repositories/binance-trading-bot/app/cronjob/trailingTradeHelper/__tests__/common.test.js,Conditional Test Logic,"{'line': 252, 'column': 10, 'index': 7594}","  250 |
  251 |         cacheMock.hget = jest.fn().mockImplementation((hash, key) => {
> 252 |           if (hash === 'trailing-trade-common' && key === 'exchange-info') {
      |          ^ Conditional Test Logic
  253 |             return JSON.stringify(
  254 |               _.cloneDeep(require('./fixtures/binance-exchange-info.json'))
  255 |             );"
/home/gabriel/Disk/Research/research-javascript-test-smells/repositories/binance-trading-bot/app/cronjob/trailingTradeHelper/__tests__/common.test.js,Conditional Test Logic,"{'line': 325, 'column': 8, 'index': 9747}","  323 |
  324 |       cacheMock.hget = jest.fn().mockImplementation((hash, key) => {
> 325 |         if (
      |        ^ Conditional Test Logic
  326 |           hash === 'trailing-trade-symbols' &&
  327 |           key === 'ETHBTC-latest-candle'
  328 |         ) {"
/home/gabriel/Disk/Research/research-javascript-test-smells/repositories/binance-trading-bot/app/cronjob/trailingTradeHelper/__tests__/common.test.js,Conditional Test Logic,"{'line': 332, 'column': 8, 'index': 9927}","  330 |         }
  331 |
> 332 |         if (
      |        ^ Conditional Test Logic
  333 |           hash === 'trailing-trade-symbols' &&
  334 |           key === 'LTCBTC-latest-candle'
  335 |         ) {"
/home/gabriel/Disk/Research/research-javascript-test-smells/repositories/binance-trading-bot/app/cronjob/trailingTradeHelper/__tests__/common.test.js,Conditional Test Logic,"{'line': 339, 'column': 8, 'index': 10106}","  337 |         }
  338 |
> 339 |         if (
      |        ^ Conditional Test Logic
  340 |           hash === 'trailing-trade-symbols' &&
  341 |           key === 'TRXBTC-latest-candle'
  342 |         ) {"
/home/gabriel/Disk/Research/research-javascript-test-smells/repositories/binance-trading-bot/app/cronjob/trailingTradeHelper/__tests__/common.test.js,Conditional Test Logic,"{'line': 1327, 'column': 10, 'index': 35760}","  1325 |       beforeEach(async () => {
  1326 |         mockConfigGet = jest.fn(key => {
> 1327 |           if (key === 'featureToggle.notifyDebug') {
       |          ^ Conditional Test Logic
  1328 |             return true;
  1329 |           }
  1330 |           if (key === 'featureToggle.notifyOrderConfirm') {"
/home/gabriel/Disk/Research/research-javascript-test-smells/repositories/binance-trading-bot/app/cronjob/trailingTradeHelper/__tests__/common.test.js,Conditional Test Logic,"{'line': 1330, 'column': 10, 'index': 35850}","  1328 |             return true;
  1329 |           }
> 1330 |           if (key === 'featureToggle.notifyOrderConfirm') {
       |          ^ Conditional Test Logic
  1331 |             return false;
  1332 |           }
  1333 |           return null;"
/home/gabriel/Disk/Research/research-javascript-test-smells/repositories/binance-trading-bot/app/cronjob/trailingTradeHelper/__tests__/common.test.js,Conditional Test Logic,"{'line': 1419, 'column': 10, 'index': 38326}","  1417 |       beforeEach(async () => {
  1418 |         mockConfigGet = jest.fn(key => {
> 1419 |           if (key === 'featureToggle.notifyDebug') {
       |          ^ Conditional Test Logic
  1420 |             return true;
  1421 |           }
  1422 |           if (key === 'featureToggle.notifyOrderConfirm') {"
/home/gabriel/Disk/Research/research-javascript-test-smells/repositories/binance-trading-bot/app/cronjob/trailingTradeHelper/__tests__/common.test.js,Conditional Test Logic,"{'line': 1422, 'column': 10, 'index': 38416}","  1420 |             return true;
  1421 |           }
> 1422 |           if (key === 'featureToggle.notifyOrderConfirm') {
       |          ^ Conditional Test Logic
  1423 |             return false;
  1424 |           }
  1425 |           return null;"
/home/gabriel/Disk/Research/research-javascript-test-smells/repositories/binance-trading-bot/app/cronjob/trailingTradeHelper/__tests__/common.test.js,Conditional Test Logic,"{'line': 1517, 'column': 10, 'index': 41060}","  1515 |       beforeEach(async () => {
  1516 |         mockConfigGet = jest.fn(key => {
> 1517 |           if (key === 'featureToggle.notifyDebug') {
       |          ^ Conditional Test Logic
  1518 |             return false;
  1519 |           }
  1520 |           if (key === 'featureToggle.notifyOrderConfirm') {"
/home/gabriel/Disk/Research/research-javascript-test-smells/repositories/binance-trading-bot/app/cronjob/trailingTradeHelper/__tests__/common.test.js,Conditional Test Logic,"{'line': 1520, 'column': 10, 'index': 41151}","  1518 |             return false;
  1519 |           }
> 1520 |           if (key === 'featureToggle.notifyOrderConfirm') {
       |          ^ Conditional Test Logic
  1521 |             return false;
  1522 |           }
  1523 |           return null;"
/home/gabriel/Disk/Research/research-javascript-test-smells/repositories/binance-trading-bot/app/cronjob/trailingTradeHelper/__tests__/common.test.js,Conditional Test Logic,"{'line': 1766, 'column': 10, 'index': 48613}","  1764 |         cacheMock.hset = jest.fn().mockResolvedValue(true);
  1765 |         cacheMock.hget = jest.fn().mockImplementation((key, hash) => {
> 1766 |           if (key === 'trailing-trade-common' && hash === 'exchange-info') {
       |          ^ Conditional Test Logic
  1767 |             return Promise.resolve(
  1768 |               JSON.stringify(
  1769 |                 _.cloneDeep(require('./fixtures/binance-exchange-info.json'))"
/home/gabriel/Disk/Research/research-javascript-test-smells/repositories/binance-trading-bot/app/cronjob/trailingTradeHelper/__tests__/common.test.js,Conditional Test Logic,"{'line': 1873, 'column': 10, 'index': 51926}","  1871 |       beforeEach(async () => {
  1872 |         mockConfigGet = jest.fn(key => {
> 1873 |           if (key === 'authentication.enabled') {
       |          ^ Conditional Test Logic
  1874 |             return false;
  1875 |           }
  1876 |           return null;"
/home/gabriel/Disk/Research/research-javascript-test-smells/repositories/binance-trading-bot/app/cronjob/trailingTradeHelper/__tests__/common.test.js,Conditional Test Logic,"{'line': 1924, 'column': 12, 'index': 53256}","  1922 |         beforeEach(async () => {
  1923 |           mockConfigGet = jest.fn(key => {
> 1924 |             if (key === 'authentication.enabled') {
       |            ^ Conditional Test Logic
  1925 |               return true;
  1926 |             }
  1927 |             return null;"
/home/gabriel/Disk/Research/research-javascript-test-smells/repositories/binance-trading-bot/app/cronjob/trailingTradeHelper/__tests__/common.test.js,Conditional Test Logic,"{'line': 1980, 'column': 12, 'index': 54774}","  1978 |         beforeEach(async () => {
  1979 |           mockConfigGet = jest.fn(key => {
> 1980 |             if (key === 'authentication.enabled') {
       |            ^ Conditional Test Logic
  1981 |               return true;
  1982 |             }
  1983 |             return null;"
/home/gabriel/Disk/Research/research-javascript-test-smells/repositories/binance-trading-bot/app/cronjob/trailingTradeHelper/__tests__/common.test.js,Conditional Test Logic,"{'line': 3145, 'column': 6, 'index': 86113}","  3143 |         }
  3144 |       }
> 3145 |     ].forEach(t => {
       |      ^ Conditional Test Logic
  3146 |       describe(`sortBy - ${t.desc}`, () => {
  3147 |         beforeEach(async () => {
  3148 |           const { mongo, logger, cache } = require('../../../helpers');"
/home/gabriel/Disk/Research/research-javascript-test-smells/repositories/binance-trading-bot/app/cronjob/trailingTradeHelper/__tests__/common.test.js,Conditional Test Logic,"{'line': 3157, 'column': 12, 'index': 86534}","  3155 |
  3156 |           cacheMock.hget = jest.fn().mockImplementation((hash, key) => {
> 3157 |             if (
       |            ^ Conditional Test Logic
  3158 |               hash === 'trailing-trade-common' &&
  3159 |               key === 'open-trades-symbols'
  3160 |             ) {"
/home/gabriel/Disk/Research/research-javascript-test-smells/repositories/binance-trading-bot/app/cronjob/trailingTradeHelper/__tests__/common.test.js,Conditional Test Logic,"{'line': 3164, 'column': 12, 'index': 86737}","  3162 |             }
  3163 |
> 3164 |             if (
       |            ^ Conditional Test Logic
  3165 |               hash === 'trailing-trade-common' &&
  3166 |               key === 'open-orders-symbols'
  3167 |             ) {"
/home/gabriel/Disk/Research/research-javascript-test-smells/repositories/binance-trading-bot/app/cronjob/trailingTradeHelper/__tests__/common.test.js,Duplicate Assert,"{'line': 2469, 'column': 8, 'index': 67424}","  2467 |
  2468 |       it('triggers slack.sendMessage', () => {
> 2469 |         expect(slackMock.sendMessage).toHaveBeenCalledWith(
       |        ^ Duplicate Assert
  2470 |           expect.stringContaining('BTCUSDT'),
  2471 |           {
  2472 |             apiLimit: 0,"
/home/gabriel/Disk/Research/research-javascript-test-smells/repositories/binance-trading-bot/app/cronjob/trailingTradeHelper/__tests__/common.test.js,Duplicate Assert,"{'line': 2477, 'column': 8, 'index': 67621}","  2475 |         );
  2476 |
> 2477 |         expect(slackMock.sendMessage).toHaveBeenCalledWith(
       |        ^ Duplicate Assert
  2478 |           expect.stringContaining(
  2479 |             'The bot queued to trigger the grid trade for buying'
  2480 |           ),"
/home/gabriel/Disk/Research/research-javascript-test-smells/repositories/binance-trading-bot/app/cronjob/trailingTradeHelper/__tests__/common.test.js,Duplicate Assert,"{'line': 2531, 'column': 8, 'index': 69111}","  2529 |
  2530 |       it('triggers slack.sendMessage', () => {
> 2531 |         expect(slackMock.sendMessage).toHaveBeenCalledWith(
       |        ^ Duplicate Assert
  2532 |           expect.stringContaining('BTCUSDT'),
  2533 |           {
  2534 |             apiLimit: 0,"
/home/gabriel/Disk/Research/research-javascript-test-smells/repositories/binance-trading-bot/app/cronjob/trailingTradeHelper/__tests__/common.test.js,Duplicate Assert,"{'line': 2539, 'column': 8, 'index': 69308}","  2537 |         );
  2538 |
> 2539 |         expect(slackMock.sendMessage).toHaveBeenCalledWith(
       |        ^ Duplicate Assert
  2540 |           expect.stringContaining(
  2541 |             'The bot queued to trigger the grid trade for buying'
  2542 |           ),"
/home/gabriel/Disk/Research/research-javascript-test-smells/repositories/binance-trading-bot/app/cronjob/trailingTradeHelper/__tests__/common.test.js,Magic Number,"{'line': 80, 'column': 10, 'index': 2037}","  78 |             _.cloneDeep(require('./fixtures/binance-exchange-info.json'))
  79 |           ),
> 80 |           3600
     |          ^ Magic Number
  81 |         );
  82 |       });
  83 |"
/home/gabriel/Disk/Research/research-javascript-test-smells/repositories/binance-trading-bot/app/cronjob/trailingTradeHelper/__tests__/common.test.js,Magic Number,"{'line': 91, 'column': 10, 'index': 2363}","  89 |             require('./fixtures/binance-cached-exchange-symbols.json')
  90 |           ),
> 91 |           3600
     |          ^ Magic Number
  92 |         );
  93 |       });
  94 |     });"
/home/gabriel/Disk/Research/research-javascript-test-smells/repositories/binance-trading-bot/app/cronjob/trailingTradeHelper/__tests__/common.test.js,Magic Number,"{'line': 154, 'column': 12, 'index': 4462}","  152 |               _.cloneDeep(require('./fixtures/binance-exchange-info.json'))
  153 |             ),
> 154 |             3600
      |            ^ Magic Number
  155 |           );
  156 |         });
  157 |"
/home/gabriel/Disk/Research/research-javascript-test-smells/repositories/binance-trading-bot/app/cronjob/trailingTradeHelper/__tests__/common.test.js,Magic Number,"{'line': 165, 'column': 12, 'index': 4808}","  163 |               require('./fixtures/binance-cached-exchange-symbols.json')
  164 |             ),
> 165 |             3600
      |            ^ Magic Number
  166 |           );
  167 |         });
  168 |       });"
/home/gabriel/Disk/Research/research-javascript-test-smells/repositories/binance-trading-bot/app/cronjob/trailingTradeHelper/__tests__/common.test.js,Magic Number,"{'line': 227, 'column': 12, 'index': 6852}","  225 |               _.cloneDeep(require('./fixtures/binance-exchange-info.json'))
  226 |             ),
> 227 |             3600
      |            ^ Magic Number
  228 |           );
  229 |         });
  230 |"
/home/gabriel/Disk/Research/research-javascript-test-smells/repositories/binance-trading-bot/app/cronjob/trailingTradeHelper/__tests__/common.test.js,Magic Number,"{'line': 238, 'column': 12, 'index': 7210}","  236 |               require('./fixtures/binance-cached-exchange-symbols.json')
  237 |             ),
> 238 |             3600
      |            ^ Magic Number
  239 |           );
  240 |         });
  241 |       });"
/home/gabriel/Disk/Research/research-javascript-test-smells/repositories/binance-trading-bot/app/cronjob/trailingTradeHelper/__tests__/common.test.js,Magic Number,"{'line': 298, 'column': 10, 'index': 9036}","  296 |             _.cloneDeep(require('./fixtures/binance-exchange-info.json'))
  297 |           ),
> 298 |           3600
      |          ^ Magic Number
  299 |         );
  300 |       });
  301 |"
/home/gabriel/Disk/Research/research-javascript-test-smells/repositories/binance-trading-bot/app/cronjob/trailingTradeHelper/__tests__/common.test.js,Magic Number,"{'line': 309, 'column': 10, 'index': 9362}","  307 |             require('./fixtures/binance-cached-exchange-symbols.json')
  308 |           ),
> 309 |           3600
      |          ^ Magic Number
  310 |         );
  311 |       });
  312 |     });"
/home/gabriel/Disk/Research/research-javascript-test-smells/repositories/binance-trading-bot/app/cronjob/trailingTradeHelper/__tests__/common.test.js,Magic Number,"{'line': 939, 'column': 8, 'index': 25966}","  937 |         'BTCUSDT-disable-action',
  938 |         JSON.stringify({ some: 'reason' }),
> 939 |         60
      |        ^ Magic Number
  940 |       );
  941 |     });
  942 |   });"
/home/gabriel/Disk/Research/research-javascript-test-smells/repositories/binance-trading-bot/app/cronjob/trailingTradeHelper/__tests__/common.test.js,Magic Number,"{'line': 2105, 'column': 8, 'index': 57930}","  2103 |         'trailing-trade-common',
  2104 |         'number-of-buy-open-orders',
> 2105 |         2
       |        ^ Magic Number
  2106 |       );
  2107 |     });
  2108 |   });"
/home/gabriel/Disk/Research/research-javascript-test-smells/repositories/binance-trading-bot/app/cronjob/trailingTradeHelper/__tests__/common.test.js,Magic Number,"{'line': 2172, 'column': 37, 'index': 59741}","  2170 |
  2171 |       it('returns expected value', () => {
> 2172 |         expect(result).toStrictEqual(3);
       |                                     ^ Magic Number
  2173 |       });
  2174 |     });
  2175 |"
/home/gabriel/Disk/Research/research-javascript-test-smells/repositories/binance-trading-bot/app/cronjob/trailingTradeHelper/__tests__/common.test.js,Magic Number,"{'line': 2197, 'column': 37, 'index': 60427}","  2195 |
  2196 |       it('returns expected value', () => {
> 2197 |         expect(result).toStrictEqual(0);
       |                                     ^ Magic Number
  2198 |       });
  2199 |     });
  2200 |   });"
/home/gabriel/Disk/Research/research-javascript-test-smells/repositories/binance-trading-bot/app/cronjob/trailingTradeHelper/__tests__/common.test.js,Magic Number,"{'line': 2268, 'column': 8, 'index': 62126}","  2266 |         'trailing-trade-common',
  2267 |         'number-of-open-trades',
> 2268 |         2
       |        ^ Magic Number
  2269 |       );
  2270 |     });
  2271 |   });"
/home/gabriel/Disk/Research/research-javascript-test-smells/repositories/binance-trading-bot/app/cronjob/trailingTradeHelper/__tests__/common.test.js,Magic Number,"{'line': 2295, 'column': 37, 'index': 62845}","  2293 |
  2294 |       it('returns expected value', () => {
> 2295 |         expect(result).toStrictEqual(3);
       |                                     ^ Magic Number
  2296 |       });
  2297 |     });
  2298 |"
/home/gabriel/Disk/Research/research-javascript-test-smells/repositories/binance-trading-bot/app/cronjob/trailingTradeHelper/__tests__/common.test.js,Magic Number,"{'line': 2320, 'column': 37, 'index': 63524}","  2318 |
  2319 |       it('returns expected value', () => {
> 2320 |         expect(result).toStrictEqual(0);
       |                                     ^ Magic Number
  2321 |       });
  2322 |     });
  2323 |   });"
/home/gabriel/Disk/Research/research-javascript-test-smells/repositories/binance-trading-bot/app/cronjob/trailingTradeHelper/__tests__/common.test.js,Magic Number,"{'line': 3675, 'column': 37, 'index': 100390}","  3673 |
  3674 |       it('returns expected value', () => {
> 3675 |         expect(result).toStrictEqual(0);
       |                                     ^ Magic Number
  3676 |       });
  3677 |     });
  3678 |"
/home/gabriel/Disk/Research/research-javascript-test-smells/repositories/binance-trading-bot/app/cronjob/trailingTradeHelper/__tests__/common.test.js,Magic Number,"{'line': 3706, 'column': 37, 'index': 101237}","  3704 |
  3705 |       it('returns expected value', () => {
> 3706 |         expect(result).toStrictEqual(10);
       |                                     ^ Magic Number
  3707 |       });
  3708 |     });
  3709 |   });"
/home/gabriel/Disk/Research/research-javascript-test-smells/repositories/binance-trading-bot/app/cronjob/trailingTrade/step/__tests__/remove-last-buy-price.test.js,Conditional Test Logic,"{'line': 301, 'column': 10, 'index': 9596}","  299 |
  300 |         mockGetGridTradeOrder = jest.fn().mockImplementation((_logger, key) => {
> 301 |           if (key === 'BTCUPUSDT-grid-trade-last-sell-order') {
      |          ^ Conditional Test Logic
  302 |             return { orderId: 123 };
  303 |           }
  304 |           return null;"
/home/gabriel/Disk/Research/research-javascript-test-smells/repositories/binance-trading-bot/app/cronjob/trailingTrade/step/__tests__/remove-last-buy-price.test.js,Conditional Test Logic,"{'line': 857, 'column': 8, 'index': 26362}","  855 |           }
  856 |         }
> 857 |       ].forEach(test => {
      |        ^ Conditional Test Logic
  858 |         describe(`${test.symbol}`, () => {
  859 |           beforeEach(async () => {
  860 |             mockArchiveSymbolGridTrade = jest"
/home/gabriel/Disk/Research/research-javascript-test-smells/repositories/binance-trading-bot/app/cronjob/trailingTrade/step/__tests__/remove-last-buy-price.test.js,Conditional Test Logic,"{'line': 896, 'column': 10, 'index': 27643}","  894 |           });
  895 |
> 896 |           if (
      |          ^ Conditional Test Logic
  897 |             test.rawData.symbolConfiguration.botOptions.autoTriggerBuy.enabled
  898 |           ) {
  899 |             it('triggers saveOverrideAction', () => {"
/home/gabriel/Disk/Research/research-javascript-test-smells/repositories/binance-trading-bot/app/cronjob/trailingTrade/step/__tests__/place-manual-trade.test.js,Conditional Test Logic,"{'line': 703, 'column': 4, 'index': 18166}","  701 |       }
  702 |     }
> 703 |   ].forEach(testData => {
      |    ^ Conditional Test Logic
  704 |     describe(`${testData.desc}`, () => {
  705 |       beforeEach(async () => {
  706 |         mockGetAndCacheOpenOrdersForSymbol = jest"
/home/gabriel/Disk/Research/research-javascript-test-smells/repositories/binance-trading-bot/app/cronjob/trailingTrade/step/__tests__/place-buy-order.test.js,Conditional Test Logic,"{'line': 730, 'column': 8, 'index': 21387}","  728 |           }
  729 |         }
> 730 |       ].forEach(t => {
      |        ^ Conditional Test Logic
  731 |         describe(`${t.symbol}`, () => {
  732 |           beforeEach(async () => {
  733 |             const step = require('../place-buy-order');"
/home/gabriel/Disk/Research/research-javascript-test-smells/repositories/binance-trading-bot/app/cronjob/trailingTrade/step/__tests__/place-buy-order.test.js,Conditional Test Logic,"{'line': 1063, 'column': 8, 'index': 31744}","  1061 |           }
  1062 |         }
> 1063 |       ].forEach(t => {
       |        ^ Conditional Test Logic
  1064 |         describe(`${t.symbol}`, () => {
  1065 |           beforeEach(async () => {
  1066 |             const step = require('../place-buy-order');"
/home/gabriel/Disk/Research/research-javascript-test-smells/repositories/binance-trading-bot/app/cronjob/trailingTrade/step/__tests__/place-buy-order.test.js,Conditional Test Logic,"{'line': 1825, 'column': 10, 'index': 56624}","  1823 |             }
  1824 |           }
> 1825 |         ].forEach(t => {
       |          ^ Conditional Test Logic
  1826 |           describe(`${t.symbol}`, () => {
  1827 |             beforeEach(async () => {
  1828 |               binanceMock.client.order = jest"
/home/gabriel/Disk/Research/research-javascript-test-smells/repositories/binance-trading-bot/app/cronjob/trailingTrade/step/__tests__/place-buy-order.test.js,Conditional Test Logic,"{'line': 2353, 'column': 10, 'index': 73996}","  2351 |             }
  2352 |           }
> 2353 |         ].forEach(t => {
       |          ^ Conditional Test Logic
  2354 |           describe(`${t.symbol}`, () => {
  2355 |             beforeEach(async () => {
  2356 |               binanceMock.client.order = jest"
/home/gabriel/Disk/Research/research-javascript-test-smells/repositories/binance-trading-bot/app/cronjob/trailingTrade/step/__tests__/get-symbol-info.test.js,Conditional Test Logic,"{'line': 86, 'column': 10, 'index': 2530}","  84 |       beforeEach(async () => {
  85 |         cache.hget = jest.fn().mockImplementation((hash, key) => {
> 86 |           if (hash === 'trailing-trade-common' && key === 'exchange-info') {
     |          ^ Conditional Test Logic
  87 |             return JSON.stringify(
  88 |               require('./fixtures/binance-exchange-info.json')
  89 |             );"
/home/gabriel/Disk/Research/research-javascript-test-smells/repositories/binance-trading-bot/app/cronjob/trailingTrade/step/__tests__/get-symbol-info.test.js,Magic Number,"{'line': 123, 'column': 10, 'index': 3621}","  121 |             require('./fixtures/binance-cached-exchange-info.json')
  122 |           ),
> 123 |           3600
      |          ^ Magic Number
  124 |         );
  125 |       });
  126 |"
/home/gabriel/Disk/Research/research-javascript-test-smells/repositories/binance-trading-bot/app/cronjob/trailingTrade/step/__tests__/get-symbol-info.test.js,Magic Number,"{'line': 193, 'column': 10, 'index': 5635}","  191 |             require('./fixtures/binance-cached-exchange-info.json')
  192 |           ),
> 193 |           3600
      |          ^ Magic Number
  194 |         );
  195 |       });
  196 |"
/home/gabriel/Disk/Research/research-javascript-test-smells/repositories/binance-trading-bot/app/cronjob/trailingTrade/step/__tests__/get-indicators.test.js,Conditional Test Logic,"{'line': 25, 'column': 6, 'index': 526}","  23 |   const mockLatestCandle = close => {
  24 |     cacheMock.hget = jest.fn().mockImplementation((hash, key) => {
> 25 |       if (
     |      ^ Conditional Test Logic
  26 |         hash === 'trailing-trade-symbols' &&
  27 |         key === 'BTCUSDT-latest-candle'
  28 |       ) {"
/home/gabriel/Disk/Research/research-javascript-test-smells/repositories/binance-trading-bot/app/cronjob/trailingTrade/step/__tests__/get-indicators.test.js,Conditional Test Logic,"{'line': 35, 'column': 6, 'index': 742}","  33 |       }
  34 |
> 35 |       if (hash === 'trailing-trade-tradingview' && key === 'BTCUSDT') {
     |      ^ Conditional Test Logic
  36 |         return JSON.stringify({
  37 |           request: {
  38 |             symbol: 'BTCUSDT',"
/home/gabriel/Disk/Research/research-javascript-test-smells/repositories/binance-trading-bot/app/cronjob/trailingTrade/step/__tests__/get-indicators.test.js,Conditional Test Logic,"{'line': 65, 'column': 8, 'index': 1488}","  63 |       .fn()
  64 |       .mockImplementation((_logger, collectionName, _query, _params) => {
> 65 |         if (collectionName === 'trailing-trade-candles') {
     |        ^ Conditional Test Logic
  66 |           return [
  67 |             {
  68 |               interval: '1h',"
/home/gabriel/Disk/Research/research-javascript-test-smells/repositories/binance-trading-bot/app/cronjob/trailingTrade/step/__tests__/get-indicators.test.js,Conditional Test Logic,"{'line': 3323, 'column': 10, 'index': 101564}","  3321 |
  3322 |         cacheMock.hget = jest.fn().mockImplementation((hash, key) => {
> 3323 |           if (
       |          ^ Conditional Test Logic
  3324 |             hash === 'trailing-trade-symbols' &&
  3325 |             key === 'BTCUSDT-latest-candle'
  3326 |           ) {"
/home/gabriel/Disk/Research/research-javascript-test-smells/repositories/binance-trading-bot/app/cronjob/trailingTrade/step/__tests__/ensure-manual-order.test.js,Conditional Test Logic,"{'line': 298, 'column': 8, 'index': 8803}","  296 |           expectedCalculateLastBuyPrice: false
  297 |         }
> 298 |       ].forEach(testData => {
      |        ^ Conditional Test Logic
  299 |         describe(`${testData.desc}`, () => {
  300 |           beforeEach(async () => {
  301 |             jest.mock('../../../trailingTradeHelper/configuration', () => ({"
/home/gabriel/Disk/Research/research-javascript-test-smells/repositories/binance-trading-bot/app/cronjob/trailingTrade/step/__tests__/ensure-manual-order.test.js,Conditional Test Logic,"{'line': 331, 'column': 10, 'index': 9881}","  329 |           });
  330 |
> 331 |           if (testData.expectedCalculateLastBuyPrice) {
      |          ^ Conditional Test Logic
  332 |             it('triggers calculateLastBuyPrice', () => {
  333 |               expect(mockCalculateLastBuyPrice).toHaveBeenCalledWith(
  334 |                 loggerMock,"
/home/gabriel/Disk/Research/research-javascript-test-smells/repositories/binance-trading-bot/app/cronjob/trailingTrade/step/__tests__/ensure-manual-order.test.js,Conditional Test Logic,"{'line': 476, 'column': 8, 'index': 14066}","  474 |           ]
  475 |         }
> 476 |       ].forEach(testData => {
      |        ^ Conditional Test Logic
  477 |         describe(`${testData.desc}`, () => {
  478 |           beforeEach(async () => {
  479 |             mockGetManualOrders = jest"
/home/gabriel/Disk/Research/research-javascript-test-smells/repositories/binance-trading-bot/app/cronjob/trailingTrade/step/__tests__/ensure-manual-order.test.js,Conditional Test Logic,"{'line': 546, 'column': 8, 'index': 16155}","  544 |           ]
  545 |         }
> 546 |       ].forEach(testData => {
      |        ^ Conditional Test Logic
  547 |         describe(`${testData.desc}`, () => {
  548 |           beforeEach(async () => {
  549 |             mockGetManualOrders = jest"
/home/gabriel/Disk/Research/research-javascript-test-smells/repositories/binance-trading-bot/app/cronjob/trailingTrade/step/__tests__/ensure-grid-trade-order-executed.test.js,Conditional Test Logic,"{'line': 411, 'column': 8, 'index': 12955}","  409 |           })
  410 |         )
> 411 |       ].forEach(t => {
      |        ^ Conditional Test Logic
  412 |         describe(`${t.desc}`, () => {
  413 |           beforeEach(async () => {
  414 |             jest.mock('../../../trailingTradeHelper/common', () => ({"
/home/gabriel/Disk/Research/research-javascript-test-smells/repositories/binance-trading-bot/app/cronjob/trailingTrade/step/__tests__/ensure-grid-trade-order-executed.test.js,Conditional Test Logic,"{'line': 431, 'column': 16, 'index': 13788}","  429 |               .fn()
  430 |               .mockImplementation((_logger, symbol, side) => {
> 431 |                 if (
      |                ^ Conditional Test Logic
  432 |                   `${t.symbol}-grid-trade-last-buy-order` ===
  433 |                   `${symbol}-grid-trade-last-${side}-order`
  434 |                 ) {"
/home/gabriel/Disk/Research/research-javascript-test-smells/repositories/binance-trading-bot/app/cronjob/trailingTrade/step/__tests__/ensure-grid-trade-order-executed.test.js,Conditional Test Logic,"{'line': 522, 'column': 10, 'index': 16785}","  520 |           });
  521 |
> 522 |           if (t.lastBuyOrder === null) {
      |          ^ Conditional Test Logic
  523 |             // If last order is not found
  524 |             it('does not trigger deleteGridTradeOrder as order not found', () => {
  525 |               expect(mockDeleteGridTradeOrder).not.toHaveBeenCalled();"
/home/gabriel/Disk/Research/research-javascript-test-smells/repositories/binance-trading-bot/app/cronjob/trailingTrade/step/__tests__/ensure-grid-trade-order-executed.test.js,Conditional Test Logic,"{'line': 545, 'column': 17, 'index': 17679}","  543 |               ).not.toHaveBeenCalled();
  544 |             });
> 545 |           } else if (t.lastBuyOrder.status.includes('PARTIALLY_FILLED')) {
      |                 ^ Conditional Test Logic
  546 |             // do filled thing
  547 |             it('triggers calculated last buy price as order partially filled', () => {
  548 |               expect(mockCalculateLastBuyPrice).toHaveBeenCalledWith("
/home/gabriel/Disk/Research/research-javascript-test-smells/repositories/binance-trading-bot/app/cronjob/trailingTrade/step/__tests__/ensure-grid-trade-order-executed.test.js,Conditional Test Logic,"{'line': 595, 'column': 17, 'index': 19624}","  593 |               );
  594 |             });
> 595 |           } else if (t.lastBuyOrder.status.includes('FILLED')) {
      |                 ^ Conditional Test Logic
  596 |             // do filled thing
  597 |             it('triggers calculated last buy price as order filled', () => {
  598 |               expect(mockCalculateLastBuyPrice).toHaveBeenCalledWith("
/home/gabriel/Disk/Research/research-javascript-test-smells/repositories/binance-trading-bot/app/cronjob/trailingTrade/step/__tests__/ensure-grid-trade-order-executed.test.js,Conditional Test Logic,"{'line': 656, 'column': 12, 'index': 21717}","  654 |             });
  655 |
> 656 |             if (t.notifyOrderExecute === true) {
      |            ^ Conditional Test Logic
  657 |               it('triggers slack.sendMessage due to filled order', () => {
  658 |                 expect(slackMock.sendMessage).toHaveBeenCalledWith(
  659 |                   expect.stringContaining('Order Filled'),"
/home/gabriel/Disk/Research/research-javascript-test-smells/repositories/binance-trading-bot/app/cronjob/trailingTrade/step/__tests__/ensure-grid-trade-order-executed.test.js,Conditional Test Logic,"{'line': 677, 'column': 17, 'index': 22518}","  675 |               });
  676 |             }
> 677 |           } else if (
      |                 ^ Conditional Test Logic
  678 |             ['CANCELED', 'REJECTED', 'EXPIRED', 'PENDING_CANCEL'].includes(
  679 |               t.lastBuyOrder.status
  680 |             ) === true"
/home/gabriel/Disk/Research/research-javascript-test-smells/repositories/binance-trading-bot/app/cronjob/trailingTrade/step/__tests__/ensure-grid-trade-order-executed.test.js,Conditional Test Logic,"{'line': 712, 'column': 12, 'index': 23809}","  710 |             });
  711 |
> 712 |             if (t.notifyOrderExecute === true) {
      |            ^ Conditional Test Logic
  713 |               it('triggers slack.sendMessage due to cancelled order', () => {
  714 |                 expect(slackMock.sendMessage).toHaveBeenCalledWith(
  715 |                   expect.stringContaining('Order Removed'),"
/home/gabriel/Disk/Research/research-javascript-test-smells/repositories/binance-trading-bot/app/cronjob/trailingTrade/step/__tests__/ensure-grid-trade-order-executed.test.js,Conditional Test Logic,"{'line': 977, 'column': 8, 'index': 32145}","  975 |           })
  976 |         )
> 977 |       ].forEach((t, index) => {
      |        ^ Conditional Test Logic
  978 |         describe(`${t.desc}`, () => {
  979 |           beforeEach(async () => {
  980 |             jest.mock('../../../trailingTradeHelper/common', () => ({"
/home/gabriel/Disk/Research/research-javascript-test-smells/repositories/binance-trading-bot/app/cronjob/trailingTrade/step/__tests__/ensure-grid-trade-order-executed.test.js,Conditional Test Logic,"{'line': 997, 'column': 16, 'index': 32987}","   995 |               .fn()
   996 |               .mockImplementation((_logger, symbol, side) => {
>  997 |                 if (
       |                ^ Conditional Test Logic
   998 |                   `${t.symbol}-grid-trade-last-sell-order` ===
   999 |                   `${symbol}-grid-trade-last-${side}-order`
  1000 |                 ) {"
/home/gabriel/Disk/Research/research-javascript-test-smells/repositories/binance-trading-bot/app/cronjob/trailingTrade/step/__tests__/ensure-grid-trade-order-executed.test.js,Conditional Test Logic,"{'line': 1088, 'column': 10, 'index': 35949}","  1086 |           });
  1087 |
> 1088 |           if (t.lastSellOrder === null) {
       |          ^ Conditional Test Logic
  1089 |             // If last order is not found
  1090 |             it('does not trigger deleteGridTradeOrder as order not found', () => {
  1091 |               expect(mockDeleteGridTradeOrder).not.toHaveBeenCalled();"
/home/gabriel/Disk/Research/research-javascript-test-smells/repositories/binance-trading-bot/app/cronjob/trailingTrade/step/__tests__/ensure-grid-trade-order-executed.test.js,Conditional Test Logic,"{'line': 1101, 'column': 17, 'index': 36488}","  1099 |               expect(mockSaveOrderStats).not.toHaveBeenCalled();
  1100 |             });
> 1101 |           } else if (t.lastSellOrder.status.includes('PARTIALLY_FILLED')) {
       |                 ^ Conditional Test Logic
  1102 |             // do filled thing
  1103 |
  1104 |             it('triggers save symbol grid trade as order partially filled', () => {"
/home/gabriel/Disk/Research/research-javascript-test-smells/repositories/binance-trading-bot/app/cronjob/trailingTrade/step/__tests__/ensure-grid-trade-order-executed.test.js,Conditional Test Logic,"{'line': 1140, 'column': 17, 'index': 37989}","  1138 |               );
  1139 |             });
> 1140 |           } else if (t.lastSellOrder.status.includes('FILLED')) {
       |                 ^ Conditional Test Logic
  1141 |             // do filled thing
  1142 |
  1143 |             it('triggers save symbol grid trade as order filled', () => {"
/home/gabriel/Disk/Research/research-javascript-test-smells/repositories/binance-trading-bot/app/cronjob/trailingTrade/step/__tests__/ensure-grid-trade-order-executed.test.js,Conditional Test Logic,"{'line': 1196, 'column': 17, 'index': 39923}","  1194 |               );
  1195 |             });
> 1196 |           } else if (
       |                 ^ Conditional Test Logic
  1197 |             ['CANCELED', 'REJECTED', 'EXPIRED', 'PENDING_CANCEL'].includes(
  1198 |               t.lastSellOrder.status
  1199 |             ) === true"
/home/gabriel/Disk/Research/research-javascript-test-smells/repositories/binance-trading-bot/app/cronjob/trailingTrade/step/__tests__/ensure-grid-trade-order-executed.test.js,Magic Number,"{'line': 631, 'column': 16, 'index': 20971}","  629 |                   canRemoveLastBuyPrice: false
  630 |                 },
> 631 |                 20
      |                ^ Magic Number
  632 |               );
  633 |             });
  634 |"
/home/gabriel/Disk/Research/research-javascript-test-smells/repositories/binance-trading-bot/app/cronjob/trailingTrade/step/__tests__/ensure-grid-trade-order-executed.test.js,Magic Number,"{'line': 1176, 'column': 16, 'index': 39323}","  1174 |                   canRemoveLastBuyPrice: true
  1175 |                 },
> 1176 |                 20
       |                ^ Magic Number
  1177 |               );
  1178 |             });
  1179 |"
/home/gabriel/Disk/Research/research-javascript-test-smells/repositories/binance-trading-bot/app/cronjob/__tests__/trailingTradeIndicator.test.js,Conditional Test Logic,"{'line': 57, 'column': 6, 'index': 1450}","  55 |
  56 |     mockExecute = jest.fn((funcLogger, symbol, jobPayload) => {
> 57 |       if (!funcLogger || !symbol || !jobPayload) return false;
     |      ^ Conditional Test Logic
  58 |       return jobPayload.processFn();
  59 |     });
  60 |   });"
/home/gabriel/Disk/Research/research-javascript-test-smells/repositories/binance-trading-bot/app/cronjob/__tests__/trailingTradeIndicator.test.js,Conditional Test Logic,"{'line': 156, 'column': 6, 'index': 3876}","  154 |   beforeEach(async () => {
  155 |     config.get = jest.fn(key => {
> 156 |       switch (key) {
      |      ^ Conditional Test Logic
  157 |         case 'featureToggle':
  158 |           return {
  159 |             notifyOrderConfirm: true,"
/home/gabriel/Disk/Research/research-javascript-test-smells/repositories/binance-trading-bot/app/cronjob/__tests__/trailingTrade.test.js,Conditional Test Logic,"{'line': 74, 'column': 8, 'index': 1923}","  72 |     beforeEach(() => {
  73 |       mockConfigGet = jest.fn(key => {
> 74 |         if (key === 'featureToggle') {
     |        ^ Conditional Test Logic
  75 |           return {
  76 |             feature1Enabled: true
  77 |           };"
/home/gabriel/Disk/Research/research-javascript-test-smells/repositories/binance-trading-bot/app/binance/__tests__/user.test.js,Conditional Test Logic,"{'line': 28, 'column': 8, 'index': 666}","  26 |
  27 |       mockExecute = jest.fn((funcLogger, symbol, jobPayload) => {
> 28 |         if (!funcLogger || !symbol || !jobPayload) return false;
     |        ^ Conditional Test Logic
  29 |         return jobPayload.preprocessFn();
  30 |       });
  31 |"
/home/gabriel/Disk/Research/research-javascript-test-smells/repositories/binance-trading-bot/app/binance/__tests__/user.test.js,Magic Number,"{'line': 142, 'column': 10, 'index': 4072}","  140 |           loggerMock,
  141 |           [{ asset: 'ADA', free: '0.00000000', locked: '13.82000000' }],
> 142 |           1625585531721
      |          ^ Magic Number
  143 |         );
  144 |       });
  145 |"
/home/gabriel/Disk/Research/research-javascript-test-smells/repositories/binance-trading-bot/app/binance/__tests__/user.test.js,Magic Number,"{'line': 558, 'column': 12, 'index': 19976}","  556 |             loggerMock,
  557 |             'ETHUSDT',
> 558 |             7479643460
      |            ^ Magic Number
  559 |           );
  560 |         });
  561 |"
/home/gabriel/Disk/Research/research-javascript-test-smells/repositories/binance-trading-bot/app/binance/__tests__/user.test.js,Magic Number,"{'line': 656, 'column': 12, 'index': 23588}","  654 |             loggerMock,
  655 |             'ETHUSDT',
> 656 |             7479643460
      |            ^ Magic Number
  657 |           );
  658 |         });
  659 |"
/home/gabriel/Disk/Research/research-javascript-test-smells/repositories/binance-trading-bot/app/binance/__tests__/user.test.js,Magic Number,"{'line': 664, 'column': 12, 'index': 23791}","  662 |             loggerMock,
  663 |             'ETHUSDT',
> 664 |             7479643460,
      |            ^ Magic Number
  665 |             {
  666 |               cummulativeQuoteQty: '0.00000000',
  667 |               executedQty: '0.00000000',"
/home/gabriel/Disk/Research/research-javascript-test-smells/repositories/binance-trading-bot/app/binance/__tests__/tickers.test.js,Conditional Test Logic,"{'line': 37, 'column': 8, 'index': 904}","  35 |
  36 |       mockExecute = jest.fn((funcLogger, symbol, jobPayload) => {
> 37 |         if (!funcLogger || !symbol || !jobPayload) return false;
     |        ^ Conditional Test Logic
  38 |         return jobPayload.preprocessFn();
  39 |       });
  40 |"
/home/gabriel/Disk/Research/research-javascript-test-smells/repositories/binance-trading-bot/app/binance/__tests__/orders.test.js,Magic Number,"{'line': 137, 'column': 56, 'index': 3912}","  135 |
  136 |       it('triggers clearInterval', () => {
> 137 |         expect(spyOnClearInterval).toHaveBeenCalledWith(33);
      |                                                        ^ Magic Number
  138 |       });
  139 |     });
  140 |   });"
/home/gabriel/Disk/Research/research-javascript-test-smells/repositories/binance-trading-bot/app/binance/__tests__/candles.test.js,Conditional Test Logic,"{'line': 59, 'column': 8, 'index': 1500}","  57 |
  58 |       mockExecute = jest.fn((funcLogger, symbol, jobPayload) => {
> 59 |         if (!funcLogger || !symbol || !jobPayload) return false;
     |        ^ Conditional Test Logic
  60 |         return jobPayload.preprocessFn();
  61 |       });
  62 |"
/home/gabriel/Disk/Research/research-javascript-test-smells/repositories/binance-trading-bot/app/binance/__tests__/candles.test.js,Conditional Test Logic,"{'line': 162, 'column': 8, 'index': 4466}","  160 |         const { symbol } = options;
  161 |
> 162 |         if (symbol === 'ETHBTC') {
      |        ^ Conditional Test Logic
  163 |           return [
  164 |             {
  165 |               openTime: 1508328900000,"
/home/gabriel/Disk/Research/research-javascript-test-smells/repositories/binance-trading-bot/app/binance/__tests__/ath-candles.test.js,Conditional Test Logic,"{'line': 169, 'column': 10, 'index': 4826}","  167 |           const { symbol } = options;
  168 |
> 169 |           if (symbol === 'ETHBTC') {
      |          ^ Conditional Test Logic
  170 |             return [
  171 |               {
  172 |                 openTime: 1508328900000,"
/home/gabriel/Disk/Research/research-javascript-test-smells/repositories/binance-trading-bot/app/__tests__/server-frontend.test.js,Conditional Test Logic,"{'line': 90, 'column': 6, 'index': 2517}","  88 |
  89 |     mockExpressUse = jest.fn().mockImplementation(async fn => {
> 90 |       if (fn.name === 'compression') {
     |      ^ Conditional Test Logic
  91 |         mockCompression();
  92 |       } else if (fn.name === 'corsMiddleware') {
  93 |         mockCors();"
/home/gabriel/Disk/Research/research-javascript-test-smells/repositories/binance-trading-bot/app/__tests__/server-frontend.test.js,Conditional Test Logic,"{'line': 92, 'column': 13, 'index': 2590}","  90 |       if (fn.name === 'compression') {
  91 |         mockCompression();
> 92 |       } else if (fn.name === 'corsMiddleware') {
     |             ^ Conditional Test Logic
  93 |         mockCors();
  94 |       } else if (fn.name === 'fileUpload') {
  95 |         mockFileUpload();"
/home/gabriel/Disk/Research/research-javascript-test-smells/repositories/binance-trading-bot/app/__tests__/server-frontend.test.js,Conditional Test Logic,"{'line': 94, 'column': 13, 'index': 2659}","  92 |       } else if (fn.name === 'corsMiddleware') {
  93 |         mockCors();
> 94 |       } else if (fn.name === 'fileUpload') {
     |             ^ Conditional Test Logic
  95 |         mockFileUpload();
  96 |       } else if (fn.name === 'attachmentMiddleware') {
  97 |         await fn("
/home/gabriel/Disk/Research/research-javascript-test-smells/repositories/binance-trading-bot/app/__tests__/server-frontend.test.js,Conditional Test Logic,"{'line': 96, 'column': 13, 'index': 2730}","  94 |       } else if (fn.name === 'fileUpload') {
  95 |         mockFileUpload();
> 96 |       } else if (fn.name === 'attachmentMiddleware') {
     |             ^ Conditional Test Logic
  97 |         await fn(
  98 |           {
  99 |             path: reqPath"
/home/gabriel/Disk/Research/research-javascript-test-smells/repositories/binance-trading-bot/app/__tests__/server-frontend.test.js,Conditional Test Logic,"{'line': 104, 'column': 13, 'index': 2945}","  102 |           mockRateLimiterMiddlewareNext
  103 |         );
> 104 |       } else if (fn.name === 'rateLimiterMiddleware') {
      |             ^ Conditional Test Logic
  105 |         await fn(
  106 |           mockRateLimiterMiddlewareReq,
  107 |           mockRateLimiterMiddlewareRes,"
/home/gabriel/Disk/Research/research-javascript-test-smells/repositories/binance-trading-bot/app/__tests__/server-frontend.test.js,Conditional Test Logic,"{'line': 157, 'column': 10, 'index': 4348}","  155 |       beforeEach(() => {
  156 |         config.get = jest.fn(key => {
> 157 |           switch (key) {
      |          ^ Conditional Test Logic
  158 |             case 'mode':
  159 |               return 'test';
  160 |             case 'authentication.enabled':"
/home/gabriel/Disk/Research/research-javascript-test-smells/repositories/binance-trading-bot/app/__tests__/server-frontend.test.js,Conditional Test Logic,"{'line': 230, 'column': 10, 'index': 6481}","  228 |       beforeEach(() => {
  229 |         config.get = jest.fn(key => {
> 230 |           switch (key) {
      |          ^ Conditional Test Logic
  231 |             case 'mode':
  232 |               return 'test';
  233 |             case 'authentication.enabled':"
/home/gabriel/Disk/Research/research-javascript-test-smells/repositories/binance-trading-bot/app/__tests__/server-frontend.test.js,Magic Number,"{'line': 314, 'column': 74, 'index': 9174}","  312 |
  313 |         it('triggers status', () => {
> 314 |           expect(mockRateLimiterMiddlewareResStatus).toHaveBeenCalledWith(403);
      |                                                                          ^ Magic Number
  315 |         });
  316 |
  317 |         it('triggers send', () => {"
/home/gabriel/Disk/Research/research-javascript-test-smells/repositories/binance-trading-bot/app/__tests__/server-cronjob.test.js,Conditional Test Logic,"{'line': 49, 'column': 10, 'index': 1372}","  47 |       beforeEach(async () => {
  48 |         config.get = jest.fn(key => {
> 49 |           switch (key) {
     |          ^ Conditional Test Logic
  50 |             case 'jobs.alive.enabled':
  51 |               return true;
  52 |             case 'jobs.alive.cronTime':"
/home/gabriel/Disk/Research/research-javascript-test-smells/repositories/binance-trading-bot/app/__tests__/server-cronjob.test.js,Conditional Test Logic,"{'line': 110, 'column': 10, 'index': 3022}","  108 |       beforeEach(async () => {
  109 |         config.get = jest.fn(key => {
> 110 |           switch (key) {
      |          ^ Conditional Test Logic
  111 |             case 'jobs.trailingTradeIndicator.enabled':
  112 |               return true;
  113 |             case 'jobs.trailingTradeIndicator.cronTime':"
/home/gabriel/Disk/Research/research-javascript-test-smells/repositories/binance-trading-bot/app/__tests__/server-cronjob.test.js,Conditional Test Logic,"{'line': 171, 'column': 10, 'index': 4769}","  169 |       beforeEach(async () => {
  170 |         config.get = jest.fn(key => {
> 171 |           switch (key) {
      |          ^ Conditional Test Logic
  172 |             default:
  173 |               return '';
  174 |           }"
/home/gabriel/Disk/Research/research-javascript-test-smells/repositories/binance-trading-bot/app/__tests__/server-cronjob.test.js,Conditional Test Logic,"{'line': 230, 'column': 8, 'index': 6456}","  228 |
  229 |       config.get = jest.fn(key => {
> 230 |         switch (key) {
      |        ^ Conditional Test Logic
  231 |           case 'jobs.trailingTradeIndicator.enabled':
  232 |             return true;
  233 |           case 'jobs.trailingTradeIndicator.cronTime':"
/home/gabriel/Disk/Research/research-javascript-test-smells/repositories/binance-trading-bot/app/__tests__/server-binance.test.js,Conditional Test Logic,"{'line': 91, 'column': 10, 'index': 2145}","  89 |       beforeEach(async () => {
  90 |         config.get = jest.fn(key => {
> 91 |           switch (key) {
     |          ^ Conditional Test Logic
  92 |             case 'mode':
  93 |               return 'live';
  94 |             default:"
/home/gabriel/Disk/Research/research-javascript-test-smells/repositories/binance-trading-bot/app/__tests__/server-binance.test.js,Conditional Test Logic,"{'line': 246, 'column': 10, 'index': 7099}","  244 |       beforeEach(async () => {
  245 |         config.get = jest.fn(key => {
> 246 |           switch (key) {
      |          ^ Conditional Test Logic
  247 |             case 'mode':
  248 |               return 'live';
  249 |             default:"
/home/gabriel/Disk/Research/research-javascript-test-smells/repositories/binance-trading-bot/app/__tests__/server-binance.test.js,Conditional Test Logic,"{'line': 358, 'column': 10, 'index': 10895}","  356 |       beforeEach(async () => {
  357 |         config.get = jest.fn(key => {
> 358 |           switch (key) {
      |          ^ Conditional Test Logic
  359 |             case 'mode':
  360 |               return 'live';
  361 |             default:"
/home/gabriel/Disk/Research/research-javascript-test-smells/repositories/binance-trading-bot/app/__tests__/server-binance.test.js,Conditional Test Logic,"{'line': 438, 'column': 10, 'index': 13806}","  436 |
  437 |         mockPubSub.subscribe = jest.fn().mockImplementation((key, cb) => {
> 438 |           if (key === 'check-open-orders') {
      |          ^ Conditional Test Logic
  439 |             cb('message', 'data');
  440 |           }
  441 |         });"
/home/gabriel/Disk/Research/research-javascript-test-smells/repositories/binance-trading-bot/app/__tests__/server-binance.test.js,Conditional Test Logic,"{'line': 489, 'column': 10, 'index': 15408}","  487 |       beforeEach(async () => {
  488 |         config.get = jest.fn(key => {
> 489 |           switch (key) {
      |          ^ Conditional Test Logic
  490 |             case 'mode':
  491 |               return 'live';
  492 |             default:"
/home/gabriel/Disk/Research/research-javascript-test-smells/repositories/binance-trading-bot/app/__tests__/server-binance.test.js,Conditional Test Logic,"{'line': 569, 'column': 10, 'index': 18319}","  567 |
  568 |         mockPubSub.subscribe = jest.fn().mockImplementation((key, cb) => {
> 569 |           if (key === 'reset-symbol-websockets') {
      |          ^ Conditional Test Logic
  570 |             cb('message', 'BTCUSDT');
  571 |           }
  572 |         });"
/home/gabriel/Disk/Research/research-javascript-test-smells/repositories/binance-trading-bot/app/__tests__/server-binance.test.js,Conditional Test Logic,"{'line': 589, 'column': 8, 'index': 18839}","  587 |     beforeEach(async () => {
  588 |       config.get = jest.fn(key => {
> 589 |         switch (key) {
      |        ^ Conditional Test Logic
  590 |           case 'mode':
  591 |             return 'test';
  592 |           default:"
/home/gabriel/Disk/Research/research-javascript-test-smells/repositories/binance-trading-bot/app/__tests__/server-binance.test.js,Conditional Test Logic,"{'line': 747, 'column': 8, 'index': 23615}","  745 |     beforeEach(async () => {
  746 |       config.get = jest.fn(key => {
> 747 |         switch (key) {
      |        ^ Conditional Test Logic
  748 |           case 'mode':
  749 |             return 'live';
  750 |           default:"
/home/gabriel/Disk/Research/research-javascript-test-smells/repositories/binance-trading-bot/app/__tests__/server-binance.test.js,Duplicate Assert,"{'line': 189, 'column': 8, 'index': 5619}","  187 |
  188 |       it('triggers refreshCandles', () => {
> 189 |         expect(mockMongo.deleteAll).toHaveBeenCalledWith(
      |        ^ Duplicate Assert
  190 |           logger,
  191 |           'trailing-trade-candles',
  192 |           {}"
/home/gabriel/Disk/Research/research-javascript-test-smells/repositories/binance-trading-bot/app/__tests__/server-binance.test.js,Duplicate Assert,"{'line': 194, 'column': 8, 'index': 5755}","  192 |           {}
  193 |         );
> 194 |         expect(mockMongo.deleteAll).toHaveBeenCalledWith(
      |        ^ Duplicate Assert
  195 |           logger,
  196 |           'trailing-trade-ath-candles',
  197 |           {}"
/home/gabriel/Disk/Research/research-javascript-test-smells/repositories/binance-trading-bot/app/__tests__/server-binance.test.js,Duplicate Assert,"{'line': 691, 'column': 6, 'index': 22289}","  689 |
  690 |     it('triggers refreshCandles', () => {
> 691 |       expect(mockMongo.deleteAll).toHaveBeenCalledWith(
      |      ^ Duplicate Assert
  692 |         logger,
  693 |         'trailing-trade-candles',
  694 |         {}"
/home/gabriel/Disk/Research/research-javascript-test-smells/repositories/binance-trading-bot/app/__tests__/server-binance.test.js,Duplicate Assert,"{'line': 696, 'column': 6, 'index': 22415}","  694 |         {}
  695 |       );
> 696 |       expect(mockMongo.deleteAll).toHaveBeenCalledWith(
      |      ^ Duplicate Assert
  697 |         logger,
  698 |         'trailing-trade-ath-candles',
  699 |         {}"
/home/gabriel/Disk/Research/research-javascript-test-smells/repositories/binance-trading-bot/app/__tests__/server-binance.test.js,Magic Number,"{'line': 230, 'column': 10, 'index': 6700}","  228 |           'trailing-trade-streams',
  229 |           `count`,
> 230 |           1
      |          ^ Magic Number
  231 |         );
  232 |       });
  233 |"
/home/gabriel/Disk/Research/research-javascript-test-smells/repositories/binance-trading-bot/app/__tests__/server-binance.test.js,Magic Number,"{'line': 739, 'column': 8, 'index': 23471}","  737 |         'trailing-trade-streams',
  738 |         `count`,
> 739 |         1
      |        ^ Magic Number
  740 |       );
  741 |     });
  742 |   });"
/home/gabriel/Disk/Research/research-javascript-test-smells/repositories/binance-trading-bot/app/__tests__/error-handler.test.js,Conditional Test Logic,"{'line': 71, 'column': 6, 'index': 1659}","  69 |         featureToggleNotifyDebug: false
  70 |       }
> 71 |     ].forEach(errorInfo => {
     |      ^ Conditional Test Logic
  72 |       describe(`${errorInfo.label}`, () => {
  73 |         beforeEach(async () => {
  74 |           config.get = jest.fn(key => {"
/home/gabriel/Disk/Research/research-javascript-test-smells/repositories/binance-trading-bot/app/__tests__/error-handler.test.js,Conditional Test Logic,"{'line': 75, 'column': 12, 'index': 1812}","  73 |         beforeEach(async () => {
  74 |           config.get = jest.fn(key => {
> 75 |             if (key === 'featureToggle.notifyDebug') {
     |            ^ Conditional Test Logic
  76 |               return errorInfo.featureToggleNotifyDebug;
  77 |             }
  78 |             return null;"
/home/gabriel/Disk/Research/research-javascript-test-smells/repositories/binance-trading-bot/app/__tests__/error-handler.test.js,Conditional Test Logic,"{'line': 93, 'column': 8, 'index': 2385}","  91 |         });
  92 |
> 93 |         if (errorInfo.sendSlack) {
     |        ^ Conditional Test Logic
  94 |           it('triggers slack.sendMessage', () => {
  95 |             expect(mockSlack.sendMessage).toHaveBeenCalled();
  96 |           });"
/home/gabriel/Disk/Research/research-javascript-test-smells/repositories/binance-trading-bot/app/__tests__/error-handler.test.js,Conditional Test Logic,"{'line': 152, 'column': 10, 'index': 4098}","  150 |       beforeEach(async () => {
  151 |         config.get = jest.fn(key => {
> 152 |           if (key === 'featureToggle.notifyDebug') {
      |          ^ Conditional Test Logic
  153 |             return false;
  154 |           }
  155 |           return null;"
/home/gabriel/Disk/Research/research-javascript-test-smells/repositories/binance-trading-bot/app/__tests__/error-handler.test.js,Conditional Test Logic,"{'line': 159, 'column': 10, 'index': 4295}","  157 |
  158 |         process.on = jest.fn().mockImplementation((event, error) => {
> 159 |           if (event === 'uncaughtException') {
      |          ^ Conditional Test Logic
  160 |             error({
  161 |               message: `something-unexpected`,
  162 |               code: 1000"
/home/gabriel/Disk/Research/research-javascript-test-smells/repositories/binance-trading-bot/app/__tests__/error-handler.test.js,Conditional Test Logic,"{'line': 179, 'column': 10, 'index': 4854}","  177 |       beforeEach(async () => {
  178 |         config.get = jest.fn(key => {
> 179 |           if (key === 'featureToggle.notifyDebug') {
      |          ^ Conditional Test Logic
  180 |             return true;
  181 |           }
  182 |           return null;"
/home/gabriel/Disk/Research/research-javascript-test-smells/repositories/binance-trading-bot/app/__tests__/error-handler.test.js,Conditional Test Logic,"{'line': 186, 'column': 10, 'index': 5050}","  184 |
  185 |         process.on = jest.fn().mockImplementation((event, error) => {
> 186 |           if (event === 'uncaughtException') {
      |          ^ Conditional Test Logic
  187 |             error({
  188 |               message: `something-unexpected`,
  189 |               code: 1000"
/home/gabriel/Disk/Research/research-javascript-test-smells/repositories/binance-trading-bot/app/__tests__/error-handler.test.js,Conditional Test Logic,"{'line': 207, 'column': 12, 'index': 5663}","  205 |         expect(() => {
  206 |           process.on = jest.fn().mockImplementation((event, error) => {
> 207 |             if (event === 'unhandledRejection') {
      |            ^ Conditional Test Logic
  208 |               error({
  209 |                 message: `something-unhandled`,
  210 |                 code: 2000"
/home/gabriel/Disk/Research/research-javascript-test-smells/repositories/binance-trading-bot/app/__tests__/error-handler.test.js,Conditional Test Logic,"{'line': 225, 'column': 12, 'index': 6209}","  223 |         expect(() => {
  224 |           process.on = jest.fn().mockImplementation((event, error) => {
> 225 |             if (event === 'uncaughtException') {
      |            ^ Conditional Test Logic
  226 |               error({
  227 |                 message: `redlock:lock-XRPBUSD`,
  228 |                 code: 500"
