file,type,line,frame
/home/gabriel/Disk/Research/research-javascript-test-smells/repositories/luxon/test/impl/english.test.js,Eager Test,"{'line': 6, 'column': 9, 'index': 199}","  4 |
  5 | test(""today"", () => {
> 6 |   expect(formatRelativeTime(""days"", 0, ""auto"")).toBe(""today"");
    |         ^ Eager Test
  7 |   expect(formatRelativeTime(""days"", 0, ""always"")).toBe(""in 0 days"");
  8 | });
  9 |"
/home/gabriel/Disk/Research/research-javascript-test-smells/repositories/luxon/test/impl/english.test.js,Eager Test,"{'line': 7, 'column': 9, 'index': 262}","   5 | test(""today"", () => {
   6 |   expect(formatRelativeTime(""days"", 0, ""auto"")).toBe(""today"");
>  7 |   expect(formatRelativeTime(""days"", 0, ""always"")).toBe(""in 0 days"");
     |         ^ Eager Test
   8 | });
   9 |
  10 | test(""tomorrow"", () => {"
/home/gabriel/Disk/Research/research-javascript-test-smells/repositories/luxon/test/impl/english.test.js,Eager Test,"{'line': 11, 'column': 9, 'index': 361}","   9 |
  10 | test(""tomorrow"", () => {
> 11 |   expect(formatRelativeTime(""days"", 1, ""auto"")).toBe(""tomorrow"");
     |         ^ Eager Test
  12 |   expect(formatRelativeTime(""days"", 1, ""always"")).toBe(""in 1 day"");
  13 | });
  14 |"
/home/gabriel/Disk/Research/research-javascript-test-smells/repositories/luxon/test/impl/english.test.js,Eager Test,"{'line': 12, 'column': 9, 'index': 427}","  10 | test(""tomorrow"", () => {
  11 |   expect(formatRelativeTime(""days"", 1, ""auto"")).toBe(""tomorrow"");
> 12 |   expect(formatRelativeTime(""days"", 1, ""always"")).toBe(""in 1 day"");
     |         ^ Eager Test
  13 | });
  14 |
  15 | describe(""when the relative time is one day ago"", () => {"
/home/gabriel/Disk/Research/research-javascript-test-smells/repositories/luxon/test/impl/english.test.js,Eager Test,"{'line': 26, 'column': 9, 'index': 877}","  24 |
  25 | test(""in 0.5 days"", () => {
> 26 |   expect(formatRelativeTime(""days"", 1.5, ""auto"")).toBe(""in 1.5 days"");
     |         ^ Eager Test
  27 |   expect(formatRelativeTime(""days"", 1.5, ""always"")).toBe(""in 1.5 days"");
  28 | });
  29 |"
/home/gabriel/Disk/Research/research-javascript-test-smells/repositories/luxon/test/impl/english.test.js,Eager Test,"{'line': 27, 'column': 9, 'index': 948}","  25 | test(""in 0.5 days"", () => {
  26 |   expect(formatRelativeTime(""days"", 1.5, ""auto"")).toBe(""in 1.5 days"");
> 27 |   expect(formatRelativeTime(""days"", 1.5, ""always"")).toBe(""in 1.5 days"");
     |         ^ Eager Test
  28 | });
  29 |
  30 | test(""0.5 days ago"", () => {"
/home/gabriel/Disk/Research/research-javascript-test-smells/repositories/luxon/test/impl/english.test.js,Eager Test,"{'line': 31, 'column': 9, 'index': 1055}","  29 |
  30 | test(""0.5 days ago"", () => {
> 31 |   expect(formatRelativeTime(""days"", -1.5, ""auto"")).toBe(""1.5 days ago"");
     |         ^ Eager Test
  32 |   expect(formatRelativeTime(""days"", -1.5, ""always"")).toBe(""1.5 days ago"");
  33 | });
  34 |"
/home/gabriel/Disk/Research/research-javascript-test-smells/repositories/luxon/test/impl/english.test.js,Eager Test,"{'line': 32, 'column': 9, 'index': 1128}","  30 | test(""0.5 days ago"", () => {
  31 |   expect(formatRelativeTime(""days"", -1.5, ""auto"")).toBe(""1.5 days ago"");
> 32 |   expect(formatRelativeTime(""days"", -1.5, ""always"")).toBe(""1.5 days ago"");
     |         ^ Eager Test
  33 | });
  34 |
  35 | test(""2 days ago"", () => {"
/home/gabriel/Disk/Research/research-javascript-test-smells/repositories/luxon/test/impl/english.test.js,Eager Test,"{'line': 36, 'column': 9, 'index': 1235}","  34 |
  35 | test(""2 days ago"", () => {
> 36 |   expect(formatRelativeTime(""days"", -2, ""auto"")).toBe(""2 days ago"");
     |         ^ Eager Test
  37 |   expect(formatRelativeTime(""days"", -2, ""always"")).toBe(""2 days ago"");
  38 | });
  39 |"
/home/gabriel/Disk/Research/research-javascript-test-smells/repositories/luxon/test/impl/english.test.js,Eager Test,"{'line': 37, 'column': 9, 'index': 1304}","  35 | test(""2 days ago"", () => {
  36 |   expect(formatRelativeTime(""days"", -2, ""auto"")).toBe(""2 days ago"");
> 37 |   expect(formatRelativeTime(""days"", -2, ""always"")).toBe(""2 days ago"");
     |         ^ Eager Test
  38 | });
  39 |
  40 | test(""this month"", () => {"
/home/gabriel/Disk/Research/research-javascript-test-smells/repositories/luxon/test/impl/english.test.js,Eager Test,"{'line': 41, 'column': 9, 'index': 1407}","  39 |
  40 | test(""this month"", () => {
> 41 |   expect(formatRelativeTime(""months"", 0, ""auto"")).toBe(""this month"");
     |         ^ Eager Test
  42 |   expect(formatRelativeTime(""months"", 0, ""always"")).toBe(""in 0 months"");
  43 |   expect(formatRelativeTime(""months"", -0, ""always"")).toBe(""0 months ago"");
  44 |   expect(formatRelativeTime(""months"", 0, ""always"", true)).toBe(""in 0 mo."");"
/home/gabriel/Disk/Research/research-javascript-test-smells/repositories/luxon/test/impl/english.test.js,Eager Test,"{'line': 42, 'column': 9, 'index': 1477}","  40 | test(""this month"", () => {
  41 |   expect(formatRelativeTime(""months"", 0, ""auto"")).toBe(""this month"");
> 42 |   expect(formatRelativeTime(""months"", 0, ""always"")).toBe(""in 0 months"");
     |         ^ Eager Test
  43 |   expect(formatRelativeTime(""months"", -0, ""always"")).toBe(""0 months ago"");
  44 |   expect(formatRelativeTime(""months"", 0, ""always"", true)).toBe(""in 0 mo."");
  45 |   expect(formatRelativeTime(""months"", -0, ""always"", true)).toBe(""0 mo. ago"");"
/home/gabriel/Disk/Research/research-javascript-test-smells/repositories/luxon/test/impl/english.test.js,Eager Test,"{'line': 43, 'column': 9, 'index': 1550}","  41 |   expect(formatRelativeTime(""months"", 0, ""auto"")).toBe(""this month"");
  42 |   expect(formatRelativeTime(""months"", 0, ""always"")).toBe(""in 0 months"");
> 43 |   expect(formatRelativeTime(""months"", -0, ""always"")).toBe(""0 months ago"");
     |         ^ Eager Test
  44 |   expect(formatRelativeTime(""months"", 0, ""always"", true)).toBe(""in 0 mo."");
  45 |   expect(formatRelativeTime(""months"", -0, ""always"", true)).toBe(""0 mo. ago"");
  46 | });"
/home/gabriel/Disk/Research/research-javascript-test-smells/repositories/luxon/test/impl/english.test.js,Eager Test,"{'line': 44, 'column': 9, 'index': 1625}","  42 |   expect(formatRelativeTime(""months"", 0, ""always"")).toBe(""in 0 months"");
  43 |   expect(formatRelativeTime(""months"", -0, ""always"")).toBe(""0 months ago"");
> 44 |   expect(formatRelativeTime(""months"", 0, ""always"", true)).toBe(""in 0 mo."");
     |         ^ Eager Test
  45 |   expect(formatRelativeTime(""months"", -0, ""always"", true)).toBe(""0 mo. ago"");
  46 | });
  47 |"
/home/gabriel/Disk/Research/research-javascript-test-smells/repositories/luxon/test/impl/english.test.js,Eager Test,"{'line': 45, 'column': 9, 'index': 1701}","  43 |   expect(formatRelativeTime(""months"", -0, ""always"")).toBe(""0 months ago"");
  44 |   expect(formatRelativeTime(""months"", 0, ""always"", true)).toBe(""in 0 mo."");
> 45 |   expect(formatRelativeTime(""months"", -0, ""always"", true)).toBe(""0 mo. ago"");
     |         ^ Eager Test
  46 | });
  47 |
  48 | test(""next month"", () => {"
/home/gabriel/Disk/Research/research-javascript-test-smells/repositories/luxon/test/impl/english.test.js,Eager Test,"{'line': 49, 'column': 9, 'index': 1811}","  47 |
  48 | test(""next month"", () => {
> 49 |   expect(formatRelativeTime(""months"", 1, ""auto"")).toBe(""next month"");
     |         ^ Eager Test
  50 |   expect(formatRelativeTime(""months"", 1, ""auto"", true)).toBe(""next month"");
  51 |   expect(formatRelativeTime(""months"", 1, ""always"")).toBe(""in 1 month"");
  52 |   expect(formatRelativeTime(""months"", 1, ""always"", true)).toBe(""in 1 mo."");"
/home/gabriel/Disk/Research/research-javascript-test-smells/repositories/luxon/test/impl/english.test.js,Eager Test,"{'line': 50, 'column': 9, 'index': 1881}","  48 | test(""next month"", () => {
  49 |   expect(formatRelativeTime(""months"", 1, ""auto"")).toBe(""next month"");
> 50 |   expect(formatRelativeTime(""months"", 1, ""auto"", true)).toBe(""next month"");
     |         ^ Eager Test
  51 |   expect(formatRelativeTime(""months"", 1, ""always"")).toBe(""in 1 month"");
  52 |   expect(formatRelativeTime(""months"", 1, ""always"", true)).toBe(""in 1 mo."");
  53 | });"
/home/gabriel/Disk/Research/research-javascript-test-smells/repositories/luxon/test/impl/english.test.js,Eager Test,"{'line': 51, 'column': 9, 'index': 1957}","  49 |   expect(formatRelativeTime(""months"", 1, ""auto"")).toBe(""next month"");
  50 |   expect(formatRelativeTime(""months"", 1, ""auto"", true)).toBe(""next month"");
> 51 |   expect(formatRelativeTime(""months"", 1, ""always"")).toBe(""in 1 month"");
     |         ^ Eager Test
  52 |   expect(formatRelativeTime(""months"", 1, ""always"", true)).toBe(""in 1 mo."");
  53 | });
  54 |"
/home/gabriel/Disk/Research/research-javascript-test-smells/repositories/luxon/test/impl/english.test.js,Eager Test,"{'line': 52, 'column': 9, 'index': 2029}","  50 |   expect(formatRelativeTime(""months"", 1, ""auto"", true)).toBe(""next month"");
  51 |   expect(formatRelativeTime(""months"", 1, ""always"")).toBe(""in 1 month"");
> 52 |   expect(formatRelativeTime(""months"", 1, ""always"", true)).toBe(""in 1 mo."");
     |         ^ Eager Test
  53 | });
  54 |
  55 | test(""last month"", () => {"
/home/gabriel/Disk/Research/research-javascript-test-smells/repositories/luxon/test/impl/english.test.js,Eager Test,"{'line': 56, 'column': 9, 'index': 2137}","  54 |
  55 | test(""last month"", () => {
> 56 |   expect(formatRelativeTime(""months"", -1, ""auto"")).toBe(""last month"");
     |         ^ Eager Test
  57 |   expect(formatRelativeTime(""months"", -1, ""auto"", true)).toBe(""last month"");
  58 |   expect(formatRelativeTime(""months"", -1, ""always"")).toBe(""1 month ago"");
  59 |   expect(formatRelativeTime(""months"", -1, ""always"", true)).toBe(""1 mo. ago"");"
/home/gabriel/Disk/Research/research-javascript-test-smells/repositories/luxon/test/impl/english.test.js,Eager Test,"{'line': 57, 'column': 9, 'index': 2208}","  55 | test(""last month"", () => {
  56 |   expect(formatRelativeTime(""months"", -1, ""auto"")).toBe(""last month"");
> 57 |   expect(formatRelativeTime(""months"", -1, ""auto"", true)).toBe(""last month"");
     |         ^ Eager Test
  58 |   expect(formatRelativeTime(""months"", -1, ""always"")).toBe(""1 month ago"");
  59 |   expect(formatRelativeTime(""months"", -1, ""always"", true)).toBe(""1 mo. ago"");
  60 | });"
/home/gabriel/Disk/Research/research-javascript-test-smells/repositories/luxon/test/impl/english.test.js,Eager Test,"{'line': 58, 'column': 9, 'index': 2285}","  56 |   expect(formatRelativeTime(""months"", -1, ""auto"")).toBe(""last month"");
  57 |   expect(formatRelativeTime(""months"", -1, ""auto"", true)).toBe(""last month"");
> 58 |   expect(formatRelativeTime(""months"", -1, ""always"")).toBe(""1 month ago"");
     |         ^ Eager Test
  59 |   expect(formatRelativeTime(""months"", -1, ""always"", true)).toBe(""1 mo. ago"");
  60 | });
  61 |"
/home/gabriel/Disk/Research/research-javascript-test-smells/repositories/luxon/test/impl/english.test.js,Eager Test,"{'line': 59, 'column': 9, 'index': 2359}","  57 |   expect(formatRelativeTime(""months"", -1, ""auto"", true)).toBe(""last month"");
  58 |   expect(formatRelativeTime(""months"", -1, ""always"")).toBe(""1 month ago"");
> 59 |   expect(formatRelativeTime(""months"", -1, ""always"", true)).toBe(""1 mo. ago"");
     |         ^ Eager Test
  60 | });
  61 |
  62 | test(""in 3 months"", () => {"
/home/gabriel/Disk/Research/research-javascript-test-smells/repositories/luxon/test/impl/english.test.js,Eager Test,"{'line': 63, 'column': 9, 'index': 2470}","  61 |
  62 | test(""in 3 months"", () => {
> 63 |   expect(formatRelativeTime(""months"", 3, ""auto"")).toBe(""in 3 months"");
     |         ^ Eager Test
  64 |   expect(formatRelativeTime(""months"", 3, ""auto"", true)).toBe(""in 3 mo."");
  65 |   expect(formatRelativeTime(""months"", 3, ""always"")).toBe(""in 3 months"");
  66 |   expect(formatRelativeTime(""months"", 3, ""always"", true)).toBe(""in 3 mo."");"
/home/gabriel/Disk/Research/research-javascript-test-smells/repositories/luxon/test/impl/english.test.js,Eager Test,"{'line': 64, 'column': 9, 'index': 2541}","  62 | test(""in 3 months"", () => {
  63 |   expect(formatRelativeTime(""months"", 3, ""auto"")).toBe(""in 3 months"");
> 64 |   expect(formatRelativeTime(""months"", 3, ""auto"", true)).toBe(""in 3 mo."");
     |         ^ Eager Test
  65 |   expect(formatRelativeTime(""months"", 3, ""always"")).toBe(""in 3 months"");
  66 |   expect(formatRelativeTime(""months"", 3, ""always"", true)).toBe(""in 3 mo."");
  67 | });"
/home/gabriel/Disk/Research/research-javascript-test-smells/repositories/luxon/test/impl/english.test.js,Eager Test,"{'line': 65, 'column': 9, 'index': 2615}","  63 |   expect(formatRelativeTime(""months"", 3, ""auto"")).toBe(""in 3 months"");
  64 |   expect(formatRelativeTime(""months"", 3, ""auto"", true)).toBe(""in 3 mo."");
> 65 |   expect(formatRelativeTime(""months"", 3, ""always"")).toBe(""in 3 months"");
     |         ^ Eager Test
  66 |   expect(formatRelativeTime(""months"", 3, ""always"", true)).toBe(""in 3 mo."");
  67 | });
  68 |"
/home/gabriel/Disk/Research/research-javascript-test-smells/repositories/luxon/test/impl/english.test.js,Eager Test,"{'line': 66, 'column': 9, 'index': 2688}","  64 |   expect(formatRelativeTime(""months"", 3, ""auto"", true)).toBe(""in 3 mo."");
  65 |   expect(formatRelativeTime(""months"", 3, ""always"")).toBe(""in 3 months"");
> 66 |   expect(formatRelativeTime(""months"", 3, ""always"", true)).toBe(""in 3 mo."");
     |         ^ Eager Test
  67 | });
  68 |
  69 | test(""in 1 hour"", () => {"
/home/gabriel/Disk/Research/research-javascript-test-smells/repositories/luxon/test/impl/english.test.js,Eager Test,"{'line': 70, 'column': 9, 'index': 2795}","  68 |
  69 | test(""in 1 hour"", () => {
> 70 |   expect(formatRelativeTime(""hours"", 1, ""auto"")).toBe(""in 1 hour"");
     |         ^ Eager Test
  71 |   expect(formatRelativeTime(""hours"", 1, ""always"")).toBe(""in 1 hour"");
  72 | });
  73 |"
/home/gabriel/Disk/Research/research-javascript-test-smells/repositories/luxon/test/impl/english.test.js,Eager Test,"{'line': 71, 'column': 9, 'index': 2863}","  69 | test(""in 1 hour"", () => {
  70 |   expect(formatRelativeTime(""hours"", 1, ""auto"")).toBe(""in 1 hour"");
> 71 |   expect(formatRelativeTime(""hours"", 1, ""always"")).toBe(""in 1 hour"");
     |         ^ Eager Test
  72 | });
  73 |
  74 | test(""in 1 hour"", () => {"
/home/gabriel/Disk/Research/research-javascript-test-smells/repositories/luxon/test/impl/english.test.js,Eager Test,"{'line': 75, 'column': 9, 'index': 2964}","  73 |
  74 | test(""in 1 hour"", () => {
> 75 |   expect(formatRelativeTime(""hours"", 1, ""auto"")).toBe(""in 1 hour"");
     |         ^ Eager Test
  76 |   expect(formatRelativeTime(""hours"", 1, ""auto"", true)).toBe(""in 1 hr."");
  77 |   expect(formatRelativeTime(""hours"", 1, ""always"")).toBe(""in 1 hour"");
  78 |   expect(formatRelativeTime(""hours"", 1, ""always"", true)).toBe(""in 1 hr."");"
/home/gabriel/Disk/Research/research-javascript-test-smells/repositories/luxon/test/impl/english.test.js,Eager Test,"{'line': 76, 'column': 9, 'index': 3032}","  74 | test(""in 1 hour"", () => {
  75 |   expect(formatRelativeTime(""hours"", 1, ""auto"")).toBe(""in 1 hour"");
> 76 |   expect(formatRelativeTime(""hours"", 1, ""auto"", true)).toBe(""in 1 hr."");
     |         ^ Eager Test
  77 |   expect(formatRelativeTime(""hours"", 1, ""always"")).toBe(""in 1 hour"");
  78 |   expect(formatRelativeTime(""hours"", 1, ""always"", true)).toBe(""in 1 hr."");
  79 | });"
/home/gabriel/Disk/Research/research-javascript-test-smells/repositories/luxon/test/impl/english.test.js,Eager Test,"{'line': 77, 'column': 9, 'index': 3105}","  75 |   expect(formatRelativeTime(""hours"", 1, ""auto"")).toBe(""in 1 hour"");
  76 |   expect(formatRelativeTime(""hours"", 1, ""auto"", true)).toBe(""in 1 hr."");
> 77 |   expect(formatRelativeTime(""hours"", 1, ""always"")).toBe(""in 1 hour"");
     |         ^ Eager Test
  78 |   expect(formatRelativeTime(""hours"", 1, ""always"", true)).toBe(""in 1 hr."");
  79 | });
  80 |"
/home/gabriel/Disk/Research/research-javascript-test-smells/repositories/luxon/test/impl/english.test.js,Eager Test,"{'line': 78, 'column': 9, 'index': 3175}","  76 |   expect(formatRelativeTime(""hours"", 1, ""auto"", true)).toBe(""in 1 hr."");
  77 |   expect(formatRelativeTime(""hours"", 1, ""always"")).toBe(""in 1 hour"");
> 78 |   expect(formatRelativeTime(""hours"", 1, ""always"", true)).toBe(""in 1 hr."");
     |         ^ Eager Test
  79 | });
  80 |
  81 | test(""1 hour ago"", () => {"
/home/gabriel/Disk/Research/research-javascript-test-smells/repositories/luxon/test/impl/english.test.js,Eager Test,"{'line': 82, 'column': 9, 'index': 3282}","  80 |
  81 | test(""1 hour ago"", () => {
> 82 |   expect(formatRelativeTime(""hours"", -1, ""auto"")).toBe(""1 hour ago"");
     |         ^ Eager Test
  83 |   expect(formatRelativeTime(""hours"", -1, ""auto"", true)).toBe(""1 hr. ago"");
  84 |   expect(formatRelativeTime(""hours"", -1, ""always"")).toBe(""1 hour ago"");
  85 |   expect(formatRelativeTime(""hours"", -1, ""always"", true)).toBe(""1 hr. ago"");"
/home/gabriel/Disk/Research/research-javascript-test-smells/repositories/luxon/test/impl/english.test.js,Eager Test,"{'line': 83, 'column': 9, 'index': 3352}","  81 | test(""1 hour ago"", () => {
  82 |   expect(formatRelativeTime(""hours"", -1, ""auto"")).toBe(""1 hour ago"");
> 83 |   expect(formatRelativeTime(""hours"", -1, ""auto"", true)).toBe(""1 hr. ago"");
     |         ^ Eager Test
  84 |   expect(formatRelativeTime(""hours"", -1, ""always"")).toBe(""1 hour ago"");
  85 |   expect(formatRelativeTime(""hours"", -1, ""always"", true)).toBe(""1 hr. ago"");
  86 | });"
/home/gabriel/Disk/Research/research-javascript-test-smells/repositories/luxon/test/impl/english.test.js,Eager Test,"{'line': 84, 'column': 9, 'index': 3427}","  82 |   expect(formatRelativeTime(""hours"", -1, ""auto"")).toBe(""1 hour ago"");
  83 |   expect(formatRelativeTime(""hours"", -1, ""auto"", true)).toBe(""1 hr. ago"");
> 84 |   expect(formatRelativeTime(""hours"", -1, ""always"")).toBe(""1 hour ago"");
     |         ^ Eager Test
  85 |   expect(formatRelativeTime(""hours"", -1, ""always"", true)).toBe(""1 hr. ago"");
  86 | });
  87 |"
/home/gabriel/Disk/Research/research-javascript-test-smells/repositories/luxon/test/impl/english.test.js,Eager Test,"{'line': 85, 'column': 9, 'index': 3499}","  83 |   expect(formatRelativeTime(""hours"", -1, ""auto"", true)).toBe(""1 hr. ago"");
  84 |   expect(formatRelativeTime(""hours"", -1, ""always"")).toBe(""1 hour ago"");
> 85 |   expect(formatRelativeTime(""hours"", -1, ""always"", true)).toBe(""1 hr. ago"");
     |         ^ Eager Test
  86 | });
  87 |
  88 | test(""formatString"", () => {"
/home/gabriel/Disk/Research/research-javascript-test-smells/repositories/luxon/test/impl/english.test.js,Eager Test,"{'line': 89, 'column': 9, 'index': 3610}","  87 |
  88 | test(""formatString"", () => {
> 89 |   expect(formatString(Formats.DATE_SHORT)).toBe(""M/d/yyyy"");
     |         ^ Eager Test
  90 |   expect(formatString(Formats.DATE_MED)).toBe(""LLL d, yyyy"");
  91 |   expect(formatString(Formats.DATE_MED_WITH_WEEKDAY)).toBe(""EEE, LLL d, yyyy"");
  92 |   expect(formatString(Formats.DATE_FULL)).toBe(""LLLL d, yyyy"");"
/home/gabriel/Disk/Research/research-javascript-test-smells/repositories/luxon/test/impl/english.test.js,Eager Test,"{'line': 90, 'column': 9, 'index': 3671}","  88 | test(""formatString"", () => {
  89 |   expect(formatString(Formats.DATE_SHORT)).toBe(""M/d/yyyy"");
> 90 |   expect(formatString(Formats.DATE_MED)).toBe(""LLL d, yyyy"");
     |         ^ Eager Test
  91 |   expect(formatString(Formats.DATE_MED_WITH_WEEKDAY)).toBe(""EEE, LLL d, yyyy"");
  92 |   expect(formatString(Formats.DATE_FULL)).toBe(""LLLL d, yyyy"");
  93 |   expect(formatString(Formats.DATE_HUGE)).toBe(""EEEE, LLLL d, yyyy"");"
/home/gabriel/Disk/Research/research-javascript-test-smells/repositories/luxon/test/impl/english.test.js,Eager Test,"{'line': 91, 'column': 9, 'index': 3733}","  89 |   expect(formatString(Formats.DATE_SHORT)).toBe(""M/d/yyyy"");
  90 |   expect(formatString(Formats.DATE_MED)).toBe(""LLL d, yyyy"");
> 91 |   expect(formatString(Formats.DATE_MED_WITH_WEEKDAY)).toBe(""EEE, LLL d, yyyy"");
     |         ^ Eager Test
  92 |   expect(formatString(Formats.DATE_FULL)).toBe(""LLLL d, yyyy"");
  93 |   expect(formatString(Formats.DATE_HUGE)).toBe(""EEEE, LLLL d, yyyy"");
  94 |   expect(formatString(Formats.TIME_SIMPLE)).toBe(""h:mm a"");"
/home/gabriel/Disk/Research/research-javascript-test-smells/repositories/luxon/test/impl/english.test.js,Eager Test,"{'line': 92, 'column': 9, 'index': 3813}","  90 |   expect(formatString(Formats.DATE_MED)).toBe(""LLL d, yyyy"");
  91 |   expect(formatString(Formats.DATE_MED_WITH_WEEKDAY)).toBe(""EEE, LLL d, yyyy"");
> 92 |   expect(formatString(Formats.DATE_FULL)).toBe(""LLLL d, yyyy"");
     |         ^ Eager Test
  93 |   expect(formatString(Formats.DATE_HUGE)).toBe(""EEEE, LLLL d, yyyy"");
  94 |   expect(formatString(Formats.TIME_SIMPLE)).toBe(""h:mm a"");
  95 |   expect(formatString(Formats.TIME_WITH_SECONDS)).toBe(""h:mm:ss a"");"
/home/gabriel/Disk/Research/research-javascript-test-smells/repositories/luxon/test/impl/english.test.js,Eager Test,"{'line': 93, 'column': 9, 'index': 3877}","  91 |   expect(formatString(Formats.DATE_MED_WITH_WEEKDAY)).toBe(""EEE, LLL d, yyyy"");
  92 |   expect(formatString(Formats.DATE_FULL)).toBe(""LLLL d, yyyy"");
> 93 |   expect(formatString(Formats.DATE_HUGE)).toBe(""EEEE, LLLL d, yyyy"");
     |         ^ Eager Test
  94 |   expect(formatString(Formats.TIME_SIMPLE)).toBe(""h:mm a"");
  95 |   expect(formatString(Formats.TIME_WITH_SECONDS)).toBe(""h:mm:ss a"");
  96 |   expect(formatString(Formats.TIME_WITH_SHORT_OFFSET)).toBe(""h:mm a"");"
/home/gabriel/Disk/Research/research-javascript-test-smells/repositories/luxon/test/impl/english.test.js,Eager Test,"{'line': 94, 'column': 9, 'index': 3947}","  92 |   expect(formatString(Formats.DATE_FULL)).toBe(""LLLL d, yyyy"");
  93 |   expect(formatString(Formats.DATE_HUGE)).toBe(""EEEE, LLLL d, yyyy"");
> 94 |   expect(formatString(Formats.TIME_SIMPLE)).toBe(""h:mm a"");
     |         ^ Eager Test
  95 |   expect(formatString(Formats.TIME_WITH_SECONDS)).toBe(""h:mm:ss a"");
  96 |   expect(formatString(Formats.TIME_WITH_SHORT_OFFSET)).toBe(""h:mm a"");
  97 |   expect(formatString(Formats.TIME_WITH_LONG_OFFSET)).toBe(""h:mm a"");"
/home/gabriel/Disk/Research/research-javascript-test-smells/repositories/luxon/test/impl/english.test.js,Eager Test,"{'line': 95, 'column': 9, 'index': 4007}","  93 |   expect(formatString(Formats.DATE_HUGE)).toBe(""EEEE, LLLL d, yyyy"");
  94 |   expect(formatString(Formats.TIME_SIMPLE)).toBe(""h:mm a"");
> 95 |   expect(formatString(Formats.TIME_WITH_SECONDS)).toBe(""h:mm:ss a"");
     |         ^ Eager Test
  96 |   expect(formatString(Formats.TIME_WITH_SHORT_OFFSET)).toBe(""h:mm a"");
  97 |   expect(formatString(Formats.TIME_WITH_LONG_OFFSET)).toBe(""h:mm a"");
  98 |   expect(formatString(Formats.TIME_24_SIMPLE)).toBe(""HH:mm"");"
/home/gabriel/Disk/Research/research-javascript-test-smells/repositories/luxon/test/impl/english.test.js,Eager Test,"{'line': 96, 'column': 9, 'index': 4076}","  94 |   expect(formatString(Formats.TIME_SIMPLE)).toBe(""h:mm a"");
  95 |   expect(formatString(Formats.TIME_WITH_SECONDS)).toBe(""h:mm:ss a"");
> 96 |   expect(formatString(Formats.TIME_WITH_SHORT_OFFSET)).toBe(""h:mm a"");
     |         ^ Eager Test
  97 |   expect(formatString(Formats.TIME_WITH_LONG_OFFSET)).toBe(""h:mm a"");
  98 |   expect(formatString(Formats.TIME_24_SIMPLE)).toBe(""HH:mm"");
  99 |   expect(formatString(Formats.TIME_24_WITH_SECONDS)).toBe(""HH:mm:ss"");"
/home/gabriel/Disk/Research/research-javascript-test-smells/repositories/luxon/test/impl/english.test.js,Eager Test,"{'line': 97, 'column': 9, 'index': 4147}","   95 |   expect(formatString(Formats.TIME_WITH_SECONDS)).toBe(""h:mm:ss a"");
   96 |   expect(formatString(Formats.TIME_WITH_SHORT_OFFSET)).toBe(""h:mm a"");
>  97 |   expect(formatString(Formats.TIME_WITH_LONG_OFFSET)).toBe(""h:mm a"");
      |         ^ Eager Test
   98 |   expect(formatString(Formats.TIME_24_SIMPLE)).toBe(""HH:mm"");
   99 |   expect(formatString(Formats.TIME_24_WITH_SECONDS)).toBe(""HH:mm:ss"");
  100 |   expect(formatString(Formats.TIME_24_WITH_SHORT_OFFSET)).toBe(""HH:mm"");"
/home/gabriel/Disk/Research/research-javascript-test-smells/repositories/luxon/test/impl/english.test.js,Eager Test,"{'line': 98, 'column': 9, 'index': 4217}","   96 |   expect(formatString(Formats.TIME_WITH_SHORT_OFFSET)).toBe(""h:mm a"");
   97 |   expect(formatString(Formats.TIME_WITH_LONG_OFFSET)).toBe(""h:mm a"");
>  98 |   expect(formatString(Formats.TIME_24_SIMPLE)).toBe(""HH:mm"");
      |         ^ Eager Test
   99 |   expect(formatString(Formats.TIME_24_WITH_SECONDS)).toBe(""HH:mm:ss"");
  100 |   expect(formatString(Formats.TIME_24_WITH_SHORT_OFFSET)).toBe(""HH:mm"");
  101 |   expect(formatString(Formats.TIME_24_WITH_LONG_OFFSET)).toBe(""HH:mm"");"
/home/gabriel/Disk/Research/research-javascript-test-smells/repositories/luxon/test/impl/english.test.js,Eager Test,"{'line': 99, 'column': 9, 'index': 4279}","   97 |   expect(formatString(Formats.TIME_WITH_LONG_OFFSET)).toBe(""h:mm a"");
   98 |   expect(formatString(Formats.TIME_24_SIMPLE)).toBe(""HH:mm"");
>  99 |   expect(formatString(Formats.TIME_24_WITH_SECONDS)).toBe(""HH:mm:ss"");
      |         ^ Eager Test
  100 |   expect(formatString(Formats.TIME_24_WITH_SHORT_OFFSET)).toBe(""HH:mm"");
  101 |   expect(formatString(Formats.TIME_24_WITH_LONG_OFFSET)).toBe(""HH:mm"");
  102 |   expect(formatString(Formats.DATETIME_SHORT)).toBe(""M/d/yyyy, h:mm a"");"
/home/gabriel/Disk/Research/research-javascript-test-smells/repositories/luxon/test/impl/english.test.js,Eager Test,"{'line': 100, 'column': 9, 'index': 4350}","   98 |   expect(formatString(Formats.TIME_24_SIMPLE)).toBe(""HH:mm"");
   99 |   expect(formatString(Formats.TIME_24_WITH_SECONDS)).toBe(""HH:mm:ss"");
> 100 |   expect(formatString(Formats.TIME_24_WITH_SHORT_OFFSET)).toBe(""HH:mm"");
      |         ^ Eager Test
  101 |   expect(formatString(Formats.TIME_24_WITH_LONG_OFFSET)).toBe(""HH:mm"");
  102 |   expect(formatString(Formats.DATETIME_SHORT)).toBe(""M/d/yyyy, h:mm a"");
  103 |   expect(formatString(Formats.DATETIME_MED)).toBe(""LLL d, yyyy, h:mm a"");"
/home/gabriel/Disk/Research/research-javascript-test-smells/repositories/luxon/test/impl/english.test.js,Eager Test,"{'line': 101, 'column': 9, 'index': 4423}","   99 |   expect(formatString(Formats.TIME_24_WITH_SECONDS)).toBe(""HH:mm:ss"");
  100 |   expect(formatString(Formats.TIME_24_WITH_SHORT_OFFSET)).toBe(""HH:mm"");
> 101 |   expect(formatString(Formats.TIME_24_WITH_LONG_OFFSET)).toBe(""HH:mm"");
      |         ^ Eager Test
  102 |   expect(formatString(Formats.DATETIME_SHORT)).toBe(""M/d/yyyy, h:mm a"");
  103 |   expect(formatString(Formats.DATETIME_MED)).toBe(""LLL d, yyyy, h:mm a"");
  104 |   expect(formatString(Formats.DATETIME_FULL)).toBe(""LLLL d, yyyy, h:mm a"");"
/home/gabriel/Disk/Research/research-javascript-test-smells/repositories/luxon/test/impl/english.test.js,Eager Test,"{'line': 102, 'column': 9, 'index': 4495}","  100 |   expect(formatString(Formats.TIME_24_WITH_SHORT_OFFSET)).toBe(""HH:mm"");
  101 |   expect(formatString(Formats.TIME_24_WITH_LONG_OFFSET)).toBe(""HH:mm"");
> 102 |   expect(formatString(Formats.DATETIME_SHORT)).toBe(""M/d/yyyy, h:mm a"");
      |         ^ Eager Test
  103 |   expect(formatString(Formats.DATETIME_MED)).toBe(""LLL d, yyyy, h:mm a"");
  104 |   expect(formatString(Formats.DATETIME_FULL)).toBe(""LLLL d, yyyy, h:mm a"");
  105 |   expect(formatString(Formats.DATETIME_HUGE)).toBe(""EEEE, LLLL d, yyyy, h:mm a"");"
/home/gabriel/Disk/Research/research-javascript-test-smells/repositories/luxon/test/impl/english.test.js,Eager Test,"{'line': 103, 'column': 9, 'index': 4568}","  101 |   expect(formatString(Formats.TIME_24_WITH_LONG_OFFSET)).toBe(""HH:mm"");
  102 |   expect(formatString(Formats.DATETIME_SHORT)).toBe(""M/d/yyyy, h:mm a"");
> 103 |   expect(formatString(Formats.DATETIME_MED)).toBe(""LLL d, yyyy, h:mm a"");
      |         ^ Eager Test
  104 |   expect(formatString(Formats.DATETIME_FULL)).toBe(""LLLL d, yyyy, h:mm a"");
  105 |   expect(formatString(Formats.DATETIME_HUGE)).toBe(""EEEE, LLLL d, yyyy, h:mm a"");
  106 |   expect(formatString(Formats.DATETIME_SHORT_WITH_SECONDS)).toBe(""M/d/yyyy, h:mm:ss a"");"
/home/gabriel/Disk/Research/research-javascript-test-smells/repositories/luxon/test/impl/english.test.js,Eager Test,"{'line': 104, 'column': 9, 'index': 4642}","  102 |   expect(formatString(Formats.DATETIME_SHORT)).toBe(""M/d/yyyy, h:mm a"");
  103 |   expect(formatString(Formats.DATETIME_MED)).toBe(""LLL d, yyyy, h:mm a"");
> 104 |   expect(formatString(Formats.DATETIME_FULL)).toBe(""LLLL d, yyyy, h:mm a"");
      |         ^ Eager Test
  105 |   expect(formatString(Formats.DATETIME_HUGE)).toBe(""EEEE, LLLL d, yyyy, h:mm a"");
  106 |   expect(formatString(Formats.DATETIME_SHORT_WITH_SECONDS)).toBe(""M/d/yyyy, h:mm:ss a"");
  107 |   expect(formatString(Formats.DATETIME_MED_WITH_SECONDS)).toBe(""LLL d, yyyy, h:mm:ss a"");"
/home/gabriel/Disk/Research/research-javascript-test-smells/repositories/luxon/test/impl/english.test.js,Eager Test,"{'line': 105, 'column': 9, 'index': 4718}","  103 |   expect(formatString(Formats.DATETIME_MED)).toBe(""LLL d, yyyy, h:mm a"");
  104 |   expect(formatString(Formats.DATETIME_FULL)).toBe(""LLLL d, yyyy, h:mm a"");
> 105 |   expect(formatString(Formats.DATETIME_HUGE)).toBe(""EEEE, LLLL d, yyyy, h:mm a"");
      |         ^ Eager Test
  106 |   expect(formatString(Formats.DATETIME_SHORT_WITH_SECONDS)).toBe(""M/d/yyyy, h:mm:ss a"");
  107 |   expect(formatString(Formats.DATETIME_MED_WITH_SECONDS)).toBe(""LLL d, yyyy, h:mm:ss a"");
  108 |   expect(formatString(Formats.DATETIME_MED_WITH_WEEKDAY)).toBe(""EEE, d LLL yyyy, h:mm a"");"
/home/gabriel/Disk/Research/research-javascript-test-smells/repositories/luxon/test/impl/english.test.js,Eager Test,"{'line': 106, 'column': 9, 'index': 4800}","  104 |   expect(formatString(Formats.DATETIME_FULL)).toBe(""LLLL d, yyyy, h:mm a"");
  105 |   expect(formatString(Formats.DATETIME_HUGE)).toBe(""EEEE, LLLL d, yyyy, h:mm a"");
> 106 |   expect(formatString(Formats.DATETIME_SHORT_WITH_SECONDS)).toBe(""M/d/yyyy, h:mm:ss a"");
      |         ^ Eager Test
  107 |   expect(formatString(Formats.DATETIME_MED_WITH_SECONDS)).toBe(""LLL d, yyyy, h:mm:ss a"");
  108 |   expect(formatString(Formats.DATETIME_MED_WITH_WEEKDAY)).toBe(""EEE, d LLL yyyy, h:mm a"");
  109 |   expect(formatString(Formats.DATETIME_FULL_WITH_SECONDS)).toBe(""LLLL d, yyyy, h:mm:ss a"");"
/home/gabriel/Disk/Research/research-javascript-test-smells/repositories/luxon/test/impl/english.test.js,Eager Test,"{'line': 107, 'column': 9, 'index': 4889}","  105 |   expect(formatString(Formats.DATETIME_HUGE)).toBe(""EEEE, LLLL d, yyyy, h:mm a"");
  106 |   expect(formatString(Formats.DATETIME_SHORT_WITH_SECONDS)).toBe(""M/d/yyyy, h:mm:ss a"");
> 107 |   expect(formatString(Formats.DATETIME_MED_WITH_SECONDS)).toBe(""LLL d, yyyy, h:mm:ss a"");
      |         ^ Eager Test
  108 |   expect(formatString(Formats.DATETIME_MED_WITH_WEEKDAY)).toBe(""EEE, d LLL yyyy, h:mm a"");
  109 |   expect(formatString(Formats.DATETIME_FULL_WITH_SECONDS)).toBe(""LLLL d, yyyy, h:mm:ss a"");
  110 |   expect(formatString(Formats.DATETIME_HUGE_WITH_SECONDS)).toBe(""EEEE, LLLL d, yyyy, h:mm:ss a"");"
/home/gabriel/Disk/Research/research-javascript-test-smells/repositories/luxon/test/impl/english.test.js,Eager Test,"{'line': 108, 'column': 9, 'index': 4979}","  106 |   expect(formatString(Formats.DATETIME_SHORT_WITH_SECONDS)).toBe(""M/d/yyyy, h:mm:ss a"");
  107 |   expect(formatString(Formats.DATETIME_MED_WITH_SECONDS)).toBe(""LLL d, yyyy, h:mm:ss a"");
> 108 |   expect(formatString(Formats.DATETIME_MED_WITH_WEEKDAY)).toBe(""EEE, d LLL yyyy, h:mm a"");
      |         ^ Eager Test
  109 |   expect(formatString(Formats.DATETIME_FULL_WITH_SECONDS)).toBe(""LLLL d, yyyy, h:mm:ss a"");
  110 |   expect(formatString(Formats.DATETIME_HUGE_WITH_SECONDS)).toBe(""EEEE, LLLL d, yyyy, h:mm:ss a"");
  111 |   expect(formatString(""Default"")).toBe(""EEEE, LLLL d, yyyy, h:mm a"");"
/home/gabriel/Disk/Research/research-javascript-test-smells/repositories/luxon/test/impl/english.test.js,Eager Test,"{'line': 109, 'column': 9, 'index': 5070}","  107 |   expect(formatString(Formats.DATETIME_MED_WITH_SECONDS)).toBe(""LLL d, yyyy, h:mm:ss a"");
  108 |   expect(formatString(Formats.DATETIME_MED_WITH_WEEKDAY)).toBe(""EEE, d LLL yyyy, h:mm a"");
> 109 |   expect(formatString(Formats.DATETIME_FULL_WITH_SECONDS)).toBe(""LLLL d, yyyy, h:mm:ss a"");
      |         ^ Eager Test
  110 |   expect(formatString(Formats.DATETIME_HUGE_WITH_SECONDS)).toBe(""EEEE, LLLL d, yyyy, h:mm:ss a"");
  111 |   expect(formatString(""Default"")).toBe(""EEEE, LLLL d, yyyy, h:mm a"");
  112 | });"
/home/gabriel/Disk/Research/research-javascript-test-smells/repositories/luxon/test/impl/english.test.js,Eager Test,"{'line': 110, 'column': 9, 'index': 5162}","  108 |   expect(formatString(Formats.DATETIME_MED_WITH_WEEKDAY)).toBe(""EEE, d LLL yyyy, h:mm a"");
  109 |   expect(formatString(Formats.DATETIME_FULL_WITH_SECONDS)).toBe(""LLLL d, yyyy, h:mm:ss a"");
> 110 |   expect(formatString(Formats.DATETIME_HUGE_WITH_SECONDS)).toBe(""EEEE, LLLL d, yyyy, h:mm:ss a"");
      |         ^ Eager Test
  111 |   expect(formatString(""Default"")).toBe(""EEEE, LLLL d, yyyy, h:mm a"");
  112 | });
  113 |"
/home/gabriel/Disk/Research/research-javascript-test-smells/repositories/luxon/test/impl/english.test.js,Eager Test,"{'line': 111, 'column': 9, 'index': 5260}","  109 |   expect(formatString(Formats.DATETIME_FULL_WITH_SECONDS)).toBe(""LLLL d, yyyy, h:mm:ss a"");
  110 |   expect(formatString(Formats.DATETIME_HUGE_WITH_SECONDS)).toBe(""EEEE, LLLL d, yyyy, h:mm:ss a"");
> 111 |   expect(formatString(""Default"")).toBe(""EEEE, LLLL d, yyyy, h:mm a"");
      |         ^ Eager Test
  112 | });
  113 |
  114 | test(""weekdays"", () => {"
/home/gabriel/Disk/Research/research-javascript-test-smells/repositories/luxon/test/impl/english.test.js,Eager Test,"{'line': 115, 'column': 9, 'index': 5360}","  113 |
  114 | test(""weekdays"", () => {
> 115 |   expect(weekdays(""narrow"")).toStrictEqual([""M"", ""T"", ""W"", ""T"", ""F"", ""S"", ""S""]);
      |         ^ Eager Test
  116 |   expect(weekdays(""short"")).toStrictEqual([""Mon"", ""Tue"", ""Wed"", ""Thu"", ""Fri"", ""Sat"", ""Sun""]);
  117 |   expect(weekdays(""long"")).toStrictEqual([
  118 |     ""Monday"","
/home/gabriel/Disk/Research/research-javascript-test-smells/repositories/luxon/test/impl/english.test.js,Eager Test,"{'line': 116, 'column': 9, 'index': 5441}","  114 | test(""weekdays"", () => {
  115 |   expect(weekdays(""narrow"")).toStrictEqual([""M"", ""T"", ""W"", ""T"", ""F"", ""S"", ""S""]);
> 116 |   expect(weekdays(""short"")).toStrictEqual([""Mon"", ""Tue"", ""Wed"", ""Thu"", ""Fri"", ""Sat"", ""Sun""]);
      |         ^ Eager Test
  117 |   expect(weekdays(""long"")).toStrictEqual([
  118 |     ""Monday"",
  119 |     ""Tuesday"","
/home/gabriel/Disk/Research/research-javascript-test-smells/repositories/luxon/test/impl/english.test.js,Eager Test,"{'line': 117, 'column': 9, 'index': 5535}","  115 |   expect(weekdays(""narrow"")).toStrictEqual([""M"", ""T"", ""W"", ""T"", ""F"", ""S"", ""S""]);
  116 |   expect(weekdays(""short"")).toStrictEqual([""Mon"", ""Tue"", ""Wed"", ""Thu"", ""Fri"", ""Sat"", ""Sun""]);
> 117 |   expect(weekdays(""long"")).toStrictEqual([
      |         ^ Eager Test
  118 |     ""Monday"",
  119 |     ""Tuesday"",
  120 |     ""Wednesday"","
/home/gabriel/Disk/Research/research-javascript-test-smells/repositories/luxon/test/impl/english.test.js,Eager Test,"{'line': 126, 'column': 9, 'index': 5690}","  124 |     ""Sunday"",
  125 |   ]);
> 126 |   expect(weekdays(""numeric"")).toStrictEqual([""1"", ""2"", ""3"", ""4"", ""5"", ""6"", ""7""]);
      |         ^ Eager Test
  127 |   expect(weekdays(null)).toStrictEqual(null);
  128 | });
  129 |"
/home/gabriel/Disk/Research/research-javascript-test-smells/repositories/luxon/test/impl/english.test.js,Eager Test,"{'line': 127, 'column': 9, 'index': 5772}","  125 |   ]);
  126 |   expect(weekdays(""numeric"")).toStrictEqual([""1"", ""2"", ""3"", ""4"", ""5"", ""6"", ""7""]);
> 127 |   expect(weekdays(null)).toStrictEqual(null);
      |         ^ Eager Test
  128 | });
  129 |
  130 | test(""eras"", () => {"
/home/gabriel/Disk/Research/research-javascript-test-smells/repositories/luxon/test/impl/english.test.js,Eager Test,"{'line': 131, 'column': 9, 'index': 5844}","  129 |
  130 | test(""eras"", () => {
> 131 |   expect(eras(""narrow"")).toStrictEqual([""B"", ""A""]);
      |         ^ Eager Test
  132 |   expect(eras(""short"")).toStrictEqual([""BC"", ""AD""]);
  133 |   expect(eras(""long"")).toStrictEqual([""Before Christ"", ""Anno Domini""]);
  134 |   expect(eras(""default"")).toStrictEqual(null);"
/home/gabriel/Disk/Research/research-javascript-test-smells/repositories/luxon/test/impl/english.test.js,Eager Test,"{'line': 132, 'column': 9, 'index': 5896}","  130 | test(""eras"", () => {
  131 |   expect(eras(""narrow"")).toStrictEqual([""B"", ""A""]);
> 132 |   expect(eras(""short"")).toStrictEqual([""BC"", ""AD""]);
      |         ^ Eager Test
  133 |   expect(eras(""long"")).toStrictEqual([""Before Christ"", ""Anno Domini""]);
  134 |   expect(eras(""default"")).toStrictEqual(null);
  135 | });"
/home/gabriel/Disk/Research/research-javascript-test-smells/repositories/luxon/test/impl/english.test.js,Eager Test,"{'line': 133, 'column': 9, 'index': 5949}","  131 |   expect(eras(""narrow"")).toStrictEqual([""B"", ""A""]);
  132 |   expect(eras(""short"")).toStrictEqual([""BC"", ""AD""]);
> 133 |   expect(eras(""long"")).toStrictEqual([""Before Christ"", ""Anno Domini""]);
      |         ^ Eager Test
  134 |   expect(eras(""default"")).toStrictEqual(null);
  135 | });
  136 |"
/home/gabriel/Disk/Research/research-javascript-test-smells/repositories/luxon/test/impl/english.test.js,Eager Test,"{'line': 134, 'column': 9, 'index': 6021}","  132 |   expect(eras(""short"")).toStrictEqual([""BC"", ""AD""]);
  133 |   expect(eras(""long"")).toStrictEqual([""Before Christ"", ""Anno Domini""]);
> 134 |   expect(eras(""default"")).toStrictEqual(null);
      |         ^ Eager Test
  135 | });
  136 |"
/home/gabriel/Disk/Research/research-javascript-test-smells/repositories/luxon/test/impl/english.test.js,Lazy Test,"{'line': 6, 'column': 9, 'index': 199}","  4 |
  5 | test(""today"", () => {
> 6 |   expect(formatRelativeTime(""days"", 0, ""auto"")).toBe(""today"");
    |         ^ Lazy Test
  7 |   expect(formatRelativeTime(""days"", 0, ""always"")).toBe(""in 0 days"");
  8 | });
  9 |"
/home/gabriel/Disk/Research/research-javascript-test-smells/repositories/luxon/test/impl/english.test.js,Lazy Test,"{'line': 11, 'column': 9, 'index': 361}","   9 |
  10 | test(""tomorrow"", () => {
> 11 |   expect(formatRelativeTime(""days"", 1, ""auto"")).toBe(""tomorrow"");
     |         ^ Lazy Test
  12 |   expect(formatRelativeTime(""days"", 1, ""always"")).toBe(""in 1 day"");
  13 | });
  14 |"
/home/gabriel/Disk/Research/research-javascript-test-smells/repositories/luxon/test/impl/english.test.js,Lazy Test,"{'line': 17, 'column': 11, 'index': 624}","  15 | describe(""when the relative time is one day ago"", () => {
  16 |   it(""should return 'yesterday' when format is 'auto'"", () => {
> 17 |     expect(formatRelativeTime(""days"", -1, ""auto"")).toBe(""yesterday"");
     |           ^ Lazy Test
  18 |   });
  19 |
  20 |   it(""should return '1 day ago' when format is 'always'"", () => {"
/home/gabriel/Disk/Research/research-javascript-test-smells/repositories/luxon/test/impl/english.test.js,Lazy Test,"{'line': 21, 'column': 11, 'index': 767}","  19 |
  20 |   it(""should return '1 day ago' when format is 'always'"", () => {
> 21 |     expect(formatRelativeTime(""days"", -1, ""always"")).toBe(""1 day ago"");
     |           ^ Lazy Test
  22 |   });
  23 | });;
  24 |"
/home/gabriel/Disk/Research/research-javascript-test-smells/repositories/luxon/test/impl/english.test.js,Lazy Test,"{'line': 26, 'column': 9, 'index': 877}","  24 |
  25 | test(""in 0.5 days"", () => {
> 26 |   expect(formatRelativeTime(""days"", 1.5, ""auto"")).toBe(""in 1.5 days"");
     |         ^ Lazy Test
  27 |   expect(formatRelativeTime(""days"", 1.5, ""always"")).toBe(""in 1.5 days"");
  28 | });
  29 |"
/home/gabriel/Disk/Research/research-javascript-test-smells/repositories/luxon/test/impl/english.test.js,Lazy Test,"{'line': 31, 'column': 9, 'index': 1055}","  29 |
  30 | test(""0.5 days ago"", () => {
> 31 |   expect(formatRelativeTime(""days"", -1.5, ""auto"")).toBe(""1.5 days ago"");
     |         ^ Lazy Test
  32 |   expect(formatRelativeTime(""days"", -1.5, ""always"")).toBe(""1.5 days ago"");
  33 | });
  34 |"
/home/gabriel/Disk/Research/research-javascript-test-smells/repositories/luxon/test/impl/english.test.js,Lazy Test,"{'line': 36, 'column': 9, 'index': 1235}","  34 |
  35 | test(""2 days ago"", () => {
> 36 |   expect(formatRelativeTime(""days"", -2, ""auto"")).toBe(""2 days ago"");
     |         ^ Lazy Test
  37 |   expect(formatRelativeTime(""days"", -2, ""always"")).toBe(""2 days ago"");
  38 | });
  39 |"
/home/gabriel/Disk/Research/research-javascript-test-smells/repositories/luxon/test/impl/english.test.js,Lazy Test,"{'line': 41, 'column': 9, 'index': 1407}","  39 |
  40 | test(""this month"", () => {
> 41 |   expect(formatRelativeTime(""months"", 0, ""auto"")).toBe(""this month"");
     |         ^ Lazy Test
  42 |   expect(formatRelativeTime(""months"", 0, ""always"")).toBe(""in 0 months"");
  43 |   expect(formatRelativeTime(""months"", -0, ""always"")).toBe(""0 months ago"");
  44 |   expect(formatRelativeTime(""months"", 0, ""always"", true)).toBe(""in 0 mo."");"
/home/gabriel/Disk/Research/research-javascript-test-smells/repositories/luxon/test/impl/english.test.js,Lazy Test,"{'line': 49, 'column': 9, 'index': 1811}","  47 |
  48 | test(""next month"", () => {
> 49 |   expect(formatRelativeTime(""months"", 1, ""auto"")).toBe(""next month"");
     |         ^ Lazy Test
  50 |   expect(formatRelativeTime(""months"", 1, ""auto"", true)).toBe(""next month"");
  51 |   expect(formatRelativeTime(""months"", 1, ""always"")).toBe(""in 1 month"");
  52 |   expect(formatRelativeTime(""months"", 1, ""always"", true)).toBe(""in 1 mo."");"
/home/gabriel/Disk/Research/research-javascript-test-smells/repositories/luxon/test/impl/english.test.js,Lazy Test,"{'line': 56, 'column': 9, 'index': 2137}","  54 |
  55 | test(""last month"", () => {
> 56 |   expect(formatRelativeTime(""months"", -1, ""auto"")).toBe(""last month"");
     |         ^ Lazy Test
  57 |   expect(formatRelativeTime(""months"", -1, ""auto"", true)).toBe(""last month"");
  58 |   expect(formatRelativeTime(""months"", -1, ""always"")).toBe(""1 month ago"");
  59 |   expect(formatRelativeTime(""months"", -1, ""always"", true)).toBe(""1 mo. ago"");"
/home/gabriel/Disk/Research/research-javascript-test-smells/repositories/luxon/test/impl/english.test.js,Lazy Test,"{'line': 63, 'column': 9, 'index': 2470}","  61 |
  62 | test(""in 3 months"", () => {
> 63 |   expect(formatRelativeTime(""months"", 3, ""auto"")).toBe(""in 3 months"");
     |         ^ Lazy Test
  64 |   expect(formatRelativeTime(""months"", 3, ""auto"", true)).toBe(""in 3 mo."");
  65 |   expect(formatRelativeTime(""months"", 3, ""always"")).toBe(""in 3 months"");
  66 |   expect(formatRelativeTime(""months"", 3, ""always"", true)).toBe(""in 3 mo."");"
/home/gabriel/Disk/Research/research-javascript-test-smells/repositories/luxon/test/impl/english.test.js,Lazy Test,"{'line': 70, 'column': 9, 'index': 2795}","  68 |
  69 | test(""in 1 hour"", () => {
> 70 |   expect(formatRelativeTime(""hours"", 1, ""auto"")).toBe(""in 1 hour"");
     |         ^ Lazy Test
  71 |   expect(formatRelativeTime(""hours"", 1, ""always"")).toBe(""in 1 hour"");
  72 | });
  73 |"
/home/gabriel/Disk/Research/research-javascript-test-smells/repositories/luxon/test/impl/english.test.js,Lazy Test,"{'line': 75, 'column': 9, 'index': 2964}","  73 |
  74 | test(""in 1 hour"", () => {
> 75 |   expect(formatRelativeTime(""hours"", 1, ""auto"")).toBe(""in 1 hour"");
     |         ^ Lazy Test
  76 |   expect(formatRelativeTime(""hours"", 1, ""auto"", true)).toBe(""in 1 hr."");
  77 |   expect(formatRelativeTime(""hours"", 1, ""always"")).toBe(""in 1 hour"");
  78 |   expect(formatRelativeTime(""hours"", 1, ""always"", true)).toBe(""in 1 hr."");"
/home/gabriel/Disk/Research/research-javascript-test-smells/repositories/luxon/test/impl/english.test.js,Lazy Test,"{'line': 82, 'column': 9, 'index': 3282}","  80 |
  81 | test(""1 hour ago"", () => {
> 82 |   expect(formatRelativeTime(""hours"", -1, ""auto"")).toBe(""1 hour ago"");
     |         ^ Lazy Test
  83 |   expect(formatRelativeTime(""hours"", -1, ""auto"", true)).toBe(""1 hr. ago"");
  84 |   expect(formatRelativeTime(""hours"", -1, ""always"")).toBe(""1 hour ago"");
  85 |   expect(formatRelativeTime(""hours"", -1, ""always"", true)).toBe(""1 hr. ago"");"
/home/gabriel/Disk/Research/research-javascript-test-smells/repositories/luxon/test/duration/create.test.js,Duplicate Assert,"{'line': 116, 'column': 2, 'index': 3420}","  114 | it(""Duration.fromDurationLike returns a Duration from millis"", () => {
  115 |   const dur = Duration.fromDurationLike(1000);
> 116 |   expect(dur).toBeInstanceOf(Duration);
      |  ^ Duplicate Assert
  117 |   expect(dur).toMatchInlineSnapshot(`""PT1S""`);
  118 | });
  119 |"
/home/gabriel/Disk/Research/research-javascript-test-smells/repositories/luxon/test/duration/create.test.js,Duplicate Assert,"{'line': 117, 'column': 2, 'index': 3460}","  115 |   const dur = Duration.fromDurationLike(1000);
  116 |   expect(dur).toBeInstanceOf(Duration);
> 117 |   expect(dur).toMatchInlineSnapshot(`""PT1S""`);
      |  ^ Duplicate Assert
  118 | });
  119 |
  120 | it(""Duration.fromDurationLike returns a Duration from object"", () => {"
/home/gabriel/Disk/Research/research-javascript-test-smells/repositories/luxon/test/duration/create.test.js,Magic Number,"{'line': 18, 'column': 25, 'index': 339}","  16 |     milliseconds: 7,
  17 |   });
> 18 |   expect(dur.years).toBe(1);
     |                         ^ Magic Number
  19 |   expect(dur.months).toBe(2);
  20 |   expect(dur.days).toBe(3);
  21 |   expect(dur.hours).toBe(4);"
/home/gabriel/Disk/Research/research-javascript-test-smells/repositories/luxon/test/duration/create.test.js,Magic Number,"{'line': 19, 'column': 26, 'index': 369}","  17 |   });
  18 |   expect(dur.years).toBe(1);
> 19 |   expect(dur.months).toBe(2);
     |                          ^ Magic Number
  20 |   expect(dur.days).toBe(3);
  21 |   expect(dur.hours).toBe(4);
  22 |   expect(dur.minutes).toBe(5);"
/home/gabriel/Disk/Research/research-javascript-test-smells/repositories/luxon/test/duration/create.test.js,Magic Number,"{'line': 20, 'column': 24, 'index': 397}","  18 |   expect(dur.years).toBe(1);
  19 |   expect(dur.months).toBe(2);
> 20 |   expect(dur.days).toBe(3);
     |                        ^ Magic Number
  21 |   expect(dur.hours).toBe(4);
  22 |   expect(dur.minutes).toBe(5);
  23 |   expect(dur.seconds).toBe(6);"
/home/gabriel/Disk/Research/research-javascript-test-smells/repositories/luxon/test/duration/create.test.js,Magic Number,"{'line': 21, 'column': 25, 'index': 426}","  19 |   expect(dur.months).toBe(2);
  20 |   expect(dur.days).toBe(3);
> 21 |   expect(dur.hours).toBe(4);
     |                         ^ Magic Number
  22 |   expect(dur.minutes).toBe(5);
  23 |   expect(dur.seconds).toBe(6);
  24 |   expect(dur.milliseconds).toBe(7);"
/home/gabriel/Disk/Research/research-javascript-test-smells/repositories/luxon/test/duration/create.test.js,Magic Number,"{'line': 22, 'column': 27, 'index': 457}","  20 |   expect(dur.days).toBe(3);
  21 |   expect(dur.hours).toBe(4);
> 22 |   expect(dur.minutes).toBe(5);
     |                           ^ Magic Number
  23 |   expect(dur.seconds).toBe(6);
  24 |   expect(dur.milliseconds).toBe(7);
  25 | });"
/home/gabriel/Disk/Research/research-javascript-test-smells/repositories/luxon/test/duration/create.test.js,Magic Number,"{'line': 23, 'column': 27, 'index': 488}","  21 |   expect(dur.hours).toBe(4);
  22 |   expect(dur.minutes).toBe(5);
> 23 |   expect(dur.seconds).toBe(6);
     |                           ^ Magic Number
  24 |   expect(dur.milliseconds).toBe(7);
  25 | });
  26 |"
/home/gabriel/Disk/Research/research-javascript-test-smells/repositories/luxon/test/duration/create.test.js,Magic Number,"{'line': 24, 'column': 32, 'index': 524}","  22 |   expect(dur.minutes).toBe(5);
  23 |   expect(dur.seconds).toBe(6);
> 24 |   expect(dur.milliseconds).toBe(7);
     |                                ^ Magic Number
  25 | });
  26 |
  27 | test(""Duration.fromObject sets all the fractional values"", () => {"
/home/gabriel/Disk/Research/research-javascript-test-smells/repositories/luxon/test/duration/create.test.js,Magic Number,"{'line': 34, 'column': 25, 'index': 725}","  32 |     hours: 4.5,
  33 |   });
> 34 |   expect(dur.years).toBe(1);
     |                         ^ Magic Number
  35 |   expect(dur.months).toBe(2);
  36 |   expect(dur.days).toBe(3);
  37 |   expect(dur.hours).toBe(4.5);"
/home/gabriel/Disk/Research/research-javascript-test-smells/repositories/luxon/test/duration/create.test.js,Magic Number,"{'line': 35, 'column': 26, 'index': 755}","  33 |   });
  34 |   expect(dur.years).toBe(1);
> 35 |   expect(dur.months).toBe(2);
     |                          ^ Magic Number
  36 |   expect(dur.days).toBe(3);
  37 |   expect(dur.hours).toBe(4.5);
  38 |   expect(dur.minutes).toBe(0);"
/home/gabriel/Disk/Research/research-javascript-test-smells/repositories/luxon/test/duration/create.test.js,Magic Number,"{'line': 36, 'column': 24, 'index': 783}","  34 |   expect(dur.years).toBe(1);
  35 |   expect(dur.months).toBe(2);
> 36 |   expect(dur.days).toBe(3);
     |                        ^ Magic Number
  37 |   expect(dur.hours).toBe(4.5);
  38 |   expect(dur.minutes).toBe(0);
  39 |   expect(dur.seconds).toBe(0);"
/home/gabriel/Disk/Research/research-javascript-test-smells/repositories/luxon/test/duration/create.test.js,Magic Number,"{'line': 37, 'column': 25, 'index': 812}","  35 |   expect(dur.months).toBe(2);
  36 |   expect(dur.days).toBe(3);
> 37 |   expect(dur.hours).toBe(4.5);
     |                         ^ Magic Number
  38 |   expect(dur.minutes).toBe(0);
  39 |   expect(dur.seconds).toBe(0);
  40 |   expect(dur.milliseconds).toBe(0);"
/home/gabriel/Disk/Research/research-javascript-test-smells/repositories/luxon/test/duration/create.test.js,Magic Number,"{'line': 38, 'column': 27, 'index': 845}","  36 |   expect(dur.days).toBe(3);
  37 |   expect(dur.hours).toBe(4.5);
> 38 |   expect(dur.minutes).toBe(0);
     |                           ^ Magic Number
  39 |   expect(dur.seconds).toBe(0);
  40 |   expect(dur.milliseconds).toBe(0);
  41 | });"
/home/gabriel/Disk/Research/research-javascript-test-smells/repositories/luxon/test/duration/create.test.js,Magic Number,"{'line': 39, 'column': 27, 'index': 876}","  37 |   expect(dur.hours).toBe(4.5);
  38 |   expect(dur.minutes).toBe(0);
> 39 |   expect(dur.seconds).toBe(0);
     |                           ^ Magic Number
  40 |   expect(dur.milliseconds).toBe(0);
  41 | });
  42 |"
/home/gabriel/Disk/Research/research-javascript-test-smells/repositories/luxon/test/duration/create.test.js,Magic Number,"{'line': 40, 'column': 32, 'index': 912}","  38 |   expect(dur.minutes).toBe(0);
  39 |   expect(dur.seconds).toBe(0);
> 40 |   expect(dur.milliseconds).toBe(0);
     |                                ^ Magic Number
  41 | });
  42 |
  43 | test(""Duration.fromObject sets all the values from the object having string type values"", () => {"
/home/gabriel/Disk/Research/research-javascript-test-smells/repositories/luxon/test/duration/create.test.js,Magic Number,"{'line': 53, 'column': 25, 'index': 1209}","  51 |     milliseconds: ""7"",
  52 |   });
> 53 |   expect(dur.years).toBe(1);
     |                         ^ Magic Number
  54 |   expect(dur.months).toBe(2);
  55 |   expect(dur.days).toBe(3);
  56 |   expect(dur.hours).toBe(4);"
/home/gabriel/Disk/Research/research-javascript-test-smells/repositories/luxon/test/duration/create.test.js,Magic Number,"{'line': 54, 'column': 26, 'index': 1239}","  52 |   });
  53 |   expect(dur.years).toBe(1);
> 54 |   expect(dur.months).toBe(2);
     |                          ^ Magic Number
  55 |   expect(dur.days).toBe(3);
  56 |   expect(dur.hours).toBe(4);
  57 |   expect(dur.minutes).toBe(5);"
/home/gabriel/Disk/Research/research-javascript-test-smells/repositories/luxon/test/duration/create.test.js,Magic Number,"{'line': 55, 'column': 24, 'index': 1267}","  53 |   expect(dur.years).toBe(1);
  54 |   expect(dur.months).toBe(2);
> 55 |   expect(dur.days).toBe(3);
     |                        ^ Magic Number
  56 |   expect(dur.hours).toBe(4);
  57 |   expect(dur.minutes).toBe(5);
  58 |   expect(dur.seconds).toBe(6);"
/home/gabriel/Disk/Research/research-javascript-test-smells/repositories/luxon/test/duration/create.test.js,Magic Number,"{'line': 56, 'column': 25, 'index': 1296}","  54 |   expect(dur.months).toBe(2);
  55 |   expect(dur.days).toBe(3);
> 56 |   expect(dur.hours).toBe(4);
     |                         ^ Magic Number
  57 |   expect(dur.minutes).toBe(5);
  58 |   expect(dur.seconds).toBe(6);
  59 |   expect(dur.milliseconds).toBe(7);"
/home/gabriel/Disk/Research/research-javascript-test-smells/repositories/luxon/test/duration/create.test.js,Magic Number,"{'line': 57, 'column': 27, 'index': 1327}","  55 |   expect(dur.days).toBe(3);
  56 |   expect(dur.hours).toBe(4);
> 57 |   expect(dur.minutes).toBe(5);
     |                           ^ Magic Number
  58 |   expect(dur.seconds).toBe(6);
  59 |   expect(dur.milliseconds).toBe(7);
  60 | });"
/home/gabriel/Disk/Research/research-javascript-test-smells/repositories/luxon/test/duration/create.test.js,Magic Number,"{'line': 58, 'column': 27, 'index': 1358}","  56 |   expect(dur.hours).toBe(4);
  57 |   expect(dur.minutes).toBe(5);
> 58 |   expect(dur.seconds).toBe(6);
     |                           ^ Magic Number
  59 |   expect(dur.milliseconds).toBe(7);
  60 | });
  61 |"
/home/gabriel/Disk/Research/research-javascript-test-smells/repositories/luxon/test/duration/create.test.js,Magic Number,"{'line': 59, 'column': 32, 'index': 1394}","  57 |   expect(dur.minutes).toBe(5);
  58 |   expect(dur.seconds).toBe(6);
> 59 |   expect(dur.milliseconds).toBe(7);
     |                                ^ Magic Number
  60 | });
  61 |
  62 | test(""Duration.fromObject accepts a conversionAccuracy"", () => {"
/home/gabriel/Disk/Research/research-javascript-test-smells/repositories/luxon/test/duration/create.test.js,Magic Number,"{'line': 75, 'column': 25, 'index': 1974}","  73 | test(""Duration.fromObject({}) constructs zero duration"", () => {
  74 |   const dur = Duration.fromObject({});
> 75 |   expect(dur.years).toBe(0);
     |                         ^ Magic Number
  76 |   expect(dur.months).toBe(0);
  77 |   expect(dur.days).toBe(0);
  78 |   expect(dur.hours).toBe(0);"
/home/gabriel/Disk/Research/research-javascript-test-smells/repositories/luxon/test/duration/create.test.js,Magic Number,"{'line': 76, 'column': 26, 'index': 2004}","  74 |   const dur = Duration.fromObject({});
  75 |   expect(dur.years).toBe(0);
> 76 |   expect(dur.months).toBe(0);
     |                          ^ Magic Number
  77 |   expect(dur.days).toBe(0);
  78 |   expect(dur.hours).toBe(0);
  79 |   expect(dur.minutes).toBe(0);"
/home/gabriel/Disk/Research/research-javascript-test-smells/repositories/luxon/test/duration/create.test.js,Magic Number,"{'line': 77, 'column': 24, 'index': 2032}","  75 |   expect(dur.years).toBe(0);
  76 |   expect(dur.months).toBe(0);
> 77 |   expect(dur.days).toBe(0);
     |                        ^ Magic Number
  78 |   expect(dur.hours).toBe(0);
  79 |   expect(dur.minutes).toBe(0);
  80 |   expect(dur.seconds).toBe(0);"
/home/gabriel/Disk/Research/research-javascript-test-smells/repositories/luxon/test/duration/create.test.js,Magic Number,"{'line': 78, 'column': 25, 'index': 2061}","  76 |   expect(dur.months).toBe(0);
  77 |   expect(dur.days).toBe(0);
> 78 |   expect(dur.hours).toBe(0);
     |                         ^ Magic Number
  79 |   expect(dur.minutes).toBe(0);
  80 |   expect(dur.seconds).toBe(0);
  81 |   expect(dur.milliseconds).toBe(0);"
/home/gabriel/Disk/Research/research-javascript-test-smells/repositories/luxon/test/duration/create.test.js,Magic Number,"{'line': 79, 'column': 27, 'index': 2092}","  77 |   expect(dur.days).toBe(0);
  78 |   expect(dur.hours).toBe(0);
> 79 |   expect(dur.minutes).toBe(0);
     |                           ^ Magic Number
  80 |   expect(dur.seconds).toBe(0);
  81 |   expect(dur.milliseconds).toBe(0);
  82 | });"
/home/gabriel/Disk/Research/research-javascript-test-smells/repositories/luxon/test/duration/create.test.js,Magic Number,"{'line': 80, 'column': 27, 'index': 2123}","  78 |   expect(dur.hours).toBe(0);
  79 |   expect(dur.minutes).toBe(0);
> 80 |   expect(dur.seconds).toBe(0);
     |                           ^ Magic Number
  81 |   expect(dur.milliseconds).toBe(0);
  82 | });
  83 |"
/home/gabriel/Disk/Research/research-javascript-test-smells/repositories/luxon/test/duration/create.test.js,Magic Number,"{'line': 81, 'column': 32, 'index': 2159}","  79 |   expect(dur.minutes).toBe(0);
  80 |   expect(dur.seconds).toBe(0);
> 81 |   expect(dur.milliseconds).toBe(0);
     |                                ^ Magic Number
  82 | });
  83 |
  84 | test(""Duration.fromObject throws if the initial object has invalid keys"", () => {"
/home/gabriel/Disk/Research/research-javascript-test-smells/repositories/luxon/test/duration/create.test.js,Magic Number,"{'line': 100, 'column': 25, 'index': 3029}","   98 | test(""Duration.fromObject is valid if providing options only"", () => {
   99 |   const dur = Duration.fromObject({}, { conversionAccuracy: ""longterm"" });
> 100 |   expect(dur.years).toBe(0);
      |                         ^ Magic Number
  101 |   expect(dur.months).toBe(0);
  102 |   expect(dur.days).toBe(0);
  103 |   expect(dur.hours).toBe(0);"
/home/gabriel/Disk/Research/research-javascript-test-smells/repositories/luxon/test/duration/create.test.js,Magic Number,"{'line': 101, 'column': 26, 'index': 3059}","   99 |   const dur = Duration.fromObject({}, { conversionAccuracy: ""longterm"" });
  100 |   expect(dur.years).toBe(0);
> 101 |   expect(dur.months).toBe(0);
      |                          ^ Magic Number
  102 |   expect(dur.days).toBe(0);
  103 |   expect(dur.hours).toBe(0);
  104 |   expect(dur.minutes).toBe(0);"
/home/gabriel/Disk/Research/research-javascript-test-smells/repositories/luxon/test/duration/create.test.js,Magic Number,"{'line': 102, 'column': 24, 'index': 3087}","  100 |   expect(dur.years).toBe(0);
  101 |   expect(dur.months).toBe(0);
> 102 |   expect(dur.days).toBe(0);
      |                        ^ Magic Number
  103 |   expect(dur.hours).toBe(0);
  104 |   expect(dur.minutes).toBe(0);
  105 |   expect(dur.seconds).toBe(0);"
/home/gabriel/Disk/Research/research-javascript-test-smells/repositories/luxon/test/duration/create.test.js,Magic Number,"{'line': 103, 'column': 25, 'index': 3116}","  101 |   expect(dur.months).toBe(0);
  102 |   expect(dur.days).toBe(0);
> 103 |   expect(dur.hours).toBe(0);
      |                         ^ Magic Number
  104 |   expect(dur.minutes).toBe(0);
  105 |   expect(dur.seconds).toBe(0);
  106 |   expect(dur.milliseconds).toBe(0);"
/home/gabriel/Disk/Research/research-javascript-test-smells/repositories/luxon/test/duration/create.test.js,Magic Number,"{'line': 104, 'column': 27, 'index': 3147}","  102 |   expect(dur.days).toBe(0);
  103 |   expect(dur.hours).toBe(0);
> 104 |   expect(dur.minutes).toBe(0);
      |                           ^ Magic Number
  105 |   expect(dur.seconds).toBe(0);
  106 |   expect(dur.milliseconds).toBe(0);
  107 |   expect(dur.isValid).toBe(true);"
/home/gabriel/Disk/Research/research-javascript-test-smells/repositories/luxon/test/duration/create.test.js,Magic Number,"{'line': 105, 'column': 27, 'index': 3178}","  103 |   expect(dur.hours).toBe(0);
  104 |   expect(dur.minutes).toBe(0);
> 105 |   expect(dur.seconds).toBe(0);
      |                           ^ Magic Number
  106 |   expect(dur.milliseconds).toBe(0);
  107 |   expect(dur.isValid).toBe(true);
  108 | });"
/home/gabriel/Disk/Research/research-javascript-test-smells/repositories/luxon/test/duration/create.test.js,Magic Number,"{'line': 106, 'column': 32, 'index': 3214}","  104 |   expect(dur.minutes).toBe(0);
  105 |   expect(dur.seconds).toBe(0);
> 106 |   expect(dur.milliseconds).toBe(0);
      |                                ^ Magic Number
  107 |   expect(dur.isValid).toBe(true);
  108 | });
  109 |"
/home/gabriel/Disk/Research/research-javascript-test-smells/repositories/luxon/test/datetime/localeWeek.test.js,Magic Number,"{'line': 99, 'column': 36, 'index': 3905}","   97 |   test(""Jan  1 2012 should be week 52, year 2011"", () => {
   98 |     const dt = DateTime.fromISO(""2012-01-01"", { locale: ""de-DE"" });
>  99 |     expect(dt.localWeekNumber).toBe(52);
      |                                    ^ Magic Number
  100 |     expect(dt.localWeekYear).toBe(2011);
  101 |   });
  102 |   test(""Jan  2 2012 should be week 1, year 2012"", () => {"
/home/gabriel/Disk/Research/research-javascript-test-smells/repositories/luxon/test/datetime/localeWeek.test.js,Magic Number,"{'line': 100, 'column': 34, 'index': 3944}","   98 |     const dt = DateTime.fromISO(""2012-01-01"", { locale: ""de-DE"" });
   99 |     expect(dt.localWeekNumber).toBe(52);
> 100 |     expect(dt.localWeekYear).toBe(2011);
      |                                  ^ Magic Number
  101 |   });
  102 |   test(""Jan  2 2012 should be week 1, year 2012"", () => {
  103 |     const dt = DateTime.fromISO(""2012-01-02"", { locale: ""de-DE"" });"
/home/gabriel/Disk/Research/research-javascript-test-smells/repositories/luxon/test/datetime/localeWeek.test.js,Magic Number,"{'line': 104, 'column': 36, 'index': 4119}","  102 |   test(""Jan  2 2012 should be week 1, year 2012"", () => {
  103 |     const dt = DateTime.fromISO(""2012-01-02"", { locale: ""de-DE"" });
> 104 |     expect(dt.localWeekNumber).toBe(1);
      |                                    ^ Magic Number
  105 |     expect(dt.localWeekYear).toBe(2012);
  106 |   });
  107 |   test(""Jan  8 2012 should be week 1, year 2012"", () => {"
/home/gabriel/Disk/Research/research-javascript-test-smells/repositories/luxon/test/datetime/localeWeek.test.js,Magic Number,"{'line': 105, 'column': 34, 'index': 4157}","  103 |     const dt = DateTime.fromISO(""2012-01-02"", { locale: ""de-DE"" });
  104 |     expect(dt.localWeekNumber).toBe(1);
> 105 |     expect(dt.localWeekYear).toBe(2012);
      |                                  ^ Magic Number
  106 |   });
  107 |   test(""Jan  8 2012 should be week 1, year 2012"", () => {
  108 |     const dt = DateTime.fromISO(""2012-01-08"", { locale: ""de-DE"" });"
/home/gabriel/Disk/Research/research-javascript-test-smells/repositories/luxon/test/datetime/localeWeek.test.js,Magic Number,"{'line': 109, 'column': 36, 'index': 4332}","  107 |   test(""Jan  8 2012 should be week 1, year 2012"", () => {
  108 |     const dt = DateTime.fromISO(""2012-01-08"", { locale: ""de-DE"" });
> 109 |     expect(dt.localWeekNumber).toBe(1);
      |                                    ^ Magic Number
  110 |     expect(dt.localWeekYear).toBe(2012);
  111 |   });
  112 |   test(""Jan  9 2012 should be week 2, year 2012"", () => {"
/home/gabriel/Disk/Research/research-javascript-test-smells/repositories/luxon/test/datetime/localeWeek.test.js,Magic Number,"{'line': 110, 'column': 34, 'index': 4370}","  108 |     const dt = DateTime.fromISO(""2012-01-08"", { locale: ""de-DE"" });
  109 |     expect(dt.localWeekNumber).toBe(1);
> 110 |     expect(dt.localWeekYear).toBe(2012);
      |                                  ^ Magic Number
  111 |   });
  112 |   test(""Jan  9 2012 should be week 2, year 2012"", () => {
  113 |     const dt = DateTime.fromISO(""2012-01-09"", { locale: ""de-DE"" });"
/home/gabriel/Disk/Research/research-javascript-test-smells/repositories/luxon/test/datetime/localeWeek.test.js,Magic Number,"{'line': 114, 'column': 36, 'index': 4545}","  112 |   test(""Jan  9 2012 should be week 2, year 2012"", () => {
  113 |     const dt = DateTime.fromISO(""2012-01-09"", { locale: ""de-DE"" });
> 114 |     expect(dt.localWeekNumber).toBe(2);
      |                                    ^ Magic Number
  115 |     expect(dt.localWeekYear).toBe(2012);
  116 |   });
  117 |   test(""Jan  15 2012 should be week 2, year 2012"", () => {"
/home/gabriel/Disk/Research/research-javascript-test-smells/repositories/luxon/test/datetime/localeWeek.test.js,Magic Number,"{'line': 115, 'column': 34, 'index': 4583}","  113 |     const dt = DateTime.fromISO(""2012-01-09"", { locale: ""de-DE"" });
  114 |     expect(dt.localWeekNumber).toBe(2);
> 115 |     expect(dt.localWeekYear).toBe(2012);
      |                                  ^ Magic Number
  116 |   });
  117 |   test(""Jan  15 2012 should be week 2, year 2012"", () => {
  118 |     const dt = DateTime.fromISO(""2012-01-15"", { locale: ""de-DE"" });"
/home/gabriel/Disk/Research/research-javascript-test-smells/repositories/luxon/test/datetime/localeWeek.test.js,Magic Number,"{'line': 119, 'column': 36, 'index': 4759}","  117 |   test(""Jan  15 2012 should be week 2, year 2012"", () => {
  118 |     const dt = DateTime.fromISO(""2012-01-15"", { locale: ""de-DE"" });
> 119 |     expect(dt.localWeekNumber).toBe(2);
      |                                    ^ Magic Number
  120 |     expect(dt.localWeekYear).toBe(2012);
  121 |   });
  122 | });"
/home/gabriel/Disk/Research/research-javascript-test-smells/repositories/luxon/test/datetime/localeWeek.test.js,Magic Number,"{'line': 120, 'column': 34, 'index': 4797}","  118 |     const dt = DateTime.fromISO(""2012-01-15"", { locale: ""de-DE"" });
  119 |     expect(dt.localWeekNumber).toBe(2);
> 120 |     expect(dt.localWeekYear).toBe(2012);
      |                                  ^ Magic Number
  121 |   });
  122 | });
  123 |"
/home/gabriel/Disk/Research/research-javascript-test-smells/repositories/luxon/test/datetime/localeWeek.test.js,Magic Number,"{'line': 127, 'column': 36, 'index': 5029}","  125 |   test(""Jan  1 2012 should be week 1, year 2012"", () => {
  126 |     const dt = DateTime.fromISO(""2012-01-01"", { locale: ""en-US"" });
> 127 |     expect(dt.localWeekNumber).toBe(1);
      |                                    ^ Magic Number
  128 |     expect(dt.localWeekYear).toBe(2012);
  129 |   });
  130 |   test(""Jan  7 2012 should be week 1, year 2012"", () => {"
/home/gabriel/Disk/Research/research-javascript-test-smells/repositories/luxon/test/datetime/localeWeek.test.js,Magic Number,"{'line': 128, 'column': 34, 'index': 5067}","  126 |     const dt = DateTime.fromISO(""2012-01-01"", { locale: ""en-US"" });
  127 |     expect(dt.localWeekNumber).toBe(1);
> 128 |     expect(dt.localWeekYear).toBe(2012);
      |                                  ^ Magic Number
  129 |   });
  130 |   test(""Jan  7 2012 should be week 1, year 2012"", () => {
  131 |     const dt = DateTime.fromISO(""2012-01-07"", { locale: ""en-US"" });"
/home/gabriel/Disk/Research/research-javascript-test-smells/repositories/luxon/test/datetime/localeWeek.test.js,Magic Number,"{'line': 132, 'column': 36, 'index': 5242}","  130 |   test(""Jan  7 2012 should be week 1, year 2012"", () => {
  131 |     const dt = DateTime.fromISO(""2012-01-07"", { locale: ""en-US"" });
> 132 |     expect(dt.localWeekNumber).toBe(1);
      |                                    ^ Magic Number
  133 |     expect(dt.localWeekYear).toBe(2012);
  134 |   });
  135 |   test(""Jan  8 2012 should be week 2, year 2012"", () => {"
/home/gabriel/Disk/Research/research-javascript-test-smells/repositories/luxon/test/datetime/localeWeek.test.js,Magic Number,"{'line': 133, 'column': 34, 'index': 5280}","  131 |     const dt = DateTime.fromISO(""2012-01-07"", { locale: ""en-US"" });
  132 |     expect(dt.localWeekNumber).toBe(1);
> 133 |     expect(dt.localWeekYear).toBe(2012);
      |                                  ^ Magic Number
  134 |   });
  135 |   test(""Jan  8 2012 should be week 2, year 2012"", () => {
  136 |     const dt = DateTime.fromISO(""2012-01-08"", { locale: ""en-US"" });"
/home/gabriel/Disk/Research/research-javascript-test-smells/repositories/luxon/test/datetime/localeWeek.test.js,Magic Number,"{'line': 137, 'column': 36, 'index': 5455}","  135 |   test(""Jan  8 2012 should be week 2, year 2012"", () => {
  136 |     const dt = DateTime.fromISO(""2012-01-08"", { locale: ""en-US"" });
> 137 |     expect(dt.localWeekNumber).toBe(2);
      |                                    ^ Magic Number
  138 |     expect(dt.localWeekYear).toBe(2012);
  139 |   });
  140 |   test(""Jan  14 2012 should be week 2, year 2012"", () => {"
/home/gabriel/Disk/Research/research-javascript-test-smells/repositories/luxon/test/datetime/localeWeek.test.js,Magic Number,"{'line': 138, 'column': 34, 'index': 5493}","  136 |     const dt = DateTime.fromISO(""2012-01-08"", { locale: ""en-US"" });
  137 |     expect(dt.localWeekNumber).toBe(2);
> 138 |     expect(dt.localWeekYear).toBe(2012);
      |                                  ^ Magic Number
  139 |   });
  140 |   test(""Jan  14 2012 should be week 2, year 2012"", () => {
  141 |     const dt = DateTime.fromISO(""2012-01-14"", { locale: ""en-US"" });"
/home/gabriel/Disk/Research/research-javascript-test-smells/repositories/luxon/test/datetime/localeWeek.test.js,Magic Number,"{'line': 142, 'column': 36, 'index': 5669}","  140 |   test(""Jan  14 2012 should be week 2, year 2012"", () => {
  141 |     const dt = DateTime.fromISO(""2012-01-14"", { locale: ""en-US"" });
> 142 |     expect(dt.localWeekNumber).toBe(2);
      |                                    ^ Magic Number
  143 |     expect(dt.localWeekYear).toBe(2012);
  144 |   });
  145 |   test(""Jan  15 2012 should be week 3, year 2012"", () => {"
/home/gabriel/Disk/Research/research-javascript-test-smells/repositories/luxon/test/datetime/localeWeek.test.js,Magic Number,"{'line': 143, 'column': 34, 'index': 5707}","  141 |     const dt = DateTime.fromISO(""2012-01-14"", { locale: ""en-US"" });
  142 |     expect(dt.localWeekNumber).toBe(2);
> 143 |     expect(dt.localWeekYear).toBe(2012);
      |                                  ^ Magic Number
  144 |   });
  145 |   test(""Jan  15 2012 should be week 3, year 2012"", () => {
  146 |     const dt = DateTime.fromISO(""2012-01-15"", { locale: ""en-US"" });"
/home/gabriel/Disk/Research/research-javascript-test-smells/repositories/luxon/test/datetime/localeWeek.test.js,Magic Number,"{'line': 147, 'column': 36, 'index': 5883}","  145 |   test(""Jan  15 2012 should be week 3, year 2012"", () => {
  146 |     const dt = DateTime.fromISO(""2012-01-15"", { locale: ""en-US"" });
> 147 |     expect(dt.localWeekNumber).toBe(3);
      |                                    ^ Magic Number
  148 |     expect(dt.localWeekYear).toBe(2012);
  149 |   });
  150 | });"
/home/gabriel/Disk/Research/research-javascript-test-smells/repositories/luxon/test/datetime/localeWeek.test.js,Magic Number,"{'line': 148, 'column': 34, 'index': 5921}","  146 |     const dt = DateTime.fromISO(""2012-01-15"", { locale: ""en-US"" });
  147 |     expect(dt.localWeekNumber).toBe(3);
> 148 |     expect(dt.localWeekYear).toBe(2012);
      |                                  ^ Magic Number
  149 |   });
  150 | });
  151 |"
/home/gabriel/Disk/Research/research-javascript-test-smells/repositories/luxon/test/datetime/localeWeek.test.js,Magic Number,"{'line': 158, 'column': 33, 'index': 6195}","  156 |   test(""Sunday should be reported as the 1st day of the week"", () => {
  157 |     const dt = DateTime.fromISO(""2023-08-06"", { locale: ""en-US"" });
> 158 |     expect(dt.localWeekday).toBe(1);
      |                                 ^ Magic Number
  159 |   });
  160 |   test(""Monday should be reported as the 2nd day of the week"", () => {
  161 |     const dt = DateTime.fromISO(""2023-08-07"", { locale: ""en-US"" });"
/home/gabriel/Disk/Research/research-javascript-test-smells/repositories/luxon/test/datetime/localeWeek.test.js,Magic Number,"{'line': 162, 'column': 33, 'index': 6377}","  160 |   test(""Monday should be reported as the 2nd day of the week"", () => {
  161 |     const dt = DateTime.fromISO(""2023-08-07"", { locale: ""en-US"" });
> 162 |     expect(dt.localWeekday).toBe(2);
      |                                 ^ Magic Number
  163 |   });
  164 |   test(""Tuesday should be reported as the 3rd day of the week"", () => {
  165 |     const dt = DateTime.fromISO(""2023-08-08"", { locale: ""en-US"" });"
/home/gabriel/Disk/Research/research-javascript-test-smells/repositories/luxon/test/datetime/localeWeek.test.js,Magic Number,"{'line': 166, 'column': 33, 'index': 6560}","  164 |   test(""Tuesday should be reported as the 3rd day of the week"", () => {
  165 |     const dt = DateTime.fromISO(""2023-08-08"", { locale: ""en-US"" });
> 166 |     expect(dt.localWeekday).toBe(3);
      |                                 ^ Magic Number
  167 |   });
  168 |   test(""Wednesday should be reported as the 4th day of the week"", () => {
  169 |     const dt = DateTime.fromISO(""2023-08-09"", { locale: ""en-US"" });"
/home/gabriel/Disk/Research/research-javascript-test-smells/repositories/luxon/test/datetime/localeWeek.test.js,Magic Number,"{'line': 170, 'column': 33, 'index': 6745}","  168 |   test(""Wednesday should be reported as the 4th day of the week"", () => {
  169 |     const dt = DateTime.fromISO(""2023-08-09"", { locale: ""en-US"" });
> 170 |     expect(dt.localWeekday).toBe(4);
      |                                 ^ Magic Number
  171 |   });
  172 |   test(""Thursday should be reported as the 5th day of the week"", () => {
  173 |     const dt = DateTime.fromISO(""2023-08-10"", { locale: ""en-US"" });"
/home/gabriel/Disk/Research/research-javascript-test-smells/repositories/luxon/test/datetime/localeWeek.test.js,Magic Number,"{'line': 174, 'column': 33, 'index': 6929}","  172 |   test(""Thursday should be reported as the 5th day of the week"", () => {
  173 |     const dt = DateTime.fromISO(""2023-08-10"", { locale: ""en-US"" });
> 174 |     expect(dt.localWeekday).toBe(5);
      |                                 ^ Magic Number
  175 |   });
  176 |   test(""Friday should be reported as the 6th day of the week"", () => {
  177 |     const dt = DateTime.fromISO(""2023-08-11"", { locale: ""en-US"" });"
/home/gabriel/Disk/Research/research-javascript-test-smells/repositories/luxon/test/datetime/localeWeek.test.js,Magic Number,"{'line': 178, 'column': 33, 'index': 7111}","  176 |   test(""Friday should be reported as the 6th day of the week"", () => {
  177 |     const dt = DateTime.fromISO(""2023-08-11"", { locale: ""en-US"" });
> 178 |     expect(dt.localWeekday).toBe(6);
      |                                 ^ Magic Number
  179 |   });
  180 |   test(""Saturday should be reported as the 7th day of the week"", () => {
  181 |     const dt = DateTime.fromISO(""2023-08-12"", { locale: ""en-US"" });"
/home/gabriel/Disk/Research/research-javascript-test-smells/repositories/luxon/test/datetime/localeWeek.test.js,Magic Number,"{'line': 182, 'column': 33, 'index': 7295}","  180 |   test(""Saturday should be reported as the 7th day of the week"", () => {
  181 |     const dt = DateTime.fromISO(""2023-08-12"", { locale: ""en-US"" });
> 182 |     expect(dt.localWeekday).toBe(7);
      |                                 ^ Magic Number
  183 |   });
  184 | });
  185 |"
/home/gabriel/Disk/Research/research-javascript-test-smells/repositories/luxon/test/datetime/localeWeek.test.js,Magic Number,"{'line': 189, 'column': 33, 'index': 7531}","  187 |   test(""Monday should be reported as the 1st day of the week"", () => {
  188 |     const dt = DateTime.fromISO(""2023-08-07"", { locale: ""de-DE"" });
> 189 |     expect(dt.localWeekday).toBe(1);
      |                                 ^ Magic Number
  190 |   });
  191 |   test(""Tuesday should be reported as the 2nd day of the week"", () => {
  192 |     const dt = DateTime.fromISO(""2023-08-08"", { locale: ""de-DE"" });"
/home/gabriel/Disk/Research/research-javascript-test-smells/repositories/luxon/test/datetime/localeWeek.test.js,Magic Number,"{'line': 193, 'column': 33, 'index': 7714}","  191 |   test(""Tuesday should be reported as the 2nd day of the week"", () => {
  192 |     const dt = DateTime.fromISO(""2023-08-08"", { locale: ""de-DE"" });
> 193 |     expect(dt.localWeekday).toBe(2);
      |                                 ^ Magic Number
  194 |   });
  195 |   test(""Wednesday should be reported as the 3rd day of the week"", () => {
  196 |     const dt = DateTime.fromISO(""2023-08-09"", { locale: ""de-DE"" });"
/home/gabriel/Disk/Research/research-javascript-test-smells/repositories/luxon/test/datetime/localeWeek.test.js,Magic Number,"{'line': 197, 'column': 33, 'index': 7899}","  195 |   test(""Wednesday should be reported as the 3rd day of the week"", () => {
  196 |     const dt = DateTime.fromISO(""2023-08-09"", { locale: ""de-DE"" });
> 197 |     expect(dt.localWeekday).toBe(3);
      |                                 ^ Magic Number
  198 |   });
  199 |   test(""Thursday should be reported as the 4th day of the week"", () => {
  200 |     const dt = DateTime.fromISO(""2023-08-10"", { locale: ""de-DE"" });"
/home/gabriel/Disk/Research/research-javascript-test-smells/repositories/luxon/test/datetime/localeWeek.test.js,Magic Number,"{'line': 201, 'column': 33, 'index': 8083}","  199 |   test(""Thursday should be reported as the 4th day of the week"", () => {
  200 |     const dt = DateTime.fromISO(""2023-08-10"", { locale: ""de-DE"" });
> 201 |     expect(dt.localWeekday).toBe(4);
      |                                 ^ Magic Number
  202 |   });
  203 |   test(""Friday should be reported as the 5th day of the week"", () => {
  204 |     const dt = DateTime.fromISO(""2023-08-11"", { locale: ""de-DE"" });"
/home/gabriel/Disk/Research/research-javascript-test-smells/repositories/luxon/test/datetime/localeWeek.test.js,Magic Number,"{'line': 205, 'column': 33, 'index': 8265}","  203 |   test(""Friday should be reported as the 5th day of the week"", () => {
  204 |     const dt = DateTime.fromISO(""2023-08-11"", { locale: ""de-DE"" });
> 205 |     expect(dt.localWeekday).toBe(5);
      |                                 ^ Magic Number
  206 |   });
  207 |   test(""Saturday should be reported as the 6th day of the week"", () => {
  208 |     const dt = DateTime.fromISO(""2023-08-12"", { locale: ""de-DE"" });"
/home/gabriel/Disk/Research/research-javascript-test-smells/repositories/luxon/test/datetime/localeWeek.test.js,Magic Number,"{'line': 209, 'column': 33, 'index': 8449}","  207 |   test(""Saturday should be reported as the 6th day of the week"", () => {
  208 |     const dt = DateTime.fromISO(""2023-08-12"", { locale: ""de-DE"" });
> 209 |     expect(dt.localWeekday).toBe(6);
      |                                 ^ Magic Number
  210 |   });
  211 |   test(""Sunday should be reported as the 7th day of the week"", () => {
  212 |     const dt = DateTime.fromISO(""2023-08-13"", { locale: ""de-DE"" });"
/home/gabriel/Disk/Research/research-javascript-test-smells/repositories/luxon/test/datetime/localeWeek.test.js,Magic Number,"{'line': 213, 'column': 33, 'index': 8631}","  211 |   test(""Sunday should be reported as the 7th day of the week"", () => {
  212 |     const dt = DateTime.fromISO(""2023-08-13"", { locale: ""de-DE"" });
> 213 |     expect(dt.localWeekday).toBe(7);
      |                                 ^ Magic Number
  214 |   });
  215 | });
  216 |"
/home/gabriel/Disk/Research/research-javascript-test-smells/repositories/luxon/test/datetime/localeWeek.test.js,Magic Number,"{'line': 219, 'column': 86, 'index': 8826}","  217 | describe(""weeksInLocalWeekYear"", () => {
  218 |   test(""2018 should have 53 weeks in en-US"", () => {
> 219 |     expect(DateTime.local(2018, 6, 1, { locale: ""en-US"" }).weeksInLocalWeekYear).toBe(52);
      |                                                                                      ^ Magic Number
  220 |   });
  221 |   test(""2022 should have 53 weeks in en-US"", () => {
  222 |     expect(DateTime.local(2022, 6, 1, { locale: ""en-US"" }).weeksInLocalWeekYear).toBe("
/home/gabriel/Disk/Research/research-javascript-test-smells/repositories/luxon/test/datetime/localeWeek.test.js,Magic Number,"{'line': 227, 'column': 86, 'index': 9174}","  225 |   });
  226 |   test(""2022 should have 52 weeks in de-DE"", () => {
> 227 |     expect(DateTime.local(2022, 6, 1, { locale: ""de-DE"" }).weeksInLocalWeekYear).toBe(52);
      |                                                                                      ^ Magic Number
  228 |   });
  229 |   test(""2020 should have 53 weeks in de-DE"", () => {
  230 |     expect(DateTime.local(2020, 6, 1, { locale: ""de-DE"" }).weeksInLocalWeekYear).toBe(53);"
/home/gabriel/Disk/Research/research-javascript-test-smells/repositories/luxon/test/datetime/localeWeek.test.js,Magic Number,"{'line': 230, 'column': 86, 'index': 9324}","  228 |   });
  229 |   test(""2020 should have 53 weeks in de-DE"", () => {
> 230 |     expect(DateTime.local(2020, 6, 1, { locale: ""de-DE"" }).weeksInLocalWeekYear).toBe(53);
      |                                                                                      ^ Magic Number
  231 |   });
  232 |   test(""2018 should have 52 weeks with minDays 1, start 7"", () => {
  233 |     withDefaultWeekSettings("
/home/gabriel/Disk/Research/research-javascript-test-smells/repositories/luxon/test/datetime/localeWeek.test.js,Magic Number,"{'line': 240, 'column': 69, 'index': 9602}","  238 |       },
  239 |       () => {
> 240 |         expect(DateTime.local(2018, 6, 1).weeksInLocalWeekYear).toBe(52);
      |                                                                     ^ Magic Number
  241 |       }
  242 |     );
  243 |   });"
/home/gabriel/Disk/Research/research-javascript-test-smells/repositories/luxon/test/datetime/localeWeek.test.js,Magic Number,"{'line': 252, 'column': 69, 'index': 9895}","  250 |       },
  251 |       () => {
> 252 |         expect(DateTime.local(2022, 6, 1).weeksInLocalWeekYear).toBe(53);
      |                                                                     ^ Magic Number
  253 |       }
  254 |     );
  255 |   });"
/home/gabriel/Disk/Research/research-javascript-test-smells/repositories/luxon/test/datetime/localeWeek.test.js,Magic Number,"{'line': 261, 'column': 41, 'index': 10171}","  259 |   test(""Overridden week info should be reported by Info"", () => {
  260 |     withDefaultWeekSettings({ firstDay: 3, minimalDays: 5, weekend: [4, 6] }, () => {
> 261 |       expect(Info.getStartOfWeek()).toBe(3);
      |                                         ^ Magic Number
  262 |       expect(Info.getMinimumDaysInFirstWeek()).toBe(5);
  263 |       expect(Info.getWeekendWeekdays()).toEqual([4, 6]);
  264 |     });"
/home/gabriel/Disk/Research/research-javascript-test-smells/repositories/luxon/test/datetime/localeWeek.test.js,Magic Number,"{'line': 262, 'column': 52, 'index': 10227}","  260 |     withDefaultWeekSettings({ firstDay: 3, minimalDays: 5, weekend: [4, 6] }, () => {
  261 |       expect(Info.getStartOfWeek()).toBe(3);
> 262 |       expect(Info.getMinimumDaysInFirstWeek()).toBe(5);
      |                                                    ^ Magic Number
  263 |       expect(Info.getWeekendWeekdays()).toEqual([4, 6]);
  264 |     });
  265 |   });"
/home/gabriel/Disk/Research/research-javascript-test-smells/repositories/luxon/test/datetime/localeWeek.test.js,Magic Number,"{'line': 281, 'column': 35, 'index': 11198}","  279 |     withDefaultWeekSettings({ firstDay: 7, minimalDays: 1, weekend: [6, 7] }, () => {
  280 |       const dt = DateTime.local(2022, 1, 1, { locale: ""de-DE"" });
> 281 |       expect(dt.localWeekday).toBe(7);
      |                                   ^ Magic Number
  282 |       expect(dt.localWeekNumber).toBe(1);
  283 |       expect(dt.localWeekYear).toBe(2022);
  284 |     });"
/home/gabriel/Disk/Research/research-javascript-test-smells/repositories/luxon/test/datetime/localeWeek.test.js,Magic Number,"{'line': 282, 'column': 38, 'index': 11240}","  280 |       const dt = DateTime.local(2022, 1, 1, { locale: ""de-DE"" });
  281 |       expect(dt.localWeekday).toBe(7);
> 282 |       expect(dt.localWeekNumber).toBe(1);
      |                                      ^ Magic Number
  283 |       expect(dt.localWeekYear).toBe(2022);
  284 |     });
  285 |   });"
/home/gabriel/Disk/Research/research-javascript-test-smells/repositories/luxon/test/datetime/localeWeek.test.js,Magic Number,"{'line': 283, 'column': 36, 'index': 11280}","  281 |       expect(dt.localWeekday).toBe(7);
  282 |       expect(dt.localWeekNumber).toBe(1);
> 283 |       expect(dt.localWeekYear).toBe(2022);
      |                                    ^ Magic Number
  284 |     });
  285 |   });
  286 |   test(""Overridden week info should be respected by DateTime#set"", () => {"
/home/gabriel/Disk/Research/research-javascript-test-smells/repositories/luxon/test/datetime/localeWeek.test.js,Magic Number,"{'line': 290, 'column': 33, 'index': 11613}","  288 |       const dt = DateTime.local(2022, 1, 1, { locale: ""de-DE"" });
  289 |       const modified = dt.set({ localWeekday: 1 });
> 290 |       expect(modified.year).toBe(2021);
      |                                 ^ Magic Number
  291 |       expect(modified.month).toBe(12);
  292 |       expect(modified.day).toBe(26);
  293 |     });"
/home/gabriel/Disk/Research/research-javascript-test-smells/repositories/luxon/test/datetime/localeWeek.test.js,Magic Number,"{'line': 291, 'column': 34, 'index': 11654}","  289 |       const modified = dt.set({ localWeekday: 1 });
  290 |       expect(modified.year).toBe(2021);
> 291 |       expect(modified.month).toBe(12);
      |                                  ^ Magic Number
  292 |       expect(modified.day).toBe(26);
  293 |     });
  294 |   });"
/home/gabriel/Disk/Research/research-javascript-test-smells/repositories/luxon/test/datetime/localeWeek.test.js,Magic Number,"{'line': 292, 'column': 32, 'index': 11691}","  290 |       expect(modified.year).toBe(2021);
  291 |       expect(modified.month).toBe(12);
> 292 |       expect(modified.day).toBe(26);
      |                                ^ Magic Number
  293 |     });
  294 |   });
  295 | });"
/home/gabriel/Disk/Research/research-javascript-test-smells/repositories/luxon/test/datetime/dst.test.js,Conditional Test Logic,"{'line': 12, 'column': 0, 'index': 352}","  10 | };
  11 |
> 12 | for (const [name, local] of Object.entries(dateTimeConstructors)) {
  13 |   describe(`DateTime.${name}`, () => {
  14 |     test(""Hole dates are bumped forward"", () => {
  15 |       const d = local(2017, 3, 12, 2);"
/home/gabriel/Disk/Research/research-javascript-test-smells/repositories/luxon/test/datetime/dst.test.js,Conditional Test Logic,"{'line': 20, 'column': 4, 'index': 629}","  18 |     });
  19 |
> 20 |     if (name == ""fromObject"") {
     |    ^ Conditional Test Logic
  21 |       // this is questionable behavior, but I wanted to document it
  22 |       test(""Ambiguous dates pick the one with the current offset"", () => {
  23 |         const oldSettings = Settings.now;"
/home/gabriel/Disk/Research/research-javascript-test-smells/repositories/luxon/test/datetime/dst.test.js,Conditional Test Logic,"{'line': 165, 'column': 2, 'index': 5134}","  163 |   const zoneObj = { zone: ""America/New_York"" };
  164 |
> 165 |   for (const [cacheName, cacheTs] of Object.entries(timestamps)) {
      |  ^ Conditional Test Logic
  166 |     for (const [nowName, nowTs] of Object.entries(timestamps)) {
  167 |       for (const [dateName, date] of Object.entries(dates)) {
  168 |         test(`cache = ${cacheName}, now = ${nowName}, date = ${dateName}`, () => {"
/home/gabriel/Disk/Research/research-javascript-test-smells/repositories/luxon/test/datetime/dst.test.js,Conditional Test Logic,"{'line': 166, 'column': 4, 'index': 5203}","  164 |
  165 |   for (const [cacheName, cacheTs] of Object.entries(timestamps)) {
> 166 |     for (const [nowName, nowTs] of Object.entries(timestamps)) {
      |    ^ Conditional Test Logic
  167 |       for (const [dateName, date] of Object.entries(dates)) {
  168 |         test(`cache = ${cacheName}, now = ${nowName}, date = ${dateName}`, () => {
  169 |           const oldSettings = Settings.now;"
/home/gabriel/Disk/Research/research-javascript-test-smells/repositories/luxon/test/datetime/dst.test.js,Conditional Test Logic,"{'line': 167, 'column': 6, 'index': 5270}","  165 |   for (const [cacheName, cacheTs] of Object.entries(timestamps)) {
  166 |     for (const [nowName, nowTs] of Object.entries(timestamps)) {
> 167 |       for (const [dateName, date] of Object.entries(dates)) {
      |      ^ Conditional Test Logic
  168 |         test(`cache = ${cacheName}, now = ${nowName}, date = ${dateName}`, () => {
  169 |           const oldSettings = Settings.now;
  170 |           try {"
/home/gabriel/Disk/Research/research-javascript-test-smells/repositories/luxon/test/datetime/dst.test.js,Duplicate Assert,"{'line': 27, 'column': 10, 'index': 969}","  25 |           Settings.now = () => 1495653314595; // May 24, 2017
  26 |           let d = local(2017, 11, 5, 1);
> 27 |           expect(d.hour).toBe(1);
     |          ^ Duplicate Assert
  28 |           expect(d.offset).toBe(-4 * 60);
  29 |
  30 |           Settings.now = () => 1484456400000; // Jan 15, 2017"
/home/gabriel/Disk/Research/research-javascript-test-smells/repositories/luxon/test/datetime/dst.test.js,Duplicate Assert,"{'line': 27, 'column': 10, 'index': 969}","  25 |           Settings.now = () => 1495653314595; // May 24, 2017
  26 |           let d = local(2017, 11, 5, 1);
> 27 |           expect(d.hour).toBe(1);
     |          ^ Duplicate Assert
  28 |           expect(d.offset).toBe(-4 * 60);
  29 |
  30 |           Settings.now = () => 1484456400000; // Jan 15, 2017"
/home/gabriel/Disk/Research/research-javascript-test-smells/repositories/luxon/test/datetime/dst.test.js,Duplicate Assert,"{'line': 28, 'column': 10, 'index': 1003}","  26 |           let d = local(2017, 11, 5, 1);
  27 |           expect(d.hour).toBe(1);
> 28 |           expect(d.offset).toBe(-4 * 60);
     |          ^ Duplicate Assert
  29 |
  30 |           Settings.now = () => 1484456400000; // Jan 15, 2017
  31 |           d = local(2017, 11, 5, 1);"
/home/gabriel/Disk/Research/research-javascript-test-smells/repositories/luxon/test/datetime/dst.test.js,Duplicate Assert,"{'line': 32, 'column': 10, 'index': 1145}","  30 |           Settings.now = () => 1484456400000; // Jan 15, 2017
  31 |           d = local(2017, 11, 5, 1);
> 32 |           expect(d.hour).toBe(1);
     |          ^ Duplicate Assert
  33 |           expect(d.offset).toBe(-5 * 60);
  34 |         } finally {
  35 |           Settings.now = oldSettings;"
/home/gabriel/Disk/Research/research-javascript-test-smells/repositories/luxon/test/datetime/dst.test.js,Duplicate Assert,"{'line': 32, 'column': 10, 'index': 1145}","  30 |           Settings.now = () => 1484456400000; // Jan 15, 2017
  31 |           d = local(2017, 11, 5, 1);
> 32 |           expect(d.hour).toBe(1);
     |          ^ Duplicate Assert
  33 |           expect(d.offset).toBe(-5 * 60);
  34 |         } finally {
  35 |           Settings.now = oldSettings;"
/home/gabriel/Disk/Research/research-javascript-test-smells/repositories/luxon/test/datetime/dst.test.js,Duplicate Assert,"{'line': 33, 'column': 10, 'index': 1179}","  31 |           d = local(2017, 11, 5, 1);
  32 |           expect(d.hour).toBe(1);
> 33 |           expect(d.offset).toBe(-5 * 60);
     |          ^ Duplicate Assert
  34 |         } finally {
  35 |           Settings.now = oldSettings;
  36 |         }"
/home/gabriel/Disk/Research/research-javascript-test-smells/repositories/luxon/test/datetime/dst.test.js,Duplicate Assert,"{'line': 45, 'column': 10, 'index': 1579}","  43 |           Settings.now = () => 1495653314595; // May 24, 2017
  44 |           let d = local(2017, 11, 5, 1);
> 45 |           expect(d.hour).toBe(1);
     |          ^ Duplicate Assert
  46 |           expect(d.offset).toBe(-4 * 60);
  47 |
  48 |           Settings.now = () => 1484456400000; // Jan 15, 2017"
/home/gabriel/Disk/Research/research-javascript-test-smells/repositories/luxon/test/datetime/dst.test.js,Duplicate Assert,"{'line': 45, 'column': 10, 'index': 1579}","  43 |           Settings.now = () => 1495653314595; // May 24, 2017
  44 |           let d = local(2017, 11, 5, 1);
> 45 |           expect(d.hour).toBe(1);
     |          ^ Duplicate Assert
  46 |           expect(d.offset).toBe(-4 * 60);
  47 |
  48 |           Settings.now = () => 1484456400000; // Jan 15, 2017"
/home/gabriel/Disk/Research/research-javascript-test-smells/repositories/luxon/test/datetime/dst.test.js,Duplicate Assert,"{'line': 46, 'column': 10, 'index': 1613}","  44 |           let d = local(2017, 11, 5, 1);
  45 |           expect(d.hour).toBe(1);
> 46 |           expect(d.offset).toBe(-4 * 60);
     |          ^ Duplicate Assert
  47 |
  48 |           Settings.now = () => 1484456400000; // Jan 15, 2017
  49 |           d = local(2017, 11, 5, 1);"
/home/gabriel/Disk/Research/research-javascript-test-smells/repositories/luxon/test/datetime/dst.test.js,Duplicate Assert,"{'line': 46, 'column': 10, 'index': 1613}","  44 |           let d = local(2017, 11, 5, 1);
  45 |           expect(d.hour).toBe(1);
> 46 |           expect(d.offset).toBe(-4 * 60);
     |          ^ Duplicate Assert
  47 |
  48 |           Settings.now = () => 1484456400000; // Jan 15, 2017
  49 |           d = local(2017, 11, 5, 1);"
/home/gabriel/Disk/Research/research-javascript-test-smells/repositories/luxon/test/datetime/dst.test.js,Duplicate Assert,"{'line': 50, 'column': 10, 'index': 1755}","  48 |           Settings.now = () => 1484456400000; // Jan 15, 2017
  49 |           d = local(2017, 11, 5, 1);
> 50 |           expect(d.hour).toBe(1);
     |          ^ Duplicate Assert
  51 |           expect(d.offset).toBe(-4 * 60);
  52 |
  53 |           Settings.resetCaches();"
/home/gabriel/Disk/Research/research-javascript-test-smells/repositories/luxon/test/datetime/dst.test.js,Duplicate Assert,"{'line': 50, 'column': 10, 'index': 1755}","  48 |           Settings.now = () => 1484456400000; // Jan 15, 2017
  49 |           d = local(2017, 11, 5, 1);
> 50 |           expect(d.hour).toBe(1);
     |          ^ Duplicate Assert
  51 |           expect(d.offset).toBe(-4 * 60);
  52 |
  53 |           Settings.resetCaches();"
/home/gabriel/Disk/Research/research-javascript-test-smells/repositories/luxon/test/datetime/dst.test.js,Duplicate Assert,"{'line': 51, 'column': 10, 'index': 1789}","  49 |           d = local(2017, 11, 5, 1);
  50 |           expect(d.hour).toBe(1);
> 51 |           expect(d.offset).toBe(-4 * 60);
     |          ^ Duplicate Assert
  52 |
  53 |           Settings.resetCaches();
  54 |"
/home/gabriel/Disk/Research/research-javascript-test-smells/repositories/luxon/test/datetime/dst.test.js,Duplicate Assert,"{'line': 51, 'column': 10, 'index': 1789}","  49 |           d = local(2017, 11, 5, 1);
  50 |           expect(d.hour).toBe(1);
> 51 |           expect(d.offset).toBe(-4 * 60);
     |          ^ Duplicate Assert
  52 |
  53 |           Settings.resetCaches();
  54 |"
/home/gabriel/Disk/Research/research-javascript-test-smells/repositories/luxon/test/datetime/dst.test.js,Duplicate Assert,"{'line': 57, 'column': 10, 'index': 1966}","  55 |           Settings.now = () => 1484456400000; // Jan 15, 2017
  56 |           d = local(2017, 11, 5, 1);
> 57 |           expect(d.hour).toBe(1);
     |          ^ Duplicate Assert
  58 |           expect(d.offset).toBe(-5 * 60);
  59 |
  60 |           Settings.now = () => 1495653314595; // May 24, 2017"
/home/gabriel/Disk/Research/research-javascript-test-smells/repositories/luxon/test/datetime/dst.test.js,Duplicate Assert,"{'line': 57, 'column': 10, 'index': 1966}","  55 |           Settings.now = () => 1484456400000; // Jan 15, 2017
  56 |           d = local(2017, 11, 5, 1);
> 57 |           expect(d.hour).toBe(1);
     |          ^ Duplicate Assert
  58 |           expect(d.offset).toBe(-5 * 60);
  59 |
  60 |           Settings.now = () => 1495653314595; // May 24, 2017"
/home/gabriel/Disk/Research/research-javascript-test-smells/repositories/luxon/test/datetime/dst.test.js,Duplicate Assert,"{'line': 58, 'column': 10, 'index': 2000}","  56 |           d = local(2017, 11, 5, 1);
  57 |           expect(d.hour).toBe(1);
> 58 |           expect(d.offset).toBe(-5 * 60);
     |          ^ Duplicate Assert
  59 |
  60 |           Settings.now = () => 1495653314595; // May 24, 2017
  61 |           d = local(2017, 11, 5, 1);"
/home/gabriel/Disk/Research/research-javascript-test-smells/repositories/luxon/test/datetime/dst.test.js,Duplicate Assert,"{'line': 58, 'column': 10, 'index': 2000}","  56 |           d = local(2017, 11, 5, 1);
  57 |           expect(d.hour).toBe(1);
> 58 |           expect(d.offset).toBe(-5 * 60);
     |          ^ Duplicate Assert
  59 |
  60 |           Settings.now = () => 1495653314595; // May 24, 2017
  61 |           d = local(2017, 11, 5, 1);"
/home/gabriel/Disk/Research/research-javascript-test-smells/repositories/luxon/test/datetime/dst.test.js,Duplicate Assert,"{'line': 62, 'column': 10, 'index': 2142}","  60 |           Settings.now = () => 1495653314595; // May 24, 2017
  61 |           d = local(2017, 11, 5, 1);
> 62 |           expect(d.hour).toBe(1);
     |          ^ Duplicate Assert
  63 |           expect(d.offset).toBe(-5 * 60);
  64 |         } finally {
  65 |           Settings.now = oldSettings;"
/home/gabriel/Disk/Research/research-javascript-test-smells/repositories/luxon/test/datetime/dst.test.js,Duplicate Assert,"{'line': 62, 'column': 10, 'index': 2142}","  60 |           Settings.now = () => 1495653314595; // May 24, 2017
  61 |           d = local(2017, 11, 5, 1);
> 62 |           expect(d.hour).toBe(1);
     |          ^ Duplicate Assert
  63 |           expect(d.offset).toBe(-5 * 60);
  64 |         } finally {
  65 |           Settings.now = oldSettings;"
/home/gabriel/Disk/Research/research-javascript-test-smells/repositories/luxon/test/datetime/dst.test.js,Duplicate Assert,"{'line': 63, 'column': 10, 'index': 2176}","  61 |           d = local(2017, 11, 5, 1);
  62 |           expect(d.hour).toBe(1);
> 63 |           expect(d.offset).toBe(-5 * 60);
     |          ^ Duplicate Assert
  64 |         } finally {
  65 |           Settings.now = oldSettings;
  66 |         }"
/home/gabriel/Disk/Research/research-javascript-test-smells/repositories/luxon/test/datetime/dst.test.js,Duplicate Assert,"{'line': 63, 'column': 10, 'index': 2176}","  61 |           d = local(2017, 11, 5, 1);
  62 |           expect(d.hour).toBe(1);
> 63 |           expect(d.offset).toBe(-5 * 60);
     |          ^ Duplicate Assert
  64 |         } finally {
  65 |           Settings.now = oldSettings;
  66 |         }"
/home/gabriel/Disk/Research/research-javascript-test-smells/repositories/luxon/test/datetime/dst.test.js,Duplicate Assert,"{'line': 90, 'column': 6, 'index': 3072}","  88 |     test(""Subtracting an hour to land on the Fall Back falls back"", () => {
  89 |       let d = local(2017, 11, 5, 3).minus({ hour: 2 });
> 90 |       expect(d.hour).toBe(1);
     |      ^ Duplicate Assert
  91 |       expect(d.offset).toBe(-5 * 60);
  92 |
  93 |       d = d.minus({ hour: 1 });"
/home/gabriel/Disk/Research/research-javascript-test-smells/repositories/luxon/test/datetime/dst.test.js,Duplicate Assert,"{'line': 90, 'column': 6, 'index': 3072}","  88 |     test(""Subtracting an hour to land on the Fall Back falls back"", () => {
  89 |       let d = local(2017, 11, 5, 3).minus({ hour: 2 });
> 90 |       expect(d.hour).toBe(1);
     |      ^ Duplicate Assert
  91 |       expect(d.offset).toBe(-5 * 60);
  92 |
  93 |       d = d.minus({ hour: 1 });"
/home/gabriel/Disk/Research/research-javascript-test-smells/repositories/luxon/test/datetime/dst.test.js,Duplicate Assert,"{'line': 91, 'column': 6, 'index': 3102}","  89 |       let d = local(2017, 11, 5, 3).minus({ hour: 2 });
  90 |       expect(d.hour).toBe(1);
> 91 |       expect(d.offset).toBe(-5 * 60);
     |      ^ Duplicate Assert
  92 |
  93 |       d = d.minus({ hour: 1 });
  94 |       expect(d.hour).toBe(1);"
/home/gabriel/Disk/Research/research-javascript-test-smells/repositories/luxon/test/datetime/dst.test.js,Duplicate Assert,"{'line': 94, 'column': 6, 'index': 3173}","  92 |
  93 |       d = d.minus({ hour: 1 });
> 94 |       expect(d.hour).toBe(1);
     |      ^ Duplicate Assert
  95 |       expect(d.offset).toBe(-4 * 60);
  96 |     });
  97 |"
/home/gabriel/Disk/Research/research-javascript-test-smells/repositories/luxon/test/datetime/dst.test.js,Duplicate Assert,"{'line': 94, 'column': 6, 'index': 3173}","  92 |
  93 |       d = d.minus({ hour: 1 });
> 94 |       expect(d.hour).toBe(1);
     |      ^ Duplicate Assert
  95 |       expect(d.offset).toBe(-4 * 60);
  96 |     });
  97 |"
/home/gabriel/Disk/Research/research-javascript-test-smells/repositories/luxon/test/datetime/dst.test.js,Duplicate Assert,"{'line': 95, 'column': 6, 'index': 3203}","  93 |       d = d.minus({ hour: 1 });
  94 |       expect(d.hour).toBe(1);
> 95 |       expect(d.offset).toBe(-4 * 60);
     |      ^ Duplicate Assert
  96 |     });
  97 |
  98 |     test(""Changing a calendar date to land on a hole bumps forward"", () => {"
/home/gabriel/Disk/Research/research-javascript-test-smells/repositories/luxon/test/datetime/dst.test.js,Duplicate Assert,"{'line': 100, 'column': 6, 'index': 3381}","   98 |     test(""Changing a calendar date to land on a hole bumps forward"", () => {
   99 |       let d = local(2017, 3, 11, 2).plus({ day: 1 });
> 100 |       expect(d.hour).toBe(3);
      |      ^ Duplicate Assert
  101 |       expect(d.offset).toBe(-4 * 60);
  102 |
  103 |       d = local(2017, 3, 13, 2).minus({ day: 1 });"
/home/gabriel/Disk/Research/research-javascript-test-smells/repositories/luxon/test/datetime/dst.test.js,Duplicate Assert,"{'line': 100, 'column': 6, 'index': 3381}","   98 |     test(""Changing a calendar date to land on a hole bumps forward"", () => {
   99 |       let d = local(2017, 3, 11, 2).plus({ day: 1 });
> 100 |       expect(d.hour).toBe(3);
      |      ^ Duplicate Assert
  101 |       expect(d.offset).toBe(-4 * 60);
  102 |
  103 |       d = local(2017, 3, 13, 2).minus({ day: 1 });"
/home/gabriel/Disk/Research/research-javascript-test-smells/repositories/luxon/test/datetime/dst.test.js,Duplicate Assert,"{'line': 101, 'column': 6, 'index': 3411}","   99 |       let d = local(2017, 3, 11, 2).plus({ day: 1 });
  100 |       expect(d.hour).toBe(3);
> 101 |       expect(d.offset).toBe(-4 * 60);
      |      ^ Duplicate Assert
  102 |
  103 |       d = local(2017, 3, 13, 2).minus({ day: 1 });
  104 |       expect(d.hour).toBe(3);"
/home/gabriel/Disk/Research/research-javascript-test-smells/repositories/luxon/test/datetime/dst.test.js,Duplicate Assert,"{'line': 101, 'column': 6, 'index': 3411}","   99 |       let d = local(2017, 3, 11, 2).plus({ day: 1 });
  100 |       expect(d.hour).toBe(3);
> 101 |       expect(d.offset).toBe(-4 * 60);
      |      ^ Duplicate Assert
  102 |
  103 |       d = local(2017, 3, 13, 2).minus({ day: 1 });
  104 |       expect(d.hour).toBe(3);"
/home/gabriel/Disk/Research/research-javascript-test-smells/repositories/luxon/test/datetime/dst.test.js,Duplicate Assert,"{'line': 104, 'column': 6, 'index': 3501}","  102 |
  103 |       d = local(2017, 3, 13, 2).minus({ day: 1 });
> 104 |       expect(d.hour).toBe(3);
      |      ^ Duplicate Assert
  105 |       expect(d.offset).toBe(-4 * 60);
  106 |     });
  107 |"
/home/gabriel/Disk/Research/research-javascript-test-smells/repositories/luxon/test/datetime/dst.test.js,Duplicate Assert,"{'line': 104, 'column': 6, 'index': 3501}","  102 |
  103 |       d = local(2017, 3, 13, 2).minus({ day: 1 });
> 104 |       expect(d.hour).toBe(3);
      |      ^ Duplicate Assert
  105 |       expect(d.offset).toBe(-4 * 60);
  106 |     });
  107 |"
/home/gabriel/Disk/Research/research-javascript-test-smells/repositories/luxon/test/datetime/dst.test.js,Duplicate Assert,"{'line': 105, 'column': 6, 'index': 3531}","  103 |       d = local(2017, 3, 13, 2).minus({ day: 1 });
  104 |       expect(d.hour).toBe(3);
> 105 |       expect(d.offset).toBe(-4 * 60);
      |      ^ Duplicate Assert
  106 |     });
  107 |
  108 |     test(""Changing a calendar date to land on an ambiguous time chooses the closest one"", () => {"
/home/gabriel/Disk/Research/research-javascript-test-smells/repositories/luxon/test/datetime/dst.test.js,Duplicate Assert,"{'line': 105, 'column': 6, 'index': 3531}","  103 |       d = local(2017, 3, 13, 2).minus({ day: 1 });
  104 |       expect(d.hour).toBe(3);
> 105 |       expect(d.offset).toBe(-4 * 60);
      |      ^ Duplicate Assert
  106 |     });
  107 |
  108 |     test(""Changing a calendar date to land on an ambiguous time chooses the closest one"", () => {"
/home/gabriel/Disk/Research/research-javascript-test-smells/repositories/luxon/test/datetime/dst.test.js,Duplicate Assert,"{'line': 110, 'column': 6, 'index': 3730}","  108 |     test(""Changing a calendar date to land on an ambiguous time chooses the closest one"", () => {
  109 |       let d = local(2017, 11, 4, 1).plus({ day: 1 });
> 110 |       expect(d.hour).toBe(1);
      |      ^ Duplicate Assert
  111 |       expect(d.offset).toBe(-4 * 60);
  112 |
  113 |       d = local(2017, 11, 6, 1).minus({ day: 1 });"
/home/gabriel/Disk/Research/research-javascript-test-smells/repositories/luxon/test/datetime/dst.test.js,Duplicate Assert,"{'line': 110, 'column': 6, 'index': 3730}","  108 |     test(""Changing a calendar date to land on an ambiguous time chooses the closest one"", () => {
  109 |       let d = local(2017, 11, 4, 1).plus({ day: 1 });
> 110 |       expect(d.hour).toBe(1);
      |      ^ Duplicate Assert
  111 |       expect(d.offset).toBe(-4 * 60);
  112 |
  113 |       d = local(2017, 11, 6, 1).minus({ day: 1 });"
/home/gabriel/Disk/Research/research-javascript-test-smells/repositories/luxon/test/datetime/dst.test.js,Duplicate Assert,"{'line': 111, 'column': 6, 'index': 3760}","  109 |       let d = local(2017, 11, 4, 1).plus({ day: 1 });
  110 |       expect(d.hour).toBe(1);
> 111 |       expect(d.offset).toBe(-4 * 60);
      |      ^ Duplicate Assert
  112 |
  113 |       d = local(2017, 11, 6, 1).minus({ day: 1 });
  114 |       expect(d.hour).toBe(1);"
/home/gabriel/Disk/Research/research-javascript-test-smells/repositories/luxon/test/datetime/dst.test.js,Duplicate Assert,"{'line': 114, 'column': 6, 'index': 3850}","  112 |
  113 |       d = local(2017, 11, 6, 1).minus({ day: 1 });
> 114 |       expect(d.hour).toBe(1);
      |      ^ Duplicate Assert
  115 |       expect(d.offset).toBe(-5 * 60);
  116 |     });
  117 |"
/home/gabriel/Disk/Research/research-javascript-test-smells/repositories/luxon/test/datetime/dst.test.js,Duplicate Assert,"{'line': 114, 'column': 6, 'index': 3850}","  112 |
  113 |       d = local(2017, 11, 6, 1).minus({ day: 1 });
> 114 |       expect(d.hour).toBe(1);
      |      ^ Duplicate Assert
  115 |       expect(d.offset).toBe(-5 * 60);
  116 |     });
  117 |"
/home/gabriel/Disk/Research/research-javascript-test-smells/repositories/luxon/test/datetime/dst.test.js,Duplicate Assert,"{'line': 115, 'column': 6, 'index': 3880}","  113 |       d = local(2017, 11, 6, 1).minus({ day: 1 });
  114 |       expect(d.hour).toBe(1);
> 115 |       expect(d.offset).toBe(-5 * 60);
      |      ^ Duplicate Assert
  116 |     });
  117 |
  118 |     test(""Start of a 0:00->1:00 DST day is 1:00"", () => {"
/home/gabriel/Disk/Research/research-javascript-test-smells/repositories/luxon/test/datetime/dst.test.js,Exception Handling,"{'line': 24, 'column': 8, 'index': 850}","  22 |       test(""Ambiguous dates pick the one with the current offset"", () => {
  23 |         const oldSettings = Settings.now;
> 24 |         try {
     |        ^ Exception Handling
  25 |           Settings.now = () => 1495653314595; // May 24, 2017
  26 |           let d = local(2017, 11, 5, 1);
  27 |           expect(d.hour).toBe(1);"
/home/gabriel/Disk/Research/research-javascript-test-smells/repositories/luxon/test/datetime/dst.test.js,Exception Handling,"{'line': 41, 'column': 8, 'index': 1426}","  39 |       test(""Ambiguous dates pick the one with the cached offset"", () => {
  40 |         const oldSettings = Settings.now;
> 41 |         try {
     |        ^ Exception Handling
  42 |           Settings.resetCaches();
  43 |           Settings.now = () => 1495653314595; // May 24, 2017
  44 |           let d = local(2017, 11, 5, 1);"
/home/gabriel/Disk/Research/research-javascript-test-smells/repositories/luxon/test/datetime/dst.test.js,Magic Number,"{'line': 16, 'column': 26, 'index': 574}","  14 |     test(""Hole dates are bumped forward"", () => {
  15 |       const d = local(2017, 3, 12, 2);
> 16 |       expect(d.hour).toBe(3);
     |                          ^ Magic Number
  17 |       expect(d.offset).toBe(-4 * 60);
  18 |     });
  19 |"
/home/gabriel/Disk/Research/research-javascript-test-smells/repositories/luxon/test/datetime/dst.test.js,Magic Number,"{'line': 27, 'column': 30, 'index': 989}","  25 |           Settings.now = () => 1495653314595; // May 24, 2017
  26 |           let d = local(2017, 11, 5, 1);
> 27 |           expect(d.hour).toBe(1);
     |                              ^ Magic Number
  28 |           expect(d.offset).toBe(-4 * 60);
  29 |
  30 |           Settings.now = () => 1484456400000; // Jan 15, 2017"
/home/gabriel/Disk/Research/research-javascript-test-smells/repositories/luxon/test/datetime/dst.test.js,Magic Number,"{'line': 32, 'column': 30, 'index': 1165}","  30 |           Settings.now = () => 1484456400000; // Jan 15, 2017
  31 |           d = local(2017, 11, 5, 1);
> 32 |           expect(d.hour).toBe(1);
     |                              ^ Magic Number
  33 |           expect(d.offset).toBe(-5 * 60);
  34 |         } finally {
  35 |           Settings.now = oldSettings;"
/home/gabriel/Disk/Research/research-javascript-test-smells/repositories/luxon/test/datetime/dst.test.js,Magic Number,"{'line': 45, 'column': 30, 'index': 1599}","  43 |           Settings.now = () => 1495653314595; // May 24, 2017
  44 |           let d = local(2017, 11, 5, 1);
> 45 |           expect(d.hour).toBe(1);
     |                              ^ Magic Number
  46 |           expect(d.offset).toBe(-4 * 60);
  47 |
  48 |           Settings.now = () => 1484456400000; // Jan 15, 2017"
/home/gabriel/Disk/Research/research-javascript-test-smells/repositories/luxon/test/datetime/dst.test.js,Magic Number,"{'line': 50, 'column': 30, 'index': 1775}","  48 |           Settings.now = () => 1484456400000; // Jan 15, 2017
  49 |           d = local(2017, 11, 5, 1);
> 50 |           expect(d.hour).toBe(1);
     |                              ^ Magic Number
  51 |           expect(d.offset).toBe(-4 * 60);
  52 |
  53 |           Settings.resetCaches();"
/home/gabriel/Disk/Research/research-javascript-test-smells/repositories/luxon/test/datetime/dst.test.js,Magic Number,"{'line': 57, 'column': 30, 'index': 1986}","  55 |           Settings.now = () => 1484456400000; // Jan 15, 2017
  56 |           d = local(2017, 11, 5, 1);
> 57 |           expect(d.hour).toBe(1);
     |                              ^ Magic Number
  58 |           expect(d.offset).toBe(-5 * 60);
  59 |
  60 |           Settings.now = () => 1495653314595; // May 24, 2017"
/home/gabriel/Disk/Research/research-javascript-test-smells/repositories/luxon/test/datetime/dst.test.js,Magic Number,"{'line': 62, 'column': 30, 'index': 2162}","  60 |           Settings.now = () => 1495653314595; // May 24, 2017
  61 |           d = local(2017, 11, 5, 1);
> 62 |           expect(d.hour).toBe(1);
     |                              ^ Magic Number
  63 |           expect(d.offset).toBe(-5 * 60);
  64 |         } finally {
  65 |           Settings.now = oldSettings;"
/home/gabriel/Disk/Research/research-javascript-test-smells/repositories/luxon/test/datetime/dst.test.js,Magic Number,"{'line': 72, 'column': 26, 'index': 2457}","  70 |     test(""Adding an hour to land on the Spring Forward springs forward"", () => {
  71 |       const d = local(2017, 3, 12, 1).plus({ hour: 1 });
> 72 |       expect(d.hour).toBe(3);
     |                          ^ Magic Number
  73 |       expect(d.offset).toBe(-4 * 60);
  74 |     });
  75 |"
/home/gabriel/Disk/Research/research-javascript-test-smells/repositories/luxon/test/datetime/dst.test.js,Magic Number,"{'line': 78, 'column': 26, 'index': 2678}","  76 |     test(""Subtracting an hour to land on the Spring Forward springs forward"", () => {
  77 |       const d = local(2017, 3, 12, 3).minus({ hour: 1 });
> 78 |       expect(d.hour).toBe(1);
     |                          ^ Magic Number
  79 |       expect(d.offset).toBe(-5 * 60);
  80 |     });
  81 |"
/home/gabriel/Disk/Research/research-javascript-test-smells/repositories/luxon/test/datetime/dst.test.js,Magic Number,"{'line': 84, 'column': 26, 'index': 2883}","  82 |     test(""Adding an hour to land on the Fall Back falls back"", () => {
  83 |       const d = local(2017, 11, 5, 0).plus({ hour: 2 });
> 84 |       expect(d.hour).toBe(1);
     |                          ^ Magic Number
  85 |       expect(d.offset).toBe(-5 * 60);
  86 |     });
  87 |"
/home/gabriel/Disk/Research/research-javascript-test-smells/repositories/luxon/test/datetime/dst.test.js,Magic Number,"{'line': 90, 'column': 26, 'index': 3092}","  88 |     test(""Subtracting an hour to land on the Fall Back falls back"", () => {
  89 |       let d = local(2017, 11, 5, 3).minus({ hour: 2 });
> 90 |       expect(d.hour).toBe(1);
     |                          ^ Magic Number
  91 |       expect(d.offset).toBe(-5 * 60);
  92 |
  93 |       d = d.minus({ hour: 1 });"
/home/gabriel/Disk/Research/research-javascript-test-smells/repositories/luxon/test/datetime/dst.test.js,Magic Number,"{'line': 94, 'column': 26, 'index': 3193}","  92 |
  93 |       d = d.minus({ hour: 1 });
> 94 |       expect(d.hour).toBe(1);
     |                          ^ Magic Number
  95 |       expect(d.offset).toBe(-4 * 60);
  96 |     });
  97 |"
/home/gabriel/Disk/Research/research-javascript-test-smells/repositories/luxon/test/datetime/dst.test.js,Magic Number,"{'line': 100, 'column': 26, 'index': 3401}","   98 |     test(""Changing a calendar date to land on a hole bumps forward"", () => {
   99 |       let d = local(2017, 3, 11, 2).plus({ day: 1 });
> 100 |       expect(d.hour).toBe(3);
      |                          ^ Magic Number
  101 |       expect(d.offset).toBe(-4 * 60);
  102 |
  103 |       d = local(2017, 3, 13, 2).minus({ day: 1 });"
/home/gabriel/Disk/Research/research-javascript-test-smells/repositories/luxon/test/datetime/dst.test.js,Magic Number,"{'line': 104, 'column': 26, 'index': 3521}","  102 |
  103 |       d = local(2017, 3, 13, 2).minus({ day: 1 });
> 104 |       expect(d.hour).toBe(3);
      |                          ^ Magic Number
  105 |       expect(d.offset).toBe(-4 * 60);
  106 |     });
  107 |"
/home/gabriel/Disk/Research/research-javascript-test-smells/repositories/luxon/test/datetime/dst.test.js,Magic Number,"{'line': 110, 'column': 26, 'index': 3750}","  108 |     test(""Changing a calendar date to land on an ambiguous time chooses the closest one"", () => {
  109 |       let d = local(2017, 11, 4, 1).plus({ day: 1 });
> 110 |       expect(d.hour).toBe(1);
      |                          ^ Magic Number
  111 |       expect(d.offset).toBe(-4 * 60);
  112 |
  113 |       d = local(2017, 11, 6, 1).minus({ day: 1 });"
/home/gabriel/Disk/Research/research-javascript-test-smells/repositories/luxon/test/datetime/dst.test.js,Magic Number,"{'line': 114, 'column': 26, 'index': 3870}","  112 |
  113 |       d = local(2017, 11, 6, 1).minus({ day: 1 });
> 114 |       expect(d.hour).toBe(1);
      |                          ^ Magic Number
  115 |       expect(d.offset).toBe(-5 * 60);
  116 |     });
  117 |"
/home/gabriel/Disk/Research/research-javascript-test-smells/repositories/luxon/test/datetime/dst.test.js,Magic Number,"{'line': 129, 'column': 25, 'index': 4205}","  127 |         }
  128 |       ).startOf(""day"");
> 129 |       expect(d.day).toBe(15);
      |                         ^ Magic Number
  130 |       expect(d.hour).toBe(1);
  131 |       expect(d.minute).toBe(0);
  132 |       expect(d.second).toBe(0);"
/home/gabriel/Disk/Research/research-javascript-test-smells/repositories/luxon/test/datetime/dst.test.js,Magic Number,"{'line': 130, 'column': 26, 'index': 4236}","  128 |       ).startOf(""day"");
  129 |       expect(d.day).toBe(15);
> 130 |       expect(d.hour).toBe(1);
      |                          ^ Magic Number
  131 |       expect(d.minute).toBe(0);
  132 |       expect(d.second).toBe(0);
  133 |     });"
/home/gabriel/Disk/Research/research-javascript-test-smells/repositories/luxon/test/datetime/dst.test.js,Magic Number,"{'line': 131, 'column': 28, 'index': 4268}","  129 |       expect(d.day).toBe(15);
  130 |       expect(d.hour).toBe(1);
> 131 |       expect(d.minute).toBe(0);
      |                            ^ Magic Number
  132 |       expect(d.second).toBe(0);
  133 |     });
  134 |"
/home/gabriel/Disk/Research/research-javascript-test-smells/repositories/luxon/test/datetime/dst.test.js,Magic Number,"{'line': 132, 'column': 28, 'index': 4300}","  130 |       expect(d.hour).toBe(1);
  131 |       expect(d.minute).toBe(0);
> 132 |       expect(d.second).toBe(0);
      |                            ^ Magic Number
  133 |     });
  134 |
  135 |     test(""End of a 0:00->1:00 DST day is 23:59"", () => {"
/home/gabriel/Disk/Research/research-javascript-test-smells/repositories/luxon/test/datetime/dst.test.js,Magic Number,"{'line': 146, 'column': 25, 'index': 4594}","  144 |         }
  145 |       ).endOf(""day"");
> 146 |       expect(d.day).toBe(15);
      |                         ^ Magic Number
  147 |       expect(d.hour).toBe(23);
  148 |       expect(d.minute).toBe(59);
  149 |       expect(d.second).toBe(59);"
/home/gabriel/Disk/Research/research-javascript-test-smells/repositories/luxon/test/datetime/dst.test.js,Magic Number,"{'line': 147, 'column': 26, 'index': 4625}","  145 |       ).endOf(""day"");
  146 |       expect(d.day).toBe(15);
> 147 |       expect(d.hour).toBe(23);
      |                          ^ Magic Number
  148 |       expect(d.minute).toBe(59);
  149 |       expect(d.second).toBe(59);
  150 |     });"
/home/gabriel/Disk/Research/research-javascript-test-smells/repositories/luxon/test/datetime/dst.test.js,Magic Number,"{'line': 148, 'column': 28, 'index': 4658}","  146 |       expect(d.day).toBe(15);
  147 |       expect(d.hour).toBe(23);
> 148 |       expect(d.minute).toBe(59);
      |                            ^ Magic Number
  149 |       expect(d.second).toBe(59);
  150 |     });
  151 |   });"
/home/gabriel/Disk/Research/research-javascript-test-smells/repositories/luxon/test/datetime/dst.test.js,Magic Number,"{'line': 149, 'column': 28, 'index': 4691}","  147 |       expect(d.hour).toBe(23);
  148 |       expect(d.minute).toBe(59);
> 149 |       expect(d.second).toBe(59);
      |                            ^ Magic Number
  150 |     });
  151 |   });
  152 | }"
