file,type,line,frame
/home/gabriel/Disk/Research/research-javascript-test-smells/repositories/undici/test/util.js,Conditional Test Logic,"{'line': 91, 'column': 4, 'index': 2530}","  89 |   })
  90 |   test('returns true for port in range of 0 to 65535 as number', () => {
> 91 |     for (let i = 0; i < 65536; i++) {
     |    ^ Conditional Test Logic
  92 |       strictEqual(isValidPort(i), true)
  93 |     }
  94 |   })"
/home/gabriel/Disk/Research/research-javascript-test-smells/repositories/undici/test/util.js,Conditional Test Logic,"{'line': 96, 'column': 4, 'index': 2692}","  94 |   })
  95 |   test('returns true for port in range of 0 to 65535 as string', () => {
> 96 |     for (let i = 0; i < 65536; i++) {
     |    ^ Conditional Test Logic
  97 |       strictEqual(isValidPort(i.toString()), true)
  98 |     }
  99 |   })"
/home/gabriel/Disk/Research/research-javascript-test-smells/repositories/undici/test/util.js,Conditional Test Logic,"{'line': 168, 'column': 8, 'index': 6144}","  166 |       })
  167 |       test('doesn\'t throw if port is valid number', () => {
> 168 |         for (let i = 0; i < 65536; i++) {
      |        ^ Conditional Test Logic
  169 |           doesNotThrow(() => parseURL({ protocol: 'http:', hostname: 'www.example.com', port: i.toString() }), i.toString())
  170 |         }
  171 |       })"
/home/gabriel/Disk/Research/research-javascript-test-smells/repositories/undici/test/util.js,Ignored Test,"{'line': 158, 'column': 9, 'index': 5644}","  156 |
  157 |   describe('when url is an common object', () => {
> 158 |     test.skip('does not throw if a urlLike object is passed', () => {
      |         ^ Ignored Test
  159 |       const url = parseURL({ protocol: 'http:' })
  160 |       console.log(url)
  161 |     })"
/home/gabriel/Disk/Research/research-javascript-test-smells/repositories/undici/test/util.js,Unknown Test,"{'column': 2, 'line': 9}","   7 |
   8 | describe('isBlobLike', () => {
>  9 |   test('buffer', () => {
     |  ^ Unknown Test
  10 |     const buffer = Buffer.alloc(1)
  11 |     strictEqual(isBlobLike(buffer), false)
  12 |   })"
/home/gabriel/Disk/Research/research-javascript-test-smells/repositories/undici/test/util.js,Unknown Test,"{'column': 2, 'line': 14}","  12 |   })
  13 |
> 14 |   test('blob', () => {
     |  ^ Unknown Test
  15 |     const blob = new Blob(['asd'], {
  16 |       type: 'application/json'
  17 |     })"
/home/gabriel/Disk/Research/research-javascript-test-smells/repositories/undici/test/util.js,Unknown Test,"{'column': 2, 'line': 21}","  19 |   })
  20 |
> 21 |   test('file', () => {
     |  ^ Unknown Test
  22 |     const file = new File(['asd'], 'file.txt', {
  23 |       type: 'text/plain'
  24 |     })"
/home/gabriel/Disk/Research/research-javascript-test-smells/repositories/undici/test/util.js,Unknown Test,"{'column': 2, 'line': 28}","  26 |   })
  27 |
> 28 |   test('blobLikeStream', () => {
     |  ^ Unknown Test
  29 |     const blobLikeStream = {
  30 |       [Symbol.toStringTag]: 'Blob',
  31 |       stream: () => { }"
/home/gabriel/Disk/Research/research-javascript-test-smells/repositories/undici/test/util.js,Unknown Test,"{'column': 2, 'line': 36}","  34 |   })
  35 |
> 36 |   test('fileLikeStream', () => {
     |  ^ Unknown Test
  37 |     const fileLikeStream = {
  38 |       stream: () => { },
  39 |       [Symbol.toStringTag]: 'File'"
/home/gabriel/Disk/Research/research-javascript-test-smells/repositories/undici/test/util.js,Unknown Test,"{'column': 2, 'line': 44}","  42 |   })
  43 |
> 44 |   test('fileLikeArrayBuffer', () => {
     |  ^ Unknown Test
  45 |     const blobLikeArrayBuffer = {
  46 |       [Symbol.toStringTag]: 'Blob',
  47 |       arrayBuffer: () => { }"
/home/gabriel/Disk/Research/research-javascript-test-smells/repositories/undici/test/util.js,Unknown Test,"{'column': 2, 'line': 52}","  50 |   })
  51 |
> 52 |   test('blobLikeArrayBuffer', () => {
     |  ^ Unknown Test
  53 |     const fileLikeArrayBuffer = {
  54 |       [Symbol.toStringTag]: 'File',
  55 |       arrayBuffer: () => { }"
/home/gabriel/Disk/Research/research-javascript-test-smells/repositories/undici/test/util.js,Unknown Test,"{'column': 2, 'line': 60}","  58 |   })
  59 |
> 60 |   test('string', () => {
     |  ^ Unknown Test
  61 |     strictEqual(isBlobLike('Blob'), false)
  62 |   })
  63 |"
/home/gabriel/Disk/Research/research-javascript-test-smells/repositories/undici/test/util.js,Unknown Test,"{'column': 2, 'line': 64}","  62 |   })
  63 |
> 64 |   test('null', () => {
     |  ^ Unknown Test
  65 |     strictEqual(isBlobLike(null), false)
  66 |   })
  67 | })"
/home/gabriel/Disk/Research/research-javascript-test-smells/repositories/undici/test/util.js,Unknown Test,"{'column': 2, 'line': 70}","  68 |
  69 | describe('isHttpOrHttpsPrefixed', () => {
> 70 |   test('returns false for invalid values', () => {
     |  ^ Unknown Test
  71 |     strictEqual(isHttpOrHttpsPrefixed('wss:'), false)
  72 |   })
  73 |   test('returns true for ""http:"" or ""https:""', () => {"
/home/gabriel/Disk/Research/research-javascript-test-smells/repositories/undici/test/util.js,Unknown Test,"{'column': 2, 'line': 73}","  71 |     strictEqual(isHttpOrHttpsPrefixed('wss:'), false)
  72 |   })
> 73 |   test('returns true for ""http:"" or ""https:""', () => {
     |  ^ Unknown Test
  74 |     strictEqual(isHttpOrHttpsPrefixed('http:'), true)
  75 |     strictEqual(isHttpOrHttpsPrefixed('https:'), true)
  76 |   })"
/home/gabriel/Disk/Research/research-javascript-test-smells/repositories/undici/test/util.js,Unknown Test,"{'column': 2, 'line': 80}","  78 |
  79 | describe('isValidPort', () => {
> 80 |   test('returns false for invalid values', () => {
     |  ^ Unknown Test
  81 |     strictEqual(isValidPort(NaN), false)
  82 |     strictEqual(isValidPort(Infinity), false)
  83 |     strictEqual(isValidPort(-Infinity), false)"
/home/gabriel/Disk/Research/research-javascript-test-smells/repositories/undici/test/util.js,Unknown Test,"{'column': 2, 'line': 90}","  88 |     strictEqual(isValidPort('65535i'), false)
  89 |   })
> 90 |   test('returns true for port in range of 0 to 65535 as number', () => {
     |  ^ Unknown Test
  91 |     for (let i = 0; i < 65536; i++) {
  92 |       strictEqual(isValidPort(i), true)
  93 |     }"
/home/gabriel/Disk/Research/research-javascript-test-smells/repositories/undici/test/util.js,Unknown Test,"{'column': 2, 'line': 95}","  93 |     }
  94 |   })
> 95 |   test('returns true for port in range of 0 to 65535 as string', () => {
     |  ^ Unknown Test
  96 |     for (let i = 0; i < 65536; i++) {
  97 |       strictEqual(isValidPort(i.toString()), true)
  98 |     }"
/home/gabriel/Disk/Research/research-javascript-test-smells/repositories/undici/test/util.js,Unknown Test,"{'column': 2, 'line': 103}","  101 |
  102 | describe('parseURL', () => {
> 103 |   test('throws if url is not a string or object', () => {
      |  ^ Unknown Test
  104 |     throws(() => { parseURL(null) }, new InvalidArgumentError('Invalid URL: The URL argument must be a non-null object.'))
  105 |     throws(() => { parseURL(1) }, new InvalidArgumentError('Invalid URL: The URL argument must be a non-null object.'))
  106 |     throws(() => { parseURL(true) }, new InvalidArgumentError('Invalid URL: The URL argument must be a non-null object.'))"
/home/gabriel/Disk/Research/research-javascript-test-smells/repositories/undici/test/util.js,Unknown Test,"{'column': 2, 'line': 110}","  108 |     throws(() => { parseURL(false) }, new InvalidArgumentError('Invalid URL: The URL argument must be a non-null object.'))
  109 |   })
> 110 |   test('throws if protocol is not beginning with http:', () => {
      |  ^ Unknown Test
  111 |     throws(() => { parseURL('ws://www.example.com') }, new InvalidArgumentError('Invalid URL protocol: the URL must start with `http:` or `https:`.'))
  112 |   })
  113 |   test('throws if protocol is not beginning with https:', () => {"
/home/gabriel/Disk/Research/research-javascript-test-smells/repositories/undici/test/util.js,Unknown Test,"{'column': 2, 'line': 113}","  111 |     throws(() => { parseURL('ws://www.example.com') }, new InvalidArgumentError('Invalid URL protocol: the URL must start with `http:` or `https:`.'))
  112 |   })
> 113 |   test('throws if protocol is not beginning with https:', () => {
      |  ^ Unknown Test
  114 |     throws(() => { parseURL('wss://www.example.com') }, new InvalidArgumentError('Invalid URL protocol: the URL must start with `http:` or `https:`.'))
  115 |   })
  116 |   test('returns an URL object if url is a string of an https URL', () => {"
/home/gabriel/Disk/Research/research-javascript-test-smells/repositories/undici/test/util.js,Unknown Test,"{'column': 2, 'line': 116}","  114 |     throws(() => { parseURL('wss://www.example.com') }, new InvalidArgumentError('Invalid URL protocol: the URL must start with `http:` or `https:`.'))
  115 |   })
> 116 |   test('returns an URL object if url is a string of an https URL', () => {
      |  ^ Unknown Test
  117 |     const url = parseURL('https://www.example.com')
  118 |     strictEqual(url instanceof URL, true)
  119 |     strictEqual(url.href, 'https://www.example.com/')"
/home/gabriel/Disk/Research/research-javascript-test-smells/repositories/undici/test/util.js,Unknown Test,"{'column': 2, 'line': 121}","  119 |     strictEqual(url.href, 'https://www.example.com/')
  120 |   })
> 121 |   test('returns an URL object if url is a string of an http URL', () => {
      |  ^ Unknown Test
  122 |     const url = parseURL('http://www.example.com')
  123 |     strictEqual(url instanceof URL, true)
  124 |     strictEqual(url.href, 'http://www.example.com/')"
/home/gabriel/Disk/Research/research-javascript-test-smells/repositories/undici/test/util.js,Unknown Test,"{'column': 4, 'line': 128}","  126 |
  127 |   describe('when url is an instance of URL', () => {
> 128 |     test('returns the same URL object', () => {
      |    ^ Unknown Test
  129 |       const url = new URL('https://www.example.com')
  130 |       const parsedURL = parseURL(url)
  131 |       strictEqual(parsedURL, url)"
/home/gabriel/Disk/Research/research-javascript-test-smells/repositories/undici/test/util.js,Unknown Test,"{'column': 4, 'line': 133}","  131 |       strictEqual(parsedURL, url)
  132 |     })
> 133 |     test('throws if the URL protocol is not http: or https:', () => {
      |    ^ Unknown Test
  134 |       const url = new URL('ws://www.example.com')
  135 |       throws(() => { parseURL(url) }, new InvalidArgumentError('Invalid URL protocol: the URL must start with `http:` or `https:`.'))
  136 |     })"
/home/gabriel/Disk/Research/research-javascript-test-smells/repositories/undici/test/util.js,Unknown Test,"{'column': 4, 'line': 137}","  135 |       throws(() => { parseURL(url) }, new InvalidArgumentError('Invalid URL protocol: the URL must start with `http:` or `https:`.'))
  136 |     })
> 137 |     test('passes if the URL protocol is http:', () => {
      |    ^ Unknown Test
  138 |       const url = new URL('http://www.example.com')
  139 |       delete url.origin
  140 |       doesNotThrow(() => { parseURL(url) })"
/home/gabriel/Disk/Research/research-javascript-test-smells/repositories/undici/test/util.js,Unknown Test,"{'column': 4, 'line': 142}","  140 |       doesNotThrow(() => { parseURL(url) })
  141 |     })
> 142 |     test('passes if the URL protocol is https:', () => {
      |    ^ Unknown Test
  143 |       const url = new URL('https://www.example.com')
  144 |       delete url.origin
  145 |       doesNotThrow(() => { parseURL(url) })"
/home/gabriel/Disk/Research/research-javascript-test-smells/repositories/undici/test/util.js,Unknown Test,"{'column': 4, 'line': 147}","  145 |       doesNotThrow(() => { parseURL(url) })
  146 |     })
> 147 |     test('passes if the URL protocol is http:', () => {
      |    ^ Unknown Test
  148 |       const url = new URL('http://www.example.com')
  149 |       doesNotThrow(() => { parseURL(url) })
  150 |     })"
/home/gabriel/Disk/Research/research-javascript-test-smells/repositories/undici/test/util.js,Unknown Test,"{'column': 4, 'line': 151}","  149 |       doesNotThrow(() => { parseURL(url) })
  150 |     })
> 151 |     test('passes if the URL protocol is https:', () => {
      |    ^ Unknown Test
  152 |       const url = new URL('https://www.example.com')
  153 |       doesNotThrow(() => { parseURL(url) })
  154 |     })"
/home/gabriel/Disk/Research/research-javascript-test-smells/repositories/undici/test/util.js,Unknown Test,"{'column': 6, 'line': 164}","  162 |
  163 |     describe('port', () => {
> 164 |       test('throws if port is not an finite number as string', () => {
      |      ^ Unknown Test
  165 |         throws(() => parseURL({ protocol: 'http:', port: 'NaN' }), new InvalidArgumentError('Invalid URL: port must be a valid integer or a string representation of an integer.'))
  166 |       })
  167 |       test('doesn\'t throw if port is valid number', () => {"
/home/gabriel/Disk/Research/research-javascript-test-smells/repositories/undici/test/util.js,Unknown Test,"{'column': 6, 'line': 167}","  165 |         throws(() => parseURL({ protocol: 'http:', port: 'NaN' }), new InvalidArgumentError('Invalid URL: port must be a valid integer or a string representation of an integer.'))
  166 |       })
> 167 |       test('doesn\'t throw if port is valid number', () => {
      |      ^ Unknown Test
  168 |         for (let i = 0; i < 65536; i++) {
  169 |           doesNotThrow(() => parseURL({ protocol: 'http:', hostname: 'www.example.com', port: i.toString() }), i.toString())
  170 |         }"
/home/gabriel/Disk/Research/research-javascript-test-smells/repositories/undici/test/util.js,Unknown Test,"{'column': 6, 'line': 172}","  170 |         }
  171 |       })
> 172 |       test('throws if port is invalid number', () => {
      |      ^ Unknown Test
  173 |         throws(() => parseURL({ protocol: 'http:', port: '-1' }), new InvalidArgumentError('Invalid URL: port must be a valid integer or a string representation of an integer.'))
  174 |         throws(() => parseURL({ protocol: 'http:', port: '65536' }), new InvalidArgumentError('Invalid URL: port must be a valid integer or a string representation of an integer.'))
  175 |       })"
/home/gabriel/Disk/Research/research-javascript-test-smells/repositories/undici/test/util.js,Unknown Test,"{'column': 6, 'line': 176}","  174 |         throws(() => parseURL({ protocol: 'http:', port: '65536' }), new InvalidArgumentError('Invalid URL: port must be a valid integer or a string representation of an integer.'))
  175 |       })
> 176 |       test('sets port based on protocol', () => {
      |      ^ Unknown Test
  177 |         strictEqual(parseURL({ protocol: 'http:', hostname: 'www.example.com', path: '/' }).port, '')
  178 |         strictEqual(parseURL({ protocol: 'https:', hostname: 'www.example.com', path: '/' }).port, '')
  179 |       })"
/home/gabriel/Disk/Research/research-javascript-test-smells/repositories/undici/test/util.js,Unknown Test,"{'column': 6, 'line': 180}","  178 |         strictEqual(parseURL({ protocol: 'https:', hostname: 'www.example.com', path: '/' }).port, '')
  179 |       })
> 180 |       test('don\'t override port with protocol if port was explicitly set', () => {
      |      ^ Unknown Test
  181 |         strictEqual(parseURL({ protocol: 'http:', hostname: 'www.example.com', path: '/', port: 1337 }).port, '1337')
  182 |         strictEqual(parseURL({ protocol: 'https:', hostname: 'www.example.com', path: '/', port: 1337 }).port, '1337')
  183 |       })"
/home/gabriel/Disk/Research/research-javascript-test-smells/repositories/undici/test/util.js,Unknown Test,"{'column': 6, 'line': 187}","  185 |
  186 |     describe('path', () => {
> 187 |       test('doesn\'t throw if path null or undefined', () => {
      |      ^ Unknown Test
  188 |         parseURL({ protocol: 'http:', hostname: 'www.example.com', path: null })
  189 |         parseURL({ protocol: 'http:', hostname: 'www.example.com', path: undefined })
  190 |       })"
/home/gabriel/Disk/Research/research-javascript-test-smells/repositories/undici/test/util.js,Unknown Test,"{'column': 6, 'line': 191}","  189 |         parseURL({ protocol: 'http:', hostname: 'www.example.com', path: undefined })
  190 |       })
> 191 |       test('throws if path is not as string', () => {
      |      ^ Unknown Test
  192 |         throws(() => parseURL({ protocol: 'http:', hostname: 'www.example.com', path: 1 }), new InvalidArgumentError('Invalid URL path: the path must be a string or null/undefined.'))
  193 |       })
  194 |       test('doesn\'t throw if path is a string', () => {"
/home/gabriel/Disk/Research/research-javascript-test-smells/repositories/undici/test/util.js,Unknown Test,"{'column': 6, 'line': 194}","  192 |         throws(() => parseURL({ protocol: 'http:', hostname: 'www.example.com', path: 1 }), new InvalidArgumentError('Invalid URL path: the path must be a string or null/undefined.'))
  193 |       })
> 194 |       test('doesn\'t throw if path is a string', () => {
      |      ^ Unknown Test
  195 |         parseURL({ protocol: 'http:', hostname: 'www.example.com', path: '/' })
  196 |       })
  197 |       test('accepts path with and without leading /', () => {"
/home/gabriel/Disk/Research/research-javascript-test-smells/repositories/undici/test/util.js,Unknown Test,"{'column': 6, 'line': 197}","  195 |         parseURL({ protocol: 'http:', hostname: 'www.example.com', path: '/' })
  196 |       })
> 197 |       test('accepts path with and without leading /', () => {
      |      ^ Unknown Test
  198 |         strictEqual(parseURL({ protocol: 'http:', hostname: 'www.example.com', path: 'abc' }).pathname, '/abc')
  199 |         strictEqual(parseURL({ protocol: 'https:', hostname: 'www.example.com', path: '/abc' }).pathname, '/abc')
  200 |       })"
/home/gabriel/Disk/Research/research-javascript-test-smells/repositories/undici/test/util.js,Unknown Test,"{'column': 6, 'line': 204}","  202 |
  203 |     describe('pathname', () => {
> 204 |       test('doesn\'t throw if pathname null or undefined', () => {
      |      ^ Unknown Test
  205 |         parseURL({ protocol: 'http:', hostname: 'www.example.com', pathname: null })
  206 |         parseURL({ protocol: 'http:', hostname: 'www.example.com', pathname: undefined })
  207 |       })"
/home/gabriel/Disk/Research/research-javascript-test-smells/repositories/undici/test/util.js,Unknown Test,"{'column': 6, 'line': 208}","  206 |         parseURL({ protocol: 'http:', hostname: 'www.example.com', pathname: undefined })
  207 |       })
> 208 |       test('throws if pathname is not as string', () => {
      |      ^ Unknown Test
  209 |         throws(() => parseURL({ protocol: 'http:', pathname: 1 }), new InvalidArgumentError('Invalid URL pathname: the pathname must be a string or null/undefined.'))
  210 |       })
  211 |       test('doesn\'t throw if pathname is a string', () => {"
/home/gabriel/Disk/Research/research-javascript-test-smells/repositories/undici/test/util.js,Unknown Test,"{'column': 6, 'line': 211}","  209 |         throws(() => parseURL({ protocol: 'http:', pathname: 1 }), new InvalidArgumentError('Invalid URL pathname: the pathname must be a string or null/undefined.'))
  210 |       })
> 211 |       test('doesn\'t throw if pathname is a string', () => {
      |      ^ Unknown Test
  212 |         parseURL({ protocol: 'http:', hostname: 'www.example.com', pathname: '/' })
  213 |       })
  214 |     })"
/home/gabriel/Disk/Research/research-javascript-test-smells/repositories/undici/test/util.js,Unknown Test,"{'column': 6, 'line': 217}","  215 |
  216 |     describe('hostname', () => {
> 217 |       test('doesn\'t throw if hostname null or undefined', () => {
      |      ^ Unknown Test
  218 |         parseURL({ protocol: 'http:', hostname: null, origin: 'http://www.example.com' })
  219 |         parseURL({ protocol: 'http:', hostname: undefined, origin: 'http://www.example.com' })
  220 |       })"
/home/gabriel/Disk/Research/research-javascript-test-smells/repositories/undici/test/util.js,Unknown Test,"{'column': 6, 'line': 221}","  219 |         parseURL({ protocol: 'http:', hostname: undefined, origin: 'http://www.example.com' })
  220 |       })
> 221 |       test('throws if hostname is not as string', () => {
      |      ^ Unknown Test
  222 |         throws(() => parseURL({ protocol: 'http:', hostname: 1 }), new InvalidArgumentError('Invalid URL hostname: the hostname must be a string or null/undefined.'))
  223 |       })
  224 |       test('doesn\'t throw if hostname is a string', () => {"
/home/gabriel/Disk/Research/research-javascript-test-smells/repositories/undici/test/util.js,Unknown Test,"{'column': 6, 'line': 224}","  222 |         throws(() => parseURL({ protocol: 'http:', hostname: 1 }), new InvalidArgumentError('Invalid URL hostname: the hostname must be a string or null/undefined.'))
  223 |       })
> 224 |       test('doesn\'t throw if hostname is a string', () => {
      |      ^ Unknown Test
  225 |         parseURL({ protocol: 'http:', hostname: 'www.example.com' })
  226 |       })
  227 |     })"
/home/gabriel/Disk/Research/research-javascript-test-smells/repositories/undici/test/util.js,Unknown Test,"{'column': 6, 'line': 230}","  228 |
  229 |     describe('origin', () => {
> 230 |       test('doesn\'t throw if origin null or undefined', () => {
      |      ^ Unknown Test
  231 |         parseURL({ protocol: 'http:', hostname: 'www.example.com', origin: null })
  232 |         parseURL({ protocol: 'http:', hostname: 'www.example.com', origin: undefined })
  233 |       })"
/home/gabriel/Disk/Research/research-javascript-test-smells/repositories/undici/test/util.js,Unknown Test,"{'column': 6, 'line': 234}","  232 |         parseURL({ protocol: 'http:', hostname: 'www.example.com', origin: undefined })
  233 |       })
> 234 |       test('throws if origin is not as string', () => {
      |      ^ Unknown Test
  235 |         throws(() => parseURL({ protocol: 'http:', origin: 1 }), new InvalidArgumentError('Invalid URL origin: the origin must be a string or null/undefined.'))
  236 |       })
  237 |       test('doesn\'t throw if origin is a string', () => {"
/home/gabriel/Disk/Research/research-javascript-test-smells/repositories/undici/test/util.js,Unknown Test,"{'column': 6, 'line': 237}","  235 |         throws(() => parseURL({ protocol: 'http:', origin: 1 }), new InvalidArgumentError('Invalid URL origin: the origin must be a string or null/undefined.'))
  236 |       })
> 237 |       test('doesn\'t throw if origin is a string', () => {
      |      ^ Unknown Test
  238 |         parseURL({ protocol: 'http:', origin: 'https://www.example.com' })
  239 |       })
  240 |       test('removes trailing /', () => {"
/home/gabriel/Disk/Research/research-javascript-test-smells/repositories/undici/test/util.js,Unknown Test,"{'column': 6, 'line': 240}","  238 |         parseURL({ protocol: 'http:', origin: 'https://www.example.com' })
  239 |       })
> 240 |       test('removes trailing /', () => {
      |      ^ Unknown Test
  241 |         strictEqual(parseURL({ protocol: 'http:', origin: 'https://www.example.com/' }).origin, 'https://www.example.com')
  242 |       })
  243 |     })"
/home/gabriel/Disk/Research/research-javascript-test-smells/repositories/undici/test/util.js,Unknown Test,"{'column': 6, 'line': 246}","  244 |
  245 |     describe('protocol', () => {
> 246 |       test('throws if protocol is not http: or https: and no origin is defined', () => {
      |      ^ Unknown Test
  247 |         throws(() => parseURL({ protocol: 'wss:', hostname: 'www.example.com', path: '' }))
  248 |       })
  249 |       test('doesn\'t throw when origin is not provided', () => {"
/home/gabriel/Disk/Research/research-javascript-test-smells/repositories/undici/test/util.js,Unknown Test,"{'column': 6, 'line': 249}","  247 |         throws(() => parseURL({ protocol: 'wss:', hostname: 'www.example.com', path: '' }))
  248 |       })
> 249 |       test('doesn\'t throw when origin is not provided', () => {
      |      ^ Unknown Test
  250 |         strictEqual(parseURL({ protocol: 'http:', hostname: 'www.example.com', path: '' }).origin, 'http://www.example.com')
  251 |       })
  252 |     })"
/home/gabriel/Disk/Research/research-javascript-test-smells/repositories/undici/test/tls-session-reuse.js,Conditional Test Logic,"{'line': 26, 'column': 6, 'index': 877}","  24 |     t = tspl(t, { plan: 3 })
  25 |     const server = https.createServer(options, (req, res) => {
> 26 |       if (req.url === '/drop-key') {
     |      ^ Conditional Test Logic
  27 |         server.setTicketKeys(crypto.randomBytes(48))
  28 |       }
  29 |       serverRequests++"
/home/gabriel/Disk/Research/research-javascript-test-smells/repositories/undici/test/tls-session-reuse.js,Conditional Test Logic,"{'line': 62, 'column': 8, 'index': 1633}","  60 |       function request () {
  61 |         const options = queue.shift()
> 62 |         if (options.ciphers) {
     |        ^ Conditional Test Logic
  63 |           // Choose different cipher to use different cache entry
  64 |           tls.ciphers = options.ciphers
  65 |         } else {"
/home/gabriel/Disk/Research/research-javascript-test-smells/repositories/undici/test/tls-session-reuse.js,Conditional Test Logic,"{'line': 72, 'column': 12, 'index': 2021}","  70 |           clientSessions[options.name] = client[kSocket].getSession()
  71 |           data.body.resume().on('end', () => {
> 72 |             if (queue.length !== 0) {
     |            ^ Conditional Test Logic
  73 |               return request()
  74 |             }
  75 |             t.ok(true, 'pass')"
/home/gabriel/Disk/Research/research-javascript-test-smells/repositories/undici/test/tls-session-reuse.js,Conditional Test Logic,"{'line': 136, 'column': 8, 'index': 3630}","  134 |       poolWithSessionReuse.on('connect', (url, targets) => {
  135 |         const y = targets[1][kSocket].getSession()
> 136 |         if (sessions.some(x => x.equals(y))) {
      |        ^ Conditional Test Logic
  137 |           return
  138 |         }
  139 |         sessions.push(y)"
/home/gabriel/Disk/Research/research-javascript-test-smells/repositories/undici/test/tls-session-reuse.js,Conditional Test Logic,"{'line': 155, 'column': 12, 'index': 4104}","  153 |             path: '/'
  154 |           }, (err, data) => {
> 155 |             if (err) return reject(err)
      |            ^ Conditional Test Logic
  156 |             data.body.resume().on('end', resolve)
  157 |           })
  158 |         })"
/home/gabriel/Disk/Research/research-javascript-test-smells/repositories/undici/test/tls-session-reuse.js,Conditional Test Logic,"{'line': 165, 'column': 8, 'index': 4476}","  163 |         // For the session reuse, we first need one client to connect to receive a valid tls session to reuse
  164 |         await request(pool, false)
> 165 |         while (numIterations--) {
      |        ^ Conditional Test Logic
  166 |           requests.push(request(pool, expectTLSSessionCache))
  167 |         }
  168 |         return await Promise.all(requests)"
/home/gabriel/Disk/Research/research-javascript-test-smells/repositories/undici/test/tls-session-reuse.js,Unknown Test,"{'column': 2, 'line': 23}","  21 |   let serverRequests = 0
  22 |
> 23 |   test('Prepare request', async t => {
     |  ^ Unknown Test
  24 |     t = tspl(t, { plan: 3 })
  25 |     const server = https.createServer(options, (req, res) => {
  26 |       if (req.url === '/drop-key') {"
/home/gabriel/Disk/Research/research-javascript-test-smells/repositories/undici/test/tls-session-reuse.js,Unknown Test,"{'column': 2, 'line': 85}","  83 |   })
  84 |
> 85 |   test('Verify cached sessions', async t => {
     |  ^ Unknown Test
  86 |     t = tspl(t, { plan: 2 })
  87 |     t.strictEqual(serverRequests, 2)
  88 |     t.notEqual("
/home/gabriel/Disk/Research/research-javascript-test-smells/repositories/undici/test/tls-session-reuse.js,Unknown Test,"{'column': 2, 'line': 102}","  100 |   const ASSERT_PERFORMANCE_GAIN = false
  101 |
> 102 |   test('Prepare request', async t => {
      |  ^ Unknown Test
  103 |     t = tspl(t, { plan: 2 + 1 + (ASSERT_PERFORMANCE_GAIN ? 1 : 0) })
  104 |     const server = https.createServer(options, (req, res) => {
  105 |       serverRequests++"
/home/gabriel/Disk/Research/research-javascript-test-smells/repositories/undici/test/timers.js,Conditional Test Logic,"{'line': 19, 'column': 2, 'index': 689}","  17 |
  18 | function tick (duration) {
> 19 |   for (let i = 0; i < duration; ++i) {
     |  ^ Conditional Test Logic
  20 |     clock.tick(1)
  21 |   }
  22 | }"
/home/gabriel/Disk/Research/research-javascript-test-smells/repositories/undici/test/timers.js,Conditional Test Logic,"{'line': 243, 'column': 4, 'index': 6897}","  241 |     const start = performance.now()
  242 |
> 243 |     for (const target of testTimeouts) {
      |    ^ Conditional Test Logic
  244 |       timers.setTimeout(() => {
  245 |         const delta = getDelta(start, target)
  246 |"
/home/gabriel/Disk/Research/research-javascript-test-smells/repositories/undici/test/timers.js,Conditional Test Logic,"{'line': 252, 'column': 4, 'index': 7189}","  250 |     }
  251 |
> 252 |     for (let i = 0; i < 6000; ++i) {
      |    ^ Conditional Test Logic
  253 |       clock.tick(1)
  254 |     }
  255 |"
/home/gabriel/Disk/Research/research-javascript-test-smells/repositories/undici/test/timers.js,Sleepy Test,"{'line': 54, 'column': 28, 'index': 1706}","  52 |     t = tspl(t, { plan: 1 })
  53 |
> 54 |     const nativeTimeoutId = setTimeout(() => { t.fail() }, 1)
     |                            ^ Sleepy Test
  55 |     t.ok(timers.clearTimeout(nativeTimeoutId) === undefined)
  56 |     tick(10)
  57 |   })"
/home/gabriel/Disk/Research/research-javascript-test-smells/repositories/undici/test/timers.js,Sleepy Test,"{'line': 138, 'column': 4, 'index': 3917}","  136 |     }, 80)
  137 |
> 138 |     setTimeout(() => timeout.refresh(), 40)
      |    ^ Sleepy Test
  139 |     setTimeout(() => timeout.refresh(), 80)
  140 |     setTimeout(() => timeout.refresh(), 120)
  141 |"
/home/gabriel/Disk/Research/research-javascript-test-smells/repositories/undici/test/timers.js,Sleepy Test,"{'line': 139, 'column': 4, 'index': 3961}","  137 |
  138 |     setTimeout(() => timeout.refresh(), 40)
> 139 |     setTimeout(() => timeout.refresh(), 80)
      |    ^ Sleepy Test
  140 |     setTimeout(() => timeout.refresh(), 120)
  141 |
  142 |     setTimeout(() => t.ok(true), 260)"
/home/gabriel/Disk/Research/research-javascript-test-smells/repositories/undici/test/timers.js,Sleepy Test,"{'line': 140, 'column': 4, 'index': 4005}","  138 |     setTimeout(() => timeout.refresh(), 40)
  139 |     setTimeout(() => timeout.refresh(), 80)
> 140 |     setTimeout(() => timeout.refresh(), 120)
      |    ^ Sleepy Test
  141 |
  142 |     setTimeout(() => t.ok(true), 260)
  143 |"
/home/gabriel/Disk/Research/research-javascript-test-smells/repositories/undici/test/timers.js,Sleepy Test,"{'line': 142, 'column': 4, 'index': 4051}","  140 |     setTimeout(() => timeout.refresh(), 120)
  141 |
> 142 |     setTimeout(() => t.ok(true), 260)
      |    ^ Sleepy Test
  143 |
  144 |     tick(500)
  145 |     await t.completed"
/home/gabriel/Disk/Research/research-javascript-test-smells/repositories/undici/test/timers.js,Sleepy Test,"{'line': 161, 'column': 4, 'index': 4559}","  159 |     }, 501)
  160 |
> 161 |     setTimeout(() => timeout.refresh(), 250)
      |    ^ Sleepy Test
  162 |     setTimeout(() => timeout.refresh(), 750)
  163 |     setTimeout(() => timeout.refresh(), 1250)
  164 |"
/home/gabriel/Disk/Research/research-javascript-test-smells/repositories/undici/test/timers.js,Sleepy Test,"{'line': 162, 'column': 4, 'index': 4604}","  160 |
  161 |     setTimeout(() => timeout.refresh(), 250)
> 162 |     setTimeout(() => timeout.refresh(), 750)
      |    ^ Sleepy Test
  163 |     setTimeout(() => timeout.refresh(), 1250)
  164 |
  165 |     setTimeout(() => t.ok(true), 1800)"
/home/gabriel/Disk/Research/research-javascript-test-smells/repositories/undici/test/timers.js,Sleepy Test,"{'line': 163, 'column': 4, 'index': 4649}","  161 |     setTimeout(() => timeout.refresh(), 250)
  162 |     setTimeout(() => timeout.refresh(), 750)
> 163 |     setTimeout(() => timeout.refresh(), 1250)
      |    ^ Sleepy Test
  164 |
  165 |     setTimeout(() => t.ok(true), 1800)
  166 |"
/home/gabriel/Disk/Research/research-javascript-test-smells/repositories/undici/test/timers.js,Sleepy Test,"{'line': 165, 'column': 4, 'index': 4696}","  163 |     setTimeout(() => timeout.refresh(), 1250)
  164 |
> 165 |     setTimeout(() => t.ok(true), 1800)
      |    ^ Sleepy Test
  166 |
  167 |     tick(2000)
  168 |     await t.completed"
/home/gabriel/Disk/Research/research-javascript-test-smells/repositories/undici/test/timers.js,Sleepy Test,"{'line': 200, 'column': 4, 'index': 5580}","  198 |
  199 |     timers.clearTimeout(longRunningFastTimer)
> 200 |     setTimeout(() => t.ok(true), 500)
      |    ^ Sleepy Test
  201 |
  202 |     tick(5000)
  203 |     await t.completed"
/home/gabriel/Disk/Research/research-javascript-test-smells/repositories/undici/test/timers.js,Unknown Test,"{'column': 2, 'line': 25}","  23 |
  24 | describe('timers', () => {
> 25 |   test('timers exports a clearTimeout', (t) => {
     |  ^ Unknown Test
  26 |     t = tspl(t, { plan: 1 })
  27 |
  28 |     t.ok(typeof timers.clearTimeout === 'function')"
/home/gabriel/Disk/Research/research-javascript-test-smells/repositories/undici/test/timers.js,Unknown Test,"{'column': 2, 'line': 31}","  29 |   })
  30 |
> 31 |   test('timers exports a setTimeout', (t) => {
     |  ^ Unknown Test
  32 |     t = tspl(t, { plan: 1 })
  33 |
  34 |     t.ok(typeof timers.setTimeout === 'function')"
/home/gabriel/Disk/Research/research-javascript-test-smells/repositories/undici/test/timers.js,Unknown Test,"{'column': 2, 'line': 37}","  35 |   })
  36 |
> 37 |   test('setTimeout instantiates a native NodeJS.Timeout when delay is lower or equal 1e3 ms', (t) => {
     |  ^ Unknown Test
  38 |     t = tspl(t, { plan: 2 })
  39 |
  40 |     t.strictEqual(timers.setTimeout(() => { }, 999)[timers.kFastTimer], undefined)"
/home/gabriel/Disk/Research/research-javascript-test-smells/repositories/undici/test/timers.js,Unknown Test,"{'column': 2, 'line': 44}","  42 |   })
  43 |
> 44 |   test('setTimeout instantiates a FastTimer when delay is bigger than 1e3 ms', (t) => {
     |  ^ Unknown Test
  45 |     t = tspl(t, { plan: 1 })
  46 |
  47 |     const timeout = timers.setTimeout(() => { }, 1001)"
/home/gabriel/Disk/Research/research-javascript-test-smells/repositories/undici/test/timers.js,Unknown Test,"{'column': 2, 'line': 51}","  49 |   })
  50 |
> 51 |   test('clearTimeout can clear a node native Timeout', (t) => {
     |  ^ Unknown Test
  52 |     t = tspl(t, { plan: 1 })
  53 |
  54 |     const nativeTimeoutId = setTimeout(() => { t.fail() }, 1)"
/home/gabriel/Disk/Research/research-javascript-test-smells/repositories/undici/test/timers.js,Unknown Test,"{'column': 2, 'line': 59}","  57 |   })
  58 |
> 59 |   test('a FastTimer will get a _idleStart value after short time', async (t) => {
     |  ^ Unknown Test
  60 |     t = tspl(t, { plan: 3 })
  61 |
  62 |     const timer = timers.setTimeout(() => {"
/home/gabriel/Disk/Research/research-javascript-test-smells/repositories/undici/test/timers.js,Unknown Test,"{'column': 2, 'line': 75}","  73 |   })
  74 |
> 75 |   test('a cleared FastTimer will reset the _idleStart value to -1', async (t) => {
     |  ^ Unknown Test
  76 |     t = tspl(t, { plan: 4 })
  77 |
  78 |     const timer = timers.setTimeout(() => {"
/home/gabriel/Disk/Research/research-javascript-test-smells/repositories/undici/test/timers.js,Unknown Test,"{'column': 2, 'line': 90}","  88 |   })
  89 |
> 90 |   test('a FastTimer can be cleared', async (t) => {
     |  ^ Unknown Test
  91 |     t = tspl(t, { plan: 3 })
  92 |
  93 |     const timer = timers.setTimeout(() => {"
/home/gabriel/Disk/Research/research-javascript-test-smells/repositories/undici/test/timers.js,Unknown Test,"{'column': 2, 'line': 105}","  103 |   })
  104 |
> 105 |   test('a cleared FastTimer can be refreshed', async (t) => {
      |  ^ Unknown Test
  106 |     t = tspl(t, { plan: 2 })
  107 |
  108 |     const timer = timers.setFastTimeout(() => {"
/home/gabriel/Disk/Research/research-javascript-test-smells/repositories/undici/test/timers.js,Unknown Test,"{'column': 2, 'line': 125}","  123 |   }
  124 |
> 125 |   test('refresh correctly with timeout < TICK_MS', async (t) => {
      |  ^ Unknown Test
  126 |     t = tspl(t, { plan: 3 })
  127 |
  128 |     const start = performance.now()"
/home/gabriel/Disk/Research/research-javascript-test-smells/repositories/undici/test/timers.js,Unknown Test,"{'column': 2, 'line': 148}","  146 |   })
  147 |
> 148 |   test('refresh correctly with timeout > TICK_MS', async (t) => {
      |  ^ Unknown Test
  149 |     t = tspl(t, { plan: 3 })
  150 |
  151 |     const start = performance.now()"
/home/gabriel/Disk/Research/research-javascript-test-smells/repositories/undici/test/timers.js,Unknown Test,"{'column': 2, 'line': 171}","  169 |   })
  170 |
> 171 |   test('refresh correctly FastTimer with timeout > TICK_MS', async (t) => {
      |  ^ Unknown Test
  172 |     t = tspl(t, { plan: 3 })
  173 |
  174 |     // The long running FastTimer will ensure that the internal clock is"
/home/gabriel/Disk/Research/research-javascript-test-smells/repositories/undici/test/timers.js,Unknown Test,"{'column': 2, 'line': 206}","  204 |   })
  205 |
> 206 |   test('a FastTimer will only increment by the defined TICK_MS value', async (t) => {
      |  ^ Unknown Test
  207 |     t = tspl(t, { plan: 6 })
  208 |
  209 |     const startInternalClock = timers.now()"
/home/gabriel/Disk/Research/research-javascript-test-smells/repositories/undici/test/timers.js,Unknown Test,"{'column': 2, 'line': 236}","  234 |   })
  235 |
> 236 |   test('meet acceptable resolution time', async (t) => {
      |  ^ Unknown Test
  237 |     const testTimeouts = [0, 1, 499, 500, 501, 990, 999, 1000, 1001, 1100, 1400, 1499, 1500, 4000, 5000]
  238 |
  239 |     t = tspl(t, { plan: testTimeouts.length * 2 })"
/home/gabriel/Disk/Research/research-javascript-test-smells/repositories/undici/test/snapshot-testing.js,Conditional Test Logic,"{'line': 49, 'column': 2, 'index': 1560}","  47 |
  48 | function setupCleanup (t, resources) {
> 49 |   if (resources.server) {
     |  ^ Conditional Test Logic
  50 |     t.after(() => {
  51 |       resources.server.closeAllConnections?.()
  52 |       resources.server.close()"
/home/gabriel/Disk/Research/research-javascript-test-smells/repositories/undici/test/snapshot-testing.js,Conditional Test Logic,"{'line': 55, 'column': 2, 'index': 1695}","  53 |     })
  54 |   }
> 55 |   if (resources.snapshotPath) {
     |  ^ Conditional Test Logic
  56 |     t.after(() => unlink(resources.snapshotPath).catch(() => {}))
  57 |   }
  58 |   if (resources.agent) {"
/home/gabriel/Disk/Research/research-javascript-test-smells/repositories/undici/test/snapshot-testing.js,Conditional Test Logic,"{'line': 58, 'column': 2, 'index': 1797}","  56 |     t.after(() => unlink(resources.snapshotPath).catch(() => {}))
  57 |   }
> 58 |   if (resources.agent) {
     |  ^ Conditional Test Logic
  59 |     t.after(async () => await resources.agent.close())
  60 |   }
  61 |   if (resources.originalDispatcher) {"
/home/gabriel/Disk/Research/research-javascript-test-smells/repositories/undici/test/snapshot-testing.js,Conditional Test Logic,"{'line': 61, 'column': 2, 'index': 1881}","  59 |     t.after(async () => await resources.agent.close())
  60 |   }
> 61 |   if (resources.originalDispatcher) {
     |  ^ Conditional Test Logic
  62 |     t.after(() => setGlobalDispatcher(resources.originalDispatcher))
  63 |   }
  64 | }"
/home/gabriel/Disk/Research/research-javascript-test-smells/repositories/undici/test/snapshot-testing.js,Conditional Test Logic,"{'line': 72, 'column': 4, 'index': 2127}","  70 | function createDefaultHandler () {
  71 |   return (req, res) => {
> 72 |     if (req.url === '/test') {
     |    ^ Conditional Test Logic
  73 |       res.writeHead(200, { 'content-type': 'application/json' })
  74 |       res.end(createJsonResponse({
  75 |         message: TEST_CONSTANTS.TEST_MESSAGE,"
/home/gabriel/Disk/Research/research-javascript-test-smells/repositories/undici/test/snapshot-testing.js,Conditional Test Logic,"{'line': 112, 'column': 2, 'index': 3223}","  110 |
  111 |   const snapshots = []
> 112 |   for (let i = 0; i < size; i++) {
      |  ^ Conditional Test Logic
  113 |     const requestOpts = {
  114 |       origin: 'http://localhost:3000',
  115 |       path: `/api/test-${i}`,"
/home/gabriel/Disk/Research/research-javascript-test-smells/repositories/undici/test/snapshot-testing.js,Conditional Test Logic,"{'line': 238, 'column': 6, 'index': 7292}","  236 |     // Create a simple server
  237 |     const server = createTestServer((req, res) => {
> 238 |       if (req.url === '/existing') {
      |      ^ Conditional Test Logic
  239 |         res.writeHead(200, { 'content-type': 'text/plain' })
  240 |         res.end('Existing endpoint')
  241 |       } else if (req.url === '/new') {"
/home/gabriel/Disk/Research/research-javascript-test-smells/repositories/undici/test/snapshot-testing.js,Conditional Test Logic,"{'line': 241, 'column': 13, 'index': 7434}","  239 |         res.writeHead(200, { 'content-type': 'text/plain' })
  240 |         res.end('Existing endpoint')
> 241 |       } else if (req.url === '/new') {
      |             ^ Conditional Test Logic
  242 |         res.writeHead(200, { 'content-type': 'text/plain' })
  243 |         res.end('New endpoint')
  244 |       } else {"
/home/gabriel/Disk/Research/research-javascript-test-smells/repositories/undici/test/snapshot-testing.js,Conditional Test Logic,"{'line': 545, 'column': 4, 'index': 18507}","  543 |     // Make multiple concurrent requests
  544 |     const promises = []
> 545 |     for (let i = 0; i < 10; i++) {
      |    ^ Conditional Test Logic
  546 |       promises.push(request(`${origin}/api/test-${i}`))
  547 |     }
  548 |"
/home/gabriel/Disk/Research/research-javascript-test-smells/repositories/undici/test/snapshot-testing.js,Conditional Test Logic,"{'line': 552, 'column': 4, 'index': 18707}","  550 |
  551 |     // Verify all responses were handled correctly
> 552 |     for (let i = 0; i < responses.length; i++) {
      |    ^ Conditional Test Logic
  553 |       const body = await responses[i].body.json()
  554 |       assert.deepStrictEqual(body, { path: `/api/test-${i}` },
  555 |         `Concurrent request ${i} should return correct response`)"
/home/gabriel/Disk/Research/research-javascript-test-smells/repositories/undici/test/snapshot-testing.js,Exception Handling,"{'line': 436, 'column': 4, 'index': 14558}","  434 |     // This should throw because no snapshot exists for this request
  435 |     let errorThrown = false
> 436 |     try {
      |    ^ Exception Handling
  437 |       await request('http://localhost:9999/nonexistent')
  438 |     } catch (error) {
  439 |       errorThrown = true"
/home/gabriel/Disk/Research/research-javascript-test-smells/repositories/undici/test/snapshot-testing.js,Exception Handling,"{'line': 1182, 'column': 4, 'index': 40059}","  1180 |     server.close()
  1181 |     let errorThrown = false
> 1182 |     try {
       |    ^ Exception Handling
  1183 |       await request(`${origin}/api/live`)
  1184 |     } catch (error) {
  1185 |       errorThrown = true"
/home/gabriel/Disk/Research/research-javascript-test-smells/repositories/undici/test/snapshot-testing.js,Exception Handling,"{'line': 1386, 'column': 4, 'index': 47266}","  1384 |     // Check that file doesn't exist yet (since autoFlush is false)
  1385 |     let fileExists = false
> 1386 |     try {
       |    ^ Exception Handling
  1387 |       await readFile(snapshotPath)
  1388 |       fileExists = true
  1389 |     } catch {"
/home/gabriel/Disk/Research/research-javascript-test-smells/repositories/undici/test/snapshot-testing.js,Exception Handling,"{'line': 1399, 'column': 4, 'index': 47631}","  1397 |     // Verify the snapshots were saved to file
  1398 |     let savedData
> 1399 |     try {
       |    ^ Exception Handling
  1400 |       const fileContent = await readFile(snapshotPath, 'utf8')
  1401 |       savedData = JSON.parse(fileContent)
  1402 |     } catch (error) {"
/home/gabriel/Disk/Research/research-javascript-test-smells/repositories/undici/test/snapshot-testing.js,Exception Handling,"{'line': 1428, 'column': 4, 'index': 48771}","  1426 |     // Verify no file was created
  1427 |     let fileExists = false
> 1428 |     try {
       |    ^ Exception Handling
  1429 |       await readFile(snapshotPath)
  1430 |       fileExists = true
  1431 |     } catch {"
/home/gabriel/Disk/Research/research-javascript-test-smells/repositories/undici/test/snapshot-testing.js,Exception Handling,"{'line': 1488, 'column': 4, 'index': 50565}","  1486 |     // Verify the snapshot was saved
  1487 |     let savedData
> 1488 |     try {
       |    ^ Exception Handling
  1489 |       const fileContent = await readFile(snapshotPath, 'utf8')
  1490 |       savedData = JSON.parse(fileContent)
  1491 |     } catch (error) {"
/home/gabriel/Disk/Research/research-javascript-test-smells/repositories/undici/test/snapshot-testing.js,Magic Number,"{'line': 164, 'column': 44, 'index': 4759}","  162 |     const body = await response.body.json()
  163 |
> 164 |     assert.strictEqual(response.statusCode, 200, 'Response should have status 200')
      |                                            ^ Magic Number
  165 |     assert.deepStrictEqual(body, {
  166 |       message: TEST_CONSTANTS.TEST_MESSAGE,
  167 |       timestamp: TEST_CONSTANTS.TEST_TIMESTAMP"
/home/gabriel/Disk/Research/research-javascript-test-smells/repositories/undici/test/snapshot-testing.js,Magic Number,"{'line': 175, 'column': 40, 'index': 5149}","  173 |     // Verify snapshot was recorded
  174 |     const recorder = agent.getRecorder()
> 175 |     assert.strictEqual(recorder.size(), 1, 'Should have recorded exactly one snapshot')
      |                                        ^ Magic Number
  176 |
  177 |     const snapshots = recorder.getSnapshots()
  178 |     assert.strictEqual(snapshots.length, 1, 'Snapshots array should contain one item')"
/home/gabriel/Disk/Research/research-javascript-test-smells/repositories/undici/test/snapshot-testing.js,Magic Number,"{'line': 178, 'column': 41, 'index': 5285}","  176 |
  177 |     const snapshots = recorder.getSnapshots()
> 178 |     assert.strictEqual(snapshots.length, 1, 'Snapshots array should contain one item')
      |                                         ^ Magic Number
  179 |     assert.strictEqual(snapshots[0].request.method, 'GET', 'Recorded request method should be GET')
  180 |     assert.strictEqual(snapshots[0].request.url, `${origin}/test`, 'Recorded request URL should match')
  181 |     assert.strictEqual(snapshots[0].responses[0].statusCode, 200, 'Recorded response status should be 200')"
/home/gabriel/Disk/Research/research-javascript-test-smells/repositories/undici/test/snapshot-testing.js,Magic Number,"{'line': 181, 'column': 61, 'index': 5596}","  179 |     assert.strictEqual(snapshots[0].request.method, 'GET', 'Recorded request method should be GET')
  180 |     assert.strictEqual(snapshots[0].request.url, `${origin}/test`, 'Recorded request URL should match')
> 181 |     assert.strictEqual(snapshots[0].responses[0].statusCode, 200, 'Recorded response status should be 200')
      |                                                             ^ Magic Number
  182 |   })
  183 |
  184 |   it('playback mode', async (t) => {"
/home/gabriel/Disk/Research/research-javascript-test-smells/repositories/undici/test/snapshot-testing.js,Magic Number,"{'line': 222, 'column': 44, 'index': 6800}","  220 |     const body = await response.body.text()
  221 |
> 222 |     assert.strictEqual(response.statusCode, 200, 'Playback response should have status 200')
      |                                            ^ Magic Number
  223 |     assert.strictEqual(body, 'Recorded response', 'Playback should return recorded response')
  224 |   })
  225 |"
/home/gabriel/Disk/Research/research-javascript-test-smells/repositories/undici/test/snapshot-testing.js,Magic Number,"{'line': 276, 'column': 40, 'index': 8796}","  274 |     // Verify we have 2 different snapshots
  275 |     const recorder = agent.getRecorder()
> 276 |     assert.strictEqual(recorder.size(), 2, 'Should have exactly two snapshots recorded')
      |                                        ^ Magic Number
  277 |   })
  278 | })
  279 |"
/home/gabriel/Disk/Research/research-javascript-test-smells/repositories/undici/test/snapshot-testing.js,Magic Number,"{'line': 370, 'column': 49, 'index': 11912}","  368 |     // Verify recording worked correctly before switching to playback
  369 |     const recordingRecorder = recordingAgent.getRecorder()
> 370 |     assert.strictEqual(recordingRecorder.size(), 1, 'Should have recorded exactly one snapshot')
      |                                                 ^ Magic Number
  371 |     const recordedSnapshots = recordingRecorder.getSnapshots()
  372 |     assert.strictEqual(recordedSnapshots[0].responses.length, 3, 'Should have recorded three responses')
  373 |"
/home/gabriel/Disk/Research/research-javascript-test-smells/repositories/undici/test/snapshot-testing.js,Magic Number,"{'line': 372, 'column': 62, 'index': 12085}","  370 |     assert.strictEqual(recordingRecorder.size(), 1, 'Should have recorded exactly one snapshot')
  371 |     const recordedSnapshots = recordingRecorder.getSnapshots()
> 372 |     assert.strictEqual(recordedSnapshots[0].responses.length, 3, 'Should have recorded three responses')
      |                                                              ^ Magic Number
  373 |
  374 |     // Close recording agent cleanly before starting playback
  375 |     await recordingAgent.close()"
/home/gabriel/Disk/Research/research-javascript-test-smells/repositories/undici/test/snapshot-testing.js,Magic Number,"{'line': 394, 'column': 40, 'index': 12847}","  392 |     // Verify we have the expected snapshots before proceeding
  393 |     const recorder = playbackAgent.getRecorder()
> 394 |     assert.strictEqual(recorder.size(), 1, 'Should have exactly one snapshot loaded')
      |                                        ^ Magic Number
  395 |
  396 |     const snapshots = recorder.getSnapshots()
  397 |     assert.strictEqual(snapshots.length, 1, 'Should have exactly one snapshot')"
/home/gabriel/Disk/Research/research-javascript-test-smells/repositories/undici/test/snapshot-testing.js,Magic Number,"{'line': 397, 'column': 41, 'index': 12981}","  395 |
  396 |     const snapshots = recorder.getSnapshots()
> 397 |     assert.strictEqual(snapshots.length, 1, 'Should have exactly one snapshot')
      |                                         ^ Magic Number
  398 |     assert.strictEqual(snapshots[0].responses.length, 3, 'Should have three sequential responses')
  399 |
  400 |     // Test sequential responses"
/home/gabriel/Disk/Research/research-javascript-test-smells/repositories/undici/test/snapshot-testing.js,Magic Number,"{'line': 398, 'column': 54, 'index': 13074}","  396 |     const snapshots = recorder.getSnapshots()
  397 |     assert.strictEqual(snapshots.length, 1, 'Should have exactly one snapshot')
> 398 |     assert.strictEqual(snapshots[0].responses.length, 3, 'Should have three sequential responses')
      |                                                      ^ Magic Number
  399 |
  400 |     // Test sequential responses
  401 |     const response1 = await request(`${origin}/api/test`)"
/home/gabriel/Disk/Research/research-javascript-test-smells/repositories/undici/test/snapshot-testing.js,Magic Number,"{'line': 512, 'column': 40, 'index': 17427}","  510 |     await agent.loadSnapshots()
  511 |     const recorder = agent.getRecorder()
> 512 |     assert.strictEqual(recorder.size(), 100, 'Should load all 100 snapshots from large file')
      |                                        ^ Magic Number
  513 |
  514 |     setGlobalDispatcher(agent)
  515 |"
/home/gabriel/Disk/Research/research-javascript-test-smells/repositories/undici/test/snapshot-testing.js,Magic Number,"{'line': 560, 'column': 40, 'index': 19051}","  558 |     await agent.saveSnapshots()
  559 |     const recorder = agent.getRecorder()
> 560 |     assert.strictEqual(recorder.size(), 10, 'Should record all 10 concurrent requests')
      |                                        ^ Magic Number
  561 |   })
  562 | })
  563 |"
/home/gabriel/Disk/Research/research-javascript-test-smells/repositories/undici/test/snapshot-testing.js,Magic Number,"{'line': 593, 'column': 44, 'index': 20100}","  591 |
  592 |     assert(Array.isArray(snapshotData), 'Snapshot data should be an array')
> 593 |     assert.strictEqual(snapshotData.length, 1, 'Should contain exactly one snapshot')
      |                                            ^ Magic Number
  594 |
  595 |     const snapshot = snapshotData[0]
  596 |     assert(typeof snapshot.hash === 'string', 'Snapshot should have string hash')"
/home/gabriel/Disk/Research/research-javascript-test-smells/repositories/undici/test/snapshot-testing.js,Magic Number,"{'line': 602, 'column': 48, 'index': 20631}","  600 |     assert.strictEqual(req.method, 'GET', 'Request method should be GET')
  601 |     assert.strictEqual(req.url, `${origin}/test-endpoint`, 'Request URL should match')
> 602 |     assert.strictEqual(responses[0].statusCode, 200, 'Response status should be 200')
      |                                                ^ Magic Number
  603 |
  604 |     // Headers should be normalized to lowercase
  605 |     assert(responses[0].headers['x-custom-header'], 'Custom header should be present')"
/home/gabriel/Disk/Research/research-javascript-test-smells/repositories/undici/test/snapshot-testing.js,Magic Number,"{'line': 687, 'column': 41, 'index': 23747}","  685 |
  686 |     assert(Array.isArray(snapshots), 'Auto-flushed data should be an array')
> 687 |     assert.strictEqual(snapshots.length, 1, 'Should contain exactly one auto-flushed snapshot')
      |                                         ^ Magic Number
  688 |     assert.strictEqual(snapshots[0].snapshot.request.url, `${origin}/autoflush-test`,
  689 |       'Auto-flushed snapshot should have correct URL')
  690 |   })"
/home/gabriel/Disk/Research/research-javascript-test-smells/repositories/undici/test/snapshot-testing.js,Magic Number,"{'line': 748, 'column': 44, 'index': 25715}","  746 |     })
  747 |
> 748 |     assert.strictEqual(response.statusCode, 200, 'Should match despite different auth token')
      |                                            ^ Magic Number
  749 |     const body = await response.body.text()
  750 |     assert.strictEqual(body, '{""message"": ""test""}', 'Should return recorded response')
  751 |   })"
/home/gabriel/Disk/Research/research-javascript-test-smells/repositories/undici/test/snapshot-testing.js,Magic Number,"{'line': 804, 'column': 44, 'index': 27521}","  802 |     })
  803 |
> 804 |     assert.strictEqual(response.statusCode, 200, 'Should match despite different ignored headers')
      |                                            ^ Magic Number
  805 |     const body = await response.body.text()
  806 |     assert.strictEqual(body, 'ignore headers test', 'Should return recorded response')
  807 |   })"
/home/gabriel/Disk/Research/research-javascript-test-smells/repositories/undici/test/snapshot-testing.js,Magic Number,"{'line': 841, 'column': 41, 'index': 28801}","  839 |     const snapshots = JSON.parse(fileData)
  840 |
> 841 |     assert.strictEqual(snapshots.length, 1, 'Should contain exactly one snapshot')
      |                                         ^ Magic Number
  842 |     const snapshot = snapshots[0].snapshot
  843 |
  844 |     // Verify excluded headers are not in stored response"
/home/gabriel/Disk/Research/research-javascript-test-smells/repositories/undici/test/snapshot-testing.js,Magic Number,"{'line': 892, 'column': 44, 'index': 30659}","  890 |     const response = await request(`${origin}/api/data?timestamp=456&session=xyz`)
  891 |
> 892 |     assert.strictEqual(response.statusCode, 200, 'Should match despite different query parameters')
      |                                            ^ Magic Number
  893 |     const body = await response.body.text()
  894 |     assert.strictEqual(body, 'Response for /api/data?timestamp=123&session=abc',
  895 |       'Should return original recorded response with original query params')"
/home/gabriel/Disk/Research/research-javascript-test-smells/repositories/undici/test/snapshot-testing.js,Magic Number,"{'line': 950, 'column': 44, 'index': 32489}","  948 |     })
  949 |
> 950 |     assert.strictEqual(response.statusCode, 200, 'Should match despite different request body')
      |                                            ^ Magic Number
  951 |     const responseBody = await response.body.json()
  952 |     assert.strictEqual(responseBody.received, 'original-data',
  953 |       'Should return recorded response with original body')"
/home/gabriel/Disk/Research/research-javascript-test-smells/repositories/undici/test/snapshot-testing.js,Magic Number,"{'line': 989, 'column': 40, 'index': 33697}","  987 |     })
  988 |     assert(info1, 'Should find snapshot info')
> 989 |     assert.strictEqual(info1.callCount, 0, 'Call count should be 0 initially (only incremented during findSnapshot)')
      |                                        ^ Magic Number
  990 |
  991 |     // Reset call counts
  992 |     agent.resetCallCounts()"
/home/gabriel/Disk/Research/research-javascript-test-smells/repositories/undici/test/snapshot-testing.js,Magic Number,"{'line': 1000, 'column': 40, 'index': 34043}","   998 |     })
   999 |     assert(info2, 'Should still find snapshot info after reset')
> 1000 |     assert.strictEqual(info2.callCount, 0, 'Call count should remain 0 after reset')
       |                                        ^ Magic Number
  1001 |   })
  1002 |
  1003 |   it('snapshot management methods', async (t) => {"
/home/gabriel/Disk/Research/research-javascript-test-smells/repositories/undici/test/snapshot-testing.js,Magic Number,"{'line': 1036, 'column': 47, 'index': 35244}","  1034 |     assert.strictEqual(userInfo.request.method, 'GET', 'User snapshot method should be GET')
  1035 |     assert.strictEqual(userInfo.request.url, `${origin}/api/users`, 'User snapshot URL should match')
> 1036 |     assert.strictEqual(userInfo.responseCount, 1, 'User snapshot should have one response')
       |                                               ^ Magic Number
  1037 |
  1038 |     // Test deleteSnapshot
  1039 |     const deleted = agent.deleteSnapshot({"
/home/gabriel/Disk/Research/research-javascript-test-smells/repositories/undici/test/snapshot-testing.js,Magic Number,"{'line': 1089, 'column': 40, 'index': 36871}","  1087 |     // Should only have the mock snapshot now
  1088 |     const recorder = agent.getRecorder()
> 1089 |     assert.strictEqual(recorder.size(), 1, 'Should have only one snapshot after replacement')
       |                                        ^ Magic Number
  1090 |
  1091 |     const mockInfo = agent.getSnapshotInfo(mockRequestOpts)
  1092 |     assert(mockInfo, 'Should find mock snapshot after replacement')"
/home/gabriel/Disk/Research/research-javascript-test-smells/repositories/undici/test/snapshot-testing.js,Magic Number,"{'line': 1127, 'column': 40, 'index': 38171}","  1125 |
  1126 |     const recorder = agent.getRecorder()
> 1127 |     assert.strictEqual(recorder.size(), 1, 'Should record only the allowed request')
       |                                        ^ Magic Number
  1128 |
  1129 |     const snapshots = recorder.getSnapshots()
  1130 |     assert.strictEqual(snapshots[0].request.url, `${origin}/api/allowed`,"
/home/gabriel/Disk/Research/research-javascript-test-smells/repositories/undici/test/snapshot-testing.js,Magic Number,"{'line': 1219, 'column': 40, 'index': 41255}","  1217 |
  1218 |     const recorder = agent.getRecorder()
> 1219 |     assert.strictEqual(recorder.size(), 1, 'Should record only non-excluded requests')
       |                                        ^ Magic Number
  1220 |
  1221 |     const snapshots = recorder.getSnapshots()
  1222 |     assert.strictEqual(snapshots[0].request.url, `${origin}/api/public`,"
/home/gabriel/Disk/Research/research-javascript-test-smells/repositories/undici/test/snapshot-testing.js,Magic Number,"{'line': 1253, 'column': 40, 'index': 42415}","  1251 |
  1252 |     const recorder = agent.getRecorder()
> 1253 |     assert.strictEqual(recorder.size(), 1, 'Should record only requests not matching exclusion patterns')
       |                                        ^ Magic Number
  1254 |
  1255 |     const snapshots = recorder.getSnapshots()
  1256 |     assert.strictEqual(snapshots[0].request.url, `${origin}/api/data`,"
/home/gabriel/Disk/Research/research-javascript-test-smells/repositories/undici/test/snapshot-testing.js,Magic Number,"{'line': 1291, 'column': 40, 'index': 43809}","  1289 |
  1290 |     const recorder = agent.getRecorder()
> 1291 |     assert.strictEqual(recorder.size(), 1, 'Should record only requests passing all filters')
       |                                        ^ Magic Number
  1292 |
  1293 |     const snapshots = recorder.getSnapshots()
  1294 |     assert.strictEqual(snapshots[0].request.url, `${origin}/api/users`,"
/home/gabriel/Disk/Research/research-javascript-test-smells/repositories/undici/test/snapshot-testing.js,Magic Number,"{'line': 1333, 'column': 40, 'index': 45313}","  1331 |
  1332 |     const recorder = recordingAgent.getRecorder()
> 1333 |     assert.strictEqual(recorder.size(), 1, 'Should have recorded only the included request')
       |                                        ^ Magic Number
  1334 |
  1335 |     // Playback mode: should allow excluded URL to pass through without error
  1336 |     const playbackAgent = new SnapshotAgent({"
/home/gabriel/Disk/Research/research-javascript-test-smells/repositories/undici/test/snapshot-testing.js,Magic Number,"{'line': 1348, 'column': 40, 'index': 45839}","  1346 |     const res3 = await request(`${origin}/included`)
  1347 |     await res3.body.text()
> 1348 |     assert.strictEqual(res3.statusCode, 200, 'Included request should replay successfully')
       |                                        ^ Magic Number
  1349 |
  1350 |     // Excluded URL should pass through to real server
  1351 |     const res4 = await request(`${origin}/excluded`)"
/home/gabriel/Disk/Research/research-javascript-test-smells/repositories/undici/test/snapshot-testing.js,Magic Number,"{'line': 1353, 'column': 40, 'index': 46081}","  1351 |     const res4 = await request(`${origin}/excluded`)
  1352 |     const body4 = await res4.body.text()
> 1353 |     assert.strictEqual(res4.statusCode, 200, 'Excluded request should pass through to real server')
       |                                        ^ Magic Number
  1354 |     assert.strictEqual(body4, 'Response from /excluded', 'Should get live response from server')
  1355 |   })
  1356 | })"
/home/gabriel/Disk/Research/research-javascript-test-smells/repositories/undici/test/snapshot-testing.js,Magic Number,"{'line': 1382, 'column': 40, 'index': 47116}","  1380 |     // Verify snapshot is in memory but not yet saved to file
  1381 |     const recorder = agent.getRecorder()
> 1382 |     assert.strictEqual(recorder.size(), 1, 'Should have recorded one snapshot in memory')
       |                                        ^ Magic Number
  1383 |
  1384 |     // Check that file doesn't exist yet (since autoFlush is false)
  1385 |     let fileExists = false"
/home/gabriel/Disk/Research/research-javascript-test-smells/repositories/undici/test/snapshot-testing.js,Magic Number,"{'line': 1407, 'column': 41, 'index': 47956}","  1405 |
  1406 |     assert(Array.isArray(savedData), 'Saved data should be an array')
> 1407 |     assert.strictEqual(savedData.length, 1, 'Should have saved one snapshot')
       |                                         ^ Magic Number
  1408 |     assert.strictEqual(savedData[0].snapshot.request.method, 'GET', 'Saved snapshot should have correct method')
  1409 |     assert.strictEqual(savedData[0].snapshot.request.url, `${origin}/test`, 'Saved snapshot should have correct URL')
  1410 |   })"
/home/gabriel/Disk/Research/research-javascript-test-smells/repositories/undici/test/snapshot-testing.js,Magic Number,"{'line': 1481, 'column': 40, 'index': 50411}","  1479 |     )
  1480 |
> 1481 |     assert.strictEqual(recorder.size(), 1, 'Should have one recorded snapshot')
       |                                        ^ Magic Number
  1482 |
  1483 |     // Close the recorder
  1484 |     await recorder.close()"
/home/gabriel/Disk/Research/research-javascript-test-smells/repositories/undici/test/snapshot-testing.js,Magic Number,"{'line': 1496, 'column': 41, 'index': 50890}","  1494 |
  1495 |     assert(Array.isArray(savedData), 'Saved data should be an array')
> 1496 |     assert.strictEqual(savedData.length, 1, 'Should have saved one snapshot')
       |                                         ^ Magic Number
  1497 |     assert.strictEqual(savedData[0].snapshot.request.method, 'GET', 'Should have correct method')
  1498 |   })
  1499 | })"
/home/gabriel/Disk/Research/research-javascript-test-smells/repositories/undici/test/snapshot-testing.js,Sleepy Test,"{'line': 677, 'column': 33, 'index': 23328}","  675 |
  676 |     // Wait for auto-flush to trigger and ensure it completes
> 677 |     await new Promise(resolve => setTimeout(resolve, TEST_CONSTANTS.SEQUENTIAL_RESPONSE_DELAY))
      |                                 ^ Sleepy Test
  678 |
  679 |     // Force a final flush to ensure all data is written
  680 |     await agent.saveSnapshots()"
/home/gabriel/Disk/Research/research-javascript-test-smells/repositories/undici/test/snapshot-testing.js,Unknown Test,"{'column': 2, 'line': 1437}","  1435 |   })
  1436 |
> 1437 |   it('close() works when no snapshot path is configured', async (t) => {
       |  ^ Unknown Test
  1438 |     const agent = new SnapshotAgent({
  1439 |       mode: 'record'
  1440 |       // No snapshotPath provided"
/home/gabriel/Disk/Research/research-javascript-test-smells/repositories/undici/test/request.js,Conditional Test Logic,"{'line': 254, 'column': 8, 'index': 7617}","  252 |     await new Promise((resolve, reject) => {
  253 |       server.listen(0, (err) => {
> 254 |         if (err != null) reject(err)
      |        ^ Conditional Test Logic
  255 |         else resolve()
  256 |       })
  257 |     })"
/home/gabriel/Disk/Research/research-javascript-test-smells/repositories/undici/test/request.js,Conditional Test Logic,"{'line': 284, 'column': 8, 'index': 8406}","  282 |     await new Promise((resolve, reject) => {
  283 |       server.listen(0, (err) => {
> 284 |         if (err != null) reject(err)
      |        ^ Conditional Test Logic
  285 |         else resolve()
  286 |       })
  287 |     })"
/home/gabriel/Disk/Research/research-javascript-test-smells/repositories/undici/test/request.js,Conditional Test Logic,"{'line': 314, 'column': 8, 'index': 9193}","  312 |     await new Promise((resolve, reject) => {
  313 |       server.listen(0, (err) => {
> 314 |         if (err != null) reject(err)
      |        ^ Conditional Test Logic
  315 |         else resolve()
  316 |       })
  317 |     })"
/home/gabriel/Disk/Research/research-javascript-test-smells/repositories/undici/test/request.js,Conditional Test Logic,"{'line': 351, 'column': 8, 'index': 10191}","  349 |     await new Promise((resolve, reject) => {
  350 |       server.listen(0, (err) => {
> 351 |         if (err != null) reject(err)
      |        ^ Conditional Test Logic
  352 |         else resolve()
  353 |       })
  354 |     })"
/home/gabriel/Disk/Research/research-javascript-test-smells/repositories/undici/test/request.js,Conditional Test Logic,"{'line': 385, 'column': 8, 'index': 11034}","  383 |     await new Promise((resolve, reject) => {
  384 |       server.listen(0, (err) => {
> 385 |         if (err != null) reject(err)
      |        ^ Conditional Test Logic
  386 |         else resolve()
  387 |       })
  388 |     })"
/home/gabriel/Disk/Research/research-javascript-test-smells/repositories/undici/test/request.js,Conditional Test Logic,"{'line': 422, 'column': 8, 'index': 11932}","  420 |     await new Promise((resolve, reject) => {
  421 |       server.listen(0, (err) => {
> 422 |         if (err != null) reject(err)
      |        ^ Conditional Test Logic
  423 |         else resolve()
  424 |       })
  425 |     })"
/home/gabriel/Disk/Research/research-javascript-test-smells/repositories/undici/test/request.js,Conditional Test Logic,"{'line': 455, 'column': 8, 'index': 12664}","  453 |     await new Promise((resolve, reject) => {
  454 |       server.listen(0, (err) => {
> 455 |         if (err != null) reject(err)
      |        ^ Conditional Test Logic
  456 |         else resolve()
  457 |       })
  458 |     })"
/home/gabriel/Disk/Research/research-javascript-test-smells/repositories/undici/test/request.js,Unknown Test,"{'column': 0, 'line': 8}","   6 | const { request, errors } = require('..')
   7 |
>  8 | test('no-slash/one-slash pathname should be included in req.path', async (t) => {
   9 |   t = tspl(t, { plan: 24 })
  10 |
  11 |   const pathServer = createServer({ joinDuplicateHeaders: true }, (req, res) => {"
/home/gabriel/Disk/Research/research-javascript-test-smells/repositories/undici/test/request.js,Unknown Test,"{'column': 0, 'line': 72}","  70 | })
  71 |
> 72 | test('protocol-relative URL as pathname should be included in req.path', async (t) => {
  73 |   t = tspl(t, { plan: 12 })
  74 |
  75 |   const pathServer = createServer({ joinDuplicateHeaders: true }, (req, res) => {"
/home/gabriel/Disk/Research/research-javascript-test-smells/repositories/undici/test/request.js,Unknown Test,"{'column': 0, 'line': 119}","  117 | })
  118 |
> 119 | test('Absolute URL as pathname should be included in req.path', async (t) => {
  120 |   t = tspl(t, { plan: 12 })
  121 |
  122 |   const pathServer = createServer({ joinDuplicateHeaders: true }, (req, res) => {"
/home/gabriel/Disk/Research/research-javascript-test-smells/repositories/undici/test/request.js,Unknown Test,"{'column': 2, 'line': 167}","  165 |
  166 | describe('DispatchOptions#expectContinue', () => {
> 167 |   test('Should throw if invalid expectContinue option', async t => {
      |  ^ Unknown Test
  168 |     t = tspl(t, { plan: 1 })
  169 |
  170 |     await t.rejects(request({"
/home/gabriel/Disk/Research/research-javascript-test-smells/repositories/undici/test/request.js,Unknown Test,"{'column': 2, 'line': 181}","  179 |
  180 | describe('DispatchOptions#maxRedirections', () => {
> 181 |   test('Should throw if maxRedirections option is used', async t => {
      |  ^ Unknown Test
  182 |     t = tspl(t, { plan: 2 })
  183 |
  184 |     await t.rejects(request({"
/home/gabriel/Disk/Research/research-javascript-test-smells/repositories/undici/test/request.js,Unknown Test,"{'column': 2, 'line': 199}","  197 |   })
  198 |
> 199 |   test('Should allow maxRedirections: 0 for internal use', async t => {
      |  ^ Unknown Test
  200 |     t = tspl(t, { plan: 2 })
  201 |     const server = createServer((req, res) => {
  202 |       t.ok('request received')"
/home/gabriel/Disk/Research/research-javascript-test-smells/repositories/undici/test/request.js,Unknown Test,"{'column': 2, 'line': 224}","  222 |
  223 | describe('DispatchOptions#reset', () => {
> 224 |   test('Should throw if invalid reset option', async t => {
      |  ^ Unknown Test
  225 |     t = tspl(t, { plan: 1 })
  226 |
  227 |     await t.rejects(request({"
/home/gabriel/Disk/Research/research-javascript-test-smells/repositories/undici/test/request.js,Unknown Test,"{'column': 2, 'line': 236}","  234 |   })
  235 |
> 236 |   test('Should include ""connection:close"" if reset true', async t => {
      |  ^ Unknown Test
  237 |     t = tspl(t, { plan: 3 })
  238 |
  239 |     const server = createServer({ joinDuplicateHeaders: true }, (req, res) => {"
/home/gabriel/Disk/Research/research-javascript-test-smells/repositories/undici/test/request.js,Unknown Test,"{'column': 2, 'line': 266}","  264 |   })
  265 |
> 266 |   test('Should include ""connection:keep-alive"" if reset false', async t => {
      |  ^ Unknown Test
  267 |     t = tspl(t, { plan: 3 })
  268 |
  269 |     const server = createServer({ joinDuplicateHeaders: true }, (req, res) => {"
/home/gabriel/Disk/Research/research-javascript-test-smells/repositories/undici/test/request.js,Unknown Test,"{'column': 2, 'line': 296}","  294 |   })
  295 |
> 296 |   test('Should react to manual set of ""connection:close"" header', async t => {
      |  ^ Unknown Test
  297 |     t = tspl(t, { plan: 3 })
  298 |
  299 |     const server = createServer({ joinDuplicateHeaders: true }, (req, res) => {"
/home/gabriel/Disk/Research/research-javascript-test-smells/repositories/undici/test/request.js,Unknown Test,"{'column': 2, 'line': 330}","  328 |
  329 | describe('Should include headers from iterable objects', scope => {
> 330 |   test('Should include headers built with Headers global object', { skip: !globalThis.Headers }, async t => {
      |  ^ Unknown Test
  331 |     t = tspl(t, { plan: 3 })
  332 |
  333 |     const server = createServer({ joinDuplicateHeaders: true }, (req, res) => {"
/home/gabriel/Disk/Research/research-javascript-test-smells/repositories/undici/test/request.js,Unknown Test,"{'column': 2, 'line': 364}","  362 |   })
  363 |
> 364 |   test('Should include headers built with Map', async t => {
      |  ^ Unknown Test
  365 |     t = tspl(t, { plan: 3 })
  366 |
  367 |     const server = createServer({ joinDuplicateHeaders: true }, (req, res) => {"
/home/gabriel/Disk/Research/research-javascript-test-smells/repositories/undici/test/request.js,Unknown Test,"{'column': 2, 'line': 398}","  396 |   })
  397 |
> 398 |   test('Should include headers built with custom iterable object', async t => {
      |  ^ Unknown Test
  399 |     t = tspl(t, { plan: 3 })
  400 |
  401 |     const server = createServer({ joinDuplicateHeaders: true }, (req, res) => {"
/home/gabriel/Disk/Research/research-javascript-test-smells/repositories/undici/test/request.js,Unknown Test,"{'column': 2, 'line': 435}","  433 |   })
  434 |
> 435 |   test('Should throw error if headers iterable object does not yield key-value pairs', async t => {
      |  ^ Unknown Test
  436 |     t = tspl(t, { plan: 2 })
  437 |
  438 |     const server = createServer({ joinDuplicateHeaders: true }, (req, res) => {"
/home/gabriel/Disk/Research/research-javascript-test-smells/repositories/undici/test/request.js,Unknown Test,"{'column': 0, 'line': 472}","  470 | })
  471 |
> 472 | test('request should include statusText in response', async t => {
  473 |   t = tspl(t, { plan: 2 })
  474 |
  475 |   const server = createServer((req, res) => {"
/home/gabriel/Disk/Research/research-javascript-test-smells/repositories/undici/test/redirect-stream.js,Conditional Test Logic,"{'line': 326, 'column': 2, 'index': 10075}","  324 |   const server = await startRedirectingWithoutLocationServer()
  325 |
> 326 |   for (const code of redirectCodes) {
      |  ^ Conditional Test Logic
  327 |     test(`should return the original response after a HTTP ${code}`, async t => {
  328 |       t = tspl(t, { plan: 3 })
  329 |"
/home/gabriel/Disk/Research/research-javascript-test-smells/repositories/undici/test/redirect-stream.js,Exception Handling,"{'line': 378, 'column': 2, 'index': 11238}","  376 |   const body = []
  377 |
> 378 |   try {
      |  ^ Exception Handling
  379 |     await stream('http://localhost:0', { opaque: body }, ({ statusCode, headers, opaque }) => {
  380 |       return createWritable(opaque)
  381 |     })"
/home/gabriel/Disk/Research/research-javascript-test-smells/repositories/undici/test/redirect-stream.js,Exception Handling,"{'line': 383, 'column': 4, 'index': 11388}","  381 |     })
  382 |
> 383 |     throw new Error('Did not throw')
      |    ^ Exception Handling
  384 |   } catch (error) {
  385 |     t.match(error.code, /EADDRNOTAVAIL|ECONNREFUSED/)
  386 |     t.strictEqual(body.length, 0)"
/home/gabriel/Disk/Research/research-javascript-test-smells/repositories/undici/test/redirect-stream.js,Unknown Test,"{'column': 0, 'line': 16}","  14 | const { createReadable, createWritable } = require('./utils/stream')
  15 |
> 16 | test('should always have a history with the final URL even if no redirections were followed', async t => {
  17 |   t = tspl(t, { plan: 4 })
  18 |
  19 |   const body = []"
/home/gabriel/Disk/Research/research-javascript-test-smells/repositories/undici/test/redirect-stream.js,Unknown Test,"{'column': 0, 'line': 39}","  37 | })
  38 |
> 39 | test('should not follow redirection by default if max redirect = 0', async t => {
  40 |   t = tspl(t, { plan: 3 })
  41 |
  42 |   const body = []"
/home/gabriel/Disk/Research/research-javascript-test-smells/repositories/undici/test/redirect-stream.js,Unknown Test,"{'column': 0, 'line': 55}","  53 | })
  54 |
> 55 | test('should follow redirection after a HTTP 300', async t => {
  56 |   t = tspl(t, { plan: 4 })
  57 |
  58 |   const body = []"
/home/gabriel/Disk/Research/research-javascript-test-smells/repositories/undici/test/redirect-stream.js,Unknown Test,"{'column': 0, 'line': 83}","  81 | })
  82 |
> 83 | test('should follow redirection after a HTTP 301 changing method to GET', async t => {
  84 |   t = tspl(t, { plan: 3 })
  85 |
  86 |   const body = []"
/home/gabriel/Disk/Research/research-javascript-test-smells/repositories/undici/test/redirect-stream.js,Unknown Test,"{'column': 0, 'line': 103}","  101 | })
  102 |
> 103 | test('should follow redirection after a HTTP 302', async t => {
  104 |   t = tspl(t, { plan: 3 })
  105 |
  106 |   const body = []"
/home/gabriel/Disk/Research/research-javascript-test-smells/repositories/undici/test/redirect-stream.js,Unknown Test,"{'column': 0, 'line': 123}","  121 | })
  122 |
> 123 | test('should follow redirection after a HTTP 303 changing method to GET', async t => {
  124 |   t = tspl(t, { plan: 3 })
  125 |
  126 |   const body = []"
/home/gabriel/Disk/Research/research-javascript-test-smells/repositories/undici/test/redirect-stream.js,Unknown Test,"{'column': 0, 'line': 139}","  137 | })
  138 |
> 139 | test('should remove Host and request body related headers when following HTTP 303 (array)', async t => {
  140 |   t = tspl(t, { plan: 3 })
  141 |
  142 |   const body = []"
/home/gabriel/Disk/Research/research-javascript-test-smells/repositories/undici/test/redirect-stream.js,Unknown Test,"{'column': 0, 'line': 179}","  177 | })
  178 |
> 179 | test('should remove Host and request body related headers when following HTTP 303 (object)', async t => {
  180 |   t = tspl(t, { plan: 3 })
  181 |
  182 |   const body = []"
/home/gabriel/Disk/Research/research-javascript-test-smells/repositories/undici/test/redirect-stream.js,Unknown Test,"{'column': 0, 'line': 212}","  210 | })
  211 |
> 212 | test('should follow redirection after a HTTP 307', async t => {
  213 |   t = tspl(t, { plan: 3 })
  214 |
  215 |   const body = []"
/home/gabriel/Disk/Research/research-javascript-test-smells/repositories/undici/test/redirect-stream.js,Unknown Test,"{'column': 0, 'line': 232}","  230 | })
  231 |
> 232 | test('should follow redirection after a HTTP 308', async t => {
  233 |   t = tspl(t, { plan: 3 })
  234 |
  235 |   const body = []"
/home/gabriel/Disk/Research/research-javascript-test-smells/repositories/undici/test/redirect-stream.js,Unknown Test,"{'column': 0, 'line': 252}","  250 | })
  251 |
> 252 | test('should ignore HTTP 3xx response bodies', async t => {
  253 |   t = tspl(t, { plan: 4 })
  254 |
  255 |   const body = []"
/home/gabriel/Disk/Research/research-javascript-test-smells/repositories/undici/test/redirect-stream.js,Unknown Test,"{'column': 0, 'line': 273}","  271 | })
  272 |
> 273 | test('should follow a redirect chain up to the allowed number of times', async t => {
  274 |   t = tspl(t, { plan: 4 })
  275 |
  276 |   const body = []"
/home/gabriel/Disk/Research/research-javascript-test-smells/repositories/undici/test/redirect-stream.js,Unknown Test,"{'column': 0, 'line': 294}","  292 | })
  293 |
> 294 | test('should follow redirections when going cross origin', async t => {
  295 |   t = tspl(t, { plan: 4 })
  296 |
  297 |   const [server1, server2, server3] = await startRedirectingChainServers()"
/home/gabriel/Disk/Research/research-javascript-test-smells/repositories/undici/test/redirect-stream.js,Unknown Test,"{'column': 0, 'line': 349}","  347 | })
  348 |
> 349 | test('should not follow redirects when using Readable request bodies', async t => {
  350 |   t = tspl(t, { plan: 3 })
  351 |
  352 |   const body = []"
/home/gabriel/Disk/Research/research-javascript-test-smells/repositories/undici/test/redirect-stream.js,Unknown Test,"{'column': 0, 'line': 373}","  371 | })
  372 |
> 373 | test('should handle errors', async t => {
  374 |   t = tspl(t, { plan: 2 })
  375 |
  376 |   const body = []"
/home/gabriel/Disk/Research/research-javascript-test-smells/repositories/undici/test/redirect-stream.js,Unknown Test,"{'column': 0, 'line': 390}","  388 | })
  389 |
> 390 | test('removes authorization header on third party origin', async t => {
  391 |   t = tspl(t, { plan: 1 })
  392 |
  393 |   const body = []"
/home/gabriel/Disk/Research/research-javascript-test-smells/repositories/undici/test/redirect-stream.js,Unknown Test,"{'column': 0, 'line': 406}","  404 | })
  405 |
> 406 | test('removes cookie header on third party origin', async t => {
  407 |   t = tspl(t, { plan: 1 })
  408 |
  409 |   const body = []"
/home/gabriel/Disk/Research/research-javascript-test-smells/repositories/undici/test/readable.js,Unknown Test,"{'column': 2, 'line': 8}","   6 |
   7 | describe('Readable', () => {
>  8 |   test('avoid body reordering', async function (t) {
     |  ^ Unknown Test
   9 |     t = tspl(t, { plan: 1 })
  10 |
  11 |     function resume () {"
/home/gabriel/Disk/Research/research-javascript-test-smells/repositories/undici/test/readable.js,Unknown Test,"{'column': 2, 'line': 29}","  27 |   })
  28 |
> 29 |   test('destroy timing text', async function (t) {
     |  ^ Unknown Test
  30 |     t = tspl(t, { plan: 1 })
  31 |
  32 |     function resume () {"
/home/gabriel/Disk/Research/research-javascript-test-smells/repositories/undici/test/readable.js,Unknown Test,"{'column': 2, 'line': 43}","  41 |   })
  42 |
> 43 |   test('destroy timing promise', async function (t) {
     |  ^ Unknown Test
  44 |     t = tspl(t, { plan: 1 })
  45 |
  46 |     function resume () {"
/home/gabriel/Disk/Research/research-javascript-test-smells/repositories/undici/test/readable.js,Unknown Test,"{'column': 2, 'line': 63}","  61 |   })
  62 |
> 63 |   test('.arrayBuffer()', async function (t) {
     |  ^ Unknown Test
  64 |     t = tspl(t, { plan: 1 })
  65 |
  66 |     function resume () {"
/home/gabriel/Disk/Research/research-javascript-test-smells/repositories/undici/test/readable.js,Unknown Test,"{'column': 2, 'line': 86}","  84 |   })
  85 |
> 86 |   test('.bytes()', async function (t) {
     |  ^ Unknown Test
  87 |     t = tspl(t, { plan: 1 })
  88 |
  89 |     function resume () {"
/home/gabriel/Disk/Research/research-javascript-test-smells/repositories/undici/test/readable.js,Unknown Test,"{'column': 2, 'line': 127}","  125 |   })
  126 |
> 127 |   test('.text()', async function (t) {
      |  ^ Unknown Test
  128 |     t = tspl(t, { plan: 1 })
  129 |
  130 |     function resume () {"
/home/gabriel/Disk/Research/research-javascript-test-smells/repositories/undici/test/readable.js,Unknown Test,"{'column': 2, 'line': 147}","  145 |   })
  146 |
> 147 |   test('ignore BOM', async function (t) {
      |  ^ Unknown Test
  148 |     t = tspl(t, { plan: 1 })
  149 |
  150 |     function resume () {"
/home/gabriel/Disk/Research/research-javascript-test-smells/repositories/undici/test/readable.js,Unknown Test,"{'column': 2, 'line': 168}","  166 |   })
  167 |
> 168 |   test('.bodyUsed', async function (t) {
      |  ^ Unknown Test
  169 |     t = tspl(t, { plan: 3 })
  170 |
  171 |     function resume () {"
/home/gabriel/Disk/Research/research-javascript-test-smells/repositories/undici/test/no-strict-content-length.js,Unknown Test,"{'column': 2, 'line': 28}","  26 |   })
  27 |
> 28 |   test('request invalid content-length', async (t) => {
     |  ^ Unknown Test
  29 |     t = tspl(t, { plan: 8 })
  30 |
  31 |     const server = createServer({ joinDuplicateHeaders: true }, (req, res) => {"
/home/gabriel/Disk/Research/research-javascript-test-smells/repositories/undici/test/no-strict-content-length.js,Unknown Test,"{'column': 2, 'line': 149}","  147 |   })
  148 |
> 149 |   test('request streaming content-length less than body size', async (t) => {
      |  ^ Unknown Test
  150 |     t = tspl(t, { plan: 1 })
  151 |
  152 |     const server = createServer({ joinDuplicateHeaders: true }, (req, res) => {"
/home/gabriel/Disk/Research/research-javascript-test-smells/repositories/undici/test/no-strict-content-length.js,Unknown Test,"{'column': 2, 'line': 189}","  187 |   })
  188 |
> 189 |   test('request streaming content-length greater than body size', async (t) => {
      |  ^ Unknown Test
  190 |     t = tspl(t, { plan: 1 })
  191 |
  192 |     const server = createServer({ joinDuplicateHeaders: true }, (req, res) => {"
/home/gabriel/Disk/Research/research-javascript-test-smells/repositories/undici/test/no-strict-content-length.js,Unknown Test,"{'column': 2, 'line': 229}","  227 |   })
  228 |
> 229 |   test('request streaming data when content-length=0', async (t) => {
      |  ^ Unknown Test
  230 |     t = tspl(t, { plan: 1 })
  231 |
  232 |     const server = createServer({ joinDuplicateHeaders: true }, (req, res) => {"
/home/gabriel/Disk/Research/research-javascript-test-smells/repositories/undici/test/no-strict-content-length.js,Unknown Test,"{'column': 2, 'line': 269}","  267 |   })
  268 |
> 269 |   test('request async iterating content-length less than body size', async (t) => {
      |  ^ Unknown Test
  270 |     t = tspl(t, { plan: 1 })
  271 |
  272 |     const server = createServer({ joinDuplicateHeaders: true }, (req, res) => {"
/home/gabriel/Disk/Research/research-javascript-test-smells/repositories/undici/test/no-strict-content-length.js,Unknown Test,"{'column': 2, 'line': 309}","  307 |   })
  308 |
> 309 |   test('request async iterator content-length greater than body size', async (t) => {
      |  ^ Unknown Test
  310 |     t = tspl(t, { plan: 1 })
  311 |
  312 |     const server = createServer({ joinDuplicateHeaders: true }, (req, res) => {"
/home/gabriel/Disk/Research/research-javascript-test-smells/repositories/undici/test/no-strict-content-length.js,Unknown Test,"{'column': 2, 'line': 348}","  346 |   })
  347 |
> 348 |   test('request async iterator data when content-length=0', async (t) => {
      |  ^ Unknown Test
  349 |     t = tspl(t, { plan: 1 })
  350 |
  351 |     const server = createServer({ joinDuplicateHeaders: true }, (req, res) => {"
/home/gabriel/Disk/Research/research-javascript-test-smells/repositories/undici/test/mock-utils.js,Conditional Test Logic,"{'line': 189, 'column': 2, 'index': 4522}","  187 |   t.plan(64)
  188 |
> 189 |   for (const statusCode of [
      |  ^ Conditional Test Logic
  190 |     100, 101, 102, 103, 200, 201, 202, 203,
  191 |     204, 205, 206, 207, 208, 226, 300, 301,
  192 |     302, 303, 304, 305, 306, 307, 308, 400,"
/home/gabriel/Disk/Research/research-javascript-test-smells/repositories/undici/test/mock-utils.js,Unknown Test,"{'column': 0, 'line': 16}","  14 | } = require('../lib/mock/mock-utils')
  15 |
> 16 | test('deleteMockDispatch - should do nothing if not able to find mock dispatch', (t) => {
  17 |   t.plan(1)
  18 |
  19 |   const key = {"
/home/gabriel/Disk/Research/research-javascript-test-smells/repositories/undici/test/mock-utils.js,Unknown Test,"{'column': 2, 'line': 30}","  28 |
  29 | describe('getMockDispatch', () => {
> 30 |   test('it should find a mock dispatch', (t) => {
     |  ^ Unknown Test
  31 |     t.plan(1)
  32 |     const dispatches = [
  33 |       {"
/home/gabriel/Disk/Research/research-javascript-test-smells/repositories/undici/test/mock-utils.js,Unknown Test,"{'column': 2, 'line': 51}","  49 |   })
  50 |
> 51 |   test('it should skip consumed dispatches', (t) => {
     |  ^ Unknown Test
  52 |     t.plan(1)
  53 |     const dispatches = [
  54 |       {"
/home/gabriel/Disk/Research/research-javascript-test-smells/repositories/undici/test/mock-utils.js,Unknown Test,"{'column': 2, 'line': 77}","  75 |   })
  76 |
> 77 |   test('it should throw if dispatch not found', (t) => {
     |  ^ Unknown Test
  78 |     t.plan(1)
  79 |     const dispatches = [
  80 |       {"
/home/gabriel/Disk/Research/research-javascript-test-smells/repositories/undici/test/mock-utils.js,Unknown Test,"{'column': 2, 'line': 93}","  91 |   })
  92 |
> 93 |   test('it should throw if no dispatch matches method', (t) => {
     |  ^ Unknown Test
  94 |     t.plan(1)
  95 |     const dispatches = [
  96 |       {"
/home/gabriel/Disk/Research/research-javascript-test-smells/repositories/undici/test/mock-utils.js,Unknown Test,"{'column': 2, 'line': 109}","  107 |   })
  108 |
> 109 |   test('it should throw if no dispatch matches body', (t) => {
      |  ^ Unknown Test
  110 |     t.plan(1)
  111 |     const dispatches = [
  112 |       {"
/home/gabriel/Disk/Research/research-javascript-test-smells/repositories/undici/test/mock-utils.js,Unknown Test,"{'column': 2, 'line': 127}","  125 |   })
  126 |
> 127 |   test('it should throw if no dispatch matches headers', (t) => {
      |  ^ Unknown Test
  128 |     t.plan(1)
  129 |     const dispatches = [
  130 |       {"
/home/gabriel/Disk/Research/research-javascript-test-smells/repositories/undici/test/mock-utils.js,Unknown Test,"{'column': 2, 'line': 149}","  147 |
  148 | describe('getResponseData', () => {
> 149 |   test('it should stringify objects', (t) => {
      |  ^ Unknown Test
  150 |     t.plan(1)
  151 |     const responseData = getResponseData({ str: 'string', num: 42 })
  152 |     t.assert.strictEqual(responseData, '{""str"":""string"",""num"":42}')"
/home/gabriel/Disk/Research/research-javascript-test-smells/repositories/undici/test/mock-utils.js,Unknown Test,"{'column': 2, 'line': 155}","  153 |   })
  154 |
> 155 |   test('it should return strings untouched', (t) => {
      |  ^ Unknown Test
  156 |     t.plan(1)
  157 |     const responseData = getResponseData('test')
  158 |     t.assert.strictEqual(responseData, 'test')"
/home/gabriel/Disk/Research/research-javascript-test-smells/repositories/undici/test/mock-utils.js,Unknown Test,"{'column': 2, 'line': 161}","  159 |   })
  160 |
> 161 |   test('it should return buffers untouched', (t) => {
      |  ^ Unknown Test
  162 |     t.plan(1)
  163 |     const responseData = getResponseData(Buffer.from('test'))
  164 |     t.assert.ok(Buffer.isBuffer(responseData))"
/home/gabriel/Disk/Research/research-javascript-test-smells/repositories/undici/test/mock-utils.js,Unknown Test,"{'column': 2, 'line': 167}","  165 |   })
  166 |
> 167 |   test('it should return Uint8Array untouched', (t) => {
      |  ^ Unknown Test
  168 |     t.plan(1)
  169 |     const responseData = getResponseData(new TextEncoder().encode('{""test"":true}'))
  170 |     t.assert.ok(responseData instanceof Uint8Array)"
/home/gabriel/Disk/Research/research-javascript-test-smells/repositories/undici/test/mock-utils.js,Unknown Test,"{'column': 2, 'line': 173}","  171 |   })
  172 |
> 173 |   test('it should return ArrayBuffers untouched', (t) => {
      |  ^ Unknown Test
  174 |     t.plan(1)
  175 |     const responseData = getResponseData(new TextEncoder().encode('{""test"":true}').buffer)
  176 |     t.assert.ok(responseData instanceof ArrayBuffer)"
/home/gabriel/Disk/Research/research-javascript-test-smells/repositories/undici/test/mock-utils.js,Unknown Test,"{'column': 2, 'line': 179}","  177 |   })
  178 |
> 179 |   test('it should handle undefined', (t) => {
      |  ^ Unknown Test
  180 |     t.plan(1)
  181 |     const responseData = getResponseData(undefined)
  182 |     t.assert.strictEqual(responseData, '')"
/home/gabriel/Disk/Research/research-javascript-test-smells/repositories/undici/test/mock-utils.js,Unknown Test,"{'column': 0, 'line': 186}","  184 | })
  185 |
> 186 | test('getStatusText', (t) => {
  187 |   t.plan(64)
  188 |
  189 |   for (const statusCode of ["
/home/gabriel/Disk/Research/research-javascript-test-smells/repositories/undici/test/mock-utils.js,Unknown Test,"{'column': 0, 'line': 205}","  203 | })
  204 |
> 205 | test('getHeaderByName', (t) => {
  206 |   t.plan(6)
  207 |
  208 |   const headersRecord = {"
/home/gabriel/Disk/Research/research-javascript-test-smells/repositories/undici/test/mock-utils.js,Unknown Test,"{'column': 2, 'line': 231}","  229 |
  230 | describe('buildHeadersFromArray', () => {
> 231 |   test('it should build headers from array', (t) => {
      |  ^ Unknown Test
  232 |     t.plan(2)
  233 |
  234 |     const headers = buildHeadersFromArray(["
/home/gabriel/Disk/Research/research-javascript-test-smells/repositories/undici/test/mock-utils.js,Unknown Test,"{'column': 2, 'line': 244}","  242 |
  243 | describe('normalizeQueryParams', () => {
> 244 |   test('it should handle basic cases', (t) => {
      |  ^ Unknown Test
  245 |     t.plan(4)
  246 |
  247 |     t.assert.deepStrictEqual(normalizeSearchParams('').toString(), '')"
/home/gabriel/Disk/Research/research-javascript-test-smells/repositories/undici/test/mock-utils.js,Unknown Test,"{'column': 2, 'line': 254}","  252 |
  253 |   // https://github.com/nodejs/undici/issues/4146
> 254 |   test('it should handle multiple values set using different syntaxes', (t) => {
      |  ^ Unknown Test
  255 |     t.plan(3)
  256 |
  257 |     t.assert.deepStrictEqual(normalizeSearchParams('a=1&a=2&a=3').toString(), 'a=1&a=2&a=3')"
/home/gabriel/Disk/Research/research-javascript-test-smells/repositories/undici/test/mock-utils.js,Unknown Test,"{'column': 2, 'line': 262}","  260 |   })
  261 |
> 262 |   test('should handle edge case scenarios', (t) => {
      |  ^ Unknown Test
  263 |     t.plan(4)
  264 |
  265 |     t.assert.deepStrictEqual(normalizeSearchParams('a=""b[]""').toString(), `a=${encodeURIComponent('""b[]""')}`)"
/home/gabriel/Disk/Research/research-javascript-test-smells/repositories/undici/test/mock-utils.js,Unknown Test,"{'column': 2, 'line': 274}","  272 |
  273 | describe('normalizeOrigin', () => {
> 274 |   test('should normalize hostname to lowercase for string origins', (t) => {
      |  ^ Unknown Test
  275 |     t.plan(4)
  276 |
  277 |     t.assert.strictEqual(normalizeOrigin('http://Example.com'), 'http://example.com')"
/home/gabriel/Disk/Research/research-javascript-test-smells/repositories/undici/test/mock-utils.js,Unknown Test,"{'column': 2, 'line': 283}","  281 |   })
  282 |
> 283 |   test('should normalize hostname to lowercase for URL objects', (t) => {
      |  ^ Unknown Test
  284 |     t.plan(4)
  285 |
  286 |     t.assert.strictEqual(normalizeOrigin(new URL('http://Example.com')), 'http://example.com')"
/home/gabriel/Disk/Research/research-javascript-test-smells/repositories/undici/test/mock-utils.js,Unknown Test,"{'column': 2, 'line': 292}","  290 |   })
  291 |
> 292 |   test('should preserve port numbers', (t) => {
      |  ^ Unknown Test
  293 |     t.plan(3)
  294 |
  295 |     t.assert.strictEqual(normalizeOrigin('http://Example.com:8080'), 'http://example.com:8080')"
/home/gabriel/Disk/Research/research-javascript-test-smells/repositories/undici/test/mock-utils.js,Unknown Test,"{'column': 2, 'line': 300}","  298 |   })
  299 |
> 300 |   test('should return RegExp matchers as-is', (t) => {
      |  ^ Unknown Test
  301 |     t.plan(1)
  302 |
  303 |     const regex = /http:\/\/example\.com/"
/home/gabriel/Disk/Research/research-javascript-test-smells/repositories/undici/test/mock-utils.js,Unknown Test,"{'column': 2, 'line': 307}","  305 |   })
  306 |
> 307 |   test('should return function matchers as-is', (t) => {
      |  ^ Unknown Test
  308 |     t.plan(1)
  309 |
  310 |     const fn = (origin) => origin === 'http://example.com'"
/home/gabriel/Disk/Research/research-javascript-test-smells/repositories/undici/test/mock-utils.js,Unknown Test,"{'column': 2, 'line': 314}","  312 |   })
  313 |
> 314 |   test('should return other non-string, non-URL types as-is', (t) => {
      |  ^ Unknown Test
  315 |     t.plan(4)
  316 |
  317 |     const obj = { origin: 'http://example.com' }"
/home/gabriel/Disk/Research/research-javascript-test-smells/repositories/undici/test/mock-utils.js,Unknown Test,"{'column': 2, 'line': 328}","  326 |   })
  327 |
> 328 |   test('should handle invalid URLs gracefully', (t) => {
      |  ^ Unknown Test
  329 |     t.plan(2)
  330 |
  331 |     // Invalid URL strings should be returned as-is"
/home/gabriel/Disk/Research/research-javascript-test-smells/repositories/undici/test/mock-utils.js,Unknown Test,"{'column': 2, 'line': 336}","  334 |   })
  335 |
> 336 |   test('should handle IPv4 addresses', (t) => {
      |  ^ Unknown Test
  337 |     t.plan(2)
  338 |
  339 |     t.assert.strictEqual(normalizeOrigin('http://192.168.1.1'), 'http://192.168.1.1')"
/home/gabriel/Disk/Research/research-javascript-test-smells/repositories/undici/test/mock-utils.js,Unknown Test,"{'column': 2, 'line': 343}","  341 |   })
  342 |
> 343 |   test('should handle IPv6 addresses', (t) => {
      |  ^ Unknown Test
  344 |     t.plan(2)
  345 |
  346 |     t.assert.strictEqual(normalizeOrigin('http://[::1]'), 'http://[::1]')"
/home/gabriel/Disk/Research/research-javascript-test-smells/repositories/undici/test/mock-utils.js,Unknown Test,"{'column': 2, 'line': 350}","  348 |   })
  349 |
> 350 |   test('should handle localhost with different cases', (t) => {
      |  ^ Unknown Test
  351 |     t.plan(3)
  352 |
  353 |     t.assert.strictEqual(normalizeOrigin('http://LocalHost'), 'http://localhost')"
/home/gabriel/Disk/Research/research-javascript-test-smells/repositories/undici/test/mock-utils.js,Unknown Test,"{'column': 2, 'line': 358}","  356 |   })
  357 |
> 358 |   test('should handle subdomains with mixed case', (t) => {
      |  ^ Unknown Test
  359 |     t.plan(3)
  360 |
  361 |     t.assert.strictEqual(normalizeOrigin('http://Api.Example.Com'), 'http://api.example.com')"
/home/gabriel/Disk/Research/research-javascript-test-smells/repositories/undici/test/mock-utils.js,Unknown Test,"{'column': 2, 'line': 366}","  364 |   })
  365 |
> 366 |   test('should handle paths in URL objects (should only normalize origin part)', (t) => {
      |  ^ Unknown Test
  367 |     t.plan(2)
  368 |
  369 |     // URL objects with paths should still only return the origin"
/home/gabriel/Disk/Research/research-javascript-test-smells/repositories/undici/test/mock-scope.js,Unknown Test,"{'column': 2, 'line': 8}","   6 |
   7 | describe('MockScope - delay', () => {
>  8 |   test('should return MockScope', t => {
     |  ^ Unknown Test
   9 |     t.plan(1)
  10 |     const mockScope = new MockScope({
  11 |       path: '',"
/home/gabriel/Disk/Research/research-javascript-test-smells/repositories/undici/test/mock-scope.js,Unknown Test,"{'column': 2, 'line': 18}","  16 |   })
  17 |
> 18 |   test('should error if passed options invalid', t => {
     |  ^ Unknown Test
  19 |     t.plan(4)
  20 |
  21 |     const mockScope = new MockScope({"
/home/gabriel/Disk/Research/research-javascript-test-smells/repositories/undici/test/mock-scope.js,Unknown Test,"{'column': 2, 'line': 33}","  31 |
  32 | describe('MockScope - persist', () => {
> 33 |   test('should return MockScope', t => {
     |  ^ Unknown Test
  34 |     t.plan(1)
  35 |     const mockScope = new MockScope({
  36 |       path: '',"
/home/gabriel/Disk/Research/research-javascript-test-smells/repositories/undici/test/mock-scope.js,Unknown Test,"{'column': 2, 'line': 45}","  43 |
  44 | describe('MockScope - times', t => {
> 45 |   test('should return MockScope', t => {
     |  ^ Unknown Test
  46 |     t.plan(1)
  47 |     const mockScope = new MockScope({
  48 |       path: '',"
/home/gabriel/Disk/Research/research-javascript-test-smells/repositories/undici/test/mock-scope.js,Unknown Test,"{'column': 2, 'line': 55}","  53 |   })
  54 |
> 55 |   test('should error if passed options invalid', t => {
     |  ^ Unknown Test
  56 |     t.plan(4)
  57 |
  58 |     const mockScope = new MockScope({"
/home/gabriel/Disk/Research/research-javascript-test-smells/repositories/undici/test/mock-pool.js,Exception Handling,"{'line': 99, 'column': 54, 'index': 2793}","   97 |       method: 'GET'
   98 |     }, {
>  99 |       onHeaders: (_statusCode, _headers, resume) => { throw new Error('kaboom') },
      |                                                      ^ Exception Handling
  100 |       onData: () => { },
  101 |       onComplete: () => { }
  102 |     }), new Error('kaboom'))"
/home/gabriel/Disk/Research/research-javascript-test-smells/repositories/undici/test/mock-pool.js,Unknown Test,"{'column': 2, 'line': 16}","  14 |
  15 | describe('MockPool - constructor', () => {
> 16 |   test('fails if opts.agent does not implement `get` method', t => {
     |  ^ Unknown Test
  17 |     t.plan(1)
  18 |     t.assert.throws(() => new MockPool('http://localhost:9999', { agent: { get: 'not a function' } }), InvalidArgumentError)
  19 |   })"
/home/gabriel/Disk/Research/research-javascript-test-smells/repositories/undici/test/mock-pool.js,Unknown Test,"{'column': 2, 'line': 21}","  19 |   })
  20 |
> 21 |   test('sets agent', t => {
     |  ^ Unknown Test
  22 |     t.plan(1)
  23 |     t.assert.doesNotThrow(() => new MockPool('http://localhost:9999', { agent: new MockAgent() }))
  24 |   })"
/home/gabriel/Disk/Research/research-javascript-test-smells/repositories/undici/test/mock-pool.js,Unknown Test,"{'column': 2, 'line': 26}","  24 |   })
  25 |
> 26 |   test('should implement the Dispatcher API', t => {
     |  ^ Unknown Test
  27 |     t.plan(1)
  28 |
  29 |     const mockPool = new MockPool('http://localhost:9999', { agent: new MockAgent() })"
/home/gabriel/Disk/Research/research-javascript-test-smells/repositories/undici/test/mock-pool.js,Unknown Test,"{'column': 2, 'line': 35}","  33 |
  34 | describe('MockPool - dispatch', () => {
> 35 |   test('should handle a single interceptor', (t) => {
     |  ^ Unknown Test
  36 |     t.plan(1)
  37 |
  38 |     const baseUrl = 'http://localhost:9999'"
/home/gabriel/Disk/Research/research-javascript-test-smells/repositories/undici/test/mock-pool.js,Unknown Test,"{'column': 2, 'line': 70}","  68 |   })
  69 |
> 70 |   test('should directly throw error from mockDispatch function if error is not a MockNotMatchedError', (t) => {
     |  ^ Unknown Test
  71 |     t.plan(1)
  72 |
  73 |     const baseUrl = 'http://localhost:9999'"
/home/gabriel/Disk/Research/research-javascript-test-smells/repositories/undici/test/mock-pool.js,Unknown Test,"{'column': 0, 'line': 106}","  104 | })
  105 |
> 106 | test('MockPool - intercept should return a MockInterceptor', (t) => {
  107 |   t.plan(1)
  108 |
  109 |   const baseUrl = 'http://localhost:9999'"
/home/gabriel/Disk/Research/research-javascript-test-smells/repositories/undici/test/mock-pool.js,Unknown Test,"{'column': 2, 'line': 125}","  123 |
  124 | describe('MockPool - intercept validation', () => {
> 125 |   test('it should error if no options specified in the intercept', t => {
      |  ^ Unknown Test
  126 |     t.plan(1)
  127 |     const mockAgent = new MockAgent()
  128 |     after(() => mockAgent.close())"
/home/gabriel/Disk/Research/research-javascript-test-smells/repositories/undici/test/mock-pool.js,Unknown Test,"{'column': 2, 'line': 135}","  133 |   })
  134 |
> 135 |   test('it should error if no path specified in the intercept', t => {
      |  ^ Unknown Test
  136 |     t.plan(1)
  137 |     const mockAgent = new MockAgent()
  138 |     after(() => mockAgent.close())"
/home/gabriel/Disk/Research/research-javascript-test-smells/repositories/undici/test/mock-pool.js,Unknown Test,"{'column': 2, 'line': 145}","  143 |   })
  144 |
> 145 |   test('it should default to GET if no method specified in the intercept', t => {
      |  ^ Unknown Test
  146 |     t.plan(1)
  147 |     const mockAgent = new MockAgent()
  148 |     after(() => mockAgent.close())"
/home/gabriel/Disk/Research/research-javascript-test-smells/repositories/undici/test/mock-pool.js,Unknown Test,"{'column': 0, 'line': 155}","  153 | })
  154 |
> 155 | test('MockPool - close should run without error', async (t) => {
  156 |   t.plan(1)
  157 |
  158 |   const baseUrl = 'http://localhost:9999'"
/home/gabriel/Disk/Research/research-javascript-test-smells/repositories/undici/test/mock-pool.js,Unknown Test,"{'column': 0, 'line': 183}","  181 | })
  182 |
> 183 | test('MockPool - should be able to set as globalDispatcher', async (t) => {
  184 |   t.plan(3)
  185 |
  186 |   const server = createServer({ joinDuplicateHeaders: true }, (req, res) => {"
/home/gabriel/Disk/Research/research-javascript-test-smells/repositories/undici/test/mock-pool.js,Unknown Test,"{'column': 0, 'line': 221}","  219 | })
  220 |
> 221 | test('MockPool - should be able to use as a local dispatcher', async (t) => {
  222 |   t.plan(3)
  223 |
  224 |   const server = createServer({ joinDuplicateHeaders: true }, (req, res) => {"
/home/gabriel/Disk/Research/research-javascript-test-smells/repositories/undici/test/mock-pool.js,Unknown Test,"{'column': 0, 'line': 259}","  257 | })
  258 |
> 259 | test('MockPool - basic intercept with MockPool.request', async (t) => {
  260 |   t.plan(5)
  261 |
  262 |   const server = createServer({ joinDuplicateHeaders: true }, (req, res) => {"
/home/gabriel/Disk/Research/research-javascript-test-smells/repositories/undici/test/mock-pool.js,Unknown Test,"{'column': 0, 'line': 327}","  325 | })
  326 |
> 327 | test('MockPool - allows matching headers in fetch', async (t) => {
  328 |   t.plan(2)
  329 |
  330 |   const oldDispatcher = getGlobalDispatcher()"
/home/gabriel/Disk/Research/research-javascript-test-smells/repositories/undici/test/mock-pool.js,Unknown Test,"{'column': 0, 'line': 368}","  366 | })
  367 |
> 368 | test('MockPool - cleans mocks', async (t) => {
  369 |   t.plan(4)
  370 |
  371 |   const server = createServer({ joinDuplicateHeaders: true }, (req, res) => {"
/home/gabriel/Disk/Research/research-javascript-test-smells/repositories/undici/test/mock-interceptor.js,Conditional Test Logic,"{'line': 312, 'column': 4, 'index': 8554}","  310 |     ['', '/'],
  311 |     ['/', '/']
> 312 |   ].forEach(([interceptPath, fetchedPath], index) => {
      |    ^ Conditional Test Logic
  313 |     test(`MockAgent should match with or without trailing slash by setting ignoreTrailingSlash as MockAgent option /${index}`, async (t) => {
  314 |       t.plan(1)
  315 |"
/home/gabriel/Disk/Research/research-javascript-test-smells/repositories/undici/test/mock-interceptor.js,Conditional Test Logic,"{'line': 341, 'column': 4, 'index': 9719}","  339 |     })
  340 |
> 341 |     if (
      |    ^ Conditional Test Logic
  342 |       (interceptPath === fetchedPath && (interceptPath !== '' && fetchedPath !== '')) ||
  343 |       (interceptPath === '/' && fetchedPath === '')
  344 |     ) {"
/home/gabriel/Disk/Research/research-javascript-test-smells/repositories/undici/test/mock-interceptor.js,Conditional Test Logic,"{'line': 405, 'column': 4, 'index': 13119}","  403 |     ['bytes', 'Object', 'Uint8Array', { test: true }, new TextEncoder().encode('{""test"":true}')],
  404 |     ['text', 'Object', 'string', { test: true }, '{""test"":true}']
> 405 |   ].forEach(([method, inputType, outputType, input, output]) => {
      |    ^ Conditional Test Logic
  406 |     test(`${inputType} will be returned as ${outputType} via ${method}()`, async (t) => {
  407 |       t.plan(1)
  408 |"
/home/gabriel/Disk/Research/research-javascript-test-smells/repositories/undici/test/mock-interceptor.js,Unknown Test,"{'column': 2, 'line': 11}","   9 |
  10 | describe('MockInterceptor - path', () => {
> 11 |   test('should remove hash fragment from paths', t => {
     |  ^ Unknown Test
  12 |     t.plan(1)
  13 |     const mockInterceptor = new MockInterceptor({
  14 |       path: '#foobar',"
/home/gabriel/Disk/Research/research-javascript-test-smells/repositories/undici/test/mock-interceptor.js,Unknown Test,"{'column': 2, 'line': 22}","  20 |
  21 | describe('MockInterceptor - reply', () => {
> 22 |   test('should return MockScope', t => {
     |  ^ Unknown Test
  23 |     t.plan(1)
  24 |     const mockInterceptor = new MockInterceptor({
  25 |       path: '',"
/home/gabriel/Disk/Research/research-javascript-test-smells/repositories/undici/test/mock-interceptor.js,Unknown Test,"{'column': 2, 'line': 32}","  30 |   })
  31 |
> 32 |   test('should error if passed options invalid', t => {
     |  ^ Unknown Test
  33 |     t.plan(2)
  34 |
  35 |     const mockInterceptor = new MockInterceptor({"
/home/gabriel/Disk/Research/research-javascript-test-smells/repositories/undici/test/mock-interceptor.js,Unknown Test,"{'column': 2, 'line': 45}","  43 |
  44 | describe('MockInterceptor - reply callback', () => {
> 45 |   test('should return MockScope', t => {
     |  ^ Unknown Test
  46 |     t.plan(1)
  47 |     const mockInterceptor = new MockInterceptor({
  48 |       path: '',"
/home/gabriel/Disk/Research/research-javascript-test-smells/repositories/undici/test/mock-interceptor.js,Unknown Test,"{'column': 2, 'line': 55}","  53 |   })
  54 |
> 55 |   test('should error if passed options invalid', t => {
     |  ^ Unknown Test
  56 |     t.plan(3)
  57 |
  58 |     const mockInterceptor = new MockInterceptor({"
/home/gabriel/Disk/Research/research-javascript-test-smells/repositories/undici/test/mock-interceptor.js,Unknown Test,"{'column': 2, 'line': 69}","  67 |
  68 | describe('MockInterceptor - reply options callback', () => {
> 69 |   test('should return MockScope', t => {
     |  ^ Unknown Test
  70 |     t.plan(2)
  71 |
  72 |     const mockInterceptor = new MockInterceptor({"
/home/gabriel/Disk/Research/research-javascript-test-smells/repositories/undici/test/mock-interceptor.js,Unknown Test,"{'column': 2, 'line': 109}","  107 |   })
  108 |
> 109 |   test('should handle undefined data', t => {
      |  ^ Unknown Test
  110 |     t.plan(2)
  111 |
  112 |     const mockInterceptor = new MockInterceptor({"
/home/gabriel/Disk/Research/research-javascript-test-smells/repositories/undici/test/mock-interceptor.js,Unknown Test,"{'column': 2, 'line': 149}","  147 |   })
  148 |
> 149 |   test('should error if passed options invalid', async (t) => {
      |  ^ Unknown Test
  150 |     t.plan(4)
  151 |
  152 |     const baseUrl = 'http://localhost:9999'"
/home/gabriel/Disk/Research/research-javascript-test-smells/repositories/undici/test/mock-interceptor.js,Unknown Test,"{'column': 2, 'line': 224}","  222 |
  223 | describe('MockInterceptor - replyWithError', () => {
> 224 |   test('should return MockScope', t => {
      |  ^ Unknown Test
  225 |     t.plan(1)
  226 |     const mockInterceptor = new MockInterceptor({
  227 |       path: '',"
/home/gabriel/Disk/Research/research-javascript-test-smells/repositories/undici/test/mock-interceptor.js,Unknown Test,"{'column': 2, 'line': 234}","  232 |   })
  233 |
> 234 |   test('should error if passed options invalid', t => {
      |  ^ Unknown Test
  235 |     t.plan(1)
  236 |
  237 |     const mockInterceptor = new MockInterceptor({"
/home/gabriel/Disk/Research/research-javascript-test-smells/repositories/undici/test/mock-interceptor.js,Unknown Test,"{'column': 2, 'line': 246}","  244 |
  245 | describe('MockInterceptor - defaultReplyHeaders', () => {
> 246 |   test('should return MockInterceptor', t => {
      |  ^ Unknown Test
  247 |     t.plan(1)
  248 |     const mockInterceptor = new MockInterceptor({
  249 |       path: '',"
/home/gabriel/Disk/Research/research-javascript-test-smells/repositories/undici/test/mock-interceptor.js,Unknown Test,"{'column': 2, 'line': 256}","  254 |   })
  255 |
> 256 |   test('should error if passed options invalid', t => {
      |  ^ Unknown Test
  257 |     t.plan(1)
  258 |
  259 |     const mockInterceptor = new MockInterceptor({"
/home/gabriel/Disk/Research/research-javascript-test-smells/repositories/undici/test/mock-interceptor.js,Unknown Test,"{'column': 2, 'line': 268}","  266 |
  267 | describe('MockInterceptor - defaultReplyTrailers', () => {
> 268 |   test('should return MockInterceptor', t => {
      |  ^ Unknown Test
  269 |     t.plan(1)
  270 |     const mockInterceptor = new MockInterceptor({
  271 |       path: '',"
/home/gabriel/Disk/Research/research-javascript-test-smells/repositories/undici/test/mock-interceptor.js,Unknown Test,"{'column': 2, 'line': 278}","  276 |   })
  277 |
> 278 |   test('should error if passed options invalid', t => {
      |  ^ Unknown Test
  279 |     t.plan(1)
  280 |
  281 |     const mockInterceptor = new MockInterceptor({"
/home/gabriel/Disk/Research/research-javascript-test-smells/repositories/undici/test/mock-interceptor.js,Unknown Test,"{'column': 2, 'line': 290}","  288 |
  289 | describe('MockInterceptor - replyContentLength', () => {
> 290 |   test('should return MockInterceptor', t => {
      |  ^ Unknown Test
  291 |     t.plan(1)
  292 |     const mockInterceptor = new MockInterceptor({
  293 |       path: '',"
/home/gabriel/Disk/Research/research-javascript-test-smells/repositories/undici/test/mock-errors.js,Unknown Test,"{'column': 2, 'line': 7}","   5 |
   6 | describe('MockNotMatchedError', () => {
>  7 |   test('should implement an UndiciError', t => {
     |  ^ Unknown Test
   8 |     t.plan(4)
   9 |
  10 |     const mockError = new mockErrors.MockNotMatchedError()"
/home/gabriel/Disk/Research/research-javascript-test-smells/repositories/undici/test/mock-errors.js,Unknown Test,"{'column': 2, 'line': 17}","  15 |   })
  16 |
> 17 |   test('should set a custom message', t => {
     |  ^ Unknown Test
  18 |     t.plan(4)
  19 |
  20 |     const mockError = new mockErrors.MockNotMatchedError('custom message')"
/home/gabriel/Disk/Research/research-javascript-test-smells/repositories/undici/test/mock-client.js,Exception Handling,"{'line': 98, 'column': 54, 'index': 2838}","   96 |       method: 'GET'
   97 |     }, {
>  98 |       onHeaders: (_statusCode, _headers, resume) => { throw new Error('kaboom') },
      |                                                      ^ Exception Handling
   99 |       onData: () => {},
  100 |       onComplete: () => {}
  101 |     }), new Error('kaboom'))"
/home/gabriel/Disk/Research/research-javascript-test-smells/repositories/undici/test/mock-client.js,Unknown Test,"{'column': 2, 'line': 15}","  13 |
  14 | describe('MockClient - constructor', () => {
> 15 |   test('fails if opts.agent does not implement `get` method', t => {
     |  ^ Unknown Test
  16 |     t.plan(1)
  17 |     t.assert.throws(() => new MockClient('http://localhost:9999', { agent: { get: 'not a function' } }), InvalidArgumentError)
  18 |   })"
/home/gabriel/Disk/Research/research-javascript-test-smells/repositories/undici/test/mock-client.js,Unknown Test,"{'column': 2, 'line': 20}","  18 |   })
  19 |
> 20 |   test('sets agent', t => {
     |  ^ Unknown Test
  21 |     t.plan(1)
  22 |     t.assert.doesNotThrow(() => new MockClient('http://localhost:9999', { agent: new MockAgent({ connections: 1 }) }))
  23 |   })"
/home/gabriel/Disk/Research/research-javascript-test-smells/repositories/undici/test/mock-client.js,Unknown Test,"{'column': 2, 'line': 25}","  23 |   })
  24 |
> 25 |   test('should implement the Dispatcher API', t => {
     |  ^ Unknown Test
  26 |     t.plan(1)
  27 |
  28 |     const mockClient = new MockClient('http://localhost:9999', { agent: new MockAgent({ connections: 1 }) })"
/home/gabriel/Disk/Research/research-javascript-test-smells/repositories/undici/test/mock-client.js,Unknown Test,"{'column': 2, 'line': 34}","  32 |
  33 | describe('MockClient - dispatch', () => {
> 34 |   test('should handle a single interceptor', (t) => {
     |  ^ Unknown Test
  35 |     t.plan(1)
  36 |
  37 |     const baseUrl = 'http://localhost:9999'"
/home/gabriel/Disk/Research/research-javascript-test-smells/repositories/undici/test/mock-client.js,Unknown Test,"{'column': 2, 'line': 69}","  67 |   })
  68 |
> 69 |   test('should directly throw error from mockDispatch function if error is not a MockNotMatchedError', (t) => {
     |  ^ Unknown Test
  70 |     t.plan(1)
  71 |
  72 |     const baseUrl = 'http://localhost:9999'"
/home/gabriel/Disk/Research/research-javascript-test-smells/repositories/undici/test/mock-client.js,Unknown Test,"{'column': 0, 'line': 105}","  103 | })
  104 |
> 105 | test('MockClient - intercept should return a MockInterceptor', (t) => {
  106 |   t.plan(1)
  107 |
  108 |   const baseUrl = 'http://localhost:9999'"
/home/gabriel/Disk/Research/research-javascript-test-smells/repositories/undici/test/mock-client.js,Unknown Test,"{'column': 2, 'line': 124}","  122 |
  123 | describe('MockClient - intercept validation', () => {
> 124 |   test('it should error if no options specified in the intercept', t => {
      |  ^ Unknown Test
  125 |     t.plan(1)
  126 |     const mockAgent = new MockAgent({ connections: 1 })
  127 |     after(() => mockAgent.close())"
/home/gabriel/Disk/Research/research-javascript-test-smells/repositories/undici/test/mock-client.js,Unknown Test,"{'column': 2, 'line': 134}","  132 |   })
  133 |
> 134 |   test('it should error if no path specified in the intercept', t => {
      |  ^ Unknown Test
  135 |     t.plan(1)
  136 |     const mockAgent = new MockAgent({ connections: 1 })
  137 |     after(() => mockAgent.close())"
/home/gabriel/Disk/Research/research-javascript-test-smells/repositories/undici/test/mock-client.js,Unknown Test,"{'column': 2, 'line': 144}","  142 |   })
  143 |
> 144 |   test('it should default to GET if no method specified in the intercept', t => {
      |  ^ Unknown Test
  145 |     t.plan(1)
  146 |     const mockAgent = new MockAgent({ connections: 1 })
  147 |     after(() => mockAgent.close())"
/home/gabriel/Disk/Research/research-javascript-test-smells/repositories/undici/test/mock-client.js,Unknown Test,"{'column': 2, 'line': 153}","  151 |   })
  152 |
> 153 |   test('it should uppercase the method - https://github.com/nodejs/undici/issues/1320', t => {
      |  ^ Unknown Test
  154 |     t.plan(1)
  155 |
  156 |     const mockAgent = new MockAgent()"
/home/gabriel/Disk/Research/research-javascript-test-smells/repositories/undici/test/mock-client.js,Unknown Test,"{'column': 0, 'line': 170}","  168 | })
  169 |
> 170 | test('MockClient - close should run without error', async (t) => {
  171 |   t.plan(1)
  172 |
  173 |   const baseUrl = 'http://localhost:9999'"
/home/gabriel/Disk/Research/research-javascript-test-smells/repositories/undici/test/mock-client.js,Unknown Test,"{'column': 0, 'line': 197}","  195 | })
  196 |
> 197 | test('MockClient - should be able to set as globalDispatcher', async (t) => {
  198 |   t.plan(3)
  199 |
  200 |   const server = createServer({ joinDuplicateHeaders: true }, (req, res) => {"
/home/gabriel/Disk/Research/research-javascript-test-smells/repositories/undici/test/mock-client.js,Unknown Test,"{'column': 0, 'line': 235}","  233 | })
  234 |
> 235 | test('MockClient - should support query params', async (t) => {
  236 |   t.plan(3)
  237 |
  238 |   const server = createServer({ joinDuplicateHeaders: true }, (req, res) => {"
/home/gabriel/Disk/Research/research-javascript-test-smells/repositories/undici/test/mock-client.js,Unknown Test,"{'column': 0, 'line': 278}","  276 | })
  277 |
> 278 | test('MockClient - should intercept query params with hardcoded path', async (t) => {
  279 |   t.plan(3)
  280 |
  281 |   const server = createServer({ joinDuplicateHeaders: true }, (req, res) => {"
/home/gabriel/Disk/Research/research-javascript-test-smells/repositories/undici/test/mock-client.js,Unknown Test,"{'column': 0, 'line': 320}","  318 | })
  319 |
> 320 | test('MockClient - should intercept query params regardless of key ordering', async (t) => {
  321 |   t.plan(3)
  322 |
  323 |   const server = createServer({ joinDuplicateHeaders: true }, (req, res) => {"
/home/gabriel/Disk/Research/research-javascript-test-smells/repositories/undici/test/mock-client.js,Unknown Test,"{'column': 0, 'line': 370}","  368 | })
  369 |
> 370 | test('MockClient - should be able to use as a local dispatcher', async (t) => {
  371 |   t.plan(3)
  372 |
  373 |   const server = createServer({ joinDuplicateHeaders: true }, (req, res) => {"
/home/gabriel/Disk/Research/research-javascript-test-smells/repositories/undici/test/mock-client.js,Unknown Test,"{'column': 0, 'line': 408}","  406 | })
  407 |
> 408 | test('MockClient - basic intercept with MockClient.request', async (t) => {
  409 |   t.plan(5)
  410 |
  411 |   const server = createServer({ joinDuplicateHeaders: true }, (req, res) => {"
/home/gabriel/Disk/Research/research-javascript-test-smells/repositories/undici/test/mock-client.js,Unknown Test,"{'column': 0, 'line': 455}","  453 | })
  454 |
> 455 | test('MockClient - cleans mocks', async (t) => {
  456 |   t.plan(4)
  457 |
  458 |   const server = createServer({ joinDuplicateHeaders: true }, (req, res) => {"
/home/gabriel/Disk/Research/research-javascript-test-smells/repositories/undici/test/mock-call-history.js,Conditional Test Logic,"{'line': 158, 'column': 4, 'index': 5173}","  156 |     mockCallHistoryHello[kMockCallHistoryAddLog]({ path: '/noop', origin: 'http://localhost:4000' })
  157 |
> 158 |     for (const log of mockCallHistoryHello) {
      |    ^ Conditional Test Logic
  159 |       t.assert.ok(log instanceof MockCallHistoryLog)
  160 |       t.assert.ok(typeof log.path === 'string')
  161 |     }"
/home/gabriel/Disk/Research/research-javascript-test-smells/repositories/undici/test/mock-call-history.js,Unknown Test,"{'column': 2, 'line': 9}","   7 |
   8 | describe('MockCallHistory - constructor', () => {
>  9 |   test('should returns a MockCallHistory', t => {
     |  ^ Unknown Test
  10 |     t.plan(1)
  11 |
  12 |     const mockCallHistory = new MockCallHistory()"
/home/gabriel/Disk/Research/research-javascript-test-smells/repositories/undici/test/mock-call-history.js,Unknown Test,"{'column': 2, 'line': 19}","  17 |
  18 | describe('MockCallHistory - add log', () => {
> 19 |   test('should add a log', t => {
     |  ^ Unknown Test
  20 |     t.plan(2)
  21 |
  22 |     const mockCallHistoryHello = new MockCallHistory()"
/home/gabriel/Disk/Research/research-javascript-test-smells/repositories/undici/test/mock-call-history.js,Unknown Test,"{'column': 2, 'line': 33}","  31 |
  32 | describe('MockCallHistory - calls', () => {
> 33 |   test('should returns every logs', t => {
     |  ^ Unknown Test
  34 |     t.plan(1)
  35 |
  36 |     const mockCallHistoryHello = new MockCallHistory('hello')"
/home/gabriel/Disk/Research/research-javascript-test-smells/repositories/undici/test/mock-call-history.js,Unknown Test,"{'column': 2, 'line': 44}","  42 |   })
  43 |
> 44 |   test('should returns empty array when no logs', t => {
     |  ^ Unknown Test
  45 |     t.plan(1)
  46 |
  47 |     const mockCallHistoryHello = new MockCallHistory('hello')"
/home/gabriel/Disk/Research/research-javascript-test-smells/repositories/undici/test/mock-call-history.js,Unknown Test,"{'column': 2, 'line': 54}","  52 |
  53 | describe('MockCallHistory - firstCall', () => {
> 54 |   test('should returns the first log registered', t => {
     |  ^ Unknown Test
  55 |     t.plan(1)
  56 |
  57 |     const mockCallHistoryHello = new MockCallHistory('hello')"
/home/gabriel/Disk/Research/research-javascript-test-smells/repositories/undici/test/mock-call-history.js,Unknown Test,"{'column': 2, 'line': 65}","  63 |   })
  64 |
> 65 |   test('should returns undefined when no logs', t => {
     |  ^ Unknown Test
  66 |     t.plan(1)
  67 |
  68 |     const mockCallHistoryHello = new MockCallHistory('hello')"
/home/gabriel/Disk/Research/research-javascript-test-smells/repositories/undici/test/mock-call-history.js,Unknown Test,"{'column': 2, 'line': 75}","  73 |
  74 | describe('MockCallHistory - lastCall', () => {
> 75 |   test('should returns the first log registered', t => {
     |  ^ Unknown Test
  76 |     t.plan(1)
  77 |
  78 |     const mockCallHistoryHello = new MockCallHistory('hello')"
/home/gabriel/Disk/Research/research-javascript-test-smells/repositories/undici/test/mock-call-history.js,Unknown Test,"{'column': 2, 'line': 86}","  84 |   })
  85 |
> 86 |   test('should returns undefined when no logs', t => {
     |  ^ Unknown Test
  87 |     t.plan(1)
  88 |
  89 |     const mockCallHistoryHello = new MockCallHistory('hello')"
/home/gabriel/Disk/Research/research-javascript-test-smells/repositories/undici/test/mock-call-history.js,Unknown Test,"{'column': 2, 'line': 96}","  94 |
  95 | describe('MockCallHistory - nthCall', () => {
> 96 |   test('should returns the nth log registered', t => {
     |  ^ Unknown Test
  97 |     t.plan(2)
  98 |
  99 |     const mockCallHistoryHello = new MockCallHistory('hello')"
/home/gabriel/Disk/Research/research-javascript-test-smells/repositories/undici/test/mock-call-history.js,Unknown Test,"{'column': 2, 'line': 108}","  106 |   })
  107 |
> 108 |   test('should returns undefined when no logs', t => {
      |  ^ Unknown Test
  109 |     t.plan(1)
  110 |
  111 |     const mockCallHistoryHello = new MockCallHistory('hello')"
/home/gabriel/Disk/Research/research-javascript-test-smells/repositories/undici/test/mock-call-history.js,Unknown Test,"{'column': 2, 'line': 116}","  114 |   })
  115 |
> 116 |   test('should throw if index is not a number', t => {
      |  ^ Unknown Test
  117 |     t.plan(1)
  118 |
  119 |     const mockCallHistoryHello = new MockCallHistory('hello')"
/home/gabriel/Disk/Research/research-javascript-test-smells/repositories/undici/test/mock-call-history.js,Unknown Test,"{'column': 2, 'line': 124}","  122 |   })
  123 |
> 124 |   test('should throw if index is not an integer', t => {
      |  ^ Unknown Test
  125 |     t.plan(1)
  126 |
  127 |     const mockCallHistoryHello = new MockCallHistory('hello')"
/home/gabriel/Disk/Research/research-javascript-test-smells/repositories/undici/test/mock-call-history.js,Unknown Test,"{'column': 2, 'line': 132}","  130 |   })
  131 |
> 132 |   test('should throw if index is equal to zero', t => {
      |  ^ Unknown Test
  133 |     t.plan(1)
  134 |
  135 |     const mockCallHistoryHello = new MockCallHistory('hello')"
/home/gabriel/Disk/Research/research-javascript-test-smells/repositories/undici/test/mock-call-history.js,Unknown Test,"{'column': 2, 'line': 140}","  138 |   })
  139 |
> 140 |   test('should throw if index is negative', t => {
      |  ^ Unknown Test
  141 |     t.plan(1)
  142 |
  143 |     const mockCallHistoryHello = new MockCallHistory('hello')"
/home/gabriel/Disk/Research/research-javascript-test-smells/repositories/undici/test/mock-call-history.js,Unknown Test,"{'column': 2, 'line': 150}","  148 |
  149 | describe('MockCallHistory - iterator', () => {
> 150 |   test('should permit to iterate over logs with for..of', t => {
      |  ^ Unknown Test
  151 |     t.plan(4)
  152 |
  153 |     const mockCallHistoryHello = new MockCallHistory('hello')"
/home/gabriel/Disk/Research/research-javascript-test-smells/repositories/undici/test/mock-call-history.js,Unknown Test,"{'column': 2, 'line': 164}","  162 |   })
  163 |
> 164 |   test('should permit to iterate over logs with spread operator', t => {
      |  ^ Unknown Test
  165 |     t.plan(2)
  166 |
  167 |     const mockCallHistoryHello = new MockCallHistory('hello')"
/home/gabriel/Disk/Research/research-javascript-test-smells/repositories/undici/test/mock-call-history.js,Unknown Test,"{'column': 2, 'line': 180}","  178 |
  179 | describe('MockCallHistory - filterCalls without options', () => {
> 180 |   test('should filter logs with a function', t => {
      |  ^ Unknown Test
  181 |     t.plan(2)
  182 |
  183 |     const mockCallHistoryHello = new MockCallHistory('hello')"
/home/gabriel/Disk/Research/research-javascript-test-smells/repositories/undici/test/mock-call-history.js,Unknown Test,"{'column': 2, 'line': 194}","  192 |   })
  193 |
> 194 |   test('should filter logs with a regexp', t => {
      |  ^ Unknown Test
  195 |     t.plan(2)
  196 |
  197 |     const mockCallHistoryHello = new MockCallHistory('hello')"
/home/gabriel/Disk/Research/research-javascript-test-smells/repositories/undici/test/mock-call-history.js,Unknown Test,"{'column': 2, 'line': 208}","  206 |   })
  207 |
> 208 |   test('should filter logs with an object', t => {
      |  ^ Unknown Test
  209 |     t.plan(2)
  210 |
  211 |     const mockCallHistoryHello = new MockCallHistory('hello')"
/home/gabriel/Disk/Research/research-javascript-test-smells/repositories/undici/test/mock-call-history.js,Unknown Test,"{'column': 2, 'line': 223}","  221 |   })
  222 |
> 223 |   test('should returns every logs with an empty object', t => {
      |  ^ Unknown Test
  224 |     t.plan(1)
  225 |
  226 |     const mockCallHistoryHello = new MockCallHistory('hello')"
/home/gabriel/Disk/Research/research-javascript-test-smells/repositories/undici/test/mock-call-history.js,Unknown Test,"{'column': 2, 'line': 237}","  235 |   })
  236 |
> 237 |   test('should filter logs with an object with host property', t => {
      |  ^ Unknown Test
  238 |     t.plan(1)
  239 |
  240 |     const mockCallHistoryHello = new MockCallHistory('hello')"
/home/gabriel/Disk/Research/research-javascript-test-smells/repositories/undici/test/mock-call-history.js,Unknown Test,"{'column': 2, 'line': 251}","  249 |   })
  250 |
> 251 |   test('should filter logs with an object with port property', t => {
      |  ^ Unknown Test
  252 |     t.plan(1)
  253 |
  254 |     const mockCallHistoryHello = new MockCallHistory('hello')"
/home/gabriel/Disk/Research/research-javascript-test-smells/repositories/undici/test/mock-call-history.js,Unknown Test,"{'column': 2, 'line': 265}","  263 |   })
  264 |
> 265 |   test('should filter logs with an object with hash property', t => {
      |  ^ Unknown Test
  266 |     t.plan(1)
  267 |
  268 |     const mockCallHistoryHello = new MockCallHistory('hello')"
/home/gabriel/Disk/Research/research-javascript-test-smells/repositories/undici/test/mock-call-history.js,Unknown Test,"{'column': 2, 'line': 279}","  277 |   })
  278 |
> 279 |   test('should filter logs with an object with fullUrl property', t => {
      |  ^ Unknown Test
  280 |     t.plan(1)
  281 |
  282 |     const mockCallHistoryHello = new MockCallHistory('hello')"
/home/gabriel/Disk/Research/research-javascript-test-smells/repositories/undici/test/mock-call-history.js,Unknown Test,"{'column': 2, 'line': 293}","  291 |   })
  292 |
> 293 |   test('should filter logs with an object with method property', t => {
      |  ^ Unknown Test
  294 |     t.plan(1)
  295 |
  296 |     const mockCallHistoryHello = new MockCallHistory('hello')"
/home/gabriel/Disk/Research/research-javascript-test-smells/repositories/undici/test/mock-call-history.js,Unknown Test,"{'column': 2, 'line': 307}","  305 |   })
  306 |
> 307 |   test('should use ""OR"" operator', t => {
      |  ^ Unknown Test
  308 |     t.plan(1)
  309 |
  310 |     const mockCallHistoryHello = new MockCallHistory('hello')"
/home/gabriel/Disk/Research/research-javascript-test-smells/repositories/undici/test/mock-call-history.js,Unknown Test,"{'column': 2, 'line': 321}","  319 |   })
  320 |
> 321 |   test('should returns no duplicated logs', t => {
      |  ^ Unknown Test
  322 |     t.plan(1)
  323 |
  324 |     const mockCallHistoryHello = new MockCallHistory('hello')"
/home/gabriel/Disk/Research/research-javascript-test-smells/repositories/undici/test/mock-call-history.js,Unknown Test,"{'column': 2, 'line': 335}","  333 |   })
  334 |
> 335 |   test('should throw if criteria is typeof number', t => {
      |  ^ Unknown Test
  336 |     t.plan(1)
  337 |
  338 |     const mockCallHistoryHello = new MockCallHistory('hello')"
/home/gabriel/Disk/Research/research-javascript-test-smells/repositories/undici/test/mock-call-history.js,Unknown Test,"{'column': 2, 'line': 345}","  343 |   })
  344 |
> 345 |   test('should throw if criteria is not a function, regexp, nor object', t => {
      |  ^ Unknown Test
  346 |     t.plan(1)
  347 |
  348 |     const mockCallHistoryHello = new MockCallHistory('hello')"
/home/gabriel/Disk/Research/research-javascript-test-smells/repositories/undici/test/mock-call-history.js,Unknown Test,"{'column': 2, 'line': 357}","  355 |
  356 | describe('MockCallHistory - filterCalls with options', () => {
> 357 |   test('should throw if options.operator is not a valid string', t => {
      |  ^ Unknown Test
  358 |     t.plan(1)
  359 |
  360 |     const mockCallHistoryHello = new MockCallHistory('hello')"
/home/gabriel/Disk/Research/research-javascript-test-smells/repositories/undici/test/mock-call-history.js,Unknown Test,"{'column': 2, 'line': 367}","  365 |   })
  366 |
> 367 |   test('should not throw if options.operator is ""or""', t => {
      |  ^ Unknown Test
  368 |     t.plan(1)
  369 |
  370 |     const mockCallHistoryHello = new MockCallHistory('hello')"
/home/gabriel/Disk/Research/research-javascript-test-smells/repositories/undici/test/mock-call-history.js,Unknown Test,"{'column': 2, 'line': 377}","  375 |   })
  376 |
> 377 |   test('should not throw if options.operator is ""and""', t => {
      |  ^ Unknown Test
  378 |     t.plan(1)
  379 |
  380 |     const mockCallHistoryHello = new MockCallHistory('hello')"
/home/gabriel/Disk/Research/research-javascript-test-smells/repositories/undici/test/mock-call-history.js,Unknown Test,"{'column': 2, 'line': 387}","  385 |   })
  386 |
> 387 |   test('should use ""OR"" operator if options is an empty object', t => {
      |  ^ Unknown Test
  388 |     t.plan(1)
  389 |
  390 |     const mockCallHistoryHello = new MockCallHistory('hello')"
/home/gabriel/Disk/Research/research-javascript-test-smells/repositories/undici/test/mock-call-history.js,Unknown Test,"{'column': 2, 'line': 400}","  398 |   })
  399 |
> 400 |   test('should use ""AND"" operator correctly', t => {
      |  ^ Unknown Test
  401 |     t.plan(1)
  402 |
  403 |     const mockCallHistoryHello = new MockCallHistory('hello')"
/home/gabriel/Disk/Research/research-javascript-test-smells/repositories/undici/test/mock-call-history.js,Unknown Test,"{'column': 2, 'line': 415}","  413 |   })
  414 |
> 415 |   test('should use ""AND"" operator with a lot of filters', t => {
      |  ^ Unknown Test
  416 |     t.plan(1)
  417 |
  418 |     const mockCallHistoryHello = new MockCallHistory('hello')"
/home/gabriel/Disk/Research/research-javascript-test-smells/repositories/undici/test/mock-call-history-log.js,Unknown Test,"{'column': 2, 'line': 21}","  19 |   }
  20 |
> 21 |   test('should populate class properties with query in path', t => {
     |  ^ Unknown Test
  22 |     t.plan(10)
  23 |
  24 |     const mockCallHistoryLog = new MockCallHistoryLog({"
/home/gabriel/Disk/Research/research-javascript-test-smells/repositories/undici/test/mock-call-history-log.js,Unknown Test,"{'column': 2, 'line': 35}","  33 |   })
  34 |
> 35 |   test('should populate class properties with query in argument', t => {
     |  ^ Unknown Test
  36 |     t.plan(10)
  37 |
  38 |     const mockCallHistoryLog = new MockCallHistoryLog({"
/home/gabriel/Disk/Research/research-javascript-test-smells/repositories/undici/test/mock-call-history-log.js,Unknown Test,"{'column': 2, 'line': 50}","  48 |   })
  49 |
> 50 |   test('should throw when url computing failed', t => {
     |  ^ Unknown Test
  51 |     t.plan(1)
  52 |
  53 |     t.assert.throws(() => new MockCallHistoryLog({}), new InvalidArgumentError('An error occurred when computing MockCallHistoryLog.url'))"
/home/gabriel/Disk/Research/research-javascript-test-smells/repositories/undici/test/mock-call-history-log.js,Unknown Test,"{'column': 2, 'line': 58}","  56 |
  57 | describe('MockCallHistoryLog - toMap', () => {
> 58 |   test('should return a Map of eleven element', t => {
     |  ^ Unknown Test
  59 |     t.plan(1)
  60 |
  61 |     const mockCallHistoryLog = new MockCallHistoryLog({"
/home/gabriel/Disk/Research/research-javascript-test-smells/repositories/undici/test/mock-call-history-log.js,Unknown Test,"{'column': 2, 'line': 74}","  72 |
  73 | describe('MockCallHistoryLog - toString', () => {
> 74 |   test('should return a string with all property', t => {
     |  ^ Unknown Test
  75 |     t.plan(1)
  76 |
  77 |     const mockCallHistoryLog = new MockCallHistoryLog({"
/home/gabriel/Disk/Research/research-javascript-test-smells/repositories/undici/test/mock-call-history-log.js,Unknown Test,"{'column': 2, 'line': 88}","  86 |   })
  87 |
> 88 |   test('should return a string when headers is an Array of string Array', t => {
     |  ^ Unknown Test
  89 |     t.plan(1)
  90 |
  91 |     const mockCallHistoryLog = new MockCallHistoryLog({"
/home/gabriel/Disk/Research/research-javascript-test-smells/repositories/undici/test/mock-agent.js,Conditional Test Logic,"{'line': 2708, 'column': 4, 'index': 76851}","  2706 |     const pool = dispatcher.get(baseUrl)
  2707 |
> 2708 |     for (let i = 0; i < samples; i++) {
       |    ^ Conditional Test Logic
  2709 |       pool.intercept({
  2710 |         path: `/foo/${i}`,
  2711 |         method: 'GET'"
/home/gabriel/Disk/Research/research-javascript-test-smells/repositories/undici/test/mock-agent.js,Conditional Test Logic,"{'line': 2719, 'column': 2, 'index': 77062}","  2717 |
  2718 |   const results = new Set()
> 2719 |   for (let i = 0; i < samples; i++) {
       |  ^ Conditional Test Logic
  2720 |     // Let's make some time pass to allow garbage collection to happen
  2721 |     await sleep(10)
  2722 |"
/home/gabriel/Disk/Research/research-javascript-test-smells/repositories/undici/test/mock-agent.js,Conditional Test Logic,"{'line': 2857, 'column': 4, 'index': 80518}","  2855 |     method: () => true
  2856 |   }).reply(200, async (opts) => {
> 2857 |     if (opts.body && opts.body[Symbol.asyncIterator]) {
       |    ^ Conditional Test Logic
  2858 |       const chunks = []
  2859 |       for await (const chunk of opts.body) {
  2860 |         chunks.push(chunk)"
/home/gabriel/Disk/Research/research-javascript-test-smells/repositories/undici/test/mock-agent.js,Conditional Test Logic,"{'line': 2859, 'column': 6, 'index': 80600}","  2857 |     if (opts.body && opts.body[Symbol.asyncIterator]) {
  2858 |       const chunks = []
> 2859 |       for await (const chunk of opts.body) {
       |      ^ Conditional Test Logic
  2860 |         chunks.push(chunk)
  2861 |       }
  2862 |"
/home/gabriel/Disk/Research/research-javascript-test-smells/repositories/undici/test/mock-agent.js,Conditional Test Logic,"{'line': 3002, 'column': 2, 'index': 83784}","  3000 |   '/foo?array[]=item1&array[]=item2',
  3001 |   '/foo?array=item1,item2'
> 3002 | ].forEach(path => {
       |  ^ Conditional Test Logic
  3003 |   test(`MockAgent - should accept non-standard multi value search parameters when acceptNonStandardSearchParameters is true ""${path}""`, async (t) => {
  3004 |     t.plan(4)
  3005 |"
/home/gabriel/Disk/Research/research-javascript-test-smells/repositories/undici/test/mock-agent.js,Exception Handling,"{'line': 1224, 'column': 2, 'index': 36454}","  1222 |   t.assert.strictEqual(mockAgent[kClients].size, 0)
  1223 |
> 1224 |   try {
       |  ^ Exception Handling
  1225 |     await request(`${baseUrl}/foo`, { method: 'GET' })
  1226 |   } catch (err) {
  1227 |     t.assert.ok(err instanceof ClientDestroyedError)"
/home/gabriel/Disk/Research/research-javascript-test-smells/repositories/undici/test/mock-agent.js,Exception Handling,"{'line': 1282, 'column': 2, 'index': 37908}","  1280 |   t.assert.strictEqual(mockAgent[kClients].size, 0)
  1281 |
> 1282 |   try {
       |  ^ Exception Handling
  1283 |     await request(`${baseUrl}/foo`, { method: 'GET' })
  1284 |   } catch (err) {
  1285 |     t.assert.ok(err instanceof ClientDestroyedError)"
/home/gabriel/Disk/Research/research-javascript-test-smells/repositories/undici/test/mock-agent.js,Sleepy Test,"{'line': 2699, 'column': 6, 'index': 76610}","  2697 |   function sleep (delay) {
  2698 |     return new Promise(resolve => {
> 2699 |       setTimeout(resolve, delay)
       |      ^ Sleepy Test
  2700 |     })
  2701 |   }
  2702 |"
/home/gabriel/Disk/Research/research-javascript-test-smells/repositories/undici/test/mock-agent.js,Sleepy Test,"{'line': 2885, 'column': 10, 'index': 81189}","  2883 |           controller.enqueue(new TextEncoder().encode('{""foo"":'))
  2884 |
> 2885 |           setTimeout(() => {
       |          ^ Sleepy Test
  2886 |             controller.enqueue(new TextEncoder().encode('""bar""}'))
  2887 |             controller.close()
  2888 |           }, 100)"
/home/gabriel/Disk/Research/research-javascript-test-smells/repositories/undici/test/mock-agent.js,Unknown Test,"{'column': 2, 'line': 19}","  17 |
  18 | describe('MockAgent - constructor', () => {
> 19 |   test('sets up mock agent', t => {
     |  ^ Unknown Test
  20 |     t.plan(1)
  21 |     t.assert.doesNotThrow(() => new MockAgent())
  22 |   })"
/home/gabriel/Disk/Research/research-javascript-test-smells/repositories/undici/test/mock-agent.js,Unknown Test,"{'column': 2, 'line': 24}","  22 |   })
  23 |
> 24 |   test('should implement the Dispatcher API', t => {
     |  ^ Unknown Test
  25 |     t.plan(1)
  26 |
  27 |     const mockAgent = new MockAgent()"
/home/gabriel/Disk/Research/research-javascript-test-smells/repositories/undici/test/mock-agent.js,Unknown Test,"{'column': 2, 'line': 31}","  29 |   })
  30 |
> 31 |   test('sets up mock agent with single connection', t => {
     |  ^ Unknown Test
  32 |     t.plan(1)
  33 |     t.assert.doesNotThrow(() => new MockAgent({ connections: 1 }))
  34 |   })"
/home/gabriel/Disk/Research/research-javascript-test-smells/repositories/undici/test/mock-agent.js,Unknown Test,"{'column': 2, 'line': 36}","  34 |   })
  35 |
> 36 |   test('should error passed agent is not valid', t => {
     |  ^ Unknown Test
  37 |     t.plan(2)
  38 |     t.assert.throws(() => new MockAgent({ agent: {} }), new InvalidArgumentError('Argument opts.agent must implement Agent'))
  39 |     t.assert.throws(() => new MockAgent({ agent: { dispatch: '' } }), new InvalidArgumentError('Argument opts.agent must implement Agent'))"
/home/gabriel/Disk/Research/research-javascript-test-smells/repositories/undici/test/mock-agent.js,Unknown Test,"{'column': 2, 'line': 42}","  40 |   })
  41 |
> 42 |   test('should be able to specify the agent to mock', t => {
     |  ^ Unknown Test
  43 |     t.plan(1)
  44 |     const agent = new Agent()
  45 |     after(() => agent.close())"
/home/gabriel/Disk/Research/research-javascript-test-smells/repositories/undici/test/mock-agent.js,Unknown Test,"{'column': 2, 'line': 51}","  49 |   })
  50 |
> 51 |   test('should disable call history by default', t => {
     |  ^ Unknown Test
  52 |     t.plan(2)
  53 |     const mockAgent = new MockAgent()
  54 |     after(() => mockAgent.close())"
/home/gabriel/Disk/Research/research-javascript-test-smells/repositories/undici/test/mock-agent.js,Unknown Test,"{'column': 2, 'line': 60}","  58 |   })
  59 |
> 60 |   test('should enable call history if option is true', t => {
     |  ^ Unknown Test
  61 |     t.plan(2)
  62 |     const mockAgent = new MockAgent({ enableCallHistory: true })
  63 |     after(() => mockAgent.close())"
/home/gabriel/Disk/Research/research-javascript-test-smells/repositories/undici/test/mock-agent.js,Unknown Test,"{'column': 2, 'line': 69}","  67 |   })
  68 |
> 69 |   test('should disable call history if option is false', t => {
     |  ^ Unknown Test
  70 |     t.plan(2)
  71 |     after(() => mockAgent.close())
  72 |     const mockAgent = new MockAgent({ enableCallHistory: false })"
/home/gabriel/Disk/Research/research-javascript-test-smells/repositories/undici/test/mock-agent.js,Unknown Test,"{'column': 2, 'line': 78}","  76 |   })
  77 |
> 78 |   test('should throw if enableCallHistory option is not a boolean', t => {
     |  ^ Unknown Test
  79 |     t.plan(1)
  80 |
  81 |     t.assert.throws(() => new MockAgent({ enableCallHistory: 'hello' }), new InvalidArgumentError('options.enableCallHistory must to be a boolean'))"
/home/gabriel/Disk/Research/research-javascript-test-smells/repositories/undici/test/mock-agent.js,Unknown Test,"{'column': 2, 'line': 86}","  84 |
  85 | describe('MockAgent - enableCallHistory', () => {
> 86 |   test('should enable call history and add call history log', async (t) => {
     |  ^ Unknown Test
  87 |     t.plan(2)
  88 |
  89 |     const mockAgent = new MockAgent()"
/home/gabriel/Disk/Research/research-javascript-test-smells/repositories/undici/test/mock-agent.js,Unknown Test,"{'column': 2, 'line': 112}","  110 |
  111 | describe('MockAgent - disableCallHistory', () => {
> 112 |   test('should disable call history and not add call history log', async (t) => {
      |  ^ Unknown Test
  113 |     t.plan(2)
  114 |
  115 |     const mockAgent = new MockAgent({ enableCallHistory: true })"
/home/gabriel/Disk/Research/research-javascript-test-smells/repositories/undici/test/mock-agent.js,Unknown Test,"{'column': 2, 'line': 138}","  136 |
  137 | describe('MockAgent - get', () => {
> 138 |   test('should return MockClient', (t) => {
      |  ^ Unknown Test
  139 |     t.plan(1)
  140 |
  141 |     const baseUrl = 'http://localhost:9999'"
/home/gabriel/Disk/Research/research-javascript-test-smells/repositories/undici/test/mock-agent.js,Unknown Test,"{'column': 2, 'line': 150}","  148 |   })
  149 |
> 150 |   test('should return MockPool', (t) => {
      |  ^ Unknown Test
  151 |     t.plan(1)
  152 |
  153 |     const baseUrl = 'http://localhost:9999'"
/home/gabriel/Disk/Research/research-javascript-test-smells/repositories/undici/test/mock-agent.js,Unknown Test,"{'column': 2, 'line': 162}","  160 |   })
  161 |
> 162 |   test('should return the same instance if already created', (t) => {
      |  ^ Unknown Test
  163 |     t.plan(1)
  164 |
  165 |     const baseUrl = 'http://localhost:9999'"
/home/gabriel/Disk/Research/research-javascript-test-smells/repositories/undici/test/mock-agent.js,Unknown Test,"{'column': 2, 'line': 177}","  175 |
  176 | describe('MockAgent - dispatch', () => {
> 177 |   test('should call the dispatch method of the MockPool', (t) => {
      |  ^ Unknown Test
  178 |     t.plan(1)
  179 |
  180 |     const baseUrl = 'http://localhost:9999'"
/home/gabriel/Disk/Research/research-javascript-test-smells/repositories/undici/test/mock-agent.js,Unknown Test,"{'column': 2, 'line': 204}","  202 |   })
  203 |
> 204 |   test('should call the dispatch method of the MockClient', (t) => {
      |  ^ Unknown Test
  205 |     t.plan(1)
  206 |
  207 |     const baseUrl = 'http://localhost:9999'"
/home/gabriel/Disk/Research/research-javascript-test-smells/repositories/undici/test/mock-agent.js,Unknown Test,"{'column': 0, 'line': 232}","  230 | })
  231 |
> 232 | test('MockAgent - .close should clean up registered pools', async (t) => {
  233 |   t.plan(5)
  234 |
  235 |   const baseUrl = 'http://localhost:9999'"
/home/gabriel/Disk/Research/research-javascript-test-smells/repositories/undici/test/mock-agent.js,Unknown Test,"{'column': 0, 'line': 250}","  248 | })
  249 |
> 250 | test('MockAgent - .close should clean up registered clients', async (t) => {
  251 |   t.plan(5)
  252 |
  253 |   const baseUrl = 'http://localhost:9999'"
/home/gabriel/Disk/Research/research-javascript-test-smells/repositories/undici/test/mock-agent.js,Unknown Test,"{'column': 0, 'line': 268}","  266 | })
  267 |
> 268 | test('MockAgent - [kClients] should match encapsulated agent', async (t) => {
  269 |   t.plan(1)
  270 |
  271 |   const server = createServer({ joinDuplicateHeaders: true }, (req, res) => {"
/home/gabriel/Disk/Research/research-javascript-test-smells/repositories/undici/test/mock-agent.js,Unknown Test,"{'column': 0, 'line': 300}","  298 | })
  299 |
> 300 | test('MockAgent - basic intercept with MockAgent.request', async (t) => {
  301 |   t.plan(4)
  302 |
  303 |   const server = createServer({ joinDuplicateHeaders: true }, (req, res) => {"
/home/gabriel/Disk/Research/research-javascript-test-smells/repositories/undici/test/mock-agent.js,Unknown Test,"{'column': 0, 'line': 346}","  344 | })
  345 |
> 346 | test('MockAgent - basic intercept with request', async (t) => {
  347 |   t.plan(4)
  348 |
  349 |   const server = createServer({ joinDuplicateHeaders: true }, (req, res) => {"
/home/gabriel/Disk/Research/research-javascript-test-smells/repositories/undici/test/mock-agent.js,Unknown Test,"{'column': 0, 'line': 391}","  389 | })
  390 |
> 391 | test('MockAgent - should support local agents', async (t) => {
  392 |   t.plan(4)
  393 |
  394 |   const server = createServer({ joinDuplicateHeaders: true }, (req, res) => {"
/home/gabriel/Disk/Research/research-javascript-test-smells/repositories/undici/test/mock-agent.js,Unknown Test,"{'column': 0, 'line': 439}","  437 | })
  438 |
> 439 | test('MockAgent - should support specifying custom agents to mock', async (t) => {
  440 |   t.plan(4)
  441 |
  442 |   const server = createServer({ joinDuplicateHeaders: true }, (req, res) => {"
/home/gabriel/Disk/Research/research-javascript-test-smells/repositories/undici/test/mock-agent.js,Unknown Test,"{'column': 0, 'line': 488}","  486 | })
  487 |
> 488 | test('MockAgent - basic Client intercept with request', async (t) => {
  489 |   t.plan(4)
  490 |
  491 |   const server = createServer({ joinDuplicateHeaders: true }, (req, res) => {"
/home/gabriel/Disk/Research/research-javascript-test-smells/repositories/undici/test/mock-agent.js,Unknown Test,"{'column': 0, 'line': 535}","  533 | })
  534 |
> 535 | test('MockAgent - basic intercept with multiple pools', async (t) => {
  536 |   t.plan(4)
  537 |
  538 |   const server = createServer({ joinDuplicateHeaders: true }, (req, res) => {"
/home/gabriel/Disk/Research/research-javascript-test-smells/repositories/undici/test/mock-agent.js,Unknown Test,"{'column': 0, 'line': 589}","  587 | })
  588 |
> 589 | test('MockAgent - should handle multiple responses for an interceptor', async (t) => {
  590 |   t.plan(6)
  591 |
  592 |   const server = createServer({ joinDuplicateHeaders: true }, (req, res) => {"
/home/gabriel/Disk/Research/research-javascript-test-smells/repositories/undici/test/mock-agent.js,Unknown Test,"{'column': 0, 'line': 654}","  652 | })
  653 |
> 654 | test('MockAgent - should call original Pool dispatch if request not found', async (t) => {
  655 |   t.plan(5)
  656 |
  657 |   const server = createServer({ joinDuplicateHeaders: true }, (req, res) => {"
/home/gabriel/Disk/Research/research-javascript-test-smells/repositories/undici/test/mock-agent.js,Unknown Test,"{'column': 0, 'line': 686}","  684 | })
  685 |
> 686 | test('MockAgent - should call original Client dispatch if request not found', async (t) => {
  687 |   t.plan(5)
  688 |
  689 |   const server = createServer({ joinDuplicateHeaders: true }, (req, res) => {"
/home/gabriel/Disk/Research/research-javascript-test-smells/repositories/undici/test/mock-agent.js,Unknown Test,"{'column': 0, 'line': 718}","  716 | })
  717 |
> 718 | test('MockAgent - should handle string responses', async (t) => {
  719 |   t.plan(2)
  720 |
  721 |   const server = createServer({ joinDuplicateHeaders: true }, (req, res) => {"
/home/gabriel/Disk/Research/research-javascript-test-smells/repositories/undici/test/mock-agent.js,Unknown Test,"{'column': 0, 'line': 754}","  752 | })
  753 |
> 754 | test('MockAgent - should handle basic concurrency for requests', { jobs: 5 }, async (t) => {
  755 |   const mockAgent = new MockAgent()
  756 |   setGlobalDispatcher(mockAgent)
  757 |   after(() => mockAgent.close())"
/home/gabriel/Disk/Research/research-javascript-test-smells/repositories/undici/test/mock-agent.js,Unknown Test,"{'column': 0, 'line': 784}","  782 | })
  783 |
> 784 | test('MockAgent - handle delays to simulate work', async (t) => {
  785 |   t.plan(3)
  786 |
  787 |   const server = createServer({ joinDuplicateHeaders: true }, (req, res) => {"
/home/gabriel/Disk/Research/research-javascript-test-smells/repositories/undici/test/mock-agent.js,Unknown Test,"{'column': 0, 'line': 824}","  822 | })
  823 |
> 824 | test('MockAgent - should persist requests', async (t) => {
  825 |   t.plan(8)
  826 |
  827 |   const server = createServer({ joinDuplicateHeaders: true }, (req, res) => {"
/home/gabriel/Disk/Research/research-javascript-test-smells/repositories/undici/test/mock-agent.js,Unknown Test,"{'column': 0, 'line': 888}","  886 | })
  887 |
> 888 | test('MockAgent - getCallHistory with no name parameter should return the agent call history', async (t) => {
  889 |   t.plan(1)
  890 |
  891 |   const mockAgent = new MockAgent({ enableCallHistory: true })"
/home/gabriel/Disk/Research/research-javascript-test-smells/repositories/undici/test/mock-agent.js,Unknown Test,"{'column': 0, 'line': 904}","  902 | })
  903 |
> 904 | test('MockAgent - getCallHistory with request should return the call history instance with history log', async (t) => {
  905 |   t.plan(9)
  906 |
  907 |   const mockAgent = new MockAgent({ enableCallHistory: true })"
/home/gabriel/Disk/Research/research-javascript-test-smells/repositories/undici/test/mock-agent.js,Unknown Test,"{'column': 0, 'line': 939}","  937 | })
  938 |
> 939 | test('MockAgent - getCallHistory with fetch should return the call history instance with history log', async (t) => {
  940 |   t.plan(9)
  941 |
  942 |   const mockAgent = new MockAgent({ enableCallHistory: true })"
/home/gabriel/Disk/Research/research-javascript-test-smells/repositories/undici/test/mock-agent.js,Unknown Test,"{'column': 0, 'line': 984}","  982 | })
  983 |
> 984 | test('MockAgent - getCallHistory with fetch with a minimal configuration should register call history log', async (t) => {
  985 |   t.plan(11)
  986 |
  987 |   const mockAgent = new MockAgent({ enableCallHistory: true })"
/home/gabriel/Disk/Research/research-javascript-test-smells/repositories/undici/test/mock-agent.js,Unknown Test,"{'column': 0, 'line': 1021}","  1019 | })
  1020 |
> 1021 | test('MockAgent - getCallHistory with request with a minimal configuration should register call history log', async (t) => {
  1022 |   t.plan(11)
  1023 |
  1024 |   const mockAgent = new MockAgent({ enableCallHistory: true })"
/home/gabriel/Disk/Research/research-javascript-test-smells/repositories/undici/test/mock-agent.js,Unknown Test,"{'column': 0, 'line': 1052}","  1050 | })
  1051 |
> 1052 | test('MockAgent - clearCallHistory should clear call history logs', async (t) => {
  1053 |   t.plan(3)
  1054 |
  1055 |   const mockAgent = new MockAgent({ enableCallHistory: true })"
/home/gabriel/Disk/Research/research-javascript-test-smells/repositories/undici/test/mock-agent.js,Unknown Test,"{'column': 0, 'line': 1087}","  1085 | })
  1086 |
> 1087 | test('MockAgent - handle persists with delayed requests', async (t) => {
  1088 |   t.plan(4)
  1089 |
  1090 |   const server = createServer({ joinDuplicateHeaders: true }, (req, res) => {"
/home/gabriel/Disk/Research/research-javascript-test-smells/repositories/undici/test/mock-agent.js,Unknown Test,"{'column': 0, 'line': 1135}","  1133 | })
  1134 |
> 1135 | test('MockAgent - calling close on a mock pool should not affect other mock pools', async (t) => {
  1136 |   t.plan(4)
  1137 |
  1138 |   const server = createServer({ joinDuplicateHeaders: true }, (req, res) => {"
/home/gabriel/Disk/Research/research-javascript-test-smells/repositories/undici/test/mock-agent.js,Unknown Test,"{'column': 0, 'line': 1195}","  1193 | })
  1194 |
> 1195 | test('MockAgent - close removes all registered mock clients', async (t) => {
  1196 |   t.plan(2)
  1197 |
  1198 |   const server = createServer({ joinDuplicateHeaders: true }, (req, res) => {"
/home/gabriel/Disk/Research/research-javascript-test-smells/repositories/undici/test/mock-agent.js,Unknown Test,"{'column': 0, 'line': 1231}","  1229 | })
  1230 |
> 1231 | test('MockAgent - close clear all registered mock call history logs', async (t) => {
  1232 |   t.plan(2)
  1233 |
  1234 |   const mockAgent = new MockAgent({ enableCallHistory: true })"
/home/gabriel/Disk/Research/research-javascript-test-smells/repositories/undici/test/mock-agent.js,Unknown Test,"{'column': 0, 'line': 1253}","  1251 | })
  1252 |
> 1253 | test('MockAgent - close removes all registered mock pools', async (t) => {
  1254 |   t.plan(2)
  1255 |
  1256 |   const server = createServer({ joinDuplicateHeaders: true }, (req, res) => {"
/home/gabriel/Disk/Research/research-javascript-test-smells/repositories/undici/test/mock-agent.js,Unknown Test,"{'column': 0, 'line': 1289}","  1287 | })
  1288 |
> 1289 | test('MockAgent - should handle replyWithError', async (t) => {
  1290 |   t.plan(1)
  1291 |
  1292 |   const server = createServer({ joinDuplicateHeaders: true }, (req, res) => {"
/home/gabriel/Disk/Research/research-javascript-test-smells/repositories/undici/test/mock-agent.js,Unknown Test,"{'column': 0, 'line': 1319}","  1317 | })
  1318 |
> 1319 | test('MockAgent - should support setting a reply to respond a set amount of times', async (t) => {
  1320 |   t.plan(9)
  1321 |
  1322 |   const server = createServer({ joinDuplicateHeaders: true }, (req, res) => {"
/home/gabriel/Disk/Research/research-javascript-test-smells/repositories/undici/test/mock-agent.js,Unknown Test,"{'column': 0, 'line': 1373}","  1371 | })
  1372 |
> 1373 | test('MockAgent - persist overrides times', async (t) => {
  1374 |   t.plan(6)
  1375 |
  1376 |   const server = createServer({ joinDuplicateHeaders: true }, (req, res) => {"
/home/gabriel/Disk/Research/research-javascript-test-smells/repositories/undici/test/mock-agent.js,Unknown Test,"{'column': 0, 'line': 1431}","  1429 | })
  1430 |
> 1431 | test('MockAgent - matcher should not find mock dispatch if path is of unsupported type', async (t) => {
  1432 |   t.plan(4)
  1433 |
  1434 |   const server = createServer({ joinDuplicateHeaders: true }, (req, res) => {"
/home/gabriel/Disk/Research/research-javascript-test-smells/repositories/undici/test/mock-agent.js,Unknown Test,"{'column': 0, 'line': 1467}","  1465 | })
  1466 |
> 1467 | test('MockAgent - should match path with regex', async (t) => {
  1468 |   t.plan(4)
  1469 |
  1470 |   const server = createServer({ joinDuplicateHeaders: true }, (req, res) => {"
/home/gabriel/Disk/Research/research-javascript-test-smells/repositories/undici/test/mock-agent.js,Unknown Test,"{'column': 0, 'line': 1515}","  1513 | })
  1514 |
> 1515 | test('MockAgent - should match path with function', async (t) => {
  1516 |   t.plan(2)
  1517 |
  1518 |   const server = createServer({ joinDuplicateHeaders: true }, (req, res) => {"
/home/gabriel/Disk/Research/research-javascript-test-smells/repositories/undici/test/mock-agent.js,Unknown Test,"{'column': 0, 'line': 1551}","  1549 | })
  1550 |
> 1551 | test('MockAgent - should match method with regex', async (t) => {
  1552 |   t.plan(2)
  1553 |
  1554 |   const server = createServer({ joinDuplicateHeaders: true }, (req, res) => {"
/home/gabriel/Disk/Research/research-javascript-test-smells/repositories/undici/test/mock-agent.js,Unknown Test,"{'column': 0, 'line': 1587}","  1585 | })
  1586 |
> 1587 | test('MockAgent - should match method with function', async (t) => {
  1588 |   t.plan(2)
  1589 |
  1590 |   const server = createServer({ joinDuplicateHeaders: true }, (req, res) => {"
/home/gabriel/Disk/Research/research-javascript-test-smells/repositories/undici/test/mock-agent.js,Unknown Test,"{'column': 0, 'line': 1623}","  1621 | })
  1622 |
> 1623 | test('MockAgent - should match body with regex', async (t) => {
  1624 |   t.plan(2)
  1625 |
  1626 |   const server = createServer({ joinDuplicateHeaders: true }, (req, res) => {"
/home/gabriel/Disk/Research/research-javascript-test-smells/repositories/undici/test/mock-agent.js,Unknown Test,"{'column': 0, 'line': 1661}","  1659 | })
  1660 |
> 1661 | test('MockAgent - should match body with function', async (t) => {
  1662 |   t.plan(2)
  1663 |
  1664 |   const server = createServer({ joinDuplicateHeaders: true }, (req, res) => {"
/home/gabriel/Disk/Research/research-javascript-test-smells/repositories/undici/test/mock-agent.js,Unknown Test,"{'column': 0, 'line': 1699}","  1697 | })
  1698 |
> 1699 | test('MockAgent - should match headers with string', async (t) => {
  1700 |   t.plan(6)
  1701 |
  1702 |   const server = createServer({ joinDuplicateHeaders: true }, (req, res) => {"
/home/gabriel/Disk/Research/research-javascript-test-smells/repositories/undici/test/mock-agent.js,Unknown Test,"{'column': 0, 'line': 1774}","  1772 | })
  1773 |
> 1774 | test('MockAgent - should match headers with regex', async (t) => {
  1775 |   t.plan(6)
  1776 |
  1777 |   const server = createServer({ joinDuplicateHeaders: true }, (req, res) => {"
/home/gabriel/Disk/Research/research-javascript-test-smells/repositories/undici/test/mock-agent.js,Unknown Test,"{'column': 0, 'line': 1849}","  1847 | })
  1848 |
> 1849 | test('MockAgent - should match headers with function', async (t) => {
  1850 |   t.plan(6)
  1851 |
  1852 |   const server = createServer({ joinDuplicateHeaders: true }, (req, res) => {"
/home/gabriel/Disk/Research/research-javascript-test-smells/repositories/undici/test/mock-agent.js,Unknown Test,"{'column': 0, 'line': 1924}","  1922 | })
  1923 |
> 1924 | test('MockAgent - should match url with regex', async (t) => {
  1925 |   t.plan(2)
  1926 |
  1927 |   const server = createServer({ joinDuplicateHeaders: true }, (req, res) => {"
/home/gabriel/Disk/Research/research-javascript-test-smells/repositories/undici/test/mock-agent.js,Unknown Test,"{'column': 0, 'line': 1960}","  1958 | })
  1959 |
> 1960 | test('MockAgent - should match url with function', async (t) => {
  1961 |   t.plan(2)
  1962 |
  1963 |   const server = createServer({ joinDuplicateHeaders: true }, (req, res) => {"
/home/gabriel/Disk/Research/research-javascript-test-smells/repositories/undici/test/mock-agent.js,Unknown Test,"{'column': 0, 'line': 1996}","  1994 | })
  1995 |
> 1996 | test('MockAgent - handle default reply headers', async (t) => {
  1997 |   t.plan(3)
  1998 |
  1999 |   const server = createServer({ joinDuplicateHeaders: true }, (req, res) => {"
/home/gabriel/Disk/Research/research-javascript-test-smells/repositories/undici/test/mock-agent.js,Unknown Test,"{'column': 0, 'line': 2036}","  2034 | })
  2035 |
> 2036 | test('MockAgent - handle default reply trailers', async (t) => {
  2037 |   t.plan(3)
  2038 |
  2039 |   const server = createServer({ joinDuplicateHeaders: true }, (req, res) => {"
/home/gabriel/Disk/Research/research-javascript-test-smells/repositories/undici/test/mock-agent.js,Unknown Test,"{'column': 0, 'line': 2076}","  2074 | })
  2075 |
> 2076 | test('MockAgent - return calculated content-length if specified', async (t) => {
  2077 |   t.plan(3)
  2078 |
  2079 |   const server = createServer({ joinDuplicateHeaders: true }, (req, res) => {"
/home/gabriel/Disk/Research/research-javascript-test-smells/repositories/undici/test/mock-agent.js,Unknown Test,"{'column': 0, 'line': 2116}","  2114 | })
  2115 |
> 2116 | test('MockAgent - return calculated content-length for object response if specified', async (t) => {
  2117 |   t.plan(3)
  2118 |
  2119 |   const server = createServer({ joinDuplicateHeaders: true }, (req, res) => {"
/home/gabriel/Disk/Research/research-javascript-test-smells/repositories/undici/test/mock-agent.js,Unknown Test,"{'column': 0, 'line': 2156}","  2154 | })
  2155 |
> 2156 | test('MockAgent - should activate and deactivate mock clients', async (t) => {
  2157 |   t.plan(9)
  2158 |
  2159 |   const server = createServer({ joinDuplicateHeaders: true }, (req, res) => {"
/home/gabriel/Disk/Research/research-javascript-test-smells/repositories/undici/test/mock-agent.js,Unknown Test,"{'column': 0, 'line': 2220}","  2218 | })
  2219 |
> 2220 | test('MockAgent - enableNetConnect should allow all original dispatches to be called if dispatch not found', async (t) => {
  2221 |   t.plan(5)
  2222 |
  2223 |   const server = createServer({ joinDuplicateHeaders: true }, (req, res) => {"
/home/gabriel/Disk/Research/research-javascript-test-smells/repositories/undici/test/mock-agent.js,Unknown Test,"{'column': 0, 'line': 2260}","  2258 | })
  2259 |
> 2260 | test('MockAgent - enableNetConnect with a host string should allow all original dispatches to be called if mockDispatch not found', async (t) => {
  2261 |   t.plan(5)
  2262 |
  2263 |   const server = createServer({ joinDuplicateHeaders: true }, (req, res) => {"
/home/gabriel/Disk/Research/research-javascript-test-smells/repositories/undici/test/mock-agent.js,Unknown Test,"{'column': 0, 'line': 2300}","  2298 | })
  2299 |
> 2300 | test('MockAgent - enableNetConnect when called with host string multiple times should allow all original dispatches to be called if mockDispatch not found', async (t) => {
  2301 |   t.plan(5)
  2302 |
  2303 |   const server = createServer({ joinDuplicateHeaders: true }, (req, res) => {"
/home/gabriel/Disk/Research/research-javascript-test-smells/repositories/undici/test/mock-agent.js,Unknown Test,"{'column': 0, 'line': 2341}","  2339 | })
  2340 |
> 2341 | test('MockAgent - enableNetConnect with a host regex should allow all original dispatches to be called if mockDispatch not found', async (t) => {
  2342 |   t.plan(5)
  2343 |
  2344 |   const server = createServer({ joinDuplicateHeaders: true }, (req, res) => {"
/home/gabriel/Disk/Research/research-javascript-test-smells/repositories/undici/test/mock-agent.js,Unknown Test,"{'column': 0, 'line': 2381}","  2379 | })
  2380 |
> 2381 | test('MockAgent - enableNetConnect with a function should allow all original dispatches to be called if mockDispatch not found', async (t) => {
  2382 |   t.plan(5)
  2383 |
  2384 |   const server = createServer({ joinDuplicateHeaders: true }, (req, res) => {"
/home/gabriel/Disk/Research/research-javascript-test-smells/repositories/undici/test/mock-agent.js,Unknown Test,"{'column': 0, 'line': 2421}","  2419 | })
  2420 |
> 2421 | test('MockAgent - enableNetConnect with an unknown input should throw', async (t) => {
  2422 |   t.plan(1)
  2423 |
  2424 |   const mockAgent = new MockAgent()"
/home/gabriel/Disk/Research/research-javascript-test-smells/repositories/undici/test/mock-agent.js,Unknown Test,"{'column': 0, 'line': 2437}","  2435 | })
  2436 |
> 2437 | test('MockAgent - enableNetConnect should throw if dispatch not matched for path and the origin was not allowed by net connect', async (t) => {
  2438 |   t.plan(1)
  2439 |
  2440 |   const server = createServer({ joinDuplicateHeaders: true }, (req, res) => {"
/home/gabriel/Disk/Research/research-javascript-test-smells/repositories/undici/test/mock-agent.js,Unknown Test,"{'column': 0, 'line': 2470}","  2468 | })
  2469 |
> 2470 | test('MockAgent - enableNetConnect should throw if dispatch not matched for method and the origin was not allowed by net connect', async (t) => {
  2471 |   t.plan(1)
  2472 |
  2473 |   const server = createServer({ joinDuplicateHeaders: true }, (req, res) => {"
/home/gabriel/Disk/Research/research-javascript-test-smells/repositories/undici/test/mock-agent.js,Unknown Test,"{'column': 0, 'line': 2503}","  2501 | })
  2502 |
> 2503 | test('MockAgent - enableNetConnect should throw if dispatch not matched for body and the origin was not allowed by net connect', async (t) => {
  2504 |   t.plan(1)
  2505 |
  2506 |   const server = createServer({ joinDuplicateHeaders: true }, (req, res) => {"
/home/gabriel/Disk/Research/research-javascript-test-smells/repositories/undici/test/mock-agent.js,Unknown Test,"{'column': 0, 'line': 2538}","  2536 | })
  2537 |
> 2538 | test('MockAgent - enableNetConnect should throw if dispatch not matched for headers and the origin was not allowed by net connect', async (t) => {
  2539 |   t.plan(1)
  2540 |
  2541 |   const server = createServer({ joinDuplicateHeaders: true }, (req, res) => {"
/home/gabriel/Disk/Research/research-javascript-test-smells/repositories/undici/test/mock-agent.js,Unknown Test,"{'column': 0, 'line': 2577}","  2575 | })
  2576 |
> 2577 | test('MockAgent - disableNetConnect should throw if dispatch not found by net connect', async (t) => {
  2578 |   t.plan(1)
  2579 |
  2580 |   const server = createServer({ joinDuplicateHeaders: true }, (req, res) => {"
/home/gabriel/Disk/Research/research-javascript-test-smells/repositories/undici/test/mock-agent.js,Unknown Test,"{'column': 0, 'line': 2612}","  2610 | })
  2611 |
> 2612 | test('MockAgent - headers function interceptor', async (t) => {
  2613 |   t.plan(8)
  2614 |
  2615 |   const server = createServer({ joinDuplicateHeaders: true }, (req, res) => {"
/home/gabriel/Disk/Research/research-javascript-test-smells/repositories/undici/test/mock-agent.js,Unknown Test,"{'column': 0, 'line': 2675}","  2673 | })
  2674 |
> 2675 | test('MockAgent - clients are not garbage collected', async (t) => {
  2676 |   const samples = 250
  2677 |   t.plan(2)
  2678 |"
/home/gabriel/Disk/Research/research-javascript-test-smells/repositories/undici/test/mock-agent.js,Unknown Test,"{'column': 0, 'line': 2732}","  2730 |
  2731 | // https://github.com/nodejs/undici/issues/1321
> 2732 | test('MockAgent - using fetch yields correct statusText', async (t) => {
  2733 |   t.plan(4)
  2734 |
  2735 |   const mockAgent = new MockAgent()"
/home/gabriel/Disk/Research/research-javascript-test-smells/repositories/undici/test/mock-agent.js,Unknown Test,"{'column': 0, 'line': 2763}","  2761 |
  2762 | // https://github.com/nodejs/undici/issues/1556
> 2763 | test('MockAgent - using fetch yields a headers object in the reply callback', async (t) => {
  2764 |   t.plan(1)
  2765 |
  2766 |   const mockAgent = new MockAgent()"
/home/gabriel/Disk/Research/research-javascript-test-smells/repositories/undici/test/mock-agent.js,Unknown Test,"{'column': 0, 'line': 2793}","  2791 |
  2792 | // https://github.com/nodejs/undici/issues/1579
> 2793 | test('MockAgent - headers in mock dispatcher intercept should be case-insensitive', async (t) => {
  2794 |   t.plan(1)
  2795 |
  2796 |   const mockAgent = new MockAgent()"
/home/gabriel/Disk/Research/research-javascript-test-smells/repositories/undici/test/mock-agent.js,Unknown Test,"{'column': 0, 'line': 2898}","  2896 | })
  2897 |
> 2898 | test('MockAgent - headers should be array of strings', async (t) => {
  2899 |   t.plan(1)
  2900 |
  2901 |   const mockAgent = new MockAgent()"
/home/gabriel/Disk/Research/research-javascript-test-smells/repositories/undici/test/mock-agent.js,Unknown Test,"{'column': 0, 'line': 2932}","  2930 |
  2931 | // https://github.com/nodejs/undici/issues/2418
> 2932 | test('MockAgent - Sending ReadableStream body', async (t) => {
  2933 |   t.plan(1)
  2934 |
  2935 |   const mockAgent = new MockAgent()"
/home/gabriel/Disk/Research/research-javascript-test-smells/repositories/undici/test/mock-agent.js,Unknown Test,"{'column': 0, 'line': 2968}","  2966 |
  2967 | // https://github.com/nodejs/undici/issues/2616
> 2968 | test('MockAgent - headers should be array of strings (fetch)', async (t) => {
  2969 |   t.plan(1)
  2970 |
  2971 |   const mockAgent = new MockAgent()"
/home/gabriel/Disk/Research/research-javascript-test-smells/repositories/undici/test/mock-agent.js,Unknown Test,"{'column': 0, 'line': 3051}","  3049 | })
  3050 |
> 3051 | test('MockAgent - should not accept non-standard search parameters when acceptNonStandardSearchParameters is false (default)', async (t) => {
  3052 |   t.plan(2)
  3053 |
  3054 |   const server = createServer({ joinDuplicateHeaders: true }, (req, res) => {"
/home/gabriel/Disk/Research/research-javascript-test-smells/repositories/undici/test/mock-agent.js,Unknown Test,"{'column': 2, 'line': 3096}","  3094 | // https://github.com/nodejs/undici/issues/4703
  3095 | describe('MockAgent - case-insensitive origin matching', () => {
> 3096 |   test('should match origins with different hostname case', async (t) => {
       |  ^ Unknown Test
  3097 |     t.plan(2)
  3098 |
  3099 |     const mockAgent = new MockAgent()"
/home/gabriel/Disk/Research/research-javascript-test-smells/repositories/undici/test/mock-agent.js,Unknown Test,"{'column': 2, 'line': 3126}","  3124 |   })
  3125 |
> 3126 |   test('should match URL object origin with string origin', async (t) => {
       |  ^ Unknown Test
  3127 |     t.plan(2)
  3128 |
  3129 |     const mockAgent = new MockAgent()"
/home/gabriel/Disk/Research/research-javascript-test-smells/repositories/undici/test/mock-agent.js,Unknown Test,"{'column': 2, 'line': 3155}","  3153 |   })
  3154 |
> 3155 |   test('should match URL object with different hostname case', async (t) => {
       |  ^ Unknown Test
  3156 |     t.plan(2)
  3157 |
  3158 |     const mockAgent = new MockAgent()"
/home/gabriel/Disk/Research/research-javascript-test-smells/repositories/undici/test/mock-agent.js,Unknown Test,"{'column': 2, 'line': 3185}","  3183 |   })
  3184 |
> 3185 |   test('should handle mixed case scenarios correctly', async (t) => {
       |  ^ Unknown Test
  3186 |     t.plan(2)
  3187 |
  3188 |     const mockAgent = new MockAgent()"
/home/gabriel/Disk/Research/research-javascript-test-smells/repositories/undici/test/mock-agent.js,Unknown Test,"{'column': 2, 'line': 3215}","  3213 |   })
  3214 |
> 3215 |   test('should preserve port numbers when normalizing', async (t) => {
       |  ^ Unknown Test
  3216 |     t.plan(2)
  3217 |
  3218 |     const mockAgent = new MockAgent()"
/home/gabriel/Disk/Research/research-javascript-test-smells/repositories/undici/test/mock-agent.js,Unknown Test,"{'column': 2, 'line': 3245}","  3243 |   })
  3244 |
> 3245 |   test('should handle https origins with case differences', async (t) => {
       |  ^ Unknown Test
  3246 |     t.plan(2)
  3247 |
  3248 |     const mockAgent = new MockAgent()"
/home/gabriel/Disk/Research/research-javascript-test-smells/repositories/undici/test/max-response-size.js,Unknown Test,"{'column': 2, 'line': 9}","   7 |
   8 | describe('max response size', async (t) => {
>  9 |   test('default max default size should allow all responses', async (t) => {
     |  ^ Unknown Test
  10 |     t = tspl(t, { plan: 3 })
  11 |
  12 |     const server = createServer({ joinDuplicateHeaders: true })"
/home/gabriel/Disk/Research/research-javascript-test-smells/repositories/undici/test/max-response-size.js,Unknown Test,"{'column': 2, 'line': 42}","  40 |   })
  41 |
> 42 |   test('max response size set to zero should allow only empty responses', async (t) => {
     |  ^ Unknown Test
  43 |     t = tspl(t, { plan: 3 })
  44 |
  45 |     const server = createServer({ joinDuplicateHeaders: true })"
/home/gabriel/Disk/Research/research-javascript-test-smells/repositories/undici/test/max-response-size.js,Unknown Test,"{'column': 2, 'line': 75}","  73 |   })
  74 |
> 75 |   test('should throw an error if the response is too big', async (t) => {
     |  ^ Unknown Test
  76 |     t = tspl(t, { plan: 3 })
  77 |
  78 |     const server = createServer({ joinDuplicateHeaders: true })"
/home/gabriel/Disk/Research/research-javascript-test-smells/repositories/undici/test/max-response-size.js,Unknown Test,"{'column': 2, 'line': 107}","  105 |   })
  106 |
> 107 |   test('invalid max response size should throw an error', async (t) => {
      |  ^ Unknown Test
  108 |     t = tspl(t, { plan: 2 })
  109 |
  110 |     t.throws(() => {"
/home/gabriel/Disk/Research/research-javascript-test-smells/repositories/undici/test/issue-4244.js,Exception Handling,"{'line': 57, 'column': 4, 'index': 1732}","  55 |       }
  56 |     })
> 57 |     try {
     |    ^ Exception Handling
  58 |       await request('http://localhost:0', { dispatcher: agent })
  59 |     } catch (_) {
  60 |       // ignore"
/home/gabriel/Disk/Research/research-javascript-test-smells/repositories/undici/test/issue-4244.js,Magic Number,"{'line': 36, 'column': 29, 'index': 1196}","  34 |     })
  35 |     const { statusCode } = await request(`http://localhost:${server.address().port}`, { dispatcher: agent })
> 36 |     assert.equal(statusCode, 200)
     |                             ^ Magic Number
  37 |
  38 |     await p
  39 |   })"
/home/gabriel/Disk/Research/research-javascript-test-smells/repositories/undici/test/issue-4244.js,Unknown Test,"{'column': 2, 'line': 41}","  39 |   })
  40 |
> 41 |   test('in case of connection error', async (t) => {
     |  ^ Unknown Test
  42 |     let p
  43 |     const agent = new Agent({
  44 |       factory: (origin, opts) => {"
/home/gabriel/Disk/Research/research-javascript-test-smells/repositories/undici/test/issue-3959.js,Unknown Test,"{'column': 2, 'line': 56}","  54 |   }
  55 |
> 56 |   test('should cache response with MemoryCacheStore when Vary header exists but request header is missing', async () => {
     |  ^ Unknown Test
  57 |     await runCacheTest(new MemoryCacheStore())
  58 |   })
  59 |"
/home/gabriel/Disk/Research/research-javascript-test-smells/repositories/undici/test/issue-3959.js,Unknown Test,"{'column': 2, 'line': 60}","  58 |   })
  59 |
> 60 |   test('should cache response with SqliteCacheStore when Vary header exists but request header is missing', { skip: runtimeFeatures.has('sqlite') === false }, async () => {
     |  ^ Unknown Test
  61 |     const SqliteCacheStore = require('../lib/cache/sqlite-cache-store.js')
  62 |     const sqliteStore = new SqliteCacheStore()
  63 |     await runCacheTest(sqliteStore)"
/home/gabriel/Disk/Research/research-javascript-test-smells/repositories/undici/test/issue-3904.js,Conditional Test Logic,"{'line': 13, 'column': 4, 'index': 467}","  11 |     'cache-control',
  12 |     'Cache-Control'
> 13 |   ].forEach(headerName => {
     |    ^ Conditional Test Logic
  14 |     test(`should not cache response for request with header: ""${headerName}: no-store`, async () => {
  15 |       const store = new MemoryCacheStore()
  16 |       let requestCount = 0"
/home/gabriel/Disk/Research/research-javascript-test-smells/repositories/undici/test/issue-3410.js,Unknown Test,"{'column': 2, 'line': 11}","   9 |
  10 | describe('https://github.com/nodejs/undici/issues/3410', () => {
> 11 |   test('FastTimers', async (t) => {
     |  ^ Unknown Test
  12 |     t = tspl(t, { plan: 1 })
  13 |
  14 |     // Spawn a server in a new process to avoid effects from the blocking event loop"
/home/gabriel/Disk/Research/research-javascript-test-smells/repositories/undici/test/issue-3410.js,Unknown Test,"{'column': 2, 'line': 50}","  48 |   })
  49 |
> 50 |   test('native Timers', async (t) => {
     |  ^ Unknown Test
  51 |     t = tspl(t, { plan: 1 })
  52 |
  53 |     // Spawn a server in a new process to avoid effects from the blocking event loop"
/home/gabriel/Disk/Research/research-javascript-test-smells/repositories/undici/test/issue-2283.js,Assertion Roulette,"{'column': 4, 'line': 17}","  15 |
  16 |     // Just making sure that it contains ;charset=utf-8
> 17 |     assert.ok(body.includes('text/plain;charset=utf-8'))
     |    ^ Assertion Roulette
  18 |
  19 |     const formData = await new Response(fd).formData()
  20 |"
/home/gabriel/Disk/Research/research-javascript-test-smells/repositories/undici/test/issue-2283.js,Assertion Roulette,"{'column': 4, 'line': 22}","  20 |
  21 |     // returns just 'text/plain'
> 22 |     assert.ok(formData.get('x').type === 'text/plain;charset=utf-8')
     |    ^ Assertion Roulette
  23 |   })
  24 | })
  25 |"
/home/gabriel/Disk/Research/research-javascript-test-smells/repositories/undici/test/errors.js,Unknown Test,"{'column': 4, 'line': 40}","  38 |     const errorWithProvidedMessage = () => new scenario.ErrorClass(SAMPLE_MESSAGE)
  39 |
> 40 |     test('should use default message', t => {
     |    ^ Unknown Test
  41 |       t = tspl(t, { plan: 1 })
  42 |
  43 |       const error = errorWithDefaultMessage()"
/home/gabriel/Disk/Research/research-javascript-test-smells/repositories/undici/test/errors.js,Unknown Test,"{'column': 4, 'line': 48}","  46 |     })
  47 |
> 48 |     test('should use provided message', t => {
     |    ^ Unknown Test
  49 |       t = tspl(t, { plan: 1 })
  50 |
  51 |       const error = errorWithProvidedMessage()"
/home/gabriel/Disk/Research/research-javascript-test-smells/repositories/undici/test/errors.js,Unknown Test,"{'column': 4, 'line': 56}","  54 |     })
  55 |
> 56 |     test('should have proper fields', t => {
     |    ^ Unknown Test
  57 |       t = tspl(t, { plan: 6 })
  58 |       const errorInstances = [errorWithDefaultMessage(), errorWithProvidedMessage()]
  59 |       errorInstances.forEach(error => {"
/home/gabriel/Disk/Research/research-javascript-test-smells/repositories/undici/test/errors.js,Unknown Test,"{'column': 2, 'line': 69}","  67 |
  68 | describe('Default HTTPParseError Codes', () => {
> 69 |   test('code and data should be undefined when not set', t => {
     |  ^ Unknown Test
  70 |     t = tspl(t, { plan: 2 })
  71 |
  72 |     const error = new errors.HTTPParserError('HTTPParserError')"
/home/gabriel/Disk/Research/research-javascript-test-smells/repositories/undici/test/env-http-proxy-agent.js,Conditional Test Logic,"{'line': 11, 'column': 85, 'index': 469}","   9 |
  10 | beforeEach(() => {
> 11 |   ['HTTP_PROXY', 'http_proxy', 'HTTPS_PROXY', 'https_proxy', 'NO_PROXY', 'no_proxy'].forEach((varname) => {
     |                                                                                     ^ Conditional Test Logic
  12 |     delete process.env[varname]
  13 |   })
  14 | })"
/home/gabriel/Disk/Research/research-javascript-test-smells/repositories/undici/test/env-http-proxy-agent.js,Conditional Test Logic,"{'line': 166, 'column': 4, 'index': 6998}","  164 |     const mockPool = mockAgent.get(origin)
  165 |     let i = 0
> 166 |     while (i < plan) {
      |    ^ Conditional Test Logic
  167 |       mockPool.intercept({ path: /.*/ }).reply(200, 'OK')
  168 |       i++
  169 |     }"
/home/gabriel/Disk/Research/research-javascript-test-smells/repositories/undici/test/env-http-proxy-agent.js,Unknown Test,"{'column': 0, 'line': 20}","  18 | })
  19 |
> 20 | test('does not create any proxy agents if http_proxy and https_proxy are not set', async (t) => {
  21 |   t = tspl(t, { plan: 4 })
  22 |   const dispatcher = new EnvHttpProxyAgent()
  23 |   t.ok(dispatcher[kNoProxyAgent] instanceof Agent)"
/home/gabriel/Disk/Research/research-javascript-test-smells/repositories/undici/test/env-http-proxy-agent.js,Unknown Test,"{'column': 0, 'line': 30}","  28 | })
  29 |
> 30 | test('creates one proxy agent for both http and https when only http_proxy is defined', async (t) => {
  31 |   t = tspl(t, { plan: 5 })
  32 |   process.env.http_proxy = 'http://example.com:8080'
  33 |   const dispatcher = new EnvHttpProxyAgent()"
/home/gabriel/Disk/Research/research-javascript-test-smells/repositories/undici/test/env-http-proxy-agent.js,Unknown Test,"{'column': 0, 'line': 42}","  40 | })
  41 |
> 42 | test('creates separate proxy agent for http and https when http_proxy and https_proxy are set', async (t) => {
  43 |   t = tspl(t, { plan: 6 })
  44 |   process.env.http_proxy = 'http://example.com:8080'
  45 |   process.env.https_proxy = 'http://example.com:8443'"
/home/gabriel/Disk/Research/research-javascript-test-smells/repositories/undici/test/env-http-proxy-agent.js,Unknown Test,"{'column': 0, 'line': 56}","  54 | })
  55 |
> 56 | test('handles uppercase HTTP_PROXY and HTTPS_PROXY', async (t) => {
  57 |   t = tspl(t, { plan: 6 })
  58 |   process.env.HTTP_PROXY = 'http://example.com:8080'
  59 |   process.env.HTTPS_PROXY = 'http://example.com:8443'"
/home/gabriel/Disk/Research/research-javascript-test-smells/repositories/undici/test/env-http-proxy-agent.js,Unknown Test,"{'column': 0, 'line': 70}","  68 | })
  69 |
> 70 | test('accepts httpProxy and httpsProxy options', async (t) => {
  71 |   t = tspl(t, { plan: 6 })
  72 |   const opts = {
  73 |     httpProxy: 'http://example.com:8080',"
/home/gabriel/Disk/Research/research-javascript-test-smells/repositories/undici/test/env-http-proxy-agent.js,Unknown Test,"{'column': 0, 'line': 86}","  84 | })
  85 |
> 86 | test('prefers options over env vars', async (t) => {
  87 |   t = tspl(t, { plan: 2 })
  88 |   const opts = {
  89 |     httpProxy: 'http://opts.example.com:8080',"
/home/gabriel/Disk/Research/research-javascript-test-smells/repositories/undici/test/env-http-proxy-agent.js,Unknown Test,"{'column': 0, 'line': 102}","  100 | })
  101 |
> 102 | test('prefers lowercase over uppercase env vars', async (t) => {
  103 |   t = tspl(t, { plan: 2 })
  104 |   process.env.HTTP_PROXY = 'http://upper.example.com:8080'
  105 |   process.env.HTTPS_PROXY = 'http://upper.example.com:8443'"
/home/gabriel/Disk/Research/research-javascript-test-smells/repositories/undici/test/env-http-proxy-agent.js,Unknown Test,"{'column': 0, 'line': 114}","  112 | })
  113 |
> 114 | test('prefers lowercase over uppercase env vars even when empty', async (t) => {
  115 |   t = tspl(t, { plan: 2 })
  116 |   process.env.HTTP_PROXY = 'http://upper.example.com:8080'
  117 |   process.env.HTTP_PROXY = 'http://upper.example.com:8443'"
/home/gabriel/Disk/Research/research-javascript-test-smells/repositories/undici/test/env-http-proxy-agent.js,Unknown Test,"{'column': 0, 'line': 127}","  125 | })
  126 |
> 127 | test('creates a proxy agent only for https when only https_proxy is set', async (t) => {
  128 |   t = tspl(t, { plan: 5 })
  129 |   process.env.https_proxy = 'http://example.com:8443'
  130 |   const dispatcher = new EnvHttpProxyAgent()"
/home/gabriel/Disk/Research/research-javascript-test-smells/repositories/undici/test/env-http-proxy-agent.js,Unknown Test,"{'column': 0, 'line': 139}","  137 | })
  138 |
> 139 | test('closes all agents', async (t) => {
  140 |   t = tspl(t, { plan: 3 })
  141 |   process.env.http_proxy = 'http://example.com:8080'
  142 |   process.env.https_proxy = 'http://example.com:8443'"
/home/gabriel/Disk/Research/research-javascript-test-smells/repositories/undici/test/env-http-proxy-agent.js,Unknown Test,"{'column': 0, 'line': 150}","  148 | })
  149 |
> 150 | test('destroys all agents', async (t) => {
  151 |   t = tspl(t, { plan: 3 })
  152 |   process.env.http_proxy = 'http://example.com:8080'
  153 |   process.env.https_proxy = 'http://example.com:8443'"
/home/gabriel/Disk/Research/research-javascript-test-smells/repositories/undici/test/env-http-proxy-agent.js,Unknown Test,"{'column': 0, 'line': 203}","  201 | }
  202 |
> 203 | test('uses the appropriate proxy for the protocol', async (t) => {
  204 |   t = tspl(t, { plan: 2 })
  205 |   const { dispatcher, usesProxyAgent } = createEnvHttpProxyAgentWithMocks()
  206 |   t.ok(await usesProxyAgent(kHttpProxyAgent, 'http://example.com/'))"
/home/gabriel/Disk/Research/research-javascript-test-smells/repositories/undici/test/env-http-proxy-agent.js,Unknown Test,"{'column': 2, 'line': 212}","  210 |
  211 | describe('no_proxy', () => {
> 212 |   test('set to *', async (t) => {
      |  ^ Unknown Test
  213 |     t = tspl(t, { plan: 2 })
  214 |     process.env.no_proxy = '*'
  215 |     const { dispatcher, doesNotProxy } = createEnvHttpProxyAgentWithMocks(2)"
/home/gabriel/Disk/Research/research-javascript-test-smells/repositories/undici/test/env-http-proxy-agent.js,Unknown Test,"{'column': 2, 'line': 221}","  219 |   })
  220 |
> 221 |   test('set but empty', async (t) => {
      |  ^ Unknown Test
  222 |     t = tspl(t, { plan: 1 })
  223 |     process.env.no_proxy = ''
  224 |     const { dispatcher, usesProxyAgent } = createEnvHttpProxyAgentWithMocks()"
/home/gabriel/Disk/Research/research-javascript-test-smells/repositories/undici/test/env-http-proxy-agent.js,Unknown Test,"{'column': 2, 'line': 229}","  227 |   })
  228 |
> 229 |   test('no entries (comma)', async (t) => {
      |  ^ Unknown Test
  230 |     t = tspl(t, { plan: 1 })
  231 |     process.env.no_proxy = ','
  232 |     const { dispatcher, usesProxyAgent } = createEnvHttpProxyAgentWithMocks()"
/home/gabriel/Disk/Research/research-javascript-test-smells/repositories/undici/test/env-http-proxy-agent.js,Unknown Test,"{'column': 2, 'line': 237}","  235 |   })
  236 |
> 237 |   test('no entries (whitespace)', async (t) => {
      |  ^ Unknown Test
  238 |     t = tspl(t, { plan: 1 })
  239 |     process.env.no_proxy = ' '
  240 |     const { dispatcher, usesProxyAgent } = createEnvHttpProxyAgentWithMocks()"
/home/gabriel/Disk/Research/research-javascript-test-smells/repositories/undici/test/env-http-proxy-agent.js,Unknown Test,"{'column': 2, 'line': 245}","  243 |   })
  244 |
> 245 |   test('no entries (multiple whitespace / commas)', async (t) => {
      |  ^ Unknown Test
  246 |     t = tspl(t, { plan: 1 })
  247 |     process.env.no_proxy = ',\t,,,\n,  ,\r'
  248 |     const { dispatcher, usesProxyAgent } = createEnvHttpProxyAgentWithMocks()"
/home/gabriel/Disk/Research/research-javascript-test-smells/repositories/undici/test/env-http-proxy-agent.js,Unknown Test,"{'column': 2, 'line': 253}","  251 |   })
  252 |
> 253 |   test('single host', async (t) => {
      |  ^ Unknown Test
  254 |     t = tspl(t, { plan: 9 })
  255 |     process.env.no_proxy = 'example'
  256 |     const { dispatcher, doesNotProxy, usesProxyAgent } = createEnvHttpProxyAgentWithMocks(9)"
/home/gabriel/Disk/Research/research-javascript-test-smells/repositories/undici/test/env-http-proxy-agent.js,Unknown Test,"{'column': 2, 'line': 269}","  267 |   })
  268 |
> 269 |   test('as an option', async (t) => {
      |  ^ Unknown Test
  270 |     t = tspl(t, { plan: 9 })
  271 |     const { dispatcher, doesNotProxy, usesProxyAgent } = createEnvHttpProxyAgentWithMocks(9, { noProxy: 'example' })
  272 |     t.ok(await doesNotProxy('http://example'))"
/home/gabriel/Disk/Research/research-javascript-test-smells/repositories/undici/test/env-http-proxy-agent.js,Unknown Test,"{'column': 2, 'line': 284}","  282 |   })
  283 |
> 284 |   test('subdomain', async (t) => {
      |  ^ Unknown Test
  285 |     t = tspl(t, { plan: 8 })
  286 |     process.env.no_proxy = 'sub.example'
  287 |     const { dispatcher, doesNotProxy, usesProxyAgent } = createEnvHttpProxyAgentWithMocks(8)"
/home/gabriel/Disk/Research/research-javascript-test-smells/repositories/undici/test/env-http-proxy-agent.js,Unknown Test,"{'column': 2, 'line': 299}","  297 |   })
  298 |
> 299 |   test('host + port', async (t) => {
      |  ^ Unknown Test
  300 |     t = tspl(t, { plan: 12 })
  301 |     process.env.no_proxy = 'example:80, localhost:3000'
  302 |     const { dispatcher, doesNotProxy, usesProxyAgent } = createEnvHttpProxyAgentWithMocks(12)"
/home/gabriel/Disk/Research/research-javascript-test-smells/repositories/undici/test/env-http-proxy-agent.js,Unknown Test,"{'column': 2, 'line': 318}","  316 |   })
  317 |
> 318 |   test('host suffix', async (t) => {
      |  ^ Unknown Test
  319 |     t = tspl(t, { plan: 9 })
  320 |     process.env.no_proxy = '.example'
  321 |     const { dispatcher, doesNotProxy, usesProxyAgent } = createEnvHttpProxyAgentWithMocks(9)"
/home/gabriel/Disk/Research/research-javascript-test-smells/repositories/undici/test/env-http-proxy-agent.js,Unknown Test,"{'column': 2, 'line': 334}","  332 |   })
  333 |
> 334 |   test('host suffix with *.', async (t) => {
      |  ^ Unknown Test
  335 |     t = tspl(t, { plan: 9 })
  336 |     process.env.no_proxy = '*.example'
  337 |     const { dispatcher, doesNotProxy, usesProxyAgent } = createEnvHttpProxyAgentWithMocks(9)"
/home/gabriel/Disk/Research/research-javascript-test-smells/repositories/undici/test/env-http-proxy-agent.js,Unknown Test,"{'column': 2, 'line': 350}","  348 |   })
  349 |
> 350 |   test('substring suffix', async (t) => {
      |  ^ Unknown Test
  351 |     t = tspl(t, { plan: 10 })
  352 |     process.env.no_proxy = '*example'
  353 |     const { dispatcher, doesNotProxy, usesProxyAgent } = createEnvHttpProxyAgentWithMocks(10)"
/home/gabriel/Disk/Research/research-javascript-test-smells/repositories/undici/test/env-http-proxy-agent.js,Unknown Test,"{'column': 2, 'line': 367}","  365 |   })
  366 |
> 367 |   test('arbitrary wildcards are NOT supported', async (t) => {
      |  ^ Unknown Test
  368 |     t = tspl(t, { plan: 6 })
  369 |     process.env.no_proxy = '.*example'
  370 |     const { dispatcher, usesProxyAgent } = createEnvHttpProxyAgentWithMocks(6)"
/home/gabriel/Disk/Research/research-javascript-test-smells/repositories/undici/test/env-http-proxy-agent.js,Unknown Test,"{'column': 2, 'line': 380}","  378 |   })
  379 |
> 380 |   test('IP addresses', async (t) => {
      |  ^ Unknown Test
  381 |     t = tspl(t, { plan: 12 })
  382 |     process.env.no_proxy = '[::1],[::2]:80,10.0.0.1,10.0.0.2:80'
  383 |     const { dispatcher, doesNotProxy, usesProxyAgent } = createEnvHttpProxyAgentWithMocks(12)"
/home/gabriel/Disk/Research/research-javascript-test-smells/repositories/undici/test/env-http-proxy-agent.js,Unknown Test,"{'column': 2, 'line': 399}","  397 |   })
  398 |
> 399 |   test('CIDR is NOT supported', async (t) => {
      |  ^ Unknown Test
  400 |     t = tspl(t, { plan: 2 })
  401 |     process.env.no_proxy = '127.0.0.1/32'
  402 |     const { dispatcher, usesProxyAgent } = createEnvHttpProxyAgentWithMocks(2)"
/home/gabriel/Disk/Research/research-javascript-test-smells/repositories/undici/test/env-http-proxy-agent.js,Unknown Test,"{'column': 2, 'line': 408}","  406 |   })
  407 |
> 408 |   test('127.0.0.1 does NOT match localhost', async (t) => {
      |  ^ Unknown Test
  409 |     t = tspl(t, { plan: 2 })
  410 |     process.env.no_proxy = '127.0.0.1'
  411 |     const { dispatcher, doesNotProxy, usesProxyAgent } = createEnvHttpProxyAgentWithMocks(2)"
/home/gabriel/Disk/Research/research-javascript-test-smells/repositories/undici/test/env-http-proxy-agent.js,Unknown Test,"{'column': 2, 'line': 417}","  415 |   })
  416 |
> 417 |   test('protocols that have a default port', async (t) => {
      |  ^ Unknown Test
  418 |     t = tspl(t, { plan: 6 })
  419 |     process.env.no_proxy = 'xxx:21,xxx:70,xxx:80,xxx:443'
  420 |     const { dispatcher, doesNotProxy, usesProxyAgent } = createEnvHttpProxyAgentWithMocks(6)"
/home/gabriel/Disk/Research/research-javascript-test-smells/repositories/undici/test/env-http-proxy-agent.js,Unknown Test,"{'column': 2, 'line': 430}","  428 |   })
  429 |
> 430 |   test('should not be case sensitive', async (t) => {
      |  ^ Unknown Test
  431 |     t = tspl(t, { plan: 6 })
  432 |     process.env.NO_PROXY = 'XXX YYY ZzZ'
  433 |     const { dispatcher, doesNotProxy } = createEnvHttpProxyAgentWithMocks(6)"
/home/gabriel/Disk/Research/research-javascript-test-smells/repositories/undici/test/env-http-proxy-agent.js,Unknown Test,"{'column': 2, 'line': 443}","  441 |   })
  442 |
> 443 |   test('prefers lowercase over uppercase', async (t) => {
      |  ^ Unknown Test
  444 |     t = tspl(t, { plan: 2 })
  445 |     process.env.NO_PROXY = 'sub.example.com'
  446 |     process.env.no_proxy = 'example.com'"
/home/gabriel/Disk/Research/research-javascript-test-smells/repositories/undici/test/env-http-proxy-agent.js,Unknown Test,"{'column': 2, 'line': 453}","  451 |   })
  452 |
> 453 |   test('prefers lowercase over uppercase even when it is empty', async (t) => {
      |  ^ Unknown Test
  454 |     t = tspl(t, { plan: 1 })
  455 |     process.env.NO_PROXY = 'example.com'
  456 |     process.env.no_proxy = ''"
/home/gabriel/Disk/Research/research-javascript-test-smells/repositories/undici/test/env-http-proxy-agent.js,Unknown Test,"{'column': 2, 'line': 462}","  460 |   })
  461 |
> 462 |   test('handles env var changes', async (t) => {
      |  ^ Unknown Test
  463 |     t = tspl(t, { plan: 4 })
  464 |     process.env.no_proxy = 'example.com'
  465 |     const { dispatcher, doesNotProxy, usesProxyAgent } = createEnvHttpProxyAgentWithMocks(4)"
/home/gabriel/Disk/Research/research-javascript-test-smells/repositories/undici/test/env-http-proxy-agent.js,Unknown Test,"{'column': 2, 'line': 474}","  472 |   })
  473 |
> 474 |   test('ignores env var changes when set via config', async (t) => {
      |  ^ Unknown Test
  475 |     t = tspl(t, { plan: 4 })
  476 |     const { dispatcher, doesNotProxy, usesProxyAgent } = createEnvHttpProxyAgentWithMocks(4, { noProxy: 'example.com' })
  477 |     t.ok(await doesNotProxy('http://example.com'))"
/home/gabriel/Disk/Research/research-javascript-test-smells/repositories/undici/test/env-http-proxy-agent-nodejs-bundle.js,Conditional Test Logic,"{'line': 14, 'column': 87, 'index': 508}","  12 | describe('EnvHttpProxyAgent and setGlobalDispatcher', () => {
  13 |   before(() => {
> 14 |     ['HTTP_PROXY', 'http_proxy', 'HTTPS_PROXY', 'https_proxy', 'NO_PROXY', 'no_proxy'].forEach((varname) => {
     |                                                                                       ^ Conditional Test Logic
  15 |       delete process.env[varname]
  16 |     })
  17 |   })"
/home/gabriel/Disk/Research/research-javascript-test-smells/repositories/undici/test/env-http-proxy-agent-nodejs-bundle.js,Redundant Print,"{'line': 30, 'column': 32, 'index': 1086}","  28 |     // Node.js bundle.
  29 |     const server = http.createServer({ joinDuplicateHeaders: true }, (req, res) => { res.end('Hello world') })
> 30 |     server.on('error', err => { console.log('Server error', err) })
     |                                ^ Redundant Print
  31 |     server.listen(0)
  32 |     await once(server, 'listening')
  33 |     t.after(() => {"
/home/gabriel/Disk/Research/research-javascript-test-smells/repositories/undici/test/env-http-proxy-agent-nodejs-bundle.js,Redundant Print,"{'line': 62, 'column': 33, 'index': 2143}","  60 |     })
  61 |
> 62 |     proxy.on('error', (err) => { console.log('Proxy error', err) })
     |                                 ^ Redundant Print
  63 |
  64 |     proxy.listen(0)
  65 |     await once(proxy, 'listening')"
/home/gabriel/Disk/Research/research-javascript-test-smells/repositories/undici/test/env-http-proxy-agent-nodejs-bundle.js,Unknown Test,"{'column': 2, 'line': 23}","  21 |   })
  22 |
> 23 |   test('should work with global fetch from undici bundled with Node.js', async (t) => {
     |  ^ Unknown Test
  24 |     const { strictEqual } = tspl(t, { plan: 3 })
  25 |
  26 |     // Instead of using mocks, start a real server and a minimal proxy server"
/home/gabriel/Disk/Research/research-javascript-test-smells/repositories/undici/test/decorator-handler.js,Unknown Test,"{'column': 2, 'line': 8}","   6 |
   7 | describe('DecoratorHandler', () => {
>  8 |   test('should throw if provided handler is not an object', t => {
     |  ^ Unknown Test
   9 |     t = tspl(t, { plan: 4 })
  10 |     t.throws(
  11 |       () => new DecoratorHandler(null),"
/home/gabriel/Disk/Research/research-javascript-test-smells/repositories/undici/test/decorator-handler.js,Unknown Test,"{'column': 6, 'line': 80}","  78 |
  79 |     describe('#onConnect', () => {
> 80 |       test('should delegate onConnect-method', t => {
     |      ^ Unknown Test
  81 |         t = tspl(t, { plan: 2 })
  82 |         const handler = new Handler(
  83 |           {"
/home/gabriel/Disk/Research/research-javascript-test-smells/repositories/undici/test/decorator-handler.js,Unknown Test,"{'column': 6, 'line': 93}","  91 |       })
  92 |
> 93 |       test('should not throw if onConnect-method is not defined in the handler', t => {
     |      ^ Unknown Test
  94 |         t = tspl(t, { plan: 1 })
  95 |         const decorator = new DecoratorHandler({})
  96 |         t.doesNotThrow(() => decorator.onRequestStart())"
/home/gabriel/Disk/Research/research-javascript-test-smells/repositories/undici/test/decorator-handler.js,Unknown Test,"{'column': 6, 'line': 101}","   99 |
  100 |     describe('#onHeaders', () => {
> 101 |       test('should delegate onHeaders-method', t => {
      |      ^ Unknown Test
  102 |         t = tspl(t, { plan: 4 })
  103 |         const handler = new Handler(
  104 |           {"
/home/gabriel/Disk/Research/research-javascript-test-smells/repositories/undici/test/decorator-handler.js,Unknown Test,"{'column': 6, 'line': 118}","  116 |       })
  117 |
> 118 |       test('should not throw if onHeaders-method is not defined in the handler', t => {
      |      ^ Unknown Test
  119 |         t = tspl(t, { plan: 1 })
  120 |         const decorator = new DecoratorHandler({})
  121 |         t.doesNotThrow(() => decorator.onResponseStart(new Controller(), 200, {"
/home/gabriel/Disk/Research/research-javascript-test-smells/repositories/undici/test/decorator-handler.js,Unknown Test,"{'column': 6, 'line': 128}","  126 |
  127 |     describe('#onUpgrade', () => {
> 128 |       test('should delegate onUpgrade-method', t => {
      |      ^ Unknown Test
  129 |         t = tspl(t, { plan: 3 })
  130 |         const handler = new Handler(
  131 |           {"
/home/gabriel/Disk/Research/research-javascript-test-smells/repositories/undici/test/decorator-handler.js,Unknown Test,"{'column': 6, 'line': 144}","  142 |       })
  143 |
> 144 |       test('should not throw if onUpgrade-method is not defined in the handler', t => {
      |      ^ Unknown Test
  145 |         t = tspl(t, { plan: 1 })
  146 |         const decorator = new DecoratorHandler({})
  147 |         t.doesNotThrow(() => decorator.onRequestUpgrade(new Controller(), 301, {"
/home/gabriel/Disk/Research/research-javascript-test-smells/repositories/undici/test/decorator-handler.js,Unknown Test,"{'column': 6, 'line': 154}","  152 |
  153 |     describe('#onData', () => {
> 154 |       test('should delegate onData-method', t => {
      |      ^ Unknown Test
  155 |         t = tspl(t, { plan: 1 })
  156 |         const handler = new Handler(
  157 |           {"
/home/gabriel/Disk/Research/research-javascript-test-smells/repositories/undici/test/decorator-handler.js,Unknown Test,"{'column': 6, 'line': 166}","  164 |       })
  165 |
> 166 |       test('should not throw if onData-method is not defined in the handler', t => {
      |      ^ Unknown Test
  167 |         t = tspl(t, { plan: 1 })
  168 |         const decorator = new DecoratorHandler({})
  169 |         t.doesNotThrow(() => decorator.onResponseData(new Controller(), 'chunk'))"
/home/gabriel/Disk/Research/research-javascript-test-smells/repositories/undici/test/decorator-handler.js,Unknown Test,"{'column': 6, 'line': 174}","  172 |
  173 |     describe('#onComplete', () => {
> 174 |       test('should delegate onComplete-method', t => {
      |      ^ Unknown Test
  175 |         t = tspl(t, { plan: 1 })
  176 |         const handler = new Handler(
  177 |           {"
/home/gabriel/Disk/Research/research-javascript-test-smells/repositories/undici/test/decorator-handler.js,Unknown Test,"{'column': 6, 'line': 186}","  184 |       })
  185 |
> 186 |       test('should not throw if onComplete-method is not defined in the handler', t => {
      |      ^ Unknown Test
  187 |         t = tspl(t, { plan: 1 })
  188 |         const decorator = new DecoratorHandler({})
  189 |         t.doesNotThrow(() => decorator.onResponseEnd(new Controller(), { 'x-trailer': 'trailer' }))"
/home/gabriel/Disk/Research/research-javascript-test-smells/repositories/undici/test/decorator-handler.js,Unknown Test,"{'column': 6, 'line': 194}","  192 |
  193 |     describe('#onError', () => {
> 194 |       test('should delegate onError-method', t => {
      |      ^ Unknown Test
  195 |         t = tspl(t, { plan: 1 })
  196 |         const handler = new Handler(
  197 |           {"
/home/gabriel/Disk/Research/research-javascript-test-smells/repositories/undici/test/decorator-handler.js,Unknown Test,"{'column': 6, 'line': 206}","  204 |       })
  205 |
> 206 |       test('should throw if onError-method is not defined in the handler', t => {
      |      ^ Unknown Test
  207 |         t = tspl(t, { plan: 1 })
  208 |         const decorator = new DecoratorHandler({})
  209 |         t.throws(() => decorator.onResponseError(new Controller(), new Error('Oops!')))"
/home/gabriel/Disk/Research/research-javascript-test-smells/repositories/undici/test/decorator-handler.js,Unknown Test,"{'column': 6, 'line': 265}","  263 |
  264 |     describe('#onRequestStart', () => {
> 265 |       test('should delegate onRequestStart-method', t => {
      |      ^ Unknown Test
  266 |         t = tspl(t, { plan: 2 })
  267 |         const handler = new Handler(
  268 |           {"
/home/gabriel/Disk/Research/research-javascript-test-smells/repositories/undici/test/decorator-handler.js,Unknown Test,"{'column': 6, 'line': 278}","  276 |       })
  277 |
> 278 |       test('should not throw if onRequestStart-method is not defined in the handler', t => {
      |      ^ Unknown Test
  279 |         t = tspl(t, { plan: 1 })
  280 |         const decorator = new DecoratorHandler({})
  281 |         t.doesNotThrow(() => decorator.onRequestStart())"
/home/gabriel/Disk/Research/research-javascript-test-smells/repositories/undici/test/decorator-handler.js,Unknown Test,"{'column': 6, 'line': 286}","  284 |
  285 |     describe('#onRequestUpgrade', () => {
> 286 |       test('should delegate onRequestUpgrade-method', t => {
      |      ^ Unknown Test
  287 |         t = tspl(t, { plan: 4 })
  288 |         const handler = new Handler(
  289 |           {"
/home/gabriel/Disk/Research/research-javascript-test-smells/repositories/undici/test/decorator-handler.js,Unknown Test,"{'column': 6, 'line': 303}","  301 |       })
  302 |
> 303 |       test('should not throw if onRequestUpgrade-method is not defined in the handler', t => {
      |      ^ Unknown Test
  304 |         t = tspl(t, { plan: 1 })
  305 |         const decorator = new DecoratorHandler({})
  306 |         t.doesNotThrow(() => decorator.onRequestUpgrade(new Controller(), 301, {"
/home/gabriel/Disk/Research/research-javascript-test-smells/repositories/undici/test/decorator-handler.js,Unknown Test,"{'column': 6, 'line': 313}","  311 |
  312 |     describe('#onResponseStart', () => {
> 313 |       test('should delegate onResponseStart-method', t => {
      |      ^ Unknown Test
  314 |         t = tspl(t, { plan: 4 })
  315 |         const handler = new Handler(
  316 |           {"
/home/gabriel/Disk/Research/research-javascript-test-smells/repositories/undici/test/decorator-handler.js,Unknown Test,"{'column': 6, 'line': 330}","  328 |       })
  329 |
> 330 |       test('should not throw if onResponseStart-method is not defined in the handler', t => {
      |      ^ Unknown Test
  331 |         t = tspl(t, { plan: 1 })
  332 |         const decorator = new DecoratorHandler({})
  333 |         t.doesNotThrow(() => decorator.onResponseStart(new Controller(), 200, {"
/home/gabriel/Disk/Research/research-javascript-test-smells/repositories/undici/test/decorator-handler.js,Unknown Test,"{'column': 6, 'line': 340}","  338 |
  339 |     describe('#onResponseData', () => {
> 340 |       test('should delegate onResponseData-method', t => {
      |      ^ Unknown Test
  341 |         t = tspl(t, { plan: 2 })
  342 |         const handler = new Handler(
  343 |           {"
/home/gabriel/Disk/Research/research-javascript-test-smells/repositories/undici/test/decorator-handler.js,Unknown Test,"{'column': 6, 'line': 353}","  351 |       })
  352 |
> 353 |       test('should not throw if onResponseData-method is not defined in the handler', t => {
      |      ^ Unknown Test
  354 |         t = tspl(t, { plan: 1 })
  355 |         const decorator = new DecoratorHandler({})
  356 |         t.doesNotThrow(() => decorator.onResponseData(new Controller(), 'chunk'))"
/home/gabriel/Disk/Research/research-javascript-test-smells/repositories/undici/test/decorator-handler.js,Unknown Test,"{'column': 6, 'line': 361}","  359 |
  360 |     describe('#onResponseEnd', () => {
> 361 |       test('should delegate onResponseEnd-method', t => {
      |      ^ Unknown Test
  362 |         t = tspl(t, { plan: 2 })
  363 |         const handler = new Handler(
  364 |           {"
/home/gabriel/Disk/Research/research-javascript-test-smells/repositories/undici/test/decorator-handler.js,Unknown Test,"{'column': 6, 'line': 374}","  372 |       })
  373 |
> 374 |       test('should not throw if onResponseEnd-method is not defined in the handler', t => {
      |      ^ Unknown Test
  375 |         t = tspl(t, { plan: 1 })
  376 |         const decorator = new DecoratorHandler({})
  377 |         t.doesNotThrow(() => decorator.onResponseEnd(new Controller(), { 'x-trailer': 'trailer' }))"
/home/gabriel/Disk/Research/research-javascript-test-smells/repositories/undici/test/decorator-handler.js,Unknown Test,"{'column': 6, 'line': 382}","  380 |
  381 |     describe('#onResponseError', () => {
> 382 |       test('should delegate onError-method', t => {
      |      ^ Unknown Test
  383 |         t = tspl(t, { plan: 2 })
  384 |         const handler = new Handler(
  385 |           {"
/home/gabriel/Disk/Research/research-javascript-test-smells/repositories/undici/test/decorator-handler.js,Unknown Test,"{'column': 6, 'line': 395}","  393 |       })
  394 |
> 395 |       test('should throw if onError-method is not defined in the handler', t => {
      |      ^ Unknown Test
  396 |         t = tspl(t, { plan: 1 })
  397 |         const decorator = new DecoratorHandler({
  398 |           // To hin and not wrap the instance"
/home/gabriel/Disk/Research/research-javascript-test-smells/repositories/undici/test/connect-timeout.js,Sleepy Test,"{'line': 43, 'column': 18, 'index': 1280}","  41 |   after(() => client.close())
  42 |
> 43 |   const timeout = setTimeout(() => {
     |                  ^ Sleepy Test
  44 |     t.fail()
  45 |   }, 2e3)
  46 |"
/home/gabriel/Disk/Research/research-javascript-test-smells/repositories/undici/test/connect-timeout.js,Sleepy Test,"{'line': 68, 'column': 18, 'index': 1869}","  66 |   after(() => client.close())
  67 |
> 68 |   const timeout = setTimeout(() => {
     |                  ^ Sleepy Test
  69 |     t.fail()
  70 |   }, 2e3)
  71 |"
/home/gabriel/Disk/Research/research-javascript-test-smells/repositories/undici/test/connect-timeout.js,Unknown Test,"{'column': 0, 'line': 35}","  33 | }
  34 |
> 35 | test('connect-timeout', { skip }, async t => {
  36 |   t = tspl(t, { plan: 3 })
  37 |
  38 |   const client = new Client('http://localhost:9000', {"
/home/gabriel/Disk/Research/research-javascript-test-smells/repositories/undici/test/connect-timeout.js,Unknown Test,"{'column': 0, 'line': 60}","  58 | })
  59 |
> 60 | test('connect-timeout', { skip }, async t => {
  61 |   t = tspl(t, { plan: 3 })
  62 |
  63 |   const client = new Pool('http://localhost:9000', {"
/home/gabriel/Disk/Research/research-javascript-test-smells/repositories/undici/test/client-wasm.js,Conditional Test Logic,"{'line': 9, 'column': 2, 'index': 232}","   7 |   ['generic', require('../lib/llhttp/llhttp-wasm.js')],
   8 |   ['simd', require('../lib/llhttp/llhttp_simd-wasm.js')]
>  9 | ].forEach(([name, llhttp]) => {
     |  ^ Conditional Test Logic
  10 |   describe(name, () => {
  11 |     test('can compile the wasm code', async () => {
  12 |       await WebAssembly.compile(llhttp)"
/home/gabriel/Disk/Research/research-javascript-test-smells/repositories/undici/test/client-wasm.js,Unknown Test,"{'column': 4, 'line': 11}","   9 | ].forEach(([name, llhttp]) => {
  10 |   describe(name, () => {
> 11 |     test('can compile the wasm code', async () => {
     |    ^ Unknown Test
  12 |       await WebAssembly.compile(llhttp)
  13 |     })
  14 |"
/home/gabriel/Disk/Research/research-javascript-test-smells/repositories/undici/test/client-wasm.js,Unknown Test,"{'column': 4, 'line': 15}","  13 |     })
  14 |
> 15 |     test('can instantiate the wasm code', async () => {
     |    ^ Unknown Test
  16 |       const mod = await WebAssembly.compile(llhttp)
  17 |       await WebAssembly.instantiate(mod, {
  18 |         env: {"
/home/gabriel/Disk/Research/research-javascript-test-smells/repositories/undici/test/client-wasm.js,Unknown Test,"{'column': 6, 'line': 46}","  44 |       })
  45 |
> 46 |       test('has the right amount of exports', async (t) => {
     |      ^ Unknown Test
  47 |         t = tspl(t, { plan: 2 })
  48 |
  49 |         t.ok(instance.exports, 'exports are present')"
/home/gabriel/Disk/Research/research-javascript-test-smells/repositories/undici/test/client-wasm.js,Unknown Test,"{'column': 6, 'line': 95}","  93 |       })
  94 |
> 95 |       test('instance.exports.memory', async (t) => {
     |      ^ Unknown Test
  96 |         t = tspl(t, { plan: 1 })
  97 |
  98 |         t.ok(instance.exports.memory instanceof WebAssembly.Memory, 'memory is present')"
/home/gabriel/Disk/Research/research-javascript-test-smells/repositories/undici/test/client-wasm.js,Unknown Test,"{'column': 6, 'line': 102}","  100 |
  101 |       // _initialize
> 102 |       test('instance.exports._initialize', async (t) => {
      |      ^ Unknown Test
  103 |         t = tspl(t, { plan: 2 })
  104 |
  105 |         t.ok(typeof instance.exports._initialize === 'function', '_initialize is present')"
/home/gabriel/Disk/Research/research-javascript-test-smells/repositories/undici/test/client-wasm.js,Unknown Test,"{'column': 6, 'line': 110}","  108 |
  109 |       // __indirect_function_table
> 110 |       test('instance.exports.__indirect_function_table', async (t) => {
      |      ^ Unknown Test
  111 |         t = tspl(t, { plan: 1 })
  112 |
  113 |         t.ok(instance.exports.__indirect_function_table instanceof WebAssembly.Table, '__indirect_function_table is present')"
/home/gabriel/Disk/Research/research-javascript-test-smells/repositories/undici/test/client-wasm.js,Unknown Test,"{'column': 6, 'line': 117}","  115 |
  116 |       // malloc
> 117 |       test('instance.exports.malloc', async (t) => {
      |      ^ Unknown Test
  118 |         t = tspl(t, { plan: 2 })
  119 |
  120 |         t.ok(typeof instance.exports.malloc === 'function', 'malloc is present')"
/home/gabriel/Disk/Research/research-javascript-test-smells/repositories/undici/test/client-wasm.js,Unknown Test,"{'column': 6, 'line': 125}","  123 |
  124 |       // free
> 125 |       test('instance.exports.free', async (t) => {
      |      ^ Unknown Test
  126 |         t = tspl(t, { plan: 2 })
  127 |
  128 |         t.ok(typeof instance.exports.free === 'function', 'free is present')"
/home/gabriel/Disk/Research/research-javascript-test-smells/repositories/undici/test/client-wasm.js,Unknown Test,"{'column': 6, 'line': 133}","  131 |
  132 |       // llhttp_init
> 133 |       test('instance.exports.llhttp_init', async (t) => {
      |      ^ Unknown Test
  134 |         t = tspl(t, { plan: 2 })
  135 |
  136 |         t.ok(typeof instance.exports.llhttp_init === 'function', 'llhttp_init is present')"
/home/gabriel/Disk/Research/research-javascript-test-smells/repositories/undici/test/client-wasm.js,Unknown Test,"{'column': 6, 'line': 141}","  139 |
  140 |       // llhttp_alloc
> 141 |       test('instance.exports.llhttp_alloc', async (t) => {
      |      ^ Unknown Test
  142 |         t = tspl(t, { plan: 2 })
  143 |
  144 |         t.ok(typeof instance.exports.llhttp_alloc === 'function', 'llhttp_alloc is present')"
/home/gabriel/Disk/Research/research-javascript-test-smells/repositories/undici/test/client-wasm.js,Unknown Test,"{'column': 6, 'line': 149}","  147 |
  148 |       // llhttp_free
> 149 |       test('instance.exports.llhttp_free', async (t) => {
      |      ^ Unknown Test
  150 |         t = tspl(t, { plan: 2 })
  151 |
  152 |         t.ok(typeof instance.exports.llhttp_free === 'function', 'llhttp_free is present')"
/home/gabriel/Disk/Research/research-javascript-test-smells/repositories/undici/test/client-wasm.js,Unknown Test,"{'column': 6, 'line': 157}","  155 |
  156 |       // llhttp_get_type
> 157 |       test('instance.exports.llhttp_get_type', async (t) => {
      |      ^ Unknown Test
  158 |         t = tspl(t, { plan: 2 })
  159 |
  160 |         t.ok(typeof instance.exports.llhttp_get_type === 'function', 'llhttp_get_type is present')"
/home/gabriel/Disk/Research/research-javascript-test-smells/repositories/undici/test/client-wasm.js,Unknown Test,"{'column': 6, 'line': 165}","  163 |
  164 |       // llhttp_should_keep_alive
> 165 |       test('instance.exports.llhttp_should_keep_alive', async (t) => {
      |      ^ Unknown Test
  166 |         t = tspl(t, { plan: 2 })
  167 |
  168 |         t.ok(typeof instance.exports.llhttp_should_keep_alive === 'function', 'llhttp_should_keep_alive is present')"
/home/gabriel/Disk/Research/research-javascript-test-smells/repositories/undici/test/client-wasm.js,Unknown Test,"{'column': 6, 'line': 173}","  171 |
  172 |       // llhttp_get_http_major
> 173 |       test('instance.exports.llhttp_get_http_major', async (t) => {
      |      ^ Unknown Test
  174 |         t = tspl(t, { plan: 2 })
  175 |
  176 |         t.ok(typeof instance.exports.llhttp_get_http_major === 'function', 'llhttp_get_http_major is present')"
/home/gabriel/Disk/Research/research-javascript-test-smells/repositories/undici/test/client-wasm.js,Unknown Test,"{'column': 6, 'line': 181}","  179 |
  180 |       // llhttp_get_http_minor
> 181 |       test('instance.exports.llhttp_get_http_minor', async (t) => {
      |      ^ Unknown Test
  182 |         t = tspl(t, { plan: 2 })
  183 |
  184 |         t.ok(typeof instance.exports.llhttp_get_http_minor === 'function', 'llhttp_get_http_minor is present')"
/home/gabriel/Disk/Research/research-javascript-test-smells/repositories/undici/test/client-wasm.js,Unknown Test,"{'column': 6, 'line': 189}","  187 |
  188 |       // llhttp_get_method
> 189 |       test('instance.exports.llhttp_get_method', async (t) => {
      |      ^ Unknown Test
  190 |         t = tspl(t, { plan: 2 })
  191 |
  192 |         t.ok(typeof instance.exports.llhttp_get_method === 'function', 'llhttp_get_method is present')"
/home/gabriel/Disk/Research/research-javascript-test-smells/repositories/undici/test/client-wasm.js,Unknown Test,"{'column': 6, 'line': 197}","  195 |
  196 |       // llhttp_get_status_code
> 197 |       test('instance.exports.llhttp_get_status_code', async (t) => {
      |      ^ Unknown Test
  198 |         t = tspl(t, { plan: 2 })
  199 |
  200 |         t.ok(typeof instance.exports.llhttp_get_status_code === 'function', 'llhttp_get_status_code is present')"
/home/gabriel/Disk/Research/research-javascript-test-smells/repositories/undici/test/client-wasm.js,Unknown Test,"{'column': 6, 'line': 205}","  203 |
  204 |       // llhttp_get_upgrade
> 205 |       test('instance.exports.llhttp_get_upgrade', async (t) => {
      |      ^ Unknown Test
  206 |         t = tspl(t, { plan: 2 })
  207 |
  208 |         t.ok(typeof instance.exports.llhttp_get_upgrade === 'function', 'llhttp_get_upgrade is present')"
/home/gabriel/Disk/Research/research-javascript-test-smells/repositories/undici/test/client-wasm.js,Unknown Test,"{'column': 6, 'line': 213}","  211 |
  212 |       // llhttp_reset
> 213 |       test('instance.exports.llhttp_reset', async (t) => {
      |      ^ Unknown Test
  214 |         t = tspl(t, { plan: 2 })
  215 |
  216 |         t.ok(typeof instance.exports.llhttp_reset === 'function', 'llhttp_reset is present')"
/home/gabriel/Disk/Research/research-javascript-test-smells/repositories/undici/test/client-wasm.js,Unknown Test,"{'column': 6, 'line': 221}","  219 |
  220 |       // llhttp_execute
> 221 |       test('instance.exports.llhttp_execute', async (t) => {
      |      ^ Unknown Test
  222 |         t = tspl(t, { plan: 2 })
  223 |
  224 |         t.ok(typeof instance.exports.llhttp_execute === 'function', 'llhttp_execute is present')"
/home/gabriel/Disk/Research/research-javascript-test-smells/repositories/undici/test/client-wasm.js,Unknown Test,"{'column': 6, 'line': 229}","  227 |
  228 |       // llhttp_settings_init
> 229 |       test('instance.exports.llhttp_settings_init', async (t) => {
      |      ^ Unknown Test
  230 |         t = tspl(t, { plan: 2 })
  231 |
  232 |         t.ok(typeof instance.exports.llhttp_settings_init === 'function', 'llhttp_settings_init is present')"
/home/gabriel/Disk/Research/research-javascript-test-smells/repositories/undici/test/client-wasm.js,Unknown Test,"{'column': 6, 'line': 237}","  235 |
  236 |       // llhttp_finish
> 237 |       test('instance.exports.llhttp_finish', async (t) => {
      |      ^ Unknown Test
  238 |         t = tspl(t, { plan: 2 })
  239 |
  240 |         t.ok(typeof instance.exports.llhttp_finish === 'function', 'llhttp_finish is present')"
/home/gabriel/Disk/Research/research-javascript-test-smells/repositories/undici/test/client-wasm.js,Unknown Test,"{'column': 6, 'line': 245}","  243 |
  244 |       // llhttp_pause
> 245 |       test('instance.exports.llhttp_pause', async (t) => {
      |      ^ Unknown Test
  246 |         t = tspl(t, { plan: 2 })
  247 |
  248 |         t.ok(typeof instance.exports.llhttp_pause === 'function', 'llhttp_pause is present')"
/home/gabriel/Disk/Research/research-javascript-test-smells/repositories/undici/test/client-wasm.js,Unknown Test,"{'column': 6, 'line': 253}","  251 |
  252 |       // llhttp_resume
> 253 |       test('instance.exports.llhttp_resume', async (t) => {
      |      ^ Unknown Test
  254 |         t = tspl(t, { plan: 2 })
  255 |
  256 |         t.ok(typeof instance.exports.llhttp_resume === 'function', 'llhttp_resume is present')"
/home/gabriel/Disk/Research/research-javascript-test-smells/repositories/undici/test/client-wasm.js,Unknown Test,"{'column': 6, 'line': 261}","  259 |
  260 |       // llhttp_resume_after_upgrade
> 261 |       test('instance.exports.llhttp_resume_after_upgrade', async (t) => {
      |      ^ Unknown Test
  262 |         t = tspl(t, { plan: 2 })
  263 |
  264 |         t.ok(typeof instance.exports.llhttp_resume_after_upgrade === 'function', 'llhttp_resume_after_upgrade is present')"
/home/gabriel/Disk/Research/research-javascript-test-smells/repositories/undici/test/client-wasm.js,Unknown Test,"{'column': 6, 'line': 269}","  267 |
  268 |       // llhttp_get_errno
> 269 |       test('instance.exports.llhttp_get_errno', async (t) => {
      |      ^ Unknown Test
  270 |         t = tspl(t, { plan: 2 })
  271 |
  272 |         t.ok(typeof instance.exports.llhttp_get_errno === 'function', 'llhttp_get_errno is present')"
/home/gabriel/Disk/Research/research-javascript-test-smells/repositories/undici/test/client-wasm.js,Unknown Test,"{'column': 6, 'line': 277}","  275 |
  276 |       // llhttp_get_error_reason
> 277 |       test('instance.exports.llhttp_get_error_reason', async (t) => {
      |      ^ Unknown Test
  278 |         t = tspl(t, { plan: 2 })
  279 |
  280 |         t.ok(typeof instance.exports.llhttp_get_error_reason === 'function', 'llhttp_get_error_reason is present')"
/home/gabriel/Disk/Research/research-javascript-test-smells/repositories/undici/test/client-wasm.js,Unknown Test,"{'column': 6, 'line': 285}","  283 |
  284 |       // llhttp_set_error_reason
> 285 |       test('instance.exports.llhttp_set_error_reason', async (t) => {
      |      ^ Unknown Test
  286 |         t = tspl(t, { plan: 2 })
  287 |
  288 |         t.ok(typeof instance.exports.llhttp_set_error_reason === 'function', 'llhttp_set_error_reason is present')"
/home/gabriel/Disk/Research/research-javascript-test-smells/repositories/undici/test/client-wasm.js,Unknown Test,"{'column': 6, 'line': 293}","  291 |
  292 |       // llhttp_get_error_pos
> 293 |       test('instance.exports.llhttp_get_error_pos', async (t) => {
      |      ^ Unknown Test
  294 |         t = tspl(t, { plan: 2 })
  295 |
  296 |         t.ok(typeof instance.exports.llhttp_get_error_pos === 'function', 'llhttp_get_error_pos is present')"
/home/gabriel/Disk/Research/research-javascript-test-smells/repositories/undici/test/client-wasm.js,Unknown Test,"{'column': 6, 'line': 301}","  299 |
  300 |       // llhttp_errno_name
> 301 |       test('instance.exports.llhttp_errno_name', async (t) => {
      |      ^ Unknown Test
  302 |         t = tspl(t, { plan: 2 })
  303 |
  304 |         t.ok(typeof instance.exports.llhttp_errno_name === 'function', 'llhttp_errno_name is present')"
/home/gabriel/Disk/Research/research-javascript-test-smells/repositories/undici/test/client-wasm.js,Unknown Test,"{'column': 6, 'line': 309}","  307 |
  308 |       // llhttp_method_name
> 309 |       test('instance.exports.llhttp_method_name', async (t) => {
      |      ^ Unknown Test
  310 |         t = tspl(t, { plan: 2 })
  311 |
  312 |         t.ok(typeof instance.exports.llhttp_method_name === 'function', 'llhttp_method_name is present')"
/home/gabriel/Disk/Research/research-javascript-test-smells/repositories/undici/test/client-wasm.js,Unknown Test,"{'column': 6, 'line': 317}","  315 |
  316 |       // llhttp_status_name
> 317 |       test('instance.exports.llhttp_status_name', async (t) => {
      |      ^ Unknown Test
  318 |         t = tspl(t, { plan: 2 })
  319 |
  320 |         t.ok(typeof instance.exports.llhttp_status_name === 'function', 'llhttp_status_name is present')"
/home/gabriel/Disk/Research/research-javascript-test-smells/repositories/undici/test/client-wasm.js,Unknown Test,"{'column': 6, 'line': 325}","  323 |
  324 |       // llhttp_set_lenient_headers
> 325 |       test('instance.exports.llhttp_set_lenient_headers', async (t) => {
      |      ^ Unknown Test
  326 |         t = tspl(t, { plan: 2 })
  327 |
  328 |         t.ok(typeof instance.exports.llhttp_set_lenient_headers === 'function', 'llhttp_set_lenient_headers is present')"
/home/gabriel/Disk/Research/research-javascript-test-smells/repositories/undici/test/client-wasm.js,Unknown Test,"{'column': 6, 'line': 333}","  331 |
  332 |       // llhttp_set_lenient_chunked_length
> 333 |       test('instance.exports.llhttp_set_lenient_chunked_length', async (t) => {
      |      ^ Unknown Test
  334 |         t = tspl(t, { plan: 2 })
  335 |
  336 |         t.ok(typeof instance.exports.llhttp_set_lenient_chunked_length === 'function', 'llhttp_set_lenient_chunked_length is present')"
/home/gabriel/Disk/Research/research-javascript-test-smells/repositories/undici/test/client-wasm.js,Unknown Test,"{'column': 6, 'line': 341}","  339 |
  340 |       // llhttp_set_lenient_keep_alive
> 341 |       test('instance.exports.llhttp_set_lenient_keep_alive', async (t) => {
      |      ^ Unknown Test
  342 |         t = tspl(t, { plan: 2 })
  343 |
  344 |         t.ok(typeof instance.exports.llhttp_set_lenient_keep_alive === 'function', 'llhttp_set_lenient_keep_alive is present')"
/home/gabriel/Disk/Research/research-javascript-test-smells/repositories/undici/test/client-wasm.js,Unknown Test,"{'column': 6, 'line': 349}","  347 |
  348 |       // llhttp_set_lenient_transfer_encoding
> 349 |       test('instance.exports.llhttp_set_lenient_transfer_encoding', async (t) => {
      |      ^ Unknown Test
  350 |         t = tspl(t, { plan: 2 })
  351 |
  352 |         t.ok(typeof instance.exports.llhttp_set_lenient_transfer_encoding === 'function', 'llhttp_set_lenient_transfer_encoding is present')"
/home/gabriel/Disk/Research/research-javascript-test-smells/repositories/undici/test/client-wasm.js,Unknown Test,"{'column': 6, 'line': 357}","  355 |
  356 |       // llhttp_message_needs_eof
> 357 |       test('instance.exports.llhttp_message_needs_eof', async (t) => {
      |      ^ Unknown Test
  358 |         t = tspl(t, { plan: 2 })
  359 |
  360 |         t.ok(typeof instance.exports.llhttp_message_needs_eof === 'function', 'llhttp_message_needs_eof is present')"
/home/gabriel/Disk/Research/research-javascript-test-smells/repositories/undici/test/client-request.js,Conditional Test Logic,"{'line': 58, 'column': 4, 'index': 1615}","  56 |   const server = createServer({ joinDuplicateHeaders: true }, (req, res) => {
  57 |     res.setHeader('content-length', 999999999)
> 58 |     while (res.write('asd')) {
     |    ^ Conditional Test Logic
  59 |       // Do nothing...
  60 |     }
  61 |   })"
/home/gabriel/Disk/Research/research-javascript-test-smells/repositories/undici/test/client-request.js,Conditional Test Logic,"{'line': 418, 'column': 2, 'index': 10971}","  416 |   let actual = ''
  417 |
> 418 |   for await (const chunk of body) {
      |  ^ Conditional Test Logic
  419 |     actual += chunk
  420 |   }
  421 |"
/home/gabriel/Disk/Research/research-javascript-test-smells/repositories/undici/test/client-request.js,Conditional Test Logic,"{'line': 463, 'column': 4, 'index': 12068}","  461 |   try {
  462 |     /* eslint-disable */
> 463 |     for await (const _ of body) {
      |    ^ Conditional Test Logic
  464 |       // empty on purpose
  465 |     }
  466 |     /* eslint-enable */"
/home/gabriel/Disk/Research/research-javascript-test-smells/repositories/undici/test/client-request.js,Conditional Test Logic,"{'line': 852, 'column': 4, 'index': 21631}","  850 |
  851 |     let x = ''
> 852 |     for await (const chunk of body.body) {
      |    ^ Conditional Test Logic
  853 |       x += Buffer.from(chunk)
  854 |     }
  855 |     t.strictEqual(JSON.stringify(obj), x)"
/home/gabriel/Disk/Research/research-javascript-test-smells/repositories/undici/test/client-request.js,Conditional Test Logic,"{'line': 866, 'column': 4, 'index': 21968}","  864 |   const server = createServer({ joinDuplicateHeaders: true }, async (req, res) => {
  865 |     let ret = ''
> 866 |     for await (const chunk of req) {
      |    ^ Conditional Test Logic
  867 |       ret += chunk
  868 |     }
  869 |     t.strictEqual(ret, 'asd')"
/home/gabriel/Disk/Research/research-javascript-test-smells/repositories/undici/test/client-request.js,Conditional Test Logic,"{'line': 903, 'column': 4, 'index': 22771}","  901 |   const server = createServer({ joinDuplicateHeaders: true }, async (req, res) => {
  902 |     let ret = ''
> 903 |     for await (const chunk of req) {
      |    ^ Conditional Test Logic
  904 |       ret += chunk
  905 |     }
  906 |     t.strictEqual(ret, 'asd')"
/home/gabriel/Disk/Research/research-javascript-test-smells/repositories/undici/test/client-request.js,Conditional Test Logic,"{'line': 1165, 'column': 4, 'index': 29300}","  1163 |     const chunks = []
  1164 |
> 1165 |     for await (const chunk of req) {
       |    ^ Conditional Test Logic
  1166 |       chunks.push(chunk)
  1167 |     }
  1168 |"
/home/gabriel/Disk/Research/research-javascript-test-smells/repositories/undici/test/client-request.js,Conditional Test Logic,"{'line': 1212, 'column': 4, 'index': 30438}","  1210 |   const server = createServer({ joinDuplicateHeaders: true }, async (req, res) => {
  1211 |     let ret = ''
> 1212 |     for await (const chunk of req) {
       |    ^ Conditional Test Logic
  1213 |       ret += chunk
  1214 |     }
  1215 |     t.strictEqual(ret, 'abcdefghijklmnopqrstuvwxyz')"
/home/gabriel/Disk/Research/research-javascript-test-smells/repositories/undici/test/client-request.js,Conditional Test Logic,"{'line': 1246, 'column': 4, 'index': 31305}","  1244 |   const server = createServer({ joinDuplicateHeaders: true }, async (req, res) => {
  1245 |     let ret = ''
> 1246 |     for await (const chunk of req) {
       |    ^ Conditional Test Logic
  1247 |       ret += chunk
  1248 |     }
  1249 |     t.strictEqual(ret, 'ijklmnopqrstuvwx')"
/home/gabriel/Disk/Research/research-javascript-test-smells/repositories/undici/test/client-request.js,Conditional Test Logic,"{'line': 1280, 'column': 4, 'index': 32157}","  1278 |   const server = createServer({ joinDuplicateHeaders: true }, async (req, res) => {
  1279 |     let ret = ''
> 1280 |     for await (const chunk of req) {
       |    ^ Conditional Test Logic
  1281 |       ret += chunk
  1282 |     }
  1283 |     t.strictEqual(ret, 'ijklmnopqrstuvwx')"
/home/gabriel/Disk/Research/research-javascript-test-smells/repositories/undici/test/client-request.js,Conditional Test Logic,"{'line': 1314, 'column': 4, 'index': 33010}","  1312 |   const server = createServer({ joinDuplicateHeaders: true }, async (req, res) => {
  1313 |     let ret = ''
> 1314 |     for await (const chunk of req) {
       |    ^ Conditional Test Logic
  1315 |       ret += chunk
  1316 |     }
  1317 |     t.strictEqual(ret, 'ijklmnopqrstuvwx')"
/home/gabriel/Disk/Research/research-javascript-test-smells/repositories/undici/test/client-request.js,Conditional Test Logic,"{'line': 1348, 'column': 4, 'index': 33865}","  1346 |   const server = createServer({ joinDuplicateHeaders: true }, async (req, res) => {
  1347 |     let ret = ''
> 1348 |     for await (const chunk of req) {
       |    ^ Conditional Test Logic
  1349 |       ret += chunk
  1350 |     }
  1351 |     t.strictEqual(ret, 'ijklmnopqrstuvwx')"
/home/gabriel/Disk/Research/research-javascript-test-smells/repositories/undici/test/client-request.js,Conditional Test Logic,"{'line': 1382, 'column': 4, 'index': 34724}","  1380 |   const server = createServer({ joinDuplicateHeaders: true }, async (req, res) => {
  1381 |     let ret = ''
> 1382 |     for await (const chunk of req) {
       |    ^ Conditional Test Logic
  1383 |       ret += chunk
  1384 |     }
  1385 |     t.strictEqual(ret, 'ijklmnopqrstuvwx')"
/home/gabriel/Disk/Research/research-javascript-test-smells/repositories/undici/test/client-request.js,Conditional Test Logic,"{'line': 1416, 'column': 4, 'index': 35572}","  1414 |   const server = createServer({ joinDuplicateHeaders: true }, async (req, res) => {
  1415 |     let ret = ''
> 1416 |     for await (const chunk of req) {
       |    ^ Conditional Test Logic
  1417 |       ret += chunk
  1418 |     }
  1419 |     t.strictEqual(ret, 'ijklmnopqrstuvwx')"
/home/gabriel/Disk/Research/research-javascript-test-smells/repositories/undici/test/client-request.js,Exception Handling,"{'line': 335, 'column': 4, 'index': 9100}","  333 |       read () { }
  334 |     })
> 335 |     try {
      |    ^ Exception Handling
  336 |       client.request({
  337 |         path: '/',
  338 |         method: 'GET',"
/home/gabriel/Disk/Research/research-javascript-test-smells/repositories/undici/test/client-request.js,Exception Handling,"{'line': 461, 'column': 2, 'index': 12033}","  459 |   body.setEncoding('utf8')
  460 |
> 461 |   try {
      |  ^ Exception Handling
  462 |     /* eslint-disable */
  463 |     for await (const _ of body) {
  464 |       // empty on purpose"
/home/gabriel/Disk/Research/research-javascript-test-smells/repositories/undici/test/client-request.js,Exception Handling,"{'line': 985, 'column': 4, 'index': 24763}","  983 |     const client = new Client(`http://localhost:${server.address().port}`)
  984 |     after(() => client.destroy())
> 985 |     try {
      |    ^ Exception Handling
  986 |       await client.request({
  987 |         path: '/',
  988 |         method: 'GET',"
/home/gabriel/Disk/Research/research-javascript-test-smells/repositories/undici/test/client-request.js,Exception Handling,"{'line': 1107, 'column': 4, 'index': 27836}","  1105 |     })
  1106 |
> 1107 |     try {
       |    ^ Exception Handling
  1108 |       await body.formData()
  1109 |       t.fail('should throw NotSupportedError')
  1110 |     } catch (error) {"
/home/gabriel/Disk/Research/research-javascript-test-smells/repositories/undici/test/client-request.js,Sleepy Test,"{'line': 1450, 'column': 4, 'index': 36379}","  1448 |   const server = createServer({ joinDuplicateHeaders: true }, (req, res) => {
  1449 |     res.write(data.slice(0, 1))
> 1450 |     setTimeout(() => {
       |    ^ Sleepy Test
  1451 |       res.write(data.slice(1))
  1452 |       res.end()
  1453 |     }, 100)"
/home/gabriel/Disk/Research/research-javascript-test-smells/repositories/undici/test/client-request.js,Sleepy Test,"{'line': 1478, 'column': 4, 'index': 37093}","  1476 |   const server = createServer({ joinDuplicateHeaders: true }, (req, res) => {
  1477 |     res.write(data.slice(0, 1))
> 1478 |     setTimeout(() => {
       |    ^ Sleepy Test
  1479 |       res.write(data.slice(1))
  1480 |       res.end()
  1481 |     }, 100)"
/home/gabriel/Disk/Research/research-javascript-test-smells/repositories/undici/test/client-request.js,Sleepy Test,"{'line': 1506, 'column': 4, 'index': 37812}","  1504 |   const server = createServer({ joinDuplicateHeaders: true }, (req, res) => {
  1505 |     res.write(data.slice(0, 1))
> 1506 |     setTimeout(() => {
       |    ^ Sleepy Test
  1507 |       res.write(data.slice(1))
  1508 |       res.end()
  1509 |     }, 100)"
/home/gabriel/Disk/Research/research-javascript-test-smells/repositories/undici/test/client-request.js,Sleepy Test,"{'line': 1533, 'column': 4, 'index': 38523}","  1531 |   const controller = new AbortController()
  1532 |   const server = createServer({ joinDuplicateHeaders: true }, (req, res) => {
> 1533 |     setTimeout(() => {
       |    ^ Sleepy Test
  1534 |       res.writeHead(200, 'ok', {
  1535 |         'content-type': 'text/plain'
  1536 |       })"
/home/gabriel/Disk/Research/research-javascript-test-smells/repositories/undici/test/client-request.js,Unknown Test,"{'column': 0, 'line': 17}","  15 | const { parseFormDataString } = require('./utils/formdata')
  16 |
> 17 | test('request dump head', async (t) => {
  18 |   t = tspl(t, { plan: 3 })
  19 |
  20 |   const server = createServer({ joinDuplicateHeaders: true }, (req, res) => {"
/home/gabriel/Disk/Research/research-javascript-test-smells/repositories/undici/test/client-request.js,Unknown Test,"{'column': 0, 'line': 53}","  51 | })
  52 |
> 53 | test('request dump big', async (t) => {
  54 |   t = tspl(t, { plan: 3 })
  55 |
  56 |   const server = createServer({ joinDuplicateHeaders: true }, (req, res) => {"
/home/gabriel/Disk/Research/research-javascript-test-smells/repositories/undici/test/client-request.js,Unknown Test,"{'column': 0, 'line': 91}","  89 | })
  90 |
> 91 | test('request dump', async (t) => {
  92 |   t = tspl(t, { plan: 3 })
  93 |
  94 |   const server = createServer({ joinDuplicateHeaders: true }, (req, res) => {"
/home/gabriel/Disk/Research/research-javascript-test-smells/repositories/undici/test/client-request.js,Unknown Test,"{'column': 0, 'line': 127}","  125 | })
  126 |
> 127 | test('request dump with abort signal', async (t) => {
  128 |   t = tspl(t, { plan: 10 })
  129 |   const server = createServer({ joinDuplicateHeaders: true }, (req, res) => {
  130 |     res.write('hello')"
/home/gabriel/Disk/Research/research-javascript-test-smells/repositories/undici/test/client-request.js,Unknown Test,"{'column': 0, 'line': 168}","  166 | })
  167 |
> 168 | test('request dump with POJO as invalid signal', async (t) => {
  169 |   t = tspl(t, { plan: 9 })
  170 |   const server = createServer({ joinDuplicateHeaders: true }, (req, res) => {
  171 |     res.write('hello')"
/home/gabriel/Disk/Research/research-javascript-test-smells/repositories/undici/test/client-request.js,Unknown Test,"{'column': 0, 'line': 206}","  204 | })
  205 |
> 206 | test('request dump with aborted signal', async (t) => {
  207 |   t = tspl(t, { plan: 8 })
  208 |   const server = createServer({ joinDuplicateHeaders: true }, (req, res) => {
  209 |     res.write('hello')"
/home/gabriel/Disk/Research/research-javascript-test-smells/repositories/undici/test/client-request.js,Unknown Test,"{'column': 0, 'line': 247}","  245 | })
  246 |
> 247 | test('request hwm', async (t) => {
  248 |   t = tspl(t, { plan: 2 })
  249 |   const server = createServer({ joinDuplicateHeaders: true }, (req, res) => {
  250 |     res.write('hello')"
/home/gabriel/Disk/Research/research-javascript-test-smells/repositories/undici/test/client-request.js,Unknown Test,"{'column': 0, 'line': 275}","  273 | })
  274 |
> 275 | test('request abort before headers', async (t) => {
  276 |   t = tspl(t, { plan: 6 })
  277 |
  278 |   const signal = new EE()"
/home/gabriel/Disk/Research/research-javascript-test-smells/repositories/undici/test/client-request.js,Unknown Test,"{'column': 0, 'line': 318}","  316 | })
  317 |
> 318 | test('request body destroyed on invalid callback', async (t) => {
  319 |   t = tspl(t, { plan: 1 })
  320 |
  321 |   const server = createServer({ joinDuplicateHeaders: true }, (req, res) => {"
/home/gabriel/Disk/Research/research-javascript-test-smells/repositories/undici/test/client-request.js,Unknown Test,"{'column': 0, 'line': 349}","  347 | })
  348 |
> 349 | test('trailers', async (t) => {
  350 |   t = tspl(t, { plan: 1 })
  351 |
  352 |   const server = createServer({ joinDuplicateHeaders: true }, (req, res) => {"
/home/gabriel/Disk/Research/research-javascript-test-smells/repositories/undici/test/client-request.js,Unknown Test,"{'column': 0, 'line': 381}","  379 | })
  380 |
> 381 | test('destroy socket abruptly', async (t) => {
  382 |   t = tspl(t, { plan: 2 })
  383 |
  384 |   const server = net.createServer({ joinDuplicateHeaders: true }, (socket) => {"
/home/gabriel/Disk/Research/research-javascript-test-smells/repositories/undici/test/client-request.js,Unknown Test,"{'column': 0, 'line': 425}","  423 | })
  424 |
> 425 | test('destroy socket abruptly with keep-alive', async (t) => {
  426 |   t = tspl(t, { plan: 2 })
  427 |
  428 |   const server = net.createServer({ joinDuplicateHeaders: true }, (socket) => {"
/home/gabriel/Disk/Research/research-javascript-test-smells/repositories/undici/test/client-request.js,Unknown Test,"{'column': 0, 'line': 525}","  523 | })
  524 |
> 525 | test('request text', async (t) => {
  526 |   t = tspl(t, { plan: 1 })
  527 |
  528 |   const obj = { asd: true }"
/home/gabriel/Disk/Research/research-javascript-test-smells/repositories/undici/test/client-request.js,Unknown Test,"{'column': 4, 'line': 553}","  551 | describe('headers', () => {
  552 |   describe('invalid headers', () => {
> 553 |     test('invalid header value - array with string with invalid character', async (t) => {
      |    ^ Unknown Test
  554 |       t = tspl(t, { plan: 1 })
  555 |
  556 |       const client = new Client('http://localhost:8080')"
/home/gabriel/Disk/Research/research-javascript-test-smells/repositories/undici/test/client-request.js,Unknown Test,"{'column': 4, 'line': 567}","  565 |       await t.completed
  566 |     })
> 567 |     test('invalid header value - array with POJO', async (t) => {
      |    ^ Unknown Test
  568 |       t = tspl(t, { plan: 1 })
  569 |
  570 |       const client = new Client('http://localhost:8080')"
/home/gabriel/Disk/Research/research-javascript-test-smells/repositories/undici/test/client-request.js,Unknown Test,"{'column': 4, 'line': 582}","  580 |     })
  581 |
> 582 |     test('invalid header value - string with invalid character', async (t) => {
      |    ^ Unknown Test
  583 |       t = tspl(t, { plan: 1 })
  584 |
  585 |       const client = new Client('http://localhost:8080')"
/home/gabriel/Disk/Research/research-javascript-test-smells/repositories/undici/test/client-request.js,Unknown Test,"{'column': 4, 'line': 597}","  595 |     })
  596 |
> 597 |     test('invalid header value - object', async (t) => {
      |    ^ Unknown Test
  598 |       t = tspl(t, { plan: 1 })
  599 |
  600 |       const client = new Client('http://localhost:8080')"
/home/gabriel/Disk/Research/research-javascript-test-smells/repositories/undici/test/client-request.js,Unknown Test,"{'column': 4, 'line': 673}","  671 |     })
  672 |
> 673 |     test('invalid host header', async (t) => {
      |    ^ Unknown Test
  674 |       t = tspl(t, { plan: 1 })
  675 |
  676 |       const client = new Client(`http://${serverAddress}`)"
/home/gabriel/Disk/Research/research-javascript-test-smells/repositories/undici/test/client-request.js,Unknown Test,"{'column': 4, 'line': 692}","  690 |     })
  691 |
> 692 |     test('empty host header', async (t) => {
      |    ^ Unknown Test
  693 |       t = tspl(t, { plan: 3 })
  694 |
  695 |       const client = new Client(`http://${serverAddress}`)"
/home/gabriel/Disk/Research/research-javascript-test-smells/repositories/undici/test/client-request.js,Unknown Test,"{'column': 0, 'line': 716}","  714 | })
  715 |
> 716 | test('request long multibyte text', async (t) => {
  717 |   t = tspl(t, { plan: 1 })
  718 |
  719 |   const obj = { asd: 'あ'.repeat(100000) }"
/home/gabriel/Disk/Research/research-javascript-test-smells/repositories/undici/test/client-request.js,Unknown Test,"{'column': 0, 'line': 742}","  740 | })
  741 |
> 742 | test('request blob', async (t) => {
  743 |   t = tspl(t, { plan: 2 })
  744 |
  745 |   const obj = { asd: true }"
/home/gabriel/Disk/Research/research-javascript-test-smells/repositories/undici/test/client-request.js,Unknown Test,"{'column': 0, 'line': 772}","  770 | })
  771 |
> 772 | test('request arrayBuffer', async (t) => {
  773 |   t = tspl(t, { plan: 2 })
  774 |
  775 |   const obj = { asd: true }"
/home/gabriel/Disk/Research/research-javascript-test-smells/repositories/undici/test/client-request.js,Unknown Test,"{'column': 0, 'line': 801}","  799 | })
  800 |
> 801 | test('request bytes', async (t) => {
  802 |   t = tspl(t, { plan: 2 })
  803 |
  804 |   const obj = { asd: true }"
/home/gabriel/Disk/Research/research-javascript-test-smells/repositories/undici/test/client-request.js,Unknown Test,"{'column': 0, 'line': 830}","  828 | })
  829 |
> 830 | test('request body', async (t) => {
  831 |   t = tspl(t, { plan: 1 })
  832 |
  833 |   const obj = { asd: true }"
/home/gabriel/Disk/Research/research-javascript-test-smells/repositories/undici/test/client-request.js,Unknown Test,"{'column': 0, 'line': 861}","  859 | })
  860 |
> 861 | test('request post body no missing data', async (t) => {
  862 |   t = tspl(t, { plan: 2 })
  863 |
  864 |   const server = createServer({ joinDuplicateHeaders: true }, async (req, res) => {"
/home/gabriel/Disk/Research/research-javascript-test-smells/repositories/undici/test/client-request.js,Unknown Test,"{'column': 0, 'line': 898}","  896 | })
  897 |
> 898 | test('request post body no extra data handler', async (t) => {
  899 |   t = tspl(t, { plan: 3 })
  900 |
  901 |   const server = createServer({ joinDuplicateHeaders: true }, async (req, res) => {"
/home/gabriel/Disk/Research/research-javascript-test-smells/repositories/undici/test/client-request.js,Unknown Test,"{'column': 0, 'line': 939}","  937 | })
  938 |
> 939 | test('request with onInfo callback', async (t) => {
  940 |   t = tspl(t, { plan: 3 })
  941 |   const infos = []
  942 |   const server = createServer({ joinDuplicateHeaders: true }, (req, res) => {"
/home/gabriel/Disk/Research/research-javascript-test-smells/repositories/undici/test/client-request.js,Unknown Test,"{'column': 0, 'line': 969}","  967 | })
  968 |
> 969 | test('request with onInfo callback but socket is destroyed before end of response', async (t) => {
  970 |   t = tspl(t, { plan: 5 })
  971 |   const infos = []
  972 |   let response"
/home/gabriel/Disk/Research/research-javascript-test-smells/repositories/undici/test/client-request.js,Unknown Test,"{'column': 0, 'line': 1007}","  1005 | })
  1006 |
> 1007 | test('request onInfo callback headers parsing', async (t) => {
  1008 |   t = tspl(t, { plan: 4 })
  1009 |   const infos = []
  1010 |"
/home/gabriel/Disk/Research/research-javascript-test-smells/repositories/undici/test/client-request.js,Unknown Test,"{'column': 0, 'line': 1046}","  1044 | })
  1045 |
> 1046 | test('request raw responseHeaders', async (t) => {
  1047 |   t = tspl(t, { plan: 4 })
  1048 |   const infos = []
  1049 |"
/home/gabriel/Disk/Research/research-javascript-test-smells/repositories/undici/test/client-request.js,Unknown Test,"{'column': 0, 'line': 1086}","  1084 | })
  1085 |
> 1086 | test('request formData', async (t) => {
  1087 |   t = tspl(t, { plan: 1 })
  1088 |
  1089 |   const obj = { asd: true }"
/home/gabriel/Disk/Research/research-javascript-test-smells/repositories/undici/test/client-request.js,Unknown Test,"{'column': 0, 'line': 1118}","  1116 | })
  1117 |
> 1118 | test('request text2', async (t) => {
  1119 |   t = tspl(t, { plan: 2 })
  1120 |
  1121 |   const obj = { asd: true }"
/home/gabriel/Disk/Research/research-javascript-test-smells/repositories/undici/test/client-request.js,Unknown Test,"{'column': 0, 'line': 1151}","  1149 | })
  1150 |
> 1151 | test('request with FormData body', async (t) => {
  1152 |   const { FormData } = require('../')
  1153 |
  1154 |   const fd = new FormData()"
/home/gabriel/Disk/Research/research-javascript-test-smells/repositories/undici/test/client-request.js,Unknown Test,"{'column': 0, 'line': 1206}","  1204 | })
  1205 |
> 1206 | test('request post body Buffer from string', async (t) => {
  1207 |   t = tspl(t, { plan: 2 })
  1208 |   const requestBody = Buffer.from('abcdefghijklmnopqrstuvwxyz')
  1209 |"
/home/gabriel/Disk/Research/research-javascript-test-smells/repositories/undici/test/client-request.js,Unknown Test,"{'column': 0, 'line': 1239}","  1237 | })
  1238 |
> 1239 | test('request post body Buffer from buffer', async (t) => {
  1240 |   t = tspl(t, { plan: 2 })
  1241 |   const fullBuffer = new TextEncoder().encode('abcdefghijklmnopqrstuvwxyz')
  1242 |   const requestBody = Buffer.from(fullBuffer.buffer, 8, 16)"
/home/gabriel/Disk/Research/research-javascript-test-smells/repositories/undici/test/client-request.js,Unknown Test,"{'column': 0, 'line': 1273}","  1271 | })
  1272 |
> 1273 | test('request post body Uint8Array', async (t) => {
  1274 |   t = tspl(t, { plan: 2 })
  1275 |   const fullBuffer = new TextEncoder().encode('abcdefghijklmnopqrstuvwxyz')
  1276 |   const requestBody = new Uint8Array(fullBuffer.buffer, 8, 16)"
/home/gabriel/Disk/Research/research-javascript-test-smells/repositories/undici/test/client-request.js,Unknown Test,"{'column': 0, 'line': 1307}","  1305 | })
  1306 |
> 1307 | test('request post body Uint32Array', async (t) => {
  1308 |   t = tspl(t, { plan: 2 })
  1309 |   const fullBuffer = new TextEncoder().encode('abcdefghijklmnopqrstuvwxyz')
  1310 |   const requestBody = new Uint32Array(fullBuffer.buffer, 8, 4)"
/home/gabriel/Disk/Research/research-javascript-test-smells/repositories/undici/test/client-request.js,Unknown Test,"{'column': 0, 'line': 1341}","  1339 | })
  1340 |
> 1341 | test('request post body Float64Array', async (t) => {
  1342 |   t = tspl(t, { plan: 2 })
  1343 |   const fullBuffer = new TextEncoder().encode('abcdefghijklmnopqrstuvwxyz')
  1344 |   const requestBody = new Float64Array(fullBuffer.buffer, 8, 2)"
/home/gabriel/Disk/Research/research-javascript-test-smells/repositories/undici/test/client-request.js,Unknown Test,"{'column': 0, 'line': 1375}","  1373 | })
  1374 |
> 1375 | test('request post body BigUint64Array', async (t) => {
  1376 |   t = tspl(t, { plan: 2 })
  1377 |   const fullBuffer = new TextEncoder().encode('abcdefghijklmnopqrstuvwxyz')
  1378 |   const requestBody = new BigUint64Array(fullBuffer.buffer, 8, 2)"
/home/gabriel/Disk/Research/research-javascript-test-smells/repositories/undici/test/client-request.js,Unknown Test,"{'column': 0, 'line': 1409}","  1407 | })
  1408 |
> 1409 | test('request post body DataView', async (t) => {
  1410 |   t = tspl(t, { plan: 2 })
  1411 |   const fullBuffer = new TextEncoder().encode('abcdefghijklmnopqrstuvwxyz')
  1412 |   const requestBody = new DataView(fullBuffer.buffer, 8, 16)"
/home/gabriel/Disk/Research/research-javascript-test-smells/repositories/undici/test/client-request.js,Unknown Test,"{'column': 0, 'line': 1472}","  1470 | })
  1471 |
> 1472 | test('request multibyte text with setEncoding', async (t) => {
  1473 |   t = tspl(t, { plan: 1 })
  1474 |
  1475 |   const data = Buffer.from('あいうえお')"
/home/gabriel/Disk/Research/research-javascript-test-smells/repositories/undici/test/client-request.js,Unknown Test,"{'column': 0, 'line': 1500}","  1498 | })
  1499 |
> 1500 | test('request multibyte text with setEncoding', async (t) => {
  1501 |   t = tspl(t, { plan: 1 })
  1502 |
  1503 |   const data = Buffer.from('あいうえお')"
/home/gabriel/Disk/Research/research-javascript-test-smells/repositories/undici/test/client-request.js,Unknown Test,"{'column': 0, 'line': 1528}","  1526 | })
  1527 |
> 1528 | test('#3736 - Aborted Response (without consuming body)', async (t) => {
  1529 |   const plan = tspl(t, { plan: 1 })
  1530 |
  1531 |   const controller = new AbortController()"
/home/gabriel/Disk/Research/research-javascript-test-smells/repositories/undici/test/client-node-max-header-size.js,Unknown Test,"{'column': 2, 'line': 29}","  27 |   })
  28 |
> 29 |   test(""respect Node.js' --max-http-header-size"", async (t) => {
     |  ^ Unknown Test
  30 |     t = tspl(t, { plan: 6 })
  31 |     const command = 'node --disable-warning=ExperimentalWarning -e ""require(\'.\').request(\'http://localhost:' + server.address().port + '\')""'
  32 |"
/home/gabriel/Disk/Research/research-javascript-test-smells/repositories/undici/test/client-node-max-header-size.js,Unknown Test,"{'column': 2, 'line': 53}","  51 |   })
  52 |
> 53 |   test('--max-http-header-size with Client API', async (t) => {
     |  ^ Unknown Test
  54 |     t = tspl(t, { plan: 6 })
  55 |     const command = 'node --disable-warning=ExperimentalWarning -e ""new (require(\'.\').Client)(new URL(\'http://localhost:200\'))""'
  56 |"
/home/gabriel/Disk/Research/research-javascript-test-smells/repositories/undici/test/websocket/websocketinit.js,Unknown Test,"{'column': 2, 'line': 19}","  17 |   }
  18 |
> 19 |   test('WebSocketInit as 2nd param', (t) => {
     |  ^ Unknown Test
  20 |     const server = new WebSocketServer({ port: 0 })
  21 |
  22 |     server.on('connection', (ws) => {"
/home/gabriel/Disk/Research/research-javascript-test-smells/repositories/undici/test/websocket/util.js,Conditional Test Logic,"{'line': 26, 'column': 4, 'index': 662}","  24 |     t.plan(17)
  25 |
> 26 |     for (let i = 0; i < chars.length; ++i) {
     |    ^ Conditional Test Logic
  27 |       t.assert.strictEqual(isValidSubprotocol('valid' + chars[i]), false)
  28 |     }
  29 |   })"
/home/gabriel/Disk/Research/research-javascript-test-smells/repositories/undici/test/websocket/util.js,Unknown Test,"{'column': 2, 'line': 7}","   5 |
   6 | describe('isValidSubprotocol', () => {
>  7 |   test('empty string returns false', t => {
     |  ^ Unknown Test
   8 |     t.plan(1)
   9 |     t.assert.strictEqual(isValidSubprotocol(''), false)
  10 |   })"
/home/gabriel/Disk/Research/research-javascript-test-smells/repositories/undici/test/websocket/util.js,Unknown Test,"{'column': 2, 'line': 12}","  10 |   })
  11 |
> 12 |   test('simple valid value returns false', t => {
     |  ^ Unknown Test
  13 |     t.plan(1)
  14 |     t.assert.strictEqual(isValidSubprotocol('chat'), true)
  15 |   })"
/home/gabriel/Disk/Research/research-javascript-test-smells/repositories/undici/test/websocket/util.js,Unknown Test,"{'column': 2, 'line': 17}","  15 |   })
  16 |
> 17 |   test('empty string returns false', t => {
     |  ^ Unknown Test
  18 |     t.plan(1)
  19 |     t.assert.strictEqual(isValidSubprotocol(''), false)
  20 |   })"
/home/gabriel/Disk/Research/research-javascript-test-smells/repositories/undici/test/websocket/util.js,Unknown Test,"{'column': 2, 'line': 22}","  20 |   })
  21 |
> 22 |   test('value with ""(),/:;<=>?@[\\]{} returns false', t => {
     |  ^ Unknown Test
  23 |     const chars = '""(),/:;<=>?@[\\]{}'
  24 |     t.plan(17)
  25 |"
/home/gabriel/Disk/Research/research-javascript-test-smells/repositories/undici/test/websocket/send.js,Unknown Test,"{'column': 0, 'line': 11}","   9 | // (https://datatracker.ietf.org/doc/html/rfc6455#section-5.2)
  10 |
> 11 | test('Sending >= 2^16 bytes', (t) => {
  12 |   const server = new WebSocketServer({ port: 0 })
  13 |
  14 |   server.on('connection', (ws) => {"
/home/gabriel/Disk/Research/research-javascript-test-smells/repositories/undici/test/websocket/send.js,Unknown Test,"{'column': 0, 'line': 42}","  40 | })
  41 |
> 42 | test('Sending >= 126, < 2^16 bytes', (t) => {
  43 |   const server = new WebSocketServer({ port: 0 })
  44 |
  45 |   server.on('connection', (ws) => {"
/home/gabriel/Disk/Research/research-javascript-test-smells/repositories/undici/test/websocket/send.js,Unknown Test,"{'column': 0, 'line': 72}","  70 | })
  71 |
> 72 | test('Sending < 126 bytes', (t) => {
  73 |   const server = new WebSocketServer({ port: 0 })
  74 |
  75 |   server.on('connection', (ws) => {"
/home/gabriel/Disk/Research/research-javascript-test-smells/repositories/undici/test/websocket/send.js,Unknown Test,"{'column': 0, 'line': 102}","  100 | })
  101 |
> 102 | test('Sending data after close', (t) => {
  103 |   const server = new WebSocketServer({ port: 0 })
  104 |
  105 |   const ws = new WebSocket(`ws://localhost:${server.address().port}`)"
/home/gabriel/Disk/Research/research-javascript-test-smells/repositories/undici/test/websocket/send.js,Unknown Test,"{'column': 0, 'line': 124}","  122 | })
  123 |
> 124 | test('Sending data before connected', (t) => {
  125 |   const server = new WebSocketServer({ port: 0 })
  126 |
  127 |   const ws = new WebSocket(`ws://localhost:${server.address().port}`)"
/home/gabriel/Disk/Research/research-javascript-test-smells/repositories/undici/test/websocket/send.js,Unknown Test,"{'column': 2, 'line': 142}","  140 |
  141 | describe('Sending data to a server', () => {
> 142 |   test('Send with string', (t) => {
      |  ^ Unknown Test
  143 |     const server = new WebSocketServer({ port: 0 })
  144 |
  145 |     const ws = new WebSocket(`ws://localhost:${server.address().port}`)"
/home/gabriel/Disk/Research/research-javascript-test-smells/repositories/undici/test/websocket/send.js,Unknown Test,"{'column': 2, 'line': 164}","  162 |   })
  163 |
> 164 |   test('Send with ArrayBuffer', (t) => {
      |  ^ Unknown Test
  165 |     const message = new TextEncoder().encode('message')
  166 |     const ab = new ArrayBuffer(7)
  167 |     new Uint8Array(ab).set(message)"
/home/gabriel/Disk/Research/research-javascript-test-smells/repositories/undici/test/websocket/send.js,Unknown Test,"{'column': 2, 'line': 190}","  188 |   })
  189 |
> 190 |   test('Send with Blob', (t) => {
      |  ^ Unknown Test
  191 |     const blob = new Blob(['hello'])
  192 |     const server = new WebSocketServer({ port: 0 })
  193 |"
/home/gabriel/Disk/Research/research-javascript-test-smells/repositories/undici/test/websocket/send.js,Unknown Test,"{'column': 2, 'line': 213}","  211 |   })
  212 |
> 213 |   test('Cannot send with SharedArrayBuffer', (t) => {
      |  ^ Unknown Test
  214 |     const sab = new SharedArrayBuffer(0)
  215 |     const server = new WebSocketServer({ port: 0 })
  216 |"
/home/gabriel/Disk/Research/research-javascript-test-smells/repositories/undici/test/websocket/events.js,Unknown Test,"{'column': 0, 'line': 8}","   6 | const { WebSocket } = require('../..')
   7 |
>  8 | test('MessageEvent', (t) => {
   9 |   t.assert.throws(() => new MessageEvent(), TypeError, 'no arguments')
  10 |   t.assert.throws(() => new MessageEvent('').initMessageEvent(), TypeError)
  11 |"
/home/gabriel/Disk/Research/research-javascript-test-smells/repositories/undici/test/websocket/events.js,Unknown Test,"{'column': 0, 'line': 23}","  21 | })
  22 |
> 23 | test('CloseEvent', (t) => {
  24 |   t.assert.throws(() => new CloseEvent(), TypeError)
  25 |
  26 |   const noInitEvent = new CloseEvent('close')"
/home/gabriel/Disk/Research/research-javascript-test-smells/repositories/undici/test/websocket/events.js,Unknown Test,"{'column': 0, 'line': 33}","  31 | })
  32 |
> 33 | test('ErrorEvent', (t) => {
  34 |   t.assert.throws(() => new ErrorEvent(), TypeError)
  35 |
  36 |   const noInitEvent = new ErrorEvent('error')"
/home/gabriel/Disk/Research/research-javascript-test-smells/repositories/undici/test/websocket/events.js,Unknown Test,"{'column': 4, 'line': 57}","  55 |
  56 |   describe('onopen', () => {
> 57 |     test('should be null initially', (t) => {
     |    ^ Unknown Test
  58 |       t.assert.strictEqual(ws.onopen, null)
  59 |     })
  60 |"
/home/gabriel/Disk/Research/research-javascript-test-smells/repositories/undici/test/websocket/events.js,Unknown Test,"{'column': 4, 'line': 61}","  59 |     })
  60 |
> 61 |     test('should not allow non-function assignments', (t) => {
     |    ^ Unknown Test
  62 |       ws.onopen = 3
  63 |       t.assert.strictEqual(ws.onopen, null)
  64 |     })"
/home/gabriel/Disk/Research/research-javascript-test-smells/repositories/undici/test/websocket/events.js,Unknown Test,"{'column': 4, 'line': 66}","  64 |     })
  65 |
> 66 |     test('should allow function assignments', (t) => {
     |    ^ Unknown Test
  67 |       ws.onopen = listen
  68 |       t.assert.strictEqual(ws.onopen, listen)
  69 |     })"
/home/gabriel/Disk/Research/research-javascript-test-smells/repositories/undici/test/websocket/events.js,Unknown Test,"{'column': 4, 'line': 73}","  71 |
  72 |   describe('onerror', () => {
> 73 |     test('should be null initially', (t) => {
     |    ^ Unknown Test
  74 |       t.assert.strictEqual(ws.onerror, null)
  75 |     })
  76 |"
/home/gabriel/Disk/Research/research-javascript-test-smells/repositories/undici/test/websocket/events.js,Unknown Test,"{'column': 4, 'line': 77}","  75 |     })
  76 |
> 77 |     test('should not allow non-function assignments', (t) => {
     |    ^ Unknown Test
  78 |       ws.onerror = 3
  79 |       t.assert.strictEqual(ws.onerror, null)
  80 |     })"
/home/gabriel/Disk/Research/research-javascript-test-smells/repositories/undici/test/websocket/events.js,Unknown Test,"{'column': 4, 'line': 82}","  80 |     })
  81 |
> 82 |     test('should allow function assignments', (t) => {
     |    ^ Unknown Test
  83 |       ws.onerror = listen
  84 |       t.assert.strictEqual(ws.onerror, listen)
  85 |     })"
/home/gabriel/Disk/Research/research-javascript-test-smells/repositories/undici/test/websocket/events.js,Unknown Test,"{'column': 4, 'line': 89}","  87 |
  88 |   describe('onclose', () => {
> 89 |     test('should be null initially', (t) => {
     |    ^ Unknown Test
  90 |       t.assert.strictEqual(ws.onclose, null)
  91 |     })
  92 |"
/home/gabriel/Disk/Research/research-javascript-test-smells/repositories/undici/test/websocket/events.js,Unknown Test,"{'column': 4, 'line': 93}","  91 |     })
  92 |
> 93 |     test('should not allow non-function assignments', (t) => {
     |    ^ Unknown Test
  94 |       ws.onclose = 3
  95 |       t.assert.strictEqual(ws.onclose, null)
  96 |     })"
/home/gabriel/Disk/Research/research-javascript-test-smells/repositories/undici/test/websocket/events.js,Unknown Test,"{'column': 4, 'line': 98}","   96 |     })
   97 |
>  98 |     test('should allow function assignments', (t) => {
      |    ^ Unknown Test
   99 |       ws.onclose = listen
  100 |       t.assert.strictEqual(ws.onclose, listen)
  101 |     })"
/home/gabriel/Disk/Research/research-javascript-test-smells/repositories/undici/test/websocket/events.js,Unknown Test,"{'column': 4, 'line': 105}","  103 |
  104 |   describe('onmessage', () => {
> 105 |     test('should be null initially', (t) => {
      |    ^ Unknown Test
  106 |       t.assert.strictEqual(ws.onmessage, null)
  107 |     })
  108 |"
/home/gabriel/Disk/Research/research-javascript-test-smells/repositories/undici/test/websocket/events.js,Unknown Test,"{'column': 4, 'line': 109}","  107 |     })
  108 |
> 109 |     test('should not allow non-function assignments', (t) => {
      |    ^ Unknown Test
  110 |       ws.onmessage = 3
  111 |       t.assert.strictEqual(ws.onmessage, null)
  112 |     })"
/home/gabriel/Disk/Research/research-javascript-test-smells/repositories/undici/test/websocket/events.js,Unknown Test,"{'column': 4, 'line': 114}","  112 |     })
  113 |
> 114 |     test('should allow function assignments', (t) => {
      |    ^ Unknown Test
  115 |       ws.onmessage = listen
  116 |       t.assert.strictEqual(ws.onmessage, listen)
  117 |     })"
/home/gabriel/Disk/Research/research-javascript-test-smells/repositories/undici/test/websocket/events.js,Unknown Test,"{'column': 2, 'line': 122}","  120 |
  121 | describe('CloseEvent WPTs ported', () => {
> 122 |   test('initCloseEvent', (t) => {
      |  ^ Unknown Test
  123 |     // Taken from websockets/interfaces/CloseEvent/historical.html
  124 |     t.assert.ok(!('initCloseEvent' in CloseEvent.prototype))
  125 |     t.assert.ok(!('initCloseEvent' in new CloseEvent('close')))"
/home/gabriel/Disk/Research/research-javascript-test-smells/repositories/undici/test/websocket/events.js,Unknown Test,"{'column': 2, 'line': 128}","  126 |   })
  127 |
> 128 |   test('CloseEvent constructor', (t) => {
      |  ^ Unknown Test
  129 |     // Taken from websockets/interfaces/CloseEvent/constructor.html
  130 |
  131 |     {"
/home/gabriel/Disk/Research/research-javascript-test-smells/repositories/undici/test/websocket/events.js,Unknown Test,"{'column': 2, 'line': 163}","  161 |
  162 | describe('ErrorEvent WPTs ported', () => {
> 163 |   test('Synthetic ErrorEvent', (t) => {
      |  ^ Unknown Test
  164 |     // Taken from html/webappapis/scripting/events/event-handler-processing-algorithm-error/document-synthetic-errorevent.html
  165 |
  166 |     {"
/home/gabriel/Disk/Research/research-javascript-test-smells/repositories/undici/test/websocket/events.js,Unknown Test,"{'column': 2, 'line': 191}","  189 |   })
  190 |
> 191 |   test('webidl', (t) => {
      |  ^ Unknown Test
  192 |     // Taken from webidl/ecmascript-binding/no-regexp-special-casing.any.js
  193 |
  194 |     const regExp = new RegExp()"
/home/gabriel/Disk/Research/research-javascript-test-smells/repositories/undici/test/websocket/events.js,Unknown Test,"{'column': 2, 'line': 202}","  200 |   })
  201 |
> 202 |   test('initErrorEvent', (t) => {
      |  ^ Unknown Test
  203 |     // Taken from workers/Worker_dispatchEvent_ErrorEvent.htm
  204 |
  205 |     const e = new ErrorEvent('error')"
/home/gabriel/Disk/Research/research-javascript-test-smells/repositories/undici/test/websocket/close.js,Unknown Test,"{'column': 2, 'line': 9}","   7 |
   8 | describe('Close', () => {
>  9 |   test('Close with code', (t) => {
     |  ^ Unknown Test
  10 |     return new Promise((resolve) => {
  11 |       const server = new WebSocketServer({ port: 0 })
  12 |"
/home/gabriel/Disk/Research/research-javascript-test-smells/repositories/undici/test/websocket/close.js,Unknown Test,"{'column': 2, 'line': 26}","  24 |   })
  25 |
> 26 |   test('Close with code and reason', (t) => {
     |  ^ Unknown Test
  27 |     return new Promise((resolve) => {
  28 |       const server = new WebSocketServer({ port: 0 })
  29 |"
/home/gabriel/Disk/Research/research-javascript-test-smells/repositories/undici/test/websocket/close.js,Unknown Test,"{'column': 2, 'line': 44}","  42 |   })
  43 |
> 44 |   test('Close with invalid code', (t) => {
     |  ^ Unknown Test
  45 |     const server = new WebSocketServer({ port: 0 })
  46 |
  47 |     const ws = new WebSocket(`ws://localhost:${server.address().port}`)"
/home/gabriel/Disk/Research/research-javascript-test-smells/repositories/undici/test/websocket/close.js,Unknown Test,"{'column': 2, 'line': 74}","  72 |   })
  73 |
> 74 |   test('Close with invalid reason', (t) => {
     |  ^ Unknown Test
  75 |     const server = new WebSocketServer({ port: 0 })
  76 |
  77 |     const ws = new WebSocket(`ws://localhost:${server.address().port}`)"
/home/gabriel/Disk/Research/research-javascript-test-smells/repositories/undici/test/websocket/close.js,Unknown Test,"{'column': 2, 'line': 96}","  94 |   })
  95 |
> 96 |   test('Close with no code or reason', (t) => {
     |  ^ Unknown Test
  97 |     const server = new WebSocketServer({ port: 0 })
  98 |
  99 |     return new Promise((resolve) => {"
/home/gabriel/Disk/Research/research-javascript-test-smells/repositories/undici/test/websocket/close.js,Unknown Test,"{'column': 2, 'line': 114}","  112 |   })
  113 |
> 114 |   test('Close with a 3000 status code', (t) => {
      |  ^ Unknown Test
  115 |     const server = new WebSocketServer({ port: 0 })
  116 |
  117 |     return new Promise((resolve) => {"
/home/gabriel/Disk/Research/research-javascript-test-smells/repositories/undici/test/websocket/close.js,Unknown Test,"{'column': 2, 'line': 132}","  130 |   })
  131 |
> 132 |   test('calling close twice will only trigger the close event once', async (t) => {
      |  ^ Unknown Test
  133 |     t = tspl(t, { plan: 1 })
  134 |
  135 |     const server = new WebSocketServer({ port: 0 })"
/home/gabriel/Disk/Research/research-javascript-test-smells/repositories/undici/test/webidl/errors.js,Conditional Test Logic,"{'line': 11, 'column': 2, 'index': 236}","   9 |   const value = Symbol('')
  10 |
> 11 |   for (const method of [
     |  ^ Conditional Test Logic
  12 |     'get',
  13 |     'set',
  14 |     'delete',"
/home/gabriel/Disk/Research/research-javascript-test-smells/repositories/undici/test/webidl/converters.js,Assertion Roulette,"{'column': 4, 'line': 89}","  87 |     ])
  88 |
> 89 |     assert.deepStrictEqual(dict(null), { key: 3 })
     |    ^ Assertion Roulette
  90 |     assert.deepStrictEqual(dict(undefined), { key: 3 })
  91 |   })
  92 |"
/home/gabriel/Disk/Research/research-javascript-test-smells/repositories/undici/test/webidl/converters.js,Assertion Roulette,"{'column': 4, 'line': 90}","  88 |
  89 |     assert.deepStrictEqual(dict(null), { key: 3 })
> 90 |     assert.deepStrictEqual(dict(undefined), { key: 3 })
     |    ^ Assertion Roulette
  91 |   })
  92 |
  93 |   test('null and undefined throw a webidl TypeError with a required key', () => {"
/home/gabriel/Disk/Research/research-javascript-test-smells/repositories/undici/test/webidl/converters.js,Assertion Roulette,"{'column': 4, 'line': 121}","  119 |     obj2.key = 1
  120 |
> 121 |     assert.deepStrictEqual(dict(obj), { key: 1 })
      |    ^ Assertion Roulette
  122 |     assert.deepStrictEqual(dict(obj2), { key: 1 })
  123 |   })
  124 | })"
/home/gabriel/Disk/Research/research-javascript-test-smells/repositories/undici/test/webidl/converters.js,Assertion Roulette,"{'column': 4, 'line': 122}","  120 |
  121 |     assert.deepStrictEqual(dict(obj), { key: 1 })
> 122 |     assert.deepStrictEqual(dict(obj2), { key: 1 })
      |    ^ Assertion Roulette
  123 |   })
  124 | })
  125 |"
/home/gabriel/Disk/Research/research-javascript-test-smells/repositories/undici/test/webidl/converters.js,Assertion Roulette,"{'column': 2, 'line': 417}","  415 |
  416 | test('webidl.converters.boolean', () => {
> 417 |   assert.strictEqual(webidl.converters.boolean(null), false)
      |  ^ Assertion Roulette
  418 |   assert.strictEqual(webidl.converters.boolean(undefined), false)
  419 |
  420 |   assert.strictEqual(webidl.converters.boolean(true), true)"
/home/gabriel/Disk/Research/research-javascript-test-smells/repositories/undici/test/webidl/converters.js,Assertion Roulette,"{'column': 2, 'line': 418}","  416 | test('webidl.converters.boolean', () => {
  417 |   assert.strictEqual(webidl.converters.boolean(null), false)
> 418 |   assert.strictEqual(webidl.converters.boolean(undefined), false)
      |  ^ Assertion Roulette
  419 |
  420 |   assert.strictEqual(webidl.converters.boolean(true), true)
  421 |   assert.strictEqual(webidl.converters.boolean(false), false)"
/home/gabriel/Disk/Research/research-javascript-test-smells/repositories/undici/test/webidl/converters.js,Assertion Roulette,"{'column': 2, 'line': 420}","  418 |   assert.strictEqual(webidl.converters.boolean(undefined), false)
  419 |
> 420 |   assert.strictEqual(webidl.converters.boolean(true), true)
      |  ^ Assertion Roulette
  421 |   assert.strictEqual(webidl.converters.boolean(false), false)
  422 |
  423 |   assert.strictEqual(webidl.converters.boolean(''), false)"
/home/gabriel/Disk/Research/research-javascript-test-smells/repositories/undici/test/webidl/converters.js,Assertion Roulette,"{'column': 2, 'line': 421}","  419 |
  420 |   assert.strictEqual(webidl.converters.boolean(true), true)
> 421 |   assert.strictEqual(webidl.converters.boolean(false), false)
      |  ^ Assertion Roulette
  422 |
  423 |   assert.strictEqual(webidl.converters.boolean(''), false)
  424 |   assert.strictEqual(webidl.converters.boolean('true'), true)"
/home/gabriel/Disk/Research/research-javascript-test-smells/repositories/undici/test/webidl/converters.js,Assertion Roulette,"{'column': 2, 'line': 423}","  421 |   assert.strictEqual(webidl.converters.boolean(false), false)
  422 |
> 423 |   assert.strictEqual(webidl.converters.boolean(''), false)
      |  ^ Assertion Roulette
  424 |   assert.strictEqual(webidl.converters.boolean('true'), true)
  425 |   assert.strictEqual(webidl.converters.boolean('false'), true)
  426 |"
/home/gabriel/Disk/Research/research-javascript-test-smells/repositories/undici/test/webidl/converters.js,Assertion Roulette,"{'column': 2, 'line': 424}","  422 |
  423 |   assert.strictEqual(webidl.converters.boolean(''), false)
> 424 |   assert.strictEqual(webidl.converters.boolean('true'), true)
      |  ^ Assertion Roulette
  425 |   assert.strictEqual(webidl.converters.boolean('false'), true)
  426 |
  427 |   assert.strictEqual(webidl.converters.boolean(1), true)"
/home/gabriel/Disk/Research/research-javascript-test-smells/repositories/undici/test/webidl/converters.js,Assertion Roulette,"{'column': 2, 'line': 425}","  423 |   assert.strictEqual(webidl.converters.boolean(''), false)
  424 |   assert.strictEqual(webidl.converters.boolean('true'), true)
> 425 |   assert.strictEqual(webidl.converters.boolean('false'), true)
      |  ^ Assertion Roulette
  426 |
  427 |   assert.strictEqual(webidl.converters.boolean(1), true)
  428 |   assert.strictEqual(webidl.converters.boolean(0), false)"
/home/gabriel/Disk/Research/research-javascript-test-smells/repositories/undici/test/webidl/converters.js,Assertion Roulette,"{'column': 2, 'line': 427}","  425 |   assert.strictEqual(webidl.converters.boolean('false'), true)
  426 |
> 427 |   assert.strictEqual(webidl.converters.boolean(1), true)
      |  ^ Assertion Roulette
  428 |   assert.strictEqual(webidl.converters.boolean(0), false)
  429 |   assert.strictEqual(webidl.converters.boolean(-0), false)
  430 |   assert.strictEqual(webidl.converters.boolean(NaN), false)"
/home/gabriel/Disk/Research/research-javascript-test-smells/repositories/undici/test/webidl/converters.js,Assertion Roulette,"{'column': 2, 'line': 428}","  426 |
  427 |   assert.strictEqual(webidl.converters.boolean(1), true)
> 428 |   assert.strictEqual(webidl.converters.boolean(0), false)
      |  ^ Assertion Roulette
  429 |   assert.strictEqual(webidl.converters.boolean(-0), false)
  430 |   assert.strictEqual(webidl.converters.boolean(NaN), false)
  431 |   assert.strictEqual(webidl.converters.boolean(Infinity), true)"
/home/gabriel/Disk/Research/research-javascript-test-smells/repositories/undici/test/webidl/converters.js,Assertion Roulette,"{'column': 2, 'line': 429}","  427 |   assert.strictEqual(webidl.converters.boolean(1), true)
  428 |   assert.strictEqual(webidl.converters.boolean(0), false)
> 429 |   assert.strictEqual(webidl.converters.boolean(-0), false)
      |  ^ Assertion Roulette
  430 |   assert.strictEqual(webidl.converters.boolean(NaN), false)
  431 |   assert.strictEqual(webidl.converters.boolean(Infinity), true)
  432 |   assert.strictEqual(webidl.converters.boolean(-Infinity), true)"
/home/gabriel/Disk/Research/research-javascript-test-smells/repositories/undici/test/webidl/converters.js,Assertion Roulette,"{'column': 2, 'line': 430}","  428 |   assert.strictEqual(webidl.converters.boolean(0), false)
  429 |   assert.strictEqual(webidl.converters.boolean(-0), false)
> 430 |   assert.strictEqual(webidl.converters.boolean(NaN), false)
      |  ^ Assertion Roulette
  431 |   assert.strictEqual(webidl.converters.boolean(Infinity), true)
  432 |   assert.strictEqual(webidl.converters.boolean(-Infinity), true)
  433 |"
/home/gabriel/Disk/Research/research-javascript-test-smells/repositories/undici/test/webidl/converters.js,Assertion Roulette,"{'column': 2, 'line': 431}","  429 |   assert.strictEqual(webidl.converters.boolean(-0), false)
  430 |   assert.strictEqual(webidl.converters.boolean(NaN), false)
> 431 |   assert.strictEqual(webidl.converters.boolean(Infinity), true)
      |  ^ Assertion Roulette
  432 |   assert.strictEqual(webidl.converters.boolean(-Infinity), true)
  433 |
  434 |   assert.strictEqual(webidl.converters.boolean(0n), false)"
/home/gabriel/Disk/Research/research-javascript-test-smells/repositories/undici/test/webidl/converters.js,Assertion Roulette,"{'column': 2, 'line': 432}","  430 |   assert.strictEqual(webidl.converters.boolean(NaN), false)
  431 |   assert.strictEqual(webidl.converters.boolean(Infinity), true)
> 432 |   assert.strictEqual(webidl.converters.boolean(-Infinity), true)
      |  ^ Assertion Roulette
  433 |
  434 |   assert.strictEqual(webidl.converters.boolean(0n), false)
  435 |   assert.strictEqual(webidl.converters.boolean(1n), true)"
/home/gabriel/Disk/Research/research-javascript-test-smells/repositories/undici/test/webidl/converters.js,Assertion Roulette,"{'column': 2, 'line': 434}","  432 |   assert.strictEqual(webidl.converters.boolean(-Infinity), true)
  433 |
> 434 |   assert.strictEqual(webidl.converters.boolean(0n), false)
      |  ^ Assertion Roulette
  435 |   assert.strictEqual(webidl.converters.boolean(1n), true)
  436 |
  437 |   assert.strictEqual(webidl.converters.boolean({}), true)"
/home/gabriel/Disk/Research/research-javascript-test-smells/repositories/undici/test/webidl/converters.js,Assertion Roulette,"{'column': 2, 'line': 435}","  433 |
  434 |   assert.strictEqual(webidl.converters.boolean(0n), false)
> 435 |   assert.strictEqual(webidl.converters.boolean(1n), true)
      |  ^ Assertion Roulette
  436 |
  437 |   assert.strictEqual(webidl.converters.boolean({}), true)
  438 |   assert.strictEqual(webidl.converters.boolean([]), true)"
/home/gabriel/Disk/Research/research-javascript-test-smells/repositories/undici/test/webidl/converters.js,Assertion Roulette,"{'column': 2, 'line': 437}","  435 |   assert.strictEqual(webidl.converters.boolean(1n), true)
  436 |
> 437 |   assert.strictEqual(webidl.converters.boolean({}), true)
      |  ^ Assertion Roulette
  438 |   assert.strictEqual(webidl.converters.boolean([]), true)
  439 |   assert.strictEqual(webidl.converters.boolean(() => {}), true)
  440 |   assert.strictEqual(webidl.converters.boolean(/a/), true)"
/home/gabriel/Disk/Research/research-javascript-test-smells/repositories/undici/test/webidl/converters.js,Assertion Roulette,"{'column': 2, 'line': 438}","  436 |
  437 |   assert.strictEqual(webidl.converters.boolean({}), true)
> 438 |   assert.strictEqual(webidl.converters.boolean([]), true)
      |  ^ Assertion Roulette
  439 |   assert.strictEqual(webidl.converters.boolean(() => {}), true)
  440 |   assert.strictEqual(webidl.converters.boolean(/a/), true)
  441 |   assert.strictEqual(webidl.converters.boolean(new Date()), true)"
/home/gabriel/Disk/Research/research-javascript-test-smells/repositories/undici/test/webidl/converters.js,Assertion Roulette,"{'column': 2, 'line': 439}","  437 |   assert.strictEqual(webidl.converters.boolean({}), true)
  438 |   assert.strictEqual(webidl.converters.boolean([]), true)
> 439 |   assert.strictEqual(webidl.converters.boolean(() => {}), true)
      |  ^ Assertion Roulette
  440 |   assert.strictEqual(webidl.converters.boolean(/a/), true)
  441 |   assert.strictEqual(webidl.converters.boolean(new Date()), true)
  442 |   assert.strictEqual(webidl.converters.boolean(new Map()), true)"
/home/gabriel/Disk/Research/research-javascript-test-smells/repositories/undici/test/webidl/converters.js,Assertion Roulette,"{'column': 2, 'line': 440}","  438 |   assert.strictEqual(webidl.converters.boolean([]), true)
  439 |   assert.strictEqual(webidl.converters.boolean(() => {}), true)
> 440 |   assert.strictEqual(webidl.converters.boolean(/a/), true)
      |  ^ Assertion Roulette
  441 |   assert.strictEqual(webidl.converters.boolean(new Date()), true)
  442 |   assert.strictEqual(webidl.converters.boolean(new Map()), true)
  443 |   assert.strictEqual(webidl.converters.boolean(new Set()), true)"
/home/gabriel/Disk/Research/research-javascript-test-smells/repositories/undici/test/webidl/converters.js,Assertion Roulette,"{'column': 2, 'line': 441}","  439 |   assert.strictEqual(webidl.converters.boolean(() => {}), true)
  440 |   assert.strictEqual(webidl.converters.boolean(/a/), true)
> 441 |   assert.strictEqual(webidl.converters.boolean(new Date()), true)
      |  ^ Assertion Roulette
  442 |   assert.strictEqual(webidl.converters.boolean(new Map()), true)
  443 |   assert.strictEqual(webidl.converters.boolean(new Set()), true)
  444 |   assert.strictEqual(webidl.converters.boolean(new Date()), true)"
/home/gabriel/Disk/Research/research-javascript-test-smells/repositories/undici/test/webidl/converters.js,Assertion Roulette,"{'column': 2, 'line': 442}","  440 |   assert.strictEqual(webidl.converters.boolean(/a/), true)
  441 |   assert.strictEqual(webidl.converters.boolean(new Date()), true)
> 442 |   assert.strictEqual(webidl.converters.boolean(new Map()), true)
      |  ^ Assertion Roulette
  443 |   assert.strictEqual(webidl.converters.boolean(new Set()), true)
  444 |   assert.strictEqual(webidl.converters.boolean(new Date()), true)
  445 | })"
/home/gabriel/Disk/Research/research-javascript-test-smells/repositories/undici/test/webidl/converters.js,Assertion Roulette,"{'column': 2, 'line': 443}","  441 |   assert.strictEqual(webidl.converters.boolean(new Date()), true)
  442 |   assert.strictEqual(webidl.converters.boolean(new Map()), true)
> 443 |   assert.strictEqual(webidl.converters.boolean(new Set()), true)
      |  ^ Assertion Roulette
  444 |   assert.strictEqual(webidl.converters.boolean(new Date()), true)
  445 | })
  446 |"
/home/gabriel/Disk/Research/research-javascript-test-smells/repositories/undici/test/webidl/converters.js,Assertion Roulette,"{'column': 2, 'line': 444}","  442 |   assert.strictEqual(webidl.converters.boolean(new Map()), true)
  443 |   assert.strictEqual(webidl.converters.boolean(new Set()), true)
> 444 |   assert.strictEqual(webidl.converters.boolean(new Date()), true)
      |  ^ Assertion Roulette
  445 | })
  446 |"
/home/gabriel/Disk/Research/research-javascript-test-smells/repositories/undici/test/webidl/converters.js,Conditional Test Logic,"{'line': 55, 'column': 4, 'index': 1296}","  53 |     }, TypeError)
  54 |
> 55 |     for (const value of [{}, undefined, null]) {
     |    ^ Conditional Test Logic
  56 |       assert.doesNotThrow(() => {
  57 |         converter(value, 'converter', 'converter')
  58 |       })"
/home/gabriel/Disk/Research/research-javascript-test-smells/repositories/undici/test/webidl/converters.js,Duplicate Assert,"{'line': 441, 'column': 2, 'index': 12067}","  439 |   assert.strictEqual(webidl.converters.boolean(() => {}), true)
  440 |   assert.strictEqual(webidl.converters.boolean(/a/), true)
> 441 |   assert.strictEqual(webidl.converters.boolean(new Date()), true)
      |  ^ Duplicate Assert
  442 |   assert.strictEqual(webidl.converters.boolean(new Map()), true)
  443 |   assert.strictEqual(webidl.converters.boolean(new Set()), true)
  444 |   assert.strictEqual(webidl.converters.boolean(new Date()), true)"
/home/gabriel/Disk/Research/research-javascript-test-smells/repositories/undici/test/webidl/converters.js,Duplicate Assert,"{'line': 444, 'column': 2, 'index': 12263}","  442 |   assert.strictEqual(webidl.converters.boolean(new Map()), true)
  443 |   assert.strictEqual(webidl.converters.boolean(new Set()), true)
> 444 |   assert.strictEqual(webidl.converters.boolean(new Date()), true)
      |  ^ Duplicate Assert
  445 | })
  446 |"
/home/gabriel/Disk/Research/research-javascript-test-smells/repositories/undici/test/utils/date.js,Conditional Test Logic,"{'line': 39, 'column': 4, 'index': 2093}","  37 |     }
  38 |
> 39 |     for (const date of Object.keys(values)) {
     |    ^ Conditional Test Logic
  40 |       t.assert.deepStrictEqual(parseHttpDate(date), values[date], date)
  41 |     }
  42 |   })"
/home/gabriel/Disk/Research/research-javascript-test-smells/repositories/undici/test/utils/date.js,Conditional Test Logic,"{'line': 75, 'column': 4, 'index': 4225}","  73 |     }
  74 |
> 75 |     for (const date of Object.keys(values)) {
     |    ^ Conditional Test Logic
  76 |       t.assert.deepStrictEqual(parseHttpDate(date), values[date], date)
  77 |     }
  78 |   })"
/home/gabriel/Disk/Research/research-javascript-test-smells/repositories/undici/test/utils/date.js,Conditional Test Logic,"{'line': 266, 'column': 4, 'index': 17721}","  264 |     }
  265 |
> 266 |     for (const date of Object.keys(values)) {
      |    ^ Conditional Test Logic
  267 |       t.assert.deepStrictEqual(parseHttpDate(date), values[date], date)
  268 |     }
  269 |   })"
/home/gabriel/Disk/Research/research-javascript-test-smells/repositories/undici/test/utils/date.js,Conditional Test Logic,"{'line': 299, 'column': 4, 'index': 18856}","  297 |     }
  298 |
> 299 |     for (let i = 0; i < fuzzingCount; i++) {
      |    ^ Conditional Test Logic
  300 |       const date = new Date(Date.UTC(
  301 |         randomInt(0, 9999), // Year between 0 and 3000
  302 |         randomInt(0, 11),   // Month between 0 and 11"
/home/gabriel/Disk/Research/research-javascript-test-smells/repositories/undici/test/utils/date.js,Conditional Test Logic,"{'line': 317, 'column': 4, 'index': 19538}","  315 |     const { randomInt } = require('node:crypto')
  316 |
> 317 |     for (let i = 0; i < fuzzingCount; i++) {
      |    ^ Conditional Test Logic
  318 |       const date = new Date(Date.UTC(
  319 |         randomInt(0, 9999), // Year between 0 and 3000
  320 |         randomInt(0, 11),   // Month between 0 and 11"
/home/gabriel/Disk/Research/research-javascript-test-smells/repositories/undici/test/utils/date.js,Conditional Test Logic,"{'line': 359, 'column': 4, 'index': 20890}","  357 |     const maxYear = 2069
  358 |
> 359 |     for (let i = 0; i < fuzzingCount; i++) {
      |    ^ Conditional Test Logic
  360 |       const date = new Date(Date.UTC(
  361 |         randomInt(minYear, maxYear), // Year between minYear and maxYear
  362 |         randomInt(0, 11),   // Month between 0 and 11"
/home/gabriel/Disk/Research/research-javascript-test-smells/repositories/undici/test/utils/date.js,Unknown Test,"{'column': 2, 'line': 10}","   8 |
   9 | describe('parseHttpDate', () => {
> 10 |   test('IMF-fixdate', (t) => {
     |  ^ Unknown Test
  11 |     const values = {
  12 |       'Sun, 06 Nov 1994 08:49:37 GMT': new Date(Date.UTC(1994, 10, 6, 8, 49, 37)),
  13 |       'Fri, 18 Aug 1950 02:01:18 GMT': new Date(Date.UTC(1950, 7, 18, 2, 1, 18)),"
/home/gabriel/Disk/Research/research-javascript-test-smells/repositories/undici/test/utils/date.js,Unknown Test,"{'column': 2, 'line': 44}","  42 |   })
  43 |
> 44 |   test('RFC850', (t) => {
     |  ^ Unknown Test
  45 |     const values = {
  46 |       'Sunday, 06-Nov-94 08:49:37 GMT': new Date(Date.UTC(1994, 10, 6, 8, 49, 37)),
  47 |       'Monday, 07-Nov-94 08:49:37 GMT': new Date(Date.UTC(1994, 10, 7, 8, 49, 37)),"
/home/gabriel/Disk/Research/research-javascript-test-smells/repositories/undici/test/utils/date.js,Unknown Test,"{'column': 2, 'line': 80}","  78 |   })
  79 |
> 80 |   test('asctime()', (t) => {
     |  ^ Unknown Test
  81 |     const values = {
  82 |       'Sun Nov  6 08:49:37 1994': new Date(Date.UTC(1994, 10, 6, 8, 49, 37)),
  83 |       'Fri Aug 18 02:01:18 1950': new Date(Date.UTC(1950, 7, 18, 2, 1, 18)),"
/home/gabriel/Disk/Research/research-javascript-test-smells/repositories/undici/test/utils/date.js,Unknown Test,"{'column': 2, 'line': 276}","  274 |   const fuzzingCount = 1e6
  275 |
> 276 |   test('fuzzing asctime', { skip: skipFuzzing }, (t) => {
      |  ^ Unknown Test
  277 |     const { randomInt } = require('node:crypto')
  278 |
  279 |     function asctime (date) {"
/home/gabriel/Disk/Research/research-javascript-test-smells/repositories/undici/test/utils/date.js,Unknown Test,"{'column': 2, 'line': 314}","  312 |   })
  313 |
> 314 |   test('fuzzing imf', { skip: skipFuzzing }, (t) => {
      |  ^ Unknown Test
  315 |     const { randomInt } = require('node:crypto')
  316 |
  317 |     for (let i = 0; i < fuzzingCount; i++) {"
/home/gabriel/Disk/Research/research-javascript-test-smells/repositories/undici/test/utils/date.js,Unknown Test,"{'column': 2, 'line': 332}","  330 |   })
  331 |
> 332 |   test('fuzzing rfc850', { skip: skipFuzzing }, (t) => {
      |  ^ Unknown Test
  333 |     const { randomInt } = require('node:crypto')
  334 |
  335 |     function rfc850 (date) {"
/home/gabriel/Disk/Research/research-javascript-test-smells/repositories/undici/test/subresource-integrity/parse-metadata.js,Unknown Test,"{'column': 2, 'line': 16}","  14 |   const hash512 = '9s3ioPgZMUzd5V/CJ9jX2uPSjMVWIioKitZtkcytSq1glPUXohgjYMmqz2o9wyMWLLb9jN/+2w/gOPVehf+1tg=='
  15 |
> 16 |   test('should parse valid metadata with option', { skip }, (t) => {
     |  ^ Unknown Test
  17 |     const validMetadata = `sha256-${hash256} !@ sha384-${hash384} !@ sha512-${hash512} !@`
  18 |     const result = parseMetadata(validMetadata)
  19 |"
/home/gabriel/Disk/Research/research-javascript-test-smells/repositories/undici/test/subresource-integrity/parse-metadata.js,Unknown Test,"{'column': 2, 'line': 27}","  25 |   })
  26 |
> 27 |   test('should parse valid metadata with non ASCII chars option', { skip }, (t) => {
     |  ^ Unknown Test
  28 |     const validMetadata = `sha256-${hash256} !© sha384-${hash384} !€ sha512-${hash512} !µ`
  29 |     const result = parseMetadata(validMetadata)
  30 |"
/home/gabriel/Disk/Research/research-javascript-test-smells/repositories/undici/test/subresource-integrity/parse-metadata.js,Unknown Test,"{'column': 2, 'line': 38}","  36 |   })
  37 |
> 38 |   test('should parse valid metadata without option', { skip }, (t) => {
     |  ^ Unknown Test
  39 |     const validMetadata = `sha256-${hash256} sha384-${hash384} sha512-${hash512}`
  40 |     const result = parseMetadata(validMetadata)
  41 |"
/home/gabriel/Disk/Research/research-javascript-test-smells/repositories/undici/test/subresource-integrity/parse-metadata.js,Unknown Test,"{'column': 2, 'line': 49}","  47 |   })
  48 |
> 49 |   test('should not set hash as undefined when invalid base64 chars are provided', { skip }, (t) => {
     |  ^ Unknown Test
  50 |     const invalidHash384 = 'zifp5hE1Xl5LQQqQz[]Bq/iaq9Wb6jVb//T7EfTmbXD2aEP5c2ZdJr9YTDfcTE1ZH+'
  51 |
  52 |     const validMetadata = `sha256-${hash256} sha384-${invalidHash384} sha512-${hash512}`"
/home/gabriel/Disk/Research/research-javascript-test-smells/repositories/undici/test/subresource-integrity/is-valid-sri-hash-algorithm.js,Unknown Test,"{'column': 2, 'line': 11}","   9 |
  10 | describe('isValidSRIHashAlgorithm', () => {
> 11 |   test('valid sha256', { skip }, (t) => {
     |  ^ Unknown Test
  12 |     t.assert.ok(isValidSRIHashAlgorithm('sha256'))
  13 |   })
  14 |   test('valid sha384', { skip }, (t) => {"
/home/gabriel/Disk/Research/research-javascript-test-smells/repositories/undici/test/subresource-integrity/is-valid-sri-hash-algorithm.js,Unknown Test,"{'column': 2, 'line': 14}","  12 |     t.assert.ok(isValidSRIHashAlgorithm('sha256'))
  13 |   })
> 14 |   test('valid sha384', { skip }, (t) => {
     |  ^ Unknown Test
  15 |     t.assert.ok(isValidSRIHashAlgorithm('sha384'))
  16 |   })
  17 |   test('valid sha512', { skip }, (t) => {"
/home/gabriel/Disk/Research/research-javascript-test-smells/repositories/undici/test/subresource-integrity/is-valid-sri-hash-algorithm.js,Unknown Test,"{'column': 2, 'line': 17}","  15 |     t.assert.ok(isValidSRIHashAlgorithm('sha384'))
  16 |   })
> 17 |   test('valid sha512', { skip }, (t) => {
     |  ^ Unknown Test
  18 |     t.assert.ok(isValidSRIHashAlgorithm('sha512'))
  19 |   })
  20 |   test('invalid sha1024', (t) => {"
/home/gabriel/Disk/Research/research-javascript-test-smells/repositories/undici/test/subresource-integrity/is-valid-sri-hash-algorithm.js,Unknown Test,"{'column': 2, 'line': 20}","  18 |     t.assert.ok(isValidSRIHashAlgorithm('sha512'))
  19 |   })
> 20 |   test('invalid sha1024', (t) => {
     |  ^ Unknown Test
  21 |     t.assert.ok(isValidSRIHashAlgorithm('sha1024') === false)
  22 |   })
  23 | })"
/home/gabriel/Disk/Research/research-javascript-test-smells/repositories/undici/test/subresource-integrity/get-strongest-metadata.js,Unknown Test,"{'column': 2, 'line': 8}","   6 |
   7 | describe('getStrongestMetadata', () => {
>  8 |   test('should return strongest sha512 /1', (t) => {
     |  ^ Unknown Test
   9 |     const result = getStrongestMetadata([
  10 |       { alg: 'sha256', val: 'sha256-abc' },
  11 |       { alg: 'sha384', val: 'sha384-def' },"
/home/gabriel/Disk/Research/research-javascript-test-smells/repositories/undici/test/subresource-integrity/get-strongest-metadata.js,Unknown Test,"{'column': 2, 'line': 19}","  17 |   })
  18 |
> 19 |   test('should return strongest sha512 /2', (t) => {
     |  ^ Unknown Test
  20 |     const result = getStrongestMetadata([
  21 |       { alg: 'sha512', val: 'sha512-ghi' },
  22 |       { alg: 'sha256', val: 'sha256-abc' },"
/home/gabriel/Disk/Research/research-javascript-test-smells/repositories/undici/test/subresource-integrity/get-strongest-metadata.js,Unknown Test,"{'column': 2, 'line': 30}","  28 |   })
  29 |
> 30 |   test('should return strongest sha384', (t) => {
     |  ^ Unknown Test
  31 |     const result = getStrongestMetadata([
  32 |       { alg: 'sha256', val: 'sha256-abc' },
  33 |       { alg: 'sha384', val: 'sha384-def' }"
/home/gabriel/Disk/Research/research-javascript-test-smells/repositories/undici/test/subresource-integrity/get-strongest-metadata.js,Unknown Test,"{'column': 2, 'line': 40}","  38 |   })
  39 |
> 40 |   test('should return both strongest sha384', (t) => {
     |  ^ Unknown Test
  41 |     const result = getStrongestMetadata([
  42 |       { alg: 'sha384', val: 'sha384-abc' },
  43 |       { alg: 'sha256', val: 'sha256-def' },"
/home/gabriel/Disk/Research/research-javascript-test-smells/repositories/undici/test/subresource-integrity/get-strongest-metadata.js,Unknown Test,"{'column': 2, 'line': 52}","  50 |   })
  51 |
> 52 |   test('should return multiple metadata with the same strength', (t) => {
     |  ^ Unknown Test
  53 |     const result = getStrongestMetadata([
  54 |       { alg: 'sha256', val: 'sha256-abc' }
  55 |     ])"
/home/gabriel/Disk/Research/research-javascript-test-smells/repositories/undici/test/subresource-integrity/get-strongest-metadata.js,Unknown Test,"{'column': 2, 'line': 61}","  59 |   })
  60 |
> 61 |   test('should return empty array when no metadata is provided', (t) => {
     |  ^ Unknown Test
  62 |     const result = getStrongestMetadata([])
  63 |     t.assert.deepEqual(result, [])
  64 |   })"
/home/gabriel/Disk/Research/research-javascript-test-smells/repositories/undici/test/subresource-integrity/get-strongest-metadata.js,Unknown Test,"{'column': 2, 'line': 66}","  64 |   })
  65 |
> 66 |   test('should throw when invalid hash algorithm is provided', (t) => {
     |  ^ Unknown Test
  67 |     t.assert.throws(() => getStrongestMetadata([
  68 |       { alg: 'sha1024', val: 'sha1024-xyz' }
  69 |     ]), {"
/home/gabriel/Disk/Research/research-javascript-test-smells/repositories/undici/test/subresource-integrity/case-sensitive-match.js,Unknown Test,"{'column': 2, 'line': 8}","   6 |
   7 | describe('caseSensitiveMatch', () => {
>  8 |   test('identical strings', (t) => {
     |  ^ Unknown Test
   9 |     const actualValue = 'ypeBEsobvcr6wjGzmiPcTaeG7/gUfE5yuYB3ha/uSLs'
  10 |     const expectedValue = 'ypeBEsobvcr6wjGzmiPcTaeG7/gUfE5yuYB3ha/uSLs'
  11 |     t.assert.ok(caseSensitiveMatch(actualValue, expectedValue))"
/home/gabriel/Disk/Research/research-javascript-test-smells/repositories/undici/test/subresource-integrity/case-sensitive-match.js,Unknown Test,"{'column': 2, 'line': 14}","  12 |   })
  13 |
> 14 |   test('identical strings, actualValue has one padding char', (t) => {
     |  ^ Unknown Test
  15 |     const actualValue = 'ypeBEsobvcr6wjGzmiPcTaeG7/gUfE5yuYB3ha/uSLs='
  16 |     const expectedValue = 'ypeBEsobvcr6wjGzmiPcTaeG7/gUfE5yuYB3ha/uSLs'
  17 |     t.assert.ok(caseSensitiveMatch(actualValue, expectedValue))"
/home/gabriel/Disk/Research/research-javascript-test-smells/repositories/undici/test/subresource-integrity/case-sensitive-match.js,Unknown Test,"{'column': 2, 'line': 20}","  18 |   })
  19 |
> 20 |   test('identical strings, expectedValue has one padding char', (t) => {
     |  ^ Unknown Test
  21 |     const actualValue = 'ypeBEsobvcr6wjGzmiPcTaeG7/gUfE5yuYB3ha/uSLs'
  22 |     const expectedValue = 'ypeBEsobvcr6wjGzmiPcTaeG7/gUfE5yuYB3ha/uSLs='
  23 |     t.assert.ok(caseSensitiveMatch(actualValue, expectedValue))"
/home/gabriel/Disk/Research/research-javascript-test-smells/repositories/undici/test/subresource-integrity/case-sensitive-match.js,Unknown Test,"{'column': 2, 'line': 26}","  24 |   })
  25 |
> 26 |   test('identical strings, expectedValue has two padding chars', (t) => {
     |  ^ Unknown Test
  27 |     const actualValue = 'ypeBEsobvcr6wjGzmiPcTaeG7/gUfE5yuYB3ha/uSLs'
  28 |     const expectedValue = 'ypeBEsobvcr6wjGzmiPcTaeG7/gUfE5yuYB3ha/uSLs=='
  29 |     t.assert.ok(caseSensitiveMatch(actualValue, expectedValue))"
/home/gabriel/Disk/Research/research-javascript-test-smells/repositories/undici/test/subresource-integrity/case-sensitive-match.js,Unknown Test,"{'column': 2, 'line': 32}","  30 |   })
  31 |
> 32 |   test('identical strings, both have one padding char', (t) => {
     |  ^ Unknown Test
  33 |     const actualValue = 'ypeBEsobvcr6wjGzmiPcTaeG7/gUfE5yuYB3ha/uSLs='
  34 |     const expectedValue = 'ypeBEsobvcr6wjGzmiPcTaeG7/gUfE5yuYB3ha/uSLs='
  35 |     t.assert.ok(caseSensitiveMatch(actualValue, expectedValue))"
/home/gabriel/Disk/Research/research-javascript-test-smells/repositories/undici/test/subresource-integrity/case-sensitive-match.js,Unknown Test,"{'column': 2, 'line': 38}","  36 |   })
  37 |
> 38 |   test('identical strings, both have two padding chars', (t) => {
     |  ^ Unknown Test
  39 |     const actualValue = 'ypeBEsobvcr6wjGzmiPcTaeG7/gUfE5yuYB3ha/uSLs=='
  40 |     const expectedValue = 'ypeBEsobvcr6wjGzmiPcTaeG7/gUfE5yuYB3ha/uSLs=='
  41 |     t.assert.ok(caseSensitiveMatch(actualValue, expectedValue))"
/home/gabriel/Disk/Research/research-javascript-test-smells/repositories/undici/test/subresource-integrity/case-sensitive-match.js,Unknown Test,"{'column': 2, 'line': 44}","  42 |   })
  43 |
> 44 |   test('identical strings, expectedValue has invalid third padding char', (t) => {
     |  ^ Unknown Test
  45 |     const actualValue = 'ypeBEsobvcr6wjGzmiPcTaeG7/gUfE5yuYB3ha/uSLs=='
  46 |     const expectedValue = 'ypeBEsobvcr6wjGzmiPcTaeG7/gUfE5yuYB3ha/uSLs==='
  47 |     t.assert.ok(caseSensitiveMatch(actualValue, expectedValue) === false)"
/home/gabriel/Disk/Research/research-javascript-test-smells/repositories/undici/test/subresource-integrity/case-sensitive-match.js,Unknown Test,"{'column': 2, 'line': 50}","  48 |   })
  49 |
> 50 |   test('expectedValue can be base64Url - match `_`', (t) => {
     |  ^ Unknown Test
  51 |     const actualValue = 'ypeBEsobvcr6wjGzmiPcTaeG7/gUfE5yuYB3ha/uSLs'
  52 |     const expectedValue = 'ypeBEsobvcr6wjGzmiPcTaeG7_gUfE5yuYB3ha/uSLs'
  53 |     t.assert.ok(caseSensitiveMatch(actualValue, expectedValue))"
/home/gabriel/Disk/Research/research-javascript-test-smells/repositories/undici/test/subresource-integrity/case-sensitive-match.js,Unknown Test,"{'column': 2, 'line': 56}","  54 |   })
  55 |
> 56 |   test('expectedValue can be base64Url - match `+`', (t) => {
     |  ^ Unknown Test
  57 |     const actualValue = 'ypeBEsobvcr6wjGzmiPcTaeG7+gUfE5yuYB3ha/uSLs'
  58 |     const expectedValue = 'ypeBEsobvcr6wjGzmiPcTaeG7-gUfE5yuYB3ha/uSLs'
  59 |     t.assert.ok(caseSensitiveMatch(actualValue, expectedValue))"
/home/gabriel/Disk/Research/research-javascript-test-smells/repositories/undici/test/subresource-integrity/case-sensitive-match.js,Unknown Test,"{'column': 2, 'line': 62}","  60 |   })
  61 |
> 62 |   test('should be case sensitive', (t) => {
     |  ^ Unknown Test
  63 |     const actualValue = 'ypeBEsobvcr6wjGzmiPcTaeG7/gUfE5yuYB3ha/uSLs'
  64 |     const expectedValue = 'ypeBEsobvcr6wjGzmiPcTaeG7/gUfE5yuYB3ha/uSLS'
  65 |     t.assert.ok(caseSensitiveMatch(actualValue, expectedValue) === false)"
/home/gabriel/Disk/Research/research-javascript-test-smells/repositories/undici/test/subresource-integrity/case-sensitive-match.js,Unknown Test,"{'column': 2, 'line': 68}","  66 |   })
  67 |
> 68 |   test('empty string should return true', (t) => {
     |  ^ Unknown Test
  69 |     const actualValue = ''
  70 |     const expectedValue = ''
  71 |     t.assert.ok(caseSensitiveMatch(actualValue, expectedValue))"
/home/gabriel/Disk/Research/research-javascript-test-smells/repositories/undici/test/subresource-integrity/bytes-match.js,Unknown Test,"{'column': 2, 'line': 11}","   9 |
  10 | describe('bytesMatch', () => {
> 11 |   test('valid sha256 and base64', { skip }, (t) => {
     |  ^ Unknown Test
  12 |     const data = Buffer.from('Hello world!')
  13 |     const hash256 = 'sha256-wFNeS+K3n/2TKRMFQ2v4iTFOSj+uwF7P/Lt98xrZ5Ro='
  14 |     t.assert.ok(bytesMatch(data, hash256))"
/home/gabriel/Disk/Research/research-javascript-test-smells/repositories/undici/test/subresource-integrity/apply-algorithm-to-bytes.js,Unknown Test,"{'column': 2, 'line': 16}","  14 |   const hash512 = '9s3ioPgZMUzd5V/CJ9jX2uPSjMVWIioKitZtkcytSq1glPUXohgjYMmqz2o9wyMWLLb9jN/+2w/gOPVehf+1tg=='
  15 |
> 16 |   test('valid sha256', { skip }, (t) => {
     |  ^ Unknown Test
  17 |     const result = applyAlgorithmToBytes('sha256', Buffer.from('Hello world!'))
  18 |     t.assert.strictEqual(result, hash256)
  19 |   })"
/home/gabriel/Disk/Research/research-javascript-test-smells/repositories/undici/test/subresource-integrity/apply-algorithm-to-bytes.js,Unknown Test,"{'column': 2, 'line': 20}","  18 |     t.assert.strictEqual(result, hash256)
  19 |   })
> 20 |   test('valid sha384', { skip }, (t) => {
     |  ^ Unknown Test
  21 |     const result = applyAlgorithmToBytes('sha384', Buffer.from('Hello world!'))
  22 |     t.assert.strictEqual(result, hash384)
  23 |   })"
/home/gabriel/Disk/Research/research-javascript-test-smells/repositories/undici/test/subresource-integrity/apply-algorithm-to-bytes.js,Unknown Test,"{'column': 2, 'line': 24}","  22 |     t.assert.strictEqual(result, hash384)
  23 |   })
> 24 |   test('valid sha512', { skip }, (t) => {
     |  ^ Unknown Test
  25 |     const result = applyAlgorithmToBytes('sha512', Buffer.from('Hello world!'))
  26 |     t.assert.strictEqual(result, hash512)
  27 |   })"
/home/gabriel/Disk/Research/research-javascript-test-smells/repositories/undici/test/node-test/tree.js,Assertion Roulette,"{'column': 4, 'line': 35}","  33 |     const lookupKey = Buffer.from(key)
  34 |     tst.insert(key, 'a')
> 35 |     assert.strictEqual(tst.lookup(lookupKey), 'a')
     |    ^ Assertion Roulette
  36 |     tst.insert(key, 'b')
  37 |     assert.strictEqual(tst.lookup(lookupKey), 'b')
  38 |   })"
/home/gabriel/Disk/Research/research-javascript-test-smells/repositories/undici/test/node-test/tree.js,Assertion Roulette,"{'column': 4, 'line': 37}","  35 |     assert.strictEqual(tst.lookup(lookupKey), 'a')
  36 |     tst.insert(key, 'b')
> 37 |     assert.strictEqual(tst.lookup(lookupKey), 'b')
     |    ^ Assertion Roulette
  38 |   })
  39 |
  40 |   test('tree', () => {"
/home/gabriel/Disk/Research/research-javascript-test-smells/repositories/undici/test/node-test/tree.js,Conditional Test Logic,"{'line': 41, 'column': 4, 'index': 1297}","  39 |
  40 |   test('tree', () => {
> 41 |     for (let i = 0; i < wellknownHeaderNames.length; ++i) {
     |    ^ Conditional Test Logic
  42 |       const key = wellknownHeaderNames[i]
  43 |       assert.strictEqual(tree.lookup(Buffer.from(key)), headerNameLowerCasedRecord[key])
  44 |     }"
/home/gabriel/Disk/Research/research-javascript-test-smells/repositories/undici/test/node-test/tree.js,Conditional Test Logic,"{'line': 54, 'column': 6, 'index': 1751}","  52 |     function generateAsciiString (length) {
  53 |       let result = ''
> 54 |       for (let i = 0; i < length; ++i) {
     |      ^ Conditional Test Logic
  55 |         result += characters[Math.floor(Math.random() * charactersLength)]
  56 |       }
  57 |       return result"
/home/gabriel/Disk/Research/research-javascript-test-smells/repositories/undici/test/node-test/tree.js,Conditional Test Logic,"{'line': 66, 'column': 4, 'index': 2077}","  64 |     const randomBuffer = new Array(LENGTH)
  65 |
> 66 |     for (let i = 0; i < LENGTH; ++i) {
     |    ^ Conditional Test Logic
  67 |       const key = generateAsciiString((Math.random() * 100 + 5) | 0)
  68 |       const lowerCasedKey = random[i] = key.toLowerCase()
  69 |       randomBuffer[i] = Buffer.from(key)"
/home/gabriel/Disk/Research/research-javascript-test-smells/repositories/undici/test/node-test/tree.js,Conditional Test Logic,"{'line': 73, 'column': 4, 'index': 2338}","  71 |     }
  72 |
> 73 |     for (let i = 0; i < LENGTH; ++i) {
     |    ^ Conditional Test Logic
  74 |       assert.strictEqual(tst.lookup(randomBuffer[i]), random[i])
  75 |     }
  76 |   })"
/home/gabriel/Disk/Research/research-javascript-test-smells/repositories/undici/test/node-test/balanced-pool.js,Conditional Test Logic,"{'line': 137, 'column': 4, 'index': 4046}","  135 |     })
  136 |
> 137 |     for (let i = 0; i < clients; i++) {
      |    ^ Conditional Test Logic
  138 |       pool.request({
  139 |         path: '/',
  140 |         method: 'GET'"
/home/gabriel/Disk/Research/research-javascript-test-smells/repositories/undici/test/node-test/balanced-pool.js,Conditional Test Logic,"{'line': 175, 'column': 4, 'index': 4923}","  173 |     t.after(client.destroy.bind(client))
  174 |
> 175 |     for (let n = 1; n <= 8; ++n) {
      |    ^ Conditional Test Logic
  176 |       client.request({ path: '/', method: 'GET' }, (err, { statusCode, headers, body }) => {
  177 |         p.ifError(err)
  178 |         p.strictEqual(statusCode, 200)"
/home/gabriel/Disk/Research/research-javascript-test-smells/repositories/undici/test/node-test/balanced-pool.js,Conditional Test Logic,"{'line': 318, 'column': 4, 'index': 8906}","  316 |
  317 |   _shouldHangupOnClient () {
> 318 |     if (this.config.socketHangup) {
      |    ^ Conditional Test Logic
  319 |       return true
  320 |     }
  321 |     if (this.config.socketHangupOnRequests.includes(this.requestsCount)) {"
/home/gabriel/Disk/Research/research-javascript-test-smells/repositories/undici/test/node-test/balanced-pool.js,Conditional Test Logic,"{'line': 321, 'column': 4, 'index': 8966}","  319 |       return true
  320 |     }
> 321 |     if (this.config.socketHangupOnRequests.includes(this.requestsCount)) {
      |    ^ Conditional Test Logic
  322 |       return true
  323 |     }
  324 |"
/home/gabriel/Disk/Research/research-javascript-test-smells/repositories/undici/test/node-test/balanced-pool.js,Conditional Test Logic,"{'line': 329, 'column': 4, 'index': 9113}","  327 |
  328 |   _shouldStopServer () {
> 329 |     if (this.config.upstreamDown === true || this.config.downOnRequests.includes(this.requestsCount)) {
      |    ^ Conditional Test Logic
  330 |       return true
  331 |     }
  332 |     return false"
/home/gabriel/Disk/Research/research-javascript-test-smells/repositories/undici/test/node-test/balanced-pool.js,Conditional Test Logic,"{'line': 339, 'column': 4, 'index': 9366}","  337 |     this.iteration = iteration
  338 |
> 339 |     if (this._shouldStopServer()) {
      |    ^ Conditional Test Logic
  340 |       await this.stop()
  341 |     } else if (!this.isRunning()) {
  342 |       await this.start()"
/home/gabriel/Disk/Research/research-javascript-test-smells/repositories/undici/test/node-test/balanced-pool.js,Conditional Test Logic,"{'line': 341, 'column': 11, 'index': 9433}","  339 |     if (this._shouldStopServer()) {
  340 |       await this.stop()
> 341 |     } else if (!this.isRunning()) {
      |           ^ Conditional Test Logic
  342 |       await this.start()
  343 |     }
  344 |   }"
/home/gabriel/Disk/Research/research-javascript-test-smells/repositories/undici/test/node-test/balanced-pool.js,Conditional Test Logic,"{'line': 348, 'column': 6, 'index': 9592}","  346 |   start () {
  347 |     this.server = createServer({ joinDuplicateHeaders: true }, (req, res) => {
> 348 |       if (this._shouldHangupOnClient()) {
      |      ^ Conditional Test Logic
  349 |         req.destroy(new Error('(ツ)'))
  350 |         return
  351 |       }"
/home/gabriel/Disk/Research/research-javascript-test-smells/repositories/undici/test/node-test/balanced-pool.js,Conditional Test Logic,"{'line': 375, 'column': 4, 'index': 10204}","  373 |
  374 |   stop () {
> 375 |     if (!this.isRunning()) {
      |    ^ Conditional Test Logic
  376 |       return
  377 |     }
  378 |"
/home/gabriel/Disk/Research/research-javascript-test-smells/repositories/undici/test/node-test/balanced-pool.js,Conditional Test Logic,"{'line': 519, 'column': 2, 'index': 14687}","  517 |
  518 | describe('weighted round robin', () => {
> 519 |   for (const [index, { config, expected, expectedRatios, iterations = 9, expectedConnectionRefusedErrors = 0, expectedSocketErrors = 0, maxWeightPerServer, errorPenalty = 10, skip = false }] of cases.entries()) {
      |  ^ Conditional Test Logic
  520 |     test(`case ${index}`, { skip }, async (t) => {
  521 |     // create an array to store successful requests
  522 |       const requestLog = []"
/home/gabriel/Disk/Research/research-javascript-test-smells/repositories/undici/test/node-test/balanced-pool.js,Conditional Test Logic,"{'line': 545, 'column': 6, 'index': 15892}","  543 |       let connectionRefusedErrors = 0
  544 |       let socketErrors = 0
> 545 |       for (let i = 0; i < iterations; i++) {
      |      ^ Conditional Test Logic
  546 |       // setup test servers for the next iteration
  547 |
  548 |         await Promise.all(servers.map(server => server.prepareForIteration(i)))"
/home/gabriel/Disk/Research/research-javascript-test-smells/repositories/undici/test/node-test/balanced-pool.js,Conditional Test Logic,"{'line': 557, 'column': 12, 'index': 16341}","  555 |           servers.find(server => server.port === e.port) ||
  556 |           servers.find(server => {
> 557 |             if (typeof AggregateError === 'function' && e instanceof AggregateError) {
      |            ^ Conditional Test Logic
  558 |               return e.errors.some(e => server.port === (e.socket?.remotePort ?? e.port))
  559 |             }
  560 |"
/home/gabriel/Disk/Research/research-javascript-test-smells/repositories/undici/test/node-test/balanced-pool.js,Conditional Test Logic,"{'line': 566, 'column': 10, 'index': 16643}","  564 |           serverWithError.requestsCount++
  565 |
> 566 |           if (e.code === 'ECONNREFUSED') {
      |          ^ Conditional Test Logic
  567 |             requestLog.push(`${serverWithError.name}/connectionRefused`)
  568 |             connectionRefusedErrors++
  569 |           }"
/home/gabriel/Disk/Research/research-javascript-test-smells/repositories/undici/test/node-test/balanced-pool.js,Conditional Test Logic,"{'line': 570, 'column': 10, 'index': 16809}","  568 |             connectionRefusedErrors++
  569 |           }
> 570 |           if (e.code === 'UND_ERR_SOCKET') {
      |          ^ Conditional Test Logic
  571 |             requestLog.push(`${serverWithError.name}/socketError`)
  572 |
  573 |             socketErrors++"
/home/gabriel/Disk/Research/research-javascript-test-smells/repositories/undici/test/node-test/balanced-pool.js,Conditional Test Logic,"{'line': 586, 'column': 6, 'index': 17290}","  584 |       assert.strictEqual(socketErrors, expectedSocketErrors)
  585 |
> 586 |       if (expectedRatios) {
      |      ^ Conditional Test Logic
  587 |         const ratios = servers.reduce((acc, el) => {
  588 |           acc[el.name] = 0
  589 |           return acc"
/home/gabriel/Disk/Research/research-javascript-test-smells/repositories/undici/test/node-test/balanced-pool.js,Conditional Test Logic,"{'line': 596, 'column': 6, 'index': 17591}","  594 |       }
  595 |
> 596 |       if (expected) {
      |      ^ Conditional Test Logic
  597 |         assert.deepStrictEqual(requestLog.slice(0, expected.length), expected)
  598 |       }
  599 |"
/home/gabriel/Disk/Research/research-javascript-test-smells/repositories/undici/test/node-test/balanced-pool.js,Exception Handling,"{'line': 13, 'column': 2, 'index': 401}","  11 |   const p = tspl(t, { plan: 2 })
  12 |
> 13 |   try {
     |  ^ Exception Handling
  14 |     new BalancedPool(null, { factory: '' }) // eslint-disable-line
  15 |   } catch (err) {
  16 |     p.ok(err instanceof errors.InvalidArgumentError)"
/home/gabriel/Disk/Research/research-javascript-test-smells/repositories/undici/test/node-test/balanced-pool.js,Exception Handling,"{'line': 247, 'column': 2, 'index': 6868}","  245 |   const pool = new BalancedPool()
  246 |
> 247 |   try {
      |  ^ Exception Handling
  248 |     await pool.request({ path: '/', method: 'GET' })
  249 |   } catch (e) {
  250 |     p.ok(e instanceof errors.BalancedPoolMissingUpstreamError)"
/home/gabriel/Disk/Research/research-javascript-test-smells/repositories/undici/test/node-test/balanced-pool.js,Unknown Test,"{'column': 0, 'line': 10}","   8 | const { tspl } = require('@matteo.collina/tspl')
   9 |
> 10 | test('throws when factory is not a function', (t) => {
  11 |   const p = tspl(t, { plan: 2 })
  12 |
  13 |   try {"
/home/gabriel/Disk/Research/research-javascript-test-smells/repositories/undici/test/node-test/balanced-pool.js,Unknown Test,"{'column': 0, 'line': 21}","  19 | })
  20 |
> 21 | test('add/remove upstreams', (t) => {
  22 |   const p = tspl(t, { plan: 7 })
  23 |
  24 |   const upstream01 = 'http://localhost:1'"
/home/gabriel/Disk/Research/research-javascript-test-smells/repositories/undici/test/node-test/balanced-pool.js,Unknown Test,"{'column': 0, 'line': 51}","  49 | })
  50 |
> 51 | test('basic get', async (t) => {
  52 |   const p = tspl(t, { plan: 16 })
  53 |
  54 |   let server1Called = 0"
/home/gabriel/Disk/Research/research-javascript-test-smells/repositories/undici/test/node-test/balanced-pool.js,Unknown Test,"{'column': 0, 'line': 107}","  105 | })
  106 |
> 107 | test('connect/disconnect event(s)', async (t) => {
  108 |   const clients = 2
  109 |
  110 |   const p = tspl(t, { plan: clients * 5 })"
/home/gabriel/Disk/Research/research-javascript-test-smells/repositories/undici/test/node-test/balanced-pool.js,Unknown Test,"{'column': 0, 'line': 151}","  149 | })
  150 |
> 151 | test('busy', async (t) => {
  152 |   const p = tspl(t, { plan: 8 * 6 + 2 + 1 })
  153 |
  154 |   const server = createServer({ joinDuplicateHeaders: true }, (req, res) => {"
/home/gabriel/Disk/Research/research-javascript-test-smells/repositories/undici/test/node-test/balanced-pool.js,Unknown Test,"{'column': 0, 'line': 194}","  192 | })
  193 |
> 194 | test('factory option with basic get request', async (t) => {
  195 |   const p = tspl(t, { plan: 12 })
  196 |
  197 |   let factoryCalled = 0"
/home/gabriel/Disk/Research/research-javascript-test-smells/repositories/undici/test/node-test/balanced-pool.js,Unknown Test,"{'column': 0, 'line': 242}","  240 | })
  241 |
> 242 | test('throws when upstream is missing', async (t) => {
  243 |   const p = tspl(t, { plan: 2 })
  244 |
  245 |   const pool = new BalancedPool()"
/home/gabriel/Disk/Research/research-javascript-test-smells/repositories/undici/test/node-test/balanced-pool.js,Unknown Test,"{'column': 0, 'line': 255}","  253 | })
  254 |
> 255 | test('getUpstream returns the correct Pool for given upstream', (t) => {
  256 |   const p = tspl(t, { plan: 4 })
  257 |
  258 |   const upstream1 = 'http://localhost:3001'"
/home/gabriel/Disk/Research/research-javascript-test-smells/repositories/undici/test/node-test/balanced-pool.js,Unknown Test,"{'column': 0, 'line': 275}","  273 | })
  274 |
> 275 | test('getUpstream returns undefined for non-existent upstream', (t) => {
  276 |   const p = tspl(t, { plan: 1 })
  277 |
  278 |   const pool = new BalancedPool()"
/home/gabriel/Disk/Research/research-javascript-test-smells/repositories/undici/test/node-test/balanced-pool.js,Unknown Test,"{'column': 0, 'line': 285}","  283 | })
  284 |
> 285 | test('getUpstream returns undefined for closed/destroyed upstream', (t) => {
  286 |   const p = tspl(t, { plan: 2 })
  287 |
  288 |   const upstream = 'http://localhost:3001'"
/home/gabriel/Disk/Research/research-javascript-test-smells/repositories/undici/test/node-test/agent.js,Assertion Roulette,"{'column': 4, 'line': 686}","  684 |     assert.fail('should throw')
  685 |   } catch (e) {
> 686 |     assert.ok(e)
      |    ^ Assertion Roulette
  687 |     assert.strictEqual(e.message, 'invalid onInfo callback')
  688 |   }
  689 | })"
/home/gabriel/Disk/Research/research-javascript-test-smells/repositories/undici/test/node-test/agent.js,Assertion Roulette,"{'column': 4, 'line': 687}","  685 |   } catch (e) {
  686 |     assert.ok(e)
> 687 |     assert.strictEqual(e.message, 'invalid onInfo callback')
      |    ^ Assertion Roulette
  688 |   }
  689 | })
  690 |"
/home/gabriel/Disk/Research/research-javascript-test-smells/repositories/undici/test/node-test/agent.js,Assertion Roulette,"{'column': 4, 'line': 696}","  694 |     assert.fail('should throw')
  695 |   } catch (e) {
> 696 |     assert.ok(e)
      |    ^ Assertion Roulette
  697 |     assert.strictEqual(e.message, 'invalid onInfo callback')
  698 |   }
  699 | })"
/home/gabriel/Disk/Research/research-javascript-test-smells/repositories/undici/test/node-test/agent.js,Assertion Roulette,"{'column': 4, 'line': 697}","  695 |   } catch (e) {
  696 |     assert.ok(e)
> 697 |     assert.strictEqual(e.message, 'invalid onInfo callback')
      |    ^ Assertion Roulette
  698 |   }
  699 | })
  700 |"
/home/gabriel/Disk/Research/research-javascript-test-smells/repositories/undici/test/node-test/agent.js,Assertion Roulette,"{'column': 2, 'line': 843}","  841 | test('the dispatcher is truly global', t => {
  842 |   const agent = getGlobalDispatcher()
> 843 |   assert.ok(require.resolve('../../index.js') in require.cache)
      |  ^ Assertion Roulette
  844 |   delete require.cache[require.resolve('../../index.js')]
  845 |   assert.strictEqual(require.resolve('../../index.js') in require.cache, false)
  846 |   const undiciFresh = require('../../index.js')"
/home/gabriel/Disk/Research/research-javascript-test-smells/repositories/undici/test/node-test/agent.js,Assertion Roulette,"{'column': 2, 'line': 845}","  843 |   assert.ok(require.resolve('../../index.js') in require.cache)
  844 |   delete require.cache[require.resolve('../../index.js')]
> 845 |   assert.strictEqual(require.resolve('../../index.js') in require.cache, false)
      |  ^ Assertion Roulette
  846 |   const undiciFresh = require('../../index.js')
  847 |   assert.ok(require.resolve('../../index.js') in require.cache)
  848 |   assert.strictEqual(agent, undiciFresh.getGlobalDispatcher())"
/home/gabriel/Disk/Research/research-javascript-test-smells/repositories/undici/test/node-test/agent.js,Assertion Roulette,"{'column': 2, 'line': 847}","  845 |   assert.strictEqual(require.resolve('../../index.js') in require.cache, false)
  846 |   const undiciFresh = require('../../index.js')
> 847 |   assert.ok(require.resolve('../../index.js') in require.cache)
      |  ^ Assertion Roulette
  848 |   assert.strictEqual(agent, undiciFresh.getGlobalDispatcher())
  849 | })
  850 |"
/home/gabriel/Disk/Research/research-javascript-test-smells/repositories/undici/test/node-test/agent.js,Assertion Roulette,"{'column': 2, 'line': 848}","  846 |   const undiciFresh = require('../../index.js')
  847 |   assert.ok(require.resolve('../../index.js') in require.cache)
> 848 |   assert.strictEqual(agent, undiciFresh.getGlobalDispatcher())
      |  ^ Assertion Roulette
  849 | })
  850 |
  851 | test('stats', async t => {"
/home/gabriel/Disk/Research/research-javascript-test-smells/repositories/undici/test/node-test/agent.js,Conditional Test Logic,"{'line': 304, 'column': 4, 'index': 7761}","  302 |     })
  303 |
> 304 |     for (let i = 0; i < connections; i++) {
      |    ^ Conditional Test Logic
  305 |       try {
  306 |         await request(origin, { dispatcher })
  307 |         p.ok(1)"
/home/gabriel/Disk/Research/research-javascript-test-smells/repositories/undici/test/node-test/agent.js,Conditional Test Logic,"{'line': 790, 'column': 4, 'index': 21358}","  788 |
  789 |   const server = http.createServer({ joinDuplicateHeaders: true }, (req, res) => {
> 790 |     if (req.url === '/bar') {
      |    ^ Conditional Test Logic
  791 |       p.strictEqual(req.method, 'PUT')
  792 |       p.strictEqual(req.url, '/bar')
  793 |     } else {"
/home/gabriel/Disk/Research/research-javascript-test-smells/repositories/undici/test/node-test/agent.js,Duplicate Assert,"{'line': 843, 'column': 2, 'index': 23159}","  841 | test('the dispatcher is truly global', t => {
  842 |   const agent = getGlobalDispatcher()
> 843 |   assert.ok(require.resolve('../../index.js') in require.cache)
      |  ^ Duplicate Assert
  844 |   delete require.cache[require.resolve('../../index.js')]
  845 |   assert.strictEqual(require.resolve('../../index.js') in require.cache, false)
  846 |   const undiciFresh = require('../../index.js')"
/home/gabriel/Disk/Research/research-javascript-test-smells/repositories/undici/test/node-test/agent.js,Duplicate Assert,"{'line': 847, 'column': 2, 'index': 23409}","  845 |   assert.strictEqual(require.resolve('../../index.js') in require.cache, false)
  846 |   const undiciFresh = require('../../index.js')
> 847 |   assert.ok(require.resolve('../../index.js') in require.cache)
      |  ^ Duplicate Assert
  848 |   assert.strictEqual(agent, undiciFresh.getGlobalDispatcher())
  849 | })
  850 |"
/home/gabriel/Disk/Research/research-javascript-test-smells/repositories/undici/test/node-test/agent.js,Exception Handling,"{'line': 68, 'column': 2, 'index': 1879}","  66 |   t.after(closeServerAsPromise(server2))
  67 |
> 68 |   try {
     |  ^ Exception Handling
  69 |     await Promise.all([
  70 |       request(`http://localhost:${server1.address().port}`, { dispatcher }),
  71 |       request(`http://localhost:${server2.address().port}`, { dispatcher })"
/home/gabriel/Disk/Research/research-javascript-test-smells/repositories/undici/test/node-test/agent.js,Exception Handling,"{'line': 125, 'column': 2, 'index': 3293}","  123 |   const p = tspl(t, { plan: 1 })
  124 |   const dispatcher = new Agent()
> 125 |   try {
      |  ^ Exception Handling
  126 |     dispatcher.close({})
  127 |   } catch (err) {
  128 |     p.ok(err instanceof errors.InvalidArgumentError)"
/home/gabriel/Disk/Research/research-javascript-test-smells/repositories/undici/test/node-test/agent.js,Exception Handling,"{'line': 217, 'column': 2, 'index': 5442}","  215 |   const p = tspl(t, { plan: 1 })
  216 |   const dispatcher = new Agent()
> 217 |   try {
      |  ^ Exception Handling
  218 |     dispatcher.destroy(new Error('mock error'), {})
  219 |   } catch (err) {
  220 |     p.ok(err instanceof errors.InvalidArgumentError)"
/home/gabriel/Disk/Research/research-javascript-test-smells/repositories/undici/test/node-test/agent.js,Exception Handling,"{'line': 305, 'column': 6, 'index': 7807}","  303 |
  304 |     for (let i = 0; i < connections; i++) {
> 305 |       try {
      |      ^ Exception Handling
  306 |         await request(origin, { dispatcher })
  307 |         p.ok(1)
  308 |       } catch (err) {"
/home/gabriel/Disk/Research/research-javascript-test-smells/repositories/undici/test/node-test/agent.js,Exception Handling,"{'line': 328, 'column': 6, 'index': 8213}","  326 |     },
  327 |     onError (err) {
> 328 |       throw err
      |      ^ Exception Handling
  329 |     }
  330 |   }
  331 |"
/home/gabriel/Disk/Research/research-javascript-test-smells/repositories/undici/test/node-test/agent.js,Exception Handling,"{'line': 366, 'column': 6, 'index': 9023}","  364 |     },
  365 |     onError (err) {
> 366 |       throw err
      |      ^ Exception Handling
  367 |     }
  368 |   }
  369 |"
/home/gabriel/Disk/Research/research-javascript-test-smells/repositories/undici/test/node-test/agent.js,Exception Handling,"{'line': 682, 'column': 2, 'index': 18220}","  680 |
  681 | test('request: fails with invalid onInfo', async (t) => {
> 682 |   try {
      |  ^ Exception Handling
  683 |     await request({ origin: 'http://localhost', path: '/', onInfo: 'foo' })
  684 |     assert.fail('should throw')
  685 |   } catch (e) {"
/home/gabriel/Disk/Research/research-javascript-test-smells/repositories/undici/test/node-test/agent.js,Exception Handling,"{'line': 692, 'column': 2, 'index': 18495}","  690 |
  691 | test('stream: fails with invalid onInfo', async (t) => {
> 692 |   try {
      |  ^ Exception Handling
  693 |     await stream({ origin: 'http://localhost', path: '/', onInfo: 'foo' }, () => new PassThrough())
  694 |     assert.fail('should throw')
  695 |   } catch (e) {"
/home/gabriel/Disk/Research/research-javascript-test-smells/repositories/undici/test/node-test/agent.js,Exception Handling,"{'line': 719, 'column': 6, 'index': 19406}","  717 |     },
  718 |     onError (err) {
> 719 |       throw err
      |      ^ Exception Handling
  720 |     }
  721 |   }
  722 |"
/home/gabriel/Disk/Research/research-javascript-test-smells/repositories/undici/test/node-test/agent.js,Sleepy Test,"{'line': 55, 'column': 4, 'index': 1488}","  53 |
  54 |   const handler = (_req, res) => {
> 55 |     setTimeout(() => res.end('ok'), 50)
     |    ^ Sleepy Test
  56 |   }
  57 |
  58 |   const server1 = http.createServer({ joinDuplicateHeaders: true }, handler)"
/home/gabriel/Disk/Research/research-javascript-test-smells/repositories/undici/test/node-test/agent.js,Unknown Test,"{'column': 2, 'line': 27}","  25 |     setGlobalDispatcher(new Agent())
  26 |   })
> 27 |   test('fails if agent does not implement `get` method', t => {
     |  ^ Unknown Test
  28 |     const p = tspl(t, { plan: 1 })
  29 |     p.throws(() => setGlobalDispatcher({ dispatch: 'not a function' }), errors.InvalidArgumentError)
  30 |   })"
/home/gabriel/Disk/Research/research-javascript-test-smells/repositories/undici/test/node-test/agent.js,Unknown Test,"{'column': 2, 'line': 31}","  29 |     p.throws(() => setGlobalDispatcher({ dispatch: 'not a function' }), errors.InvalidArgumentError)
  30 |   })
> 31 |   test('sets global agent', async t => {
     |  ^ Unknown Test
  32 |     const p = tspl(t, { plan: 2 })
  33 |     p.doesNotThrow(() => setGlobalDispatcher(new Agent()))
  34 |     p.doesNotThrow(() => setGlobalDispatcher({ dispatch: () => {} }))"
/home/gabriel/Disk/Research/research-javascript-test-smells/repositories/undici/test/node-test/agent.js,Unknown Test,"{'column': 0, 'line': 38}","  36 | })
  37 |
> 38 | test('Agent', t => {
  39 |   const p = tspl(t, { plan: 1 })
  40 |
  41 |   p.doesNotThrow(() => new Agent())"
/home/gabriel/Disk/Research/research-javascript-test-smells/repositories/undici/test/node-test/agent.js,Unknown Test,"{'column': 0, 'line': 44}","  42 | })
  43 |
> 44 | test('Agent enforces maxOrigins', async (t) => {
  45 |   const p = tspl(t, { plan: 1 })
  46 |
  47 |   const dispatcher = new Agent({"
/home/gabriel/Disk/Research/research-javascript-test-smells/repositories/undici/test/node-test/agent.js,Unknown Test,"{'column': 0, 'line': 80}","  78 | })
  79 |
> 80 | test('agent should call callback after closing internal pools', async (t) => {
  81 |   const p = tspl(t, { plan: 2 })
  82 |
  83 |   const wanted = 'payload'"
/home/gabriel/Disk/Research/research-javascript-test-smells/repositories/undici/test/node-test/agent.js,Unknown Test,"{'column': 0, 'line': 122}","  120 | })
  121 |
> 122 | test('agent close throws when callback is not a function', t => {
  123 |   const p = tspl(t, { plan: 1 })
  124 |   const dispatcher = new Agent()
  125 |   try {"
/home/gabriel/Disk/Research/research-javascript-test-smells/repositories/undici/test/node-test/agent.js,Unknown Test,"{'column': 0, 'line': 132}","  130 | })
  131 |
> 132 | test('agent should close internal pools', async (t) => {
  133 |   const p = tspl(t, { plan: 2 })
  134 |
  135 |   const wanted = 'payload'"
/home/gabriel/Disk/Research/research-javascript-test-smells/repositories/undici/test/node-test/agent.js,Unknown Test,"{'column': 0, 'line': 173}","  171 | })
  172 |
> 173 | test('agent should destroy internal pools and call callback', async (t) => {
  174 |   const p = tspl(t, { plan: 2 })
  175 |
  176 |   const wanted = 'payload'"
/home/gabriel/Disk/Research/research-javascript-test-smells/repositories/undici/test/node-test/agent.js,Unknown Test,"{'column': 0, 'line': 214}","  212 | })
  213 |
> 214 | test('agent destroy throws when callback is not a function', t => {
  215 |   const p = tspl(t, { plan: 1 })
  216 |   const dispatcher = new Agent()
  217 |   try {"
/home/gabriel/Disk/Research/research-javascript-test-smells/repositories/undici/test/node-test/agent.js,Unknown Test,"{'column': 0, 'line': 224}","  222 | })
  223 |
> 224 | test('agent close/destroy callback with error', t => {
  225 |   const p = tspl(t, { plan: 4 })
  226 |   const dispatcher = new Agent()
  227 |   p.strictEqual(dispatcher.closed, false)"
/home/gabriel/Disk/Research/research-javascript-test-smells/repositories/undici/test/node-test/agent.js,Unknown Test,"{'column': 0, 'line': 235}","  233 | })
  234 |
> 235 | test('agent should destroy internal pools', async t => {
  236 |   const p = tspl(t, { plan: 2 })
  237 |
  238 |   const wanted = 'payload'"
/home/gabriel/Disk/Research/research-javascript-test-smells/repositories/undici/test/node-test/agent.js,Unknown Test,"{'column': 0, 'line': 275}","  273 | })
  274 |
> 275 | test('multiple connections', async t => {
  276 |   const connections = 3
  277 |   const p = tspl(t, { plan: 6 * connections })
  278 |"
/home/gabriel/Disk/Research/research-javascript-test-smells/repositories/undici/test/node-test/agent.js,Unknown Test,"{'column': 0, 'line': 317}","  315 | })
  316 |
> 317 | test('agent factory supports URL parameter', async (t) => {
  318 |   const p = tspl(t, { plan: 2 })
  319 |
  320 |   const noopHandler = {"
/home/gabriel/Disk/Research/research-javascript-test-smells/repositories/undici/test/node-test/agent.js,Unknown Test,"{'column': 0, 'line': 355}","  353 | })
  354 |
> 355 | test('agent factory supports string parameter', async (t) => {
  356 |   const p = tspl(t, { plan: 2 })
  357 |
  358 |   const noopHandler = {"
/home/gabriel/Disk/Research/research-javascript-test-smells/repositories/undici/test/node-test/agent.js,Unknown Test,"{'column': 0, 'line': 393}","  391 | })
  392 |
> 393 | test('with globalAgent', async t => {
  394 |   const p = tspl(t, { plan: 6 })
  395 |   const wanted = 'payload'
  396 |"
/home/gabriel/Disk/Research/research-javascript-test-smells/repositories/undici/test/node-test/agent.js,Unknown Test,"{'column': 0, 'line': 428}","  426 | })
  427 |
> 428 | test('with local agent', async t => {
  429 |   const p = tspl(t, { plan: 6 })
  430 |   const wanted = 'payload'
  431 |"
/home/gabriel/Disk/Research/research-javascript-test-smells/repositories/undici/test/node-test/agent.js,Unknown Test,"{'column': 0, 'line': 479}","  477 | })
  478 |
> 479 | test('with globalAgent', async t => {
  480 |   const p = tspl(t, { plan: 6 })
  481 |   const wanted = 'payload'
  482 |"
/home/gabriel/Disk/Research/research-javascript-test-smells/repositories/undici/test/node-test/agent.js,Unknown Test,"{'column': 0, 'line': 520}","  518 | })
  519 |
> 520 | test('with a local agent', async t => {
  521 |   const p = tspl(t, { plan: 6 })
  522 |   const wanted = 'payload'
  523 |"
/home/gabriel/Disk/Research/research-javascript-test-smells/repositories/undici/test/node-test/agent.js,Unknown Test,"{'column': 0, 'line': 572}","  570 | })
  571 |
> 572 | test('stream: fails with invalid URL', t => {
  573 |   const p = tspl(t, { plan: 4 })
  574 |   p.throws(() => stream(), errors.InvalidArgumentError, 'throws on missing url argument')
  575 |   p.throws(() => stream(''), errors.InvalidArgumentError, 'throws on invalid url')"
/home/gabriel/Disk/Research/research-javascript-test-smells/repositories/undici/test/node-test/agent.js,Unknown Test,"{'column': 0, 'line': 580}","  578 | })
  579 |
> 580 | test('with globalAgent', async t => {
  581 |   const p = tspl(t, { plan: 6 })
  582 |   const wanted = 'payload'
  583 |"
/home/gabriel/Disk/Research/research-javascript-test-smells/repositories/undici/test/node-test/agent.js,Unknown Test,"{'column': 0, 'line': 621}","  619 | })
  620 |
> 621 | test('with a local agent', async t => {
  622 |   const p = tspl(t, { plan: 6 })
  623 |   const wanted = 'payload'
  624 |"
/home/gabriel/Disk/Research/research-javascript-test-smells/repositories/undici/test/node-test/agent.js,Unknown Test,"{'column': 0, 'line': 664}","  662 | })
  663 |
> 664 | test('pipeline: fails with invalid URL', t => {
  665 |   const p = tspl(t, { plan: 4 })
  666 |   p.throws(() => pipeline(), errors.InvalidArgumentError, 'throws on missing url argument')
  667 |   p.throws(() => pipeline(''), errors.InvalidArgumentError, 'throws on invalid url')"
/home/gabriel/Disk/Research/research-javascript-test-smells/repositories/undici/test/node-test/agent.js,Unknown Test,"{'column': 0, 'line': 672}","  670 | })
  671 |
> 672 | test('pipeline: fails with invalid onInfo', async (t) => {
  673 |   const p = tspl(t, { plan: 2 })
  674 |   pipeline({ origin: 'http://localhost', path: '/', onInfo: 'foo' }, () => {}).on('error', (err) => {
  675 |     p.ok(err instanceof errors.InvalidArgumentError)"
/home/gabriel/Disk/Research/research-javascript-test-smells/repositories/undici/test/node-test/agent.js,Unknown Test,"{'column': 0, 'line': 701}","  699 | })
  700 |
> 701 | test('constructor validations', t => {
  702 |   const p = tspl(t, { plan: 3 })
  703 |   p.throws(() => new Agent({ factory: 'ASD' }), errors.InvalidArgumentError, 'throws on invalid opts argument')
  704 |   p.throws(() => new Agent({ maxOrigins: -1 }), errors.InvalidArgumentError, 'maxOrigins must be a number greater than 0')"
/home/gabriel/Disk/Research/research-javascript-test-smells/repositories/undici/test/node-test/agent.js,Unknown Test,"{'column': 0, 'line': 708}","  706 | })
  707 |
> 708 | test('dispatch validations', async t => {
  709 |   const dispatcher = new Agent()
  710 |
  711 |   const noopHandler = {"
/home/gabriel/Disk/Research/research-javascript-test-smells/repositories/undici/test/node-test/agent.js,Unknown Test,"{'column': 0, 'line': 746}","  744 | })
  745 |
> 746 | test('drain', async t => {
  747 |   const p = tspl(t, { plan: 2 })
  748 |
  749 |   const dispatcher = new Agent({"
/home/gabriel/Disk/Research/research-javascript-test-smells/repositories/undici/test/node-test/agent.js,Unknown Test,"{'column': 0, 'line': 786}","  784 | })
  785 |
> 786 | test('global api', async t => {
  787 |   const p = tspl(t, { plan: 6 * 2 })
  788 |
  789 |   const server = http.createServer({ joinDuplicateHeaders: true }, (req, res) => {"
/home/gabriel/Disk/Research/research-javascript-test-smells/repositories/undici/test/node-test/agent.js,Unknown Test,"{'column': 0, 'line': 825}","  823 | })
  824 |
> 825 | test('unreachable request rejects and can be caught', async t => {
  826 |   const p = tspl(t, { plan: 1 })
  827 |
  828 |   request('https://thisis.not/avalid/url').catch(() => {"
/home/gabriel/Disk/Research/research-javascript-test-smells/repositories/undici/test/node-test/agent.js,Unknown Test,"{'column': 0, 'line': 835}","  833 | })
  834 |
> 835 | test('connect is not valid', t => {
  836 |   const p = tspl(t, { plan: 1 })
  837 |
  838 |   p.throws(() => new Agent({ connect: false }), errors.InvalidArgumentError, 'connect must be a function or an object')"
/home/gabriel/Disk/Research/research-javascript-test-smells/repositories/undici/test/node-test/agent.js,Unknown Test,"{'column': 0, 'line': 851}","  849 | })
  850 |
> 851 | test('stats', async t => {
  852 |   const p = tspl(t, { plan: 7 })
  853 |   const wanted = 'payload'
  854 |"
/home/gabriel/Disk/Research/research-javascript-test-smells/repositories/undici/test/node-fetch/response.js,Assertion Roulette,"{'column': 6, 'line': 99}","   97 |       })
   98 |       const result = await res.blob()
>  99 |       assert.ok(result instanceof Blob)
      |      ^ Assertion Roulette
  100 |       assert.strictEqual(result.size, 3)
  101 |       assert.strictEqual(result.type, 'text/plain')
  102 |     })"
/home/gabriel/Disk/Research/research-javascript-test-smells/repositories/undici/test/node-fetch/response.js,Assertion Roulette,"{'column': 6, 'line': 100}","   98 |       const result = await res.blob()
   99 |       assert.ok(result instanceof Blob)
> 100 |       assert.strictEqual(result.size, 3)
      |      ^ Assertion Roulette
  101 |       assert.strictEqual(result.type, 'text/plain')
  102 |     })
  103 |   }"
/home/gabriel/Disk/Research/research-javascript-test-smells/repositories/undici/test/node-fetch/response.js,Assertion Roulette,"{'column': 6, 'line': 101}","   99 |       assert.ok(result instanceof Blob)
  100 |       assert.strictEqual(result.size, 3)
> 101 |       assert.strictEqual(result.type, 'text/plain')
      |      ^ Assertion Roulette
  102 |     })
  103 |   }
  104 |"
/home/gabriel/Disk/Research/research-javascript-test-smells/repositories/undici/test/node-fetch/response.js,Assertion Roulette,"{'column': 4, 'line': 115}","  113 |     })
  114 |     const cl = res.clone()
> 115 |     assert.strictEqual(cl.headers.get('a'), '1')
      |    ^ Assertion Roulette
  116 |     assert.strictEqual(cl.type, 'default')
  117 |     assert.strictEqual(cl.status, 346)
  118 |     assert.strictEqual(cl.statusText, 'production')"
/home/gabriel/Disk/Research/research-javascript-test-smells/repositories/undici/test/node-fetch/response.js,Assertion Roulette,"{'column': 4, 'line': 116}","  114 |     const cl = res.clone()
  115 |     assert.strictEqual(cl.headers.get('a'), '1')
> 116 |     assert.strictEqual(cl.type, 'default')
      |    ^ Assertion Roulette
  117 |     assert.strictEqual(cl.status, 346)
  118 |     assert.strictEqual(cl.statusText, 'production')
  119 |     assert.strictEqual(cl.ok, false)"
/home/gabriel/Disk/Research/research-javascript-test-smells/repositories/undici/test/node-fetch/response.js,Assertion Roulette,"{'column': 4, 'line': 117}","  115 |     assert.strictEqual(cl.headers.get('a'), '1')
  116 |     assert.strictEqual(cl.type, 'default')
> 117 |     assert.strictEqual(cl.status, 346)
      |    ^ Assertion Roulette
  118 |     assert.strictEqual(cl.statusText, 'production')
  119 |     assert.strictEqual(cl.ok, false)
  120 |     // Clone body shouldn't be the same body"
/home/gabriel/Disk/Research/research-javascript-test-smells/repositories/undici/test/node-fetch/response.js,Assertion Roulette,"{'column': 4, 'line': 118}","  116 |     assert.strictEqual(cl.type, 'default')
  117 |     assert.strictEqual(cl.status, 346)
> 118 |     assert.strictEqual(cl.statusText, 'production')
      |    ^ Assertion Roulette
  119 |     assert.strictEqual(cl.ok, false)
  120 |     // Clone body shouldn't be the same body
  121 |     assert.notStrictEqual(cl.body, body)"
/home/gabriel/Disk/Research/research-javascript-test-smells/repositories/undici/test/node-fetch/response.js,Assertion Roulette,"{'column': 4, 'line': 119}","  117 |     assert.strictEqual(cl.status, 346)
  118 |     assert.strictEqual(cl.statusText, 'production')
> 119 |     assert.strictEqual(cl.ok, false)
      |    ^ Assertion Roulette
  120 |     // Clone body shouldn't be the same body
  121 |     assert.notStrictEqual(cl.body, body)
  122 |     return Promise.all([cl.text(), res.text()]).then(results => {"
/home/gabriel/Disk/Research/research-javascript-test-smells/repositories/undici/test/node-fetch/response.js,Assertion Roulette,"{'column': 6, 'line': 123}","  121 |     assert.notStrictEqual(cl.body, body)
  122 |     return Promise.all([cl.text(), res.text()]).then(results => {
> 123 |       assert.strictEqual(results[0], 'a=1')
      |      ^ Assertion Roulette
  124 |       assert.strictEqual(results[1], 'a=1')
  125 |     })
  126 |   })"
/home/gabriel/Disk/Research/research-javascript-test-smells/repositories/undici/test/node-fetch/response.js,Assertion Roulette,"{'column': 6, 'line': 124}","  122 |     return Promise.all([cl.text(), res.text()]).then(results => {
  123 |       assert.strictEqual(results[0], 'a=1')
> 124 |       assert.strictEqual(results[1], 'a=1')
      |      ^ Assertion Roulette
  125 |     })
  126 |   })
  127 |"
/home/gabriel/Disk/Research/research-javascript-test-smells/repositories/undici/test/node-fetch/response.js,Assertion Roulette,"{'column': 4, 'line': 202}","  200 |   it('should default to null as body', () => {
  201 |     const res = new Response()
> 202 |     assert.strictEqual(res.body, null)
      |    ^ Assertion Roulette
  203 |
  204 |     return res.text().then(result => assert.strictEqual(result, ''))
  205 |   })"
/home/gabriel/Disk/Research/research-javascript-test-smells/repositories/undici/test/node-fetch/response.js,Assertion Roulette,"{'column': 37, 'line': 204}","  202 |     assert.strictEqual(res.body, null)
  203 |
> 204 |     return res.text().then(result => assert.strictEqual(result, ''))
      |                                     ^ Assertion Roulette
  205 |   })
  206 |
  207 |   it('should default to 200 as status code', () => {"
/home/gabriel/Disk/Research/research-javascript-test-smells/repositories/undici/test/node-fetch/response.js,Assertion Roulette,"{'column': 4, 'line': 219}","  217 |   it('should support error() static method', () => {
  218 |     const res = Response.error()
> 219 |     assert.ok(res instanceof Response)
      |    ^ Assertion Roulette
  220 |     assert.strictEqual(res.status, 0)
  221 |     assert.strictEqual(res.statusText, '')
  222 |     assert.strictEqual(res.type, 'error')"
/home/gabriel/Disk/Research/research-javascript-test-smells/repositories/undici/test/node-fetch/response.js,Assertion Roulette,"{'column': 4, 'line': 220}","  218 |     const res = Response.error()
  219 |     assert.ok(res instanceof Response)
> 220 |     assert.strictEqual(res.status, 0)
      |    ^ Assertion Roulette
  221 |     assert.strictEqual(res.statusText, '')
  222 |     assert.strictEqual(res.type, 'error')
  223 |   })"
/home/gabriel/Disk/Research/research-javascript-test-smells/repositories/undici/test/node-fetch/response.js,Assertion Roulette,"{'column': 4, 'line': 221}","  219 |     assert.ok(res instanceof Response)
  220 |     assert.strictEqual(res.status, 0)
> 221 |     assert.strictEqual(res.statusText, '')
      |    ^ Assertion Roulette
  222 |     assert.strictEqual(res.type, 'error')
  223 |   })
  224 |"
/home/gabriel/Disk/Research/research-javascript-test-smells/repositories/undici/test/node-fetch/response.js,Assertion Roulette,"{'column': 4, 'line': 222}","  220 |     assert.strictEqual(res.status, 0)
  221 |     assert.strictEqual(res.statusText, '')
> 222 |     assert.strictEqual(res.type, 'error')
      |    ^ Assertion Roulette
  223 |   })
  224 |
  225 |   it('should support undefined status', () => {"
/home/gabriel/Disk/Research/research-javascript-test-smells/repositories/undici/test/node-fetch/response.js,Conditional Test Logic,"{'line': 23, 'column': 4, 'index': 547}","  21 |     const res = new Response()
  22 |     const enumerableProperties = []
> 23 |     for (const property in res) {
     |    ^ Conditional Test Logic
  24 |       enumerableProperties.push(property)
  25 |     }
  26 |"
/home/gabriel/Disk/Research/research-javascript-test-smells/repositories/undici/test/node-fetch/response.js,Conditional Test Logic,"{'line': 27, 'column': 4, 'index': 630}","  25 |     }
  26 |
> 27 |     for (const toCheck of [
     |    ^ Conditional Test Logic
  28 |       'body',
  29 |       'bodyUsed',
  30 |       'arrayBuffer',"
/home/gabriel/Disk/Research/research-javascript-test-smells/repositories/undici/test/node-fetch/response.js,Conditional Test Logic,"{'line': 46, 'column': 4, 'index': 951}","  44 |     }
  45 |
> 46 |     for (const toCheck of [
     |    ^ Conditional Test Logic
  47 |       'body',
  48 |       'bodyUsed',
  49 |       'type',"
/home/gabriel/Disk/Research/research-javascript-test-smells/repositories/undici/test/node-fetch/response.js,Conditional Test Logic,"{'line': 90, 'column': 2, 'index': 2016}","  88 |   })
  89 |
> 90 |   if (Blob) {
     |  ^ Conditional Test Logic
  91 |     it('should support blob() method', async () => {
  92 |       const res = new Response('a=1', {
  93 |         method: 'POST',"
/home/gabriel/Disk/Research/research-javascript-test-smells/repositories/undici/test/node-fetch/response.js,Magic Number,"{'line': 100, 'column': 38, 'index': 2338}","   98 |       const result = await res.blob()
   99 |       assert.ok(result instanceof Blob)
> 100 |       assert.strictEqual(result.size, 3)
      |                                      ^ Magic Number
  101 |       assert.strictEqual(result.type, 'text/plain')
  102 |     })
  103 |   }"
/home/gabriel/Disk/Research/research-javascript-test-smells/repositories/undici/test/node-fetch/response.js,Magic Number,"{'line': 117, 'column': 34, 'index': 2784}","  115 |     assert.strictEqual(cl.headers.get('a'), '1')
  116 |     assert.strictEqual(cl.type, 'default')
> 117 |     assert.strictEqual(cl.status, 346)
      |                                  ^ Magic Number
  118 |     assert.strictEqual(cl.statusText, 'production')
  119 |     assert.strictEqual(cl.ok, false)
  120 |     // Clone body shouldn't be the same body"
/home/gabriel/Disk/Research/research-javascript-test-smells/repositories/undici/test/node-fetch/response.js,Magic Number,"{'line': 209, 'column': 35, 'index': 5570}","  207 |   it('should default to 200 as status code', () => {
  208 |     const res = new Response(null)
> 209 |     assert.strictEqual(res.status, 200)
      |                                   ^ Magic Number
  210 |   })
  211 |
  212 |   it('should default to empty string as url', () => {"
/home/gabriel/Disk/Research/research-javascript-test-smells/repositories/undici/test/node-fetch/response.js,Magic Number,"{'line': 220, 'column': 35, 'index': 5868}","  218 |     const res = Response.error()
  219 |     assert.ok(res instanceof Response)
> 220 |     assert.strictEqual(res.status, 0)
      |                                   ^ Magic Number
  221 |     assert.strictEqual(res.statusText, '')
  222 |     assert.strictEqual(res.type, 'error')
  223 |   })"
/home/gabriel/Disk/Research/research-javascript-test-smells/repositories/undici/test/node-fetch/response.js,Magic Number,"{'line': 227, 'column': 35, 'index': 6103}","  225 |   it('should support undefined status', () => {
  226 |     const res = new Response(null, { status: undefined })
> 227 |     assert.strictEqual(res.status, 200)
      |                                   ^ Magic Number
  228 |   })
  229 |
  230 |   it('should support undefined statusText', () => {"
/home/gabriel/Disk/Research/research-javascript-test-smells/repositories/undici/test/node-fetch/request.js,Assertion Roulette,"{'column': 4, 'line': 123}","  121 |   it('should default to null as body', () => {
  122 |     const request = new Request(base)
> 123 |     assert.strictEqual(request.body, null)
      |    ^ Assertion Roulette
  124 |     return request.text().then(result => assert.strictEqual(result, ''))
  125 |   })
  126 |"
/home/gabriel/Disk/Research/research-javascript-test-smells/repositories/undici/test/node-fetch/request.js,Assertion Roulette,"{'column': 41, 'line': 124}","  122 |     const request = new Request(base)
  123 |     assert.strictEqual(request.body, null)
> 124 |     return request.text().then(result => assert.strictEqual(result, ''))
      |                                         ^ Assertion Roulette
  125 |   })
  126 |
  127 |   it('should support parsing headers', () => {"
/home/gabriel/Disk/Research/research-javascript-test-smells/repositories/undici/test/node-fetch/request.js,Assertion Roulette,"{'column': 4, 'line': 134}","  132 |       }
  133 |     })
> 134 |     assert.strictEqual(request.url, url)
      |    ^ Assertion Roulette
  135 |     assert.strictEqual(request.headers.get('a'), '1')
  136 |   })
  137 |"
/home/gabriel/Disk/Research/research-javascript-test-smells/repositories/undici/test/node-fetch/request.js,Assertion Roulette,"{'column': 4, 'line': 135}","  133 |     })
  134 |     assert.strictEqual(request.url, url)
> 135 |     assert.strictEqual(request.headers.get('a'), '1')
      |    ^ Assertion Roulette
  136 |   })
  137 |
  138 |   it('should support arrayBuffer() method', () => {"
/home/gabriel/Disk/Research/research-javascript-test-smells/repositories/undici/test/node-fetch/request.js,Assertion Roulette,"{'column': 4, 'line': 144}","  142 |       body: 'a=1'
  143 |     })
> 144 |     assert.strictEqual(request.url, url)
      |    ^ Assertion Roulette
  145 |     return request.arrayBuffer().then(result => {
  146 |       assert.ok(result instanceof ArrayBuffer)
  147 |       const string = String.fromCharCode.apply(null, new Uint8Array(result))"
/home/gabriel/Disk/Research/research-javascript-test-smells/repositories/undici/test/node-fetch/request.js,Assertion Roulette,"{'column': 6, 'line': 146}","  144 |     assert.strictEqual(request.url, url)
  145 |     return request.arrayBuffer().then(result => {
> 146 |       assert.ok(result instanceof ArrayBuffer)
      |      ^ Assertion Roulette
  147 |       const string = String.fromCharCode.apply(null, new Uint8Array(result))
  148 |       assert.strictEqual(string, 'a=1')
  149 |     })"
/home/gabriel/Disk/Research/research-javascript-test-smells/repositories/undici/test/node-fetch/request.js,Assertion Roulette,"{'column': 6, 'line': 148}","  146 |       assert.ok(result instanceof ArrayBuffer)
  147 |       const string = String.fromCharCode.apply(null, new Uint8Array(result))
> 148 |       assert.strictEqual(string, 'a=1')
      |      ^ Assertion Roulette
  149 |     })
  150 |   })
  151 |"
/home/gabriel/Disk/Research/research-javascript-test-smells/repositories/undici/test/node-fetch/request.js,Assertion Roulette,"{'column': 4, 'line': 158}","  156 |       body: 'a=1'
  157 |     })
> 158 |     assert.strictEqual(request.url, url)
      |    ^ Assertion Roulette
  159 |     return request.text().then(result => {
  160 |       assert.strictEqual(result, 'a=1')
  161 |     })"
/home/gabriel/Disk/Research/research-javascript-test-smells/repositories/undici/test/node-fetch/request.js,Assertion Roulette,"{'column': 6, 'line': 160}","  158 |     assert.strictEqual(request.url, url)
  159 |     return request.text().then(result => {
> 160 |       assert.strictEqual(result, 'a=1')
      |      ^ Assertion Roulette
  161 |     })
  162 |   })
  163 |"
/home/gabriel/Disk/Research/research-javascript-test-smells/repositories/undici/test/node-fetch/request.js,Assertion Roulette,"{'column': 4, 'line': 170}","  168 |       body: '{""a"":1}'
  169 |     })
> 170 |     assert.strictEqual(request.url, url)
      |    ^ Assertion Roulette
  171 |     return request.json().then(result => {
  172 |       assert.strictEqual(result.a, 1)
  173 |     })"
/home/gabriel/Disk/Research/research-javascript-test-smells/repositories/undici/test/node-fetch/request.js,Assertion Roulette,"{'column': 6, 'line': 172}","  170 |     assert.strictEqual(request.url, url)
  171 |     return request.json().then(result => {
> 172 |       assert.strictEqual(result.a, 1)
      |      ^ Assertion Roulette
  173 |     })
  174 |   })
  175 |"
/home/gabriel/Disk/Research/research-javascript-test-smells/repositories/undici/test/node-fetch/request.js,Assertion Roulette,"{'column': 4, 'line': 182}","  180 |       body: Buffer.from('a=1')
  181 |     })
> 182 |     assert.strictEqual(request.url, url)
      |    ^ Assertion Roulette
  183 |     return request.blob().then(result => {
  184 |       assert.ok(result instanceof Blob)
  185 |       assert.strictEqual(result.size, 3)"
/home/gabriel/Disk/Research/research-javascript-test-smells/repositories/undici/test/node-fetch/request.js,Assertion Roulette,"{'column': 6, 'line': 184}","  182 |     assert.strictEqual(request.url, url)
  183 |     return request.blob().then(result => {
> 184 |       assert.ok(result instanceof Blob)
      |      ^ Assertion Roulette
  185 |       assert.strictEqual(result.size, 3)
  186 |       assert.strictEqual(result.type, '')
  187 |     })"
/home/gabriel/Disk/Research/research-javascript-test-smells/repositories/undici/test/node-fetch/request.js,Assertion Roulette,"{'column': 6, 'line': 185}","  183 |     return request.blob().then(result => {
  184 |       assert.ok(result instanceof Blob)
> 185 |       assert.strictEqual(result.size, 3)
      |      ^ Assertion Roulette
  186 |       assert.strictEqual(result.type, '')
  187 |     })
  188 |   })"
/home/gabriel/Disk/Research/research-javascript-test-smells/repositories/undici/test/node-fetch/request.js,Assertion Roulette,"{'column': 6, 'line': 186}","  184 |       assert.ok(result instanceof Blob)
  185 |       assert.strictEqual(result.size, 3)
> 186 |       assert.strictEqual(result.type, '')
      |      ^ Assertion Roulette
  187 |     })
  188 |   })
  189 |"
/home/gabriel/Disk/Research/research-javascript-test-smells/repositories/undici/test/node-fetch/request.js,Assertion Roulette,"{'column': 4, 'line': 209}","  207 |     })
  208 |     const cl = request.clone()
> 209 |     assert.strictEqual(cl.url, url)
      |    ^ Assertion Roulette
  210 |     assert.strictEqual(cl.method, 'POST')
  211 |     assert.strictEqual(cl.redirect, 'manual')
  212 |     assert.strictEqual(cl.headers.get('b'), '2')"
/home/gabriel/Disk/Research/research-javascript-test-smells/repositories/undici/test/node-fetch/request.js,Assertion Roulette,"{'column': 4, 'line': 210}","  208 |     const cl = request.clone()
  209 |     assert.strictEqual(cl.url, url)
> 210 |     assert.strictEqual(cl.method, 'POST')
      |    ^ Assertion Roulette
  211 |     assert.strictEqual(cl.redirect, 'manual')
  212 |     assert.strictEqual(cl.headers.get('b'), '2')
  213 |     assert.strictEqual(cl.method, 'POST')"
/home/gabriel/Disk/Research/research-javascript-test-smells/repositories/undici/test/node-fetch/request.js,Assertion Roulette,"{'column': 4, 'line': 211}","  209 |     assert.strictEqual(cl.url, url)
  210 |     assert.strictEqual(cl.method, 'POST')
> 211 |     assert.strictEqual(cl.redirect, 'manual')
      |    ^ Assertion Roulette
  212 |     assert.strictEqual(cl.headers.get('b'), '2')
  213 |     assert.strictEqual(cl.method, 'POST')
  214 |     // Clone body shouldn't be the same body"
/home/gabriel/Disk/Research/research-javascript-test-smells/repositories/undici/test/node-fetch/request.js,Assertion Roulette,"{'column': 4, 'line': 212}","  210 |     assert.strictEqual(cl.method, 'POST')
  211 |     assert.strictEqual(cl.redirect, 'manual')
> 212 |     assert.strictEqual(cl.headers.get('b'), '2')
      |    ^ Assertion Roulette
  213 |     assert.strictEqual(cl.method, 'POST')
  214 |     // Clone body shouldn't be the same body
  215 |     assert.notDeepEqual(cl.body, body)"
/home/gabriel/Disk/Research/research-javascript-test-smells/repositories/undici/test/node-fetch/request.js,Assertion Roulette,"{'column': 4, 'line': 213}","  211 |     assert.strictEqual(cl.redirect, 'manual')
  212 |     assert.strictEqual(cl.headers.get('b'), '2')
> 213 |     assert.strictEqual(cl.method, 'POST')
      |    ^ Assertion Roulette
  214 |     // Clone body shouldn't be the same body
  215 |     assert.notDeepEqual(cl.body, body)
  216 |     return Promise.all([cl.text(), request.text()]).then(results => {"
/home/gabriel/Disk/Research/research-javascript-test-smells/repositories/undici/test/node-fetch/request.js,Assertion Roulette,"{'column': 4, 'line': 215}","  213 |     assert.strictEqual(cl.method, 'POST')
  214 |     // Clone body shouldn't be the same body
> 215 |     assert.notDeepEqual(cl.body, body)
      |    ^ Assertion Roulette
  216 |     return Promise.all([cl.text(), request.text()]).then(results => {
  217 |       assert.strictEqual(results[0], 'a=1')
  218 |       assert.strictEqual(results[1], 'a=1')"
/home/gabriel/Disk/Research/research-javascript-test-smells/repositories/undici/test/node-fetch/request.js,Assertion Roulette,"{'column': 6, 'line': 217}","  215 |     assert.notDeepEqual(cl.body, body)
  216 |     return Promise.all([cl.text(), request.text()]).then(results => {
> 217 |       assert.strictEqual(results[0], 'a=1')
      |      ^ Assertion Roulette
  218 |       assert.strictEqual(results[1], 'a=1')
  219 |     })
  220 |   })"
/home/gabriel/Disk/Research/research-javascript-test-smells/repositories/undici/test/node-fetch/request.js,Assertion Roulette,"{'column': 6, 'line': 218}","  216 |     return Promise.all([cl.text(), request.text()]).then(results => {
  217 |       assert.strictEqual(results[0], 'a=1')
> 218 |       assert.strictEqual(results[1], 'a=1')
      |      ^ Assertion Roulette
  219 |     })
  220 |   })
  221 |"
/home/gabriel/Disk/Research/research-javascript-test-smells/repositories/undici/test/node-fetch/request.js,Conditional Test Logic,"{'line': 27, 'column': 4, 'index': 677}","  25 |     const request = new Request('http://github.com/')
  26 |     const enumerableProperties = []
> 27 |     for (const property in request) {
     |    ^ Conditional Test Logic
  28 |       enumerableProperties.push(property)
  29 |     }
  30 |"
/home/gabriel/Disk/Research/research-javascript-test-smells/repositories/undici/test/node-fetch/request.js,Conditional Test Logic,"{'line': 31, 'column': 4, 'index': 764}","  29 |     }
  30 |
> 31 |     for (const toCheck of [
     |    ^ Conditional Test Logic
  32 |       'body',
  33 |       'bodyUsed',
  34 |       'arrayBuffer',"
/home/gabriel/Disk/Research/research-javascript-test-smells/repositories/undici/test/node-fetch/request.js,Conditional Test Logic,"{'line': 48, 'column': 4, 'index': 1053}","  46 |     }
  47 |
> 48 |     for (const toCheck of [
     |    ^ Conditional Test Logic
  49 |       'body', 'bodyUsed', 'method', 'url', 'headers', 'redirect', 'signal'
  50 |     ]) {
  51 |       assert.throws(() => {"
/home/gabriel/Disk/Research/research-javascript-test-smells/repositories/undici/test/node-fetch/request.js,Duplicate Assert,"{'line': 210, 'column': 4, 'index': 6592}","  208 |     const cl = request.clone()
  209 |     assert.strictEqual(cl.url, url)
> 210 |     assert.strictEqual(cl.method, 'POST')
      |    ^ Duplicate Assert
  211 |     assert.strictEqual(cl.redirect, 'manual')
  212 |     assert.strictEqual(cl.headers.get('b'), '2')
  213 |     assert.strictEqual(cl.method, 'POST')"
/home/gabriel/Disk/Research/research-javascript-test-smells/repositories/undici/test/node-fetch/request.js,Duplicate Assert,"{'line': 213, 'column': 4, 'index': 6729}","  211 |     assert.strictEqual(cl.redirect, 'manual')
  212 |     assert.strictEqual(cl.headers.get('b'), '2')
> 213 |     assert.strictEqual(cl.method, 'POST')
      |    ^ Duplicate Assert
  214 |     // Clone body shouldn't be the same body
  215 |     assert.notDeepEqual(cl.body, body)
  216 |     return Promise.all([cl.text(), request.text()]).then(results => {"
/home/gabriel/Disk/Research/research-javascript-test-smells/repositories/undici/test/node-fetch/request.js,Ignored Test,"{'line': 57, 'column': 5, 'index': 1335}","  55 |   })
  56 |
> 57 |   it.skip('should support wrapping Request instance', () => {
     |     ^ Ignored Test
  58 |     const url = `${base}hello`
  59 |
  60 |     const form = new FormData()"
/home/gabriel/Disk/Research/research-javascript-test-smells/repositories/undici/test/node-fetch/request.js,Ignored Test,"{'line': 85, 'column': 5, 'index': 2084}","  83 |   })
  84 |
> 85 |   it.skip('should override signal on derived Request instances', () => {
     |     ^ Ignored Test
  86 |     const parentAbortController = new AbortController()
  87 |     const derivedAbortController = new AbortController()
  88 |     const parentRequest = new Request(`${base}hello`, {"
/home/gabriel/Disk/Research/research-javascript-test-smells/repositories/undici/test/node-fetch/request.js,Ignored Test,"{'line': 98, 'column': 5, 'index': 2641}","   96 |   })
   97 |
>  98 |   it.skip('should allow removing signal on derived Request instances', () => {
      |     ^ Ignored Test
   99 |     const parentAbortController = new AbortController()
  100 |     const parentRequest = new Request(`${base}hello`, {
  101 |       signal: parentAbortController.signal"
/home/gabriel/Disk/Research/research-javascript-test-smells/repositories/undici/test/node-fetch/request.js,Magic Number,"{'line': 172, 'column': 35, 'index': 5693}","  170 |     assert.strictEqual(request.url, url)
  171 |     return request.json().then(result => {
> 172 |       assert.strictEqual(result.a, 1)
      |                                   ^ Magic Number
  173 |     })
  174 |   })
  175 |"
/home/gabriel/Disk/Research/research-javascript-test-smells/repositories/undici/test/node-fetch/request.js,Magic Number,"{'line': 185, 'column': 38, 'index': 6036}","  183 |     return request.blob().then(result => {
  184 |       assert.ok(result instanceof Blob)
> 185 |       assert.strictEqual(result.size, 3)
      |                                      ^ Magic Number
  186 |       assert.strictEqual(result.type, '')
  187 |     })
  188 |   })"
/home/gabriel/Disk/Research/research-javascript-test-smells/repositories/undici/test/node-fetch/mock.js,Assertion Roulette,"{'column': 4, 'line': 32}","  30 |     })
  31 |
> 32 |     assert.strictEqual(res.status, 200)
     |    ^ Assertion Roulette
  33 |     assert.deepStrictEqual(await res.json(), { success: true })
  34 |   })
  35 |"
/home/gabriel/Disk/Research/research-javascript-test-smells/repositories/undici/test/node-fetch/mock.js,Assertion Roulette,"{'column': 4, 'line': 33}","  31 |
  32 |     assert.strictEqual(res.status, 200)
> 33 |     assert.deepStrictEqual(await res.json(), { success: true })
     |    ^ Assertion Roulette
  34 |   })
  35 |
  36 |   it('should match the body', async () => {"
/home/gabriel/Disk/Research/research-javascript-test-smells/repositories/undici/test/node-fetch/mock.js,Assertion Roulette,"{'column': 4, 'line': 57}","  55 |     })
  56 |
> 57 |     assert.strictEqual(res.status, 200)
     |    ^ Assertion Roulette
  58 |     assert.deepStrictEqual(await res.json(), { success: true })
  59 |   })
  60 |"
/home/gabriel/Disk/Research/research-javascript-test-smells/repositories/undici/test/node-fetch/mock.js,Assertion Roulette,"{'column': 4, 'line': 58}","  56 |
  57 |     assert.strictEqual(res.status, 200)
> 58 |     assert.deepStrictEqual(await res.json(), { success: true })
     |    ^ Assertion Roulette
  59 |   })
  60 |
  61 |   it('should match the headers', async () => {"
/home/gabriel/Disk/Research/research-javascript-test-smells/repositories/undici/test/node-fetch/mock.js,Assertion Roulette,"{'column': 4, 'line': 82}","  80 |     })
  81 |
> 82 |     assert.strictEqual(res.status, 200)
     |    ^ Assertion Roulette
  83 |     assert.deepStrictEqual(await res.json(), { success: true })
  84 |   })
  85 |"
/home/gabriel/Disk/Research/research-javascript-test-smells/repositories/undici/test/node-fetch/mock.js,Assertion Roulette,"{'column': 4, 'line': 83}","  81 |
  82 |     assert.strictEqual(res.status, 200)
> 83 |     assert.deepStrictEqual(await res.json(), { success: true })
     |    ^ Assertion Roulette
  84 |   })
  85 |
  86 |   it('should match the headers with a matching function', async () => {"
/home/gabriel/Disk/Research/research-javascript-test-smells/repositories/undici/test/node-fetch/mock.js,Assertion Roulette,"{'column': 10, 'line': 96}","  94 |         method: 'GET',
  95 |         headers (headers) {
> 96 |           assert.strictEqual(typeof headers, 'object')
     |          ^ Assertion Roulette
  97 |           assert.strictEqual(headers['user-agent'], 'undici')
  98 |           return true
  99 |         }"
/home/gabriel/Disk/Research/research-javascript-test-smells/repositories/undici/test/node-fetch/mock.js,Assertion Roulette,"{'column': 10, 'line': 97}","   95 |         headers (headers) {
   96 |           assert.strictEqual(typeof headers, 'object')
>  97 |           assert.strictEqual(headers['user-agent'], 'undici')
      |          ^ Assertion Roulette
   98 |           return true
   99 |         }
  100 |       })"
/home/gabriel/Disk/Research/research-javascript-test-smells/repositories/undici/test/node-fetch/mock.js,Assertion Roulette,"{'column': 4, 'line': 109}","  107 |     })
  108 |
> 109 |     assert.strictEqual(res.status, 200)
      |    ^ Assertion Roulette
  110 |     assert.deepStrictEqual(await res.json(), { success: true })
  111 |   })
  112 | })"
/home/gabriel/Disk/Research/research-javascript-test-smells/repositories/undici/test/node-fetch/mock.js,Assertion Roulette,"{'column': 4, 'line': 110}","  108 |
  109 |     assert.strictEqual(res.status, 200)
> 110 |     assert.deepStrictEqual(await res.json(), { success: true })
      |    ^ Assertion Roulette
  111 |   })
  112 | })
  113 |"
/home/gabriel/Disk/Research/research-javascript-test-smells/repositories/undici/test/node-fetch/mock.js,Magic Number,"{'line': 32, 'column': 35, 'index': 694}","  30 |     })
  31 |
> 32 |     assert.strictEqual(res.status, 200)
     |                                   ^ Magic Number
  33 |     assert.deepStrictEqual(await res.json(), { success: true })
  34 |   })
  35 |"
/home/gabriel/Disk/Research/research-javascript-test-smells/repositories/undici/test/node-fetch/mock.js,Magic Number,"{'line': 57, 'column': 35, 'index': 1321}","  55 |     })
  56 |
> 57 |     assert.strictEqual(res.status, 200)
     |                                   ^ Magic Number
  58 |     assert.deepStrictEqual(await res.json(), { success: true })
  59 |   })
  60 |"
/home/gabriel/Disk/Research/research-javascript-test-smells/repositories/undici/test/node-fetch/mock.js,Magic Number,"{'line': 82, 'column': 35, 'index': 1980}","  80 |     })
  81 |
> 82 |     assert.strictEqual(res.status, 200)
     |                                   ^ Magic Number
  83 |     assert.deepStrictEqual(await res.json(), { success: true })
  84 |   })
  85 |"
/home/gabriel/Disk/Research/research-javascript-test-smells/repositories/undici/test/node-fetch/mock.js,Magic Number,"{'line': 109, 'column': 35, 'index': 2759}","  107 |     })
  108 |
> 109 |     assert.strictEqual(res.status, 200)
      |                                   ^ Magic Number
  110 |     assert.deepStrictEqual(await res.json(), { success: true })
  111 |   })
  112 | })"
/home/gabriel/Disk/Research/research-javascript-test-smells/repositories/undici/test/node-fetch/main.js,Assertion Roulette,"{'column': 4, 'line': 53}","  51 |     const url = `${base}hello`
  52 |     const p = fetch(url)
> 53 |     assert.ok(p instanceof Promise)
     |    ^ Assertion Roulette
  54 |     assert.strictEqual(typeof p.then, 'function')
  55 |   })
  56 |"
/home/gabriel/Disk/Research/research-javascript-test-smells/repositories/undici/test/node-fetch/main.js,Assertion Roulette,"{'column': 4, 'line': 54}","  52 |     const p = fetch(url)
  53 |     assert.ok(p instanceof Promise)
> 54 |     assert.strictEqual(typeof p.then, 'function')
     |    ^ Assertion Roulette
  55 |   })
  56 |
  57 |   it('should expose Headers, Response and Request constructors', () => {"
/home/gabriel/Disk/Research/research-javascript-test-smells/repositories/undici/test/node-fetch/main.js,Assertion Roulette,"{'column': 4, 'line': 58}","  56 |
  57 |   it('should expose Headers, Response and Request constructors', () => {
> 58 |     assert.strictEqual(Headers, HeadersOrig)
     |    ^ Assertion Roulette
  59 |     assert.strictEqual(Response, ResponseOrig)
  60 |     assert.strictEqual(Request, RequestOrig)
  61 |   })"
/home/gabriel/Disk/Research/research-javascript-test-smells/repositories/undici/test/node-fetch/main.js,Assertion Roulette,"{'column': 4, 'line': 59}","  57 |   it('should expose Headers, Response and Request constructors', () => {
  58 |     assert.strictEqual(Headers, HeadersOrig)
> 59 |     assert.strictEqual(Response, ResponseOrig)
     |    ^ Assertion Roulette
  60 |     assert.strictEqual(Request, RequestOrig)
  61 |   })
  62 |"
/home/gabriel/Disk/Research/research-javascript-test-smells/repositories/undici/test/node-fetch/main.js,Assertion Roulette,"{'column': 4, 'line': 60}","  58 |     assert.strictEqual(Headers, HeadersOrig)
  59 |     assert.strictEqual(Response, ResponseOrig)
> 60 |     assert.strictEqual(Request, RequestOrig)
     |    ^ Assertion Roulette
  61 |   })
  62 |
  63 |   it('should support proper toString output for Headers, Response and Request objects', () => {"
/home/gabriel/Disk/Research/research-javascript-test-smells/repositories/undici/test/node-fetch/main.js,Assertion Roulette,"{'column': 4, 'line': 64}","  62 |
  63 |   it('should support proper toString output for Headers, Response and Request objects', () => {
> 64 |     assert.strictEqual(new Headers().toString(), '[object Headers]')
     |    ^ Assertion Roulette
  65 |     assert.strictEqual(new Response().toString(), '[object Response]')
  66 |     assert.strictEqual(new Request(base).toString(), '[object Request]')
  67 |   })"
/home/gabriel/Disk/Research/research-javascript-test-smells/repositories/undici/test/node-fetch/main.js,Assertion Roulette,"{'column': 4, 'line': 65}","  63 |   it('should support proper toString output for Headers, Response and Request objects', () => {
  64 |     assert.strictEqual(new Headers().toString(), '[object Headers]')
> 65 |     assert.strictEqual(new Response().toString(), '[object Response]')
     |    ^ Assertion Roulette
  66 |     assert.strictEqual(new Request(base).toString(), '[object Request]')
  67 |   })
  68 |   // TODO Should we reflect the input?"
/home/gabriel/Disk/Research/research-javascript-test-smells/repositories/undici/test/node-fetch/main.js,Assertion Roulette,"{'column': 4, 'line': 66}","  64 |     assert.strictEqual(new Headers().toString(), '[object Headers]')
  65 |     assert.strictEqual(new Response().toString(), '[object Response]')
> 66 |     assert.strictEqual(new Request(base).toString(), '[object Request]')
     |    ^ Assertion Roulette
  67 |   })
  68 |   // TODO Should we reflect the input?
  69 |   it('should reject with error if url is protocol relative', () => {"
/home/gabriel/Disk/Research/research-javascript-test-smells/repositories/undici/test/node-fetch/main.js,Assertion Roulette,"{'column': 6, 'line': 93}","  91 |     const url = `${base}hello`
  92 |     return fetch(url).then(res => {
> 93 |       assert.ok(res instanceof Response)
     |      ^ Assertion Roulette
  94 |       assert.ok(res.headers instanceof Headers)
  95 |       assert.ok(res.body instanceof ReadableStream)
  96 |       assert.strictEqual(res.bodyUsed, false)"
/home/gabriel/Disk/Research/research-javascript-test-smells/repositories/undici/test/node-fetch/main.js,Assertion Roulette,"{'column': 6, 'line': 94}","  92 |     return fetch(url).then(res => {
  93 |       assert.ok(res instanceof Response)
> 94 |       assert.ok(res.headers instanceof Headers)
     |      ^ Assertion Roulette
  95 |       assert.ok(res.body instanceof ReadableStream)
  96 |       assert.strictEqual(res.bodyUsed, false)
  97 |"
/home/gabriel/Disk/Research/research-javascript-test-smells/repositories/undici/test/node-fetch/main.js,Assertion Roulette,"{'column': 6, 'line': 95}","  93 |       assert.ok(res instanceof Response)
  94 |       assert.ok(res.headers instanceof Headers)
> 95 |       assert.ok(res.body instanceof ReadableStream)
     |      ^ Assertion Roulette
  96 |       assert.strictEqual(res.bodyUsed, false)
  97 |
  98 |       assert.strictEqual(res.url, url)"
/home/gabriel/Disk/Research/research-javascript-test-smells/repositories/undici/test/node-fetch/main.js,Assertion Roulette,"{'column': 6, 'line': 96}","  94 |       assert.ok(res.headers instanceof Headers)
  95 |       assert.ok(res.body instanceof ReadableStream)
> 96 |       assert.strictEqual(res.bodyUsed, false)
     |      ^ Assertion Roulette
  97 |
  98 |       assert.strictEqual(res.url, url)
  99 |       assert.strictEqual(res.ok, true)"
/home/gabriel/Disk/Research/research-javascript-test-smells/repositories/undici/test/node-fetch/main.js,Assertion Roulette,"{'column': 6, 'line': 98}","   96 |       assert.strictEqual(res.bodyUsed, false)
   97 |
>  98 |       assert.strictEqual(res.url, url)
      |      ^ Assertion Roulette
   99 |       assert.strictEqual(res.ok, true)
  100 |       assert.strictEqual(res.status, 200)
  101 |       assert.strictEqual(res.statusText, 'OK')"
/home/gabriel/Disk/Research/research-javascript-test-smells/repositories/undici/test/node-fetch/main.js,Assertion Roulette,"{'column': 6, 'line': 99}","   97 |
   98 |       assert.strictEqual(res.url, url)
>  99 |       assert.strictEqual(res.ok, true)
      |      ^ Assertion Roulette
  100 |       assert.strictEqual(res.status, 200)
  101 |       assert.strictEqual(res.statusText, 'OK')
  102 |     })"
/home/gabriel/Disk/Research/research-javascript-test-smells/repositories/undici/test/node-fetch/main.js,Assertion Roulette,"{'column': 6, 'line': 100}","   98 |       assert.strictEqual(res.url, url)
   99 |       assert.strictEqual(res.ok, true)
> 100 |       assert.strictEqual(res.status, 200)
      |      ^ Assertion Roulette
  101 |       assert.strictEqual(res.statusText, 'OK')
  102 |     })
  103 |   })"
/home/gabriel/Disk/Research/research-javascript-test-smells/repositories/undici/test/node-fetch/main.js,Assertion Roulette,"{'column': 6, 'line': 101}","   99 |       assert.strictEqual(res.ok, true)
  100 |       assert.strictEqual(res.status, 200)
> 101 |       assert.strictEqual(res.statusText, 'OK')
      |      ^ Assertion Roulette
  102 |     })
  103 |   })
  104 |"
/home/gabriel/Disk/Research/research-javascript-test-smells/repositories/undici/test/node-fetch/main.js,Assertion Roulette,"{'column': 4, 'line': 107}","  105 |   it('Response.redirect should resolve into response', () => {
  106 |     const res = Response.redirect('http://localhost')
> 107 |     assert.ok(res instanceof Response)
      |    ^ Assertion Roulette
  108 |     assert.ok(res.headers instanceof Headers)
  109 |     assert.strictEqual(res.headers.get('location'), 'http://localhost/')
  110 |     assert.strictEqual(res.status, 302)"
/home/gabriel/Disk/Research/research-javascript-test-smells/repositories/undici/test/node-fetch/main.js,Assertion Roulette,"{'column': 4, 'line': 108}","  106 |     const res = Response.redirect('http://localhost')
  107 |     assert.ok(res instanceof Response)
> 108 |     assert.ok(res.headers instanceof Headers)
      |    ^ Assertion Roulette
  109 |     assert.strictEqual(res.headers.get('location'), 'http://localhost/')
  110 |     assert.strictEqual(res.status, 302)
  111 |   })"
/home/gabriel/Disk/Research/research-javascript-test-smells/repositories/undici/test/node-fetch/main.js,Assertion Roulette,"{'column': 4, 'line': 109}","  107 |     assert.ok(res instanceof Response)
  108 |     assert.ok(res.headers instanceof Headers)
> 109 |     assert.strictEqual(res.headers.get('location'), 'http://localhost/')
      |    ^ Assertion Roulette
  110 |     assert.strictEqual(res.status, 302)
  111 |   })
  112 |"
/home/gabriel/Disk/Research/research-javascript-test-smells/repositories/undici/test/node-fetch/main.js,Assertion Roulette,"{'column': 4, 'line': 110}","  108 |     assert.ok(res.headers instanceof Headers)
  109 |     assert.strictEqual(res.headers.get('location'), 'http://localhost/')
> 110 |     assert.strictEqual(res.status, 302)
      |    ^ Assertion Roulette
  111 |   })
  112 |
  113 |   it('Response.redirect /w invalid url should fail', () => {"
/home/gabriel/Disk/Research/research-javascript-test-smells/repositories/undici/test/node-fetch/main.js,Assertion Roulette,"{'column': 6, 'line': 128}","  126 |     const url = `${base}plain`
  127 |     return fetch(url).then(res => {
> 128 |       assert.strictEqual(res.headers.get('content-type'), 'text/plain')
      |      ^ Assertion Roulette
  129 |       return res.text().then(result => {
  130 |         assert.strictEqual(res.bodyUsed, true)
  131 |         assert.strictEqual(typeof result, 'string')"
/home/gabriel/Disk/Research/research-javascript-test-smells/repositories/undici/test/node-fetch/main.js,Assertion Roulette,"{'column': 8, 'line': 130}","  128 |       assert.strictEqual(res.headers.get('content-type'), 'text/plain')
  129 |       return res.text().then(result => {
> 130 |         assert.strictEqual(res.bodyUsed, true)
      |        ^ Assertion Roulette
  131 |         assert.strictEqual(typeof result, 'string')
  132 |         assert.strictEqual(result, 'text')
  133 |       })"
/home/gabriel/Disk/Research/research-javascript-test-smells/repositories/undici/test/node-fetch/main.js,Assertion Roulette,"{'column': 8, 'line': 131}","  129 |       return res.text().then(result => {
  130 |         assert.strictEqual(res.bodyUsed, true)
> 131 |         assert.strictEqual(typeof result, 'string')
      |        ^ Assertion Roulette
  132 |         assert.strictEqual(result, 'text')
  133 |       })
  134 |     })"
/home/gabriel/Disk/Research/research-javascript-test-smells/repositories/undici/test/node-fetch/main.js,Assertion Roulette,"{'column': 8, 'line': 132}","  130 |         assert.strictEqual(res.bodyUsed, true)
  131 |         assert.strictEqual(typeof result, 'string')
> 132 |         assert.strictEqual(result, 'text')
      |        ^ Assertion Roulette
  133 |       })
  134 |     })
  135 |   })"
/home/gabriel/Disk/Research/research-javascript-test-smells/repositories/undici/test/node-fetch/main.js,Assertion Roulette,"{'column': 6, 'line': 140}","  138 |     const url = `${base}html`
  139 |     return fetch(url).then(res => {
> 140 |       assert.strictEqual(res.headers.get('content-type'), 'text/html')
      |      ^ Assertion Roulette
  141 |       return res.text().then(result => {
  142 |         assert.strictEqual(res.bodyUsed, true)
  143 |         assert.strictEqual(typeof result, 'string')"
/home/gabriel/Disk/Research/research-javascript-test-smells/repositories/undici/test/node-fetch/main.js,Assertion Roulette,"{'column': 8, 'line': 142}","  140 |       assert.strictEqual(res.headers.get('content-type'), 'text/html')
  141 |       return res.text().then(result => {
> 142 |         assert.strictEqual(res.bodyUsed, true)
      |        ^ Assertion Roulette
  143 |         assert.strictEqual(typeof result, 'string')
  144 |         assert.strictEqual(result, '<html></html>')
  145 |       })"
/home/gabriel/Disk/Research/research-javascript-test-smells/repositories/undici/test/node-fetch/main.js,Assertion Roulette,"{'column': 8, 'line': 143}","  141 |       return res.text().then(result => {
  142 |         assert.strictEqual(res.bodyUsed, true)
> 143 |         assert.strictEqual(typeof result, 'string')
      |        ^ Assertion Roulette
  144 |         assert.strictEqual(result, '<html></html>')
  145 |       })
  146 |     })"
/home/gabriel/Disk/Research/research-javascript-test-smells/repositories/undici/test/node-fetch/main.js,Assertion Roulette,"{'column': 8, 'line': 144}","  142 |         assert.strictEqual(res.bodyUsed, true)
  143 |         assert.strictEqual(typeof result, 'string')
> 144 |         assert.strictEqual(result, '<html></html>')
      |        ^ Assertion Roulette
  145 |       })
  146 |     })
  147 |   })"
/home/gabriel/Disk/Research/research-javascript-test-smells/repositories/undici/test/node-fetch/main.js,Assertion Roulette,"{'column': 6, 'line': 152}","  150 |     const url = `${base}json`
  151 |     return fetch(url).then(res => {
> 152 |       assert.strictEqual(res.headers.get('content-type'), 'application/json')
      |      ^ Assertion Roulette
  153 |       return res.json().then(result => {
  154 |         assert.strictEqual(res.bodyUsed, true)
  155 |         assert.strictEqual(typeof result, 'object')"
/home/gabriel/Disk/Research/research-javascript-test-smells/repositories/undici/test/node-fetch/main.js,Assertion Roulette,"{'column': 8, 'line': 154}","  152 |       assert.strictEqual(res.headers.get('content-type'), 'application/json')
  153 |       return res.json().then(result => {
> 154 |         assert.strictEqual(res.bodyUsed, true)
      |        ^ Assertion Roulette
  155 |         assert.strictEqual(typeof result, 'object')
  156 |         assert.deepStrictEqual(result, { name: 'value' })
  157 |       })"
/home/gabriel/Disk/Research/research-javascript-test-smells/repositories/undici/test/node-fetch/main.js,Assertion Roulette,"{'column': 8, 'line': 155}","  153 |       return res.json().then(result => {
  154 |         assert.strictEqual(res.bodyUsed, true)
> 155 |         assert.strictEqual(typeof result, 'object')
      |        ^ Assertion Roulette
  156 |         assert.deepStrictEqual(result, { name: 'value' })
  157 |       })
  158 |     })"
/home/gabriel/Disk/Research/research-javascript-test-smells/repositories/undici/test/node-fetch/main.js,Assertion Roulette,"{'column': 8, 'line': 156}","  154 |         assert.strictEqual(res.bodyUsed, true)
  155 |         assert.strictEqual(typeof result, 'object')
> 156 |         assert.deepStrictEqual(result, { name: 'value' })
      |        ^ Assertion Roulette
  157 |       })
  158 |     })
  159 |   })"
/home/gabriel/Disk/Research/research-javascript-test-smells/repositories/undici/test/node-fetch/main.js,Assertion Roulette,"{'column': 6, 'line': 212}","  210 |     const url = `${base}redirect/301`
  211 |     return fetch(url).then(res => {
> 212 |       assert.strictEqual(res.url, `${base}inspect`)
      |      ^ Assertion Roulette
  213 |       assert.strictEqual(res.status, 200)
  214 |       assert.strictEqual(res.ok, true)
  215 |     })"
/home/gabriel/Disk/Research/research-javascript-test-smells/repositories/undici/test/node-fetch/main.js,Assertion Roulette,"{'column': 6, 'line': 213}","  211 |     return fetch(url).then(res => {
  212 |       assert.strictEqual(res.url, `${base}inspect`)
> 213 |       assert.strictEqual(res.status, 200)
      |      ^ Assertion Roulette
  214 |       assert.strictEqual(res.ok, true)
  215 |     })
  216 |   })"
/home/gabriel/Disk/Research/research-javascript-test-smells/repositories/undici/test/node-fetch/main.js,Assertion Roulette,"{'column': 6, 'line': 214}","  212 |       assert.strictEqual(res.url, `${base}inspect`)
  213 |       assert.strictEqual(res.status, 200)
> 214 |       assert.strictEqual(res.ok, true)
      |      ^ Assertion Roulette
  215 |     })
  216 |   })
  217 |"
/home/gabriel/Disk/Research/research-javascript-test-smells/repositories/undici/test/node-fetch/main.js,Assertion Roulette,"{'column': 6, 'line': 221}","  219 |     const url = `${base}redirect/302`
  220 |     return fetch(url).then(res => {
> 221 |       assert.strictEqual(res.url, `${base}inspect`)
      |      ^ Assertion Roulette
  222 |       assert.strictEqual(res.status, 200)
  223 |     })
  224 |   })"
/home/gabriel/Disk/Research/research-javascript-test-smells/repositories/undici/test/node-fetch/main.js,Assertion Roulette,"{'column': 6, 'line': 222}","  220 |     return fetch(url).then(res => {
  221 |       assert.strictEqual(res.url, `${base}inspect`)
> 222 |       assert.strictEqual(res.status, 200)
      |      ^ Assertion Roulette
  223 |     })
  224 |   })
  225 |"
/home/gabriel/Disk/Research/research-javascript-test-smells/repositories/undici/test/node-fetch/main.js,Assertion Roulette,"{'column': 6, 'line': 229}","  227 |     const url = `${base}redirect/303`
  228 |     return fetch(url).then(res => {
> 229 |       assert.strictEqual(res.url, `${base}inspect`)
      |      ^ Assertion Roulette
  230 |       assert.strictEqual(res.status, 200)
  231 |     })
  232 |   })"
/home/gabriel/Disk/Research/research-javascript-test-smells/repositories/undici/test/node-fetch/main.js,Assertion Roulette,"{'column': 6, 'line': 230}","  228 |     return fetch(url).then(res => {
  229 |       assert.strictEqual(res.url, `${base}inspect`)
> 230 |       assert.strictEqual(res.status, 200)
      |      ^ Assertion Roulette
  231 |     })
  232 |   })
  233 |"
/home/gabriel/Disk/Research/research-javascript-test-smells/repositories/undici/test/node-fetch/main.js,Assertion Roulette,"{'column': 6, 'line': 237}","  235 |     const url = `${base}redirect/307`
  236 |     return fetch(url).then(res => {
> 237 |       assert.strictEqual(res.url, `${base}inspect`)
      |      ^ Assertion Roulette
  238 |       assert.strictEqual(res.status, 200)
  239 |     })
  240 |   })"
/home/gabriel/Disk/Research/research-javascript-test-smells/repositories/undici/test/node-fetch/main.js,Assertion Roulette,"{'column': 6, 'line': 238}","  236 |     return fetch(url).then(res => {
  237 |       assert.strictEqual(res.url, `${base}inspect`)
> 238 |       assert.strictEqual(res.status, 200)
      |      ^ Assertion Roulette
  239 |     })
  240 |   })
  241 |"
/home/gabriel/Disk/Research/research-javascript-test-smells/repositories/undici/test/node-fetch/main.js,Assertion Roulette,"{'column': 6, 'line': 245}","  243 |     const url = `${base}redirect/308`
  244 |     return fetch(url).then(res => {
> 245 |       assert.strictEqual(res.url, `${base}inspect`)
      |      ^ Assertion Roulette
  246 |       assert.strictEqual(res.status, 200)
  247 |     })
  248 |   })"
/home/gabriel/Disk/Research/research-javascript-test-smells/repositories/undici/test/node-fetch/main.js,Assertion Roulette,"{'column': 6, 'line': 246}","  244 |     return fetch(url).then(res => {
  245 |       assert.strictEqual(res.url, `${base}inspect`)
> 246 |       assert.strictEqual(res.status, 200)
      |      ^ Assertion Roulette
  247 |     })
  248 |   })
  249 |"
/home/gabriel/Disk/Research/research-javascript-test-smells/repositories/undici/test/node-fetch/main.js,Assertion Roulette,"{'column': 6, 'line': 253}","  251 |     const url = `${base}redirect/chain`
  252 |     return fetch(url).then(res => {
> 253 |       assert.strictEqual(res.url, `${base}inspect`)
      |      ^ Assertion Roulette
  254 |       assert.strictEqual(res.status, 200)
  255 |     })
  256 |   })"
/home/gabriel/Disk/Research/research-javascript-test-smells/repositories/undici/test/node-fetch/main.js,Assertion Roulette,"{'column': 6, 'line': 254}","  252 |     return fetch(url).then(res => {
  253 |       assert.strictEqual(res.url, `${base}inspect`)
> 254 |       assert.strictEqual(res.status, 200)
      |      ^ Assertion Roulette
  255 |     })
  256 |   })
  257 |"
/home/gabriel/Disk/Research/research-javascript-test-smells/repositories/undici/test/node-fetch/main.js,Assertion Roulette,"{'column': 6, 'line': 265}","  263 |     }
  264 |     return fetch(url, options).then(res => {
> 265 |       assert.strictEqual(res.url, `${base}inspect`)
      |      ^ Assertion Roulette
  266 |       assert.strictEqual(res.status, 200)
  267 |       return res.json().then(result => {
  268 |         assert.strictEqual(result.method, 'GET')"
/home/gabriel/Disk/Research/research-javascript-test-smells/repositories/undici/test/node-fetch/main.js,Assertion Roulette,"{'column': 6, 'line': 266}","  264 |     return fetch(url, options).then(res => {
  265 |       assert.strictEqual(res.url, `${base}inspect`)
> 266 |       assert.strictEqual(res.status, 200)
      |      ^ Assertion Roulette
  267 |       return res.json().then(result => {
  268 |         assert.strictEqual(result.method, 'GET')
  269 |         assert.strictEqual(result.body, '')"
/home/gabriel/Disk/Research/research-javascript-test-smells/repositories/undici/test/node-fetch/main.js,Assertion Roulette,"{'column': 8, 'line': 268}","  266 |       assert.strictEqual(res.status, 200)
  267 |       return res.json().then(result => {
> 268 |         assert.strictEqual(result.method, 'GET')
      |        ^ Assertion Roulette
  269 |         assert.strictEqual(result.body, '')
  270 |       })
  271 |     })"
/home/gabriel/Disk/Research/research-javascript-test-smells/repositories/undici/test/node-fetch/main.js,Assertion Roulette,"{'column': 8, 'line': 269}","  267 |       return res.json().then(result => {
  268 |         assert.strictEqual(result.method, 'GET')
> 269 |         assert.strictEqual(result.body, '')
      |        ^ Assertion Roulette
  270 |       })
  271 |     })
  272 |   })"
/home/gabriel/Disk/Research/research-javascript-test-smells/repositories/undici/test/node-fetch/main.js,Assertion Roulette,"{'column': 6, 'line': 281}","  279 |     }
  280 |     return fetch(url, options).then(res => {
> 281 |       assert.strictEqual(res.url, `${base}inspect`)
      |      ^ Assertion Roulette
  282 |       assert.strictEqual(res.status, 200)
  283 |       return res.json().then(res => {
  284 |         assert.strictEqual(res.method, 'PATCH')"
/home/gabriel/Disk/Research/research-javascript-test-smells/repositories/undici/test/node-fetch/main.js,Assertion Roulette,"{'column': 6, 'line': 282}","  280 |     return fetch(url, options).then(res => {
  281 |       assert.strictEqual(res.url, `${base}inspect`)
> 282 |       assert.strictEqual(res.status, 200)
      |      ^ Assertion Roulette
  283 |       return res.json().then(res => {
  284 |         assert.strictEqual(res.method, 'PATCH')
  285 |         assert.strictEqual(res.body, 'a=1')"
/home/gabriel/Disk/Research/research-javascript-test-smells/repositories/undici/test/node-fetch/main.js,Assertion Roulette,"{'column': 8, 'line': 284}","  282 |       assert.strictEqual(res.status, 200)
  283 |       return res.json().then(res => {
> 284 |         assert.strictEqual(res.method, 'PATCH')
      |        ^ Assertion Roulette
  285 |         assert.strictEqual(res.body, 'a=1')
  286 |       })
  287 |     })"
/home/gabriel/Disk/Research/research-javascript-test-smells/repositories/undici/test/node-fetch/main.js,Assertion Roulette,"{'column': 8, 'line': 285}","  283 |       return res.json().then(res => {
  284 |         assert.strictEqual(res.method, 'PATCH')
> 285 |         assert.strictEqual(res.body, 'a=1')
      |        ^ Assertion Roulette
  286 |       })
  287 |     })
  288 |   })"
/home/gabriel/Disk/Research/research-javascript-test-smells/repositories/undici/test/node-fetch/main.js,Assertion Roulette,"{'column': 6, 'line': 297}","  295 |     }
  296 |     return fetch(url, options).then(res => {
> 297 |       assert.strictEqual(res.url, `${base}inspect`)
      |      ^ Assertion Roulette
  298 |       assert.strictEqual(res.status, 200)
  299 |       return res.json().then(result => {
  300 |         assert.strictEqual(result.method, 'GET')"
/home/gabriel/Disk/Research/research-javascript-test-smells/repositories/undici/test/node-fetch/main.js,Assertion Roulette,"{'column': 6, 'line': 298}","  296 |     return fetch(url, options).then(res => {
  297 |       assert.strictEqual(res.url, `${base}inspect`)
> 298 |       assert.strictEqual(res.status, 200)
      |      ^ Assertion Roulette
  299 |       return res.json().then(result => {
  300 |         assert.strictEqual(result.method, 'GET')
  301 |         assert.strictEqual(result.body, '')"
/home/gabriel/Disk/Research/research-javascript-test-smells/repositories/undici/test/node-fetch/main.js,Assertion Roulette,"{'column': 8, 'line': 300}","  298 |       assert.strictEqual(res.status, 200)
  299 |       return res.json().then(result => {
> 300 |         assert.strictEqual(result.method, 'GET')
      |        ^ Assertion Roulette
  301 |         assert.strictEqual(result.body, '')
  302 |       })
  303 |     })"
/home/gabriel/Disk/Research/research-javascript-test-smells/repositories/undici/test/node-fetch/main.js,Assertion Roulette,"{'column': 8, 'line': 301}","  299 |       return res.json().then(result => {
  300 |         assert.strictEqual(result.method, 'GET')
> 301 |         assert.strictEqual(result.body, '')
      |        ^ Assertion Roulette
  302 |       })
  303 |     })
  304 |   })"
/home/gabriel/Disk/Research/research-javascript-test-smells/repositories/undici/test/node-fetch/main.js,Assertion Roulette,"{'column': 6, 'line': 313}","  311 |     }
  312 |     return fetch(url, options).then(res => {
> 313 |       assert.strictEqual(res.url, `${base}inspect`)
      |      ^ Assertion Roulette
  314 |       assert.strictEqual(res.status, 200)
  315 |       return res.json().then(res => {
  316 |         assert.strictEqual(res.method, 'PATCH')"
/home/gabriel/Disk/Research/research-javascript-test-smells/repositories/undici/test/node-fetch/main.js,Assertion Roulette,"{'column': 6, 'line': 314}","  312 |     return fetch(url, options).then(res => {
  313 |       assert.strictEqual(res.url, `${base}inspect`)
> 314 |       assert.strictEqual(res.status, 200)
      |      ^ Assertion Roulette
  315 |       return res.json().then(res => {
  316 |         assert.strictEqual(res.method, 'PATCH')
  317 |         assert.strictEqual(res.body, 'a=1')"
/home/gabriel/Disk/Research/research-javascript-test-smells/repositories/undici/test/node-fetch/main.js,Assertion Roulette,"{'column': 8, 'line': 316}","  314 |       assert.strictEqual(res.status, 200)
  315 |       return res.json().then(res => {
> 316 |         assert.strictEqual(res.method, 'PATCH')
      |        ^ Assertion Roulette
  317 |         assert.strictEqual(res.body, 'a=1')
  318 |       })
  319 |     })"
/home/gabriel/Disk/Research/research-javascript-test-smells/repositories/undici/test/node-fetch/main.js,Assertion Roulette,"{'column': 8, 'line': 317}","  315 |       return res.json().then(res => {
  316 |         assert.strictEqual(res.method, 'PATCH')
> 317 |         assert.strictEqual(res.body, 'a=1')
      |        ^ Assertion Roulette
  318 |       })
  319 |     })
  320 |   })"
/home/gabriel/Disk/Research/research-javascript-test-smells/repositories/undici/test/node-fetch/main.js,Assertion Roulette,"{'column': 6, 'line': 329}","  327 |     }
  328 |     return fetch(url, options).then(res => {
> 329 |       assert.strictEqual(res.url, `${base}inspect`)
      |      ^ Assertion Roulette
  330 |       assert.strictEqual(res.status, 200)
  331 |       return res.json().then(result => {
  332 |         assert.strictEqual(result.method, 'GET')"
/home/gabriel/Disk/Research/research-javascript-test-smells/repositories/undici/test/node-fetch/main.js,Assertion Roulette,"{'column': 6, 'line': 330}","  328 |     return fetch(url, options).then(res => {
  329 |       assert.strictEqual(res.url, `${base}inspect`)
> 330 |       assert.strictEqual(res.status, 200)
      |      ^ Assertion Roulette
  331 |       return res.json().then(result => {
  332 |         assert.strictEqual(result.method, 'GET')
  333 |         assert.strictEqual(result.body, '')"
/home/gabriel/Disk/Research/research-javascript-test-smells/repositories/undici/test/node-fetch/main.js,Assertion Roulette,"{'column': 8, 'line': 332}","  330 |       assert.strictEqual(res.status, 200)
  331 |       return res.json().then(result => {
> 332 |         assert.strictEqual(result.method, 'GET')
      |        ^ Assertion Roulette
  333 |         assert.strictEqual(result.body, '')
  334 |       })
  335 |     })"
/home/gabriel/Disk/Research/research-javascript-test-smells/repositories/undici/test/node-fetch/main.js,Assertion Roulette,"{'column': 8, 'line': 333}","  331 |       return res.json().then(result => {
  332 |         assert.strictEqual(result.method, 'GET')
> 333 |         assert.strictEqual(result.body, '')
      |        ^ Assertion Roulette
  334 |       })
  335 |     })
  336 |   })"
/home/gabriel/Disk/Research/research-javascript-test-smells/repositories/undici/test/node-fetch/main.js,Assertion Roulette,"{'column': 6, 'line': 345}","  343 |     }
  344 |     return fetch(url, options).then(res => {
> 345 |       assert.strictEqual(res.url, `${base}inspect`)
      |      ^ Assertion Roulette
  346 |       assert.strictEqual(res.status, 200)
  347 |       return res.json().then(result => {
  348 |         assert.strictEqual(result.method, 'PATCH')"
/home/gabriel/Disk/Research/research-javascript-test-smells/repositories/undici/test/node-fetch/main.js,Assertion Roulette,"{'column': 6, 'line': 346}","  344 |     return fetch(url, options).then(res => {
  345 |       assert.strictEqual(res.url, `${base}inspect`)
> 346 |       assert.strictEqual(res.status, 200)
      |      ^ Assertion Roulette
  347 |       return res.json().then(result => {
  348 |         assert.strictEqual(result.method, 'PATCH')
  349 |         assert.strictEqual(result.body, 'a=1')"
/home/gabriel/Disk/Research/research-javascript-test-smells/repositories/undici/test/node-fetch/main.js,Assertion Roulette,"{'column': 8, 'line': 348}","  346 |       assert.strictEqual(res.status, 200)
  347 |       return res.json().then(result => {
> 348 |         assert.strictEqual(result.method, 'PATCH')
      |        ^ Assertion Roulette
  349 |         assert.strictEqual(result.body, 'a=1')
  350 |       })
  351 |     })"
/home/gabriel/Disk/Research/research-javascript-test-smells/repositories/undici/test/node-fetch/main.js,Assertion Roulette,"{'column': 8, 'line': 349}","  347 |       return res.json().then(result => {
  348 |         assert.strictEqual(result.method, 'PATCH')
> 349 |         assert.strictEqual(result.body, 'a=1')
      |        ^ Assertion Roulette
  350 |       })
  351 |     })
  352 |   })"
/home/gabriel/Disk/Research/research-javascript-test-smells/repositories/undici/test/node-fetch/main.js,Assertion Roulette,"{'column': 6, 'line': 371}","  369 |     const url = `${base}redirect/chain/19`
  370 |     return fetch(url).then(res => {
> 371 |       assert.strictEqual(res.url, `${base}inspect`)
      |      ^ Assertion Roulette
  372 |       assert.strictEqual(res.status, 200)
  373 |     })
  374 |   })"
/home/gabriel/Disk/Research/research-javascript-test-smells/repositories/undici/test/node-fetch/main.js,Assertion Roulette,"{'column': 6, 'line': 372}","  370 |     return fetch(url).then(res => {
  371 |       assert.strictEqual(res.url, `${base}inspect`)
> 372 |       assert.strictEqual(res.status, 200)
      |      ^ Assertion Roulette
  373 |     })
  374 |   })
  375 |"
/home/gabriel/Disk/Research/research-javascript-test-smells/repositories/undici/test/node-fetch/main.js,Assertion Roulette,"{'column': 6, 'line': 390}","  388 |     }
  389 |     return fetch(url, options).then(res => {
> 390 |       assert.strictEqual(res.url, url)
      |      ^ Assertion Roulette
  391 |       assert.strictEqual(res.status, 200)
  392 |       assert.strictEqual(res.headers.get('location'), null)
  393 |     })"
/home/gabriel/Disk/Research/research-javascript-test-smells/repositories/undici/test/node-fetch/main.js,Assertion Roulette,"{'column': 6, 'line': 391}","  389 |     return fetch(url, options).then(res => {
  390 |       assert.strictEqual(res.url, url)
> 391 |       assert.strictEqual(res.status, 200)
      |      ^ Assertion Roulette
  392 |       assert.strictEqual(res.headers.get('location'), null)
  393 |     })
  394 |   })"
/home/gabriel/Disk/Research/research-javascript-test-smells/repositories/undici/test/node-fetch/main.js,Assertion Roulette,"{'column': 6, 'line': 392}","  390 |       assert.strictEqual(res.url, url)
  391 |       assert.strictEqual(res.status, 200)
> 392 |       assert.strictEqual(res.headers.get('location'), null)
      |      ^ Assertion Roulette
  393 |     })
  394 |   })
  395 |"
/home/gabriel/Disk/Research/research-javascript-test-smells/repositories/undici/test/node-fetch/main.js,Assertion Roulette,"{'column': 6, 'line': 402}","  400 |     }
  401 |     return fetch(url, options).then(res => {
> 402 |       assert.strictEqual(res.url, `${base}inspect`)
      |      ^ Assertion Roulette
  403 |       return res.json()
  404 |     }).then(res => {
  405 |       assert.strictEqual(res.headers['x-custom-header'], 'abc')"
/home/gabriel/Disk/Research/research-javascript-test-smells/repositories/undici/test/node-fetch/main.js,Assertion Roulette,"{'column': 6, 'line': 405}","  403 |       return res.json()
  404 |     }).then(res => {
> 405 |       assert.strictEqual(res.headers['x-custom-header'], 'abc')
      |      ^ Assertion Roulette
  406 |     })
  407 |   })
  408 |"
/home/gabriel/Disk/Research/research-javascript-test-smells/repositories/undici/test/node-fetch/main.js,Assertion Roulette,"{'column': 6, 'line': 412}","  410 |     const url = `${base}redirect/no-location`
  411 |     return fetch(url).then(res => {
> 412 |       assert.strictEqual(res.url, url)
      |      ^ Assertion Roulette
  413 |       assert.strictEqual(res.status, 301)
  414 |       assert.strictEqual(res.headers.get('location'), null)
  415 |     })"
/home/gabriel/Disk/Research/research-javascript-test-smells/repositories/undici/test/node-fetch/main.js,Assertion Roulette,"{'column': 6, 'line': 413}","  411 |     return fetch(url).then(res => {
  412 |       assert.strictEqual(res.url, url)
> 413 |       assert.strictEqual(res.status, 301)
      |      ^ Assertion Roulette
  414 |       assert.strictEqual(res.headers.get('location'), null)
  415 |     })
  416 |   })"
/home/gabriel/Disk/Research/research-javascript-test-smells/repositories/undici/test/node-fetch/main.js,Assertion Roulette,"{'column': 6, 'line': 414}","  412 |       assert.strictEqual(res.url, url)
  413 |       assert.strictEqual(res.status, 301)
> 414 |       assert.strictEqual(res.headers.get('location'), null)
      |      ^ Assertion Roulette
  415 |     })
  416 |   })
  417 |"
/home/gabriel/Disk/Research/research-javascript-test-smells/repositories/undici/test/node-fetch/main.js,Assertion Roulette,"{'column': 6, 'line': 424}","  422 |     }
  423 |     return fetch(url, options).then(res => {
> 424 |       assert.strictEqual(res.url, url)
      |      ^ Assertion Roulette
  425 |       assert.strictEqual(res.status, 301)
  426 |       assert.strictEqual(res.headers.get('location'), null)
  427 |     })"
/home/gabriel/Disk/Research/research-javascript-test-smells/repositories/undici/test/node-fetch/main.js,Assertion Roulette,"{'column': 6, 'line': 425}","  423 |     return fetch(url, options).then(res => {
  424 |       assert.strictEqual(res.url, url)
> 425 |       assert.strictEqual(res.status, 301)
      |      ^ Assertion Roulette
  426 |       assert.strictEqual(res.headers.get('location'), null)
  427 |     })
  428 |   })"
/home/gabriel/Disk/Research/research-javascript-test-smells/repositories/undici/test/node-fetch/main.js,Assertion Roulette,"{'column': 6, 'line': 426}","  424 |       assert.strictEqual(res.url, url)
  425 |       assert.strictEqual(res.status, 301)
> 426 |       assert.strictEqual(res.headers.get('location'), null)
      |      ^ Assertion Roulette
  427 |     })
  428 |   })
  429 |"
/home/gabriel/Disk/Research/research-javascript-test-smells/repositories/undici/test/node-fetch/main.js,Assertion Roulette,"{'column': 6, 'line': 436}","  434 |     }
  435 |     return fetch(url, options).then(() => {
> 436 |       assert.fail()
      |      ^ Assertion Roulette
  437 |     }, error => {
  438 |       assert.ok(error instanceof TypeError)
  439 |     })"
/home/gabriel/Disk/Research/research-javascript-test-smells/repositories/undici/test/node-fetch/main.js,Assertion Roulette,"{'column': 6, 'line': 438}","  436 |       assert.fail()
  437 |     }, error => {
> 438 |       assert.ok(error instanceof TypeError)
      |      ^ Assertion Roulette
  439 |     })
  440 |   })
  441 |"
/home/gabriel/Disk/Research/research-javascript-test-smells/repositories/undici/test/node-fetch/main.js,Assertion Roulette,"{'column': 6, 'line': 459}","  457 |     const url = `${base}error/400`
  458 |     return fetch(url).then(res => {
> 459 |       assert.strictEqual(res.headers.get('content-type'), 'text/plain')
      |      ^ Assertion Roulette
  460 |       assert.strictEqual(res.status, 400)
  461 |       assert.strictEqual(res.statusText, 'Bad Request')
  462 |       assert.strictEqual(res.ok, false)"
/home/gabriel/Disk/Research/research-javascript-test-smells/repositories/undici/test/node-fetch/main.js,Assertion Roulette,"{'column': 6, 'line': 460}","  458 |     return fetch(url).then(res => {
  459 |       assert.strictEqual(res.headers.get('content-type'), 'text/plain')
> 460 |       assert.strictEqual(res.status, 400)
      |      ^ Assertion Roulette
  461 |       assert.strictEqual(res.statusText, 'Bad Request')
  462 |       assert.strictEqual(res.ok, false)
  463 |       return res.text().then(result => {"
/home/gabriel/Disk/Research/research-javascript-test-smells/repositories/undici/test/node-fetch/main.js,Assertion Roulette,"{'column': 6, 'line': 461}","  459 |       assert.strictEqual(res.headers.get('content-type'), 'text/plain')
  460 |       assert.strictEqual(res.status, 400)
> 461 |       assert.strictEqual(res.statusText, 'Bad Request')
      |      ^ Assertion Roulette
  462 |       assert.strictEqual(res.ok, false)
  463 |       return res.text().then(result => {
  464 |         assert.strictEqual(res.bodyUsed, true)"
/home/gabriel/Disk/Research/research-javascript-test-smells/repositories/undici/test/node-fetch/main.js,Assertion Roulette,"{'column': 6, 'line': 462}","  460 |       assert.strictEqual(res.status, 400)
  461 |       assert.strictEqual(res.statusText, 'Bad Request')
> 462 |       assert.strictEqual(res.ok, false)
      |      ^ Assertion Roulette
  463 |       return res.text().then(result => {
  464 |         assert.strictEqual(res.bodyUsed, true)
  465 |         assert.strictEqual(typeof result, 'string')"
/home/gabriel/Disk/Research/research-javascript-test-smells/repositories/undici/test/node-fetch/main.js,Assertion Roulette,"{'column': 8, 'line': 464}","  462 |       assert.strictEqual(res.ok, false)
  463 |       return res.text().then(result => {
> 464 |         assert.strictEqual(res.bodyUsed, true)
      |        ^ Assertion Roulette
  465 |         assert.strictEqual(typeof result, 'string')
  466 |         assert.strictEqual(result, 'client error')
  467 |       })"
/home/gabriel/Disk/Research/research-javascript-test-smells/repositories/undici/test/node-fetch/main.js,Assertion Roulette,"{'column': 8, 'line': 465}","  463 |       return res.text().then(result => {
  464 |         assert.strictEqual(res.bodyUsed, true)
> 465 |         assert.strictEqual(typeof result, 'string')
      |        ^ Assertion Roulette
  466 |         assert.strictEqual(result, 'client error')
  467 |       })
  468 |     })"
/home/gabriel/Disk/Research/research-javascript-test-smells/repositories/undici/test/node-fetch/main.js,Assertion Roulette,"{'column': 8, 'line': 466}","  464 |         assert.strictEqual(res.bodyUsed, true)
  465 |         assert.strictEqual(typeof result, 'string')
> 466 |         assert.strictEqual(result, 'client error')
      |        ^ Assertion Roulette
  467 |       })
  468 |     })
  469 |   })"
/home/gabriel/Disk/Research/research-javascript-test-smells/repositories/undici/test/node-fetch/main.js,Assertion Roulette,"{'column': 6, 'line': 474}","  472 |     const url = `${base}error/500`
  473 |     return fetch(url).then(res => {
> 474 |       assert.strictEqual(res.headers.get('content-type'), 'text/plain')
      |      ^ Assertion Roulette
  475 |       assert.strictEqual(res.status, 500)
  476 |       assert.strictEqual(res.statusText, 'Internal Server Error')
  477 |       assert.strictEqual(res.ok, false)"
/home/gabriel/Disk/Research/research-javascript-test-smells/repositories/undici/test/node-fetch/main.js,Assertion Roulette,"{'column': 6, 'line': 475}","  473 |     return fetch(url).then(res => {
  474 |       assert.strictEqual(res.headers.get('content-type'), 'text/plain')
> 475 |       assert.strictEqual(res.status, 500)
      |      ^ Assertion Roulette
  476 |       assert.strictEqual(res.statusText, 'Internal Server Error')
  477 |       assert.strictEqual(res.ok, false)
  478 |       return res.text().then(result => {"
/home/gabriel/Disk/Research/research-javascript-test-smells/repositories/undici/test/node-fetch/main.js,Assertion Roulette,"{'column': 6, 'line': 476}","  474 |       assert.strictEqual(res.headers.get('content-type'), 'text/plain')
  475 |       assert.strictEqual(res.status, 500)
> 476 |       assert.strictEqual(res.statusText, 'Internal Server Error')
      |      ^ Assertion Roulette
  477 |       assert.strictEqual(res.ok, false)
  478 |       return res.text().then(result => {
  479 |         assert.strictEqual(res.bodyUsed, true)"
/home/gabriel/Disk/Research/research-javascript-test-smells/repositories/undici/test/node-fetch/main.js,Assertion Roulette,"{'column': 6, 'line': 477}","  475 |       assert.strictEqual(res.status, 500)
  476 |       assert.strictEqual(res.statusText, 'Internal Server Error')
> 477 |       assert.strictEqual(res.ok, false)
      |      ^ Assertion Roulette
  478 |       return res.text().then(result => {
  479 |         assert.strictEqual(res.bodyUsed, true)
  480 |         assert.strictEqual(typeof result, 'string')"
/home/gabriel/Disk/Research/research-javascript-test-smells/repositories/undici/test/node-fetch/main.js,Assertion Roulette,"{'column': 8, 'line': 479}","  477 |       assert.strictEqual(res.ok, false)
  478 |       return res.text().then(result => {
> 479 |         assert.strictEqual(res.bodyUsed, true)
      |        ^ Assertion Roulette
  480 |         assert.strictEqual(typeof result, 'string')
  481 |         assert.strictEqual(result, 'server error')
  482 |       })"
/home/gabriel/Disk/Research/research-javascript-test-smells/repositories/undici/test/node-fetch/main.js,Assertion Roulette,"{'column': 8, 'line': 480}","  478 |       return res.text().then(result => {
  479 |         assert.strictEqual(res.bodyUsed, true)
> 480 |         assert.strictEqual(typeof result, 'string')
      |        ^ Assertion Roulette
  481 |         assert.strictEqual(result, 'server error')
  482 |       })
  483 |     })"
/home/gabriel/Disk/Research/research-javascript-test-smells/repositories/undici/test/node-fetch/main.js,Assertion Roulette,"{'column': 8, 'line': 481}","  479 |         assert.strictEqual(res.bodyUsed, true)
  480 |         assert.strictEqual(typeof result, 'string')
> 481 |         assert.strictEqual(result, 'server error')
      |        ^ Assertion Roulette
  482 |       })
  483 |     })
  484 |   })"
/home/gabriel/Disk/Research/research-javascript-test-smells/repositories/undici/test/node-fetch/main.js,Assertion Roulette,"{'column': 6, 'line': 494}","  492 |     const url = `${base}error/premature`
  493 |     return fetch(url).then(res => {
> 494 |       assert.strictEqual(res.status, 200)
      |      ^ Assertion Roulette
  495 |       assert.strictEqual(res.ok, true)
  496 |       return assert.rejects(() => res.text(), new TypeError('terminated'))
  497 |     })"
/home/gabriel/Disk/Research/research-javascript-test-smells/repositories/undici/test/node-fetch/main.js,Assertion Roulette,"{'column': 6, 'line': 495}","  493 |     return fetch(url).then(res => {
  494 |       assert.strictEqual(res.status, 200)
> 495 |       assert.strictEqual(res.ok, true)
      |      ^ Assertion Roulette
  496 |       return assert.rejects(() => res.text(), new TypeError('terminated'))
  497 |     })
  498 |   })"
/home/gabriel/Disk/Research/research-javascript-test-smells/repositories/undici/test/node-fetch/main.js,Assertion Roulette,"{'column': 6, 'line': 503}","  501 |     const url = `${base}error/premature/chunked`
  502 |     return fetch(url).then(res => {
> 503 |       assert.strictEqual(res.status, 200)
      |      ^ Assertion Roulette
  504 |       assert.strictEqual(res.ok, true)
  505 |
  506 |       const read = async body => {"
/home/gabriel/Disk/Research/research-javascript-test-smells/repositories/undici/test/node-fetch/main.js,Assertion Roulette,"{'column': 6, 'line': 504}","  502 |     return fetch(url).then(res => {
  503 |       assert.strictEqual(res.status, 200)
> 504 |       assert.strictEqual(res.ok, true)
      |      ^ Assertion Roulette
  505 |
  506 |       const read = async body => {
  507 |         const chunks = []"
/home/gabriel/Disk/Research/research-javascript-test-smells/repositories/undici/test/node-fetch/main.js,Assertion Roulette,"{'column': 6, 'line': 522}","  520 |     const url = `${base}error/premature/chunked`
  521 |     return fetch(url).then(res => {
> 522 |       assert.strictEqual(res.status, 200)
      |      ^ Assertion Roulette
  523 |       assert.strictEqual(res.ok, true)
  524 |
  525 |       return assert.rejects(res.text(), new TypeError('terminated'))"
/home/gabriel/Disk/Research/research-javascript-test-smells/repositories/undici/test/node-fetch/main.js,Assertion Roulette,"{'column': 6, 'line': 523}","  521 |     return fetch(url).then(res => {
  522 |       assert.strictEqual(res.status, 200)
> 523 |       assert.strictEqual(res.ok, true)
      |      ^ Assertion Roulette
  524 |
  525 |       return assert.rejects(res.text(), new TypeError('terminated'))
  526 |     })"
/home/gabriel/Disk/Research/research-javascript-test-smells/repositories/undici/test/node-fetch/main.js,Assertion Roulette,"{'column': 6, 'line': 553}","  551 |     const url = `${base}no-content`
  552 |     return fetch(url).then(res => {
> 553 |       assert.strictEqual(res.status, 204)
      |      ^ Assertion Roulette
  554 |       assert.strictEqual(res.statusText, 'No Content')
  555 |       assert.strictEqual(res.ok, true)
  556 |       return res.text().then(result => {"
/home/gabriel/Disk/Research/research-javascript-test-smells/repositories/undici/test/node-fetch/main.js,Assertion Roulette,"{'column': 6, 'line': 554}","  552 |     return fetch(url).then(res => {
  553 |       assert.strictEqual(res.status, 204)
> 554 |       assert.strictEqual(res.statusText, 'No Content')
      |      ^ Assertion Roulette
  555 |       assert.strictEqual(res.ok, true)
  556 |       return res.text().then(result => {
  557 |         assert.strictEqual(typeof result, 'string')"
/home/gabriel/Disk/Research/research-javascript-test-smells/repositories/undici/test/node-fetch/main.js,Assertion Roulette,"{'column': 6, 'line': 555}","  553 |       assert.strictEqual(res.status, 204)
  554 |       assert.strictEqual(res.statusText, 'No Content')
> 555 |       assert.strictEqual(res.ok, true)
      |      ^ Assertion Roulette
  556 |       return res.text().then(result => {
  557 |         assert.strictEqual(typeof result, 'string')
  558 |         assert.strictEqual(result, '')"
/home/gabriel/Disk/Research/research-javascript-test-smells/repositories/undici/test/node-fetch/main.js,Assertion Roulette,"{'column': 8, 'line': 557}","  555 |       assert.strictEqual(res.ok, true)
  556 |       return res.text().then(result => {
> 557 |         assert.strictEqual(typeof result, 'string')
      |        ^ Assertion Roulette
  558 |         assert.strictEqual(result, '')
  559 |       })
  560 |     })"
/home/gabriel/Disk/Research/research-javascript-test-smells/repositories/undici/test/node-fetch/main.js,Assertion Roulette,"{'column': 8, 'line': 558}","  556 |       return res.text().then(result => {
  557 |         assert.strictEqual(typeof result, 'string')
> 558 |         assert.strictEqual(result, '')
      |        ^ Assertion Roulette
  559 |       })
  560 |     })
  561 |   })"
/home/gabriel/Disk/Research/research-javascript-test-smells/repositories/undici/test/node-fetch/main.js,Assertion Roulette,"{'column': 6, 'line': 567}","  565 |     const url = `${base}no-content`
  566 |     return fetch(url).then(res => {
> 567 |       assert.strictEqual(res.status, 204)
      |      ^ Assertion Roulette
  568 |       assert.strictEqual(res.statusText, 'No Content')
  569 |       assert.strictEqual(res.ok, true)
  570 |       return assert.rejects(res.json(), new SyntaxError('Unexpected end of JSON input'))"
/home/gabriel/Disk/Research/research-javascript-test-smells/repositories/undici/test/node-fetch/main.js,Assertion Roulette,"{'column': 6, 'line': 568}","  566 |     return fetch(url).then(res => {
  567 |       assert.strictEqual(res.status, 204)
> 568 |       assert.strictEqual(res.statusText, 'No Content')
      |      ^ Assertion Roulette
  569 |       assert.strictEqual(res.ok, true)
  570 |       return assert.rejects(res.json(), new SyntaxError('Unexpected end of JSON input'))
  571 |     })"
/home/gabriel/Disk/Research/research-javascript-test-smells/repositories/undici/test/node-fetch/main.js,Assertion Roulette,"{'column': 6, 'line': 569}","  567 |       assert.strictEqual(res.status, 204)
  568 |       assert.strictEqual(res.statusText, 'No Content')
> 569 |       assert.strictEqual(res.ok, true)
      |      ^ Assertion Roulette
  570 |       return assert.rejects(res.json(), new SyntaxError('Unexpected end of JSON input'))
  571 |     })
  572 |   })"
/home/gabriel/Disk/Research/research-javascript-test-smells/repositories/undici/test/node-fetch/main.js,Assertion Roulette,"{'column': 6, 'line': 577}","  575 |     const url = `${base}no-content/gzip`
  576 |     return fetch(url).then(res => {
> 577 |       assert.strictEqual(res.status, 204)
      |      ^ Assertion Roulette
  578 |       assert.strictEqual(res.statusText, 'No Content')
  579 |       assert.strictEqual(res.headers.get('content-encoding'), 'gzip')
  580 |       assert.strictEqual(res.ok, true)"
/home/gabriel/Disk/Research/research-javascript-test-smells/repositories/undici/test/node-fetch/main.js,Assertion Roulette,"{'column': 6, 'line': 578}","  576 |     return fetch(url).then(res => {
  577 |       assert.strictEqual(res.status, 204)
> 578 |       assert.strictEqual(res.statusText, 'No Content')
      |      ^ Assertion Roulette
  579 |       assert.strictEqual(res.headers.get('content-encoding'), 'gzip')
  580 |       assert.strictEqual(res.ok, true)
  581 |       return res.text().then(result => {"
/home/gabriel/Disk/Research/research-javascript-test-smells/repositories/undici/test/node-fetch/main.js,Assertion Roulette,"{'column': 6, 'line': 579}","  577 |       assert.strictEqual(res.status, 204)
  578 |       assert.strictEqual(res.statusText, 'No Content')
> 579 |       assert.strictEqual(res.headers.get('content-encoding'), 'gzip')
      |      ^ Assertion Roulette
  580 |       assert.strictEqual(res.ok, true)
  581 |       return res.text().then(result => {
  582 |         assert.strictEqual(typeof result, 'string')"
/home/gabriel/Disk/Research/research-javascript-test-smells/repositories/undici/test/node-fetch/main.js,Assertion Roulette,"{'column': 6, 'line': 580}","  578 |       assert.strictEqual(res.statusText, 'No Content')
  579 |       assert.strictEqual(res.headers.get('content-encoding'), 'gzip')
> 580 |       assert.strictEqual(res.ok, true)
      |      ^ Assertion Roulette
  581 |       return res.text().then(result => {
  582 |         assert.strictEqual(typeof result, 'string')
  583 |         assert.strictEqual(result, '')"
/home/gabriel/Disk/Research/research-javascript-test-smells/repositories/undici/test/node-fetch/main.js,Assertion Roulette,"{'column': 8, 'line': 582}","  580 |       assert.strictEqual(res.ok, true)
  581 |       return res.text().then(result => {
> 582 |         assert.strictEqual(typeof result, 'string')
      |        ^ Assertion Roulette
  583 |         assert.strictEqual(result, '')
  584 |       })
  585 |     })"
/home/gabriel/Disk/Research/research-javascript-test-smells/repositories/undici/test/node-fetch/main.js,Assertion Roulette,"{'column': 8, 'line': 583}","  581 |       return res.text().then(result => {
  582 |         assert.strictEqual(typeof result, 'string')
> 583 |         assert.strictEqual(result, '')
      |        ^ Assertion Roulette
  584 |       })
  585 |     })
  586 |   })"
/home/gabriel/Disk/Research/research-javascript-test-smells/repositories/undici/test/node-fetch/main.js,Assertion Roulette,"{'column': 6, 'line': 591}","  589 |     const url = `${base}not-modified`
  590 |     return fetch(url).then(res => {
> 591 |       assert.strictEqual(res.status, 304)
      |      ^ Assertion Roulette
  592 |       assert.strictEqual(res.statusText, 'Not Modified')
  593 |       assert.strictEqual(res.ok, false)
  594 |       return res.text().then(result => {"
/home/gabriel/Disk/Research/research-javascript-test-smells/repositories/undici/test/node-fetch/main.js,Assertion Roulette,"{'column': 6, 'line': 592}","  590 |     return fetch(url).then(res => {
  591 |       assert.strictEqual(res.status, 304)
> 592 |       assert.strictEqual(res.statusText, 'Not Modified')
      |      ^ Assertion Roulette
  593 |       assert.strictEqual(res.ok, false)
  594 |       return res.text().then(result => {
  595 |         assert.strictEqual(typeof result, 'string')"
/home/gabriel/Disk/Research/research-javascript-test-smells/repositories/undici/test/node-fetch/main.js,Assertion Roulette,"{'column': 6, 'line': 593}","  591 |       assert.strictEqual(res.status, 304)
  592 |       assert.strictEqual(res.statusText, 'Not Modified')
> 593 |       assert.strictEqual(res.ok, false)
      |      ^ Assertion Roulette
  594 |       return res.text().then(result => {
  595 |         assert.strictEqual(typeof result, 'string')
  596 |         assert.strictEqual(result, '')"
/home/gabriel/Disk/Research/research-javascript-test-smells/repositories/undici/test/node-fetch/main.js,Assertion Roulette,"{'column': 8, 'line': 595}","  593 |       assert.strictEqual(res.ok, false)
  594 |       return res.text().then(result => {
> 595 |         assert.strictEqual(typeof result, 'string')
      |        ^ Assertion Roulette
  596 |         assert.strictEqual(result, '')
  597 |       })
  598 |     })"
/home/gabriel/Disk/Research/research-javascript-test-smells/repositories/undici/test/node-fetch/main.js,Assertion Roulette,"{'column': 8, 'line': 596}","  594 |       return res.text().then(result => {
  595 |         assert.strictEqual(typeof result, 'string')
> 596 |         assert.strictEqual(result, '')
      |        ^ Assertion Roulette
  597 |       })
  598 |     })
  599 |   })"
/home/gabriel/Disk/Research/research-javascript-test-smells/repositories/undici/test/node-fetch/main.js,Assertion Roulette,"{'column': 6, 'line': 604}","  602 |     const url = `${base}not-modified/gzip`
  603 |     return fetch(url).then(res => {
> 604 |       assert.strictEqual(res.status, 304)
      |      ^ Assertion Roulette
  605 |       assert.strictEqual(res.statusText, 'Not Modified')
  606 |       assert.strictEqual(res.headers.get('content-encoding'), 'gzip')
  607 |       assert.strictEqual(res.ok, false)"
/home/gabriel/Disk/Research/research-javascript-test-smells/repositories/undici/test/node-fetch/main.js,Assertion Roulette,"{'column': 6, 'line': 605}","  603 |     return fetch(url).then(res => {
  604 |       assert.strictEqual(res.status, 304)
> 605 |       assert.strictEqual(res.statusText, 'Not Modified')
      |      ^ Assertion Roulette
  606 |       assert.strictEqual(res.headers.get('content-encoding'), 'gzip')
  607 |       assert.strictEqual(res.ok, false)
  608 |       return res.text().then(result => {"
/home/gabriel/Disk/Research/research-javascript-test-smells/repositories/undici/test/node-fetch/main.js,Assertion Roulette,"{'column': 6, 'line': 606}","  604 |       assert.strictEqual(res.status, 304)
  605 |       assert.strictEqual(res.statusText, 'Not Modified')
> 606 |       assert.strictEqual(res.headers.get('content-encoding'), 'gzip')
      |      ^ Assertion Roulette
  607 |       assert.strictEqual(res.ok, false)
  608 |       return res.text().then(result => {
  609 |         assert.strictEqual(typeof result, 'string')"
/home/gabriel/Disk/Research/research-javascript-test-smells/repositories/undici/test/node-fetch/main.js,Assertion Roulette,"{'column': 6, 'line': 607}","  605 |       assert.strictEqual(res.statusText, 'Not Modified')
  606 |       assert.strictEqual(res.headers.get('content-encoding'), 'gzip')
> 607 |       assert.strictEqual(res.ok, false)
      |      ^ Assertion Roulette
  608 |       return res.text().then(result => {
  609 |         assert.strictEqual(typeof result, 'string')
  610 |         assert.strictEqual(result, '')"
/home/gabriel/Disk/Research/research-javascript-test-smells/repositories/undici/test/node-fetch/main.js,Assertion Roulette,"{'column': 8, 'line': 609}","  607 |       assert.strictEqual(res.ok, false)
  608 |       return res.text().then(result => {
> 609 |         assert.strictEqual(typeof result, 'string')
      |        ^ Assertion Roulette
  610 |         assert.strictEqual(result, '')
  611 |       })
  612 |     })"
/home/gabriel/Disk/Research/research-javascript-test-smells/repositories/undici/test/node-fetch/main.js,Assertion Roulette,"{'column': 8, 'line': 610}","  608 |       return res.text().then(result => {
  609 |         assert.strictEqual(typeof result, 'string')
> 610 |         assert.strictEqual(result, '')
      |        ^ Assertion Roulette
  611 |       })
  612 |     })
  613 |   })"
/home/gabriel/Disk/Research/research-javascript-test-smells/repositories/undici/test/node-fetch/main.js,Assertion Roulette,"{'column': 6, 'line': 618}","  616 |     const url = `${base}gzip`
  617 |     return fetch(url).then(res => {
> 618 |       assert.strictEqual(res.headers.get('content-type'), 'text/plain')
      |      ^ Assertion Roulette
  619 |       return res.text().then(result => {
  620 |         assert.strictEqual(typeof result, 'string')
  621 |         assert.strictEqual(result, 'hello world')"
/home/gabriel/Disk/Research/research-javascript-test-smells/repositories/undici/test/node-fetch/main.js,Assertion Roulette,"{'column': 8, 'line': 620}","  618 |       assert.strictEqual(res.headers.get('content-type'), 'text/plain')
  619 |       return res.text().then(result => {
> 620 |         assert.strictEqual(typeof result, 'string')
      |        ^ Assertion Roulette
  621 |         assert.strictEqual(result, 'hello world')
  622 |       })
  623 |     })"
/home/gabriel/Disk/Research/research-javascript-test-smells/repositories/undici/test/node-fetch/main.js,Assertion Roulette,"{'column': 8, 'line': 621}","  619 |       return res.text().then(result => {
  620 |         assert.strictEqual(typeof result, 'string')
> 621 |         assert.strictEqual(result, 'hello world')
      |        ^ Assertion Roulette
  622 |       })
  623 |     })
  624 |   })"
/home/gabriel/Disk/Research/research-javascript-test-smells/repositories/undici/test/node-fetch/main.js,Assertion Roulette,"{'column': 4, 'line': 629}","  627 |     const url = `${base}gzip-truncated`
  628 |     const res = await fetch(url)
> 629 |     assert.strictEqual(res.headers.get('content-type'), 'text/plain')
      |    ^ Assertion Roulette
  630 |     const result = await res.text()
  631 |     assert.strictEqual(typeof result, 'string')
  632 |     assert.strictEqual(result, 'hello world')"
/home/gabriel/Disk/Research/research-javascript-test-smells/repositories/undici/test/node-fetch/main.js,Assertion Roulette,"{'column': 4, 'line': 631}","  629 |     assert.strictEqual(res.headers.get('content-type'), 'text/plain')
  630 |     const result = await res.text()
> 631 |     assert.strictEqual(typeof result, 'string')
      |    ^ Assertion Roulette
  632 |     assert.strictEqual(result, 'hello world')
  633 |   })
  634 |"
/home/gabriel/Disk/Research/research-javascript-test-smells/repositories/undici/test/node-fetch/main.js,Assertion Roulette,"{'column': 4, 'line': 632}","  630 |     const result = await res.text()
  631 |     assert.strictEqual(typeof result, 'string')
> 632 |     assert.strictEqual(result, 'hello world')
      |    ^ Assertion Roulette
  633 |   })
  634 |
  635 |   it('should decompress deflate response', () => {"
/home/gabriel/Disk/Research/research-javascript-test-smells/repositories/undici/test/node-fetch/main.js,Assertion Roulette,"{'column': 6, 'line': 638}","  636 |     const url = `${base}deflate`
  637 |     return fetch(url).then(res => {
> 638 |       assert.strictEqual(res.headers.get('content-type'), 'text/plain')
      |      ^ Assertion Roulette
  639 |       return res.text().then(result => {
  640 |         assert.strictEqual(typeof result, 'string')
  641 |         assert.strictEqual(result, 'hello world')"
/home/gabriel/Disk/Research/research-javascript-test-smells/repositories/undici/test/node-fetch/main.js,Assertion Roulette,"{'column': 8, 'line': 640}","  638 |       assert.strictEqual(res.headers.get('content-type'), 'text/plain')
  639 |       return res.text().then(result => {
> 640 |         assert.strictEqual(typeof result, 'string')
      |        ^ Assertion Roulette
  641 |         assert.strictEqual(result, 'hello world')
  642 |       })
  643 |     })"
/home/gabriel/Disk/Research/research-javascript-test-smells/repositories/undici/test/node-fetch/main.js,Assertion Roulette,"{'column': 8, 'line': 641}","  639 |       return res.text().then(result => {
  640 |         assert.strictEqual(typeof result, 'string')
> 641 |         assert.strictEqual(result, 'hello world')
      |        ^ Assertion Roulette
  642 |       })
  643 |     })
  644 |   })"
/home/gabriel/Disk/Research/research-javascript-test-smells/repositories/undici/test/node-fetch/main.js,Assertion Roulette,"{'column': 6, 'line': 649}","  647 |     const url = `${base}deflate-raw`
  648 |     return fetch(url).then(res => {
> 649 |       assert.strictEqual(res.headers.get('content-type'), 'text/plain')
      |      ^ Assertion Roulette
  650 |       return res.text().then(result => {
  651 |         assert.strictEqual(typeof result, 'string')
  652 |         assert.strictEqual(result, 'hello world')"
/home/gabriel/Disk/Research/research-javascript-test-smells/repositories/undici/test/node-fetch/main.js,Assertion Roulette,"{'column': 8, 'line': 651}","  649 |       assert.strictEqual(res.headers.get('content-type'), 'text/plain')
  650 |       return res.text().then(result => {
> 651 |         assert.strictEqual(typeof result, 'string')
      |        ^ Assertion Roulette
  652 |         assert.strictEqual(result, 'hello world')
  653 |       })
  654 |     })"
/home/gabriel/Disk/Research/research-javascript-test-smells/repositories/undici/test/node-fetch/main.js,Assertion Roulette,"{'column': 8, 'line': 652}","  650 |       return res.text().then(result => {
  651 |         assert.strictEqual(typeof result, 'string')
> 652 |         assert.strictEqual(result, 'hello world')
      |        ^ Assertion Roulette
  653 |       })
  654 |     })
  655 |   })"
/home/gabriel/Disk/Research/research-javascript-test-smells/repositories/undici/test/node-fetch/main.js,Assertion Roulette,"{'column': 6, 'line': 664}","  662 |     const url = `${base}brotli`
  663 |     return fetch(url).then(res => {
> 664 |       assert.strictEqual(res.headers.get('content-type'), 'text/plain')
      |      ^ Assertion Roulette
  665 |       return res.text().then(result => {
  666 |         assert.strictEqual(typeof result, 'string')
  667 |         assert.strictEqual(result, 'hello world')"
/home/gabriel/Disk/Research/research-javascript-test-smells/repositories/undici/test/node-fetch/main.js,Assertion Roulette,"{'column': 8, 'line': 666}","  664 |       assert.strictEqual(res.headers.get('content-type'), 'text/plain')
  665 |       return res.text().then(result => {
> 666 |         assert.strictEqual(typeof result, 'string')
      |        ^ Assertion Roulette
  667 |         assert.strictEqual(result, 'hello world')
  668 |       })
  669 |     })"
/home/gabriel/Disk/Research/research-javascript-test-smells/repositories/undici/test/node-fetch/main.js,Assertion Roulette,"{'column': 8, 'line': 667}","  665 |       return res.text().then(result => {
  666 |         assert.strictEqual(typeof result, 'string')
> 667 |         assert.strictEqual(result, 'hello world')
      |        ^ Assertion Roulette
  668 |       })
  669 |     })
  670 |   })"
/home/gabriel/Disk/Research/research-javascript-test-smells/repositories/undici/test/node-fetch/main.js,Assertion Roulette,"{'column': 6, 'line': 679}","  677 |     const url = `${base}no-content/brotli`
  678 |     return fetch(url).then(res => {
> 679 |       assert.strictEqual(res.status, 204)
      |      ^ Assertion Roulette
  680 |       assert.strictEqual(res.statusText, 'No Content')
  681 |       assert.strictEqual(res.headers.get('content-encoding'), 'br')
  682 |       assert.strictEqual(res.ok, true)"
/home/gabriel/Disk/Research/research-javascript-test-smells/repositories/undici/test/node-fetch/main.js,Assertion Roulette,"{'column': 6, 'line': 680}","  678 |     return fetch(url).then(res => {
  679 |       assert.strictEqual(res.status, 204)
> 680 |       assert.strictEqual(res.statusText, 'No Content')
      |      ^ Assertion Roulette
  681 |       assert.strictEqual(res.headers.get('content-encoding'), 'br')
  682 |       assert.strictEqual(res.ok, true)
  683 |       return res.text().then(result => {"
/home/gabriel/Disk/Research/research-javascript-test-smells/repositories/undici/test/node-fetch/main.js,Assertion Roulette,"{'column': 6, 'line': 681}","  679 |       assert.strictEqual(res.status, 204)
  680 |       assert.strictEqual(res.statusText, 'No Content')
> 681 |       assert.strictEqual(res.headers.get('content-encoding'), 'br')
      |      ^ Assertion Roulette
  682 |       assert.strictEqual(res.ok, true)
  683 |       return res.text().then(result => {
  684 |         assert.strictEqual(typeof result, 'string')"
/home/gabriel/Disk/Research/research-javascript-test-smells/repositories/undici/test/node-fetch/main.js,Assertion Roulette,"{'column': 6, 'line': 682}","  680 |       assert.strictEqual(res.statusText, 'No Content')
  681 |       assert.strictEqual(res.headers.get('content-encoding'), 'br')
> 682 |       assert.strictEqual(res.ok, true)
      |      ^ Assertion Roulette
  683 |       return res.text().then(result => {
  684 |         assert.strictEqual(typeof result, 'string')
  685 |         assert.strictEqual(result, '')"
/home/gabriel/Disk/Research/research-javascript-test-smells/repositories/undici/test/node-fetch/main.js,Assertion Roulette,"{'column': 8, 'line': 684}","  682 |       assert.strictEqual(res.ok, true)
  683 |       return res.text().then(result => {
> 684 |         assert.strictEqual(typeof result, 'string')
      |        ^ Assertion Roulette
  685 |         assert.strictEqual(result, '')
  686 |       })
  687 |     })"
/home/gabriel/Disk/Research/research-javascript-test-smells/repositories/undici/test/node-fetch/main.js,Assertion Roulette,"{'column': 8, 'line': 685}","  683 |       return res.text().then(result => {
  684 |         assert.strictEqual(typeof result, 'string')
> 685 |         assert.strictEqual(result, '')
      |        ^ Assertion Roulette
  686 |       })
  687 |     })
  688 |   })"
/home/gabriel/Disk/Research/research-javascript-test-smells/repositories/undici/test/node-fetch/main.js,Assertion Roulette,"{'column': 6, 'line': 693}","  691 |     const url = `${base}sdch`
  692 |     return fetch(url).then(res => {
> 693 |       assert.strictEqual(res.headers.get('content-type'), 'text/plain')
      |      ^ Assertion Roulette
  694 |       return res.text().then(result => {
  695 |         assert.strictEqual(typeof result, 'string')
  696 |         assert.strictEqual(result, 'fake sdch string')"
/home/gabriel/Disk/Research/research-javascript-test-smells/repositories/undici/test/node-fetch/main.js,Assertion Roulette,"{'column': 8, 'line': 695}","  693 |       assert.strictEqual(res.headers.get('content-type'), 'text/plain')
  694 |       return res.text().then(result => {
> 695 |         assert.strictEqual(typeof result, 'string')
      |        ^ Assertion Roulette
  696 |         assert.strictEqual(result, 'fake sdch string')
  697 |       })
  698 |     })"
/home/gabriel/Disk/Research/research-javascript-test-smells/repositories/undici/test/node-fetch/main.js,Assertion Roulette,"{'column': 8, 'line': 696}","  694 |       return res.text().then(result => {
  695 |         assert.strictEqual(typeof result, 'string')
> 696 |         assert.strictEqual(result, 'fake sdch string')
      |        ^ Assertion Roulette
  697 |       })
  698 |     })
  699 |   })"
/home/gabriel/Disk/Research/research-javascript-test-smells/repositories/undici/test/node-fetch/main.js,Assertion Roulette,"{'column': 6, 'line': 704}","  702 |     const url = `${base}multiunsupported`
  703 |     return fetch(url).then(res => {
> 704 |       assert.strictEqual(res.headers.get('content-type'), 'text/plain')
      |      ^ Assertion Roulette
  705 |       return res.text().then(result => {
  706 |         assert.strictEqual(typeof result, 'string')
  707 |         assert.strictEqual(result, 'multiunsupported')"
/home/gabriel/Disk/Research/research-javascript-test-smells/repositories/undici/test/node-fetch/main.js,Assertion Roulette,"{'column': 8, 'line': 706}","  704 |       assert.strictEqual(res.headers.get('content-type'), 'text/plain')
  705 |       return res.text().then(result => {
> 706 |         assert.strictEqual(typeof result, 'string')
      |        ^ Assertion Roulette
  707 |         assert.strictEqual(result, 'multiunsupported')
  708 |       })
  709 |     })"
/home/gabriel/Disk/Research/research-javascript-test-smells/repositories/undici/test/node-fetch/main.js,Assertion Roulette,"{'column': 8, 'line': 707}","  705 |       return res.text().then(result => {
  706 |         assert.strictEqual(typeof result, 'string')
> 707 |         assert.strictEqual(result, 'multiunsupported')
      |        ^ Assertion Roulette
  708 |       })
  709 |     })
  710 |   })"
/home/gabriel/Disk/Research/research-javascript-test-smells/repositories/undici/test/node-fetch/main.js,Assertion Roulette,"{'column': 6, 'line': 715}","  713 |     const url = `${base}multisupported`
  714 |     return fetch(url).then(res => {
> 715 |       assert.strictEqual(res.headers.get('content-type'), 'text/plain')
      |      ^ Assertion Roulette
  716 |       return res.text().then(result => {
  717 |         assert.strictEqual(typeof result, 'string')
  718 |         assert.strictEqual(result, 'hello world')"
/home/gabriel/Disk/Research/research-javascript-test-smells/repositories/undici/test/node-fetch/main.js,Assertion Roulette,"{'column': 8, 'line': 717}","  715 |       assert.strictEqual(res.headers.get('content-type'), 'text/plain')
  716 |       return res.text().then(result => {
> 717 |         assert.strictEqual(typeof result, 'string')
      |        ^ Assertion Roulette
  718 |         assert.strictEqual(result, 'hello world')
  719 |       })
  720 |     })"
/home/gabriel/Disk/Research/research-javascript-test-smells/repositories/undici/test/node-fetch/main.js,Assertion Roulette,"{'column': 8, 'line': 718}","  716 |       return res.text().then(result => {
  717 |         assert.strictEqual(typeof result, 'string')
> 718 |         assert.strictEqual(result, 'hello world')
      |        ^ Assertion Roulette
  719 |       })
  720 |     })
  721 |   })"
/home/gabriel/Disk/Research/research-javascript-test-smells/repositories/undici/test/node-fetch/main.js,Assertion Roulette,"{'column': 10, 'line': 796}","  794 |           assert.fail('should have thrown')
  795 |         } catch (error) {
> 796 |           assert.ok(error instanceof Error)
      |          ^ Assertion Roulette
  797 |           assert.strictEqual(error.name, 'AbortError')
  798 |         }
  799 |       }))"
/home/gabriel/Disk/Research/research-javascript-test-smells/repositories/undici/test/node-fetch/main.js,Assertion Roulette,"{'column': 10, 'line': 797}","  795 |         } catch (error) {
  796 |           assert.ok(error instanceof Error)
> 797 |           assert.strictEqual(error.name, 'AbortError')
      |          ^ Assertion Roulette
  798 |         }
  799 |       }))
  800 |     })"
/home/gabriel/Disk/Research/research-javascript-test-smells/repositories/undici/test/node-fetch/main.js,Assertion Roulette,"{'column': 10, 'line': 825}","  823 |           assert.fail('should have thrown')
  824 |         } catch (error) {
> 825 |           assert.ok(error instanceof Error)
      |          ^ Assertion Roulette
  826 |           assert.strictEqual(error.name, 'AbortError')
  827 |         }
  828 |       }))"
/home/gabriel/Disk/Research/research-javascript-test-smells/repositories/undici/test/node-fetch/main.js,Assertion Roulette,"{'column': 10, 'line': 826}","  824 |         } catch (error) {
  825 |           assert.ok(error instanceof Error)
> 826 |           assert.strictEqual(error.name, 'AbortError')
      |          ^ Assertion Roulette
  827 |         }
  828 |       }))
  829 |     })"
/home/gabriel/Disk/Research/research-javascript-test-smells/repositories/undici/test/node-fetch/main.js,Assertion Roulette,"{'column': 8, 'line': 843}","  841 |         assert.fail('should have thrown')
  842 |       } catch (error) {
> 843 |         assert.ok(error instanceof Error)
      |        ^ Assertion Roulette
  844 |         assert.strictEqual(error.name, 'AbortError')
  845 |       }
  846 |     })"
/home/gabriel/Disk/Research/research-javascript-test-smells/repositories/undici/test/node-fetch/main.js,Assertion Roulette,"{'column': 8, 'line': 844}","  842 |       } catch (error) {
  843 |         assert.ok(error instanceof Error)
> 844 |         assert.strictEqual(error.name, 'AbortError')
      |        ^ Assertion Roulette
  845 |       }
  846 |     })
  847 |"
/home/gabriel/Disk/Research/research-javascript-test-smells/repositories/undici/test/node-fetch/main.js,Assertion Roulette,"{'column': 8, 'line': 860}","  858 |         assert.fail('should have thrown')
  859 |       } catch (error) {
> 860 |         assert.ok(error instanceof Error)
      |        ^ Assertion Roulette
  861 |         assert.strictEqual(error.name, 'AbortError')
  862 |       }
  863 |     })"
/home/gabriel/Disk/Research/research-javascript-test-smells/repositories/undici/test/node-fetch/main.js,Assertion Roulette,"{'column': 8, 'line': 861}","  859 |       } catch (error) {
  860 |         assert.ok(error instanceof Error)
> 861 |         assert.strictEqual(error.name, 'AbortError')
      |        ^ Assertion Roulette
  862 |       }
  863 |     })
  864 |"
/home/gabriel/Disk/Research/research-javascript-test-smells/repositories/undici/test/node-fetch/main.js,Assertion Roulette,"{'column': 8, 'line': 870}","  868 |       })
  869 |       const fetched = fetch(request).then(res => {
> 870 |         assert.strictEqual(res.headers.get('content-type'), 'text/plain')
      |        ^ Assertion Roulette
  871 |         const result = res.text()
  872 |         controller.abort()
  873 |         return result"
/home/gabriel/Disk/Research/research-javascript-test-smells/repositories/undici/test/node-fetch/main.js,Assertion Roulette,"{'column': 8, 'line': 880}","  878 |         assert.fail('should have thrown')
  879 |       } catch (error) {
> 880 |         assert.ok(error instanceof Error)
      |        ^ Assertion Roulette
  881 |         assert.strictEqual(error.name, 'AbortError')
  882 |       }
  883 |     })"
/home/gabriel/Disk/Research/research-javascript-test-smells/repositories/undici/test/node-fetch/main.js,Assertion Roulette,"{'column': 8, 'line': 881}","  879 |       } catch (error) {
  880 |         assert.ok(error instanceof Error)
> 881 |         assert.strictEqual(error.name, 'AbortError')
      |        ^ Assertion Roulette
  882 |       }
  883 |     })
  884 |"
/home/gabriel/Disk/Research/research-javascript-test-smells/repositories/undici/test/node-fetch/main.js,Assertion Roulette,"{'column': 8, 'line': 898}","  896 |         assert.fail('should have thrown')
  897 |       } catch (error) {
> 898 |         assert.ok(error instanceof Error)
      |        ^ Assertion Roulette
  899 |         assert.strictEqual(error.name, 'AbortError')
  900 |       }
  901 |     })"
/home/gabriel/Disk/Research/research-javascript-test-smells/repositories/undici/test/node-fetch/main.js,Assertion Roulette,"{'column': 8, 'line': 899}","  897 |       } catch (error) {
  898 |         assert.ok(error instanceof Error)
> 899 |         assert.strictEqual(error.name, 'AbortError')
      |        ^ Assertion Roulette
  900 |       }
  901 |     })
  902 |"
/home/gabriel/Disk/Research/research-javascript-test-smells/repositories/undici/test/node-fetch/main.js,Assertion Roulette,"{'column': 8, 'line': 915}","  913 |         assert.fail('should have thrown')
  914 |       } catch (error) {
> 915 |         assert.ok(error instanceof Error)
      |        ^ Assertion Roulette
  916 |         assert.strictEqual(error.name, 'AbortError')
  917 |       }
  918 |     })"
/home/gabriel/Disk/Research/research-javascript-test-smells/repositories/undici/test/node-fetch/main.js,Assertion Roulette,"{'column': 8, 'line': 916}","  914 |       } catch (error) {
  915 |         assert.ok(error instanceof Error)
> 916 |         assert.strictEqual(error.name, 'AbortError')
      |        ^ Assertion Roulette
  917 |       }
  918 |     })
  919 |   })"
/home/gabriel/Disk/Research/research-javascript-test-smells/repositories/undici/test/node-fetch/main.js,Assertion Roulette,"{'column': 6, 'line': 974}","  972 |       return res.json()
  973 |     }).then(res => {
> 974 |       assert.strictEqual(res.method, 'POST')
      |      ^ Assertion Roulette
  975 |       assert.strictEqual(res.headers['transfer-encoding'], undefined)
  976 |       assert.strictEqual(res.headers['content-type'], undefined)
  977 |       assert.strictEqual(res.headers['content-length'], '0')"
/home/gabriel/Disk/Research/research-javascript-test-smells/repositories/undici/test/node-fetch/main.js,Assertion Roulette,"{'column': 6, 'line': 975}","  973 |     }).then(res => {
  974 |       assert.strictEqual(res.method, 'POST')
> 975 |       assert.strictEqual(res.headers['transfer-encoding'], undefined)
      |      ^ Assertion Roulette
  976 |       assert.strictEqual(res.headers['content-type'], undefined)
  977 |       assert.strictEqual(res.headers['content-length'], '0')
  978 |     })"
/home/gabriel/Disk/Research/research-javascript-test-smells/repositories/undici/test/node-fetch/main.js,Assertion Roulette,"{'column': 6, 'line': 976}","  974 |       assert.strictEqual(res.method, 'POST')
  975 |       assert.strictEqual(res.headers['transfer-encoding'], undefined)
> 976 |       assert.strictEqual(res.headers['content-type'], undefined)
      |      ^ Assertion Roulette
  977 |       assert.strictEqual(res.headers['content-length'], '0')
  978 |     })
  979 |   })"
/home/gabriel/Disk/Research/research-javascript-test-smells/repositories/undici/test/node-fetch/main.js,Assertion Roulette,"{'column': 6, 'line': 977}","  975 |       assert.strictEqual(res.headers['transfer-encoding'], undefined)
  976 |       assert.strictEqual(res.headers['content-type'], undefined)
> 977 |       assert.strictEqual(res.headers['content-length'], '0')
      |      ^ Assertion Roulette
  978 |     })
  979 |   })
  980 |"
/home/gabriel/Disk/Research/research-javascript-test-smells/repositories/undici/test/node-fetch/main.js,Assertion Roulette,"{'column': 6, 'line': 990}","  988 |       return res.json()
  989 |     }).then(res => {
> 990 |       assert.strictEqual(res.method, 'POST')
      |      ^ Assertion Roulette
  991 |       assert.strictEqual(res.body, 'a=1')
  992 |       assert.strictEqual(res.headers['transfer-encoding'], undefined)
  993 |       assert.strictEqual(res.headers['content-type'], 'text/plain;charset=UTF-8')"
/home/gabriel/Disk/Research/research-javascript-test-smells/repositories/undici/test/node-fetch/main.js,Assertion Roulette,"{'column': 6, 'line': 991}","  989 |     }).then(res => {
  990 |       assert.strictEqual(res.method, 'POST')
> 991 |       assert.strictEqual(res.body, 'a=1')
      |      ^ Assertion Roulette
  992 |       assert.strictEqual(res.headers['transfer-encoding'], undefined)
  993 |       assert.strictEqual(res.headers['content-type'], 'text/plain;charset=UTF-8')
  994 |       assert.strictEqual(res.headers['content-length'], '3')"
/home/gabriel/Disk/Research/research-javascript-test-smells/repositories/undici/test/node-fetch/main.js,Assertion Roulette,"{'column': 6, 'line': 992}","  990 |       assert.strictEqual(res.method, 'POST')
  991 |       assert.strictEqual(res.body, 'a=1')
> 992 |       assert.strictEqual(res.headers['transfer-encoding'], undefined)
      |      ^ Assertion Roulette
  993 |       assert.strictEqual(res.headers['content-type'], 'text/plain;charset=UTF-8')
  994 |       assert.strictEqual(res.headers['content-length'], '3')
  995 |     })"
/home/gabriel/Disk/Research/research-javascript-test-smells/repositories/undici/test/node-fetch/main.js,Assertion Roulette,"{'column': 6, 'line': 993}","  991 |       assert.strictEqual(res.body, 'a=1')
  992 |       assert.strictEqual(res.headers['transfer-encoding'], undefined)
> 993 |       assert.strictEqual(res.headers['content-type'], 'text/plain;charset=UTF-8')
      |      ^ Assertion Roulette
  994 |       assert.strictEqual(res.headers['content-length'], '3')
  995 |     })
  996 |   })"
/home/gabriel/Disk/Research/research-javascript-test-smells/repositories/undici/test/node-fetch/main.js,Assertion Roulette,"{'column': 6, 'line': 994}","  992 |       assert.strictEqual(res.headers['transfer-encoding'], undefined)
  993 |       assert.strictEqual(res.headers['content-type'], 'text/plain;charset=UTF-8')
> 994 |       assert.strictEqual(res.headers['content-length'], '3')
      |      ^ Assertion Roulette
  995 |     })
  996 |   })
  997 |"
/home/gabriel/Disk/Research/research-javascript-test-smells/repositories/undici/test/node-fetch/main.js,Assertion Roulette,"{'column': 6, 'line': 1007}","  1005 |       return res.json()
  1006 |     }).then(res => {
> 1007 |       assert.strictEqual(res.method, 'POST')
       |      ^ Assertion Roulette
  1008 |       assert.strictEqual(res.body, 'a=1')
  1009 |       assert.strictEqual(res.headers['transfer-encoding'], undefined)
  1010 |       assert.strictEqual(res.headers['content-type'], undefined)"
/home/gabriel/Disk/Research/research-javascript-test-smells/repositories/undici/test/node-fetch/main.js,Assertion Roulette,"{'column': 6, 'line': 1008}","  1006 |     }).then(res => {
  1007 |       assert.strictEqual(res.method, 'POST')
> 1008 |       assert.strictEqual(res.body, 'a=1')
       |      ^ Assertion Roulette
  1009 |       assert.strictEqual(res.headers['transfer-encoding'], undefined)
  1010 |       assert.strictEqual(res.headers['content-type'], undefined)
  1011 |       assert.strictEqual(res.headers['content-length'], '3')"
/home/gabriel/Disk/Research/research-javascript-test-smells/repositories/undici/test/node-fetch/main.js,Assertion Roulette,"{'column': 6, 'line': 1009}","  1007 |       assert.strictEqual(res.method, 'POST')
  1008 |       assert.strictEqual(res.body, 'a=1')
> 1009 |       assert.strictEqual(res.headers['transfer-encoding'], undefined)
       |      ^ Assertion Roulette
  1010 |       assert.strictEqual(res.headers['content-type'], undefined)
  1011 |       assert.strictEqual(res.headers['content-length'], '3')
  1012 |     })"
/home/gabriel/Disk/Research/research-javascript-test-smells/repositories/undici/test/node-fetch/main.js,Assertion Roulette,"{'column': 6, 'line': 1010}","  1008 |       assert.strictEqual(res.body, 'a=1')
  1009 |       assert.strictEqual(res.headers['transfer-encoding'], undefined)
> 1010 |       assert.strictEqual(res.headers['content-type'], undefined)
       |      ^ Assertion Roulette
  1011 |       assert.strictEqual(res.headers['content-length'], '3')
  1012 |     })
  1013 |   })"
/home/gabriel/Disk/Research/research-javascript-test-smells/repositories/undici/test/node-fetch/main.js,Assertion Roulette,"{'column': 6, 'line': 1011}","  1009 |       assert.strictEqual(res.headers['transfer-encoding'], undefined)
  1010 |       assert.strictEqual(res.headers['content-type'], undefined)
> 1011 |       assert.strictEqual(res.headers['content-length'], '3')
       |      ^ Assertion Roulette
  1012 |     })
  1013 |   })
  1014 |"
/home/gabriel/Disk/Research/research-javascript-test-smells/repositories/undici/test/node-fetch/main.js,Assertion Roulette,"{'column': 6, 'line': 1023}","  1021 |     }
  1022 |     return fetch(url, options).then(res => res.json()).then(res => {
> 1023 |       assert.strictEqual(res.method, 'POST')
       |      ^ Assertion Roulette
  1024 |       assert.strictEqual(res.body, 'Hello, world!\n')
  1025 |       assert.strictEqual(res.headers['transfer-encoding'], undefined)
  1026 |       assert.strictEqual(res.headers['content-type'], undefined)"
/home/gabriel/Disk/Research/research-javascript-test-smells/repositories/undici/test/node-fetch/main.js,Assertion Roulette,"{'column': 6, 'line': 1024}","  1022 |     return fetch(url, options).then(res => res.json()).then(res => {
  1023 |       assert.strictEqual(res.method, 'POST')
> 1024 |       assert.strictEqual(res.body, 'Hello, world!\n')
       |      ^ Assertion Roulette
  1025 |       assert.strictEqual(res.headers['transfer-encoding'], undefined)
  1026 |       assert.strictEqual(res.headers['content-type'], undefined)
  1027 |       assert.strictEqual(res.headers['content-length'], '14')"
/home/gabriel/Disk/Research/research-javascript-test-smells/repositories/undici/test/node-fetch/main.js,Assertion Roulette,"{'column': 6, 'line': 1025}","  1023 |       assert.strictEqual(res.method, 'POST')
  1024 |       assert.strictEqual(res.body, 'Hello, world!\n')
> 1025 |       assert.strictEqual(res.headers['transfer-encoding'], undefined)
       |      ^ Assertion Roulette
  1026 |       assert.strictEqual(res.headers['content-type'], undefined)
  1027 |       assert.strictEqual(res.headers['content-length'], '14')
  1028 |     })"
/home/gabriel/Disk/Research/research-javascript-test-smells/repositories/undici/test/node-fetch/main.js,Assertion Roulette,"{'column': 6, 'line': 1026}","  1024 |       assert.strictEqual(res.body, 'Hello, world!\n')
  1025 |       assert.strictEqual(res.headers['transfer-encoding'], undefined)
> 1026 |       assert.strictEqual(res.headers['content-type'], undefined)
       |      ^ Assertion Roulette
  1027 |       assert.strictEqual(res.headers['content-length'], '14')
  1028 |     })
  1029 |   })"
/home/gabriel/Disk/Research/research-javascript-test-smells/repositories/undici/test/node-fetch/main.js,Assertion Roulette,"{'column': 6, 'line': 1027}","  1025 |       assert.strictEqual(res.headers['transfer-encoding'], undefined)
  1026 |       assert.strictEqual(res.headers['content-type'], undefined)
> 1027 |       assert.strictEqual(res.headers['content-length'], '14')
       |      ^ Assertion Roulette
  1028 |     })
  1029 |   })
  1030 |"
/home/gabriel/Disk/Research/research-javascript-test-smells/repositories/undici/test/node-fetch/main.js,Assertion Roulette,"{'column': 6, 'line': 1038}","  1036 |     }
  1037 |     return fetch(url, options).then(res => res.json()).then(res => {
> 1038 |       assert.strictEqual(res.method, 'POST')
       |      ^ Assertion Roulette
  1039 |       assert.strictEqual(res.body, 'Hello, world!\n')
  1040 |       assert.strictEqual(res.headers['transfer-encoding'], undefined)
  1041 |       assert.strictEqual(res.headers['content-type'], undefined)"
/home/gabriel/Disk/Research/research-javascript-test-smells/repositories/undici/test/node-fetch/main.js,Assertion Roulette,"{'column': 6, 'line': 1039}","  1037 |     return fetch(url, options).then(res => res.json()).then(res => {
  1038 |       assert.strictEqual(res.method, 'POST')
> 1039 |       assert.strictEqual(res.body, 'Hello, world!\n')
       |      ^ Assertion Roulette
  1040 |       assert.strictEqual(res.headers['transfer-encoding'], undefined)
  1041 |       assert.strictEqual(res.headers['content-type'], undefined)
  1042 |       assert.strictEqual(res.headers['content-length'], '14')"
/home/gabriel/Disk/Research/research-javascript-test-smells/repositories/undici/test/node-fetch/main.js,Assertion Roulette,"{'column': 6, 'line': 1040}","  1038 |       assert.strictEqual(res.method, 'POST')
  1039 |       assert.strictEqual(res.body, 'Hello, world!\n')
> 1040 |       assert.strictEqual(res.headers['transfer-encoding'], undefined)
       |      ^ Assertion Roulette
  1041 |       assert.strictEqual(res.headers['content-type'], undefined)
  1042 |       assert.strictEqual(res.headers['content-length'], '14')
  1043 |     })"
/home/gabriel/Disk/Research/research-javascript-test-smells/repositories/undici/test/node-fetch/main.js,Assertion Roulette,"{'column': 6, 'line': 1041}","  1039 |       assert.strictEqual(res.body, 'Hello, world!\n')
  1040 |       assert.strictEqual(res.headers['transfer-encoding'], undefined)
> 1041 |       assert.strictEqual(res.headers['content-type'], undefined)
       |      ^ Assertion Roulette
  1042 |       assert.strictEqual(res.headers['content-length'], '14')
  1043 |     })
  1044 |   })"
/home/gabriel/Disk/Research/research-javascript-test-smells/repositories/undici/test/node-fetch/main.js,Assertion Roulette,"{'column': 6, 'line': 1042}","  1040 |       assert.strictEqual(res.headers['transfer-encoding'], undefined)
  1041 |       assert.strictEqual(res.headers['content-type'], undefined)
> 1042 |       assert.strictEqual(res.headers['content-length'], '14')
       |      ^ Assertion Roulette
  1043 |     })
  1044 |   })
  1045 |"
/home/gabriel/Disk/Research/research-javascript-test-smells/repositories/undici/test/node-fetch/main.js,Assertion Roulette,"{'column': 6, 'line': 1054}","  1052 |     }
  1053 |     return fetch(url, options).then(res => res.json()).then(res => {
> 1054 |       assert.strictEqual(res.method, 'POST')
       |      ^ Assertion Roulette
  1055 |       assert.strictEqual(res.body, 'Hello, world!\n')
  1056 |       assert.strictEqual(res.headers['transfer-encoding'], undefined)
  1057 |       assert.strictEqual(res.headers['content-type'], undefined)"
/home/gabriel/Disk/Research/research-javascript-test-smells/repositories/undici/test/node-fetch/main.js,Assertion Roulette,"{'column': 6, 'line': 1055}","  1053 |     return fetch(url, options).then(res => res.json()).then(res => {
  1054 |       assert.strictEqual(res.method, 'POST')
> 1055 |       assert.strictEqual(res.body, 'Hello, world!\n')
       |      ^ Assertion Roulette
  1056 |       assert.strictEqual(res.headers['transfer-encoding'], undefined)
  1057 |       assert.strictEqual(res.headers['content-type'], undefined)
  1058 |       assert.strictEqual(res.headers['content-length'], '14')"
/home/gabriel/Disk/Research/research-javascript-test-smells/repositories/undici/test/node-fetch/main.js,Assertion Roulette,"{'column': 6, 'line': 1056}","  1054 |       assert.strictEqual(res.method, 'POST')
  1055 |       assert.strictEqual(res.body, 'Hello, world!\n')
> 1056 |       assert.strictEqual(res.headers['transfer-encoding'], undefined)
       |      ^ Assertion Roulette
  1057 |       assert.strictEqual(res.headers['content-type'], undefined)
  1058 |       assert.strictEqual(res.headers['content-length'], '14')
  1059 |     })"
/home/gabriel/Disk/Research/research-javascript-test-smells/repositories/undici/test/node-fetch/main.js,Assertion Roulette,"{'column': 6, 'line': 1057}","  1055 |       assert.strictEqual(res.body, 'Hello, world!\n')
  1056 |       assert.strictEqual(res.headers['transfer-encoding'], undefined)
> 1057 |       assert.strictEqual(res.headers['content-type'], undefined)
       |      ^ Assertion Roulette
  1058 |       assert.strictEqual(res.headers['content-length'], '14')
  1059 |     })
  1060 |   })"
/home/gabriel/Disk/Research/research-javascript-test-smells/repositories/undici/test/node-fetch/main.js,Assertion Roulette,"{'column': 6, 'line': 1058}","  1056 |       assert.strictEqual(res.headers['transfer-encoding'], undefined)
  1057 |       assert.strictEqual(res.headers['content-type'], undefined)
> 1058 |       assert.strictEqual(res.headers['content-length'], '14')
       |      ^ Assertion Roulette
  1059 |     })
  1060 |   })
  1061 |"
/home/gabriel/Disk/Research/research-javascript-test-smells/repositories/undici/test/node-fetch/main.js,Assertion Roulette,"{'column': 6, 'line': 1070}","  1068 |     }
  1069 |     return fetch(url, options).then(res => res.json()).then(res => {
> 1070 |       assert.strictEqual(res.method, 'POST')
       |      ^ Assertion Roulette
  1071 |       assert.strictEqual(res.body, '0123456789abcdef')
  1072 |       assert.strictEqual(res.headers['transfer-encoding'], undefined)
  1073 |       assert.strictEqual(res.headers['content-type'], undefined)"
/home/gabriel/Disk/Research/research-javascript-test-smells/repositories/undici/test/node-fetch/main.js,Assertion Roulette,"{'column': 6, 'line': 1071}","  1069 |     return fetch(url, options).then(res => res.json()).then(res => {
  1070 |       assert.strictEqual(res.method, 'POST')
> 1071 |       assert.strictEqual(res.body, '0123456789abcdef')
       |      ^ Assertion Roulette
  1072 |       assert.strictEqual(res.headers['transfer-encoding'], undefined)
  1073 |       assert.strictEqual(res.headers['content-type'], undefined)
  1074 |       assert.strictEqual(res.headers['content-length'], '16')"
/home/gabriel/Disk/Research/research-javascript-test-smells/repositories/undici/test/node-fetch/main.js,Assertion Roulette,"{'column': 6, 'line': 1072}","  1070 |       assert.strictEqual(res.method, 'POST')
  1071 |       assert.strictEqual(res.body, '0123456789abcdef')
> 1072 |       assert.strictEqual(res.headers['transfer-encoding'], undefined)
       |      ^ Assertion Roulette
  1073 |       assert.strictEqual(res.headers['content-type'], undefined)
  1074 |       assert.strictEqual(res.headers['content-length'], '16')
  1075 |     })"
/home/gabriel/Disk/Research/research-javascript-test-smells/repositories/undici/test/node-fetch/main.js,Assertion Roulette,"{'column': 6, 'line': 1073}","  1071 |       assert.strictEqual(res.body, '0123456789abcdef')
  1072 |       assert.strictEqual(res.headers['transfer-encoding'], undefined)
> 1073 |       assert.strictEqual(res.headers['content-type'], undefined)
       |      ^ Assertion Roulette
  1074 |       assert.strictEqual(res.headers['content-length'], '16')
  1075 |     })
  1076 |   })"
/home/gabriel/Disk/Research/research-javascript-test-smells/repositories/undici/test/node-fetch/main.js,Assertion Roulette,"{'column': 6, 'line': 1074}","  1072 |       assert.strictEqual(res.headers['transfer-encoding'], undefined)
  1073 |       assert.strictEqual(res.headers['content-type'], undefined)
> 1074 |       assert.strictEqual(res.headers['content-length'], '16')
       |      ^ Assertion Roulette
  1075 |     })
  1076 |   })
  1077 |"
/home/gabriel/Disk/Research/research-javascript-test-smells/repositories/undici/test/node-fetch/main.js,Assertion Roulette,"{'column': 6, 'line': 1086}","  1084 |     }
  1085 |     return fetch(url, options).then(res => res.json()).then(res => {
> 1086 |       assert.strictEqual(res.method, 'POST')
       |      ^ Assertion Roulette
  1087 |       assert.strictEqual(res.body, 'Hello, world!\n')
  1088 |       assert.strictEqual(res.headers['transfer-encoding'], undefined)
  1089 |       assert.strictEqual(res.headers['content-type'], undefined)"
/home/gabriel/Disk/Research/research-javascript-test-smells/repositories/undici/test/node-fetch/main.js,Assertion Roulette,"{'column': 6, 'line': 1087}","  1085 |     return fetch(url, options).then(res => res.json()).then(res => {
  1086 |       assert.strictEqual(res.method, 'POST')
> 1087 |       assert.strictEqual(res.body, 'Hello, world!\n')
       |      ^ Assertion Roulette
  1088 |       assert.strictEqual(res.headers['transfer-encoding'], undefined)
  1089 |       assert.strictEqual(res.headers['content-type'], undefined)
  1090 |       assert.strictEqual(res.headers['content-length'], '14')"
/home/gabriel/Disk/Research/research-javascript-test-smells/repositories/undici/test/node-fetch/main.js,Assertion Roulette,"{'column': 6, 'line': 1088}","  1086 |       assert.strictEqual(res.method, 'POST')
  1087 |       assert.strictEqual(res.body, 'Hello, world!\n')
> 1088 |       assert.strictEqual(res.headers['transfer-encoding'], undefined)
       |      ^ Assertion Roulette
  1089 |       assert.strictEqual(res.headers['content-type'], undefined)
  1090 |       assert.strictEqual(res.headers['content-length'], '14')
  1091 |     })"
/home/gabriel/Disk/Research/research-javascript-test-smells/repositories/undici/test/node-fetch/main.js,Assertion Roulette,"{'column': 6, 'line': 1089}","  1087 |       assert.strictEqual(res.body, 'Hello, world!\n')
  1088 |       assert.strictEqual(res.headers['transfer-encoding'], undefined)
> 1089 |       assert.strictEqual(res.headers['content-type'], undefined)
       |      ^ Assertion Roulette
  1090 |       assert.strictEqual(res.headers['content-length'], '14')
  1091 |     })
  1092 |   })"
/home/gabriel/Disk/Research/research-javascript-test-smells/repositories/undici/test/node-fetch/main.js,Assertion Roulette,"{'column': 6, 'line': 1090}","  1088 |       assert.strictEqual(res.headers['transfer-encoding'], undefined)
  1089 |       assert.strictEqual(res.headers['content-type'], undefined)
> 1090 |       assert.strictEqual(res.headers['content-length'], '14')
       |      ^ Assertion Roulette
  1091 |     })
  1092 |   })
  1093 |"
/home/gabriel/Disk/Research/research-javascript-test-smells/repositories/undici/test/node-fetch/main.js,Assertion Roulette,"{'column': 6, 'line': 1101}","  1099 |     }
  1100 |     return fetch(url, options).then(res => res.json()).then(res => {
> 1101 |       assert.strictEqual(res.method, 'POST')
       |      ^ Assertion Roulette
  1102 |       assert.strictEqual(res.body, 'Hello, world!\n')
  1103 |       assert.strictEqual(res.headers['transfer-encoding'], undefined)
  1104 |       assert.strictEqual(res.headers['content-type'], undefined)"
/home/gabriel/Disk/Research/research-javascript-test-smells/repositories/undici/test/node-fetch/main.js,Assertion Roulette,"{'column': 6, 'line': 1102}","  1100 |     return fetch(url, options).then(res => res.json()).then(res => {
  1101 |       assert.strictEqual(res.method, 'POST')
> 1102 |       assert.strictEqual(res.body, 'Hello, world!\n')
       |      ^ Assertion Roulette
  1103 |       assert.strictEqual(res.headers['transfer-encoding'], undefined)
  1104 |       assert.strictEqual(res.headers['content-type'], undefined)
  1105 |       assert.strictEqual(res.headers['content-length'], '14')"
/home/gabriel/Disk/Research/research-javascript-test-smells/repositories/undici/test/node-fetch/main.js,Assertion Roulette,"{'column': 6, 'line': 1103}","  1101 |       assert.strictEqual(res.method, 'POST')
  1102 |       assert.strictEqual(res.body, 'Hello, world!\n')
> 1103 |       assert.strictEqual(res.headers['transfer-encoding'], undefined)
       |      ^ Assertion Roulette
  1104 |       assert.strictEqual(res.headers['content-type'], undefined)
  1105 |       assert.strictEqual(res.headers['content-length'], '14')
  1106 |     })"
/home/gabriel/Disk/Research/research-javascript-test-smells/repositories/undici/test/node-fetch/main.js,Assertion Roulette,"{'column': 6, 'line': 1104}","  1102 |       assert.strictEqual(res.body, 'Hello, world!\n')
  1103 |       assert.strictEqual(res.headers['transfer-encoding'], undefined)
> 1104 |       assert.strictEqual(res.headers['content-type'], undefined)
       |      ^ Assertion Roulette
  1105 |       assert.strictEqual(res.headers['content-length'], '14')
  1106 |     })
  1107 |   })"
/home/gabriel/Disk/Research/research-javascript-test-smells/repositories/undici/test/node-fetch/main.js,Assertion Roulette,"{'column': 6, 'line': 1105}","  1103 |       assert.strictEqual(res.headers['transfer-encoding'], undefined)
  1104 |       assert.strictEqual(res.headers['content-type'], undefined)
> 1105 |       assert.strictEqual(res.headers['content-length'], '14')
       |      ^ Assertion Roulette
  1106 |     })
  1107 |   })
  1108 |"
/home/gabriel/Disk/Research/research-javascript-test-smells/repositories/undici/test/node-fetch/main.js,Assertion Roulette,"{'column': 6, 'line': 1117}","  1115 |     }
  1116 |     return fetch(url, options).then(res => res.json()).then(res => {
> 1117 |       assert.strictEqual(res.method, 'POST')
       |      ^ Assertion Roulette
  1118 |       assert.strictEqual(res.body, 'world!')
  1119 |       assert.strictEqual(res.headers['transfer-encoding'], undefined)
  1120 |       assert.strictEqual(res.headers['content-type'], undefined)"
/home/gabriel/Disk/Research/research-javascript-test-smells/repositories/undici/test/node-fetch/main.js,Assertion Roulette,"{'column': 6, 'line': 1118}","  1116 |     return fetch(url, options).then(res => res.json()).then(res => {
  1117 |       assert.strictEqual(res.method, 'POST')
> 1118 |       assert.strictEqual(res.body, 'world!')
       |      ^ Assertion Roulette
  1119 |       assert.strictEqual(res.headers['transfer-encoding'], undefined)
  1120 |       assert.strictEqual(res.headers['content-type'], undefined)
  1121 |       assert.strictEqual(res.headers['content-length'], '6')"
/home/gabriel/Disk/Research/research-javascript-test-smells/repositories/undici/test/node-fetch/main.js,Assertion Roulette,"{'column': 6, 'line': 1119}","  1117 |       assert.strictEqual(res.method, 'POST')
  1118 |       assert.strictEqual(res.body, 'world!')
> 1119 |       assert.strictEqual(res.headers['transfer-encoding'], undefined)
       |      ^ Assertion Roulette
  1120 |       assert.strictEqual(res.headers['content-type'], undefined)
  1121 |       assert.strictEqual(res.headers['content-length'], '6')
  1122 |     })"
/home/gabriel/Disk/Research/research-javascript-test-smells/repositories/undici/test/node-fetch/main.js,Assertion Roulette,"{'column': 6, 'line': 1120}","  1118 |       assert.strictEqual(res.body, 'world!')
  1119 |       assert.strictEqual(res.headers['transfer-encoding'], undefined)
> 1120 |       assert.strictEqual(res.headers['content-type'], undefined)
       |      ^ Assertion Roulette
  1121 |       assert.strictEqual(res.headers['content-length'], '6')
  1122 |     })
  1123 |   })"
/home/gabriel/Disk/Research/research-javascript-test-smells/repositories/undici/test/node-fetch/main.js,Assertion Roulette,"{'column': 6, 'line': 1121}","  1119 |       assert.strictEqual(res.headers['transfer-encoding'], undefined)
  1120 |       assert.strictEqual(res.headers['content-type'], undefined)
> 1121 |       assert.strictEqual(res.headers['content-length'], '6')
       |      ^ Assertion Roulette
  1122 |     })
  1123 |   })
  1124 |"
/home/gabriel/Disk/Research/research-javascript-test-smells/repositories/undici/test/node-fetch/main.js,Assertion Roulette,"{'column': 6, 'line': 1134}","  1132 |       return res.json()
  1133 |     }).then(res => {
> 1134 |       assert.strictEqual(res.method, 'POST')
       |      ^ Assertion Roulette
  1135 |       assert.strictEqual(res.body, 'a=1')
  1136 |       assert.strictEqual(res.headers['transfer-encoding'], undefined)
  1137 |       // assert.strictEqual(res.headers['content-type'], undefined)"
/home/gabriel/Disk/Research/research-javascript-test-smells/repositories/undici/test/node-fetch/main.js,Assertion Roulette,"{'column': 6, 'line': 1135}","  1133 |     }).then(res => {
  1134 |       assert.strictEqual(res.method, 'POST')
> 1135 |       assert.strictEqual(res.body, 'a=1')
       |      ^ Assertion Roulette
  1136 |       assert.strictEqual(res.headers['transfer-encoding'], undefined)
  1137 |       // assert.strictEqual(res.headers['content-type'], undefined)
  1138 |       assert.strictEqual(res.headers['content-length'], '3')"
/home/gabriel/Disk/Research/research-javascript-test-smells/repositories/undici/test/node-fetch/main.js,Assertion Roulette,"{'column': 6, 'line': 1136}","  1134 |       assert.strictEqual(res.method, 'POST')
  1135 |       assert.strictEqual(res.body, 'a=1')
> 1136 |       assert.strictEqual(res.headers['transfer-encoding'], undefined)
       |      ^ Assertion Roulette
  1137 |       // assert.strictEqual(res.headers['content-type'], undefined)
  1138 |       assert.strictEqual(res.headers['content-length'], '3')
  1139 |     })"
/home/gabriel/Disk/Research/research-javascript-test-smells/repositories/undici/test/node-fetch/main.js,Assertion Roulette,"{'column': 6, 'line': 1138}","  1136 |       assert.strictEqual(res.headers['transfer-encoding'], undefined)
  1137 |       // assert.strictEqual(res.headers['content-type'], undefined)
> 1138 |       assert.strictEqual(res.headers['content-length'], '3')
       |      ^ Assertion Roulette
  1139 |     })
  1140 |   })
  1141 |"
/home/gabriel/Disk/Research/research-javascript-test-smells/repositories/undici/test/node-fetch/main.js,Assertion Roulette,"{'column': 6, 'line': 1153}","  1151 |       return res.json()
  1152 |     }).then(res => {
> 1153 |       assert.strictEqual(res.method, 'POST')
       |      ^ Assertion Roulette
  1154 |       assert.strictEqual(res.body, 'a=1')
  1155 |       assert.strictEqual(res.headers['transfer-encoding'], undefined)
  1156 |       assert.strictEqual(res.headers['content-type'], 'text/plain;charset=utf-8')"
/home/gabriel/Disk/Research/research-javascript-test-smells/repositories/undici/test/node-fetch/main.js,Assertion Roulette,"{'column': 6, 'line': 1154}","  1152 |     }).then(res => {
  1153 |       assert.strictEqual(res.method, 'POST')
> 1154 |       assert.strictEqual(res.body, 'a=1')
       |      ^ Assertion Roulette
  1155 |       assert.strictEqual(res.headers['transfer-encoding'], undefined)
  1156 |       assert.strictEqual(res.headers['content-type'], 'text/plain;charset=utf-8')
  1157 |       assert.strictEqual(res.headers['content-length'], '3')"
/home/gabriel/Disk/Research/research-javascript-test-smells/repositories/undici/test/node-fetch/main.js,Assertion Roulette,"{'column': 6, 'line': 1155}","  1153 |       assert.strictEqual(res.method, 'POST')
  1154 |       assert.strictEqual(res.body, 'a=1')
> 1155 |       assert.strictEqual(res.headers['transfer-encoding'], undefined)
       |      ^ Assertion Roulette
  1156 |       assert.strictEqual(res.headers['content-type'], 'text/plain;charset=utf-8')
  1157 |       assert.strictEqual(res.headers['content-length'], '3')
  1158 |     })"
/home/gabriel/Disk/Research/research-javascript-test-smells/repositories/undici/test/node-fetch/main.js,Assertion Roulette,"{'column': 6, 'line': 1156}","  1154 |       assert.strictEqual(res.body, 'a=1')
  1155 |       assert.strictEqual(res.headers['transfer-encoding'], undefined)
> 1156 |       assert.strictEqual(res.headers['content-type'], 'text/plain;charset=utf-8')
       |      ^ Assertion Roulette
  1157 |       assert.strictEqual(res.headers['content-length'], '3')
  1158 |     })
  1159 |   })"
/home/gabriel/Disk/Research/research-javascript-test-smells/repositories/undici/test/node-fetch/main.js,Assertion Roulette,"{'column': 6, 'line': 1157}","  1155 |       assert.strictEqual(res.headers['transfer-encoding'], undefined)
  1156 |       assert.strictEqual(res.headers['content-type'], 'text/plain;charset=utf-8')
> 1157 |       assert.strictEqual(res.headers['content-length'], '3')
       |      ^ Assertion Roulette
  1158 |     })
  1159 |   })
  1160 |"
/home/gabriel/Disk/Research/research-javascript-test-smells/repositories/undici/test/node-fetch/main.js,Assertion Roulette,"{'column': 6, 'line': 1171}","  1169 |       return res.json()
  1170 |     }).then(res => {
> 1171 |       assert.strictEqual(res.method, 'POST')
       |      ^ Assertion Roulette
  1172 |       assert.strictEqual(res.body, 'a=1')
  1173 |       assert.strictEqual(res.headers['transfer-encoding'], 'chunked')
  1174 |       assert.strictEqual(res.headers['content-type'], undefined)"
/home/gabriel/Disk/Research/research-javascript-test-smells/repositories/undici/test/node-fetch/main.js,Assertion Roulette,"{'column': 6, 'line': 1172}","  1170 |     }).then(res => {
  1171 |       assert.strictEqual(res.method, 'POST')
> 1172 |       assert.strictEqual(res.body, 'a=1')
       |      ^ Assertion Roulette
  1173 |       assert.strictEqual(res.headers['transfer-encoding'], 'chunked')
  1174 |       assert.strictEqual(res.headers['content-type'], undefined)
  1175 |       assert.strictEqual(res.headers['content-length'], undefined)"
/home/gabriel/Disk/Research/research-javascript-test-smells/repositories/undici/test/node-fetch/main.js,Assertion Roulette,"{'column': 6, 'line': 1173}","  1171 |       assert.strictEqual(res.method, 'POST')
  1172 |       assert.strictEqual(res.body, 'a=1')
> 1173 |       assert.strictEqual(res.headers['transfer-encoding'], 'chunked')
       |      ^ Assertion Roulette
  1174 |       assert.strictEqual(res.headers['content-type'], undefined)
  1175 |       assert.strictEqual(res.headers['content-length'], undefined)
  1176 |     })"
/home/gabriel/Disk/Research/research-javascript-test-smells/repositories/undici/test/node-fetch/main.js,Assertion Roulette,"{'column': 6, 'line': 1174}","  1172 |       assert.strictEqual(res.body, 'a=1')
  1173 |       assert.strictEqual(res.headers['transfer-encoding'], 'chunked')
> 1174 |       assert.strictEqual(res.headers['content-type'], undefined)
       |      ^ Assertion Roulette
  1175 |       assert.strictEqual(res.headers['content-length'], undefined)
  1176 |     })
  1177 |   })"
/home/gabriel/Disk/Research/research-javascript-test-smells/repositories/undici/test/node-fetch/main.js,Assertion Roulette,"{'column': 6, 'line': 1175}","  1173 |       assert.strictEqual(res.headers['transfer-encoding'], 'chunked')
  1174 |       assert.strictEqual(res.headers['content-type'], undefined)
> 1175 |       assert.strictEqual(res.headers['content-length'], undefined)
       |      ^ Assertion Roulette
  1176 |     })
  1177 |   })
  1178 |"
/home/gabriel/Disk/Research/research-javascript-test-smells/repositories/undici/test/node-fetch/main.js,Assertion Roulette,"{'column': 6, 'line': 1189}","  1187 |       return res.json()
  1188 |     }).then(res => {
> 1189 |       assert.strictEqual(res.method, 'POST')
       |      ^ Assertion Roulette
  1190 |       assert.strictEqual(res.body, '[object Object]')
  1191 |       assert.strictEqual(res.headers['content-type'], 'text/plain;charset=UTF-8')
  1192 |       assert.strictEqual(res.headers['content-length'], '15')"
/home/gabriel/Disk/Research/research-javascript-test-smells/repositories/undici/test/node-fetch/main.js,Assertion Roulette,"{'column': 6, 'line': 1190}","  1188 |     }).then(res => {
  1189 |       assert.strictEqual(res.method, 'POST')
> 1190 |       assert.strictEqual(res.body, '[object Object]')
       |      ^ Assertion Roulette
  1191 |       assert.strictEqual(res.headers['content-type'], 'text/plain;charset=UTF-8')
  1192 |       assert.strictEqual(res.headers['content-length'], '15')
  1193 |     })"
/home/gabriel/Disk/Research/research-javascript-test-smells/repositories/undici/test/node-fetch/main.js,Assertion Roulette,"{'column': 6, 'line': 1191}","  1189 |       assert.strictEqual(res.method, 'POST')
  1190 |       assert.strictEqual(res.body, '[object Object]')
> 1191 |       assert.strictEqual(res.headers['content-type'], 'text/plain;charset=UTF-8')
       |      ^ Assertion Roulette
  1192 |       assert.strictEqual(res.headers['content-length'], '15')
  1193 |     })
  1194 |   })"
/home/gabriel/Disk/Research/research-javascript-test-smells/repositories/undici/test/node-fetch/main.js,Assertion Roulette,"{'column': 6, 'line': 1192}","  1190 |       assert.strictEqual(res.body, '[object Object]')
  1191 |       assert.strictEqual(res.headers['content-type'], 'text/plain;charset=UTF-8')
> 1192 |       assert.strictEqual(res.headers['content-length'], '15')
       |      ^ Assertion Roulette
  1193 |     })
  1194 |   })
  1195 |"
/home/gabriel/Disk/Research/research-javascript-test-smells/repositories/undici/test/node-fetch/main.js,Assertion Roulette,"{'column': 6, 'line': 1208}","  1206 |       return res.json()
  1207 |     }).then(res => {
> 1208 |       assert.strictEqual(res.method, 'POST')
       |      ^ Assertion Roulette
  1209 |       assert.ok(res.headers['content-type'].startsWith('multipart/form-data; boundary='))
  1210 |       assert.strictEqual(res.body, 'a=1')
  1211 |     })"
/home/gabriel/Disk/Research/research-javascript-test-smells/repositories/undici/test/node-fetch/main.js,Assertion Roulette,"{'column': 6, 'line': 1209}","  1207 |     }).then(res => {
  1208 |       assert.strictEqual(res.method, 'POST')
> 1209 |       assert.ok(res.headers['content-type'].startsWith('multipart/form-data; boundary='))
       |      ^ Assertion Roulette
  1210 |       assert.strictEqual(res.body, 'a=1')
  1211 |     })
  1212 |   })"
/home/gabriel/Disk/Research/research-javascript-test-smells/repositories/undici/test/node-fetch/main.js,Assertion Roulette,"{'column': 6, 'line': 1210}","  1208 |       assert.strictEqual(res.method, 'POST')
  1209 |       assert.ok(res.headers['content-type'].startsWith('multipart/form-data; boundary='))
> 1210 |       assert.strictEqual(res.body, 'a=1')
       |      ^ Assertion Roulette
  1211 |     })
  1212 |   })
  1213 |"
/home/gabriel/Disk/Research/research-javascript-test-smells/repositories/undici/test/node-fetch/main.js,Assertion Roulette,"{'column': 6, 'line': 1257}","  1255 |       return res.json()
  1256 |     }).then(res => {
> 1257 |       assert.strictEqual(res.method, 'POST')
       |      ^ Assertion Roulette
  1258 |       assert.strictEqual(res.headers['content-type'], 'application/x-www-form-urlencoded;charset=UTF-8')
  1259 |       assert.strictEqual(res.headers['content-length'], '3')
  1260 |       assert.strictEqual(res.body, 'a=1')"
/home/gabriel/Disk/Research/research-javascript-test-smells/repositories/undici/test/node-fetch/main.js,Assertion Roulette,"{'column': 6, 'line': 1258}","  1256 |     }).then(res => {
  1257 |       assert.strictEqual(res.method, 'POST')
> 1258 |       assert.strictEqual(res.headers['content-type'], 'application/x-www-form-urlencoded;charset=UTF-8')
       |      ^ Assertion Roulette
  1259 |       assert.strictEqual(res.headers['content-length'], '3')
  1260 |       assert.strictEqual(res.body, 'a=1')
  1261 |     })"
/home/gabriel/Disk/Research/research-javascript-test-smells/repositories/undici/test/node-fetch/main.js,Assertion Roulette,"{'column': 6, 'line': 1259}","  1257 |       assert.strictEqual(res.method, 'POST')
  1258 |       assert.strictEqual(res.headers['content-type'], 'application/x-www-form-urlencoded;charset=UTF-8')
> 1259 |       assert.strictEqual(res.headers['content-length'], '3')
       |      ^ Assertion Roulette
  1260 |       assert.strictEqual(res.body, 'a=1')
  1261 |     })
  1262 |   })"
/home/gabriel/Disk/Research/research-javascript-test-smells/repositories/undici/test/node-fetch/main.js,Assertion Roulette,"{'column': 6, 'line': 1260}","  1258 |       assert.strictEqual(res.headers['content-type'], 'application/x-www-form-urlencoded;charset=UTF-8')
  1259 |       assert.strictEqual(res.headers['content-length'], '3')
> 1260 |       assert.strictEqual(res.body, 'a=1')
       |      ^ Assertion Roulette
  1261 |     })
  1262 |   })
  1263 |"
/home/gabriel/Disk/Research/research-javascript-test-smells/repositories/undici/test/node-fetch/main.js,Assertion Roulette,"{'column': 6, 'line': 1277}","  1275 |       return res.json()
  1276 |     }).then(res => {
> 1277 |       assert.strictEqual(res.method, 'POST')
       |      ^ Assertion Roulette
  1278 |       assert.strictEqual(res.headers['content-type'], 'application/x-www-form-urlencoded;charset=UTF-8')
  1279 |       assert.strictEqual(res.headers['content-length'], '3')
  1280 |       assert.strictEqual(res.body, 'a=1')"
/home/gabriel/Disk/Research/research-javascript-test-smells/repositories/undici/test/node-fetch/main.js,Assertion Roulette,"{'column': 6, 'line': 1278}","  1276 |     }).then(res => {
  1277 |       assert.strictEqual(res.method, 'POST')
> 1278 |       assert.strictEqual(res.headers['content-type'], 'application/x-www-form-urlencoded;charset=UTF-8')
       |      ^ Assertion Roulette
  1279 |       assert.strictEqual(res.headers['content-length'], '3')
  1280 |       assert.strictEqual(res.body, 'a=1')
  1281 |     })"
/home/gabriel/Disk/Research/research-javascript-test-smells/repositories/undici/test/node-fetch/main.js,Assertion Roulette,"{'column': 6, 'line': 1279}","  1277 |       assert.strictEqual(res.method, 'POST')
  1278 |       assert.strictEqual(res.headers['content-type'], 'application/x-www-form-urlencoded;charset=UTF-8')
> 1279 |       assert.strictEqual(res.headers['content-length'], '3')
       |      ^ Assertion Roulette
  1280 |       assert.strictEqual(res.body, 'a=1')
  1281 |     })
  1282 |   })"
/home/gabriel/Disk/Research/research-javascript-test-smells/repositories/undici/test/node-fetch/main.js,Assertion Roulette,"{'column': 6, 'line': 1280}","  1278 |       assert.strictEqual(res.headers['content-type'], 'application/x-www-form-urlencoded;charset=UTF-8')
  1279 |       assert.strictEqual(res.headers['content-length'], '3')
> 1280 |       assert.strictEqual(res.body, 'a=1')
       |      ^ Assertion Roulette
  1281 |     })
  1282 |   })
  1283 |"
/home/gabriel/Disk/Research/research-javascript-test-smells/repositories/undici/test/node-fetch/main.js,Assertion Roulette,"{'column': 6, 'line': 1293}","  1291 |       return res.json()
  1292 |     }).then(res => {
> 1293 |       assert.strictEqual(res.method, 'PUT')
       |      ^ Assertion Roulette
  1294 |       assert.strictEqual(res.body, 'a=1')
  1295 |     })
  1296 |   })"
/home/gabriel/Disk/Research/research-javascript-test-smells/repositories/undici/test/node-fetch/main.js,Assertion Roulette,"{'column': 6, 'line': 1294}","  1292 |     }).then(res => {
  1293 |       assert.strictEqual(res.method, 'PUT')
> 1294 |       assert.strictEqual(res.body, 'a=1')
       |      ^ Assertion Roulette
  1295 |     })
  1296 |   })
  1297 |"
/home/gabriel/Disk/Research/research-javascript-test-smells/repositories/undici/test/node-fetch/main.js,Assertion Roulette,"{'column': 6, 'line': 1319}","  1317 |       return res.json()
  1318 |     }).then(res => {
> 1319 |       assert.strictEqual(res.method, 'DELETE')
       |      ^ Assertion Roulette
  1320 |       assert.strictEqual(res.body, 'a=1')
  1321 |       assert.strictEqual(res.headers['transfer-encoding'], undefined)
  1322 |       assert.strictEqual(res.headers['content-length'], '3')"
/home/gabriel/Disk/Research/research-javascript-test-smells/repositories/undici/test/node-fetch/main.js,Assertion Roulette,"{'column': 6, 'line': 1320}","  1318 |     }).then(res => {
  1319 |       assert.strictEqual(res.method, 'DELETE')
> 1320 |       assert.strictEqual(res.body, 'a=1')
       |      ^ Assertion Roulette
  1321 |       assert.strictEqual(res.headers['transfer-encoding'], undefined)
  1322 |       assert.strictEqual(res.headers['content-length'], '3')
  1323 |     })"
/home/gabriel/Disk/Research/research-javascript-test-smells/repositories/undici/test/node-fetch/main.js,Assertion Roulette,"{'column': 6, 'line': 1321}","  1319 |       assert.strictEqual(res.method, 'DELETE')
  1320 |       assert.strictEqual(res.body, 'a=1')
> 1321 |       assert.strictEqual(res.headers['transfer-encoding'], undefined)
       |      ^ Assertion Roulette
  1322 |       assert.strictEqual(res.headers['content-length'], '3')
  1323 |     })
  1324 |   })"
/home/gabriel/Disk/Research/research-javascript-test-smells/repositories/undici/test/node-fetch/main.js,Assertion Roulette,"{'column': 6, 'line': 1322}","  1320 |       assert.strictEqual(res.body, 'a=1')
  1321 |       assert.strictEqual(res.headers['transfer-encoding'], undefined)
> 1322 |       assert.strictEqual(res.headers['content-length'], '3')
       |      ^ Assertion Roulette
  1323 |     })
  1324 |   })
  1325 |"
/home/gabriel/Disk/Research/research-javascript-test-smells/repositories/undici/test/node-fetch/main.js,Assertion Roulette,"{'column': 6, 'line': 1335}","  1333 |       return res.json()
  1334 |     }).then(res => {
> 1335 |       assert.strictEqual(res.method, 'PATCH')
       |      ^ Assertion Roulette
  1336 |       assert.strictEqual(res.body, 'a=1')
  1337 |     })
  1338 |   })"
/home/gabriel/Disk/Research/research-javascript-test-smells/repositories/undici/test/node-fetch/main.js,Assertion Roulette,"{'column': 6, 'line': 1336}","  1334 |     }).then(res => {
  1335 |       assert.strictEqual(res.method, 'PATCH')
> 1336 |       assert.strictEqual(res.body, 'a=1')
       |      ^ Assertion Roulette
  1337 |     })
  1338 |   })
  1339 |"
/home/gabriel/Disk/Research/research-javascript-test-smells/repositories/undici/test/node-fetch/main.js,Assertion Roulette,"{'column': 6, 'line': 1346}","  1344 |     }
  1345 |     return fetch(url, options).then(res => {
> 1346 |       assert.strictEqual(res.status, 200)
       |      ^ Assertion Roulette
  1347 |       assert.strictEqual(res.statusText, 'OK')
  1348 |       assert.strictEqual(res.headers.get('content-type'), 'text/plain')
  1349 |       // assert.ok(res.body instanceof stream.Transform)"
/home/gabriel/Disk/Research/research-javascript-test-smells/repositories/undici/test/node-fetch/main.js,Assertion Roulette,"{'column': 6, 'line': 1347}","  1345 |     return fetch(url, options).then(res => {
  1346 |       assert.strictEqual(res.status, 200)
> 1347 |       assert.strictEqual(res.statusText, 'OK')
       |      ^ Assertion Roulette
  1348 |       assert.strictEqual(res.headers.get('content-type'), 'text/plain')
  1349 |       // assert.ok(res.body instanceof stream.Transform)
  1350 |       return res.text()"
/home/gabriel/Disk/Research/research-javascript-test-smells/repositories/undici/test/node-fetch/main.js,Assertion Roulette,"{'column': 6, 'line': 1348}","  1346 |       assert.strictEqual(res.status, 200)
  1347 |       assert.strictEqual(res.statusText, 'OK')
> 1348 |       assert.strictEqual(res.headers.get('content-type'), 'text/plain')
       |      ^ Assertion Roulette
  1349 |       // assert.ok(res.body instanceof stream.Transform)
  1350 |       return res.text()
  1351 |     }).then(text => {"
/home/gabriel/Disk/Research/research-javascript-test-smells/repositories/undici/test/node-fetch/main.js,Assertion Roulette,"{'column': 6, 'line': 1352}","  1350 |       return res.text()
  1351 |     }).then(text => {
> 1352 |       assert.strictEqual(text, '')
       |      ^ Assertion Roulette
  1353 |     })
  1354 |   })
  1355 |"
/home/gabriel/Disk/Research/research-javascript-test-smells/repositories/undici/test/node-fetch/main.js,Assertion Roulette,"{'column': 6, 'line': 1362}","  1360 |     }
  1361 |     return fetch(url, options).then(res => {
> 1362 |       assert.strictEqual(res.status, 404)
       |      ^ Assertion Roulette
  1363 |       assert.strictEqual(res.headers.get('content-encoding'), 'gzip')
  1364 |       return res.text()
  1365 |     }).then(text => {"
/home/gabriel/Disk/Research/research-javascript-test-smells/repositories/undici/test/node-fetch/main.js,Assertion Roulette,"{'column': 6, 'line': 1363}","  1361 |     return fetch(url, options).then(res => {
  1362 |       assert.strictEqual(res.status, 404)
> 1363 |       assert.strictEqual(res.headers.get('content-encoding'), 'gzip')
       |      ^ Assertion Roulette
  1364 |       return res.text()
  1365 |     }).then(text => {
  1366 |       assert.strictEqual(text, '')"
/home/gabriel/Disk/Research/research-javascript-test-smells/repositories/undici/test/node-fetch/main.js,Assertion Roulette,"{'column': 6, 'line': 1366}","  1364 |       return res.text()
  1365 |     }).then(text => {
> 1366 |       assert.strictEqual(text, '')
       |      ^ Assertion Roulette
  1367 |     })
  1368 |   })
  1369 |"
/home/gabriel/Disk/Research/research-javascript-test-smells/repositories/undici/test/node-fetch/main.js,Assertion Roulette,"{'column': 6, 'line': 1376}","  1374 |     }
  1375 |     return fetch(url, options).then(res => {
> 1376 |       assert.strictEqual(res.status, 200)
       |      ^ Assertion Roulette
  1377 |       assert.strictEqual(res.statusText, 'OK')
  1378 |       assert.strictEqual(res.headers.get('allow'), 'GET, HEAD, OPTIONS')
  1379 |       // assert.ok(res.body instanceof stream.Transform)"
/home/gabriel/Disk/Research/research-javascript-test-smells/repositories/undici/test/node-fetch/main.js,Assertion Roulette,"{'column': 6, 'line': 1377}","  1375 |     return fetch(url, options).then(res => {
  1376 |       assert.strictEqual(res.status, 200)
> 1377 |       assert.strictEqual(res.statusText, 'OK')
       |      ^ Assertion Roulette
  1378 |       assert.strictEqual(res.headers.get('allow'), 'GET, HEAD, OPTIONS')
  1379 |       // assert.ok(res.body instanceof stream.Transform)
  1380 |     })"
/home/gabriel/Disk/Research/research-javascript-test-smells/repositories/undici/test/node-fetch/main.js,Assertion Roulette,"{'column': 6, 'line': 1378}","  1376 |       assert.strictEqual(res.status, 200)
  1377 |       assert.strictEqual(res.statusText, 'OK')
> 1378 |       assert.strictEqual(res.headers.get('allow'), 'GET, HEAD, OPTIONS')
       |      ^ Assertion Roulette
  1379 |       // assert.ok(res.body instanceof stream.Transform)
  1380 |     })
  1381 |   })"
/home/gabriel/Disk/Research/research-javascript-test-smells/repositories/undici/test/node-fetch/main.js,Assertion Roulette,"{'column': 6, 'line': 1386}","  1384 |     const url = `${base}plain`
  1385 |     return fetch(url).then(res => {
> 1386 |       assert.strictEqual(res.headers.get('content-type'), 'text/plain')
       |      ^ Assertion Roulette
  1387 |       return res.text().then(() => {
  1388 |         assert.strictEqual(res.bodyUsed, true)
  1389 |         return assert.rejects(res.text(), new TypeError('Body is unusable: Body has already been read'))"
/home/gabriel/Disk/Research/research-javascript-test-smells/repositories/undici/test/node-fetch/main.js,Assertion Roulette,"{'column': 8, 'line': 1388}","  1386 |       assert.strictEqual(res.headers.get('content-type'), 'text/plain')
  1387 |       return res.text().then(() => {
> 1388 |         assert.strictEqual(res.bodyUsed, true)
       |        ^ Assertion Roulette
  1389 |         return assert.rejects(res.text(), new TypeError('Body is unusable: Body has already been read'))
  1390 |       })
  1391 |     })"
/home/gabriel/Disk/Research/research-javascript-test-smells/repositories/undici/test/node-fetch/main.js,Assertion Roulette,"{'column': 8, 'line': 1399}","  1397 |       const r1 = res.clone()
  1398 |       return Promise.all([res.json(), r1.text()]).then(results => {
> 1399 |         assert.deepStrictEqual(results[0], { name: 'value' })
       |        ^ Assertion Roulette
  1400 |         assert.strictEqual(results[1], '{""name"":""value""}')
  1401 |       })
  1402 |     })"
/home/gabriel/Disk/Research/research-javascript-test-smells/repositories/undici/test/node-fetch/main.js,Assertion Roulette,"{'column': 8, 'line': 1400}","  1398 |       return Promise.all([res.json(), r1.text()]).then(results => {
  1399 |         assert.deepStrictEqual(results[0], { name: 'value' })
> 1400 |         assert.strictEqual(results[1], '{""name"":""value""}')
       |        ^ Assertion Roulette
  1401 |       })
  1402 |     })
  1403 |   })"
/home/gabriel/Disk/Research/research-javascript-test-smells/repositories/undici/test/node-fetch/main.js,Assertion Roulette,"{'column': 8, 'line': 1410}","  1408 |       const r1 = res.clone()
  1409 |       return res.json().then(result => {
> 1410 |         assert.deepStrictEqual(result, { name: 'value' })
       |        ^ Assertion Roulette
  1411 |         return r1.text().then(result => {
  1412 |           assert.strictEqual(result, '{""name"":""value""}')
  1413 |         })"
/home/gabriel/Disk/Research/research-javascript-test-smells/repositories/undici/test/node-fetch/main.js,Assertion Roulette,"{'column': 10, 'line': 1412}","  1410 |         assert.deepStrictEqual(result, { name: 'value' })
  1411 |         return r1.text().then(result => {
> 1412 |           assert.strictEqual(result, '{""name"":""value""}')
       |          ^ Assertion Roulette
  1413 |         })
  1414 |       })
  1415 |     })"
/home/gabriel/Disk/Research/research-javascript-test-smells/repositories/undici/test/node-fetch/main.js,Assertion Roulette,"{'column': 8, 'line': 1423}","  1421 |       const r1 = res.clone()
  1422 |       return r1.text().then(result => {
> 1423 |         assert.strictEqual(result, '{""name"":""value""}')
       |        ^ Assertion Roulette
  1424 |         return res.json().then(result => {
  1425 |           assert.deepStrictEqual(result, { name: 'value' })
  1426 |         })"
/home/gabriel/Disk/Research/research-javascript-test-smells/repositories/undici/test/node-fetch/main.js,Assertion Roulette,"{'column': 10, 'line': 1425}","  1423 |         assert.strictEqual(result, '{""name"":""value""}')
  1424 |         return res.json().then(result => {
> 1425 |           assert.deepStrictEqual(result, { name: 'value' })
       |          ^ Assertion Roulette
  1426 |         })
  1427 |       })
  1428 |     })"
/home/gabriel/Disk/Research/research-javascript-test-smells/repositories/undici/test/node-fetch/main.js,Assertion Roulette,"{'column': 6, 'line': 1521}","  1519 |     const request = new Request(url)
  1520 |     return fetch(request).then(res => {
> 1521 |       assert.strictEqual(res.url, url)
       |      ^ Assertion Roulette
  1522 |       assert.strictEqual(res.ok, true)
  1523 |       assert.strictEqual(res.status, 200)
  1524 |     })"
/home/gabriel/Disk/Research/research-javascript-test-smells/repositories/undici/test/node-fetch/main.js,Assertion Roulette,"{'column': 6, 'line': 1522}","  1520 |     return fetch(request).then(res => {
  1521 |       assert.strictEqual(res.url, url)
> 1522 |       assert.strictEqual(res.ok, true)
       |      ^ Assertion Roulette
  1523 |       assert.strictEqual(res.status, 200)
  1524 |     })
  1525 |   })"
/home/gabriel/Disk/Research/research-javascript-test-smells/repositories/undici/test/node-fetch/main.js,Assertion Roulette,"{'column': 6, 'line': 1523}","  1521 |       assert.strictEqual(res.url, url)
  1522 |       assert.strictEqual(res.ok, true)
> 1523 |       assert.strictEqual(res.status, 200)
       |      ^ Assertion Roulette
  1524 |     })
  1525 |   })
  1526 |"
/home/gabriel/Disk/Research/research-javascript-test-smells/repositories/undici/test/node-fetch/main.js,Assertion Roulette,"{'column': 6, 'line': 1532}","  1530 |     const request = new Request(urlObject)
  1531 |     return fetch(request).then(res => {
> 1532 |       assert.strictEqual(res.url, url)
       |      ^ Assertion Roulette
  1533 |       assert.strictEqual(res.ok, true)
  1534 |       assert.strictEqual(res.status, 200)
  1535 |     })"
/home/gabriel/Disk/Research/research-javascript-test-smells/repositories/undici/test/node-fetch/main.js,Assertion Roulette,"{'column': 6, 'line': 1533}","  1531 |     return fetch(request).then(res => {
  1532 |       assert.strictEqual(res.url, url)
> 1533 |       assert.strictEqual(res.ok, true)
       |      ^ Assertion Roulette
  1534 |       assert.strictEqual(res.status, 200)
  1535 |     })
  1536 |   })"
/home/gabriel/Disk/Research/research-javascript-test-smells/repositories/undici/test/node-fetch/main.js,Assertion Roulette,"{'column': 6, 'line': 1534}","  1532 |       assert.strictEqual(res.url, url)
  1533 |       assert.strictEqual(res.ok, true)
> 1534 |       assert.strictEqual(res.status, 200)
       |      ^ Assertion Roulette
  1535 |     })
  1536 |   })
  1537 |"
/home/gabriel/Disk/Research/research-javascript-test-smells/repositories/undici/test/node-fetch/main.js,Assertion Roulette,"{'column': 6, 'line': 1543}","  1541 |     const request = new Request(urlObject)
  1542 |     return fetch(request).then(res => {
> 1543 |       assert.strictEqual(res.url, url)
       |      ^ Assertion Roulette
  1544 |       assert.strictEqual(res.ok, true)
  1545 |       assert.strictEqual(res.status, 200)
  1546 |     })"
/home/gabriel/Disk/Research/research-javascript-test-smells/repositories/undici/test/node-fetch/main.js,Assertion Roulette,"{'column': 6, 'line': 1544}","  1542 |     return fetch(request).then(res => {
  1543 |       assert.strictEqual(res.url, url)
> 1544 |       assert.strictEqual(res.ok, true)
       |      ^ Assertion Roulette
  1545 |       assert.strictEqual(res.status, 200)
  1546 |     })
  1547 |   })"
/home/gabriel/Disk/Research/research-javascript-test-smells/repositories/undici/test/node-fetch/main.js,Assertion Roulette,"{'column': 6, 'line': 1545}","  1543 |       assert.strictEqual(res.url, url)
  1544 |       assert.strictEqual(res.ok, true)
> 1545 |       assert.strictEqual(res.status, 200)
       |      ^ Assertion Roulette
  1546 |     })
  1547 |   })
  1548 |"
/home/gabriel/Disk/Research/research-javascript-test-smells/repositories/undici/test/node-fetch/main.js,Assertion Roulette,"{'column': 6, 'line': 1554}","  1552 |     const request = new Request(urlObject)
  1553 |     return fetch(request).then(res => {
> 1554 |       assert.strictEqual(res.url, url)
       |      ^ Assertion Roulette
  1555 |       assert.strictEqual(res.ok, true)
  1556 |       assert.strictEqual(res.status, 200)
  1557 |     })"
/home/gabriel/Disk/Research/research-javascript-test-smells/repositories/undici/test/node-fetch/main.js,Assertion Roulette,"{'column': 6, 'line': 1555}","  1553 |     return fetch(request).then(res => {
  1554 |       assert.strictEqual(res.url, url)
> 1555 |       assert.strictEqual(res.ok, true)
       |      ^ Assertion Roulette
  1556 |       assert.strictEqual(res.status, 200)
  1557 |     })
  1558 |   })"
/home/gabriel/Disk/Research/research-javascript-test-smells/repositories/undici/test/node-fetch/main.js,Assertion Roulette,"{'column': 6, 'line': 1556}","  1554 |       assert.strictEqual(res.url, url)
  1555 |       assert.strictEqual(res.ok, true)
> 1556 |       assert.strictEqual(res.status, 200)
       |      ^ Assertion Roulette
  1557 |     })
  1558 |   })
  1559 |"
/home/gabriel/Disk/Research/research-javascript-test-smells/repositories/undici/test/node-fetch/main.js,Assertion Roulette,"{'column': 6, 'line': 1594}","  1592 |       })
  1593 |     }).then(res => res.json()).then(({ body, headers }) => {
> 1594 |       assert.strictEqual(body, 'world')
       |      ^ Assertion Roulette
  1595 |       assert.strictEqual(headers['content-type'], type)
  1596 |       assert.strictEqual(headers['content-length'], String(length))
  1597 |     })"
/home/gabriel/Disk/Research/research-javascript-test-smells/repositories/undici/test/node-fetch/main.js,Assertion Roulette,"{'column': 6, 'line': 1595}","  1593 |     }).then(res => res.json()).then(({ body, headers }) => {
  1594 |       assert.strictEqual(body, 'world')
> 1595 |       assert.strictEqual(headers['content-type'], type)
       |      ^ Assertion Roulette
  1596 |       assert.strictEqual(headers['content-length'], String(length))
  1597 |     })
  1598 |   })"
/home/gabriel/Disk/Research/research-javascript-test-smells/repositories/undici/test/node-fetch/main.js,Assertion Roulette,"{'column': 6, 'line': 1596}","  1594 |       assert.strictEqual(body, 'world')
  1595 |       assert.strictEqual(headers['content-type'], type)
> 1596 |       assert.strictEqual(headers['content-length'], String(length))
       |      ^ Assertion Roulette
  1597 |     })
  1598 |   })
  1599 |"
/home/gabriel/Disk/Research/research-javascript-test-smells/repositories/undici/test/node-fetch/main.js,Assertion Roulette,"{'column': 6, 'line': 1616}","  1614 |       return res.json()
  1615 |     }).then(body => {
> 1616 |       assert.strictEqual(body.method, 'GET')
       |      ^ Assertion Roulette
  1617 |       assert.strictEqual(body.headers.a, '2')
  1618 |     })
  1619 |   })"
/home/gabriel/Disk/Research/research-javascript-test-smells/repositories/undici/test/node-fetch/main.js,Assertion Roulette,"{'column': 6, 'line': 1617}","  1615 |     }).then(body => {
  1616 |       assert.strictEqual(body.method, 'GET')
> 1617 |       assert.strictEqual(body.headers.a, '2')
       |      ^ Assertion Roulette
  1618 |     })
  1619 |   })
  1620 |"
/home/gabriel/Disk/Research/research-javascript-test-smells/repositories/undici/test/node-fetch/main.js,Assertion Roulette,"{'column': 6, 'line': 1652}","  1650 |     }
  1651 |     return fetch(url, options).then(res => {
> 1652 |       assert.strictEqual(res.status, 302)
       |      ^ Assertion Roulette
  1653 |       assert.strictEqual(res.url, url)
  1654 |       assert.strictEqual(res.type, 'basic')
  1655 |       assert.strictEqual(res.headers.get('Location'), '/inspect')"
/home/gabriel/Disk/Research/research-javascript-test-smells/repositories/undici/test/node-fetch/main.js,Assertion Roulette,"{'column': 6, 'line': 1653}","  1651 |     return fetch(url, options).then(res => {
  1652 |       assert.strictEqual(res.status, 302)
> 1653 |       assert.strictEqual(res.url, url)
       |      ^ Assertion Roulette
  1654 |       assert.strictEqual(res.type, 'basic')
  1655 |       assert.strictEqual(res.headers.get('Location'), '/inspect')
  1656 |       assert.strictEqual(res.ok, false)"
/home/gabriel/Disk/Research/research-javascript-test-smells/repositories/undici/test/node-fetch/main.js,Assertion Roulette,"{'column': 6, 'line': 1654}","  1652 |       assert.strictEqual(res.status, 302)
  1653 |       assert.strictEqual(res.url, url)
> 1654 |       assert.strictEqual(res.type, 'basic')
       |      ^ Assertion Roulette
  1655 |       assert.strictEqual(res.headers.get('Location'), '/inspect')
  1656 |       assert.strictEqual(res.ok, false)
  1657 |     })"
/home/gabriel/Disk/Research/research-javascript-test-smells/repositories/undici/test/node-fetch/main.js,Assertion Roulette,"{'column': 6, 'line': 1655}","  1653 |       assert.strictEqual(res.url, url)
  1654 |       assert.strictEqual(res.type, 'basic')
> 1655 |       assert.strictEqual(res.headers.get('Location'), '/inspect')
       |      ^ Assertion Roulette
  1656 |       assert.strictEqual(res.ok, false)
  1657 |     })
  1658 |   })"
/home/gabriel/Disk/Research/research-javascript-test-smells/repositories/undici/test/node-fetch/main.js,Assertion Roulette,"{'column': 6, 'line': 1656}","  1654 |       assert.strictEqual(res.type, 'basic')
  1655 |       assert.strictEqual(res.headers.get('Location'), '/inspect')
> 1656 |       assert.strictEqual(res.ok, false)
       |      ^ Assertion Roulette
  1657 |     })
  1658 |   })
  1659 | })"
/home/gabriel/Disk/Research/research-javascript-test-smells/repositories/undici/test/node-fetch/main.js,Conditional Test Logic,"{'line': 508, 'column': 8, 'index': 15741}","  506 |       const read = async body => {
  507 |         const chunks = []
> 508 |         for await (const chunk of body) {
      |        ^ Conditional Test Logic
  509 |           chunks.push(chunk)
  510 |         }
  511 |"
/home/gabriel/Disk/Research/research-javascript-test-smells/repositories/undici/test/node-fetch/main.js,Conditional Test Logic,"{'line': 658, 'column': 4, 'index': 20736}","  656 |
  657 |   it('should decompress brotli response', function () {
> 658 |     if (typeof zlib.createBrotliDecompress !== 'function') {
      |    ^ Conditional Test Logic
  659 |       this.skip()
  660 |     }
  661 |"
/home/gabriel/Disk/Research/research-javascript-test-smells/repositories/undici/test/node-fetch/main.js,Conditional Test Logic,"{'line': 673, 'column': 4, 'index': 21204}","  671 |
  672 |   it('should handle no content response with brotli encoding', function () {
> 673 |     if (typeof zlib.createBrotliDecompress !== 'function') {
      |    ^ Conditional Test Logic
  674 |       this.skip()
  675 |     }
  676 |"
/home/gabriel/Disk/Research/research-javascript-test-smells/repositories/undici/test/node-fetch/main.js,Exception Handling,"{'line': 792, 'column': 8, 'index': 24914}","  790 |
  791 |       return Promise.all(fetches.map(async fetched => {
> 792 |         try {
      |        ^ Exception Handling
  793 |           await fetched
  794 |           assert.fail('should have thrown')
  795 |         } catch (error) {"
/home/gabriel/Disk/Research/research-javascript-test-smells/repositories/undici/test/node-fetch/main.js,Exception Handling,"{'line': 821, 'column': 8, 'index': 25689}","  819 |
  820 |       return Promise.all(fetches.map(async fetched => {
> 821 |         try {
      |        ^ Exception Handling
  822 |           await fetched
  823 |           assert.fail('should have thrown')
  824 |         } catch (error) {"
/home/gabriel/Disk/Research/research-javascript-test-smells/repositories/undici/test/node-fetch/main.js,Exception Handling,"{'line': 839, 'column': 6, 'index': 26176}","  837 |       const fetched = fetch(url, options)
  838 |
> 839 |       try {
      |      ^ Exception Handling
  840 |         await fetched
  841 |         assert.fail('should have thrown')
  842 |       } catch (error) {"
/home/gabriel/Disk/Research/research-javascript-test-smells/repositories/undici/test/node-fetch/main.js,Exception Handling,"{'line': 856, 'column': 6, 'index': 26617}","  854 |       }, 20)
  855 |
> 856 |       try {
      |      ^ Exception Handling
  857 |         await fetch(request)
  858 |         assert.fail('should have thrown')
  859 |       } catch (error) {"
/home/gabriel/Disk/Research/research-javascript-test-smells/repositories/undici/test/node-fetch/main.js,Exception Handling,"{'line': 876, 'column': 6, 'index': 27239}","  874 |       })
  875 |
> 876 |       try {
      |      ^ Exception Handling
  877 |         await fetched
  878 |         assert.fail('should have thrown')
  879 |       } catch (error) {"
/home/gabriel/Disk/Research/research-javascript-test-smells/repositories/undici/test/node-fetch/main.js,Exception Handling,"{'line': 894, 'column': 6, 'index': 27740}","  892 |       controller.abort()
  893 |
> 894 |       try {
      |      ^ Exception Handling
  895 |         await promise
  896 |         assert.fail('should have thrown')
  897 |       } catch (error) {"
/home/gabriel/Disk/Research/research-javascript-test-smells/repositories/undici/test/node-fetch/main.js,Exception Handling,"{'line': 911, 'column': 6, 'index': 28248}","  909 |       controller.abort()
  910 |       const promise = response.text()
> 911 |       try {
      |      ^ Exception Handling
  912 |         await promise
  913 |         assert.fail('should have thrown')
  914 |       } catch (error) {"
/home/gabriel/Disk/Research/research-javascript-test-smells/repositories/undici/test/node-fetch/main.js,Ignored Test,"{'line': 659, 'column': 11, 'index': 20804}","  657 |   it('should decompress brotli response', function () {
  658 |     if (typeof zlib.createBrotliDecompress !== 'function') {
> 659 |       this.skip()
      |           ^ Ignored Test
  660 |     }
  661 |
  662 |     const url = `${base}brotli`"
/home/gabriel/Disk/Research/research-javascript-test-smells/repositories/undici/test/node-fetch/main.js,Ignored Test,"{'line': 674, 'column': 11, 'index': 21272}","  672 |   it('should handle no content response with brotli encoding', function () {
  673 |     if (typeof zlib.createBrotliDecompress !== 'function') {
> 674 |       this.skip()
      |           ^ Ignored Test
  675 |     }
  676 |
  677 |     const url = `${base}no-content/brotli`"
/home/gabriel/Disk/Research/research-javascript-test-smells/repositories/undici/test/node-fetch/main.js,Ignored Test,"{'line': 1445, 'column': 5, 'index': 46336}","  1443 |
  1444 |   // TODO: fix test.
> 1445 |   it.skip('should timeout on cloning response without consuming one of the streams when the second packet size is equal default highWaterMark', { timeout: 300 }, function () {
       |     ^ Ignored Test
  1446 |     const url = local.mockState(res => {
  1447 |       // Observed behavior of TCP packets splitting:
  1448 |       // - response body size <= 65438 → single packet sent"
/home/gabriel/Disk/Research/research-javascript-test-smells/repositories/undici/test/node-fetch/main.js,Ignored Test,"{'line': 1462, 'column': 5, 'index': 47186}","  1460 |
  1461 |   // TODO: fix test.
> 1462 |   it.skip('should timeout on cloning response without consuming one of the streams when the second packet size is equal custom highWaterMark', { timeout: 300 }, function () {
       |     ^ Ignored Test
  1463 |     const url = local.mockState(res => {
  1464 |       const firstPacketMaxSize = 65438
  1465 |       const secondPacketSize = 10"
/home/gabriel/Disk/Research/research-javascript-test-smells/repositories/undici/test/node-fetch/main.js,Ignored Test,"{'line': 1474, 'column': 5, 'index': 47692}","  1472 |
  1473 |   // TODO: fix test.
> 1474 |   it.skip('should not timeout on cloning response without consuming one of the streams when the second packet size is less than default highWaterMark', { timeout: 300 }, async function () {
       |     ^ Ignored Test
  1475 |     const url = local.mockState(res => {
  1476 |       const firstPacketMaxSize = 65438
  1477 |       const secondPacketSize = 16 * 1024 // = defaultHighWaterMark"
/home/gabriel/Disk/Research/research-javascript-test-smells/repositories/undici/test/node-fetch/main.js,Ignored Test,"{'line': 1486, 'column': 5, 'index': 48231}","  1484 |
  1485 |   // TODO: fix test.
> 1486 |   it.skip('should not timeout on cloning response without consuming one of the streams when the second packet size is less than custom highWaterMark', { timeout: 300 }, function () {
       |     ^ Ignored Test
  1487 |     const url = local.mockState(res => {
  1488 |       const firstPacketMaxSize = 65438
  1489 |       const secondPacketSize = 10"
/home/gabriel/Disk/Research/research-javascript-test-smells/repositories/undici/test/node-fetch/main.js,Ignored Test,"{'line': 1498, 'column': 5, 'index': 48753}","  1496 |
  1497 |   // TODO: fix test.
> 1498 |   it.skip('should not timeout on cloning response without consuming one of the streams when the response size is double the custom large highWaterMark - 1', { timeout: 300 }, function () {
       |     ^ Ignored Test
  1499 |     const url = local.mockState(res => {
  1500 |       res.end(crypto.randomBytes((2 * 512 * 1024) - 1))
  1501 |     })"
/home/gabriel/Disk/Research/research-javascript-test-smells/repositories/undici/test/node-fetch/main.js,Ignored Test,"{'line': 1508, 'column': 5, 'index': 49195}","  1506 |
  1507 |   // TODO: fix test.
> 1508 |   it.skip('should allow get all responses of a header', () => {
       |     ^ Ignored Test
  1509 |     const url = `${base}cookie`
  1510 |     return fetch(url).then(res => {
  1511 |       const expected = 'a=1, b=1'"
/home/gabriel/Disk/Research/research-javascript-test-smells/repositories/undici/test/node-fetch/main.js,Magic Number,"{'line': 100, 'column': 37, 'index': 3212}","   98 |       assert.strictEqual(res.url, url)
   99 |       assert.strictEqual(res.ok, true)
> 100 |       assert.strictEqual(res.status, 200)
      |                                     ^ Magic Number
  101 |       assert.strictEqual(res.statusText, 'OK')
  102 |     })
  103 |   })"
/home/gabriel/Disk/Research/research-javascript-test-smells/repositories/undici/test/node-fetch/main.js,Magic Number,"{'line': 110, 'column': 35, 'index': 3587}","  108 |     assert.ok(res.headers instanceof Headers)
  109 |     assert.strictEqual(res.headers.get('location'), 'http://localhost/')
> 110 |     assert.strictEqual(res.status, 302)
      |                                   ^ Magic Number
  111 |   })
  112 |
  113 |   it('Response.redirect /w invalid url should fail', () => {"
/home/gabriel/Disk/Research/research-javascript-test-smells/repositories/undici/test/node-fetch/main.js,Magic Number,"{'line': 213, 'column': 37, 'index': 6656}","  211 |     return fetch(url).then(res => {
  212 |       assert.strictEqual(res.url, `${base}inspect`)
> 213 |       assert.strictEqual(res.status, 200)
      |                                     ^ Magic Number
  214 |       assert.strictEqual(res.ok, true)
  215 |     })
  216 |   })"
/home/gabriel/Disk/Research/research-javascript-test-smells/repositories/undici/test/node-fetch/main.js,Magic Number,"{'line': 222, 'column': 37, 'index': 6924}","  220 |     return fetch(url).then(res => {
  221 |       assert.strictEqual(res.url, `${base}inspect`)
> 222 |       assert.strictEqual(res.status, 200)
      |                                     ^ Magic Number
  223 |     })
  224 |   })
  225 |"
/home/gabriel/Disk/Research/research-javascript-test-smells/repositories/undici/test/node-fetch/main.js,Magic Number,"{'line': 230, 'column': 37, 'index': 7153}","  228 |     return fetch(url).then(res => {
  229 |       assert.strictEqual(res.url, `${base}inspect`)
> 230 |       assert.strictEqual(res.status, 200)
      |                                     ^ Magic Number
  231 |     })
  232 |   })
  233 |"
/home/gabriel/Disk/Research/research-javascript-test-smells/repositories/undici/test/node-fetch/main.js,Magic Number,"{'line': 238, 'column': 37, 'index': 7382}","  236 |     return fetch(url).then(res => {
  237 |       assert.strictEqual(res.url, `${base}inspect`)
> 238 |       assert.strictEqual(res.status, 200)
      |                                     ^ Magic Number
  239 |     })
  240 |   })
  241 |"
/home/gabriel/Disk/Research/research-javascript-test-smells/repositories/undici/test/node-fetch/main.js,Magic Number,"{'line': 246, 'column': 37, 'index': 7611}","  244 |     return fetch(url).then(res => {
  245 |       assert.strictEqual(res.url, `${base}inspect`)
> 246 |       assert.strictEqual(res.status, 200)
      |                                     ^ Magic Number
  247 |     })
  248 |   })
  249 |"
/home/gabriel/Disk/Research/research-javascript-test-smells/repositories/undici/test/node-fetch/main.js,Magic Number,"{'line': 254, 'column': 37, 'index': 7839}","  252 |     return fetch(url).then(res => {
  253 |       assert.strictEqual(res.url, `${base}inspect`)
> 254 |       assert.strictEqual(res.status, 200)
      |                                     ^ Magic Number
  255 |     })
  256 |   })
  257 |"
/home/gabriel/Disk/Research/research-javascript-test-smells/repositories/undici/test/node-fetch/main.js,Magic Number,"{'line': 266, 'column': 37, 'index': 8167}","  264 |     return fetch(url, options).then(res => {
  265 |       assert.strictEqual(res.url, `${base}inspect`)
> 266 |       assert.strictEqual(res.status, 200)
      |                                     ^ Magic Number
  267 |       return res.json().then(result => {
  268 |         assert.strictEqual(result.method, 'GET')
  269 |         assert.strictEqual(result.body, '')"
/home/gabriel/Disk/Research/research-javascript-test-smells/repositories/undici/test/node-fetch/main.js,Magic Number,"{'line': 282, 'column': 37, 'index': 8642}","  280 |     return fetch(url, options).then(res => {
  281 |       assert.strictEqual(res.url, `${base}inspect`)
> 282 |       assert.strictEqual(res.status, 200)
      |                                     ^ Magic Number
  283 |       return res.json().then(res => {
  284 |         assert.strictEqual(res.method, 'PATCH')
  285 |         assert.strictEqual(res.body, 'a=1')"
/home/gabriel/Disk/Research/research-javascript-test-smells/repositories/undici/test/node-fetch/main.js,Magic Number,"{'line': 298, 'column': 37, 'index': 9109}","  296 |     return fetch(url, options).then(res => {
  297 |       assert.strictEqual(res.url, `${base}inspect`)
> 298 |       assert.strictEqual(res.status, 200)
      |                                     ^ Magic Number
  299 |       return res.json().then(result => {
  300 |         assert.strictEqual(result.method, 'GET')
  301 |         assert.strictEqual(result.body, '')"
/home/gabriel/Disk/Research/research-javascript-test-smells/repositories/undici/test/node-fetch/main.js,Magic Number,"{'line': 314, 'column': 37, 'index': 9584}","  312 |     return fetch(url, options).then(res => {
  313 |       assert.strictEqual(res.url, `${base}inspect`)
> 314 |       assert.strictEqual(res.status, 200)
      |                                     ^ Magic Number
  315 |       return res.json().then(res => {
  316 |         assert.strictEqual(res.method, 'PATCH')
  317 |         assert.strictEqual(res.body, 'a=1')"
/home/gabriel/Disk/Research/research-javascript-test-smells/repositories/undici/test/node-fetch/main.js,Magic Number,"{'line': 330, 'column': 37, 'index': 10037}","  328 |     return fetch(url, options).then(res => {
  329 |       assert.strictEqual(res.url, `${base}inspect`)
> 330 |       assert.strictEqual(res.status, 200)
      |                                     ^ Magic Number
  331 |       return res.json().then(result => {
  332 |         assert.strictEqual(result.method, 'GET')
  333 |         assert.strictEqual(result.body, '')"
/home/gabriel/Disk/Research/research-javascript-test-smells/repositories/undici/test/node-fetch/main.js,Magic Number,"{'line': 346, 'column': 37, 'index': 10512}","  344 |     return fetch(url, options).then(res => {
  345 |       assert.strictEqual(res.url, `${base}inspect`)
> 346 |       assert.strictEqual(res.status, 200)
      |                                     ^ Magic Number
  347 |       return res.json().then(result => {
  348 |         assert.strictEqual(result.method, 'PATCH')
  349 |         assert.strictEqual(result.body, 'a=1')"
/home/gabriel/Disk/Research/research-javascript-test-smells/repositories/undici/test/node-fetch/main.js,Magic Number,"{'line': 372, 'column': 37, 'index': 11420}","  370 |     return fetch(url).then(res => {
  371 |       assert.strictEqual(res.url, `${base}inspect`)
> 372 |       assert.strictEqual(res.status, 200)
      |                                     ^ Magic Number
  373 |     })
  374 |   })
  375 |"
/home/gabriel/Disk/Research/research-javascript-test-smells/repositories/undici/test/node-fetch/main.js,Magic Number,"{'line': 391, 'column': 37, 'index': 11958}","  389 |     return fetch(url, options).then(res => {
  390 |       assert.strictEqual(res.url, url)
> 391 |       assert.strictEqual(res.status, 200)
      |                                     ^ Magic Number
  392 |       assert.strictEqual(res.headers.get('location'), null)
  393 |     })
  394 |   })"
/home/gabriel/Disk/Research/research-javascript-test-smells/repositories/undici/test/node-fetch/main.js,Magic Number,"{'line': 413, 'column': 37, 'index': 12685}","  411 |     return fetch(url).then(res => {
  412 |       assert.strictEqual(res.url, url)
> 413 |       assert.strictEqual(res.status, 301)
      |                                     ^ Magic Number
  414 |       assert.strictEqual(res.headers.get('location'), null)
  415 |     })
  416 |   })"
/home/gabriel/Disk/Research/research-javascript-test-smells/repositories/undici/test/node-fetch/main.js,Magic Number,"{'line': 425, 'column': 37, 'index': 13058}","  423 |     return fetch(url, options).then(res => {
  424 |       assert.strictEqual(res.url, url)
> 425 |       assert.strictEqual(res.status, 301)
      |                                     ^ Magic Number
  426 |       assert.strictEqual(res.headers.get('location'), null)
  427 |     })
  428 |   })"
/home/gabriel/Disk/Research/research-javascript-test-smells/repositories/undici/test/node-fetch/main.js,Magic Number,"{'line': 460, 'column': 37, 'index': 14084}","  458 |     return fetch(url).then(res => {
  459 |       assert.strictEqual(res.headers.get('content-type'), 'text/plain')
> 460 |       assert.strictEqual(res.status, 400)
      |                                     ^ Magic Number
  461 |       assert.strictEqual(res.statusText, 'Bad Request')
  462 |       assert.strictEqual(res.ok, false)
  463 |       return res.text().then(result => {"
/home/gabriel/Disk/Research/research-javascript-test-smells/repositories/undici/test/node-fetch/main.js,Magic Number,"{'line': 475, 'column': 37, 'index': 14630}","  473 |     return fetch(url).then(res => {
  474 |       assert.strictEqual(res.headers.get('content-type'), 'text/plain')
> 475 |       assert.strictEqual(res.status, 500)
      |                                     ^ Magic Number
  476 |       assert.strictEqual(res.statusText, 'Internal Server Error')
  477 |       assert.strictEqual(res.ok, false)
  478 |       return res.text().then(result => {"
/home/gabriel/Disk/Research/research-javascript-test-smells/repositories/undici/test/node-fetch/main.js,Magic Number,"{'line': 494, 'column': 37, 'index': 15294}","  492 |     const url = `${base}error/premature`
  493 |     return fetch(url).then(res => {
> 494 |       assert.strictEqual(res.status, 200)
      |                                     ^ Magic Number
  495 |       assert.strictEqual(res.ok, true)
  496 |       return assert.rejects(() => res.text(), new TypeError('terminated'))
  497 |     })"
/home/gabriel/Disk/Research/research-javascript-test-smells/repositories/undici/test/node-fetch/main.js,Magic Number,"{'line': 503, 'column': 37, 'index': 15627}","  501 |     const url = `${base}error/premature/chunked`
  502 |     return fetch(url).then(res => {
> 503 |       assert.strictEqual(res.status, 200)
      |                                     ^ Magic Number
  504 |       assert.strictEqual(res.ok, true)
  505 |
  506 |       const read = async body => {"
/home/gabriel/Disk/Research/research-javascript-test-smells/repositories/undici/test/node-fetch/main.js,Magic Number,"{'line': 522, 'column': 37, 'index': 16133}","  520 |     const url = `${base}error/premature/chunked`
  521 |     return fetch(url).then(res => {
> 522 |       assert.strictEqual(res.status, 200)
      |                                     ^ Magic Number
  523 |       assert.strictEqual(res.ok, true)
  524 |
  525 |       return assert.rejects(res.text(), new TypeError('terminated'))"
/home/gabriel/Disk/Research/research-javascript-test-smells/repositories/undici/test/node-fetch/main.js,Magic Number,"{'line': 553, 'column': 37, 'index': 17097}","  551 |     const url = `${base}no-content`
  552 |     return fetch(url).then(res => {
> 553 |       assert.strictEqual(res.status, 204)
      |                                     ^ Magic Number
  554 |       assert.strictEqual(res.statusText, 'No Content')
  555 |       assert.strictEqual(res.ok, true)
  556 |       return res.text().then(result => {"
/home/gabriel/Disk/Research/research-javascript-test-smells/repositories/undici/test/node-fetch/main.js,Magic Number,"{'line': 567, 'column': 37, 'index': 17591}","  565 |     const url = `${base}no-content`
  566 |     return fetch(url).then(res => {
> 567 |       assert.strictEqual(res.status, 204)
      |                                     ^ Magic Number
  568 |       assert.strictEqual(res.statusText, 'No Content')
  569 |       assert.strictEqual(res.ok, true)
  570 |       return assert.rejects(res.json(), new SyntaxError('Unexpected end of JSON input'))"
/home/gabriel/Disk/Research/research-javascript-test-smells/repositories/undici/test/node-fetch/main.js,Magic Number,"{'line': 577, 'column': 37, 'index': 17975}","  575 |     const url = `${base}no-content/gzip`
  576 |     return fetch(url).then(res => {
> 577 |       assert.strictEqual(res.status, 204)
      |                                     ^ Magic Number
  578 |       assert.strictEqual(res.statusText, 'No Content')
  579 |       assert.strictEqual(res.headers.get('content-encoding'), 'gzip')
  580 |       assert.strictEqual(res.ok, true)"
/home/gabriel/Disk/Research/research-javascript-test-smells/repositories/undici/test/node-fetch/main.js,Magic Number,"{'line': 591, 'column': 37, 'index': 18461}","  589 |     const url = `${base}not-modified`
  590 |     return fetch(url).then(res => {
> 591 |       assert.strictEqual(res.status, 304)
      |                                     ^ Magic Number
  592 |       assert.strictEqual(res.statusText, 'Not Modified')
  593 |       assert.strictEqual(res.ok, false)
  594 |       return res.text().then(result => {"
/home/gabriel/Disk/Research/research-javascript-test-smells/repositories/undici/test/node-fetch/main.js,Magic Number,"{'line': 604, 'column': 37, 'index': 18904}","  602 |     const url = `${base}not-modified/gzip`
  603 |     return fetch(url).then(res => {
> 604 |       assert.strictEqual(res.status, 304)
      |                                     ^ Magic Number
  605 |       assert.strictEqual(res.statusText, 'Not Modified')
  606 |       assert.strictEqual(res.headers.get('content-encoding'), 'gzip')
  607 |       assert.strictEqual(res.ok, false)"
/home/gabriel/Disk/Research/research-javascript-test-smells/repositories/undici/test/node-fetch/main.js,Magic Number,"{'line': 679, 'column': 37, 'index': 21402}","  677 |     const url = `${base}no-content/brotli`
  678 |     return fetch(url).then(res => {
> 679 |       assert.strictEqual(res.status, 204)
      |                                     ^ Magic Number
  680 |       assert.strictEqual(res.statusText, 'No Content')
  681 |       assert.strictEqual(res.headers.get('content-encoding'), 'br')
  682 |       assert.strictEqual(res.ok, true)"
/home/gabriel/Disk/Research/research-javascript-test-smells/repositories/undici/test/node-fetch/main.js,Magic Number,"{'line': 735, 'column': 39, 'index': 23347}","  733 |     fetch(url)
  734 |       .then(res => {
> 735 |         assert.strictEqual(res.status, 200)
      |                                       ^ Magic Number
  736 |       })
  737 |       .catch(() => { })
  738 |       .then(new Promise((resolve) => {"
/home/gabriel/Disk/Research/research-javascript-test-smells/repositories/undici/test/node-fetch/main.js,Magic Number,"{'line': 1346, 'column': 37, 'index': 43250}","  1344 |     }
  1345 |     return fetch(url, options).then(res => {
> 1346 |       assert.strictEqual(res.status, 200)
       |                                     ^ Magic Number
  1347 |       assert.strictEqual(res.statusText, 'OK')
  1348 |       assert.strictEqual(res.headers.get('content-type'), 'text/plain')
  1349 |       // assert.ok(res.body instanceof stream.Transform)"
/home/gabriel/Disk/Research/research-javascript-test-smells/repositories/undici/test/node-fetch/main.js,Magic Number,"{'line': 1362, 'column': 37, 'index': 43762}","  1360 |     }
  1361 |     return fetch(url, options).then(res => {
> 1362 |       assert.strictEqual(res.status, 404)
       |                                     ^ Magic Number
  1363 |       assert.strictEqual(res.headers.get('content-encoding'), 'gzip')
  1364 |       return res.text()
  1365 |     }).then(text => {"
/home/gabriel/Disk/Research/research-javascript-test-smells/repositories/undici/test/node-fetch/main.js,Magic Number,"{'line': 1376, 'column': 37, 'index': 44143}","  1374 |     }
  1375 |     return fetch(url, options).then(res => {
> 1376 |       assert.strictEqual(res.status, 200)
       |                                     ^ Magic Number
  1377 |       assert.strictEqual(res.statusText, 'OK')
  1378 |       assert.strictEqual(res.headers.get('allow'), 'GET, HEAD, OPTIONS')
  1379 |       // assert.ok(res.body instanceof stream.Transform)"
/home/gabriel/Disk/Research/research-javascript-test-smells/repositories/undici/test/node-fetch/main.js,Magic Number,"{'line': 1523, 'column': 37, 'index': 49783}","  1521 |       assert.strictEqual(res.url, url)
  1522 |       assert.strictEqual(res.ok, true)
> 1523 |       assert.strictEqual(res.status, 200)
       |                                     ^ Magic Number
  1524 |     })
  1525 |   })
  1526 |"
/home/gabriel/Disk/Research/research-javascript-test-smells/repositories/undici/test/node-fetch/main.js,Magic Number,"{'line': 1534, 'column': 37, 'index': 50126}","  1532 |       assert.strictEqual(res.url, url)
  1533 |       assert.strictEqual(res.ok, true)
> 1534 |       assert.strictEqual(res.status, 200)
       |                                     ^ Magic Number
  1535 |     })
  1536 |   })
  1537 |"
/home/gabriel/Disk/Research/research-javascript-test-smells/repositories/undici/test/node-fetch/main.js,Magic Number,"{'line': 1545, 'column': 37, 'index': 50468}","  1543 |       assert.strictEqual(res.url, url)
  1544 |       assert.strictEqual(res.ok, true)
> 1545 |       assert.strictEqual(res.status, 200)
       |                                     ^ Magic Number
  1546 |     })
  1547 |   })
  1548 |"
/home/gabriel/Disk/Research/research-javascript-test-smells/repositories/undici/test/node-fetch/main.js,Magic Number,"{'line': 1556, 'column': 37, 'index': 50817}","  1554 |       assert.strictEqual(res.url, url)
  1555 |       assert.strictEqual(res.ok, true)
> 1556 |       assert.strictEqual(res.status, 200)
       |                                     ^ Magic Number
  1557 |     })
  1558 |   })
  1559 |"
/home/gabriel/Disk/Research/research-javascript-test-smells/repositories/undici/test/node-fetch/main.js,Magic Number,"{'line': 1652, 'column': 37, 'index': 53351}","  1650 |     }
  1651 |     return fetch(url, options).then(res => {
> 1652 |       assert.strictEqual(res.status, 302)
       |                                     ^ Magic Number
  1653 |       assert.strictEqual(res.url, url)
  1654 |       assert.strictEqual(res.type, 'basic')
  1655 |       assert.strictEqual(res.headers.get('Location'), '/inspect')"
/home/gabriel/Disk/Research/research-javascript-test-smells/repositories/undici/test/node-fetch/main.js,Sleepy Test,"{'line': 740, 'column': 8, 'index': 23492}","  738 |       .then(new Promise((resolve) => {
  739 |         // Wait a few ms to see if an uncaught error occurs
> 740 |         setTimeout(() => {
      |        ^ Sleepy Test
  741 |           resolve()
  742 |         }, 20)
  743 |       }))"
/home/gabriel/Disk/Research/research-javascript-test-smells/repositories/undici/test/node-fetch/main.js,Sleepy Test,"{'line': 852, 'column': 6, 'index': 26551}","  850 |         signal: controller.signal
  851 |       })
> 852 |       setTimeout(() => {
      |      ^ Sleepy Test
  853 |         controller.abort()
  854 |       }, 20)
  855 |"
/home/gabriel/Disk/Research/research-javascript-test-smells/repositories/undici/test/node-fetch/main.js,Unknown Test,"{'column': 2, 'line': 69}","  67 |   })
  68 |   // TODO Should we reflect the input?
> 69 |   it('should reject with error if url is protocol relative', () => {
     |  ^ Unknown Test
  70 |     const url = '//example.com/'
  71 |     return assert.rejects(fetch(url), new TypeError('Failed to parse URL from //example.com/'))
  72 |   })"
/home/gabriel/Disk/Research/research-javascript-test-smells/repositories/undici/test/node-fetch/main.js,Unknown Test,"{'column': 2, 'line': 74}","  72 |   })
  73 |
> 74 |   it('should reject with error if url is relative path', () => {
     |  ^ Unknown Test
  75 |     const url = '/some/path'
  76 |     return assert.rejects(fetch(url), new TypeError('Failed to parse URL from /some/path'))
  77 |   })"
/home/gabriel/Disk/Research/research-javascript-test-smells/repositories/undici/test/node-fetch/main.js,Unknown Test,"{'column': 2, 'line': 80}","  78 |
  79 |   // TODO: This seems odd
> 80 |   it('should reject with error if protocol is unsupported', () => {
     |  ^ Unknown Test
  81 |     const url = 'ftp://example.com/'
  82 |     return assert.rejects(fetch(url), new TypeError('fetch failed'))
  83 |   })"
/home/gabriel/Disk/Research/research-javascript-test-smells/repositories/undici/test/node-fetch/main.js,Unknown Test,"{'column': 2, 'line': 85}","  83 |   })
  84 |
> 85 |   it('should reject with error on network failure', { timeout: 5000 }, function () {
     |  ^ Unknown Test
  86 |     const url = 'http://localhost:50000/'
  87 |     return assert.rejects(fetch(url), new TypeError('fetch failed'))
  88 |   })"
/home/gabriel/Disk/Research/research-javascript-test-smells/repositories/undici/test/node-fetch/main.js,Unknown Test,"{'column': 2, 'line': 354}","  352 |   })
  353 |
> 354 |   it('should not follow non-GET redirect if body is a readable stream', () => {
      |  ^ Unknown Test
  355 |     const url = `${base}redirect/307`
  356 |     const options = {
  357 |       method: 'PATCH',"
/home/gabriel/Disk/Research/research-javascript-test-smells/repositories/undici/test/node-fetch/main.js,Unknown Test,"{'column': 2, 'line': 363}","  361 |   })
  362 |
> 363 |   it('should obey maximum redirect, reject case', () => {
      |  ^ Unknown Test
  364 |     const url = `${base}redirect/chain/20`
  365 |     return assert.rejects(fetch(url), new TypeError('fetch failed'))
  366 |   })"
/home/gabriel/Disk/Research/research-javascript-test-smells/repositories/undici/test/node-fetch/main.js,Unknown Test,"{'column': 2, 'line': 376}","  374 |   })
  375 |
> 376 |   it('should support redirect mode, error flag', () => {
      |  ^ Unknown Test
  377 |     const url = `${base}redirect/301`
  378 |     const options = {
  379 |       redirect: 'error'"
/home/gabriel/Disk/Research/research-javascript-test-smells/repositories/undici/test/node-fetch/main.js,Unknown Test,"{'column': 2, 'line': 486}","  484 |   })
  485 |
> 486 |   it('should handle network-error response', () => {
      |  ^ Unknown Test
  487 |     const url = `${base}error/reset`
  488 |     return assert.rejects(fetch(url), new TypeError('fetch failed'))
  489 |   })"
/home/gabriel/Disk/Research/research-javascript-test-smells/repositories/undici/test/node-fetch/main.js,Unknown Test,"{'column': 2, 'line': 529}","  527 |   })
  528 |
> 529 |   it('should handle DNS-error response', () => {
      |  ^ Unknown Test
  530 |     const url = 'http://domain.invalid'
  531 |     return assert.rejects(fetch(url), new TypeError('fetch failed'))
  532 |   })"
/home/gabriel/Disk/Research/research-javascript-test-smells/repositories/undici/test/node-fetch/main.js,Unknown Test,"{'column': 2, 'line': 921}","  919 |   })
  920 |
> 921 |   it('should throw a TypeError if a signal is not of type AbortSignal or EventTarget', () => {
      |  ^ Unknown Test
  922 |     return Promise.all([
  923 |       assert.rejects(fetch(`${base}inspect`, { signal: {} }), new TypeError('RequestInit: Expected signal (""{}"") to be an instance of AbortSignal.')),
  924 |       assert.rejects(fetch(`${base}inspect`, { signal: '' }), new TypeError('RequestInit: Expected signal ("""""""") to be an instance of AbortSignal.')),"
/home/gabriel/Disk/Research/research-javascript-test-smells/repositories/undici/test/node-fetch/main.js,Unknown Test,"{'column': 2, 'line': 1621}","  1619 |   })
  1620 |
> 1621 |   it('should support http request', { timeout: 5000 }, async function (t) {
       |  ^ Unknown Test
  1622 |     t = tspl(t, { plan: 2 })
  1623 |     const server = createServer({ joinDuplicateHeaders: true }, (req, res) => {
  1624 |       res.end()"
/home/gabriel/Disk/Research/research-javascript-test-smells/repositories/undici/test/node-fetch/headers.js,Assertion Roulette,"{'column': 4, 'line': 11}","   9 |   it('should have attributes conforming to Web IDL', () => {
  10 |     const headers = new Headers()
> 11 |     assert.strictEqual(Object.getOwnPropertyNames(headers).length, 0)
     |    ^ Assertion Roulette
  12 |     const enumerableProperties = []
  13 |
  14 |     for (const property in headers) {"
/home/gabriel/Disk/Research/research-javascript-test-smells/repositories/undici/test/node-fetch/headers.js,Assertion Roulette,"{'column': 6, 'line': 29}","  27 |       'values'
  28 |     ]) {
> 29 |       assert.strictEqual(enumerableProperties.includes(toCheck), true)
     |      ^ Assertion Roulette
  30 |     }
  31 |   })
  32 |"
/home/gabriel/Disk/Research/research-javascript-test-smells/repositories/undici/test/node-fetch/headers.js,Assertion Roulette,"{'column': 4, 'line': 40}","  38 |       ['a', '1']
  39 |     ])
> 40 |     assert.strictEqual(typeof headers.forEach, 'function')
     |    ^ Assertion Roulette
  41 |
  42 |     const result = []
  43 |     for (const [key, value] of headers.entries()) {"
/home/gabriel/Disk/Research/research-javascript-test-smells/repositories/undici/test/node-fetch/headers.js,Assertion Roulette,"{'column': 4, 'line': 47}","  45 |     }
  46 |
> 47 |     assert.deepStrictEqual(result, [
     |    ^ Assertion Roulette
  48 |       ['a', '1'],
  49 |       ['b', '2, 3'],
  50 |       ['c', '4']"
/home/gabriel/Disk/Research/research-javascript-test-smells/repositories/undici/test/node-fetch/headers.js,Assertion Roulette,"{'column': 4, 'line': 65}","  63 |     })
  64 |
> 65 |     assert.strictEqual(results.length, 2)
     |    ^ Assertion Roulette
  66 |     assert.deepStrictEqual(results[0], { key: 'accept', value: 'application/json, text/plain', object: headers })
  67 |     assert.deepStrictEqual(results[1], { key: 'content-type', value: 'text/html', object: headers })
  68 |   })"
/home/gabriel/Disk/Research/research-javascript-test-smells/repositories/undici/test/node-fetch/headers.js,Assertion Roulette,"{'column': 4, 'line': 66}","  64 |
  65 |     assert.strictEqual(results.length, 2)
> 66 |     assert.deepStrictEqual(results[0], { key: 'accept', value: 'application/json, text/plain', object: headers })
     |    ^ Assertion Roulette
  67 |     assert.deepStrictEqual(results[1], { key: 'content-type', value: 'text/html', object: headers })
  68 |   })
  69 |"
/home/gabriel/Disk/Research/research-javascript-test-smells/repositories/undici/test/node-fetch/headers.js,Assertion Roulette,"{'column': 4, 'line': 67}","  65 |     assert.strictEqual(results.length, 2)
  66 |     assert.deepStrictEqual(results[0], { key: 'accept', value: 'application/json, text/plain', object: headers })
> 67 |     assert.deepStrictEqual(results[1], { key: 'content-type', value: 'text/html', object: headers })
     |    ^ Assertion Roulette
  68 |   })
  69 |
  70 |   it.skip('should set ""this"" to undefined by default on forEach', () => {"
/home/gabriel/Disk/Research/research-javascript-test-smells/repositories/undici/test/node-fetch/headers.js,Assertion Roulette,"{'column': 4, 'line': 92}","  90 |     ])
  91 |     headers.append('b', '3')
> 92 |     assert.strictEqual(typeof headers[Symbol.iterator], 'function')
     |    ^ Assertion Roulette
  93 |
  94 |     const result = []
  95 |     for (const pair of headers) {"
/home/gabriel/Disk/Research/research-javascript-test-smells/repositories/undici/test/node-fetch/headers.js,Assertion Roulette,"{'column': 4, 'line': 99}","   97 |     }
   98 |
>  99 |     assert.deepStrictEqual(result, [
      |    ^ Assertion Roulette
  100 |       ['a', '1'],
  101 |       ['b', '2, 3'],
  102 |       ['c', '4']"
/home/gabriel/Disk/Research/research-javascript-test-smells/repositories/undici/test/node-fetch/headers.js,Assertion Roulette,"{'column': 4, 'line': 114}","  112 |     headers.append('b', '3')
  113 |
> 114 |     assert.strictEqual(typeof headers.entries, 'function')
      |    ^ Assertion Roulette
  115 |     assert.strictEqual(typeof headers.entries()[Symbol.iterator], 'function')
  116 |
  117 |     const entries = headers.entries()"
/home/gabriel/Disk/Research/research-javascript-test-smells/repositories/undici/test/node-fetch/headers.js,Assertion Roulette,"{'column': 4, 'line': 115}","  113 |
  114 |     assert.strictEqual(typeof headers.entries, 'function')
> 115 |     assert.strictEqual(typeof headers.entries()[Symbol.iterator], 'function')
      |    ^ Assertion Roulette
  116 |
  117 |     const entries = headers.entries()
  118 |     assert.strictEqual(typeof entries.next, 'function')"
/home/gabriel/Disk/Research/research-javascript-test-smells/repositories/undici/test/node-fetch/headers.js,Assertion Roulette,"{'column': 4, 'line': 118}","  116 |
  117 |     const entries = headers.entries()
> 118 |     assert.strictEqual(typeof entries.next, 'function')
      |    ^ Assertion Roulette
  119 |     assert.deepStrictEqual(entries.next().value, ['a', '1'])
  120 |     assert.strictEqual(typeof entries.next, 'function')
  121 |     assert.deepStrictEqual(entries.next().value, ['b', '2, 3'])"
/home/gabriel/Disk/Research/research-javascript-test-smells/repositories/undici/test/node-fetch/headers.js,Assertion Roulette,"{'column': 4, 'line': 119}","  117 |     const entries = headers.entries()
  118 |     assert.strictEqual(typeof entries.next, 'function')
> 119 |     assert.deepStrictEqual(entries.next().value, ['a', '1'])
      |    ^ Assertion Roulette
  120 |     assert.strictEqual(typeof entries.next, 'function')
  121 |     assert.deepStrictEqual(entries.next().value, ['b', '2, 3'])
  122 |     assert.strictEqual(typeof entries.next, 'function')"
/home/gabriel/Disk/Research/research-javascript-test-smells/repositories/undici/test/node-fetch/headers.js,Assertion Roulette,"{'column': 4, 'line': 120}","  118 |     assert.strictEqual(typeof entries.next, 'function')
  119 |     assert.deepStrictEqual(entries.next().value, ['a', '1'])
> 120 |     assert.strictEqual(typeof entries.next, 'function')
      |    ^ Assertion Roulette
  121 |     assert.deepStrictEqual(entries.next().value, ['b', '2, 3'])
  122 |     assert.strictEqual(typeof entries.next, 'function')
  123 |     assert.deepStrictEqual(entries.next().value, ['c', '4'])"
/home/gabriel/Disk/Research/research-javascript-test-smells/repositories/undici/test/node-fetch/headers.js,Assertion Roulette,"{'column': 4, 'line': 121}","  119 |     assert.deepStrictEqual(entries.next().value, ['a', '1'])
  120 |     assert.strictEqual(typeof entries.next, 'function')
> 121 |     assert.deepStrictEqual(entries.next().value, ['b', '2, 3'])
      |    ^ Assertion Roulette
  122 |     assert.strictEqual(typeof entries.next, 'function')
  123 |     assert.deepStrictEqual(entries.next().value, ['c', '4'])
  124 |"
/home/gabriel/Disk/Research/research-javascript-test-smells/repositories/undici/test/node-fetch/headers.js,Assertion Roulette,"{'column': 4, 'line': 122}","  120 |     assert.strictEqual(typeof entries.next, 'function')
  121 |     assert.deepStrictEqual(entries.next().value, ['b', '2, 3'])
> 122 |     assert.strictEqual(typeof entries.next, 'function')
      |    ^ Assertion Roulette
  123 |     assert.deepStrictEqual(entries.next().value, ['c', '4'])
  124 |
  125 |     assert.deepStrictEqual([...headers.entries()], ["
/home/gabriel/Disk/Research/research-javascript-test-smells/repositories/undici/test/node-fetch/headers.js,Assertion Roulette,"{'column': 4, 'line': 123}","  121 |     assert.deepStrictEqual(entries.next().value, ['b', '2, 3'])
  122 |     assert.strictEqual(typeof entries.next, 'function')
> 123 |     assert.deepStrictEqual(entries.next().value, ['c', '4'])
      |    ^ Assertion Roulette
  124 |
  125 |     assert.deepStrictEqual([...headers.entries()], [
  126 |       ['a', '1'],"
/home/gabriel/Disk/Research/research-javascript-test-smells/repositories/undici/test/node-fetch/headers.js,Assertion Roulette,"{'column': 4, 'line': 125}","  123 |     assert.deepStrictEqual(entries.next().value, ['c', '4'])
  124 |
> 125 |     assert.deepStrictEqual([...headers.entries()], [
      |    ^ Assertion Roulette
  126 |       ['a', '1'],
  127 |       ['b', '2, 3'],
  128 |       ['c', '4']"
/home/gabriel/Disk/Research/research-javascript-test-smells/repositories/undici/test/node-fetch/headers.js,Assertion Roulette,"{'column': 4, 'line': 140}","  138 |     headers.append('b', '3')
  139 |
> 140 |     assert.strictEqual(typeof headers.keys, 'function')
      |    ^ Assertion Roulette
  141 |     assert.strictEqual(typeof headers.keys()[Symbol.iterator], 'function')
  142 |
  143 |     const keys = headers.keys()"
/home/gabriel/Disk/Research/research-javascript-test-smells/repositories/undici/test/node-fetch/headers.js,Assertion Roulette,"{'column': 4, 'line': 141}","  139 |
  140 |     assert.strictEqual(typeof headers.keys, 'function')
> 141 |     assert.strictEqual(typeof headers.keys()[Symbol.iterator], 'function')
      |    ^ Assertion Roulette
  142 |
  143 |     const keys = headers.keys()
  144 |     assert.strictEqual(typeof keys.next, 'function')"
/home/gabriel/Disk/Research/research-javascript-test-smells/repositories/undici/test/node-fetch/headers.js,Assertion Roulette,"{'column': 4, 'line': 144}","  142 |
  143 |     const keys = headers.keys()
> 144 |     assert.strictEqual(typeof keys.next, 'function')
      |    ^ Assertion Roulette
  145 |     assert.strictEqual(keys.next().value, 'a')
  146 |     assert.strictEqual(typeof keys.next, 'function')
  147 |     assert.strictEqual(keys.next().value, 'b')"
/home/gabriel/Disk/Research/research-javascript-test-smells/repositories/undici/test/node-fetch/headers.js,Assertion Roulette,"{'column': 4, 'line': 145}","  143 |     const keys = headers.keys()
  144 |     assert.strictEqual(typeof keys.next, 'function')
> 145 |     assert.strictEqual(keys.next().value, 'a')
      |    ^ Assertion Roulette
  146 |     assert.strictEqual(typeof keys.next, 'function')
  147 |     assert.strictEqual(keys.next().value, 'b')
  148 |     assert.strictEqual(typeof keys.next, 'function')"
/home/gabriel/Disk/Research/research-javascript-test-smells/repositories/undici/test/node-fetch/headers.js,Assertion Roulette,"{'column': 4, 'line': 146}","  144 |     assert.strictEqual(typeof keys.next, 'function')
  145 |     assert.strictEqual(keys.next().value, 'a')
> 146 |     assert.strictEqual(typeof keys.next, 'function')
      |    ^ Assertion Roulette
  147 |     assert.strictEqual(keys.next().value, 'b')
  148 |     assert.strictEqual(typeof keys.next, 'function')
  149 |     assert.strictEqual(keys.next().value, 'c')"
/home/gabriel/Disk/Research/research-javascript-test-smells/repositories/undici/test/node-fetch/headers.js,Assertion Roulette,"{'column': 4, 'line': 147}","  145 |     assert.strictEqual(keys.next().value, 'a')
  146 |     assert.strictEqual(typeof keys.next, 'function')
> 147 |     assert.strictEqual(keys.next().value, 'b')
      |    ^ Assertion Roulette
  148 |     assert.strictEqual(typeof keys.next, 'function')
  149 |     assert.strictEqual(keys.next().value, 'c')
  150 |"
/home/gabriel/Disk/Research/research-javascript-test-smells/repositories/undici/test/node-fetch/headers.js,Assertion Roulette,"{'column': 4, 'line': 148}","  146 |     assert.strictEqual(typeof keys.next, 'function')
  147 |     assert.strictEqual(keys.next().value, 'b')
> 148 |     assert.strictEqual(typeof keys.next, 'function')
      |    ^ Assertion Roulette
  149 |     assert.strictEqual(keys.next().value, 'c')
  150 |
  151 |     assert.deepStrictEqual([...headers.keys()], ['a', 'b', 'c'])"
/home/gabriel/Disk/Research/research-javascript-test-smells/repositories/undici/test/node-fetch/headers.js,Assertion Roulette,"{'column': 4, 'line': 149}","  147 |     assert.strictEqual(keys.next().value, 'b')
  148 |     assert.strictEqual(typeof keys.next, 'function')
> 149 |     assert.strictEqual(keys.next().value, 'c')
      |    ^ Assertion Roulette
  150 |
  151 |     assert.deepStrictEqual([...headers.keys()], ['a', 'b', 'c'])
  152 |   })"
/home/gabriel/Disk/Research/research-javascript-test-smells/repositories/undici/test/node-fetch/headers.js,Assertion Roulette,"{'column': 4, 'line': 151}","  149 |     assert.strictEqual(keys.next().value, 'c')
  150 |
> 151 |     assert.deepStrictEqual([...headers.keys()], ['a', 'b', 'c'])
      |    ^ Assertion Roulette
  152 |   })
  153 |
  154 |   it('should allow iterating through all headers with values()', () => {"
/home/gabriel/Disk/Research/research-javascript-test-smells/repositories/undici/test/node-fetch/headers.js,Assertion Roulette,"{'column': 4, 'line': 162}","  160 |     headers.append('b', '3')
  161 |
> 162 |     assert.strictEqual(typeof headers.values, 'function')
      |    ^ Assertion Roulette
  163 |     assert.strictEqual(typeof headers.values()[Symbol.iterator], 'function')
  164 |
  165 |     const values = headers.values()"
/home/gabriel/Disk/Research/research-javascript-test-smells/repositories/undici/test/node-fetch/headers.js,Assertion Roulette,"{'column': 4, 'line': 163}","  161 |
  162 |     assert.strictEqual(typeof headers.values, 'function')
> 163 |     assert.strictEqual(typeof headers.values()[Symbol.iterator], 'function')
      |    ^ Assertion Roulette
  164 |
  165 |     const values = headers.values()
  166 |     assert.strictEqual(typeof values.next, 'function')"
/home/gabriel/Disk/Research/research-javascript-test-smells/repositories/undici/test/node-fetch/headers.js,Assertion Roulette,"{'column': 4, 'line': 166}","  164 |
  165 |     const values = headers.values()
> 166 |     assert.strictEqual(typeof values.next, 'function')
      |    ^ Assertion Roulette
  167 |     assert.strictEqual(values.next().value, '1')
  168 |     assert.strictEqual(typeof values.next, 'function')
  169 |     assert.strictEqual(values.next().value, '2, 3')"
/home/gabriel/Disk/Research/research-javascript-test-smells/repositories/undici/test/node-fetch/headers.js,Assertion Roulette,"{'column': 4, 'line': 167}","  165 |     const values = headers.values()
  166 |     assert.strictEqual(typeof values.next, 'function')
> 167 |     assert.strictEqual(values.next().value, '1')
      |    ^ Assertion Roulette
  168 |     assert.strictEqual(typeof values.next, 'function')
  169 |     assert.strictEqual(values.next().value, '2, 3')
  170 |     assert.strictEqual(typeof values.next, 'function')"
/home/gabriel/Disk/Research/research-javascript-test-smells/repositories/undici/test/node-fetch/headers.js,Assertion Roulette,"{'column': 4, 'line': 168}","  166 |     assert.strictEqual(typeof values.next, 'function')
  167 |     assert.strictEqual(values.next().value, '1')
> 168 |     assert.strictEqual(typeof values.next, 'function')
      |    ^ Assertion Roulette
  169 |     assert.strictEqual(values.next().value, '2, 3')
  170 |     assert.strictEqual(typeof values.next, 'function')
  171 |     assert.strictEqual(values.next().value, '4')"
/home/gabriel/Disk/Research/research-javascript-test-smells/repositories/undici/test/node-fetch/headers.js,Assertion Roulette,"{'column': 4, 'line': 169}","  167 |     assert.strictEqual(values.next().value, '1')
  168 |     assert.strictEqual(typeof values.next, 'function')
> 169 |     assert.strictEqual(values.next().value, '2, 3')
      |    ^ Assertion Roulette
  170 |     assert.strictEqual(typeof values.next, 'function')
  171 |     assert.strictEqual(values.next().value, '4')
  172 |"
/home/gabriel/Disk/Research/research-javascript-test-smells/repositories/undici/test/node-fetch/headers.js,Assertion Roulette,"{'column': 4, 'line': 170}","  168 |     assert.strictEqual(typeof values.next, 'function')
  169 |     assert.strictEqual(values.next().value, '2, 3')
> 170 |     assert.strictEqual(typeof values.next, 'function')
      |    ^ Assertion Roulette
  171 |     assert.strictEqual(values.next().value, '4')
  172 |
  173 |     assert.deepStrictEqual([...headers.values()], ['1', '2, 3', '4'])"
/home/gabriel/Disk/Research/research-javascript-test-smells/repositories/undici/test/node-fetch/headers.js,Assertion Roulette,"{'column': 4, 'line': 171}","  169 |     assert.strictEqual(values.next().value, '2, 3')
  170 |     assert.strictEqual(typeof values.next, 'function')
> 171 |     assert.strictEqual(values.next().value, '4')
      |    ^ Assertion Roulette
  172 |
  173 |     assert.deepStrictEqual([...headers.values()], ['1', '2, 3', '4'])
  174 |   })"
/home/gabriel/Disk/Research/research-javascript-test-smells/repositories/undici/test/node-fetch/headers.js,Assertion Roulette,"{'column': 4, 'line': 173}","  171 |     assert.strictEqual(values.next().value, '4')
  172 |
> 173 |     assert.deepStrictEqual([...headers.values()], ['1', '2, 3', '4'])
      |    ^ Assertion Roulette
  174 |   })
  175 |
  176 |   it('should reject illegal header', () => {"
/home/gabriel/Disk/Research/research-javascript-test-smells/repositories/undici/test/node-fetch/headers.js,Assertion Roulette,"{'column': 4, 'line': 271}","  269 |       ['a', '3']
  270 |     ])
> 271 |     assert.strictEqual(headers.get('a'), '1, 3')
      |    ^ Assertion Roulette
  272 |     assert.strictEqual(headers.get('b'), '2')
  273 |
  274 |     headers = new Headers(["
/home/gabriel/Disk/Research/research-javascript-test-smells/repositories/undici/test/node-fetch/headers.js,Assertion Roulette,"{'column': 4, 'line': 272}","  270 |     ])
  271 |     assert.strictEqual(headers.get('a'), '1, 3')
> 272 |     assert.strictEqual(headers.get('b'), '2')
      |    ^ Assertion Roulette
  273 |
  274 |     headers = new Headers([
  275 |       new Set(['a', '1']),"
/home/gabriel/Disk/Research/research-javascript-test-smells/repositories/undici/test/node-fetch/headers.js,Assertion Roulette,"{'column': 4, 'line': 279}","  277 |       new Map([['a', null], ['3', null]]).keys()
  278 |     ])
> 279 |     assert.strictEqual(headers.get('a'), '1, 3')
      |    ^ Assertion Roulette
  280 |     assert.strictEqual(headers.get('b'), '2')
  281 |
  282 |     headers = new Headers(new Map(["
/home/gabriel/Disk/Research/research-javascript-test-smells/repositories/undici/test/node-fetch/headers.js,Assertion Roulette,"{'column': 4, 'line': 280}","  278 |     ])
  279 |     assert.strictEqual(headers.get('a'), '1, 3')
> 280 |     assert.strictEqual(headers.get('b'), '2')
      |    ^ Assertion Roulette
  281 |
  282 |     headers = new Headers(new Map([
  283 |       ['a', '1'],"
/home/gabriel/Disk/Research/research-javascript-test-smells/repositories/undici/test/node-fetch/headers.js,Assertion Roulette,"{'column': 4, 'line': 286}","  284 |       ['b', '2']
  285 |     ]))
> 286 |     assert.strictEqual(headers.get('a'), '1')
      |    ^ Assertion Roulette
  287 |     assert.strictEqual(headers.get('b'), '2')
  288 |   })
  289 |"
/home/gabriel/Disk/Research/research-javascript-test-smells/repositories/undici/test/node-fetch/headers.js,Assertion Roulette,"{'column': 4, 'line': 287}","  285 |     ]))
  286 |     assert.strictEqual(headers.get('a'), '1')
> 287 |     assert.strictEqual(headers.get('b'), '2')
      |    ^ Assertion Roulette
  288 |   })
  289 |
  290 |   it('should throw a TypeError if non-tuple exists in a headers initializer', () => {"
/home/gabriel/Disk/Research/research-javascript-test-smells/repositories/undici/test/node-fetch/headers.js,Conditional Test Logic,"{'line': 14, 'column': 4, 'index': 419}","  12 |     const enumerableProperties = []
  13 |
> 14 |     for (const property in headers) {
     |    ^ Conditional Test Logic
  15 |       enumerableProperties.push(property)
  16 |     }
  17 |"
/home/gabriel/Disk/Research/research-javascript-test-smells/repositories/undici/test/node-fetch/headers.js,Conditional Test Logic,"{'line': 18, 'column': 4, 'index': 506}","  16 |     }
  17 |
> 18 |     for (const toCheck of [
     |    ^ Conditional Test Logic
  19 |       'append',
  20 |       'delete',
  21 |       'entries',"
/home/gabriel/Disk/Research/research-javascript-test-smells/repositories/undici/test/node-fetch/headers.js,Conditional Test Logic,"{'line': 43, 'column': 4, 'index': 1026}","  41 |
  42 |     const result = []
> 43 |     for (const [key, value] of headers.entries()) {
     |    ^ Conditional Test Logic
  44 |       result.push([key, value])
  45 |     }
  46 |"
/home/gabriel/Disk/Research/research-javascript-test-smells/repositories/undici/test/node-fetch/headers.js,Conditional Test Logic,"{'line': 95, 'column': 4, 'index': 2600}","  93 |
  94 |     const result = []
> 95 |     for (const pair of headers) {
     |    ^ Conditional Test Logic
  96 |       result.push(pair)
  97 |     }
  98 |"
/home/gabriel/Disk/Research/research-javascript-test-smells/repositories/undici/test/node-fetch/headers.js,Duplicate Assert,"{'line': 118, 'column': 4, 'index': 3145}","  116 |
  117 |     const entries = headers.entries()
> 118 |     assert.strictEqual(typeof entries.next, 'function')
      |    ^ Duplicate Assert
  119 |     assert.deepStrictEqual(entries.next().value, ['a', '1'])
  120 |     assert.strictEqual(typeof entries.next, 'function')
  121 |     assert.deepStrictEqual(entries.next().value, ['b', '2, 3'])"
/home/gabriel/Disk/Research/research-javascript-test-smells/repositories/undici/test/node-fetch/headers.js,Duplicate Assert,"{'line': 120, 'column': 4, 'index': 3262}","  118 |     assert.strictEqual(typeof entries.next, 'function')
  119 |     assert.deepStrictEqual(entries.next().value, ['a', '1'])
> 120 |     assert.strictEqual(typeof entries.next, 'function')
      |    ^ Duplicate Assert
  121 |     assert.deepStrictEqual(entries.next().value, ['b', '2, 3'])
  122 |     assert.strictEqual(typeof entries.next, 'function')
  123 |     assert.deepStrictEqual(entries.next().value, ['c', '4'])"
/home/gabriel/Disk/Research/research-javascript-test-smells/repositories/undici/test/node-fetch/headers.js,Duplicate Assert,"{'line': 122, 'column': 4, 'index': 3382}","  120 |     assert.strictEqual(typeof entries.next, 'function')
  121 |     assert.deepStrictEqual(entries.next().value, ['b', '2, 3'])
> 122 |     assert.strictEqual(typeof entries.next, 'function')
      |    ^ Duplicate Assert
  123 |     assert.deepStrictEqual(entries.next().value, ['c', '4'])
  124 |
  125 |     assert.deepStrictEqual([...headers.entries()], ["
/home/gabriel/Disk/Research/research-javascript-test-smells/repositories/undici/test/node-fetch/headers.js,Duplicate Assert,"{'line': 144, 'column': 4, 'index': 3981}","  142 |
  143 |     const keys = headers.keys()
> 144 |     assert.strictEqual(typeof keys.next, 'function')
      |    ^ Duplicate Assert
  145 |     assert.strictEqual(keys.next().value, 'a')
  146 |     assert.strictEqual(typeof keys.next, 'function')
  147 |     assert.strictEqual(keys.next().value, 'b')"
/home/gabriel/Disk/Research/research-javascript-test-smells/repositories/undici/test/node-fetch/headers.js,Duplicate Assert,"{'line': 146, 'column': 4, 'index': 4081}","  144 |     assert.strictEqual(typeof keys.next, 'function')
  145 |     assert.strictEqual(keys.next().value, 'a')
> 146 |     assert.strictEqual(typeof keys.next, 'function')
      |    ^ Duplicate Assert
  147 |     assert.strictEqual(keys.next().value, 'b')
  148 |     assert.strictEqual(typeof keys.next, 'function')
  149 |     assert.strictEqual(keys.next().value, 'c')"
/home/gabriel/Disk/Research/research-javascript-test-smells/repositories/undici/test/node-fetch/headers.js,Duplicate Assert,"{'line': 148, 'column': 4, 'index': 4181}","  146 |     assert.strictEqual(typeof keys.next, 'function')
  147 |     assert.strictEqual(keys.next().value, 'b')
> 148 |     assert.strictEqual(typeof keys.next, 'function')
      |    ^ Duplicate Assert
  149 |     assert.strictEqual(keys.next().value, 'c')
  150 |
  151 |     assert.deepStrictEqual([...headers.keys()], ['a', 'b', 'c'])"
/home/gabriel/Disk/Research/research-javascript-test-smells/repositories/undici/test/node-fetch/headers.js,Duplicate Assert,"{'line': 166, 'column': 4, 'index': 4722}","  164 |
  165 |     const values = headers.values()
> 166 |     assert.strictEqual(typeof values.next, 'function')
      |    ^ Duplicate Assert
  167 |     assert.strictEqual(values.next().value, '1')
  168 |     assert.strictEqual(typeof values.next, 'function')
  169 |     assert.strictEqual(values.next().value, '2, 3')"
/home/gabriel/Disk/Research/research-javascript-test-smells/repositories/undici/test/node-fetch/headers.js,Duplicate Assert,"{'line': 168, 'column': 4, 'index': 4826}","  166 |     assert.strictEqual(typeof values.next, 'function')
  167 |     assert.strictEqual(values.next().value, '1')
> 168 |     assert.strictEqual(typeof values.next, 'function')
      |    ^ Duplicate Assert
  169 |     assert.strictEqual(values.next().value, '2, 3')
  170 |     assert.strictEqual(typeof values.next, 'function')
  171 |     assert.strictEqual(values.next().value, '4')"
/home/gabriel/Disk/Research/research-javascript-test-smells/repositories/undici/test/node-fetch/headers.js,Duplicate Assert,"{'line': 170, 'column': 4, 'index': 4933}","  168 |     assert.strictEqual(typeof values.next, 'function')
  169 |     assert.strictEqual(values.next().value, '2, 3')
> 170 |     assert.strictEqual(typeof values.next, 'function')
      |    ^ Duplicate Assert
  171 |     assert.strictEqual(values.next().value, '4')
  172 |
  173 |     assert.deepStrictEqual([...headers.values()], ['1', '2, 3', '4'])"
/home/gabriel/Disk/Research/research-javascript-test-smells/repositories/undici/test/node-fetch/headers.js,Duplicate Assert,"{'line': 271, 'column': 4, 'index': 8190}","  269 |       ['a', '3']
  270 |     ])
> 271 |     assert.strictEqual(headers.get('a'), '1, 3')
      |    ^ Duplicate Assert
  272 |     assert.strictEqual(headers.get('b'), '2')
  273 |
  274 |     headers = new Headers(["
/home/gabriel/Disk/Research/research-javascript-test-smells/repositories/undici/test/node-fetch/headers.js,Duplicate Assert,"{'line': 272, 'column': 4, 'index': 8239}","  270 |     ])
  271 |     assert.strictEqual(headers.get('a'), '1, 3')
> 272 |     assert.strictEqual(headers.get('b'), '2')
      |    ^ Duplicate Assert
  273 |
  274 |     headers = new Headers([
  275 |       new Set(['a', '1']),"
/home/gabriel/Disk/Research/research-javascript-test-smells/repositories/undici/test/node-fetch/headers.js,Duplicate Assert,"{'line': 279, 'column': 4, 'index': 8415}","  277 |       new Map([['a', null], ['3', null]]).keys()
  278 |     ])
> 279 |     assert.strictEqual(headers.get('a'), '1, 3')
      |    ^ Duplicate Assert
  280 |     assert.strictEqual(headers.get('b'), '2')
  281 |
  282 |     headers = new Headers(new Map(["
/home/gabriel/Disk/Research/research-javascript-test-smells/repositories/undici/test/node-fetch/headers.js,Duplicate Assert,"{'line': 280, 'column': 4, 'index': 8464}","  278 |     ])
  279 |     assert.strictEqual(headers.get('a'), '1, 3')
> 280 |     assert.strictEqual(headers.get('b'), '2')
      |    ^ Duplicate Assert
  281 |
  282 |     headers = new Headers(new Map([
  283 |       ['a', '1'],"
/home/gabriel/Disk/Research/research-javascript-test-smells/repositories/undici/test/node-fetch/headers.js,Duplicate Assert,"{'line': 287, 'column': 4, 'index': 8636}","  285 |     ]))
  286 |     assert.strictEqual(headers.get('a'), '1')
> 287 |     assert.strictEqual(headers.get('b'), '2')
      |    ^ Duplicate Assert
  288 |   })
  289 |
  290 |   it('should throw a TypeError if non-tuple exists in a headers initializer', () => {"
/home/gabriel/Disk/Research/research-javascript-test-smells/repositories/undici/test/node-fetch/headers.js,Ignored Test,"{'line': 70, 'column': 5, 'index': 1830}","  68 |   })
  69 |
> 70 |   it.skip('should set ""this"" to undefined by default on forEach', () => {
     |     ^ Ignored Test
  71 |     const headers = new Headers({ Accept: 'application/json' })
  72 |     headers.forEach(function () {
  73 |       assert.strictEqual(this, undefined)"
/home/gabriel/Disk/Research/research-javascript-test-smells/repositories/undici/test/node-fetch/headers.js,Ignored Test,"{'line': 191, 'column': 5, 'index': 5792}","  189 |   })
  190 |
> 191 |   it.skip('should ignore unsupported attributes while reading headers', () => {
      |     ^ Ignored Test
  192 |     const FakeHeader = function () { }
  193 |     // Prototypes are currently ignored
  194 |     // This might change in the future: #181"
/home/gabriel/Disk/Research/research-javascript-test-smells/repositories/undici/test/node-fetch/headers.js,Ignored Test,"{'line': 237, 'column': 5, 'index': 7316}","  235 |   })
  236 |
> 237 |   it.skip('should wrap headers', () => {
      |     ^ Ignored Test
  238 |     const h1 = new Headers({
  239 |       a: '1'
  240 |     })"
/home/gabriel/Disk/Research/research-javascript-test-smells/repositories/undici/test/node-fetch/headers.js,Ignored Test,"{'line': 297, 'column': 5, 'index': 9036}","  295 |   })
  296 |
> 297 |   it.skip('should use a custom inspect function', () => {
      |     ^ Ignored Test
  298 |     const headers = new Headers([
  299 |       ['Host', 'thehost'],
  300 |       ['Host', 'notthehost'],"
/home/gabriel/Disk/Research/research-javascript-test-smells/repositories/undici/test/node-fetch/headers.js,Magic Number,"{'line': 11, 'column': 67, 'index': 375}","   9 |   it('should have attributes conforming to Web IDL', () => {
  10 |     const headers = new Headers()
> 11 |     assert.strictEqual(Object.getOwnPropertyNames(headers).length, 0)
     |                                                                   ^ Magic Number
  12 |     const enumerableProperties = []
  13 |
  14 |     for (const property in headers) {"
/home/gabriel/Disk/Research/research-javascript-test-smells/repositories/undici/test/node-fetch/headers.js,Magic Number,"{'line': 65, 'column': 39, 'index': 1601}","  63 |     })
  64 |
> 65 |     assert.strictEqual(results.length, 2)
     |                                       ^ Magic Number
  66 |     assert.deepStrictEqual(results[0], { key: 'accept', value: 'application/json, text/plain', object: headers })
  67 |     assert.deepStrictEqual(results[1], { key: 'content-type', value: 'text/html', object: headers })
  68 |   })"
/home/gabriel/Disk/Research/research-javascript-test-smells/repositories/undici/test/jest/mock-scope.test.js,Sleepy Test,"{'line': 25, 'column': 2, 'index': 560}","  23 |
  24 |   const ac = new AbortController()
> 25 |   setTimeout(() => ac.abort(), 5)
     |  ^ Sleepy Test
  26 |   const promise = request('http://localhost:3333/jest-bugs', {
  27 |     signal: ac.signal
  28 |   })"
/home/gabriel/Disk/Research/research-javascript-test-smells/repositories/undici/test/jest/mock-agent.test.js,Magic Number,"{'line': 39, 'column': 28, 'index': 994}","  37 |       body: 'form1=data1&form2=data2'
  38 |     })
> 39 |     expect(statusCode).toBe(200)
     |                            ^ Magic Number
  40 |     expect(headers).toEqual({ 'content-type': 'application/json' })
  41 |     expect(trailers).toEqual({ 'content-md5': 'test' })
  42 |"
/home/gabriel/Disk/Research/research-javascript-test-smells/repositories/undici/test/jest/issue-1757.test.js,Conditional Test Logic,"{'line': 39, 'column': 4, 'index': 888}","  37 |     method: () => true
  38 |   }).reply(200, async (opts) => {
> 39 |     if (opts.body?.[Symbol.asyncIterator]) {
     |    ^ Conditional Test Logic
  40 |       const chunks = []
  41 |       for await (const chunk of opts.body) {
  42 |         chunks.push(chunk)"
/home/gabriel/Disk/Research/research-javascript-test-smells/repositories/undici/test/jest/issue-1757.test.js,Conditional Test Logic,"{'line': 41, 'column': 6, 'index': 959}","  39 |     if (opts.body?.[Symbol.asyncIterator]) {
  40 |       const chunks = []
> 41 |       for await (const chunk of opts.body) {
     |      ^ Conditional Test Logic
  42 |         chunks.push(chunk)
  43 |       }
  44 |"
/home/gabriel/Disk/Research/research-javascript-test-smells/repositories/undici/test/jest/issue-1757.test.js,Magic Number,"{'line': 57, 'column': 31, 'index': 1324}","  55 |
  56 |   expect(response.json()).resolves.toMatchObject({ foo: 'bar' })
> 57 |   expect(response.status).toBe(200)
     |                               ^ Magic Number
  58 | })
  59 |"
/home/gabriel/Disk/Research/research-javascript-test-smells/repositories/undici/test/interceptors/deduplicate.js,Conditional Test Logic,"{'line': 368, 'column': 6, 'index': 10064}","  366 |       res.setHeader('transfer-encoding', 'chunked')
  367 |       // Send multiple chunks
> 368 |       for (let i = 0; i < 5; i++) {
      |      ^ Conditional Test Logic
  369 |         res.write(bodyPart + i)
  370 |         await sleep(10)
  371 |       }"
/home/gabriel/Disk/Research/research-javascript-test-smells/repositories/undici/test/interceptors/deduplicate.js,Unknown Test,"{'column': 2, 'line': 12}","  10 |
  11 | describe('Deduplicate Interceptor', () => {
> 12 |   test('deduplicates concurrent requests for the same resource', async () => {
     |  ^ Unknown Test
  13 |     let requestsToOrigin = 0
  14 |     const server = createServer({ joinDuplicateHeaders: true }, async (req, res) => {
  15 |       requestsToOrigin++"
/home/gabriel/Disk/Research/research-javascript-test-smells/repositories/undici/test/interceptors/deduplicate.js,Unknown Test,"{'column': 2, 'line': 59}","  57 |   })
  58 |
> 59 |   test('deduplicates concurrent requests with same headers', async () => {
     |  ^ Unknown Test
  60 |     let requestsToOrigin = 0
  61 |     const server = createServer({ joinDuplicateHeaders: true }, async (req, res) => {
  62 |       requestsToOrigin++"
/home/gabriel/Disk/Research/research-javascript-test-smells/repositories/undici/test/interceptors/deduplicate.js,Unknown Test,"{'column': 2, 'line': 103}","  101 |   })
  102 |
> 103 |   test('does not deduplicate requests with different header values', async () => {
      |  ^ Unknown Test
  104 |     let requestsToOrigin = 0
  105 |     const server = createServer({ joinDuplicateHeaders: true }, async (req, res) => {
  106 |       requestsToOrigin++"
/home/gabriel/Disk/Research/research-javascript-test-smells/repositories/undici/test/interceptors/deduplicate.js,Unknown Test,"{'column': 2, 'line': 157}","  155 |   })
  156 |
> 157 |   test('does not deduplicate requests with different paths', async () => {
      |  ^ Unknown Test
  158 |     let requestsToOrigin = 0
  159 |     const server = createServer({ joinDuplicateHeaders: true }, async (req, res) => {
  160 |       requestsToOrigin++"
/home/gabriel/Disk/Research/research-javascript-test-smells/repositories/undici/test/interceptors/deduplicate.js,Unknown Test,"{'column': 2, 'line': 193}","  191 |   })
  192 |
> 193 |   test('propagates errors to all waiting handlers', async () => {
      |  ^ Unknown Test
  194 |     let requestsToOrigin = 0
  195 |     const server = createServer({ joinDuplicateHeaders: true }, async (req, res) => {
  196 |       requestsToOrigin++"
/home/gabriel/Disk/Research/research-javascript-test-smells/repositories/undici/test/interceptors/deduplicate.js,Unknown Test,"{'column': 2, 'line': 234}","  232 |   })
  233 |
> 234 |   test('works with cache interceptor for cacheable responses', async () => {
      |  ^ Unknown Test
  235 |     let requestsToOrigin = 0
  236 |     const server = createServer({ joinDuplicateHeaders: true }, async (req, res) => {
  237 |       requestsToOrigin++"
/home/gabriel/Disk/Research/research-javascript-test-smells/repositories/undici/test/interceptors/deduplicate.js,Unknown Test,"{'column': 2, 'line': 273}","  271 |   })
  272 |
> 273 |   test('deduplication works with non-cacheable responses', async () => {
      |  ^ Unknown Test
  274 |     let requestsToOrigin = 0
  275 |     const server = createServer({ joinDuplicateHeaders: true }, async (req, res) => {
  276 |       requestsToOrigin++"
/home/gabriel/Disk/Research/research-javascript-test-smells/repositories/undici/test/interceptors/deduplicate.js,Unknown Test,"{'column': 2, 'line': 321}","  319 |   })
  320 |
> 321 |   test('deduplication cleans up pending requests after completion', async () => {
      |  ^ Unknown Test
  322 |     let requestsToOrigin = 0
  323 |     const server = createServer({ joinDuplicateHeaders: true }, async (req, res) => {
  324 |       requestsToOrigin++"
/home/gabriel/Disk/Research/research-javascript-test-smells/repositories/undici/test/interceptors/deduplicate.js,Unknown Test,"{'column': 2, 'line': 360}","  358 |   })
  359 |
> 360 |   test('deduplication works with chunked response bodies', async () => {
      |  ^ Unknown Test
  361 |     let requestsToOrigin = 0
  362 |     const bodyPart = 'chunk-data-'
  363 |"
/home/gabriel/Disk/Research/research-javascript-test-smells/repositories/undici/test/interceptors/deduplicate.js,Unknown Test,"{'column': 2, 'line': 409}","  407 |   })
  408 |
> 409 |   test('all response properties are available to deduplicated handlers', async () => {
      |  ^ Unknown Test
  410 |     let requestsToOrigin = 0
  411 |     const server = createServer({ joinDuplicateHeaders: true }, async (req, res) => {
  412 |       requestsToOrigin++"
/home/gabriel/Disk/Research/research-javascript-test-smells/repositories/undici/test/interceptors/deduplicate.js,Unknown Test,"{'column': 2, 'line': 457}","  455 |   })
  456 |
> 457 |   test('diagnostic channel tracks pending requests correctly', async () => {
      |  ^ Unknown Test
  458 |     const events = []
  459 |     const channel = diagnosticsChannel.channel('undici:request:pending-requests')
  460 |"
/home/gabriel/Disk/Research/research-javascript-test-smells/repositories/undici/test/interceptors/deduplicate.js,Unknown Test,"{'column': 2, 'line': 502}","  500 |   })
  501 |
> 502 |   test('diagnostic channel shows cleanup after error', async () => {
      |  ^ Unknown Test
  503 |     const events = []
  504 |     const channel = diagnosticsChannel.channel('undici:request:pending-requests')
  505 |"
/home/gabriel/Disk/Research/research-javascript-test-smells/repositories/undici/test/interceptors/deduplicate.js,Unknown Test,"{'column': 2, 'line': 547}","  545 |   })
  546 |
> 547 |   test('diagnostic channel tracks multiple pending requests separately', async () => {
      |  ^ Unknown Test
  548 |     const events = []
  549 |     const channel = diagnosticsChannel.channel('undici:request:pending-requests')
  550 |"
/home/gabriel/Disk/Research/research-javascript-test-smells/repositories/undici/test/interceptors/deduplicate.js,Unknown Test,"{'column': 2, 'line': 600}","  598 |   })
  599 |
> 600 |   test('does not deduplicate requests with different Authorization headers', async () => {
      |  ^ Unknown Test
  601 |     let requestsToOrigin = 0
  602 |     const server = createServer({ joinDuplicateHeaders: true }, async (req, res) => {
  603 |       requestsToOrigin++"
/home/gabriel/Disk/Research/research-javascript-test-smells/repositories/undici/test/interceptors/deduplicate.js,Unknown Test,"{'column': 2, 'line': 646}","  644 |   })
  645 |
> 646 |   test('does not deduplicate requests with different Cookie headers', async () => {
      |  ^ Unknown Test
  647 |     let requestsToOrigin = 0
  648 |     const server = createServer({ joinDuplicateHeaders: true }, async (req, res) => {
  649 |       requestsToOrigin++"
/home/gabriel/Disk/Research/research-javascript-test-smells/repositories/undici/test/interceptors/deduplicate.js,Unknown Test,"{'column': 2, 'line': 692}","  690 |   })
  691 |
> 692 |   test('deduplicates requests with same Authorization header', async () => {
      |  ^ Unknown Test
  693 |     let requestsToOrigin = 0
  694 |     const server = createServer({ joinDuplicateHeaders: true }, async (req, res) => {
  695 |       requestsToOrigin++"
/home/gabriel/Disk/Research/research-javascript-test-smells/repositories/undici/test/interceptors/deduplicate.js,Unknown Test,"{'column': 2, 'line': 738}","  736 |   })
  737 |
> 738 |   test('skipHeaderNames skips deduplication for requests with specified headers', async () => {
      |  ^ Unknown Test
  739 |     let requestsToOrigin = 0
  740 |     const server = createServer({ joinDuplicateHeaders: true }, async (req, res) => {
  741 |       requestsToOrigin++"
/home/gabriel/Disk/Research/research-javascript-test-smells/repositories/undici/test/interceptors/deduplicate.js,Unknown Test,"{'column': 2, 'line': 784}","  782 |   })
  783 |
> 784 |   test('skipHeaderNames is case-insensitive', async () => {
      |  ^ Unknown Test
  785 |     let requestsToOrigin = 0
  786 |     const server = createServer({ joinDuplicateHeaders: true }, async (req, res) => {
  787 |       requestsToOrigin++"
/home/gabriel/Disk/Research/research-javascript-test-smells/repositories/undici/test/interceptors/deduplicate.js,Unknown Test,"{'column': 2, 'line': 830}","  828 |   })
  829 |
> 830 |   test('skipHeaderNames allows deduplication for requests without specified headers', async () => {
      |  ^ Unknown Test
  831 |     let requestsToOrigin = 0
  832 |     const server = createServer({ joinDuplicateHeaders: true }, async (req, res) => {
  833 |       requestsToOrigin++"
/home/gabriel/Disk/Research/research-javascript-test-smells/repositories/undici/test/interceptors/deduplicate.js,Unknown Test,"{'column': 2, 'line': 874}","  872 |   })
  873 |
> 874 |   test('skipHeaderNames with multiple headers', async () => {
      |  ^ Unknown Test
  875 |     let requestsToOrigin = 0
  876 |     const server = createServer({ joinDuplicateHeaders: true }, async (req, res) => {
  877 |       requestsToOrigin++"
/home/gabriel/Disk/Research/research-javascript-test-smells/repositories/undici/test/interceptors/deduplicate.js,Unknown Test,"{'column': 2, 'line': 930}","  928 |   })
  929 |
> 930 |   test('throws TypeError if skipHeaderNames is not an array', () => {
      |  ^ Unknown Test
  931 |     const { throws } = require('node:assert')
  932 |     throws(() => {
  933 |       interceptors.deduplicate({ skipHeaderNames: 'not-an-array' })"
/home/gabriel/Disk/Research/research-javascript-test-smells/repositories/undici/test/interceptors/deduplicate.js,Unknown Test,"{'column': 2, 'line': 940}","  938 |   })
  939 |
> 940 |   test('excludeHeaderNames deduplicates requests with different excluded header values', async () => {
      |  ^ Unknown Test
  941 |     let requestsToOrigin = 0
  942 |     const server = createServer({ joinDuplicateHeaders: true }, async (req, res) => {
  943 |       requestsToOrigin++"
/home/gabriel/Disk/Research/research-javascript-test-smells/repositories/undici/test/interceptors/deduplicate.js,Unknown Test,"{'column': 2, 'line': 986}","  984 |   })
  985 |
> 986 |   test('excludeHeaderNames is case-insensitive', async () => {
      |  ^ Unknown Test
  987 |     let requestsToOrigin = 0
  988 |     const server = createServer({ joinDuplicateHeaders: true }, async (req, res) => {
  989 |       requestsToOrigin++"
/home/gabriel/Disk/Research/research-javascript-test-smells/repositories/undici/test/interceptors/deduplicate.js,Unknown Test,"{'column': 2, 'line': 1032}","  1030 |   })
  1031 |
> 1032 |   test('excludeHeaderNames does not affect other headers in deduplication key', async () => {
       |  ^ Unknown Test
  1033 |     let requestsToOrigin = 0
  1034 |     const server = createServer({ joinDuplicateHeaders: true }, async (req, res) => {
  1035 |       requestsToOrigin++"
/home/gabriel/Disk/Research/research-javascript-test-smells/repositories/undici/test/interceptors/deduplicate.js,Unknown Test,"{'column': 2, 'line': 1078}","  1076 |   })
  1077 |
> 1078 |   test('excludeHeaderNames with multiple headers', async () => {
       |  ^ Unknown Test
  1079 |     let requestsToOrigin = 0
  1080 |     const server = createServer({ joinDuplicateHeaders: true }, async (req, res) => {
  1081 |       requestsToOrigin++"
/home/gabriel/Disk/Research/research-javascript-test-smells/repositories/undici/test/interceptors/deduplicate.js,Unknown Test,"{'column': 2, 'line': 1124}","  1122 |   })
  1123 |
> 1124 |   test('throws TypeError if excludeHeaderNames is not an array', () => {
       |  ^ Unknown Test
  1125 |     const { throws } = require('node:assert')
  1126 |     throws(() => {
  1127 |       interceptors.deduplicate({ excludeHeaderNames: 'not-an-array' })"
/home/gabriel/Disk/Research/research-javascript-test-smells/repositories/undici/test/interceptors/cache.js,Conditional Test Logic,"{'line': 62, 'column': 6, 'index': 1784}","  60 |       res.setHeader('vary', 'a')
  61 |
> 62 |       if (req.headers.a === 'asd123') {
     |      ^ Conditional Test Logic
  63 |         res.end('asd')
  64 |       } else {
  65 |         res.end('dsa')"
/home/gabriel/Disk/Research/research-javascript-test-smells/repositories/undici/test/interceptors/cache.js,Conditional Test Logic,"{'line': 212, 'column': 6, 'index': 5415}","  210 |     {
  211 |       const res = await client.request(request)
> 212 |       if (serverError) {
      |      ^ Conditional Test Logic
  213 |         throw serverError
  214 |       }
  215 |"
/home/gabriel/Disk/Research/research-javascript-test-smells/repositories/undici/test/interceptors/cache.js,Conditional Test Logic,"{'line': 223, 'column': 6, 'index': 5639}","  221 |     {
  222 |       const res = await client.request(request)
> 223 |       if (serverError) {
      |      ^ Conditional Test Logic
  224 |         throw serverError
  225 |       }
  226 |"
/home/gabriel/Disk/Research/research-javascript-test-smells/repositories/undici/test/interceptors/cache.js,Conditional Test Logic,"{'line': 290, 'column': 6, 'index': 7328}","  288 |     {
  289 |       const res = await client.request(request)
> 290 |       if (serverError) {
      |      ^ Conditional Test Logic
  291 |         throw serverError
  292 |       }
  293 |"
/home/gabriel/Disk/Research/research-javascript-test-smells/repositories/undici/test/interceptors/cache.js,Conditional Test Logic,"{'line': 301, 'column': 6, 'index': 7552}","  299 |     {
  300 |       const res = await client.request(request)
> 301 |       if (serverError) {
      |      ^ Conditional Test Logic
  302 |         throw serverError
  303 |       }
  304 |"
/home/gabriel/Disk/Research/research-javascript-test-smells/repositories/undici/test/interceptors/cache.js,Conditional Test Logic,"{'line': 365, 'column': 6, 'index': 9122}","  363 |     {
  364 |       const res = await client.request(request)
> 365 |       if (serverError) {
      |      ^ Conditional Test Logic
  366 |         throw serverError
  367 |       }
  368 |"
/home/gabriel/Disk/Research/research-javascript-test-smells/repositories/undici/test/interceptors/cache.js,Conditional Test Logic,"{'line': 405, 'column': 8, 'index': 10210}","  403 |         const ifNoneMatch = req.headers['if-none-match']
  404 |
> 405 |         if (ifNoneMatch) {
      |        ^ Conditional Test Logic
  406 |           revalidationRequests++
  407 |           notEqual(req.headers.a, undefined)
  408 |           notEqual(req.headers['b-mixed-case'], undefined)"
/home/gabriel/Disk/Research/research-javascript-test-smells/repositories/undici/test/interceptors/cache.js,Conditional Test Logic,"{'line': 452, 'column': 6, 'index': 11277}","  450 |         }
  451 |       })
> 452 |       if (serverError) {
      |      ^ Conditional Test Logic
  453 |         throw serverError
  454 |       }
  455 |"
/home/gabriel/Disk/Research/research-javascript-test-smells/repositories/undici/test/interceptors/cache.js,Conditional Test Logic,"{'line': 470, 'column': 6, 'index': 11620}","  468 |         }
  469 |       })
> 470 |       if (serverError) {
      |      ^ Conditional Test Logic
  471 |         throw serverError
  472 |       }
  473 |"
/home/gabriel/Disk/Research/research-javascript-test-smells/repositories/undici/test/interceptors/cache.js,Conditional Test Logic,"{'line': 520, 'column': 4, 'index': 12940}","  518 |
  519 |     // Make sure the common unsafe methods cause cache purges
> 520 |     for (const method of ['POST', 'PUT', 'PATCH', 'DELETE']) {
      |    ^ Conditional Test Logic
  521 |       deleteCalled = false
  522 |
  523 |       await client.request({"
/home/gabriel/Disk/Research/research-javascript-test-smells/repositories/undici/test/interceptors/cache.js,Conditional Test Logic,"{'line': 553, 'column': 4, 'index': 13729}","  551 |       }))
  552 |
> 553 |     for (const method of ['POST', 'PUT', 'PATCH', 'DELETE']) {
      |    ^ Conditional Test Logic
  554 |       await client.request({
  555 |         origin: 'localhost',
  556 |         method,"
/home/gabriel/Disk/Research/research-javascript-test-smells/repositories/undici/test/interceptors/cache.js,Conditional Test Logic,"{'line': 582, 'column': 6, 'index': 14561}","  580 |       res.setHeader('should-not-be-stripped', 'asd')
  581 |
> 582 |       for (const header of headers) {
      |      ^ Conditional Test Logic
  583 |         res.setHeader(header, 'asd')
  584 |       }
  585 |"
/home/gabriel/Disk/Research/research-javascript-test-smells/repositories/undici/test/interceptors/cache.js,Conditional Test Logic,"{'line': 613, 'column': 6, 'index': 15234}","  611 |       equal(res.headers['should-not-be-stripped'], 'asd')
  612 |
> 613 |       for (const header of headers) {
      |      ^ Conditional Test Logic
  614 |         equal(res.headers[header], 'asd')
  615 |       }
  616 |     }"
/home/gabriel/Disk/Research/research-javascript-test-smells/repositories/undici/test/interceptors/cache.js,Conditional Test Logic,"{'line': 624, 'column': 6, 'index': 15531}","  622 |       equal(res.headers['transfer-encoding'], undefined)
  623 |
> 624 |       for (const header of headers) {
      |      ^ Conditional Test Logic
  625 |         equal(res.headers[header], undefined)
  626 |       }
  627 |     }"
/home/gabriel/Disk/Research/research-javascript-test-smells/repositories/undici/test/interceptors/cache.js,Conditional Test Logic,"{'line': 679, 'column': 6, 'index': 16836}","  677 |
  678 |       requestsToOrigin++
> 679 |       if (requestsToOrigin === 1) {
      |      ^ Conditional Test Logic
  680 |         // First request
  681 |         res.setHeader('cache-control', 'public, s-maxage=10, stale-if-error=20')
  682 |         res.end('asd')"
/home/gabriel/Disk/Research/research-javascript-test-smells/repositories/undici/test/interceptors/cache.js,Conditional Test Logic,"{'line': 823, 'column': 8, 'index': 20686}","  821 |         res.setHeader('cache-control', 'public, s-maxage=1, stale-while-revalidate=10')
  822 |
> 823 |         if (req.headers['if-modified-since']) {
      |        ^ Conditional Test Logic
  824 |           revalidationRequests++
  825 |           res.statusCode = 304
  826 |           res.end()"
/home/gabriel/Disk/Research/research-javascript-test-smells/repositories/undici/test/interceptors/cache.js,Conditional Test Logic,"{'line': 951, 'column': 8, 'index': 23837}","  949 |       let revalidationRequests = 0
  950 |       const server = createServer({ joinDuplicateHeaders: true }, (req, res) => {
> 951 |         if (req.headers['if-modified-since']) {
      |        ^ Conditional Test Logic
  952 |           revalidationRequests++
  953 |           res.statusCode = 304
  954 |           res.end()"
/home/gabriel/Disk/Research/research-javascript-test-smells/repositories/undici/test/interceptors/cache.js,Conditional Test Logic,"{'line': 1113, 'column': 8, 'index': 28147}","  1111 |
  1112 |         requestsToOrigin++
> 1113 |         if (requestsToOrigin === 1) {
       |        ^ Conditional Test Logic
  1114 |           // First request, send stale-while-revalidate to keep the value in the cache
  1115 |           res.setHeader('cache-control', 'public, s-maxage=10, stale-while-revalidate=20')
  1116 |           res.end('asd')"
/home/gabriel/Disk/Research/research-javascript-test-smells/repositories/undici/test/interceptors/cache.js,Conditional Test Logic,"{'line': 1226, 'column': 2, 'index': 31392}","  1224 |   ]
  1225 |
> 1226 |   for (const { code, body } of cacheableStatusCodes) {
       |  ^ Conditional Test Logic
  1227 |     test(`caches ${code} response with cache headers`, async () => {
  1228 |       let requestsToOrigin = 0
  1229 |       const server = createServer({ joinDuplicateHeaders: true }, (_, res) => {"
/home/gabriel/Disk/Research/research-javascript-test-smells/repositories/undici/test/interceptors/cache.js,Conditional Test Logic,"{'line': 1279, 'column': 2, 'index': 32877}","  1277 |   ]
  1278 |
> 1279 |   for (const { code, body } of nonHeuristicallyCacheableStatusCodes) {
       |  ^ Conditional Test Logic
  1280 |     test(`does not cache non-heuristically cacheable status ${code} without explicit directive`, async () => {
  1281 |       let requestsToOrigin = 0
  1282 |       const server = createServer({ joinDuplicateHeaders: true }, (_, res) => {"
/home/gabriel/Disk/Research/research-javascript-test-smells/repositories/undici/test/interceptors/cache.js,Conditional Test Logic,"{'line': 1488, 'column': 6, 'index': 38985}","  1486 |       res.setHeader('cache-control', 's-maxage=1, stale-while-revalidate=10')
  1487 |
> 1488 |       if (req.headers['if-modified-since']) {
       |      ^ Conditional Test Logic
  1489 |         revalidationRequests++
  1490 |         // Return updated content on revalidation
  1491 |         serverResponse = 'revalidated-response'"
/home/gabriel/Disk/Research/research-javascript-test-smells/repositories/undici/test/interceptors/cache.js,Conditional Test Logic,"{'line': 1537, 'column': 6, 'index': 40384}","  1535 |
  1536 |       // Response should be immediate (RFC 5861 requirement)
> 1537 |       if (responseTime > 100) {
       |      ^ Conditional Test Logic
  1538 |         fail(`stale-while-revalidate response took ${responseTime}ms, should be < 100ms`)
  1539 |       }
  1540 |     }"
/home/gabriel/Disk/Research/research-javascript-test-smells/repositories/undici/test/interceptors/cache.js,Conditional Test Logic,"{'line': 1558, 'column': 6, 'index': 41167}","  1556 |       res.setHeader('cache-control', 's-maxage=1, stale-while-revalidate=10')
  1557 |
> 1558 |       if (req.headers['if-modified-since']) {
       |      ^ Conditional Test Logic
  1559 |         revalidationRequests++
  1560 |         // Return updated content
  1561 |         res.end('updated-response')"
/home/gabriel/Disk/Research/research-javascript-test-smells/repositories/undici/test/interceptors/cache.js,Exception Handling,"{'line': 213, 'column': 8, 'index': 5442}","  211 |       const res = await client.request(request)
  212 |       if (serverError) {
> 213 |         throw serverError
      |        ^ Exception Handling
  214 |       }
  215 |
  216 |       equal(requestsToOrigin, 1)"
/home/gabriel/Disk/Research/research-javascript-test-smells/repositories/undici/test/interceptors/cache.js,Exception Handling,"{'line': 224, 'column': 8, 'index': 5666}","  222 |       const res = await client.request(request)
  223 |       if (serverError) {
> 224 |         throw serverError
      |        ^ Exception Handling
  225 |       }
  226 |
  227 |       equal(requestsToOrigin, 1)"
/home/gabriel/Disk/Research/research-javascript-test-smells/repositories/undici/test/interceptors/cache.js,Exception Handling,"{'line': 291, 'column': 8, 'index': 7355}","  289 |       const res = await client.request(request)
  290 |       if (serverError) {
> 291 |         throw serverError
      |        ^ Exception Handling
  292 |       }
  293 |
  294 |       equal(requestsToOrigin, 1)"
/home/gabriel/Disk/Research/research-javascript-test-smells/repositories/undici/test/interceptors/cache.js,Exception Handling,"{'line': 302, 'column': 8, 'index': 7579}","  300 |       const res = await client.request(request)
  301 |       if (serverError) {
> 302 |         throw serverError
      |        ^ Exception Handling
  303 |       }
  304 |
  305 |       equal(requestsToOrigin, 1)"
/home/gabriel/Disk/Research/research-javascript-test-smells/repositories/undici/test/interceptors/cache.js,Exception Handling,"{'line': 366, 'column': 8, 'index': 9149}","  364 |       const res = await client.request(request)
  365 |       if (serverError) {
> 366 |         throw serverError
      |        ^ Exception Handling
  367 |       }
  368 |
  369 |       equal(requestsToOrigin, 1)"
/home/gabriel/Disk/Research/research-javascript-test-smells/repositories/undici/test/interceptors/cache.js,Exception Handling,"{'line': 402, 'column': 6, 'index': 10138}","  400 |       res.setHeader('cache-control', 's-maxage=1, stale-while-revalidate=10')
  401 |
> 402 |       try {
      |      ^ Exception Handling
  403 |         const ifNoneMatch = req.headers['if-none-match']
  404 |
  405 |         if (ifNoneMatch) {"
/home/gabriel/Disk/Research/research-javascript-test-smells/repositories/undici/test/interceptors/cache.js,Exception Handling,"{'line': 453, 'column': 8, 'index': 11304}","  451 |       })
  452 |       if (serverError) {
> 453 |         throw serverError
      |        ^ Exception Handling
  454 |       }
  455 |
  456 |       strictEqual(requestsToOrigin, 1)"
/home/gabriel/Disk/Research/research-javascript-test-smells/repositories/undici/test/interceptors/cache.js,Exception Handling,"{'line': 471, 'column': 8, 'index': 11647}","  469 |       })
  470 |       if (serverError) {
> 471 |         throw serverError
      |        ^ Exception Handling
  472 |       }
  473 |
  474 |       strictEqual(requestsToOrigin, 1)"
/home/gabriel/Disk/Research/research-javascript-test-smells/repositories/undici/test/interceptors/cache.js,Unknown Test,"{'column': 2, 'line': 12}","  10 |
  11 | describe('Cache Interceptor', () => {
> 12 |   test('caches request', async () => {
     |  ^ Unknown Test
  13 |     let requestsToOrigin = 0
  14 |     const server = createServer({ joinDuplicateHeaders: true }, (_, res) => {
  15 |       requestsToOrigin++"
/home/gabriel/Disk/Research/research-javascript-test-smells/repositories/undici/test/interceptors/cache.js,Unknown Test,"{'column': 2, 'line': 55}","  53 |   })
  54 |
> 55 |   test('vary directives used to decide which response to use', async () => {
     |  ^ Unknown Test
  56 |     let requestsToOrigin = 0
  57 |     const server = createServer({ joinDuplicateHeaders: true }, (req, res) => {
  58 |       requestsToOrigin++"
/home/gabriel/Disk/Research/research-javascript-test-smells/repositories/undici/test/interceptors/cache.js,Unknown Test,"{'column': 2, 'line': 132}","  130 |   })
  131 |
> 132 |   test('revalidates reponses with no-cache directive, regardless of cacheByDefault', async () => {
      |  ^ Unknown Test
  133 |     let requestCount = 0
  134 |     const server = createServer({ joinDuplicateHeaders: true }, (req, res) => {
  135 |       ++requestCount"
/home/gabriel/Disk/Research/research-javascript-test-smells/repositories/undici/test/interceptors/cache.js,Unknown Test,"{'column': 2, 'line': 171}","  169 |   })
  170 |
> 171 |   test('expires caching', async () => {
      |  ^ Unknown Test
  172 |     const clock = FakeTimers.install({
  173 |       shouldClearNativeTimers: true
  174 |     })"
/home/gabriel/Disk/Research/research-javascript-test-smells/repositories/undici/test/interceptors/cache.js,Unknown Test,"{'column': 2, 'line': 248}","  246 |   })
  247 |
> 248 |   test('expires caching with Etag', async () => {
      |  ^ Unknown Test
  249 |     const clock = FakeTimers.install({
  250 |       shouldClearNativeTimers: true
  251 |     })"
/home/gabriel/Disk/Research/research-javascript-test-smells/repositories/undici/test/interceptors/cache.js,Unknown Test,"{'column': 2, 'line': 326}","  324 |   })
  325 |
> 326 |   test('max-age caching', async () => {
      |  ^ Unknown Test
  327 |     const clock = FakeTimers.install({
  328 |       shouldClearNativeTimers: true
  329 |     })"
/home/gabriel/Disk/Research/research-javascript-test-smells/repositories/undici/test/interceptors/cache.js,Unknown Test,"{'column': 2, 'line': 390}","  388 |   })
  389 |
> 390 |   test('vary headers are present in revalidation request', async () => {
      |  ^ Unknown Test
  391 |     const clock = FakeTimers.install({
  392 |       shouldClearNativeTimers: true
  393 |     })"
/home/gabriel/Disk/Research/research-javascript-test-smells/repositories/undici/test/interceptors/cache.js,Unknown Test,"{'column': 2, 'line': 483}","  481 |   })
  482 |
> 483 |   test('unsafe methods cause resource to be purged from cache', async () => {
      |  ^ Unknown Test
  484 |     const server = createServer({ joinDuplicateHeaders: true }, (_, res) => res.end('asd')).listen(0)
  485 |
  486 |     after(() => server.close())"
/home/gabriel/Disk/Research/research-javascript-test-smells/repositories/undici/test/interceptors/cache.js,Unknown Test,"{'column': 2, 'line': 532}","  530 |   })
  531 |
> 532 |   test('unsafe methods aren\'t cached', async () => {
      |  ^ Unknown Test
  533 |     const server = createServer({ joinDuplicateHeaders: true }, (_, res) => {
  534 |       res.setHeader('cache-control', 'public, s-maxage=1')
  535 |       res.end('')"
/home/gabriel/Disk/Research/research-javascript-test-smells/repositories/undici/test/interceptors/cache.js,Unknown Test,"{'column': 2, 'line': 562}","  560 |   })
  561 |
> 562 |   test('necessary headers are stripped', async () => {
      |  ^ Unknown Test
  563 |     const headers = [
  564 |       // Headers defined in the spec that we need to strip
  565 |       'connection',"
/home/gabriel/Disk/Research/research-javascript-test-smells/repositories/undici/test/interceptors/cache.js,Unknown Test,"{'column': 2, 'line': 630}","  628 |   })
  629 |
> 630 |   test('cacheByDefault', async () => {
      |  ^ Unknown Test
  631 |     let requestsToOrigin = 0
  632 |     const server = createServer({ joinDuplicateHeaders: true }, (_, res) => {
  633 |       requestsToOrigin++"
/home/gabriel/Disk/Research/research-javascript-test-smells/repositories/undici/test/interceptors/cache.js,Unknown Test,"{'column': 2, 'line': 669}","  667 |   })
  668 |
> 669 |   test('stale-if-error (response)', async () => {
      |  ^ Unknown Test
  670 |     const clock = FakeTimers.install({
  671 |       shouldClearNativeTimers: true
  672 |     })"
/home/gabriel/Disk/Research/research-javascript-test-smells/repositories/undici/test/interceptors/cache.js,Unknown Test,"{'column': 4, 'line': 751}","  749 |
  750 |   describe('Client-side directives', () => {
> 751 |     test('max-age', async () => {
      |    ^ Unknown Test
  752 |       const clock = FakeTimers.install({
  753 |         shouldClearNativeTimers: true
  754 |       })"
/home/gabriel/Disk/Research/research-javascript-test-smells/repositories/undici/test/interceptors/cache.js,Unknown Test,"{'column': 4, 'line': 812}","  810 |     })
  811 |
> 812 |     test('max-stale', async () => {
      |    ^ Unknown Test
  813 |       const clock = FakeTimers.install({
  814 |         shouldClearNativeTimers: true
  815 |       })"
/home/gabriel/Disk/Research/research-javascript-test-smells/repositories/undici/test/interceptors/cache.js,Unknown Test,"{'column': 4, 'line': 885}","  883 |     })
  884 |
> 885 |     test('min-fresh', async () => {
      |    ^ Unknown Test
  886 |       const clock = FakeTimers.install({
  887 |         shouldClearNativeTimers: true
  888 |       })"
/home/gabriel/Disk/Research/research-javascript-test-smells/repositories/undici/test/interceptors/cache.js,Unknown Test,"{'column': 4, 'line': 947}","  945 |     })
  946 |
> 947 |     test('no-cache', async () => {
      |    ^ Unknown Test
  948 |       let requestsToOrigin = 0
  949 |       let revalidationRequests = 0
  950 |       const server = createServer({ joinDuplicateHeaders: true }, (req, res) => {"
/home/gabriel/Disk/Research/research-javascript-test-smells/repositories/undici/test/interceptors/cache.js,Unknown Test,"{'column': 4, 'line': 1008}","  1006 |     })
  1007 |
> 1008 |     test('no-store', async () => {
       |    ^ Unknown Test
  1009 |       const server = createServer({ joinDuplicateHeaders: true }, (_, res) => {
  1010 |         res.setHeader('cache-control', 'public, s-maxage=100')
  1011 |         res.end('asd')"
/home/gabriel/Disk/Research/research-javascript-test-smells/repositories/undici/test/interceptors/cache.js,Unknown Test,"{'column': 4, 'line': 1039}","  1037 |     })
  1038 |
> 1039 |     test('only-if-cached', async () => {
       |    ^ Unknown Test
  1040 |       let requestsToOrigin = 0
  1041 |       const server = createServer({ joinDuplicateHeaders: true }, (_, res) => {
  1042 |         res.setHeader('cache-control', 'public, s-maxage=100')"
/home/gabriel/Disk/Research/research-javascript-test-smells/repositories/undici/test/interceptors/cache.js,Unknown Test,"{'column': 4, 'line': 1103}","  1101 |     })
  1102 |
> 1103 |     test('stale-if-error', async () => {
       |    ^ Unknown Test
  1104 |       const clock = FakeTimers.install({
  1105 |         shouldClearNativeTimers: true
  1106 |       })"
/home/gabriel/Disk/Research/research-javascript-test-smells/repositories/undici/test/interceptors/cache.js,Unknown Test,"{'column': 2, 'line': 1328}","  1326 |   }
  1327 |
> 1328 |   test('discriminates caching of range requests, or does not cache them', async () => {
       |  ^ Unknown Test
  1329 |     let requestsToOrigin = 0
  1330 |     const body = 'Fake range request response'
  1331 |     const code = 206"
/home/gabriel/Disk/Research/research-javascript-test-smells/repositories/undici/test/interceptors/cache.js,Unknown Test,"{'column': 2, 'line': 1378}","  1376 |   })
  1377 |
> 1378 |   test('discriminates caching of conditional requests (if-none-match), or does not cache them', async () => {
       |  ^ Unknown Test
  1379 |     let requestsToOrigin = 0
  1380 |     const body = ''
  1381 |     const code = 304"
/home/gabriel/Disk/Research/research-javascript-test-smells/repositories/undici/test/interceptors/cache.js,Unknown Test,"{'column': 2, 'line': 1428}","  1426 |   })
  1427 |
> 1428 |   test('discriminates caching of conditional requests (if-modified-since), or does not cache them', async () => {
       |  ^ Unknown Test
  1429 |     let requestsToOrigin = 0
  1430 |     const body = ''
  1431 |     const code = 304"
/home/gabriel/Disk/Research/research-javascript-test-smells/repositories/undici/test/interceptors/cache.js,Unknown Test,"{'column': 2, 'line': 1478}","  1476 |   })
  1477 |
> 1478 |   test('stale-while-revalidate returns stale immediately and revalidates in background (RFC 5861)', async () => {
       |  ^ Unknown Test
  1479 |     let requestsToOrigin = 0
  1480 |     let revalidationRequests = 0
  1481 |     let serverResponse = 'original-response'"
/home/gabriel/Disk/Research/research-javascript-test-smells/repositories/undici/test/interceptors/cache.js,Unknown Test,"{'column': 2, 'line': 1549}","  1547 |   })
  1548 |
> 1549 |   test('stale-while-revalidate updates cache after background revalidation (receiving new data)', async () => {
       |  ^ Unknown Test
  1550 |     let requestsToOrigin = 0
  1551 |     let revalidationRequests = 0
  1552 |"
/home/gabriel/Disk/Research/research-javascript-test-smells/repositories/undici/test/interceptors/cache.js,Unknown Test,"{'column': 4, 'line': 1614}","  1612 |
  1613 |   describe('origins option', () => {
> 1614 |     test('caches request when origin matches string in whitelist', async () => {
       |    ^ Unknown Test
  1615 |       let requestsToOrigin = 0
  1616 |       const server = createServer({ joinDuplicateHeaders: true }, (_, res) => {
  1617 |         requestsToOrigin++"
/home/gabriel/Disk/Research/research-javascript-test-smells/repositories/undici/test/interceptors/cache.js,Unknown Test,"{'column': 4, 'line': 1653}","  1651 |     })
  1652 |
> 1653 |     test('skips caching when origin does not match string in whitelist', async () => {
       |    ^ Unknown Test
  1654 |       let requestsToOrigin = 0
  1655 |       const server = createServer({ joinDuplicateHeaders: true }, (_, res) => {
  1656 |         requestsToOrigin++"
/home/gabriel/Disk/Research/research-javascript-test-smells/repositories/undici/test/interceptors/cache.js,Unknown Test,"{'column': 4, 'line': 1692}","  1690 |     })
  1691 |
> 1692 |     test('caches request when origin matches RegExp in whitelist', async () => {
       |    ^ Unknown Test
  1693 |       let requestsToOrigin = 0
  1694 |       const server = createServer({ joinDuplicateHeaders: true }, (_, res) => {
  1695 |         requestsToOrigin++"
/home/gabriel/Disk/Research/research-javascript-test-smells/repositories/undici/test/interceptors/cache.js,Unknown Test,"{'column': 4, 'line': 1731}","  1729 |     })
  1730 |
> 1731 |     test('skips caching when origin does not match RegExp in whitelist', async () => {
       |    ^ Unknown Test
  1732 |       let requestsToOrigin = 0
  1733 |       const server = createServer({ joinDuplicateHeaders: true }, (_, res) => {
  1734 |         requestsToOrigin++"
/home/gabriel/Disk/Research/research-javascript-test-smells/repositories/undici/test/interceptors/cache.js,Unknown Test,"{'column': 4, 'line': 1770}","  1768 |     })
  1769 |
> 1770 |     test('caches request when origin matches any entry in mixed array', async () => {
       |    ^ Unknown Test
  1771 |       let requestsToOrigin = 0
  1772 |       const server = createServer({ joinDuplicateHeaders: true }, (_, res) => {
  1773 |         requestsToOrigin++"
/home/gabriel/Disk/Research/research-javascript-test-smells/repositories/undici/test/interceptors/cache.js,Unknown Test,"{'column': 4, 'line': 1809}","  1807 |     })
  1808 |
> 1809 |     test('caches all origins when origins option is undefined (default behavior)', async () => {
       |    ^ Unknown Test
  1810 |       let requestsToOrigin = 0
  1811 |       const server = createServer({ joinDuplicateHeaders: true }, (_, res) => {
  1812 |         requestsToOrigin++"
/home/gabriel/Disk/Research/research-javascript-test-smells/repositories/undici/test/interceptors/cache.js,Unknown Test,"{'column': 4, 'line': 1846}","  1844 |     })
  1845 |
> 1846 |     test('caches nothing when origins is empty array', async () => {
       |    ^ Unknown Test
  1847 |       let requestsToOrigin = 0
  1848 |       const server = createServer({ joinDuplicateHeaders: true }, (_, res) => {
  1849 |         requestsToOrigin++"
/home/gabriel/Disk/Research/research-javascript-test-smells/repositories/undici/test/interceptors/cache.js,Unknown Test,"{'column': 4, 'line': 1885}","  1883 |     })
  1884 |
> 1885 |     test('throws TypeError when origins is not an array', async () => {
       |    ^ Unknown Test
  1886 |       const { throws } = require('node:assert')
  1887 |
  1888 |       throws("
/home/gabriel/Disk/Research/research-javascript-test-smells/repositories/undici/test/interceptors/cache.js,Unknown Test,"{'column': 4, 'line': 1897}","  1895 |     })
  1896 |
> 1897 |     test('throws TypeError when origins array contains invalid type', async () => {
       |    ^ Unknown Test
  1898 |       const { throws } = require('node:assert')
  1899 |
  1900 |       throws("
/home/gabriel/Disk/Research/research-javascript-test-smells/repositories/undici/test/interceptors/cache.js,Unknown Test,"{'column': 4, 'line': 1909}","  1907 |     })
  1908 |
> 1909 |     test('string matching is case insensitive', async () => {
       |    ^ Unknown Test
  1910 |       let requestsToOrigin = 0
  1911 |       const server = createServer({ joinDuplicateHeaders: true }, (_, res) => {
  1912 |         requestsToOrigin++"
/home/gabriel/Disk/Research/research-javascript-test-smells/repositories/undici/test/interceptors/cache.js,Unknown Test,"{'column': 4, 'line': 1948}","  1946 |     })
  1947 |
> 1948 |     test('different hosts are treated as different origins', async () => {
       |    ^ Unknown Test
  1949 |       let requestsToOrigin = 0
  1950 |       const server = createServer({ joinDuplicateHeaders: true }, (_, res) => {
  1951 |         requestsToOrigin++"
/home/gabriel/Disk/Research/research-javascript-test-smells/repositories/undici/test/interceptors/cache-revalidate-stale.js,Conditional Test Logic,"{'line': 90, 'column': 6, 'index': 2414}","  88 |       res.setHeader('Date', new Date(clock.now).toUTCString())
  89 |       res.setHeader('Cache-Control', 'public, max-age=10, stale-while-revalidate=3600')
> 90 |       if (useEtag) {
     |      ^ Conditional Test Logic
  91 |         res.setHeader('ETag', '""xxx""')
  92 |       }
  93 |"
/home/gabriel/Disk/Research/research-javascript-test-smells/repositories/undici/test/interceptors/cache-revalidate-stale.js,Conditional Test Logic,"{'line': 95, 'column': 6, 'index': 2515}","  93 |
  94 |       // revalidation response.
> 95 |       if (req.headers['if-none-match'] || req.headers['if-modified-since']) {
     |      ^ Conditional Test Logic
  96 |         count304++
  97 |         res.statusCode = 304
  98 |         res.end()"
/home/gabriel/Disk/Research/research-javascript-test-smells/repositories/undici/test/interceptors/cache-revalidate-stale.js,Unknown Test,"{'column': 0, 'line': 11}","   9 | const { setTimeout } = require('node:timers/promises')
  10 |
> 11 | test('revalidates the request when the response is stale', async () => {
  12 |   const clock = FakeTimers.install({
  13 |     now: 1
  14 |   })"
/home/gabriel/Disk/Research/research-javascript-test-smells/repositories/undici/test/fuzzing/fuzzing.test.js,Unknown Test,"{'column': 2, 'line': 32}","  30 |   })
  31 |
> 32 |   test('body', async () => {
     |  ^ Unknown Test
  33 |     const address = `http://localhost:${netServer.address().port}`
  34 |     await fc.assert(
  35 |       fc.asyncProperty(fc.uint8Array(), async (body) => {"
/home/gabriel/Disk/Research/research-javascript-test-smells/repositories/undici/test/fuzzing/fuzzing.test.js,Unknown Test,"{'column': 2, 'line': 43}","  41 |   })
  42 |
> 43 |   test('headers', async () => {
     |  ^ Unknown Test
  44 |     const address = `http://localhost:${netServer.address().port}`
  45 |     await fc.assert(
  46 |       fc.asyncProperty(fc.uint8Array(), async (body) => {"
/home/gabriel/Disk/Research/research-javascript-test-smells/repositories/undici/test/fuzzing/fuzzing.test.js,Unknown Test,"{'column': 2, 'line': 54}","  52 |   })
  53 |
> 54 |   test('options', async () => {
     |  ^ Unknown Test
  55 |     const address = `http://localhost:${netServer.address().port}`
  56 |     await fc.assert(
  57 |       fc.asyncProperty(fc.uint8Array(), async (body) => {"
/home/gabriel/Disk/Research/research-javascript-test-smells/repositories/undici/test/fetch/util.js,Conditional Test Logic,"{'line': 148, 'column': 2, 'index': 3499}","  146 |   t.assert.ok(!util.isURLPotentiallyTrustworthy('string'))
  147 |
> 148 |   for (const url of valid) {
      |  ^ Conditional Test Logic
  149 |     const instance = new URL(url)
  150 |     t.assert.ok(util.isURLPotentiallyTrustworthy(instance), instance)
  151 |   }"
/home/gabriel/Disk/Research/research-javascript-test-smells/repositories/undici/test/fetch/util.js,Conditional Test Logic,"{'line': 153, 'column': 2, 'index': 3637}","  151 |   }
  152 |
> 153 |   for (const url of invalid) {
      |  ^ Conditional Test Logic
  154 |     const instance = new URL(url)
  155 |     t.assert.ok(!util.isURLPotentiallyTrustworthy(instance))
  156 |   }"
/home/gabriel/Disk/Research/research-javascript-test-smells/repositories/undici/test/fetch/util.js,Conditional Test Logic,"{'line': 201, 'column': 4, 'index': 5015}","  199 |       'no-referrer, strict-origin-when-cross-origin'
  200 |     ]
> 201 |   ].forEach(([title, responseReferrerPolicy, expected]) => {
      |    ^ Conditional Test Logic
  202 |     test(title, (t) => {
  203 |       t.plan(1)
  204 |"
/home/gabriel/Disk/Research/research-javascript-test-smells/repositories/undici/test/fetch/util.js,Conditional Test Logic,"{'line': 215, 'column': 6, 'index': 5456}","  213 |       actualResponse.headersList.append('Connection', 'close')
  214 |       actualResponse.headersList.append('Location', 'https://some-location.com/redirect')
> 215 |       if (responseReferrerPolicy) {
      |      ^ Conditional Test Logic
  216 |         actualResponse.headersList.append('Referrer-Policy', responseReferrerPolicy)
  217 |       }
  218 |       util.setRequestReferrerPolicyOnRedirect(request, actualResponse)"
/home/gabriel/Disk/Research/research-javascript-test-smells/repositories/undici/test/fetch/util.js,Conditional Test Logic,"{'line': 307, 'column': 4, 'index': 8869}","  305 |     ['127.255.255.255', true],
  306 |     ['128.255.255.255', false]
> 307 |   ].forEach(([ip, expected]) => {
      |    ^ Conditional Test Logic
  308 |     test(`${ip} is ${expected ? '' : 'not '}potentially trustworthy`, (t) => {
  309 |       t.assert.strictEqual(util.isOriginIPPotentiallyTrustworthy(ip), expected)
  310 |     })"
/home/gabriel/Disk/Research/research-javascript-test-smells/repositories/undici/test/fetch/util.js,Unknown Test,"{'column': 0, 'line': 7}","   5 | const { HeadersList } = require('../../lib/web/fetch/headers')
   6 |
>  7 | test('responseURL', (t) => {
   8 |   t.plan(2)
   9 |
  10 |   t.assert.ok(util.responseURL({"
/home/gabriel/Disk/Research/research-javascript-test-smells/repositories/undici/test/fetch/util.js,Unknown Test,"{'column': 0, 'line': 21}","  19 | })
  20 |
> 21 | test('responseLocationURL', (t) => {
  22 |   t.plan(3)
  23 |
  24 |   const acceptHeaderList = new HeadersList()"
/home/gabriel/Disk/Research/research-javascript-test-smells/repositories/undici/test/fetch/util.js,Unknown Test,"{'column': 0, 'line': 47}","  45 | })
  46 |
> 47 | test('requestBadPort', (t) => {
  48 |   t.plan(3)
  49 |
  50 |   t.assert.strictEqual('allowed', util.requestBadPort({"
/home/gabriel/Disk/Research/research-javascript-test-smells/repositories/undici/test/fetch/util.js,Unknown Test,"{'column': 0, 'line': 63}","  61 | // https://html.spec.whatwg.org/multipage/origin.html#same-origin
  62 | // look at examples
> 63 | test('sameOrigin', async (t) => {
  64 |   await t.test('first test', (t) => {
  65 |     const A = {
  66 |       protocol: 'https:',"
/home/gabriel/Disk/Research/research-javascript-test-smells/repositories/undici/test/fetch/util.js,Unknown Test,"{'column': 0, 'line': 118}","  116 | })
  117 |
> 118 | test('isURLPotentiallyTrustworthy', (t) => {
  119 |   // https://datatracker.ietf.org/doc/html/draft-ietf-dnsop-let-localhost-be-localhost#section-5.2
  120 |   const valid = [
  121 |     'http://localhost',"
/home/gabriel/Disk/Research/research-javascript-test-smells/repositories/undici/test/fetch/util.js,Unknown Test,"{'column': 2, 'line': 228}","  226 |   const { urlHasHttpsScheme } = util
  227 |
> 228 |   test('should return false for http url', (t) => {
      |  ^ Unknown Test
  229 |     t.assert.strictEqual(urlHasHttpsScheme('http://example.com'), false)
  230 |   })
  231 |   test('should return true for https url', (t) => {"
/home/gabriel/Disk/Research/research-javascript-test-smells/repositories/undici/test/fetch/util.js,Unknown Test,"{'column': 2, 'line': 231}","  229 |     t.assert.strictEqual(urlHasHttpsScheme('http://example.com'), false)
  230 |   })
> 231 |   test('should return true for https url', (t) => {
      |  ^ Unknown Test
  232 |     t.assert.strictEqual(urlHasHttpsScheme('https://example.com'), true)
  233 |   })
  234 |   test('should return false for http object', (t) => {"
/home/gabriel/Disk/Research/research-javascript-test-smells/repositories/undici/test/fetch/util.js,Unknown Test,"{'column': 2, 'line': 234}","  232 |     t.assert.strictEqual(urlHasHttpsScheme('https://example.com'), true)
  233 |   })
> 234 |   test('should return false for http object', (t) => {
      |  ^ Unknown Test
  235 |     t.assert.strictEqual(urlHasHttpsScheme({ protocol: 'http:' }), false)
  236 |   })
  237 |   test('should return true for https object', (t) => {"
/home/gabriel/Disk/Research/research-javascript-test-smells/repositories/undici/test/fetch/util.js,Unknown Test,"{'column': 2, 'line': 237}","  235 |     t.assert.strictEqual(urlHasHttpsScheme({ protocol: 'http:' }), false)
  236 |   })
> 237 |   test('should return true for https object', (t) => {
      |  ^ Unknown Test
  238 |     t.assert.strictEqual(urlHasHttpsScheme({ protocol: 'https:' }), true)
  239 |   })
  240 | })"
/home/gabriel/Disk/Research/research-javascript-test-smells/repositories/undici/test/fetch/util.js,Unknown Test,"{'column': 2, 'line': 245}","  243 |   const { isValidHeaderValue } = util
  244 |
> 245 |   test('should return true for valid string', (t) => {
      |  ^ Unknown Test
  246 |     t.assert.strictEqual(isValidHeaderValue('valid123'), true)
  247 |     t.assert.strictEqual(isValidHeaderValue('va lid123'), true)
  248 |     t.assert.strictEqual(isValidHeaderValue('va\tlid123'), true)"
/home/gabriel/Disk/Research/research-javascript-test-smells/repositories/undici/test/fetch/util.js,Unknown Test,"{'column': 2, 'line': 250}","  248 |     t.assert.strictEqual(isValidHeaderValue('va\tlid123'), true)
  249 |   })
> 250 |   test('should return false for string containing NUL', (t) => {
      |  ^ Unknown Test
  251 |     t.assert.strictEqual(isValidHeaderValue('invalid\0'), false)
  252 |     t.assert.strictEqual(isValidHeaderValue('in\0valid'), false)
  253 |     t.assert.strictEqual(isValidHeaderValue('\0invalid'), false)"
/home/gabriel/Disk/Research/research-javascript-test-smells/repositories/undici/test/fetch/util.js,Unknown Test,"{'column': 2, 'line': 255}","  253 |     t.assert.strictEqual(isValidHeaderValue('\0invalid'), false)
  254 |   })
> 255 |   test('should return false for string containing CR', (t) => {
      |  ^ Unknown Test
  256 |     t.assert.strictEqual(isValidHeaderValue('invalid\r'), false)
  257 |     t.assert.strictEqual(isValidHeaderValue('in\rvalid'), false)
  258 |     t.assert.strictEqual(isValidHeaderValue('\rinvalid'), false)"
/home/gabriel/Disk/Research/research-javascript-test-smells/repositories/undici/test/fetch/util.js,Unknown Test,"{'column': 2, 'line': 260}","  258 |     t.assert.strictEqual(isValidHeaderValue('\rinvalid'), false)
  259 |   })
> 260 |   test('should return false for string containing LF', (t) => {
      |  ^ Unknown Test
  261 |     t.assert.strictEqual(isValidHeaderValue('invalid\n'), false)
  262 |     t.assert.strictEqual(isValidHeaderValue('in\nvalid'), false)
  263 |     t.assert.strictEqual(isValidHeaderValue('\ninvalid'), false)"
/home/gabriel/Disk/Research/research-javascript-test-smells/repositories/undici/test/fetch/util.js,Unknown Test,"{'column': 2, 'line': 266}","  264 |   })
  265 |
> 266 |   test('should return false for string with leading TAB', (t) => {
      |  ^ Unknown Test
  267 |     t.assert.strictEqual(isValidHeaderValue('\tinvalid'), false)
  268 |   })
  269 |   test('should return false for string with trailing TAB', (t) => {"
/home/gabriel/Disk/Research/research-javascript-test-smells/repositories/undici/test/fetch/util.js,Unknown Test,"{'column': 2, 'line': 269}","  267 |     t.assert.strictEqual(isValidHeaderValue('\tinvalid'), false)
  268 |   })
> 269 |   test('should return false for string with trailing TAB', (t) => {
      |  ^ Unknown Test
  270 |     t.assert.strictEqual(isValidHeaderValue('invalid\t'), false)
  271 |   })
  272 |   test('should return false for string with leading SPACE', (t) => {"
/home/gabriel/Disk/Research/research-javascript-test-smells/repositories/undici/test/fetch/util.js,Unknown Test,"{'column': 2, 'line': 272}","  270 |     t.assert.strictEqual(isValidHeaderValue('invalid\t'), false)
  271 |   })
> 272 |   test('should return false for string with leading SPACE', (t) => {
      |  ^ Unknown Test
  273 |     t.assert.strictEqual(isValidHeaderValue(' invalid'), false)
  274 |   })
  275 |   test('should return false for string with trailing SPACE', (t) => {"
/home/gabriel/Disk/Research/research-javascript-test-smells/repositories/undici/test/fetch/util.js,Unknown Test,"{'column': 2, 'line': 275}","  273 |     t.assert.strictEqual(isValidHeaderValue(' invalid'), false)
  274 |   })
> 275 |   test('should return false for string with trailing SPACE', (t) => {
      |  ^ Unknown Test
  276 |     t.assert.strictEqual(isValidHeaderValue('invalid '), false)
  277 |   })
  278 | })"
/home/gabriel/Disk/Research/research-javascript-test-smells/repositories/undici/test/fetch/response.js,Conditional Test Logic,"{'line': 42, 'column': 2, 'index': 898}","  40 |   }, TypeError)
  41 |
> 42 |   for (const nullStatus of [204, 205, 304]) {
     |  ^ Conditional Test Logic
  43 |     t.assert.throws(() => {
  44 |       // eslint-disable-next-line
  45 |       new Response(new ArrayBuffer(16), {"
/home/gabriel/Disk/Research/research-javascript-test-smells/repositories/undici/test/fetch/response.js,Conditional Test Logic,"{'line': 189, 'column': 8, 'index': 5014}","  187 |     const readable = new ReadableStream({
  188 |       start (controller) {
> 189 |         for (let i = 0; i < buffer.length; i += 128) {
      |        ^ Conditional Test Logic
  190 |           controller.enqueue(buffer.slice(i, i + 128))
  191 |         }
  192 |         controller.close()"
/home/gabriel/Disk/Research/research-javascript-test-smells/repositories/undici/test/fetch/response.js,Conditional Test Logic,"{'line': 271, 'column': 2, 'index': 7690}","  269 |
  270 | test('clone body garbage collection', async (t) => {
> 271 |   if (typeof global.gc === 'undefined') {
      |  ^ Conditional Test Logic
  272 |     throw new Error('gc is not available. Run with \'--expose-gc\'.')
  273 |   }
  274 |   const asyncLocalStorage = new AsyncLocalStorage()"
/home/gabriel/Disk/Research/research-javascript-test-smells/repositories/undici/test/fetch/response.js,Exception Handling,"{'line': 272, 'column': 4, 'index': 7734}","  270 | test('clone body garbage collection', async (t) => {
  271 |   if (typeof global.gc === 'undefined') {
> 272 |     throw new Error('gc is not available. Run with \'--expose-gc\'.')
      |    ^ Exception Handling
  273 |   }
  274 |   const asyncLocalStorage = new AsyncLocalStorage()
  275 |   let ref"
/home/gabriel/Disk/Research/research-javascript-test-smells/repositories/undici/test/fetch/response.js,Unknown Test,"{'column': 0, 'line': 11}","   9 | } = require('../../')
  10 |
> 11 | test('arg validation', async (t) => {
  12 |   // constructor
  13 |   t.assert.throws(() => {
  14 |     // eslint-disable-next-line"
/home/gabriel/Disk/Research/research-javascript-test-smells/repositories/undici/test/fetch/response.js,Unknown Test,"{'column': 0, 'line': 109}","  107 | })
  108 |
> 109 | test('response clone', (t) => {
  110 |   // https://github.com/nodejs/undici/issues/1122
  111 |   const response1 = new Response(null, { status: 201 })
  112 |   const response2 = new Response(undefined, { status: 201 })"
/home/gabriel/Disk/Research/research-javascript-test-smells/repositories/undici/test/fetch/response.js,Unknown Test,"{'column': 0, 'line': 119}","  117 | })
  118 |
> 119 | test('Symbol.toStringTag', (t) => {
  120 |   const resp = new Response()
  121 |
  122 |   t.assert.strictEqual(resp[Symbol.toStringTag], 'Response')"
/home/gabriel/Disk/Research/research-javascript-test-smells/repositories/undici/test/fetch/response.js,Unknown Test,"{'column': 0, 'line': 126}","  124 | })
  125 |
> 126 | test('async iterable body', async (t) => {
  127 |   const asyncIterable = {
  128 |     async * [Symbol.asyncIterator] () {
  129 |       yield 'a'"
/home/gabriel/Disk/Research/research-javascript-test-smells/repositories/undici/test/fetch/response.js,Unknown Test,"{'column': 0, 'line': 140}","  138 |
  139 | // https://github.com/nodejs/node/pull/43752#issuecomment-1179678544
> 140 | test('Modifying headers using Headers.prototype.set', (t) => {
  141 |   const response = new Response('body', {
  142 |     headers: {
  143 |       'content-type': 'test/test',"
/home/gabriel/Disk/Research/research-javascript-test-smells/repositories/undici/test/fetch/response.js,Unknown Test,"{'column': 2, 'line': 185}","  183 |   })
  184 |
> 185 |   test('.arrayBuffer() correctly clones multiple buffers', async (t) => {
      |  ^ Unknown Test
  186 |     const buffer = Buffer.allocUnsafeSlow(2 * 1024 - 2)
  187 |     const readable = new ReadableStream({
  188 |       start (controller) {"
/home/gabriel/Disk/Research/research-javascript-test-smells/repositories/undici/test/fetch/response.js,Unknown Test,"{'column': 2, 'line': 200}","  198 |   })
  199 |
> 200 |   test('Readable stream with non-Uint8Array chunks', async (t) => {
      |  ^ Unknown Test
  201 |     const readable = new ReadableStream({
  202 |       start (controller) {
  203 |         controller.enqueue(text) // string"
/home/gabriel/Disk/Research/research-javascript-test-smells/repositories/undici/test/fetch/response.js,Unknown Test,"{'column': 0, 'line': 234}","  232 |
  233 | // https://github.com/nodejs/undici/issues/2465
> 234 | test('Issue#2465', async (t) => {
  235 |   t.plan(1)
  236 |   const response = new Response(new SharedArrayBuffer(0))
  237 |   t.assert.strictEqual(await response.text(), '[object SharedArrayBuffer]')"
/home/gabriel/Disk/Research/research-javascript-test-smells/repositories/undici/test/fetch/response.js,Unknown Test,"{'column': 2, 'line': 241}","  239 |
  240 | describe('Check the Content-Type of invalid formData', () => {
> 241 |   test('_application/x-www-form-urlencoded', async (t) => {
      |  ^ Unknown Test
  242 |     t.plan(1)
  243 |     const response = new Response('x=y', { headers: { 'content-type': '_application/x-www-form-urlencoded' } })
  244 |     await t.assert.rejects(response.formData(), TypeError)"
/home/gabriel/Disk/Research/research-javascript-test-smells/repositories/undici/test/fetch/response.js,Unknown Test,"{'column': 2, 'line': 247}","  245 |   })
  246 |
> 247 |   test('_multipart/form-data', async (t) => {
      |  ^ Unknown Test
  248 |     t.plan(1)
  249 |     const formData = new FormData()
  250 |     formData.append('x', 'y')"
/home/gabriel/Disk/Research/research-javascript-test-smells/repositories/undici/test/fetch/response.js,Unknown Test,"{'column': 2, 'line': 255}","  253 |   })
  254 |
> 255 |   test('application/x-www-form-urlencoded_', async (t) => {
      |  ^ Unknown Test
  256 |     t.plan(1)
  257 |     const response = new Response('x=y', { headers: { 'content-type': 'application/x-www-form-urlencoded_' } })
  258 |     await t.assert.rejects(response.formData(), TypeError)"
/home/gabriel/Disk/Research/research-javascript-test-smells/repositories/undici/test/fetch/response.js,Unknown Test,"{'column': 2, 'line': 261}","  259 |   })
  260 |
> 261 |   test('multipart/form-data_', async (t) => {
      |  ^ Unknown Test
  262 |     t.plan(1)
  263 |     const formData = new FormData()
  264 |     formData.append('x', 'y')"
/home/gabriel/Disk/Research/research-javascript-test-smells/repositories/undici/test/fetch/response.js,Unknown Test,"{'column': 0, 'line': 270}","  268 | })
  269 |
> 270 | test('clone body garbage collection', async (t) => {
  271 |   if (typeof global.gc === 'undefined') {
  272 |     throw new Error('gc is not available. Run with \'--expose-gc\'.')
  273 |   }"
/home/gabriel/Disk/Research/research-javascript-test-smells/repositories/undici/test/fetch/response-inspect-custom.js,Unknown Test,"{'column': 2, 'line': 8}","   6 |
   7 | describe('Response custom inspection', () => {
>  8 |   it('should return a custom inspect output', (t) => {
     |  ^ Unknown Test
   9 |     const response = new Response(null)
  10 |     const inspectedOutput = util.inspect(response, {
  11 |       depth: null,"
/home/gabriel/Disk/Research/research-javascript-test-smells/repositories/undici/test/fetch/request-inspect-custom.js,Unknown Test,"{'column': 2, 'line': 8}","   6 |
   7 | describe('Request custom inspection', () => {
>  8 |   it('should return a custom inspect output', (t) => {
     |  ^ Unknown Test
   9 |     const request = new Request('https://example.com/api', {
  10 |       method: 'POST',
  11 |       headers: {"
/home/gabriel/Disk/Research/research-javascript-test-smells/repositories/undici/test/fetch/referrrer-policy.js,Conditional Test Logic,"{'line': 71, 'column': 4, 'index': 1761}","  69 |       'unsafe-url'
  70 |     ]
> 71 |   ].forEach(([title, responseReferrerPolicy, expectedReferrerPolicy, referrer]) => {
     |    ^ Conditional Test Logic
  72 |     test(title, async (t) => {
  73 |       t.plan(1)
  74 |"
/home/gabriel/Disk/Research/research-javascript-test-smells/repositories/undici/test/fetch/referrrer-policy.js,Conditional Test Logic,"{'line': 76, 'column': 8, 'index': 1980}","  74 |
  75 |       const server = createServer({ joinDuplicateHeaders: true }, (req, res) => {
> 76 |         switch (res.req.url) {
     |        ^ Conditional Test Logic
  77 |           case '/redirect':
  78 |             res.writeHead(302, undefined, {
  79 |               Location: '/target',"
/home/gabriel/Disk/Research/research-javascript-test-smells/repositories/undici/test/fetch/referrrer-policy.js,Conditional Test Logic,"{'line': 85, 'column': 12, 'index': 2259}","  83 |             break
  84 |           case '/target':
> 85 |             switch (expectedReferrerPolicy) {
     |            ^ Conditional Test Logic
  86 |               case 'no-referrer':
  87 |                 t.assert.strictEqual(req.headers['referer'], undefined)
  88 |                 break"
/home/gabriel/Disk/Research/research-javascript-test-smells/repositories/undici/test/fetch/issue-3616.js,Conditional Test Logic,"{'line': 16, 'column': 2, 'index': 331}","  14 |   ]
  15 |
> 16 |   for (const encoding of cases) {
     |  ^ Conditional Test Logic
  17 |     test(encoding, async t => {
  18 |       t.plan(2)
  19 |       const server = createServer({ joinDuplicateHeaders: true }, (req, res) => {"
/home/gabriel/Disk/Research/research-javascript-test-smells/repositories/undici/test/fetch/issue-2242.js,Conditional Test Logic,"{'line': 8, 'column': 69, 'index': 256}","   6 |
   7 | describe('Issue #2242', () => {
>  8 |   ['Already aborted', null, false, true, 123, Symbol('Some reason')].forEach(
     |                                                                     ^ Conditional Test Logic
   9 |     (reason) =>
  10 |       describe(`when an already-aborted signal's reason is \`${String(
  11 |         reason"
/home/gabriel/Disk/Research/research-javascript-test-smells/repositories/undici/test/fetch/issue-2242.js,Unknown Test,"{'column': 8, 'line': 17}","  15 |           signal = AbortSignal.abort(reason)
  16 |         })
> 17 |         it('rejects with that reason ', async (t) => {
     |        ^ Unknown Test
  18 |           await t.assert.rejects(fetch('http://localhost', { signal }), (err) => {
  19 |             t.assert.strictEqual(err, reason)
  20 |             return true"
/home/gabriel/Disk/Research/research-javascript-test-smells/repositories/undici/test/fetch/issue-2242.js,Unknown Test,"{'column': 8, 'line': 23}","  21 |           })
  22 |         })
> 23 |         it('rejects with that reason (from index-fetch)', async (t) => {
     |        ^ Unknown Test
  24 |           await t.assert.rejects(
  25 |             nodeFetch.fetch('http://localhost', { signal }),
  26 |             (err) => {"
/home/gabriel/Disk/Research/research-javascript-test-smells/repositories/undici/test/fetch/issue-2242.js,Unknown Test,"{'column': 4, 'line': 40}","  38 |       signal = AbortSignal.abort(undefined)
  39 |     })
> 40 |     it('rejects with an `AbortError`', async (t) => {
     |    ^ Unknown Test
  41 |       await t.assert.rejects(
  42 |         fetch('http://localhost', { signal }),
  43 |         new DOMException('This operation was aborted', 'AbortError')"
/home/gabriel/Disk/Research/research-javascript-test-smells/repositories/undici/test/fetch/issue-2242.js,Unknown Test,"{'column': 4, 'line': 46}","  44 |       )
  45 |     })
> 46 |     it('rejects with an `AbortError` (from index-fetch)', async (t) => {
     |    ^ Unknown Test
  47 |       await t.assert.rejects(
  48 |         nodeFetch.fetch('http://localhost', { signal }),
  49 |         new DOMException('This operation was aborted', 'AbortError')"
/home/gabriel/Disk/Research/research-javascript-test-smells/repositories/undici/test/fetch/encoding.js,Conditional Test Logic,"{'line': 18, 'column': 6, 'index': 586}","  16 |     }, (req, res) => {
  17 |       res.socket.setNoDelay(true)
> 18 |       if (
     |      ^ Conditional Test Logic
  19 |         req.headers['accept-encoding'] === 'deflate, gzip' ||
  20 |         req.headers['accept-encoding'] === 'DeFlAtE, GzIp'
  21 |       ) {"
/home/gabriel/Disk/Research/research-javascript-test-smells/repositories/undici/test/fetch/encoding.js,Conditional Test Logic,"{'line': 30, 'column': 13, 'index': 946}","  28 |         res.flushHeaders()
  29 |         res.end(gzipDeflateText)
> 30 |       } else if (req.headers['accept-encoding'] === 'zstd') {
     |             ^ Conditional Test Logic
  31 |         res.writeHead(200,
  32 |           {
  33 |             'Content-Encoding': 'zstd',"
/home/gabriel/Disk/Research/research-javascript-test-smells/repositories/undici/test/fetch/encoding.js,Unknown Test,"{'column': 2, 'line': 57}","  55 |   })
  56 |
> 57 |   test('content-encoding header', async (t) => {
     |  ^ Unknown Test
  58 |     const response = await fetch(`http://localhost:${server.address().port}`, {
  59 |       keepalive: false,
  60 |       headers: { 'accept-encoding': 'deflate, gzip' }"
/home/gabriel/Disk/Research/research-javascript-test-smells/repositories/undici/test/fetch/encoding.js,Unknown Test,"{'column': 2, 'line': 68}","  66 |   })
  67 |
> 68 |   test('content-encoding header is case-iNsENsITIve', async (t) => {
     |  ^ Unknown Test
  69 |     const response = await fetch(`http://localhost:${server.address().port}`, {
  70 |       keepalive: false,
  71 |       headers: { 'accept-encoding': 'DeFlAtE, GzIp' }"
/home/gabriel/Disk/Research/research-javascript-test-smells/repositories/undici/test/fetch/encoding.js,Unknown Test,"{'column': 2, 'line': 79}","  77 |   })
  78 |
> 79 |   test('should decompress zstandard response',
     |  ^ Unknown Test
  80 |     { skip: typeof require('node:zlib').createZstdDecompress !== 'function' },
  81 |     async (t) => {
  82 |       const response = await fetch(`http://localhost:${server.address().port}`, {"
/home/gabriel/Disk/Research/research-javascript-test-smells/repositories/undici/test/fetch/encoding.js,Unknown Test,"{'column': 2, 'line': 152}","  150 |   })
  151 |
> 152 |   test('should reject excessive content-encoding chains', async (t) => {
      |  ^ Unknown Test
  153 |     const client = new Client(`http://localhost:${server.address().port}`)
  154 |     t.after(() => client.close())
  155 |"
/home/gabriel/Disk/Research/research-javascript-test-smells/repositories/undici/test/fetch/cookies.js,Conditional Test Logic,"{'line': 17, 'column': 6, 'index': 593}","  15 |     server = createServer({ joinDuplicateHeaders: true }, (req, res) => {
  16 |       const searchParams = new URL(req.url, 'http://localhost').searchParams
> 17 |       if (searchParams.has('set-cookie')) {
     |      ^ Conditional Test Logic
  18 |         res.setHeader('set-cookie', searchParams.get('set-cookie'))
  19 |       }
  20 |       res.end(req.headers.cookie)"
/home/gabriel/Disk/Research/research-javascript-test-smells/repositories/undici/test/fetch/cookies.js,Conditional Test Logic,"{'line': 55, 'column': 4, 'index': 1795}","  53 |     ]
  54 |
> 55 |     for (const headers of headersInit) {
     |    ^ Conditional Test Logic
  56 |       const response = await fetch(`http://localhost:${server.address().port}`, { headers })
  57 |       const text = await response.text()
  58 |       t.assert.strictEqual(text, 'value')"
/home/gabriel/Disk/Research/research-javascript-test-smells/repositories/undici/test/fetch/cookies.js,Unknown Test,"{'column': 2, 'line': 31}","  29 |   })
  30 |
> 31 |   test('Can receive set-cookie headers from a server using fetch - issue #1262', async (t) => {
     |  ^ Unknown Test
  32 |     const query = qsStringify({
  33 |       'set-cookie': 'name=value; Domain=example.com'
  34 |     })"
/home/gabriel/Disk/Research/research-javascript-test-smells/repositories/undici/test/fetch/cookies.js,Unknown Test,"{'column': 2, 'line': 48}","  46 |   })
  47 |
> 48 |   test('Can send cookies to a server with fetch - issue #1463', async (t) => {
     |  ^ Unknown Test
  49 |     const headersInit = [
  50 |       new Headers([['cookie', 'value']]),
  51 |       { cookie: 'value' },"
/home/gabriel/Disk/Research/research-javascript-test-smells/repositories/undici/test/fetch/cookies.js,Unknown Test,"{'column': 2, 'line': 62}","  60 |   })
  61 |
> 62 |   test('Cookie header is delimited with a semicolon rather than a comma - issue #1905', async (t) => {
     |  ^ Unknown Test
  63 |     const response = await fetch(`http://localhost:${server.address().port}`, {
  64 |       headers: [
  65 |         ['cookie', 'FOO=lorem-ipsum-dolor-sit-amet'],"
/home/gabriel/Disk/Research/research-javascript-test-smells/repositories/undici/test/fetch/cookies.js,Unknown Test,"{'column': 2, 'line': 73}","  71 |   })
  72 |
> 73 |   test('Can receive set-cookie headers from a http2 server using fetch - issue #2885', async (t) => {
     |  ^ Unknown Test
  74 |     const server = createSecureServer(pem)
  75 |     server.on('stream', (stream, headers) => {
  76 |       stream.respond({"
/home/gabriel/Disk/Research/research-javascript-test-smells/repositories/undici/test/fetch/client-node-max-header-size.js,Unknown Test,"{'column': 2, 'line': 28}","  26 |   })
  27 |
> 28 |   test(""respect Node.js' --max-http-header-size"", (t, done) => {
     |  ^ Unknown Test
  29 |     t.plan(6)
  30 |
  31 |     const command = 'node -e ""require(\'./undici-fetch.js\').fetch(\'http://localhost:' + server.address().port + '\')""'"
/home/gabriel/Disk/Research/research-javascript-test-smells/repositories/undici/test/eventsource/eventsource.js,Unknown Test,"{'column': 2, 'line': 7}","   5 |
   6 | describe('EventSource - constructor', () => {
>  7 |   test('Not providing url argument should throw', (t) => {
     |  ^ Unknown Test
   8 |     t.assert.throws(() => new EventSource(), TypeError)
   9 |   })
  10 |   test('Throw DOMException if URL is invalid', (t) => {"
/home/gabriel/Disk/Research/research-javascript-test-smells/repositories/undici/test/eventsource/eventsource.js,Unknown Test,"{'column': 2, 'line': 10}","   8 |     t.assert.throws(() => new EventSource(), TypeError)
   9 |   })
> 10 |   test('Throw DOMException if URL is invalid', (t) => {
     |  ^ Unknown Test
  11 |     t.assert.throws(() => new EventSource('http:'), { message: /Invalid URL/ })
  12 |   })
  13 | })"
/home/gabriel/Disk/Research/research-javascript-test-smells/repositories/undici/test/eventsource/eventsource-stream.js,Conditional Test Logic,"{'line': 29, 'column': 4, 'index': 841}","  27 |     }
  28 |
> 29 |     for (let i = 0; i < content.length; i++) {
     |    ^ Conditional Test Logic
  30 |       stream.write(Buffer.from([content[i]]))
  31 |     }
  32 |   })"
/home/gabriel/Disk/Research/research-javascript-test-smells/repositories/undici/test/eventsource/eventsource-stream.js,Conditional Test Logic,"{'line': 47, 'column': 4, 'index': 1401}","  45 |     }
  46 |
> 47 |     for (let i = 0; i < content.length; i++) {
     |    ^ Conditional Test Logic
  48 |       stream.write(Buffer.from([content[i]]))
  49 |     }
  50 |   })"
/home/gabriel/Disk/Research/research-javascript-test-smells/repositories/undici/test/eventsource/eventsource-stream.js,Conditional Test Logic,"{'line': 65, 'column': 4, 'index': 1967}","  63 |     }
  64 |
> 65 |     for (let i = 0; i < content.length; i++) {
     |    ^ Conditional Test Logic
  66 |       stream.write(Buffer.from([content[i]]))
  67 |     }
  68 |   })"
/home/gabriel/Disk/Research/research-javascript-test-smells/repositories/undici/test/eventsource/eventsource-stream.js,Conditional Test Logic,"{'line': 83, 'column': 4, 'index': 2544}","  81 |     }
  82 |
> 83 |     for (let i = 0; i < content.length; i++) {
     |    ^ Conditional Test Logic
  84 |       stream.write(Buffer.from([content[i]]))
  85 |     }
  86 |   })"
/home/gabriel/Disk/Research/research-javascript-test-smells/repositories/undici/test/eventsource/eventsource-stream.js,Conditional Test Logic,"{'line': 101, 'column': 4, 'index': 3121}","   99 |     }
  100 |
> 101 |     for (let i = 0; i < content.length; i++) {
      |    ^ Conditional Test Logic
  102 |       stream.write(Buffer.from([content[i]]))
  103 |     }
  104 |   })"
/home/gabriel/Disk/Research/research-javascript-test-smells/repositories/undici/test/eventsource/eventsource-stream.js,Conditional Test Logic,"{'line': 119, 'column': 4, 'index': 3676}","  117 |     }
  118 |
> 119 |     for (let i = 0; i < content.length; i++) {
      |    ^ Conditional Test Logic
  120 |       stream.write(Buffer.from([content[i]]))
  121 |     }
  122 |   })"
/home/gabriel/Disk/Research/research-javascript-test-smells/repositories/undici/test/eventsource/eventsource-stream.js,Conditional Test Logic,"{'line': 131, 'column': 6, 'index': 4107}","  129 |     let count = 0
  130 |     stream.processEvent = function (event) {
> 131 |       switch (count) {
      |      ^ Conditional Test Logic
  132 |         case 0: {
  133 |           t.assert.strictEqual(typeof event, 'object')
  134 |           t.assert.strictEqual(event.event, undefined)"
/home/gabriel/Disk/Research/research-javascript-test-smells/repositories/undici/test/eventsource/eventsource-stream.js,Conditional Test Logic,"{'line': 151, 'column': 4, 'index': 4759}","  149 |     }
  150 |
> 151 |     for (let i = 0; i < content.length; i++) {
      |    ^ Conditional Test Logic
  152 |       stream.write(Buffer.from([content[i]]))
  153 |     }
  154 |   })"
/home/gabriel/Disk/Research/research-javascript-test-smells/repositories/undici/test/eventsource/eventsource-stream.js,Conditional Test Logic,"{'line': 169, 'column': 4, 'index': 5435}","  167 |     }
  168 |
> 169 |     for (let i = 0; i < content.length; i++) {
      |    ^ Conditional Test Logic
  170 |       stream.write(Buffer.from([content[i]]))
  171 |     }
  172 |   })"
/home/gabriel/Disk/Research/research-javascript-test-smells/repositories/undici/test/eventsource/eventsource-stream.js,Conditional Test Logic,"{'line': 181, 'column': 6, 'index': 5771}","  179 |
  180 |     stream.processEvent = function (event) {
> 181 |       switch (count) {
      |      ^ Conditional Test Logic
  182 |         case 0: {
  183 |           t.assert.strictEqual(typeof event, 'object')
  184 |           t.assert.strictEqual(event.event, undefined)"
/home/gabriel/Disk/Research/research-javascript-test-smells/repositories/undici/test/eventsource/eventsource-stream.js,Conditional Test Logic,"{'line': 234, 'column': 6, 'index': 7559}","  232 |       t.assert.strictEqual(event.id, undefined)
  233 |       t.assert.strictEqual(event.retry, undefined)
> 234 |       switch (count) {
      |      ^ Conditional Test Logic
  235 |         case 0: {
  236 |           t.assert.strictEqual(event.data, '')
  237 |           break"
/home/gabriel/Disk/Research/research-javascript-test-smells/repositories/undici/test/eventsource/eventsource-stream.js,Unknown Test,"{'column': 2, 'line': 7}","   5 |
   6 | describe('EventSourceStream', () => {
>  7 |   test('ignore empty chunks', (t) => {
     |  ^ Unknown Test
   8 |     const stream = new EventSourceStream()
   9 |
  10 |     stream.processEvent = function (event) {"
/home/gabriel/Disk/Research/research-javascript-test-smells/repositories/undici/test/eventsource/eventsource-stream.js,Unknown Test,"{'column': 2, 'line': 16}","  14 |   })
  15 |
> 16 |   test('Simple event with data field.', (t) => {
     |  ^ Unknown Test
  17 |     const content = Buffer.from('data: Hello\n\n', 'utf8')
  18 |
  19 |     const stream = new EventSourceStream()"
/home/gabriel/Disk/Research/research-javascript-test-smells/repositories/undici/test/eventsource/eventsource-stream.js,Unknown Test,"{'column': 2, 'line': 34}","  32 |   })
  33 |
> 34 |   test('Should also process CR as EOL.', (t) => {
     |  ^ Unknown Test
  35 |     const content = Buffer.from('data: Hello\r\r', 'utf8')
  36 |
  37 |     const stream = new EventSourceStream()"
/home/gabriel/Disk/Research/research-javascript-test-smells/repositories/undici/test/eventsource/eventsource-stream.js,Unknown Test,"{'column': 2, 'line': 52}","  50 |   })
  51 |
> 52 |   test('Should also process CRLF as EOL.', (t) => {
     |  ^ Unknown Test
  53 |     const content = Buffer.from('data: Hello\r\n\r\n', 'utf8')
  54 |
  55 |     const stream = new EventSourceStream()"
/home/gabriel/Disk/Research/research-javascript-test-smells/repositories/undici/test/eventsource/eventsource-stream.js,Unknown Test,"{'column': 2, 'line': 70}","  68 |   })
  69 |
> 70 |   test('Should also process mixed CR and CRLF as EOL.', (t) => {
     |  ^ Unknown Test
  71 |     const content = Buffer.from('data: Hello\r\r\n', 'utf8')
  72 |
  73 |     const stream = new EventSourceStream()"
/home/gabriel/Disk/Research/research-javascript-test-smells/repositories/undici/test/eventsource/eventsource-stream.js,Unknown Test,"{'column': 2, 'line': 88}","  86 |   })
  87 |
> 88 |   test('Should also process mixed LF and CRLF as EOL.', (t) => {
     |  ^ Unknown Test
  89 |     const content = Buffer.from('data: Hello\n\r\n', 'utf8')
  90 |
  91 |     const stream = new EventSourceStream()"
/home/gabriel/Disk/Research/research-javascript-test-smells/repositories/undici/test/eventsource/eventsource-stream.js,Unknown Test,"{'column': 2, 'line': 106}","  104 |   })
  105 |
> 106 |   test('Should ignore comments', (t) => {
      |  ^ Unknown Test
  107 |     const content = Buffer.from(':data: Hello\n\n', 'utf8')
  108 |
  109 |     const stream = new EventSourceStream()"
/home/gabriel/Disk/Research/research-javascript-test-smells/repositories/undici/test/eventsource/eventsource-stream.js,Unknown Test,"{'column': 2, 'line': 124}","  122 |   })
  123 |
> 124 |   test('Should fire two events.', (t) => {
      |  ^ Unknown Test
  125 |     // @see https://html.spec.whatwg.org/multipage/server-sent-events.html#event-stream-interpretation
  126 |     const content = Buffer.from('data\n\ndata\ndata\n\ndata:', 'utf8')
  127 |     const stream = new EventSourceStream()"
/home/gabriel/Disk/Research/research-javascript-test-smells/repositories/undici/test/eventsource/eventsource-stream.js,Unknown Test,"{'column': 2, 'line': 156}","  154 |   })
  155 |
> 156 |   test('Should fire two identical events.', (t) => {
      |  ^ Unknown Test
  157 |     // @see https://html.spec.whatwg.org/multipage/server-sent-events.html#event-stream-interpretation
  158 |     const content = Buffer.from('data:test\n\ndata: test\n\n', 'utf8')
  159 |     const stream = new EventSourceStream()"
/home/gabriel/Disk/Research/research-javascript-test-smells/repositories/undici/test/eventsource/eventsource-stream.js,Unknown Test,"{'column': 2, 'line': 174}","  172 |   })
  173 |
> 174 |   test('ignores empty comments', (t) => {
      |  ^ Unknown Test
  175 |     const content = Buffer.from('data: Hello\n\n:\n\ndata: World\n\n', 'utf8')
  176 |     const stream = new EventSourceStream()
  177 |"
/home/gabriel/Disk/Research/research-javascript-test-smells/repositories/undici/test/eventsource/eventsource-stream.js,Unknown Test,"{'column': 2, 'line': 208}","  206 |   })
  207 |
> 208 |   test('comment fest', (t) => {
      |  ^ Unknown Test
  209 |     const longstring = new Array(2 * 1024 + 1).join('x')
  210 |     const content = Buffer.from(`data:1\r:\0\n:\r\ndata:2\n:${longstring}\rdata:3\n:data:fail\r:${longstring}\ndata:4\n\n`, 'utf8')
  211 |     const stream = new EventSourceStream()"
/home/gabriel/Disk/Research/research-javascript-test-smells/repositories/undici/test/eventsource/eventsource-stream.js,Unknown Test,"{'column': 2, 'line': 224}","  222 |   })
  223 |
> 224 |   test('comment fest', (t) => {
      |  ^ Unknown Test
  225 |     const content = Buffer.from('data:\n\ndata\ndata\n\ndata:test\n\n', 'utf8')
  226 |     const stream = new EventSourceStream()
  227 |"
/home/gabriel/Disk/Research/research-javascript-test-smells/repositories/undici/test/eventsource/eventsource-stream.js,Unknown Test,"{'column': 2, 'line': 256}","  254 |   })
  255 |
> 256 |   test('newline test', (t) => {
      |  ^ Unknown Test
  257 |     const content = Buffer.from('data:test\r\ndata\ndata:test\r\n\r\n', 'utf8')
  258 |     const stream = new EventSourceStream()
  259 |"
/home/gabriel/Disk/Research/research-javascript-test-smells/repositories/undici/test/eventsource/eventsource-stream.js,Unknown Test,"{'column': 2, 'line': 270}","  268 |   })
  269 |
> 270 |   test('newline test', (t) => {
      |  ^ Unknown Test
  271 |     const content = Buffer.from('data:test\n data\ndata\nfoobar:xxx\njustsometext\n:thisisacommentyay\ndata:test\n\n', 'utf8')
  272 |     const stream = new EventSourceStream()
  273 |"
/home/gabriel/Disk/Research/research-javascript-test-smells/repositories/undici/test/eventsource/eventsource-stream.js,Unknown Test,"{'column': 2, 'line': 284}","  282 |   })
  283 |
> 284 |   test('newline test', (t) => {
      |  ^ Unknown Test
  285 |     const content = Buffer.from('data:test\n data\ndata\nfoobar:xxx\njustsometext\n:thisisacommentyay\ndata:test\n\n', 'utf8')
  286 |     const stream = new EventSourceStream()
  287 |"
/home/gabriel/Disk/Research/research-javascript-test-smells/repositories/undici/test/eventsource/eventsource-stream-process-event.js,Unknown Test,"{'column': 2, 'line': 12}","  10 |   }
  11 |
> 12 |   test('Should set the defined origin as the origin of the MessageEvent', (t) => {
     |  ^ Unknown Test
  13 |     const stream = new EventSourceStream({
  14 |       eventSourceSettings: {
  15 |         ...defaultEventSourceSettings"
/home/gabriel/Disk/Research/research-javascript-test-smells/repositories/undici/test/eventsource/eventsource-stream-process-event.js,Unknown Test,"{'column': 2, 'line': 35}","  33 |   })
  34 |
> 35 |   test('Should set reconnectionTime to 4000 if event contains retry field', (t) => {
     |  ^ Unknown Test
  36 |     const stream = new EventSourceStream({
  37 |       eventSourceSettings: {
  38 |         ...defaultEventSourceSettings"
/home/gabriel/Disk/Research/research-javascript-test-smells/repositories/undici/test/eventsource/eventsource-stream-process-event.js,Unknown Test,"{'column': 2, 'line': 49}","  47 |   })
  48 |
> 49 |   test('Dispatches a MessageEvent with data', (t) => {
     |  ^ Unknown Test
  50 |     const stream = new EventSourceStream({
  51 |       eventSourceSettings: {
  52 |         ...defaultEventSourceSettings"
/home/gabriel/Disk/Research/research-javascript-test-smells/repositories/undici/test/eventsource/eventsource-stream-process-event.js,Unknown Test,"{'column': 2, 'line': 74}","  72 |   })
  73 |
> 74 |   test('Dispatches a MessageEvent with lastEventId, when event contains id field', (t) => {
     |  ^ Unknown Test
  75 |     const stream = new EventSourceStream({
  76 |       eventSourceSettings: {
  77 |         ...defaultEventSourceSettings"
/home/gabriel/Disk/Research/research-javascript-test-smells/repositories/undici/test/eventsource/eventsource-stream-process-event.js,Unknown Test,"{'column': 2, 'line': 95}","  93 |   })
  94 |
> 95 |   test('Dispatches a MessageEvent with lastEventId, reusing the persisted', (t) => {
     |  ^ Unknown Test
  96 |     // lastEventId
  97 |     const stream = new EventSourceStream({
  98 |       eventSourceSettings: {"
/home/gabriel/Disk/Research/research-javascript-test-smells/repositories/undici/test/eventsource/eventsource-stream-process-event.js,Unknown Test,"{'column': 2, 'line': 116}","  114 |   })
  115 |
> 116 |   test('Dispatches a MessageEvent with type custom, when event contains type field', (t) => {
      |  ^ Unknown Test
  117 |     const stream = new EventSourceStream({
  118 |       eventSourceSettings: {
  119 |         ...defaultEventSourceSettings"
/home/gabriel/Disk/Research/research-javascript-test-smells/repositories/undici/test/eventsource/eventsource-stream-parse-line.js,Unknown Test,"{'column': 2, 'line': 12}","  10 |   }
  11 |
> 12 |   test('Should push an unmodified event when line is empty', (t) => {
     |  ^ Unknown Test
  13 |     const stream = new EventSourceStream({
  14 |       eventSourceSettings: {
  15 |         ...defaultEventSourceSettings"
/home/gabriel/Disk/Research/research-javascript-test-smells/repositories/undici/test/eventsource/eventsource-stream-parse-line.js,Unknown Test,"{'column': 2, 'line': 31}","  29 |   })
  30 |
> 31 |   test('Should set the data field with empty string if not containing data', (t) => {
     |  ^ Unknown Test
  32 |     const stream = new EventSourceStream({
  33 |       eventSourceSettings: {
  34 |         ...defaultEventSourceSettings"
/home/gabriel/Disk/Research/research-javascript-test-smells/repositories/undici/test/eventsource/eventsource-stream-parse-line.js,Unknown Test,"{'column': 2, 'line': 50}","  48 |   })
  49 |
> 50 |   test('Should set the data field with empty string if not containing data (containing space after colon)', (t) => {
     |  ^ Unknown Test
  51 |     const stream = new EventSourceStream({
  52 |       eventSourceSettings: {
  53 |         ...defaultEventSourceSettings"
/home/gabriel/Disk/Research/research-javascript-test-smells/repositories/undici/test/eventsource/eventsource-stream-parse-line.js,Unknown Test,"{'column': 2, 'line': 69}","  67 |   })
  68 |
> 69 |   test('Should set the data field with a string containing space if having more than one space after colon', (t) => {
     |  ^ Unknown Test
  70 |     const stream = new EventSourceStream({
  71 |       eventSourceSettings: {
  72 |         ...defaultEventSourceSettings"
/home/gabriel/Disk/Research/research-javascript-test-smells/repositories/undici/test/eventsource/eventsource-stream-parse-line.js,Unknown Test,"{'column': 2, 'line': 88}","  86 |   })
  87 |
> 88 |   test('Should set value properly, even if the line contains multiple colons', (t) => {
     |  ^ Unknown Test
  89 |     const stream = new EventSourceStream({
  90 |       eventSourceSettings: {
  91 |         ...defaultEventSourceSettings"
/home/gabriel/Disk/Research/research-javascript-test-smells/repositories/undici/test/eventsource/eventsource-stream-parse-line.js,Unknown Test,"{'column': 2, 'line': 107}","  105 |   })
  106 |
> 107 |   test('Should set the data field when containing data', (t) => {
      |  ^ Unknown Test
  108 |     const stream = new EventSourceStream({
  109 |       eventSourceSettings: {
  110 |         ...defaultEventSourceSettings"
/home/gabriel/Disk/Research/research-javascript-test-smells/repositories/undici/test/eventsource/eventsource-stream-parse-line.js,Unknown Test,"{'column': 2, 'line': 126}","  124 |   })
  125 |
> 126 |   test('Should ignore comments', (t) => {
      |  ^ Unknown Test
  127 |     const stream = new EventSourceStream({
  128 |       eventSourceSettings: {
  129 |         ...defaultEventSourceSettings"
/home/gabriel/Disk/Research/research-javascript-test-smells/repositories/undici/test/eventsource/eventsource-stream-parse-line.js,Unknown Test,"{'column': 2, 'line': 145}","  143 |   })
  144 |
> 145 |   test('Should set retry field', (t) => {
      |  ^ Unknown Test
  146 |     const stream = new EventSourceStream({
  147 |       eventSourceSettings: {
  148 |         ...defaultEventSourceSettings"
/home/gabriel/Disk/Research/research-javascript-test-smells/repositories/undici/test/eventsource/eventsource-stream-parse-line.js,Unknown Test,"{'column': 2, 'line': 164}","  162 |   })
  163 |
> 164 |   test('Should set id field', (t) => {
      |  ^ Unknown Test
  165 |     const stream = new EventSourceStream({
  166 |       eventSourceSettings: {
  167 |         ...defaultEventSourceSettings"
/home/gabriel/Disk/Research/research-javascript-test-smells/repositories/undici/test/eventsource/eventsource-stream-parse-line.js,Unknown Test,"{'column': 2, 'line': 183}","  181 |   })
  182 |
> 183 |   test('Should set id field', (t) => {
      |  ^ Unknown Test
  184 |     const stream = new EventSourceStream({
  185 |       eventSourceSettings: {
  186 |         ...defaultEventSourceSettings"
/home/gabriel/Disk/Research/research-javascript-test-smells/repositories/undici/test/eventsource/eventsource-stream-parse-line.js,Unknown Test,"{'column': 2, 'line': 202}","  200 |   })
  201 |
> 202 |   test('Should ignore invalid field', (t) => {
      |  ^ Unknown Test
  203 |     const stream = new EventSourceStream({
  204 |       eventSourceSettings: {
  205 |         ...defaultEventSourceSettings"
/home/gabriel/Disk/Research/research-javascript-test-smells/repositories/undici/test/eventsource/eventsource-stream-parse-line.js,Unknown Test,"{'column': 2, 'line': 221}","  219 |   })
  220 |
> 221 |   test('bogus retry', (t) => {
      |  ^ Unknown Test
  222 |     const stream = new EventSourceStream({
  223 |       eventSourceSettings: {
  224 |         ...defaultEventSourceSettings"
/home/gabriel/Disk/Research/research-javascript-test-smells/repositories/undici/test/eventsource/eventsource-stream-parse-line.js,Unknown Test,"{'column': 2, 'line': 241}","  239 |   })
  240 |
> 241 |   test('bogus id', (t) => {
      |  ^ Unknown Test
  242 |     const stream = new EventSourceStream({
  243 |       eventSourceSettings: {
  244 |         ...defaultEventSourceSettings"
/home/gabriel/Disk/Research/research-javascript-test-smells/repositories/undici/test/eventsource/eventsource-stream-parse-line.js,Unknown Test,"{'column': 2, 'line': 261}","  259 |   })
  260 |
> 261 |   test('empty event', (t) => {
      |  ^ Unknown Test
  262 |     const stream = new EventSourceStream({
  263 |       eventSourceSettings: {
  264 |         ...defaultEventSourceSettings"
/home/gabriel/Disk/Research/research-javascript-test-smells/repositories/undici/test/eventsource/eventsource-stream-bom.js,Conditional Test Logic,"{'line': 18, 'column': 4, 'index': 590}","  16 |     }
  17 |
> 18 |     for (let i = 0; i < content.length; i++) {
     |    ^ Conditional Test Logic
  19 |       stream.write(Buffer.from([content[i]]))
  20 |     }
  21 |   })"
/home/gabriel/Disk/Research/research-javascript-test-smells/repositories/undici/test/eventsource/eventsource-stream-bom.js,Conditional Test Logic,"{'line': 34, 'column': 4, 'index': 1081}","  32 |     }
  33 |
> 34 |     for (let i = 0; i < content.length; i += 2) {
     |    ^ Conditional Test Logic
  35 |       stream.write(Buffer.from([content[i], content[i + 1]]))
  36 |     }
  37 |   })"
/home/gabriel/Disk/Research/research-javascript-test-smells/repositories/undici/test/eventsource/eventsource-stream-bom.js,Conditional Test Logic,"{'line': 50, 'column': 4, 'index': 1591}","  48 |     }
  49 |
> 50 |     for (let i = 0; i < content.length; i += 3) {
     |    ^ Conditional Test Logic
  51 |       stream.write(Buffer.from([content[i], content[i + 1], content[i + 2]]))
  52 |     }
  53 |   })"
/home/gabriel/Disk/Research/research-javascript-test-smells/repositories/undici/test/eventsource/eventsource-stream-bom.js,Conditional Test Logic,"{'line': 66, 'column': 4, 'index': 2117}","  64 |     }
  65 |
> 66 |     for (let i = 0; i < content.length; i += 4) {
     |    ^ Conditional Test Logic
  67 |       stream.write(Buffer.from([content[i], content[i + 1], content[i + 2], content[i + 3]]))
  68 |     }
  69 |   })"
/home/gabriel/Disk/Research/research-javascript-test-smells/repositories/undici/test/eventsource/eventsource-stream-bom.js,Conditional Test Logic,"{'line': 82, 'column': 4, 'index': 2661}","  80 |     }
  81 |
> 82 |     for (let i = 0; i < content.length; i += 1) {
     |    ^ Conditional Test Logic
  83 |       stream.write(Buffer.from([content[i]]))
  84 |     }
  85 |   })"
/home/gabriel/Disk/Research/research-javascript-test-smells/repositories/undici/test/eventsource/eventsource-stream-bom.js,Conditional Test Logic,"{'line': 98, 'column': 4, 'index': 3157}","   96 |     }
   97 |
>  98 |     for (let i = 0; i < content.length; i += 2) {
      |    ^ Conditional Test Logic
   99 |       stream.write(Buffer.from([content[i], content[i + 1]]))
  100 |     }
  101 |   })"
/home/gabriel/Disk/Research/research-javascript-test-smells/repositories/undici/test/eventsource/eventsource-stream-bom.js,Conditional Test Logic,"{'line': 114, 'column': 4, 'index': 3669}","  112 |     }
  113 |
> 114 |     for (let i = 0; i < content.length; i += 3) {
      |    ^ Conditional Test Logic
  115 |       stream.write(Buffer.from([content[i], content[i + 1], content[i + 2]]))
  116 |     }
  117 |   })"
/home/gabriel/Disk/Research/research-javascript-test-smells/repositories/undici/test/eventsource/eventsource-stream-bom.js,Conditional Test Logic,"{'line': 130, 'column': 4, 'index': 4197}","  128 |     }
  129 |
> 130 |     for (let i = 0; i < content.length; i += 4) {
      |    ^ Conditional Test Logic
  131 |       stream.write(Buffer.from([content[i], content[i + 1], content[i + 2], content[i + 3]]))
  132 |     }
  133 |   })"
/home/gabriel/Disk/Research/research-javascript-test-smells/repositories/undici/test/eventsource/eventsource-stream-bom.js,Unknown Test,"{'column': 2, 'line': 7}","   5 |
   6 | describe('EventSourceStream - handle BOM', () => {
>  7 |   test('Remove BOM from the beginning of the stream. 1 byte chunks', (t) => {
     |  ^ Unknown Test
   8 |     const dataField = 'data: Hello'
   9 |     const content = Buffer.from(`\uFEFF${dataField}`, 'utf8')
  10 |"
/home/gabriel/Disk/Research/research-javascript-test-smells/repositories/undici/test/eventsource/eventsource-stream-bom.js,Unknown Test,"{'column': 2, 'line': 23}","  21 |   })
  22 |
> 23 |   test('Remove BOM from the beginning of the stream. 2 byte chunks', (t) => {
     |  ^ Unknown Test
  24 |     const dataField = 'data: Hello'
  25 |     const content = Buffer.from(`\uFEFF${dataField}`, 'utf8')
  26 |"
/home/gabriel/Disk/Research/research-javascript-test-smells/repositories/undici/test/eventsource/eventsource-stream-bom.js,Unknown Test,"{'column': 2, 'line': 39}","  37 |   })
  38 |
> 39 |   test('Remove BOM from the beginning of the stream. 3 byte chunks', (t) => {
     |  ^ Unknown Test
  40 |     const dataField = 'data: Hello'
  41 |     const content = Buffer.from(`\uFEFF${dataField}`, 'utf8')
  42 |"
/home/gabriel/Disk/Research/research-javascript-test-smells/repositories/undici/test/eventsource/eventsource-stream-bom.js,Unknown Test,"{'column': 2, 'line': 55}","  53 |   })
  54 |
> 55 |   test('Remove BOM from the beginning of the stream. 4 byte chunks', (t) => {
     |  ^ Unknown Test
  56 |     const dataField = 'data: Hello'
  57 |     const content = Buffer.from(`\uFEFF${dataField}`, 'utf8')
  58 |"
/home/gabriel/Disk/Research/research-javascript-test-smells/repositories/undici/test/eventsource/eventsource-stream-bom.js,Unknown Test,"{'column': 2, 'line': 71}","  69 |   })
  70 |
> 71 |   test('Not containing BOM from the beginning of the stream. 1 byte chunks', (t) => {
     |  ^ Unknown Test
  72 |     const dataField = 'data: Hello'
  73 |     const content = Buffer.from(`${dataField}`, 'utf8')
  74 |"
/home/gabriel/Disk/Research/research-javascript-test-smells/repositories/undici/test/eventsource/eventsource-stream-bom.js,Unknown Test,"{'column': 2, 'line': 87}","  85 |   })
  86 |
> 87 |   test('Not containing BOM from the beginning of the stream. 2 byte chunks', (t) => {
     |  ^ Unknown Test
  88 |     const dataField = 'data: Hello'
  89 |     const content = Buffer.from(`${dataField}`, 'utf8')
  90 |"
/home/gabriel/Disk/Research/research-javascript-test-smells/repositories/undici/test/eventsource/eventsource-stream-bom.js,Unknown Test,"{'column': 2, 'line': 103}","  101 |   })
  102 |
> 103 |   test('Not containing BOM from the beginning of the stream. 3 byte chunks', (t) => {
      |  ^ Unknown Test
  104 |     const dataField = 'data: Hello'
  105 |     const content = Buffer.from(`${dataField}`, 'utf8')
  106 |"
/home/gabriel/Disk/Research/research-javascript-test-smells/repositories/undici/test/eventsource/eventsource-stream-bom.js,Unknown Test,"{'column': 2, 'line': 119}","  117 |   })
  118 |
> 119 |   test('Not containing BOM from the beginning of the stream. 4 byte chunks', (t) => {
      |  ^ Unknown Test
  120 |     const dataField = 'data: Hello'
  121 |     const content = Buffer.from(`${dataField}`, 'utf8')
  122 |"
/home/gabriel/Disk/Research/research-javascript-test-smells/repositories/undici/test/eventsource/eventsource-request-status-error.js,Conditional Test Logic,"{'line': 9, 'column': 38, 'index': 295}","   7 |
   8 | describe('EventSource - status error', () => {
>  9 |   [204, 205, 210, 299, 404, 410, 503].forEach((statusCode) => {
     |                                      ^ Conditional Test Logic
  10 |     test(`Should error on ${statusCode} status code`, async (t) => {
  11 |       const server = http.createServer({ joinDuplicateHeaders: true }, (req, res) => {
  12 |         res.writeHead(statusCode, 'dummy', { 'Content-Type': 'text/event-stream' })"
/home/gabriel/Disk/Research/research-javascript-test-smells/repositories/undici/test/eventsource/eventsource-redirecting.js,Conditional Test Logic,"{'line': 9, 'column': 23, 'index': 279}","   7 |
   8 | describe('EventSource - redirecting', () => {
>  9 |   [301, 302, 307, 308].forEach((statusCode) => {
     |                       ^ Conditional Test Logic
  10 |     test(`Should redirect on ${statusCode} status code`, async (t) => {
  11 |       const server = http.createServer({ joinDuplicateHeaders: true }, (req, res) => {
  12 |         if (res.req.url === '/redirect') {"
/home/gabriel/Disk/Research/research-javascript-test-smells/repositories/undici/test/eventsource/eventsource-redirecting.js,Conditional Test Logic,"{'line': 12, 'column': 8, 'index': 472}","  10 |     test(`Should redirect on ${statusCode} status code`, async (t) => {
  11 |       const server = http.createServer({ joinDuplicateHeaders: true }, (req, res) => {
> 12 |         if (res.req.url === '/redirect') {
     |        ^ Conditional Test Logic
  13 |           res.writeHead(statusCode, undefined, { Location: '/target' })
  14 |           res.end()
  15 |         } else if (res.req.url === '/target') {"
/home/gabriel/Disk/Research/research-javascript-test-smells/repositories/undici/test/eventsource/eventsource-redirecting.js,Conditional Test Logic,"{'line': 15, 'column': 15, 'index': 614}","  13 |           res.writeHead(statusCode, undefined, { Location: '/target' })
  14 |           res.end()
> 15 |         } else if (res.req.url === '/target') {
     |               ^ Conditional Test Logic
  16 |           res.writeHead(200, 'dummy', { 'Content-Type': 'text/event-stream' })
  17 |           res.end()
  18 |         }"
/home/gabriel/Disk/Research/research-javascript-test-smells/repositories/undici/test/eventsource/eventsource-redirecting.js,Conditional Test Logic,"{'line': 39, 'column': 6, 'index': 1427}","  37 |   test('Stop trying to connect when getting a 204 response', async (t) => {
  38 |     const server = http.createServer({ joinDuplicateHeaders: true }, (req, res) => {
> 39 |       if (res.req.url === '/redirect') {
     |      ^ Conditional Test Logic
  40 |         res.writeHead(301, undefined, { Location: '/target' })
  41 |         res.end()
  42 |       } else if (res.req.url === '/target') {"
/home/gabriel/Disk/Research/research-javascript-test-smells/repositories/undici/test/eventsource/eventsource-redirecting.js,Conditional Test Logic,"{'line': 42, 'column': 13, 'index': 1556}","  40 |         res.writeHead(301, undefined, { Location: '/target' })
  41 |         res.end()
> 42 |       } else if (res.req.url === '/target') {
     |             ^ Conditional Test Logic
  43 |         res.writeHead(204, 'OK')
  44 |         res.end()
  45 |       }"
/home/gabriel/Disk/Research/research-javascript-test-smells/repositories/undici/test/eventsource/eventsource-redirecting.js,Conditional Test Logic,"{'line': 64, 'column': 6, 'index': 2321}","  62 |   test('Throw when missing a Location header', async (t) => {
  63 |     const server = http.createServer({ joinDuplicateHeaders: true }, (req, res) => {
> 64 |       if (res.req.url === '/redirect') {
     |      ^ Conditional Test Logic
  65 |         res.writeHead(301, undefined)
  66 |         res.end()
  67 |       } else if (res.req.url === '/target') {"
/home/gabriel/Disk/Research/research-javascript-test-smells/repositories/undici/test/eventsource/eventsource-redirecting.js,Conditional Test Logic,"{'line': 67, 'column': 13, 'index': 2425}","  65 |         res.writeHead(301, undefined)
  66 |         res.end()
> 67 |       } else if (res.req.url === '/target') {
     |             ^ Conditional Test Logic
  68 |         res.writeHead(204, 'OK')
  69 |         res.end()
  70 |       }"
/home/gabriel/Disk/Research/research-javascript-test-smells/repositories/undici/test/eventsource/eventsource-redirecting.js,Conditional Test Logic,"{'line': 86, 'column': 6, 'index': 3119}","  84 |   test('Should set origin attribute of messages after redirecting', async (t) => {
  85 |     const targetServer = http.createServer({ joinDuplicateHeaders: true }, (req, res) => {
> 86 |       if (res.req.url === '/target') {
     |      ^ Conditional Test Logic
  87 |         res.writeHead(200, undefined, { 'Content-Type': 'text/event-stream' })
  88 |         res.write('event: message\ndata: test\n\n')
  89 |       }"
/home/gabriel/Disk/Research/research-javascript-test-smells/repositories/undici/test/eventsource/eventsource-redirecting.js,Unknown Test,"{'column': 2, 'line': 37}","  35 |   })
  36 |
> 37 |   test('Stop trying to connect when getting a 204 response', async (t) => {
     |  ^ Unknown Test
  38 |     const server = http.createServer({ joinDuplicateHeaders: true }, (req, res) => {
  39 |       if (res.req.url === '/redirect') {
  40 |         res.writeHead(301, undefined, { Location: '/target' })"
/home/gabriel/Disk/Research/research-javascript-test-smells/repositories/undici/test/eventsource/eventsource-redirecting.js,Unknown Test,"{'column': 2, 'line': 62}","  60 |   })
  61 |
> 62 |   test('Throw when missing a Location header', async (t) => {
     |  ^ Unknown Test
  63 |     const server = http.createServer({ joinDuplicateHeaders: true }, (req, res) => {
  64 |       if (res.req.url === '/redirect') {
  65 |         res.writeHead(301, undefined)"
/home/gabriel/Disk/Research/research-javascript-test-smells/repositories/undici/test/eventsource/eventsource-redirecting.js,Unknown Test,"{'column': 2, 'line': 84}","  82 |   })
  83 |
> 84 |   test('Should set origin attribute of messages after redirecting', async (t) => {
     |  ^ Unknown Test
  85 |     const targetServer = http.createServer({ joinDuplicateHeaders: true }, (req, res) => {
  86 |       if (res.req.url === '/target') {
  87 |         res.writeHead(200, undefined, { 'Content-Type': 'text/event-stream' })"
/home/gabriel/Disk/Research/research-javascript-test-smells/repositories/undici/test/eventsource/eventsource-reconnect.js,Conditional Test Logic,"{'line': 28, 'column': 8, 'index': 949}","  26 |       let connectionCount = 0
  27 |       eventSourceInstance.onopen = () => {
> 28 |         if (++connectionCount === 2) {
     |        ^ Conditional Test Logic
  29 |           eventSourceInstance.close()
  30 |           t.assert.ok(true)
  31 |           done()"
/home/gabriel/Disk/Research/research-javascript-test-smells/repositories/undici/test/eventsource/eventsource-reconnect.js,Conditional Test Logic,"{'line': 63, 'column': 8, 'index': 1894}","  61 |       let connectionCount = 0
  62 |       eventSourceInstance.onopen = () => {
> 63 |         if (++connectionCount === 2) {
     |        ^ Conditional Test Logic
  64 |           t.assert.ok(Date.now() - start >= defaultReconnectionTime)
  65 |           eventSourceInstance.close()
  66 |           t.assert.ok(true)"
/home/gabriel/Disk/Research/research-javascript-test-smells/repositories/undici/test/eventsource/eventsource-reconnect.js,Conditional Test Logic,"{'line': 101, 'column': 8, 'index': 2952}","   99 |       let connectionCount = 0
  100 |       eventSourceInstance.onopen = () => {
> 101 |         if (++connectionCount === 2) {
      |        ^ Conditional Test Logic
  102 |           t.assert.ok(Date.now() - start >= 100)
  103 |           t.assert.ok(Date.now() - start < 1000)
  104 |           eventSourceInstance.close()"
/home/gabriel/Disk/Research/research-javascript-test-smells/repositories/undici/test/eventsource/eventsource-reconnect.js,Conditional Test Logic,"{'line': 130, 'column': 6, 'index': 3708}","  128 |       res.writeHead(200, 'OK', { 'Content-Type': 'text/event-stream' })
  129 |       res.write('id: 1337\n\n')
> 130 |       if (++requestCount === 2) {
      |      ^ Conditional Test Logic
  131 |         t.assert.strictEqual(req.headers['last-event-id'], '1337')
  132 |       }
  133 |       res.end()"
/home/gabriel/Disk/Research/research-javascript-test-smells/repositories/undici/test/eventsource/eventsource-reconnect.js,Unknown Test,"{'column': 2, 'line': 10}","   8 |
   9 | describe('EventSource - reconnect', () => {
> 10 |   test('Should reconnect on connection closed by server', (t, done) => {
     |  ^ Unknown Test
  11 |     t.plan(1)
  12 |
  13 |     const clock = FakeTimers.install()"
/home/gabriel/Disk/Research/research-javascript-test-smells/repositories/undici/test/eventsource/eventsource-reconnect.js,Unknown Test,"{'column': 2, 'line': 44}","  42 |   })
  43 |
> 44 |   test('Should reconnect on with reconnection timeout', (t, done) => {
     |  ^ Unknown Test
  45 |     t.plan(2)
  46 |     const clock = FakeTimers.install()
  47 |     after(() => clock.uninstall())"
/home/gabriel/Disk/Research/research-javascript-test-smells/repositories/undici/test/eventsource/eventsource-reconnect.js,Unknown Test,"{'column': 2, 'line': 81}","  79 |   })
  80 |
> 81 |   test('Should reconnect on with modified reconnection timeout', (t, done) => {
     |  ^ Unknown Test
  82 |     t.plan(3)
  83 |     const clock = FakeTimers.install()
  84 |     after(() => clock.uninstall())"
/home/gabriel/Disk/Research/research-javascript-test-smells/repositories/undici/test/eventsource/eventsource-reconnect.js,Unknown Test,"{'column': 2, 'line': 120}","  118 |   })
  119 |
> 120 |   test('Should reconnect and send lastEventId', async (t) => {
      |  ^ Unknown Test
  121 |     t.plan(1)
  122 |     const clock = FakeTimers.install()
  123 |     after(() => clock.uninstall())"
/home/gabriel/Disk/Research/research-javascript-test-smells/repositories/undici/test/eventsource/eventsource-message.js,Conditional Test Logic,"{'line': 28, 'column': 8, 'index': 968}","  26 |       const eventSourceInstance = new EventSource(`http://localhost:${port}`)
  27 |       eventSourceInstance.onopen = () => {
> 28 |         if (++connectionCount === 2) {
     |        ^ Conditional Test Logic
  29 |           t.assert.ok(Date.now() - start >= 100)
  30 |           t.assert.ok(Date.now() - start < 1000)
  31 |           eventSourceInstance.close()"
/home/gabriel/Disk/Research/research-javascript-test-smells/repositories/undici/test/eventsource/eventsource-message.js,Conditional Test Logic,"{'line': 224, 'column': 8, 'index': 6896}","  222 |       const eventSourceInstance = new EventSource(`http://localhost:${port}`)
  223 |       eventSourceInstance.onopen = () => {
> 224 |         if (++reconnectionCount === 2) {
      |        ^ Conditional Test Logic
  225 |           t.assert.ok(true)
  226 |           eventSourceInstance.close()
  227 |           done()"
/home/gabriel/Disk/Research/research-javascript-test-smells/repositories/undici/test/eventsource/eventsource-message.js,Sleepy Test,"{'line': 16, 'column': 6, 'index': 633}","  14 |       res.writeHead(200, 'OK', { 'Content-Type': 'text/event-stream' })
  15 |       res.write('retry: 100\n\n')
> 16 |       setTimeout(() => res.end(), 100)
     |      ^ Sleepy Test
  17 |     })
  18 |
  19 |     after(() => server.close())"
/home/gabriel/Disk/Research/research-javascript-test-smells/repositories/undici/test/eventsource/eventsource-message.js,Sleepy Test,"{'line': 48, 'column': 6, 'index': 1628}","  46 |       res.writeHead(200, 'OK', { 'Content-Type': 'text/event-stream' })
  47 |       res.write('event:message\n\n')
> 48 |       setTimeout(() => res.end(), 100)
     |      ^ Sleepy Test
  49 |     })
  50 |
  51 |     after(() => server.close())"
/home/gabriel/Disk/Research/research-javascript-test-smells/repositories/undici/test/eventsource/eventsource-message.js,Sleepy Test,"{'line': 72, 'column': 6, 'index': 2409}","  70 |       res.writeHead(200, 'OK', { 'Content-Type': 'text/event-stream' })
  71 |       res.write('event:custom\ndata:test\n\n')
> 72 |       setTimeout(() => res.end(), 100)
     |      ^ Sleepy Test
  73 |     })
  74 |
  75 |     after(() => server.close())"
/home/gabriel/Disk/Research/research-javascript-test-smells/repositories/undici/test/eventsource/eventsource-message.js,Sleepy Test,"{'line': 95, 'column': 6, 'index': 3082}","  93 |       res.writeHead(200, 'OK', { 'Content-Type': 'text/event-stream' })
  94 |       res.write('data:test\n\n')
> 95 |       setTimeout(() => res.end(), 100)
     |      ^ Sleepy Test
  96 |     })
  97 |
  98 |     after(() => server.close())"
/home/gabriel/Disk/Research/research-javascript-test-smells/repositories/undici/test/eventsource/eventsource-message.js,Sleepy Test,"{'line': 118, 'column': 6, 'index': 3762}","  116 |       res.writeHead(200, 'OK', { 'Content-Type': 'text/event-stream' })
  117 |       res.write('data\n\n')
> 118 |       setTimeout(() => res.end(), 100)
      |      ^ Sleepy Test
  119 |     })
  120 |
  121 |     after(() => server.close())"
/home/gabriel/Disk/Research/research-javascript-test-smells/repositories/undici/test/eventsource/eventsource-message.js,Sleepy Test,"{'line': 141, 'column': 6, 'index': 4450}","  139 |       res.writeHead(200, 'OK', { 'Content-Type': 'text/event-stream' })
  140 |       res.write('event:custom\ndata:\n\n')
> 141 |       setTimeout(() => res.end(), 100)
      |      ^ Sleepy Test
  142 |     })
  143 |
  144 |     after(() => server.close())"
/home/gabriel/Disk/Research/research-javascript-test-smells/repositories/undici/test/eventsource/eventsource-message.js,Sleepy Test,"{'line': 164, 'column': 6, 'index': 5116}","  162 |       res.writeHead(200, 'OK', { 'Content-Type': 'text/event-stream' })
  163 |       res.write('data:\n\n')
> 164 |       setTimeout(() => res.end(), 100)
      |      ^ Sleepy Test
  165 |     })
  166 |
  167 |     after(() => server.close())"
/home/gabriel/Disk/Research/research-javascript-test-smells/repositories/undici/test/eventsource/eventsource-message.js,Sleepy Test,"{'line': 187, 'column': 6, 'index': 5822}","  185 |       res.writeHead(200, 'OK', { 'Content-Type': 'text/event-stream' })
  186 |       res.write('event:custom\ndata\n\n')
> 187 |       setTimeout(() => res.end(), 100)
      |      ^ Sleepy Test
  188 |     })
  189 |
  190 |     after(() => server.close())"
/home/gabriel/Disk/Research/research-javascript-test-smells/repositories/undici/test/eventsource/eventsource-message.js,Sleepy Test,"{'line': 213, 'column': 6, 'index': 6586}","  211 |       res.writeHead(200, 'OK', { 'Content-Type': 'text/event-stream' })
  212 |       res.write('event:custom\n\n')
> 213 |       setTimeout(() => res.end(), 100)
      |      ^ Sleepy Test
  214 |     })
  215 |
  216 |     let reconnectionCount = 0"
/home/gabriel/Disk/Research/research-javascript-test-smells/repositories/undici/test/eventsource/eventsource-message.js,Unknown Test,"{'column': 2, 'line': 10}","   8 |
   9 | describe('EventSource - message', () => {
> 10 |   test('Should not emit a message if only retry field was sent', (t, done) => {
     |  ^ Unknown Test
  11 |     t.plan(2)
  12 |
  13 |     const server = http.createServer({ joinDuplicateHeaders: true }, async (req, res) => {"
/home/gabriel/Disk/Research/research-javascript-test-smells/repositories/undici/test/eventsource/eventsource-message.js,Unknown Test,"{'column': 2, 'line': 42}","  40 |   })
  41 |
> 42 |   test('Should not emit a message if no data is provided', async (t) => {
     |  ^ Unknown Test
  43 |     t.plan(1)
  44 |
  45 |     const server = http.createServer({ joinDuplicateHeaders: true }, async (req, res) => {"
/home/gabriel/Disk/Research/research-javascript-test-smells/repositories/undici/test/eventsource/eventsource-message.js,Unknown Test,"{'column': 2, 'line': 66}","  64 |   })
  65 |
> 66 |   test('Should emit a custom type message if data is provided', (t, done) => {
     |  ^ Unknown Test
  67 |     t.plan(1)
  68 |
  69 |     const server = http.createServer({ joinDuplicateHeaders: true }, async (req, res) => {"
/home/gabriel/Disk/Research/research-javascript-test-smells/repositories/undici/test/eventsource/eventsource-message.js,Unknown Test,"{'column': 2, 'line': 89}","  87 |   })
  88 |
> 89 |   test('Should emit a message event if data is provided', (t, done) => {
     |  ^ Unknown Test
  90 |     t.plan(1)
  91 |
  92 |     const server = http.createServer({ joinDuplicateHeaders: true }, async (req, res) => {"
/home/gabriel/Disk/Research/research-javascript-test-smells/repositories/undici/test/eventsource/eventsource-message.js,Unknown Test,"{'column': 2, 'line': 112}","  110 |   })
  111 |
> 112 |   test('Should emit a message event if data as a field is provided', (t, done) => {
      |  ^ Unknown Test
  113 |     t.plan(1)
  114 |
  115 |     const server = http.createServer({ joinDuplicateHeaders: true }, async (req, res) => {"
/home/gabriel/Disk/Research/research-javascript-test-smells/repositories/undici/test/eventsource/eventsource-message.js,Unknown Test,"{'column': 2, 'line': 135}","  133 |   })
  134 |
> 135 |   test('Should emit a custom message event if data is empty', (t, done) => {
      |  ^ Unknown Test
  136 |     t.plan(1)
  137 |
  138 |     const server = http.createServer({ joinDuplicateHeaders: true }, async (req, res) => {"
/home/gabriel/Disk/Research/research-javascript-test-smells/repositories/undici/test/eventsource/eventsource-message.js,Unknown Test,"{'column': 2, 'line': 158}","  156 |   })
  157 |
> 158 |   test('Should emit a message event if data is empty', (t, done) => {
      |  ^ Unknown Test
  159 |     t.plan(1)
  160 |
  161 |     const server = http.createServer({ joinDuplicateHeaders: true }, async (req, res) => {"
/home/gabriel/Disk/Research/research-javascript-test-smells/repositories/undici/test/eventsource/eventsource-message.js,Unknown Test,"{'column': 2, 'line': 181}","  179 |   })
  180 |
> 181 |   test('Should emit a custom message event if data only as a field is provided', (t, done) => {
      |  ^ Unknown Test
  182 |     t.plan(1)
  183 |
  184 |     const server = http.createServer({ joinDuplicateHeaders: true }, async (req, res) => {"
/home/gabriel/Disk/Research/research-javascript-test-smells/repositories/undici/test/eventsource/eventsource-message.js,Unknown Test,"{'column': 2, 'line': 204}","  202 |   })
  203 |
> 204 |   test('Should not emit a custom type message if no data is provided', (t, done) => {
      |  ^ Unknown Test
  205 |     const clock = FakeTimers.install()
  206 |     after(() => clock.uninstall())
  207 |"
/home/gabriel/Disk/Research/research-javascript-test-smells/repositories/undici/test/eventsource/eventsource-constructor.js,Unknown Test,"{'column': 2, 'line': 9}","   7 |
   8 | describe('EventSource - withCredentials', () => {
>  9 |   test('withCredentials should be false by default', async (t) => {
     |  ^ Unknown Test
  10 |     const server = http.createServer({ joinDuplicateHeaders: true }, (req, res) => {
  11 |       res.writeHead(200, 'OK', { 'Content-Type': 'text/event-stream' })
  12 |       res.end()"
/home/gabriel/Disk/Research/research-javascript-test-smells/repositories/undici/test/eventsource/eventsource-constructor.js,Unknown Test,"{'column': 2, 'line': 30}","  28 |   })
  29 |
> 30 |   test('withCredentials can be set to true', async (t) => {
     |  ^ Unknown Test
  31 |     const server = http.createServer({ joinDuplicateHeaders: true }, (req, res) => {
  32 |       res.writeHead(200, 'OK', { 'Content-Type': 'text/event-stream' })
  33 |       res.end()"
/home/gabriel/Disk/Research/research-javascript-test-smells/repositories/undici/test/eventsource/eventsource-constructor-stringify.js,Unknown Test,"{'column': 2, 'line': 9}","   7 |
   8 | describe('EventSource - constructor stringify', () => {
>  9 |   test('should stringify argument', async (t) => {
     |  ^ Unknown Test
  10 |     const server = http.createServer({ joinDuplicateHeaders: true }, (req, res) => {
  11 |       t.assert.strictEqual(req.headers.connection, 'keep-alive')
  12 |       res.writeHead(200, 'OK', { 'Content-Type': 'text/event-stream' })"
/home/gabriel/Disk/Research/research-javascript-test-smells/repositories/undici/test/eventsource/eventsource-connect.js,Unknown Test,"{'column': 2, 'line': 11}","   9 |
  10 | describe('EventSource - sending correct request headers', () => {
> 11 |   test('should send request with connection keep-alive', async (t) => {
     |  ^ Unknown Test
  12 |     const server = http.createServer({ joinDuplicateHeaders: true }, (req, res) => {
  13 |       t.assert.strictEqual(req.headers.connection, 'keep-alive')
  14 |       res.writeHead(200, 'OK', { 'Content-Type': 'text/event-stream' })"
/home/gabriel/Disk/Research/research-javascript-test-smells/repositories/undici/test/eventsource/eventsource-connect.js,Unknown Test,"{'column': 2, 'line': 32}","  30 |   })
  31 |
> 32 |   test('should send request with sec-fetch-mode set to cors', async (t) => {
     |  ^ Unknown Test
  33 |     const server = http.createServer({ joinDuplicateHeaders: true }, (req, res) => {
  34 |       t.assert.strictEqual(req.headers['sec-fetch-mode'], 'cors')
  35 |       res.writeHead(200, 'OK', { 'Content-Type': 'text/event-stream' })"
/home/gabriel/Disk/Research/research-javascript-test-smells/repositories/undici/test/eventsource/eventsource-connect.js,Unknown Test,"{'column': 2, 'line': 53}","  51 |   })
  52 |
> 53 |   test('should send request with pragma and cache-control set to no-cache', async (t) => {
     |  ^ Unknown Test
  54 |     const server = http.createServer({ joinDuplicateHeaders: true }, (req, res) => {
  55 |       t.assert.strictEqual(req.headers['cache-control'], 'no-cache')
  56 |       t.assert.strictEqual(req.headers.pragma, 'no-cache')"
/home/gabriel/Disk/Research/research-javascript-test-smells/repositories/undici/test/eventsource/eventsource-connect.js,Unknown Test,"{'column': 2, 'line': 75}","  73 |   })
  74 |
> 75 |   test('should send request with accept text/event-stream', async (t) => {
     |  ^ Unknown Test
  76 |     const server = http.createServer({ joinDuplicateHeaders: true }, (req, res) => {
  77 |       t.assert.strictEqual(req.headers.accept, 'text/event-stream')
  78 |       res.writeHead(200, 'OK', { 'Content-Type': 'text/event-stream' })"
/home/gabriel/Disk/Research/research-javascript-test-smells/repositories/undici/test/eventsource/eventsource-connect.js,Unknown Test,"{'column': 2, 'line': 98}","   96 |
   97 | describe('EventSource - received response must have content-type to be text/event-stream', () => {
>  98 |   test('should send request with accept text/event-stream', async (t) => {
      |  ^ Unknown Test
   99 |     const server = http.createServer({ joinDuplicateHeaders: true }, (req, res) => {
  100 |       res.writeHead(200, 'OK', { 'Content-Type': 'text/event-stream' })
  101 |       res.end()"
/home/gabriel/Disk/Research/research-javascript-test-smells/repositories/undici/test/eventsource/eventsource-connect.js,Unknown Test,"{'column': 2, 'line': 118}","  116 |   })
  117 |
> 118 |   test('should send request with accept text/event-stream;', async (t) => {
      |  ^ Unknown Test
  119 |     const server = http.createServer({ joinDuplicateHeaders: true }, (req, res) => {
  120 |       res.writeHead(200, 'OK', { 'Content-Type': 'text/event-stream;' })
  121 |       res.end()"
/home/gabriel/Disk/Research/research-javascript-test-smells/repositories/undici/test/eventsource/eventsource-connect.js,Unknown Test,"{'column': 2, 'line': 138}","  136 |   })
  137 |
> 138 |   test('should handle content-type text/event-stream;charset=UTF-8 properly', async (t) => {
      |  ^ Unknown Test
  139 |     const server = http.createServer({ joinDuplicateHeaders: true }, (req, res) => {
  140 |       res.writeHead(200, 'OK', { 'Content-Type': 'text/event-stream;charset=UTF-8' })
  141 |       res.end()"
/home/gabriel/Disk/Research/research-javascript-test-smells/repositories/undici/test/eventsource/eventsource-connect.js,Unknown Test,"{'column': 2, 'line': 158}","  156 |   })
  157 |
> 158 |   test('should throw if content-type is text/html properly', async (t) => {
      |  ^ Unknown Test
  159 |     const server = http.createServer({ joinDuplicateHeaders: true }, (req, res) => {
  160 |       res.writeHead(200, 'OK', { 'Content-Type': 'text/html' })
  161 |       res.end()"
/home/gabriel/Disk/Research/research-javascript-test-smells/repositories/undici/test/eventsource/eventsource-connect.js,Unknown Test,"{'column': 2, 'line': 178}","  176 |   })
  177 |
> 178 |   test('should try to connect again if server is unreachable', async (t) => {
      |  ^ Unknown Test
  179 |     const clock = FakeTimers.install()
  180 |
  181 |     after(() => clock.uninstall())"
/home/gabriel/Disk/Research/research-javascript-test-smells/repositories/undici/test/eventsource/eventsource-connect.js,Unknown Test,"{'column': 2, 'line': 210}","  208 |   })
  209 |
> 210 |   test('should try to connect again if server is unreachable, configure reconnectionTime', async (t) => {
      |  ^ Unknown Test
  211 |     const reconnectionTime = 1000
  212 |     const clock = FakeTimers.install()
  213 |     after(() => clock.uninstall())"
/home/gabriel/Disk/Research/research-javascript-test-smells/repositories/undici/test/eventsource/eventsource-close.js,Unknown Test,"{'column': 2, 'line': 9}","   7 |
   8 | describe('EventSource - close', () => {
>  9 |   test('should not emit error when closing the EventSource Instance', async (t) => {
     |  ^ Unknown Test
  10 |     t.plan(1)
  11 |
  12 |     const server = http.createServer({ joinDuplicateHeaders: true }, (req, res) => {"
/home/gabriel/Disk/Research/research-javascript-test-smells/repositories/undici/test/eventsource/eventsource-close.js,Unknown Test,"{'column': 2, 'line': 37}","  35 |   })
  36 |
> 37 |   test('should set readyState to CLOSED', async (t) => {
     |  ^ Unknown Test
  38 |     t.plan(3)
  39 |     const server = http.createServer({ joinDuplicateHeaders: true }, (req, res) => {
  40 |       t.assert.strictEqual(req.headers.connection, 'keep-alive')"
/home/gabriel/Disk/Research/research-javascript-test-smells/repositories/undici/test/eventsource/eventsource-attributes.js,Conditional Test Logic,"{'line': 64, 'column': 4, 'index': 1960}","  62 |     ['OPEN', 1],
  63 |     ['CLOSED', 2]
> 64 |   ].forEach((config) => {
     |    ^ Conditional Test Logic
  65 |     test(`Should expose the ${config[0]} constant`, (t) => {
  66 |       const [constant, value] = config
  67 |"
/home/gabriel/Disk/Research/research-javascript-test-smells/repositories/undici/test/cookie/validate-cookie-value.js,Unknown Test,"{'column': 2, 'line': 11}","   9 |
  10 | describe('validateCookieValue', () => {
> 11 |   test('should throw for CTLs', () => {
     |  ^ Unknown Test
  12 |     throws(() => validateCookieValue('\x00'), new Error('Invalid cookie value'))
  13 |     throws(() => validateCookieValue('\x01'), new Error('Invalid cookie value'))
  14 |     throws(() => validateCookieValue('\x02'), new Error('Invalid cookie value'))"
/home/gabriel/Disk/Research/research-javascript-test-smells/repositories/undici/test/cookie/validate-cookie-value.js,Unknown Test,"{'column': 2, 'line': 47}","  45 |   })
  46 |
> 47 |   test('should throw for ; character', () => {
     |  ^ Unknown Test
  48 |     throws(() => validateCookieValue(';'), new Error('Invalid cookie value'))
  49 |   })
  50 |"
/home/gabriel/Disk/Research/research-javascript-test-smells/repositories/undici/test/cookie/validate-cookie-value.js,Unknown Test,"{'column': 2, 'line': 51}","  49 |   })
  50 |
> 51 |   test('should throw for "" character', () => {
     |  ^ Unknown Test
  52 |     throws(() => validateCookieValue('""'), new Error('Invalid cookie value'))
  53 |   })
  54 |"
/home/gabriel/Disk/Research/research-javascript-test-smells/repositories/undici/test/cookie/validate-cookie-value.js,Unknown Test,"{'column': 2, 'line': 55}","  53 |   })
  54 |
> 55 |   test('should throw for , character', () => {
     |  ^ Unknown Test
  56 |     throws(() => validateCookieValue(','), new Error('Invalid cookie value'))
  57 |   })
  58 |"
/home/gabriel/Disk/Research/research-javascript-test-smells/repositories/undici/test/cookie/validate-cookie-value.js,Unknown Test,"{'column': 2, 'line': 59}","  57 |   })
  58 |
> 59 |   test('should throw for \\ character', () => {
     |  ^ Unknown Test
  60 |     throws(() => validateCookieValue('\\'), new Error('Invalid cookie value'))
  61 |   })
  62 |"
/home/gabriel/Disk/Research/research-javascript-test-smells/repositories/undici/test/cookie/validate-cookie-value.js,Unknown Test,"{'column': 2, 'line': 63}","  61 |   })
  62 |
> 63 |   test('should pass for a printable character', t => {
     |  ^ Unknown Test
  64 |     strictEqual(validateCookieValue('A'), undefined)
  65 |     strictEqual(validateCookieValue('Z'), undefined)
  66 |     strictEqual(validateCookieValue('a'), undefined)"
/home/gabriel/Disk/Research/research-javascript-test-smells/repositories/undici/test/cookie/validate-cookie-value.js,Unknown Test,"{'column': 2, 'line': 72}","  70 |   })
  71 |
> 72 |   test('should handle strings wrapped in DQUOTE', t => {
     |  ^ Unknown Test
  73 |     strictEqual(validateCookieValue('""""'), undefined)
  74 |     strictEqual(validateCookieValue('""helloworld""'), undefined)
  75 |     throws(() => validateCookieValue('""'), new Error('Invalid cookie value'))"
/home/gabriel/Disk/Research/research-javascript-test-smells/repositories/undici/test/cookie/validate-cookie-path.js,Unknown Test,"{'column': 2, 'line': 11}","   9 |
  10 | describe('validateCookiePath', () => {
> 11 |   test('should throw for CTLs', () => {
     |  ^ Unknown Test
  12 |     throws(() => validateCookiePath('\x00'))
  13 |     throws(() => validateCookiePath('\x01'))
  14 |     throws(() => validateCookiePath('\x02'))"
/home/gabriel/Disk/Research/research-javascript-test-smells/repositories/undici/test/cookie/validate-cookie-path.js,Unknown Test,"{'column': 2, 'line': 47}","  45 |   })
  46 |
> 47 |   test('should throw for ; character', () => {
     |  ^ Unknown Test
  48 |     throws(() => validateCookiePath(';'))
  49 |   })
  50 |"
/home/gabriel/Disk/Research/research-javascript-test-smells/repositories/undici/test/cookie/validate-cookie-path.js,Unknown Test,"{'column': 2, 'line': 51}","  49 |   })
  50 |
> 51 |   test('should pass for a printable character', t => {
     |  ^ Unknown Test
  52 |     strictEqual(validateCookiePath('A'), undefined)
  53 |     strictEqual(validateCookiePath('Z'), undefined)
  54 |     strictEqual(validateCookiePath('a'), undefined)"
/home/gabriel/Disk/Research/research-javascript-test-smells/repositories/undici/test/cookie/validate-cookie-name.js,Unknown Test,"{'column': 2, 'line': 11}","   9 |
  10 | describe('validateCookieName', () => {
> 11 |   test('should throw for CTLs', () => {
     |  ^ Unknown Test
  12 |     throws(() => validateCookieName('\x00'), new Error('Invalid cookie name'))
  13 |     throws(() => validateCookieName('\x01'), new Error('Invalid cookie name'))
  14 |     throws(() => validateCookieName('\x02'), new Error('Invalid cookie name'))"
/home/gabriel/Disk/Research/research-javascript-test-smells/repositories/undici/test/cookie/validate-cookie-name.js,Unknown Test,"{'column': 2, 'line': 47}","  45 |   })
  46 |
> 47 |   test('should throw for "" "" character', () => {
     |  ^ Unknown Test
  48 |     throws(() => validateCookieName(' '), new Error('Invalid cookie name'))
  49 |   })
  50 |"
/home/gabriel/Disk/Research/research-javascript-test-smells/repositories/undici/test/cookie/validate-cookie-name.js,Unknown Test,"{'column': 2, 'line': 51}","  49 |   })
  50 |
> 51 |   test('should throw for Horizontal Tab character', () => {
     |  ^ Unknown Test
  52 |     throws(() => validateCookieName('\t'), new Error('Invalid cookie name'))
  53 |   })
  54 |"
/home/gabriel/Disk/Research/research-javascript-test-smells/repositories/undici/test/cookie/validate-cookie-name.js,Unknown Test,"{'column': 2, 'line': 55}","  53 |   })
  54 |
> 55 |   test('should throw for ; character', () => {
     |  ^ Unknown Test
  56 |     throws(() => validateCookieName(';'), new Error('Invalid cookie name'))
  57 |   })
  58 |"
/home/gabriel/Disk/Research/research-javascript-test-smells/repositories/undici/test/cookie/validate-cookie-name.js,Unknown Test,"{'column': 2, 'line': 59}","  57 |   })
  58 |
> 59 |   test('should throw for "" character', () => {
     |  ^ Unknown Test
  60 |     throws(() => validateCookieName('""'), new Error('Invalid cookie name'))
  61 |   })
  62 |"
/home/gabriel/Disk/Research/research-javascript-test-smells/repositories/undici/test/cookie/validate-cookie-name.js,Unknown Test,"{'column': 2, 'line': 63}","  61 |   })
  62 |
> 63 |   test('should throw for , character', () => {
     |  ^ Unknown Test
  64 |     throws(() => validateCookieName(','), new Error('Invalid cookie name'))
  65 |   })
  66 |"
/home/gabriel/Disk/Research/research-javascript-test-smells/repositories/undici/test/cookie/validate-cookie-name.js,Unknown Test,"{'column': 2, 'line': 67}","  65 |   })
  66 |
> 67 |   test('should throw for \\ character', () => {
     |  ^ Unknown Test
  68 |     throws(() => validateCookieName('\\'), new Error('Invalid cookie name'))
  69 |   })
  70 |"
/home/gabriel/Disk/Research/research-javascript-test-smells/repositories/undici/test/cookie/validate-cookie-name.js,Unknown Test,"{'column': 2, 'line': 71}","  69 |   })
  70 |
> 71 |   test('should throw for ( character', () => {
     |  ^ Unknown Test
  72 |     throws(() => validateCookieName('('), new Error('Invalid cookie name'))
  73 |   })
  74 |"
/home/gabriel/Disk/Research/research-javascript-test-smells/repositories/undici/test/cookie/validate-cookie-name.js,Unknown Test,"{'column': 2, 'line': 75}","  73 |   })
  74 |
> 75 |   test('should throw for ) character', () => {
     |  ^ Unknown Test
  76 |     throws(() => validateCookieName(')'), new Error('Invalid cookie name'))
  77 |   })
  78 |"
/home/gabriel/Disk/Research/research-javascript-test-smells/repositories/undici/test/cookie/validate-cookie-name.js,Unknown Test,"{'column': 2, 'line': 79}","  77 |   })
  78 |
> 79 |   test('should throw for < character', () => {
     |  ^ Unknown Test
  80 |     throws(() => validateCookieName('<'), new Error('Invalid cookie name'))
  81 |   })
  82 |"
/home/gabriel/Disk/Research/research-javascript-test-smells/repositories/undici/test/cookie/validate-cookie-name.js,Unknown Test,"{'column': 2, 'line': 83}","  81 |   })
  82 |
> 83 |   test('should throw for > character', () => {
     |  ^ Unknown Test
  84 |     throws(() => validateCookieName('>'), new Error('Invalid cookie name'))
  85 |   })
  86 |"
/home/gabriel/Disk/Research/research-javascript-test-smells/repositories/undici/test/cookie/validate-cookie-name.js,Unknown Test,"{'column': 2, 'line': 87}","  85 |   })
  86 |
> 87 |   test('should throw for @ character', () => {
     |  ^ Unknown Test
  88 |     throws(() => validateCookieName('@'), new Error('Invalid cookie name'))
  89 |   })
  90 |"
/home/gabriel/Disk/Research/research-javascript-test-smells/repositories/undici/test/cookie/validate-cookie-name.js,Unknown Test,"{'column': 2, 'line': 91}","  89 |   })
  90 |
> 91 |   test('should throw for : character', () => {
     |  ^ Unknown Test
  92 |     throws(() => validateCookieName(':'), new Error('Invalid cookie name'))
  93 |   })
  94 |"
/home/gabriel/Disk/Research/research-javascript-test-smells/repositories/undici/test/cookie/validate-cookie-name.js,Unknown Test,"{'column': 2, 'line': 95}","  93 |   })
  94 |
> 95 |   test('should throw for / character', () => {
     |  ^ Unknown Test
  96 |     throws(() => validateCookieName('/'), new Error('Invalid cookie name'))
  97 |   })
  98 |"
/home/gabriel/Disk/Research/research-javascript-test-smells/repositories/undici/test/cookie/validate-cookie-name.js,Unknown Test,"{'column': 2, 'line': 99}","   97 |   })
   98 |
>  99 |   test('should throw for [ character', () => {
      |  ^ Unknown Test
  100 |     throws(() => validateCookieName('['), new Error('Invalid cookie name'))
  101 |   })
  102 |"
/home/gabriel/Disk/Research/research-javascript-test-smells/repositories/undici/test/cookie/validate-cookie-name.js,Unknown Test,"{'column': 2, 'line': 103}","  101 |   })
  102 |
> 103 |   test('should throw for ] character', () => {
      |  ^ Unknown Test
  104 |     throws(() => validateCookieName(']'), new Error('Invalid cookie name'))
  105 |   })
  106 |"
/home/gabriel/Disk/Research/research-javascript-test-smells/repositories/undici/test/cookie/validate-cookie-name.js,Unknown Test,"{'column': 2, 'line': 107}","  105 |   })
  106 |
> 107 |   test('should throw for ? character', () => {
      |  ^ Unknown Test
  108 |     throws(() => validateCookieName('?'), new Error('Invalid cookie name'))
  109 |   })
  110 |"
/home/gabriel/Disk/Research/research-javascript-test-smells/repositories/undici/test/cookie/validate-cookie-name.js,Unknown Test,"{'column': 2, 'line': 111}","  109 |   })
  110 |
> 111 |   test('should throw for = character', () => {
      |  ^ Unknown Test
  112 |     throws(() => validateCookieName('='), new Error('Invalid cookie name'))
  113 |   })
  114 |"
/home/gabriel/Disk/Research/research-javascript-test-smells/repositories/undici/test/cookie/validate-cookie-name.js,Unknown Test,"{'column': 2, 'line': 115}","  113 |   })
  114 |
> 115 |   test('should throw for { character', () => {
      |  ^ Unknown Test
  116 |     throws(() => validateCookieName('{'), new Error('Invalid cookie name'))
  117 |   })
  118 |"
/home/gabriel/Disk/Research/research-javascript-test-smells/repositories/undici/test/cookie/validate-cookie-name.js,Unknown Test,"{'column': 2, 'line': 119}","  117 |   })
  118 |
> 119 |   test('should throw for } character', () => {
      |  ^ Unknown Test
  120 |     throws(() => validateCookieName('}'), new Error('Invalid cookie name'))
  121 |   })
  122 |"
/home/gabriel/Disk/Research/research-javascript-test-smells/repositories/undici/test/cookie/validate-cookie-name.js,Unknown Test,"{'column': 2, 'line': 123}","  121 |   })
  122 |
> 123 |   test('should pass for a printable character', t => {
      |  ^ Unknown Test
  124 |     strictEqual(validateCookieName('A'), undefined)
  125 |     strictEqual(validateCookieName('Z'), undefined)
  126 |     strictEqual(validateCookieName('a'), undefined)"
/home/gabriel/Disk/Research/research-javascript-test-smells/repositories/undici/test/cookie/to-imf-date.js,Conditional Test Logic,"{'line': 12, 'column': 4, 'index': 280}","  10 | describe('toIMFDate', () => {
  11 |   test('should return the same as Date.prototype.toGMTString()', () => {
> 12 |     for (let i = 1; i <= 1e6; i *= 2) {
     |    ^ Conditional Test Logic
  13 |       const date = new Date(i)
  14 |       strictEqual(toIMFDate(date), date.toGMTString())
  15 |     }"
/home/gabriel/Disk/Research/research-javascript-test-smells/repositories/undici/test/cookie/to-imf-date.js,Conditional Test Logic,"{'line': 16, 'column': 4, 'index': 412}","  14 |       strictEqual(toIMFDate(date), date.toGMTString())
  15 |     }
> 16 |     for (let i = 0; i <= 1e6; i++) {
     |    ^ Conditional Test Logic
  17 |       const date = new Date(Math.trunc(Math.random() * 8640000000000000))
  18 |       strictEqual(toIMFDate(date), date.toGMTString())
  19 |     }"
/home/gabriel/Disk/Research/research-javascript-test-smells/repositories/undici/test/cookie/to-imf-date.js,Unknown Test,"{'column': 2, 'line': 11}","   9 |
  10 | describe('toIMFDate', () => {
> 11 |   test('should return the same as Date.prototype.toGMTString()', () => {
     |  ^ Unknown Test
  12 |     for (let i = 1; i <= 1e6; i *= 2) {
  13 |       const date = new Date(i)
  14 |       strictEqual(toIMFDate(date), date.toGMTString())"
/home/gabriel/Disk/Research/research-javascript-test-smells/repositories/undici/test/cookie/npm-cookie.js,Assertion Roulette,"{'column': 4, 'line': 33}","  31 | describe('parseCookie(str)', function () {
  32 |   it('should parse cookie string to object', function () {
> 33 |     assert.deepStrictEqual(parseCookie('foo=bar'), { name: 'foo', value: 'bar' })
     |    ^ Assertion Roulette
  34 |     assert.deepStrictEqual(parseCookie('foo=123'), { name: 'foo', value: '123' })
  35 |   })
  36 |"
/home/gabriel/Disk/Research/research-javascript-test-smells/repositories/undici/test/cookie/npm-cookie.js,Assertion Roulette,"{'column': 4, 'line': 34}","  32 |   it('should parse cookie string to object', function () {
  33 |     assert.deepStrictEqual(parseCookie('foo=bar'), { name: 'foo', value: 'bar' })
> 34 |     assert.deepStrictEqual(parseCookie('foo=123'), { name: 'foo', value: '123' })
     |    ^ Assertion Roulette
  35 |   })
  36 |
  37 |   it('should ignore OWS', function () {"
/home/gabriel/Disk/Research/research-javascript-test-smells/repositories/undici/test/cookie/npm-cookie.js,Assertion Roulette,"{'column': 4, 'line': 50}","  48 |
  49 |   it('should parse cookie with minimum length', function () {
> 50 |     assert.deepStrictEqual(parseCookie('f='), { name: 'f', value: '' })
     |    ^ Assertion Roulette
  51 |     assert.deepStrictEqual(parseCookie('f=;b='), { name: 'f', value: '', unparsed: ['b='] })
  52 |   })
  53 |"
/home/gabriel/Disk/Research/research-javascript-test-smells/repositories/undici/test/cookie/npm-cookie.js,Assertion Roulette,"{'column': 4, 'line': 51}","  49 |   it('should parse cookie with minimum length', function () {
  50 |     assert.deepStrictEqual(parseCookie('f='), { name: 'f', value: '' })
> 51 |     assert.deepStrictEqual(parseCookie('f=;b='), { name: 'f', value: '', unparsed: ['b='] })
     |    ^ Assertion Roulette
  52 |   })
  53 |
  54 |   it('should URL-decode values', function () {"
/home/gabriel/Disk/Research/research-javascript-test-smells/repositories/undici/test/cookie/npm-cookie.js,Assertion Roulette,"{'column': 4, 'line': 55}","  53 |
  54 |   it('should URL-decode values', function () {
> 55 |     assert.deepStrictEqual(parseCookie('foo=""bar=123456789&name=Magic+Mouse""'), {
     |    ^ Assertion Roulette
  56 |       name: 'foo',
  57 |       value: '""bar=123456789&name=Magic+Mouse""'
  58 |     })"
/home/gabriel/Disk/Research/research-javascript-test-smells/repositories/undici/test/cookie/npm-cookie.js,Assertion Roulette,"{'column': 4, 'line': 60}","  58 |     })
  59 |
> 60 |     assert.deepStrictEqual(parseCookie('email=%20%22%2c%3b%2f'), { name: 'email', value: ' "",;/' })
     |    ^ Assertion Roulette
  61 |   })
  62 |
  63 |   it('should trim whitespace around key and value', function () {"
/home/gabriel/Disk/Research/research-javascript-test-smells/repositories/undici/test/cookie/npm-cookie.js,Assertion Roulette,"{'column': 4, 'line': 64}","  62 |
  63 |   it('should trim whitespace around key and value', function () {
> 64 |     assert.deepStrictEqual(parseCookie('  foo  =  ""bar""  '), { name: 'foo', value: '""bar""' })
     |    ^ Assertion Roulette
  65 |     assert.deepStrictEqual(parseCookie('  foo  =  bar  ;  fizz  =  buzz  '), {
  66 |       name: 'foo',
  67 |       value: 'bar',"
/home/gabriel/Disk/Research/research-javascript-test-smells/repositories/undici/test/cookie/npm-cookie.js,Assertion Roulette,"{'column': 4, 'line': 65}","  63 |   it('should trim whitespace around key and value', function () {
  64 |     assert.deepStrictEqual(parseCookie('  foo  =  ""bar""  '), { name: 'foo', value: '""bar""' })
> 65 |     assert.deepStrictEqual(parseCookie('  foo  =  bar  ;  fizz  =  buzz  '), {
     |    ^ Assertion Roulette
  66 |       name: 'foo',
  67 |       value: 'bar',
  68 |       unparsed: ['fizz=buzz']"
/home/gabriel/Disk/Research/research-javascript-test-smells/repositories/undici/test/cookie/npm-cookie.js,Assertion Roulette,"{'column': 4, 'line': 70}","  68 |       unparsed: ['fizz=buzz']
  69 |     })
> 70 |     assert.deepStrictEqual(parseCookie(' foo = "" a b c "" '), { name: 'foo', value: '"" a b c ""' })
     |    ^ Assertion Roulette
  71 |     assert.deepStrictEqual(parseCookie(' = bar '), { name: '', value: 'bar' })
  72 |     assert.deepStrictEqual(parseCookie(' foo = '), { name: 'foo', value: '' })
  73 |     assert.deepStrictEqual(parseCookie('   =   '), { name: '', value: '' })"
/home/gabriel/Disk/Research/research-javascript-test-smells/repositories/undici/test/cookie/npm-cookie.js,Assertion Roulette,"{'column': 4, 'line': 71}","  69 |     })
  70 |     assert.deepStrictEqual(parseCookie(' foo = "" a b c "" '), { name: 'foo', value: '"" a b c ""' })
> 71 |     assert.deepStrictEqual(parseCookie(' = bar '), { name: '', value: 'bar' })
     |    ^ Assertion Roulette
  72 |     assert.deepStrictEqual(parseCookie(' foo = '), { name: 'foo', value: '' })
  73 |     assert.deepStrictEqual(parseCookie('   =   '), { name: '', value: '' })
  74 |     assert.deepStrictEqual(parseCookie('\tfoo\t=\tbar\t'), { name: 'foo', value: 'bar' })"
/home/gabriel/Disk/Research/research-javascript-test-smells/repositories/undici/test/cookie/npm-cookie.js,Assertion Roulette,"{'column': 4, 'line': 72}","  70 |     assert.deepStrictEqual(parseCookie(' foo = "" a b c "" '), { name: 'foo', value: '"" a b c ""' })
  71 |     assert.deepStrictEqual(parseCookie(' = bar '), { name: '', value: 'bar' })
> 72 |     assert.deepStrictEqual(parseCookie(' foo = '), { name: 'foo', value: '' })
     |    ^ Assertion Roulette
  73 |     assert.deepStrictEqual(parseCookie('   =   '), { name: '', value: '' })
  74 |     assert.deepStrictEqual(parseCookie('\tfoo\t=\tbar\t'), { name: 'foo', value: 'bar' })
  75 |   })"
/home/gabriel/Disk/Research/research-javascript-test-smells/repositories/undici/test/cookie/npm-cookie.js,Assertion Roulette,"{'column': 4, 'line': 73}","  71 |     assert.deepStrictEqual(parseCookie(' = bar '), { name: '', value: 'bar' })
  72 |     assert.deepStrictEqual(parseCookie(' foo = '), { name: 'foo', value: '' })
> 73 |     assert.deepStrictEqual(parseCookie('   =   '), { name: '', value: '' })
     |    ^ Assertion Roulette
  74 |     assert.deepStrictEqual(parseCookie('\tfoo\t=\tbar\t'), { name: 'foo', value: 'bar' })
  75 |   })
  76 |"
/home/gabriel/Disk/Research/research-javascript-test-smells/repositories/undici/test/cookie/npm-cookie.js,Assertion Roulette,"{'column': 4, 'line': 74}","  72 |     assert.deepStrictEqual(parseCookie(' foo = '), { name: 'foo', value: '' })
  73 |     assert.deepStrictEqual(parseCookie('   =   '), { name: '', value: '' })
> 74 |     assert.deepStrictEqual(parseCookie('\tfoo\t=\tbar\t'), { name: 'foo', value: 'bar' })
     |    ^ Assertion Roulette
  75 |   })
  76 |
  77 |   it('should return original value on escape error', function () {"
/home/gabriel/Disk/Research/research-javascript-test-smells/repositories/undici/test/cookie/npm-cookie.js,Assertion Roulette,"{'column': 4, 'line': 82}","  80 |
  81 |   it('should ignore cookies without value', function () {
> 82 |     assert.deepStrictEqual(parseCookie('foo=bar;fizz  ;  buzz'), { name: 'foo', value: 'bar', unparsed: ['fizz=', 'buzz='] })
     |    ^ Assertion Roulette
  83 |     assert.deepStrictEqual(parseCookie('  fizz; foo=  bar'), { name: '', value: 'fizz', unparsed: ['foo=bar'] })
  84 |   })
  85 |"
/home/gabriel/Disk/Research/research-javascript-test-smells/repositories/undici/test/cookie/npm-cookie.js,Assertion Roulette,"{'column': 4, 'line': 83}","  81 |   it('should ignore cookies without value', function () {
  82 |     assert.deepStrictEqual(parseCookie('foo=bar;fizz  ;  buzz'), { name: 'foo', value: 'bar', unparsed: ['fizz=', 'buzz='] })
> 83 |     assert.deepStrictEqual(parseCookie('  fizz; foo=  bar'), { name: '', value: 'fizz', unparsed: ['foo=bar'] })
     |    ^ Assertion Roulette
  84 |   })
  85 |
  86 |   it('should ignore duplicate cookies', function () {"
/home/gabriel/Disk/Research/research-javascript-test-smells/repositories/undici/test/cookie/npm-cookie.js,Assertion Roulette,"{'column': 4, 'line': 87}","  85 |
  86 |   it('should ignore duplicate cookies', function () {
> 87 |     assert.deepStrictEqual(parseCookie('foo=%1;bar=bar;foo=boo'), {
     |    ^ Assertion Roulette
  88 |       name: 'foo',
  89 |       value: '%1',
  90 |       unparsed: ['bar=bar', 'foo=boo']"
/home/gabriel/Disk/Research/research-javascript-test-smells/repositories/undici/test/cookie/npm-cookie.js,Assertion Roulette,"{'column': 4, 'line': 92}","  90 |       unparsed: ['bar=bar', 'foo=boo']
  91 |     })
> 92 |     assert.deepStrictEqual(parseCookie('foo=false;bar=bar;foo=true'), {
     |    ^ Assertion Roulette
  93 |       name: 'foo',
  94 |       value: 'false',
  95 |       unparsed: ['bar=bar', 'foo=true']"
/home/gabriel/Disk/Research/research-javascript-test-smells/repositories/undici/test/cookie/npm-cookie.js,Assertion Roulette,"{'column': 4, 'line': 97}","   95 |       unparsed: ['bar=bar', 'foo=true']
   96 |     })
>  97 |     assert.deepStrictEqual(parseCookie('foo=;bar=bar;foo=boo'), {
      |    ^ Assertion Roulette
   98 |       name: 'foo',
   99 |       value: '',
  100 |       unparsed: ['bar=bar', 'foo=boo']"
/home/gabriel/Disk/Research/research-javascript-test-smells/repositories/undici/test/cookie/is-ctl-excluding-htab.js,Conditional Test Logic,"{'line': 73, 'column': 4, 'index': 2747}","  71 |
  72 |   test('all printable characters (0x20 - 0x7E)', () => {
> 73 |     for (let i = 0x20; i < 0x7F; i++) {
     |    ^ Conditional Test Logic
  74 |       strictEqual(isCTLExcludingHtab(String.fromCharCode(i)), false)
  75 |     }
  76 |   })"
/home/gabriel/Disk/Research/research-javascript-test-smells/repositories/undici/test/cookie/is-ctl-excluding-htab.js,Unknown Test,"{'column': 2, 'line': 11}","   9 |
  10 | describe('isCTLExcludingHtab', () => {
> 11 |   test('should return false for 0x00 - 0x08 characters', () => {
     |  ^ Unknown Test
  12 |     strictEqual(isCTLExcludingHtab('\x00'), true)
  13 |     strictEqual(isCTLExcludingHtab('\x01'), true)
  14 |     strictEqual(isCTLExcludingHtab('\x02'), true)"
/home/gabriel/Disk/Research/research-javascript-test-smells/repositories/undici/test/cookie/is-ctl-excluding-htab.js,Unknown Test,"{'column': 2, 'line': 23}","  21 |   })
  22 |
> 23 |   test('should return false for 0x09 HTAB character', () => {
     |  ^ Unknown Test
  24 |     strictEqual(isCTLExcludingHtab('\x09'), false)
  25 |   })
  26 |"
/home/gabriel/Disk/Research/research-javascript-test-smells/repositories/undici/test/cookie/is-ctl-excluding-htab.js,Unknown Test,"{'column': 2, 'line': 27}","  25 |   })
  26 |
> 27 |   test('should return false for 0x0A - 0x1F characters', () => {
     |  ^ Unknown Test
  28 |     strictEqual(isCTLExcludingHtab('\x0A'), true)
  29 |     strictEqual(isCTLExcludingHtab('\x0B'), true)
  30 |     strictEqual(isCTLExcludingHtab('\x0C'), true)"
/home/gabriel/Disk/Research/research-javascript-test-smells/repositories/undici/test/cookie/is-ctl-excluding-htab.js,Unknown Test,"{'column': 2, 'line': 52}","  50 |   })
  51 |
> 52 |   test('should return false for a 0x7F character', t => {
     |  ^ Unknown Test
  53 |     strictEqual(isCTLExcludingHtab('\x7F'), true)
  54 |   })
  55 |"
/home/gabriel/Disk/Research/research-javascript-test-smells/repositories/undici/test/cookie/is-ctl-excluding-htab.js,Unknown Test,"{'column': 2, 'line': 56}","  54 |   })
  55 |
> 56 |   test('should return false for a 0x20 / space character', t => {
     |  ^ Unknown Test
  57 |     strictEqual(isCTLExcludingHtab(' '), false)
  58 |   })
  59 |"
/home/gabriel/Disk/Research/research-javascript-test-smells/repositories/undici/test/cookie/is-ctl-excluding-htab.js,Unknown Test,"{'column': 2, 'line': 60}","  58 |   })
  59 |
> 60 |   test('should return false for a printable character', t => {
     |  ^ Unknown Test
  61 |     strictEqual(isCTLExcludingHtab('A'), false)
  62 |     strictEqual(isCTLExcludingHtab('Z'), false)
  63 |     strictEqual(isCTLExcludingHtab('a'), false)"
/home/gabriel/Disk/Research/research-javascript-test-smells/repositories/undici/test/cookie/is-ctl-excluding-htab.js,Unknown Test,"{'column': 2, 'line': 68}","  66 |   })
  67 |
> 68 |   test('should return false for an empty string', () => {
     |  ^ Unknown Test
  69 |     strictEqual(isCTLExcludingHtab(''), false)
  70 |   })
  71 |"
/home/gabriel/Disk/Research/research-javascript-test-smells/repositories/undici/test/cookie/is-ctl-excluding-htab.js,Unknown Test,"{'column': 2, 'line': 72}","  70 |   })
  71 |
> 72 |   test('all printable characters (0x20 - 0x7E)', () => {
     |  ^ Unknown Test
  73 |     for (let i = 0x20; i < 0x7F; i++) {
  74 |       strictEqual(isCTLExcludingHtab(String.fromCharCode(i)), false)
  75 |     }"
/home/gabriel/Disk/Research/research-javascript-test-smells/repositories/undici/test/cookie/is-ctl-excluding-htab.js,Unknown Test,"{'column': 2, 'line': 78}","  76 |   })
  77 |
> 78 |   test('valid case', () => {
     |  ^ Unknown Test
  79 |     strictEqual(isCTLExcludingHtab('Space=Cat; Secure; HttpOnly; Max-Age=2'), false)
  80 |   })
  81 |"
/home/gabriel/Disk/Research/research-javascript-test-smells/repositories/undici/test/cookie/is-ctl-excluding-htab.js,Unknown Test,"{'column': 2, 'line': 82}","  80 |   })
  81 |
> 82 |   test('invalid case', () => {
     |  ^ Unknown Test
  83 |     strictEqual(isCTLExcludingHtab('Space=Cat; Secure; HttpOnly; Max-Age=2\x7F'), true)
  84 |   })
  85 | })"
/home/gabriel/Disk/Research/research-javascript-test-smells/repositories/undici/test/cookie/global-headers.js,Assertion Roulette,"{'column': 4, 'line': 16}","  14 |     const headers = new globalThis.Headers()
  15 |
> 16 |     assert.equal(headers.get('set-cookie'), null)
     |    ^ Assertion Roulette
  17 |     deleteCookie(headers, 'undici')
  18 |     assert.equal(headers.get('set-cookie'), 'undici=; Expires=Thu, 01 Jan 1970 00:00:00 GMT')
  19 |   })"
/home/gabriel/Disk/Research/research-javascript-test-smells/repositories/undici/test/cookie/global-headers.js,Assertion Roulette,"{'column': 4, 'line': 18}","  16 |     assert.equal(headers.get('set-cookie'), null)
  17 |     deleteCookie(headers, 'undici')
> 18 |     assert.equal(headers.get('set-cookie'), 'undici=; Expires=Thu, 01 Jan 1970 00:00:00 GMT')
     |    ^ Assertion Roulette
  19 |   })
  20 |
  21 |   test('getCookies', { skip: !globalThis.Headers }, () => {"
/home/gabriel/Disk/Research/research-javascript-test-smells/repositories/undici/test/cookie/global-headers.js,Assertion Roulette,"{'column': 6, 'line': 37}","  35 |
  36 |     if (!supportsCookies) {
> 37 |       assert.deepEqual(getSetCookies(headers), [])
     |      ^ Assertion Roulette
  38 |     } else {
  39 |       assert.deepEqual(getSetCookies(headers), [
  40 |         {"
/home/gabriel/Disk/Research/research-javascript-test-smells/repositories/undici/test/cookie/global-headers.js,Assertion Roulette,"{'column': 6, 'line': 39}","  37 |       assert.deepEqual(getSetCookies(headers), [])
  38 |     } else {
> 39 |       assert.deepEqual(getSetCookies(headers), [
     |      ^ Assertion Roulette
  40 |         {
  41 |           name: 'undici',
  42 |           value: 'getSetCookies',"
/home/gabriel/Disk/Research/research-javascript-test-smells/repositories/undici/test/cookie/global-headers.js,Conditional Test Logic,"{'line': 36, 'column': 4, 'index': 998}","  34 |     const supportsCookies = headers.getSetCookie()
  35 |
> 36 |     if (!supportsCookies) {
     |    ^ Conditional Test Logic
  37 |       assert.deepEqual(getSetCookies(headers), [])
  38 |     } else {
  39 |       assert.deepEqual(getSetCookies(headers), ["
/home/gabriel/Disk/Research/research-javascript-test-smells/repositories/undici/test/cache-interceptor/utils.js,Conditional Test Logic,"{'line': 270, 'column': 2, 'index': 7372}","  268 |   }
  269 |
> 270 |   for (const key in valuesToTest) {
      |  ^ Conditional Test Logic
  271 |     const expectedValue = valuesToTest[key]
  272 |     test(`\`${key}\` = ${expectedValue}`, () => {
  273 |       equal(isEtagUsable(key), expectedValue)"
/home/gabriel/Disk/Research/research-javascript-test-smells/repositories/undici/test/cache-interceptor/utils.js,Unknown Test,"{'column': 2, 'line': 8}","   6 |
   7 | describe('parseCacheControlHeader', () => {
>  8 |   test('all directives are parsed properly when in their correct format', () => {
     |  ^ Unknown Test
   9 |     const directives = parseCacheControlHeader(
  10 |       'max-stale=1, min-fresh=1, max-age=1, s-maxage=1, stale-while-revalidate=1, stale-if-error=1, public, private, no-store, no-cache, must-revalidate, proxy-revalidate, immutable, no-transform, must-understand, only-if-cached'
  11 |     )"
/home/gabriel/Disk/Research/research-javascript-test-smells/repositories/undici/test/cache-interceptor/utils.js,Unknown Test,"{'column': 2, 'line': 32}","  30 |   })
  31 |
> 32 |   test('handles weird spacings', () => {
     |  ^ Unknown Test
  33 |     const directives = parseCacheControlHeader(
  34 |       'max-stale=1, min-fresh=1,     max-age=1,s-maxage=1,  stale-while-revalidate=1,stale-if-error=1,public,private'
  35 |     )"
/home/gabriel/Disk/Research/research-javascript-test-smells/repositories/undici/test/cache-interceptor/utils.js,Unknown Test,"{'column': 2, 'line': 48}","  46 |   })
  47 |
> 48 |   test('unknown directives are ignored', () => {
     |  ^ Unknown Test
  49 |     const directives = parseCacheControlHeader('max-age=123, something-else=456')
  50 |     deepStrictEqual(directives, { 'max-age': 123 })
  51 |   })"
/home/gabriel/Disk/Research/research-javascript-test-smells/repositories/undici/test/cache-interceptor/utils.js,Unknown Test,"{'column': 2, 'line': 53}","  51 |   })
  52 |
> 53 |   test('directives with incorrect types are ignored', () => {
     |  ^ Unknown Test
  54 |     const directives = parseCacheControlHeader('max-age=true, only-if-cached=123')
  55 |     deepStrictEqual(directives, {})
  56 |   })"
/home/gabriel/Disk/Research/research-javascript-test-smells/repositories/undici/test/cache-interceptor/utils.js,Unknown Test,"{'column': 2, 'line': 58}","  56 |   })
  57 |
> 58 |   test('the last instance of a directive takes precedence', () => {
     |  ^ Unknown Test
  59 |     const directives = parseCacheControlHeader('max-age=1, max-age=2')
  60 |     deepStrictEqual(directives, { 'max-age': 2 })
  61 |   })"
/home/gabriel/Disk/Research/research-javascript-test-smells/repositories/undici/test/cache-interceptor/utils.js,Unknown Test,"{'column': 2, 'line': 63}","  61 |   })
  62 |
> 63 |   test('case insensitive', () => {
     |  ^ Unknown Test
  64 |     const directives = parseCacheControlHeader('Max-Age=123')
  65 |     deepStrictEqual(directives, { 'max-age': 123 })
  66 |   })"
/home/gabriel/Disk/Research/research-javascript-test-smells/repositories/undici/test/cache-interceptor/utils.js,Unknown Test,"{'column': 2, 'line': 68}","  66 |   })
  67 |
> 68 |   test('no-cache with headers', () => {
     |  ^ Unknown Test
  69 |     let directives = parseCacheControlHeader('max-age=10, no-cache=some-header, only-if-cached')
  70 |     deepStrictEqual(directives, {
  71 |       'max-age': 10,"
/home/gabriel/Disk/Research/research-javascript-test-smells/repositories/undici/test/cache-interceptor/utils.js,Unknown Test,"{'column': 2, 'line': 98}","   96 |   })
   97 |
>  98 |   test('private with headers', () => {
      |  ^ Unknown Test
   99 |     let directives = parseCacheControlHeader('max-age=10, private=some-header, only-if-cached')
  100 |     deepStrictEqual(directives, {
  101 |       'max-age': 10,"
/home/gabriel/Disk/Research/research-javascript-test-smells/repositories/undici/test/cache-interceptor/utils.js,Unknown Test,"{'column': 2, 'line': 135}","  133 |   })
  134 |
> 135 |   test('handles multiple headers correctly', () => {
      |  ^ Unknown Test
  136 |     // For requests like
  137 |     //  cache-control: max-stale=1
  138 |     //  cache-control: min-fresh-1"
/home/gabriel/Disk/Research/research-javascript-test-smells/repositories/undici/test/cache-interceptor/utils.js,Unknown Test,"{'column': 2, 'line': 180}","  178 |
  179 | describe('parseVaryHeader', () => {
> 180 |   test('basic usage', () => {
      |  ^ Unknown Test
  181 |     const output = parseVaryHeader('some-header, another-one', {
  182 |       'some-header': 'asd',
  183 |       'another-one': '123',"
/home/gabriel/Disk/Research/research-javascript-test-smells/repositories/undici/test/cache-interceptor/utils.js,Unknown Test,"{'column': 2, 'line': 192}","  190 |   })
  191 |
> 192 |   test('handles weird spacings', () => {
      |  ^ Unknown Test
  193 |     const output = parseVaryHeader('some-header,    another-one,something-else', {
  194 |       'some-header': 'asd',
  195 |       'another-one': '123',"
/home/gabriel/Disk/Research/research-javascript-test-smells/repositories/undici/test/cache-interceptor/utils.js,Unknown Test,"{'column': 2, 'line': 206}","  204 |   })
  205 |
> 206 |   test('handles multiple headers correctly', () => {
      |  ^ Unknown Test
  207 |     const output = parseVaryHeader(['some-header', 'another-one'], {
  208 |       'some-header': 'asd',
  209 |       'another-one': '123',"
/home/gabriel/Disk/Research/research-javascript-test-smells/repositories/undici/test/cache-interceptor/utils.js,Unknown Test,"{'column': 2, 'line': 218}","  216 |   })
  217 |
> 218 |   test('handles missing headers with null', () => {
      |  ^ Unknown Test
  219 |     const result = parseVaryHeader('Accept-Encoding, Authorization', {})
  220 |     deepStrictEqual(result, {
  221 |       'accept-encoding': null,"
/home/gabriel/Disk/Research/research-javascript-test-smells/repositories/undici/test/cache-interceptor/utils.js,Unknown Test,"{'column': 2, 'line': 226}","  224 |   })
  225 |
> 226 |   test('handles mix of present and missing headers', () => {
      |  ^ Unknown Test
  227 |     const result = parseVaryHeader('Accept-Encoding, Authorization', {
  228 |       authorization: 'example-value'
  229 |     })"
/home/gabriel/Disk/Research/research-javascript-test-smells/repositories/undici/test/cache-interceptor/utils.js,Unknown Test,"{'column': 2, 'line': 236}","  234 |   })
  235 |
> 236 |   test('handles array input', () => {
      |  ^ Unknown Test
  237 |     const result = parseVaryHeader(['Accept-Encoding', 'Authorization'], {
  238 |       'accept-encoding': 'gzip'
  239 |     })"
/home/gabriel/Disk/Research/research-javascript-test-smells/repositories/undici/test/cache-interceptor/utils.js,Unknown Test,"{'column': 2, 'line': 246}","  244 |   })
  245 |
> 246 |   test('preserves existing * behavior', () => {
      |  ^ Unknown Test
  247 |     const headers = { accept: 'text/html' }
  248 |     const result = parseVaryHeader('*', headers)
  249 |     deepStrictEqual(result, headers)"
/home/gabriel/Disk/Research/research-javascript-test-smells/repositories/undici/test/cache-interceptor/cache-store-test-utils.js,Conditional Test Logic,"{'line': 358, 'column': 2, 'index': 9739}","  356 |  */
  357 | function writeBody (stream, body) {
> 358 |   for (const chunk of body) {
      |  ^ Conditional Test Logic
  359 |     stream.write(chunk)
  360 |   }
  361 |"
/home/gabriel/Disk/Research/research-javascript-test-smells/repositories/undici/test/cache-interceptor/cache-store-test-utils.js,Conditional Test Logic,"{'line': 371, 'column': 2, 'index': 10003}","  369 |  */
  370 | async function readBody ({ body }) {
> 371 |   if (!body) {
      |  ^ Conditional Test Logic
  372 |     return undefined
  373 |   }
  374 |"
/home/gabriel/Disk/Research/research-javascript-test-smells/repositories/undici/test/cache-interceptor/cache-store-test-utils.js,Conditional Test Logic,"{'line': 375, 'column': 2, 'index': 10044}","  373 |   }
  374 |
> 375 |   if (typeof body === 'string') {
      |  ^ Conditional Test Logic
  376 |     return [Buffer.from(body)]
  377 |   }
  378 |"
/home/gabriel/Disk/Research/research-javascript-test-smells/repositories/undici/test/cache-interceptor/cache-store-test-utils.js,Conditional Test Logic,"{'line': 379, 'column': 2, 'index': 10114}","  377 |   }
  378 |
> 379 |   if (body.constructor.name === 'Buffer') {
      |  ^ Conditional Test Logic
  380 |     return [body]
  381 |   }
  382 |"
/home/gabriel/Disk/Research/research-javascript-test-smells/repositories/undici/test/cache-interceptor/cache-store-test-utils.js,Conditional Test Logic,"{'line': 406, 'column': 2, 'index': 10527}","  404 |   const data = []
  405 |
> 406 |   for (const buffer of buffers) {
      |  ^ Conditional Test Logic
  407 |     buffer.forEach((chunk) => {
  408 |       data.push(chunk)
  409 |     })"
/home/gabriel/Disk/Research/research-javascript-test-smells/repositories/undici/test/cache-interceptor/cache-store-test-utils.js,Conditional Test Logic,"{'line': 427, 'column': 2, 'index': 11094}","  425 |   )
  426 |
> 427 |   for (const key of Object.keys(expected)) {
      |  ^ Conditional Test Logic
  428 |     deepStrictEqual(actual[key], expected[key])
  429 |   }
  430 | }"
/home/gabriel/Disk/Research/research-javascript-test-smells/repositories/undici/test/cache-interceptor/cache-store-test-utils.js,Unknown Test,"{'column': 4, 'line': 18}","  16 | function cacheStoreTests (CacheStore, options) {
  17 |   describe(CacheStore.prototype.constructor.name, () => {
> 18 |     test('matches interface', options, () => {
     |    ^ Unknown Test
  19 |       equal(typeof CacheStore.prototype.get, 'function')
  20 |       equal(typeof CacheStore.prototype.createWriteStream, 'function')
  21 |       equal(typeof CacheStore.prototype.delete, 'function')"
/home/gabriel/Disk/Research/research-javascript-test-smells/repositories/undici/test/cache-interceptor/cache-store-test-utils.js,Unknown Test,"{'column': 4, 'line': 24}","  22 |     })
  23 |
> 24 |     test('caches request', options, async () => {
     |    ^ Unknown Test
  25 |       /**
  26 |        * @type {import('../../types/cache-interceptor.d.ts').default.CacheKey}
  27 |        */"
/home/gabriel/Disk/Research/research-javascript-test-smells/repositories/undici/test/cache-interceptor/cache-store-test-utils.js,Unknown Test,"{'column': 4, 'line': 111}","  109 |     })
  110 |
> 111 |     test('returns stale response before deleteAt', options, async () => {
      |    ^ Unknown Test
  112 |       const clock = FakeTimers.install({
  113 |         shouldClearNativeTimers: true
  114 |       })"
/home/gabriel/Disk/Research/research-javascript-test-smells/repositories/undici/test/cache-interceptor/cache-store-test-utils.js,Unknown Test,"{'column': 4, 'line': 169}","  167 |     })
  168 |
> 169 |     test('a stale request is overwritten', options, async () => {
      |    ^ Unknown Test
  170 |       const clock = FakeTimers.install({
  171 |         shouldClearNativeTimers: true
  172 |       })"
/home/gabriel/Disk/Research/research-javascript-test-smells/repositories/undici/test/cache-interceptor/cache-store-test-utils.js,Unknown Test,"{'column': 4, 'line': 250}","  248 |     })
  249 |
> 250 |     test('vary directives used to decide which response to use', options, async () => {
      |    ^ Unknown Test
  251 |       /**
  252 |        * @type {import('../../types/cache-interceptor.d.ts').default.CacheKey}
  253 |        */"
