file,type,line,frame
/home/gabriel/Disk/Research/research-javascript-test-smells/repositories/luxon/test/duration/create.test.js,Duplicate Assert,"{'line': 116, 'column': 2, 'index': 3420}","  114 | it(""Duration.fromDurationLike returns a Duration from millis"", () => {
  115 |   const dur = Duration.fromDurationLike(1000);
> 116 |   expect(dur).toBeInstanceOf(Duration);
      |  ^ Duplicate Assert
  117 |   expect(dur).toMatchInlineSnapshot(`""PT1S""`);
  118 | });
  119 |"
/home/gabriel/Disk/Research/research-javascript-test-smells/repositories/luxon/test/duration/create.test.js,Duplicate Assert,"{'line': 117, 'column': 2, 'index': 3460}","  115 |   const dur = Duration.fromDurationLike(1000);
  116 |   expect(dur).toBeInstanceOf(Duration);
> 117 |   expect(dur).toMatchInlineSnapshot(`""PT1S""`);
      |  ^ Duplicate Assert
  118 | });
  119 |
  120 | it(""Duration.fromDurationLike returns a Duration from object"", () => {"
/home/gabriel/Disk/Research/research-javascript-test-smells/repositories/luxon/test/duration/create.test.js,Magic Number,"{'line': 18, 'column': 25, 'index': 339}","  16 |     milliseconds: 7,
  17 |   });
> 18 |   expect(dur.years).toBe(1);
     |                         ^ Magic Number
  19 |   expect(dur.months).toBe(2);
  20 |   expect(dur.days).toBe(3);
  21 |   expect(dur.hours).toBe(4);"
/home/gabriel/Disk/Research/research-javascript-test-smells/repositories/luxon/test/duration/create.test.js,Magic Number,"{'line': 19, 'column': 26, 'index': 369}","  17 |   });
  18 |   expect(dur.years).toBe(1);
> 19 |   expect(dur.months).toBe(2);
     |                          ^ Magic Number
  20 |   expect(dur.days).toBe(3);
  21 |   expect(dur.hours).toBe(4);
  22 |   expect(dur.minutes).toBe(5);"
/home/gabriel/Disk/Research/research-javascript-test-smells/repositories/luxon/test/duration/create.test.js,Magic Number,"{'line': 20, 'column': 24, 'index': 397}","  18 |   expect(dur.years).toBe(1);
  19 |   expect(dur.months).toBe(2);
> 20 |   expect(dur.days).toBe(3);
     |                        ^ Magic Number
  21 |   expect(dur.hours).toBe(4);
  22 |   expect(dur.minutes).toBe(5);
  23 |   expect(dur.seconds).toBe(6);"
/home/gabriel/Disk/Research/research-javascript-test-smells/repositories/luxon/test/duration/create.test.js,Magic Number,"{'line': 21, 'column': 25, 'index': 426}","  19 |   expect(dur.months).toBe(2);
  20 |   expect(dur.days).toBe(3);
> 21 |   expect(dur.hours).toBe(4);
     |                         ^ Magic Number
  22 |   expect(dur.minutes).toBe(5);
  23 |   expect(dur.seconds).toBe(6);
  24 |   expect(dur.milliseconds).toBe(7);"
/home/gabriel/Disk/Research/research-javascript-test-smells/repositories/luxon/test/duration/create.test.js,Magic Number,"{'line': 22, 'column': 27, 'index': 457}","  20 |   expect(dur.days).toBe(3);
  21 |   expect(dur.hours).toBe(4);
> 22 |   expect(dur.minutes).toBe(5);
     |                           ^ Magic Number
  23 |   expect(dur.seconds).toBe(6);
  24 |   expect(dur.milliseconds).toBe(7);
  25 | });"
/home/gabriel/Disk/Research/research-javascript-test-smells/repositories/luxon/test/duration/create.test.js,Magic Number,"{'line': 23, 'column': 27, 'index': 488}","  21 |   expect(dur.hours).toBe(4);
  22 |   expect(dur.minutes).toBe(5);
> 23 |   expect(dur.seconds).toBe(6);
     |                           ^ Magic Number
  24 |   expect(dur.milliseconds).toBe(7);
  25 | });
  26 |"
/home/gabriel/Disk/Research/research-javascript-test-smells/repositories/luxon/test/duration/create.test.js,Magic Number,"{'line': 24, 'column': 32, 'index': 524}","  22 |   expect(dur.minutes).toBe(5);
  23 |   expect(dur.seconds).toBe(6);
> 24 |   expect(dur.milliseconds).toBe(7);
     |                                ^ Magic Number
  25 | });
  26 |
  27 | test(""Duration.fromObject sets all the fractional values"", () => {"
/home/gabriel/Disk/Research/research-javascript-test-smells/repositories/luxon/test/duration/create.test.js,Magic Number,"{'line': 34, 'column': 25, 'index': 725}","  32 |     hours: 4.5,
  33 |   });
> 34 |   expect(dur.years).toBe(1);
     |                         ^ Magic Number
  35 |   expect(dur.months).toBe(2);
  36 |   expect(dur.days).toBe(3);
  37 |   expect(dur.hours).toBe(4.5);"
/home/gabriel/Disk/Research/research-javascript-test-smells/repositories/luxon/test/duration/create.test.js,Magic Number,"{'line': 35, 'column': 26, 'index': 755}","  33 |   });
  34 |   expect(dur.years).toBe(1);
> 35 |   expect(dur.months).toBe(2);
     |                          ^ Magic Number
  36 |   expect(dur.days).toBe(3);
  37 |   expect(dur.hours).toBe(4.5);
  38 |   expect(dur.minutes).toBe(0);"
/home/gabriel/Disk/Research/research-javascript-test-smells/repositories/luxon/test/duration/create.test.js,Magic Number,"{'line': 36, 'column': 24, 'index': 783}","  34 |   expect(dur.years).toBe(1);
  35 |   expect(dur.months).toBe(2);
> 36 |   expect(dur.days).toBe(3);
     |                        ^ Magic Number
  37 |   expect(dur.hours).toBe(4.5);
  38 |   expect(dur.minutes).toBe(0);
  39 |   expect(dur.seconds).toBe(0);"
/home/gabriel/Disk/Research/research-javascript-test-smells/repositories/luxon/test/duration/create.test.js,Magic Number,"{'line': 37, 'column': 25, 'index': 812}","  35 |   expect(dur.months).toBe(2);
  36 |   expect(dur.days).toBe(3);
> 37 |   expect(dur.hours).toBe(4.5);
     |                         ^ Magic Number
  38 |   expect(dur.minutes).toBe(0);
  39 |   expect(dur.seconds).toBe(0);
  40 |   expect(dur.milliseconds).toBe(0);"
/home/gabriel/Disk/Research/research-javascript-test-smells/repositories/luxon/test/duration/create.test.js,Magic Number,"{'line': 38, 'column': 27, 'index': 845}","  36 |   expect(dur.days).toBe(3);
  37 |   expect(dur.hours).toBe(4.5);
> 38 |   expect(dur.minutes).toBe(0);
     |                           ^ Magic Number
  39 |   expect(dur.seconds).toBe(0);
  40 |   expect(dur.milliseconds).toBe(0);
  41 | });"
/home/gabriel/Disk/Research/research-javascript-test-smells/repositories/luxon/test/duration/create.test.js,Magic Number,"{'line': 39, 'column': 27, 'index': 876}","  37 |   expect(dur.hours).toBe(4.5);
  38 |   expect(dur.minutes).toBe(0);
> 39 |   expect(dur.seconds).toBe(0);
     |                           ^ Magic Number
  40 |   expect(dur.milliseconds).toBe(0);
  41 | });
  42 |"
/home/gabriel/Disk/Research/research-javascript-test-smells/repositories/luxon/test/duration/create.test.js,Magic Number,"{'line': 40, 'column': 32, 'index': 912}","  38 |   expect(dur.minutes).toBe(0);
  39 |   expect(dur.seconds).toBe(0);
> 40 |   expect(dur.milliseconds).toBe(0);
     |                                ^ Magic Number
  41 | });
  42 |
  43 | test(""Duration.fromObject sets all the values from the object having string type values"", () => {"
/home/gabriel/Disk/Research/research-javascript-test-smells/repositories/luxon/test/duration/create.test.js,Magic Number,"{'line': 53, 'column': 25, 'index': 1209}","  51 |     milliseconds: ""7"",
  52 |   });
> 53 |   expect(dur.years).toBe(1);
     |                         ^ Magic Number
  54 |   expect(dur.months).toBe(2);
  55 |   expect(dur.days).toBe(3);
  56 |   expect(dur.hours).toBe(4);"
/home/gabriel/Disk/Research/research-javascript-test-smells/repositories/luxon/test/duration/create.test.js,Magic Number,"{'line': 54, 'column': 26, 'index': 1239}","  52 |   });
  53 |   expect(dur.years).toBe(1);
> 54 |   expect(dur.months).toBe(2);
     |                          ^ Magic Number
  55 |   expect(dur.days).toBe(3);
  56 |   expect(dur.hours).toBe(4);
  57 |   expect(dur.minutes).toBe(5);"
/home/gabriel/Disk/Research/research-javascript-test-smells/repositories/luxon/test/duration/create.test.js,Magic Number,"{'line': 55, 'column': 24, 'index': 1267}","  53 |   expect(dur.years).toBe(1);
  54 |   expect(dur.months).toBe(2);
> 55 |   expect(dur.days).toBe(3);
     |                        ^ Magic Number
  56 |   expect(dur.hours).toBe(4);
  57 |   expect(dur.minutes).toBe(5);
  58 |   expect(dur.seconds).toBe(6);"
/home/gabriel/Disk/Research/research-javascript-test-smells/repositories/luxon/test/duration/create.test.js,Magic Number,"{'line': 56, 'column': 25, 'index': 1296}","  54 |   expect(dur.months).toBe(2);
  55 |   expect(dur.days).toBe(3);
> 56 |   expect(dur.hours).toBe(4);
     |                         ^ Magic Number
  57 |   expect(dur.minutes).toBe(5);
  58 |   expect(dur.seconds).toBe(6);
  59 |   expect(dur.milliseconds).toBe(7);"
/home/gabriel/Disk/Research/research-javascript-test-smells/repositories/luxon/test/duration/create.test.js,Magic Number,"{'line': 57, 'column': 27, 'index': 1327}","  55 |   expect(dur.days).toBe(3);
  56 |   expect(dur.hours).toBe(4);
> 57 |   expect(dur.minutes).toBe(5);
     |                           ^ Magic Number
  58 |   expect(dur.seconds).toBe(6);
  59 |   expect(dur.milliseconds).toBe(7);
  60 | });"
/home/gabriel/Disk/Research/research-javascript-test-smells/repositories/luxon/test/duration/create.test.js,Magic Number,"{'line': 58, 'column': 27, 'index': 1358}","  56 |   expect(dur.hours).toBe(4);
  57 |   expect(dur.minutes).toBe(5);
> 58 |   expect(dur.seconds).toBe(6);
     |                           ^ Magic Number
  59 |   expect(dur.milliseconds).toBe(7);
  60 | });
  61 |"
/home/gabriel/Disk/Research/research-javascript-test-smells/repositories/luxon/test/duration/create.test.js,Magic Number,"{'line': 59, 'column': 32, 'index': 1394}","  57 |   expect(dur.minutes).toBe(5);
  58 |   expect(dur.seconds).toBe(6);
> 59 |   expect(dur.milliseconds).toBe(7);
     |                                ^ Magic Number
  60 | });
  61 |
  62 | test(""Duration.fromObject accepts a conversionAccuracy"", () => {"
/home/gabriel/Disk/Research/research-javascript-test-smells/repositories/luxon/test/duration/create.test.js,Magic Number,"{'line': 75, 'column': 25, 'index': 1974}","  73 | test(""Duration.fromObject({}) constructs zero duration"", () => {
  74 |   const dur = Duration.fromObject({});
> 75 |   expect(dur.years).toBe(0);
     |                         ^ Magic Number
  76 |   expect(dur.months).toBe(0);
  77 |   expect(dur.days).toBe(0);
  78 |   expect(dur.hours).toBe(0);"
/home/gabriel/Disk/Research/research-javascript-test-smells/repositories/luxon/test/duration/create.test.js,Magic Number,"{'line': 76, 'column': 26, 'index': 2004}","  74 |   const dur = Duration.fromObject({});
  75 |   expect(dur.years).toBe(0);
> 76 |   expect(dur.months).toBe(0);
     |                          ^ Magic Number
  77 |   expect(dur.days).toBe(0);
  78 |   expect(dur.hours).toBe(0);
  79 |   expect(dur.minutes).toBe(0);"
/home/gabriel/Disk/Research/research-javascript-test-smells/repositories/luxon/test/duration/create.test.js,Magic Number,"{'line': 77, 'column': 24, 'index': 2032}","  75 |   expect(dur.years).toBe(0);
  76 |   expect(dur.months).toBe(0);
> 77 |   expect(dur.days).toBe(0);
     |                        ^ Magic Number
  78 |   expect(dur.hours).toBe(0);
  79 |   expect(dur.minutes).toBe(0);
  80 |   expect(dur.seconds).toBe(0);"
/home/gabriel/Disk/Research/research-javascript-test-smells/repositories/luxon/test/duration/create.test.js,Magic Number,"{'line': 78, 'column': 25, 'index': 2061}","  76 |   expect(dur.months).toBe(0);
  77 |   expect(dur.days).toBe(0);
> 78 |   expect(dur.hours).toBe(0);
     |                         ^ Magic Number
  79 |   expect(dur.minutes).toBe(0);
  80 |   expect(dur.seconds).toBe(0);
  81 |   expect(dur.milliseconds).toBe(0);"
/home/gabriel/Disk/Research/research-javascript-test-smells/repositories/luxon/test/duration/create.test.js,Magic Number,"{'line': 79, 'column': 27, 'index': 2092}","  77 |   expect(dur.days).toBe(0);
  78 |   expect(dur.hours).toBe(0);
> 79 |   expect(dur.minutes).toBe(0);
     |                           ^ Magic Number
  80 |   expect(dur.seconds).toBe(0);
  81 |   expect(dur.milliseconds).toBe(0);
  82 | });"
/home/gabriel/Disk/Research/research-javascript-test-smells/repositories/luxon/test/duration/create.test.js,Magic Number,"{'line': 80, 'column': 27, 'index': 2123}","  78 |   expect(dur.hours).toBe(0);
  79 |   expect(dur.minutes).toBe(0);
> 80 |   expect(dur.seconds).toBe(0);
     |                           ^ Magic Number
  81 |   expect(dur.milliseconds).toBe(0);
  82 | });
  83 |"
/home/gabriel/Disk/Research/research-javascript-test-smells/repositories/luxon/test/duration/create.test.js,Magic Number,"{'line': 81, 'column': 32, 'index': 2159}","  79 |   expect(dur.minutes).toBe(0);
  80 |   expect(dur.seconds).toBe(0);
> 81 |   expect(dur.milliseconds).toBe(0);
     |                                ^ Magic Number
  82 | });
  83 |
  84 | test(""Duration.fromObject throws if the initial object has invalid keys"", () => {"
/home/gabriel/Disk/Research/research-javascript-test-smells/repositories/luxon/test/duration/create.test.js,Magic Number,"{'line': 100, 'column': 25, 'index': 3029}","   98 | test(""Duration.fromObject is valid if providing options only"", () => {
   99 |   const dur = Duration.fromObject({}, { conversionAccuracy: ""longterm"" });
> 100 |   expect(dur.years).toBe(0);
      |                         ^ Magic Number
  101 |   expect(dur.months).toBe(0);
  102 |   expect(dur.days).toBe(0);
  103 |   expect(dur.hours).toBe(0);"
/home/gabriel/Disk/Research/research-javascript-test-smells/repositories/luxon/test/duration/create.test.js,Magic Number,"{'line': 101, 'column': 26, 'index': 3059}","   99 |   const dur = Duration.fromObject({}, { conversionAccuracy: ""longterm"" });
  100 |   expect(dur.years).toBe(0);
> 101 |   expect(dur.months).toBe(0);
      |                          ^ Magic Number
  102 |   expect(dur.days).toBe(0);
  103 |   expect(dur.hours).toBe(0);
  104 |   expect(dur.minutes).toBe(0);"
/home/gabriel/Disk/Research/research-javascript-test-smells/repositories/luxon/test/duration/create.test.js,Magic Number,"{'line': 102, 'column': 24, 'index': 3087}","  100 |   expect(dur.years).toBe(0);
  101 |   expect(dur.months).toBe(0);
> 102 |   expect(dur.days).toBe(0);
      |                        ^ Magic Number
  103 |   expect(dur.hours).toBe(0);
  104 |   expect(dur.minutes).toBe(0);
  105 |   expect(dur.seconds).toBe(0);"
/home/gabriel/Disk/Research/research-javascript-test-smells/repositories/luxon/test/duration/create.test.js,Magic Number,"{'line': 103, 'column': 25, 'index': 3116}","  101 |   expect(dur.months).toBe(0);
  102 |   expect(dur.days).toBe(0);
> 103 |   expect(dur.hours).toBe(0);
      |                         ^ Magic Number
  104 |   expect(dur.minutes).toBe(0);
  105 |   expect(dur.seconds).toBe(0);
  106 |   expect(dur.milliseconds).toBe(0);"
/home/gabriel/Disk/Research/research-javascript-test-smells/repositories/luxon/test/duration/create.test.js,Magic Number,"{'line': 104, 'column': 27, 'index': 3147}","  102 |   expect(dur.days).toBe(0);
  103 |   expect(dur.hours).toBe(0);
> 104 |   expect(dur.minutes).toBe(0);
      |                           ^ Magic Number
  105 |   expect(dur.seconds).toBe(0);
  106 |   expect(dur.milliseconds).toBe(0);
  107 |   expect(dur.isValid).toBe(true);"
/home/gabriel/Disk/Research/research-javascript-test-smells/repositories/luxon/test/duration/create.test.js,Magic Number,"{'line': 105, 'column': 27, 'index': 3178}","  103 |   expect(dur.hours).toBe(0);
  104 |   expect(dur.minutes).toBe(0);
> 105 |   expect(dur.seconds).toBe(0);
      |                           ^ Magic Number
  106 |   expect(dur.milliseconds).toBe(0);
  107 |   expect(dur.isValid).toBe(true);
  108 | });"
/home/gabriel/Disk/Research/research-javascript-test-smells/repositories/luxon/test/duration/create.test.js,Magic Number,"{'line': 106, 'column': 32, 'index': 3214}","  104 |   expect(dur.minutes).toBe(0);
  105 |   expect(dur.seconds).toBe(0);
> 106 |   expect(dur.milliseconds).toBe(0);
      |                                ^ Magic Number
  107 |   expect(dur.isValid).toBe(true);
  108 | });
  109 |"
/home/gabriel/Disk/Research/research-javascript-test-smells/repositories/luxon/test/datetime/regexParse.test.js,Duplicate Assert,"{'line': 51, 'column': 2, 'index': 1206}","  49 | test(""DateTime.fromISO() optionally adopts the UTC offset provided"", () => {
  50 |   let dt = DateTime.fromISO(""2016-05-25T09:08:34.123+06:00"", { setZone: true });
> 51 |   expect(dt.zone.name).toBe(""UTC+6"");
     |  ^ Duplicate Assert
  52 |   expect(dt.toObject()).toEqual({
  53 |     year: 2016,
  54 |     month: 5,"
/home/gabriel/Disk/Research/research-javascript-test-smells/repositories/luxon/test/datetime/regexParse.test.js,Duplicate Assert,"{'line': 52, 'column': 2, 'index': 1244}","  50 |   let dt = DateTime.fromISO(""2016-05-25T09:08:34.123+06:00"", { setZone: true });
  51 |   expect(dt.zone.name).toBe(""UTC+6"");
> 52 |   expect(dt.toObject()).toEqual({
     |  ^ Duplicate Assert
  53 |     year: 2016,
  54 |     month: 5,
  55 |     day: 25,"
/home/gabriel/Disk/Research/research-javascript-test-smells/repositories/luxon/test/datetime/regexParse.test.js,Duplicate Assert,"{'line': 52, 'column': 2, 'index': 1244}","  50 |   let dt = DateTime.fromISO(""2016-05-25T09:08:34.123+06:00"", { setZone: true });
  51 |   expect(dt.zone.name).toBe(""UTC+6"");
> 52 |   expect(dt.toObject()).toEqual({
     |  ^ Duplicate Assert
  53 |     year: 2016,
  54 |     month: 5,
  55 |     day: 25,"
/home/gabriel/Disk/Research/research-javascript-test-smells/repositories/luxon/test/datetime/regexParse.test.js,Duplicate Assert,"{'line': 63, 'column': 2, 'index': 1459}","  61 |
  62 |   dt = DateTime.fromISO(""1983-10-14T13:30Z"", { setZone: true });
> 63 |   expect(dt.zone.name).toBe(""UTC"");
     |  ^ Duplicate Assert
  64 |   expect(dt.offset).toBe(0);
  65 |   expect(dt.toObject()).toEqual({
  66 |     year: 1983,"
/home/gabriel/Disk/Research/research-javascript-test-smells/repositories/luxon/test/datetime/regexParse.test.js,Duplicate Assert,"{'line': 63, 'column': 2, 'index': 1459}","  61 |
  62 |   dt = DateTime.fromISO(""1983-10-14T13:30Z"", { setZone: true });
> 63 |   expect(dt.zone.name).toBe(""UTC"");
     |  ^ Duplicate Assert
  64 |   expect(dt.offset).toBe(0);
  65 |   expect(dt.toObject()).toEqual({
  66 |     year: 1983,"
/home/gabriel/Disk/Research/research-javascript-test-smells/repositories/luxon/test/datetime/regexParse.test.js,Duplicate Assert,"{'line': 64, 'column': 2, 'index': 1495}","  62 |   dt = DateTime.fromISO(""1983-10-14T13:30Z"", { setZone: true });
  63 |   expect(dt.zone.name).toBe(""UTC"");
> 64 |   expect(dt.offset).toBe(0);
     |  ^ Duplicate Assert
  65 |   expect(dt.toObject()).toEqual({
  66 |     year: 1983,
  67 |     month: 10,"
/home/gabriel/Disk/Research/research-javascript-test-smells/repositories/luxon/test/datetime/regexParse.test.js,Duplicate Assert,"{'line': 64, 'column': 2, 'index': 1495}","  62 |   dt = DateTime.fromISO(""1983-10-14T13:30Z"", { setZone: true });
  63 |   expect(dt.zone.name).toBe(""UTC"");
> 64 |   expect(dt.offset).toBe(0);
     |  ^ Duplicate Assert
  65 |   expect(dt.toObject()).toEqual({
  66 |     year: 1983,
  67 |     month: 10,"
/home/gabriel/Disk/Research/research-javascript-test-smells/repositories/luxon/test/datetime/regexParse.test.js,Duplicate Assert,"{'line': 65, 'column': 2, 'index': 1524}","  63 |   expect(dt.zone.name).toBe(""UTC"");
  64 |   expect(dt.offset).toBe(0);
> 65 |   expect(dt.toObject()).toEqual({
     |  ^ Duplicate Assert
  66 |     year: 1983,
  67 |     month: 10,
  68 |     day: 14,"
/home/gabriel/Disk/Research/research-javascript-test-smells/repositories/luxon/test/datetime/regexParse.test.js,Duplicate Assert,"{'line': 65, 'column': 2, 'index': 1524}","  63 |   expect(dt.zone.name).toBe(""UTC"");
  64 |   expect(dt.offset).toBe(0);
> 65 |   expect(dt.toObject()).toEqual({
     |  ^ Duplicate Assert
  66 |     year: 1983,
  67 |     month: 10,
  68 |     day: 14,"
/home/gabriel/Disk/Research/research-javascript-test-smells/repositories/luxon/test/datetime/regexParse.test.js,Duplicate Assert,"{'line': 77, 'column': 2, 'index': 1764}","  75 |   // #1610 - lowercase z
  76 |   dt = DateTime.fromISO(""1983-10-14T13:30z"", { setZone: true });
> 77 |   expect(dt.zone.name).toBe(""UTC"");
     |  ^ Duplicate Assert
  78 |   expect(dt.offset).toBe(0);
  79 |   expect(dt.toObject()).toEqual({
  80 |     year: 1983,"
/home/gabriel/Disk/Research/research-javascript-test-smells/repositories/luxon/test/datetime/regexParse.test.js,Duplicate Assert,"{'line': 77, 'column': 2, 'index': 1764}","  75 |   // #1610 - lowercase z
  76 |   dt = DateTime.fromISO(""1983-10-14T13:30z"", { setZone: true });
> 77 |   expect(dt.zone.name).toBe(""UTC"");
     |  ^ Duplicate Assert
  78 |   expect(dt.offset).toBe(0);
  79 |   expect(dt.toObject()).toEqual({
  80 |     year: 1983,"
/home/gabriel/Disk/Research/research-javascript-test-smells/repositories/luxon/test/datetime/regexParse.test.js,Duplicate Assert,"{'line': 78, 'column': 2, 'index': 1800}","  76 |   dt = DateTime.fromISO(""1983-10-14T13:30z"", { setZone: true });
  77 |   expect(dt.zone.name).toBe(""UTC"");
> 78 |   expect(dt.offset).toBe(0);
     |  ^ Duplicate Assert
  79 |   expect(dt.toObject()).toEqual({
  80 |     year: 1983,
  81 |     month: 10,"
/home/gabriel/Disk/Research/research-javascript-test-smells/repositories/luxon/test/datetime/regexParse.test.js,Duplicate Assert,"{'line': 78, 'column': 2, 'index': 1800}","  76 |   dt = DateTime.fromISO(""1983-10-14T13:30z"", { setZone: true });
  77 |   expect(dt.zone.name).toBe(""UTC"");
> 78 |   expect(dt.offset).toBe(0);
     |  ^ Duplicate Assert
  79 |   expect(dt.toObject()).toEqual({
  80 |     year: 1983,
  81 |     month: 10,"
/home/gabriel/Disk/Research/research-javascript-test-smells/repositories/luxon/test/datetime/regexParse.test.js,Duplicate Assert,"{'line': 79, 'column': 2, 'index': 1829}","  77 |   expect(dt.zone.name).toBe(""UTC"");
  78 |   expect(dt.offset).toBe(0);
> 79 |   expect(dt.toObject()).toEqual({
     |  ^ Duplicate Assert
  80 |     year: 1983,
  81 |     month: 10,
  82 |     day: 14,"
/home/gabriel/Disk/Research/research-javascript-test-smells/repositories/luxon/test/datetime/regexParse.test.js,Duplicate Assert,"{'line': 79, 'column': 2, 'index': 1829}","  77 |   expect(dt.zone.name).toBe(""UTC"");
  78 |   expect(dt.offset).toBe(0);
> 79 |   expect(dt.toObject()).toEqual({
     |  ^ Duplicate Assert
  80 |     year: 1983,
  81 |     month: 10,
  82 |     day: 14,"
/home/gabriel/Disk/Research/research-javascript-test-smells/repositories/luxon/test/datetime/regexParse.test.js,Duplicate Assert,"{'line': 91, 'column': 2, 'index': 2066}","  89 |   // #580
  90 |   dt = DateTime.fromISO(""2016-05-25T09:08:34.123-00:30"", { setZone: true });
> 91 |   expect(dt.zone.name).toBe(""UTC-0:30"");
     |  ^ Duplicate Assert
  92 |   expect(dt.toObject()).toEqual({
  93 |     year: 2016,
  94 |     month: 5,"
/home/gabriel/Disk/Research/research-javascript-test-smells/repositories/luxon/test/datetime/regexParse.test.js,Duplicate Assert,"{'line': 92, 'column': 2, 'index': 2107}","  90 |   dt = DateTime.fromISO(""2016-05-25T09:08:34.123-00:30"", { setZone: true });
  91 |   expect(dt.zone.name).toBe(""UTC-0:30"");
> 92 |   expect(dt.toObject()).toEqual({
     |  ^ Duplicate Assert
  93 |     year: 2016,
  94 |     month: 5,
  95 |     day: 25,"
/home/gabriel/Disk/Research/research-javascript-test-smells/repositories/luxon/test/datetime/regexParse.test.js,Duplicate Assert,"{'line': 92, 'column': 2, 'index': 2107}","  90 |   dt = DateTime.fromISO(""2016-05-25T09:08:34.123-00:30"", { setZone: true });
  91 |   expect(dt.zone.name).toBe(""UTC-0:30"");
> 92 |   expect(dt.toObject()).toEqual({
     |  ^ Duplicate Assert
  93 |     year: 2016,
  94 |     month: 5,
  95 |     day: 25,"
/home/gabriel/Disk/Research/research-javascript-test-smells/repositories/luxon/test/datetime/regexParse.test.js,Duplicate Assert,"{'line': 105, 'column': 2, 'index': 2399}","  103 | test(""DateTime.fromISO() can optionally specify a zone"", () => {
  104 |   let dt = DateTime.fromISO(""2016-05-25T09:08:34.123"", { zone: ""utc"" });
> 105 |   expect(dt.offset).toEqual(0);
      |  ^ Duplicate Assert
  106 |   expect(dt.toObject()).toEqual({
  107 |     year: 2016,
  108 |     month: 5,"
/home/gabriel/Disk/Research/research-javascript-test-smells/repositories/luxon/test/datetime/regexParse.test.js,Duplicate Assert,"{'line': 105, 'column': 2, 'index': 2399}","  103 | test(""DateTime.fromISO() can optionally specify a zone"", () => {
  104 |   let dt = DateTime.fromISO(""2016-05-25T09:08:34.123"", { zone: ""utc"" });
> 105 |   expect(dt.offset).toEqual(0);
      |  ^ Duplicate Assert
  106 |   expect(dt.toObject()).toEqual({
  107 |     year: 2016,
  108 |     month: 5,"
/home/gabriel/Disk/Research/research-javascript-test-smells/repositories/luxon/test/datetime/regexParse.test.js,Duplicate Assert,"{'line': 106, 'column': 2, 'index': 2431}","  104 |   let dt = DateTime.fromISO(""2016-05-25T09:08:34.123"", { zone: ""utc"" });
  105 |   expect(dt.offset).toEqual(0);
> 106 |   expect(dt.toObject()).toEqual({
      |  ^ Duplicate Assert
  107 |     year: 2016,
  108 |     month: 5,
  109 |     day: 25,"
/home/gabriel/Disk/Research/research-javascript-test-smells/repositories/luxon/test/datetime/regexParse.test.js,Duplicate Assert,"{'line': 117, 'column': 2, 'index': 2656}","  115 |
  116 |   dt = DateTime.fromISO(""2016-05-25T09:08:34.123+06:00"", { zone: ""utc"" });
> 117 |   expect(dt.offset).toEqual(0);
      |  ^ Duplicate Assert
  118 |   expect(dt.toObject()).toEqual({
  119 |     year: 2016,
  120 |     month: 5,"
/home/gabriel/Disk/Research/research-javascript-test-smells/repositories/luxon/test/datetime/regexParse.test.js,Duplicate Assert,"{'line': 117, 'column': 2, 'index': 2656}","  115 |
  116 |   dt = DateTime.fromISO(""2016-05-25T09:08:34.123+06:00"", { zone: ""utc"" });
> 117 |   expect(dt.offset).toEqual(0);
      |  ^ Duplicate Assert
  118 |   expect(dt.toObject()).toEqual({
  119 |     year: 2016,
  120 |     month: 5,"
/home/gabriel/Disk/Research/research-javascript-test-smells/repositories/luxon/test/datetime/regexParse.test.js,Duplicate Assert,"{'line': 118, 'column': 2, 'index': 2688}","  116 |   dt = DateTime.fromISO(""2016-05-25T09:08:34.123+06:00"", { zone: ""utc"" });
  117 |   expect(dt.offset).toEqual(0);
> 118 |   expect(dt.toObject()).toEqual({
      |  ^ Duplicate Assert
  119 |     year: 2016,
  120 |     month: 5,
  121 |     day: 25,"
/home/gabriel/Disk/Research/research-javascript-test-smells/repositories/luxon/test/datetime/regexParse.test.js,Duplicate Assert,"{'line': 564, 'column': 2, 'index': 10651}","  562 |     setZone: true,
  563 |   });
> 564 |   expect(dt.isValid).toBe(true);
      |  ^ Duplicate Assert
  565 |   expect(dt.zoneName).toBe(""Europe/Paris"");
  566 |   expect(dt.toObject()).toEqual({
  567 |     year: 2016,"
/home/gabriel/Disk/Research/research-javascript-test-smells/repositories/luxon/test/datetime/regexParse.test.js,Duplicate Assert,"{'line': 564, 'column': 2, 'index': 10651}","  562 |     setZone: true,
  563 |   });
> 564 |   expect(dt.isValid).toBe(true);
      |  ^ Duplicate Assert
  565 |   expect(dt.zoneName).toBe(""Europe/Paris"");
  566 |   expect(dt.toObject()).toEqual({
  567 |     year: 2016,"
/home/gabriel/Disk/Research/research-javascript-test-smells/repositories/luxon/test/datetime/regexParse.test.js,Duplicate Assert,"{'line': 565, 'column': 2, 'index': 10684}","  563 |   });
  564 |   expect(dt.isValid).toBe(true);
> 565 |   expect(dt.zoneName).toBe(""Europe/Paris"");
      |  ^ Duplicate Assert
  566 |   expect(dt.toObject()).toEqual({
  567 |     year: 2016,
  568 |     month: 5,"
/home/gabriel/Disk/Research/research-javascript-test-smells/repositories/luxon/test/datetime/regexParse.test.js,Duplicate Assert,"{'line': 566, 'column': 2, 'index': 10728}","  564 |   expect(dt.isValid).toBe(true);
  565 |   expect(dt.zoneName).toBe(""Europe/Paris"");
> 566 |   expect(dt.toObject()).toEqual({
      |  ^ Duplicate Assert
  567 |     year: 2016,
  568 |     month: 5,
  569 |     day: 14,"
/home/gabriel/Disk/Research/research-javascript-test-smells/repositories/luxon/test/datetime/regexParse.test.js,Duplicate Assert,"{'line': 566, 'column': 2, 'index': 10728}","  564 |   expect(dt.isValid).toBe(true);
  565 |   expect(dt.zoneName).toBe(""Europe/Paris"");
> 566 |   expect(dt.toObject()).toEqual({
      |  ^ Duplicate Assert
  567 |     year: 2016,
  568 |     month: 5,
  569 |     day: 14,"
/home/gabriel/Disk/Research/research-javascript-test-smells/repositories/luxon/test/datetime/regexParse.test.js,Duplicate Assert,"{'line': 577, 'column': 2, 'index': 10950}","  575 |
  576 |   dt = DateTime.fromISO(""2016-05-14T10:23:54[UTC]"", { setZone: true });
> 577 |   expect(dt.isValid).toBe(true);
      |  ^ Duplicate Assert
  578 |   expect(dt.zoneName).toBe(""UTC"");
  579 |   expect(dt.offset).toBe(0);
  580 |   expect(dt.toObject()).toEqual({"
/home/gabriel/Disk/Research/research-javascript-test-smells/repositories/luxon/test/datetime/regexParse.test.js,Duplicate Assert,"{'line': 577, 'column': 2, 'index': 10950}","  575 |
  576 |   dt = DateTime.fromISO(""2016-05-14T10:23:54[UTC]"", { setZone: true });
> 577 |   expect(dt.isValid).toBe(true);
      |  ^ Duplicate Assert
  578 |   expect(dt.zoneName).toBe(""UTC"");
  579 |   expect(dt.offset).toBe(0);
  580 |   expect(dt.toObject()).toEqual({"
/home/gabriel/Disk/Research/research-javascript-test-smells/repositories/luxon/test/datetime/regexParse.test.js,Duplicate Assert,"{'line': 578, 'column': 2, 'index': 10983}","  576 |   dt = DateTime.fromISO(""2016-05-14T10:23:54[UTC]"", { setZone: true });
  577 |   expect(dt.isValid).toBe(true);
> 578 |   expect(dt.zoneName).toBe(""UTC"");
      |  ^ Duplicate Assert
  579 |   expect(dt.offset).toBe(0);
  580 |   expect(dt.toObject()).toEqual({
  581 |     year: 2016,"
/home/gabriel/Disk/Research/research-javascript-test-smells/repositories/luxon/test/datetime/regexParse.test.js,Duplicate Assert,"{'line': 579, 'column': 2, 'index': 11018}","  577 |   expect(dt.isValid).toBe(true);
  578 |   expect(dt.zoneName).toBe(""UTC"");
> 579 |   expect(dt.offset).toBe(0);
      |  ^ Duplicate Assert
  580 |   expect(dt.toObject()).toEqual({
  581 |     year: 2016,
  582 |     month: 5,"
/home/gabriel/Disk/Research/research-javascript-test-smells/repositories/luxon/test/datetime/regexParse.test.js,Duplicate Assert,"{'line': 579, 'column': 2, 'index': 11018}","  577 |   expect(dt.isValid).toBe(true);
  578 |   expect(dt.zoneName).toBe(""UTC"");
> 579 |   expect(dt.offset).toBe(0);
      |  ^ Duplicate Assert
  580 |   expect(dt.toObject()).toEqual({
  581 |     year: 2016,
  582 |     month: 5,"
/home/gabriel/Disk/Research/research-javascript-test-smells/repositories/luxon/test/datetime/regexParse.test.js,Duplicate Assert,"{'line': 580, 'column': 2, 'index': 11047}","  578 |   expect(dt.zoneName).toBe(""UTC"");
  579 |   expect(dt.offset).toBe(0);
> 580 |   expect(dt.toObject()).toEqual({
      |  ^ Duplicate Assert
  581 |     year: 2016,
  582 |     month: 5,
  583 |     day: 14,"
/home/gabriel/Disk/Research/research-javascript-test-smells/repositories/luxon/test/datetime/regexParse.test.js,Duplicate Assert,"{'line': 580, 'column': 2, 'index': 11047}","  578 |   expect(dt.zoneName).toBe(""UTC"");
  579 |   expect(dt.offset).toBe(0);
> 580 |   expect(dt.toObject()).toEqual({
      |  ^ Duplicate Assert
  581 |     year: 2016,
  582 |     month: 5,
  583 |     day: 14,"
/home/gabriel/Disk/Research/research-javascript-test-smells/repositories/luxon/test/datetime/regexParse.test.js,Duplicate Assert,"{'line': 591, 'column': 2, 'index': 11273}","  589 |
  590 |   dt = DateTime.fromISO(""2016-05-14T10:23:54[Etc/UTC]"", { setZone: true });
> 591 |   expect(dt.isValid).toBe(true);
      |  ^ Duplicate Assert
  592 |   expect(dt.zoneName).toBe(""Etc/UTC"");
  593 |   expect(dt.offset).toBe(0);
  594 |   expect(dt.toObject()).toEqual({"
/home/gabriel/Disk/Research/research-javascript-test-smells/repositories/luxon/test/datetime/regexParse.test.js,Duplicate Assert,"{'line': 591, 'column': 2, 'index': 11273}","  589 |
  590 |   dt = DateTime.fromISO(""2016-05-14T10:23:54[Etc/UTC]"", { setZone: true });
> 591 |   expect(dt.isValid).toBe(true);
      |  ^ Duplicate Assert
  592 |   expect(dt.zoneName).toBe(""Etc/UTC"");
  593 |   expect(dt.offset).toBe(0);
  594 |   expect(dt.toObject()).toEqual({"
/home/gabriel/Disk/Research/research-javascript-test-smells/repositories/luxon/test/datetime/regexParse.test.js,Duplicate Assert,"{'line': 592, 'column': 2, 'index': 11306}","  590 |   dt = DateTime.fromISO(""2016-05-14T10:23:54[Etc/UTC]"", { setZone: true });
  591 |   expect(dt.isValid).toBe(true);
> 592 |   expect(dt.zoneName).toBe(""Etc/UTC"");
      |  ^ Duplicate Assert
  593 |   expect(dt.offset).toBe(0);
  594 |   expect(dt.toObject()).toEqual({
  595 |     year: 2016,"
/home/gabriel/Disk/Research/research-javascript-test-smells/repositories/luxon/test/datetime/regexParse.test.js,Duplicate Assert,"{'line': 593, 'column': 2, 'index': 11345}","  591 |   expect(dt.isValid).toBe(true);
  592 |   expect(dt.zoneName).toBe(""Etc/UTC"");
> 593 |   expect(dt.offset).toBe(0);
      |  ^ Duplicate Assert
  594 |   expect(dt.toObject()).toEqual({
  595 |     year: 2016,
  596 |     month: 5,"
/home/gabriel/Disk/Research/research-javascript-test-smells/repositories/luxon/test/datetime/regexParse.test.js,Duplicate Assert,"{'line': 593, 'column': 2, 'index': 11345}","  591 |   expect(dt.isValid).toBe(true);
  592 |   expect(dt.zoneName).toBe(""Etc/UTC"");
> 593 |   expect(dt.offset).toBe(0);
      |  ^ Duplicate Assert
  594 |   expect(dt.toObject()).toEqual({
  595 |     year: 2016,
  596 |     month: 5,"
/home/gabriel/Disk/Research/research-javascript-test-smells/repositories/luxon/test/datetime/regexParse.test.js,Duplicate Assert,"{'line': 594, 'column': 2, 'index': 11374}","  592 |   expect(dt.zoneName).toBe(""Etc/UTC"");
  593 |   expect(dt.offset).toBe(0);
> 594 |   expect(dt.toObject()).toEqual({
      |  ^ Duplicate Assert
  595 |     year: 2016,
  596 |     month: 5,
  597 |     day: 14,"
/home/gabriel/Disk/Research/research-javascript-test-smells/repositories/luxon/test/datetime/regexParse.test.js,Duplicate Assert,"{'line': 594, 'column': 2, 'index': 11374}","  592 |   expect(dt.zoneName).toBe(""Etc/UTC"");
  593 |   expect(dt.offset).toBe(0);
> 594 |   expect(dt.toObject()).toEqual({
      |  ^ Duplicate Assert
  595 |     year: 2016,
  596 |     month: 5,
  597 |     day: 14,"
/home/gabriel/Disk/Research/research-javascript-test-smells/repositories/luxon/test/datetime/regexParse.test.js,Duplicate Assert,"{'line': 609, 'column': 2, 'index': 11696}","  607 |     setZone: true,
  608 |   });
> 609 |   expect(dt.isValid).toBe(true);
      |  ^ Duplicate Assert
  610 |   expect(dt.zoneName).toBe(""Europe/Paris"");
  611 |   expect(dt.toObject()).toEqual({
  612 |     year: 2016,"
/home/gabriel/Disk/Research/research-javascript-test-smells/repositories/luxon/test/datetime/regexParse.test.js,Duplicate Assert,"{'line': 609, 'column': 2, 'index': 11696}","  607 |     setZone: true,
  608 |   });
> 609 |   expect(dt.isValid).toBe(true);
      |  ^ Duplicate Assert
  610 |   expect(dt.zoneName).toBe(""Europe/Paris"");
  611 |   expect(dt.toObject()).toEqual({
  612 |     year: 2016,"
/home/gabriel/Disk/Research/research-javascript-test-smells/repositories/luxon/test/datetime/regexParse.test.js,Duplicate Assert,"{'line': 610, 'column': 2, 'index': 11729}","  608 |   });
  609 |   expect(dt.isValid).toBe(true);
> 610 |   expect(dt.zoneName).toBe(""Europe/Paris"");
      |  ^ Duplicate Assert
  611 |   expect(dt.toObject()).toEqual({
  612 |     year: 2016,
  613 |     month: 5,"
/home/gabriel/Disk/Research/research-javascript-test-smells/repositories/luxon/test/datetime/regexParse.test.js,Duplicate Assert,"{'line': 611, 'column': 2, 'index': 11773}","  609 |   expect(dt.isValid).toBe(true);
  610 |   expect(dt.zoneName).toBe(""Europe/Paris"");
> 611 |   expect(dt.toObject()).toEqual({
      |  ^ Duplicate Assert
  612 |     year: 2016,
  613 |     month: 5,
  614 |     day: 14,"
/home/gabriel/Disk/Research/research-javascript-test-smells/repositories/luxon/test/datetime/regexParse.test.js,Duplicate Assert,"{'line': 611, 'column': 2, 'index': 11773}","  609 |   expect(dt.isValid).toBe(true);
  610 |   expect(dt.zoneName).toBe(""Europe/Paris"");
> 611 |   expect(dt.toObject()).toEqual({
      |  ^ Duplicate Assert
  612 |     year: 2016,
  613 |     month: 5,
  614 |     day: 14,"
/home/gabriel/Disk/Research/research-javascript-test-smells/repositories/luxon/test/datetime/regexParse.test.js,Duplicate Assert,"{'line': 622, 'column': 2, 'index': 12005}","  620 |
  621 |   dt = DateTime.fromISO(""2016-05-14T10:23:54+00:00[Etc/UTC]"", { setZone: true });
> 622 |   expect(dt.isValid).toBe(true);
      |  ^ Duplicate Assert
  623 |   expect(dt.zoneName).toBe(""Etc/UTC"");
  624 |   expect(dt.offset).toBe(0);
  625 |   expect(dt.toObject()).toEqual({"
/home/gabriel/Disk/Research/research-javascript-test-smells/repositories/luxon/test/datetime/regexParse.test.js,Duplicate Assert,"{'line': 622, 'column': 2, 'index': 12005}","  620 |
  621 |   dt = DateTime.fromISO(""2016-05-14T10:23:54+00:00[Etc/UTC]"", { setZone: true });
> 622 |   expect(dt.isValid).toBe(true);
      |  ^ Duplicate Assert
  623 |   expect(dt.zoneName).toBe(""Etc/UTC"");
  624 |   expect(dt.offset).toBe(0);
  625 |   expect(dt.toObject()).toEqual({"
/home/gabriel/Disk/Research/research-javascript-test-smells/repositories/luxon/test/datetime/regexParse.test.js,Duplicate Assert,"{'line': 623, 'column': 2, 'index': 12038}","  621 |   dt = DateTime.fromISO(""2016-05-14T10:23:54+00:00[Etc/UTC]"", { setZone: true });
  622 |   expect(dt.isValid).toBe(true);
> 623 |   expect(dt.zoneName).toBe(""Etc/UTC"");
      |  ^ Duplicate Assert
  624 |   expect(dt.offset).toBe(0);
  625 |   expect(dt.toObject()).toEqual({
  626 |     year: 2016,"
/home/gabriel/Disk/Research/research-javascript-test-smells/repositories/luxon/test/datetime/regexParse.test.js,Duplicate Assert,"{'line': 625, 'column': 2, 'index': 12106}","  623 |   expect(dt.zoneName).toBe(""Etc/UTC"");
  624 |   expect(dt.offset).toBe(0);
> 625 |   expect(dt.toObject()).toEqual({
      |  ^ Duplicate Assert
  626 |     year: 2016,
  627 |     month: 5,
  628 |     day: 14,"
/home/gabriel/Disk/Research/research-javascript-test-smells/repositories/luxon/test/datetime/regexParse.test.js,Duplicate Assert,"{'line': 625, 'column': 2, 'index': 12106}","  623 |   expect(dt.zoneName).toBe(""Etc/UTC"");
  624 |   expect(dt.offset).toBe(0);
> 625 |   expect(dt.toObject()).toEqual({
      |  ^ Duplicate Assert
  626 |     year: 2016,
  627 |     month: 5,
  628 |     day: 14,"
/home/gabriel/Disk/Research/research-javascript-test-smells/repositories/luxon/test/datetime/regexParse.test.js,Duplicate Assert,"{'line': 955, 'column': 2, 'index': 20118}","  953 | test(""DateTime.fromSQL() can parse SQL datetimes with sub-millisecond precision"", () => {
  954 |   let dt = DateTime.fromSQL(""2016-05-14 10:23:54.2346"");
> 955 |   expect(dt.isValid).toBe(true);
      |  ^ Duplicate Assert
  956 |   expect(dt.toObject()).toEqual({
  957 |     year: 2016,
  958 |     month: 5,"
/home/gabriel/Disk/Research/research-javascript-test-smells/repositories/luxon/test/datetime/regexParse.test.js,Duplicate Assert,"{'line': 955, 'column': 2, 'index': 20118}","  953 | test(""DateTime.fromSQL() can parse SQL datetimes with sub-millisecond precision"", () => {
  954 |   let dt = DateTime.fromSQL(""2016-05-14 10:23:54.2346"");
> 955 |   expect(dt.isValid).toBe(true);
      |  ^ Duplicate Assert
  956 |   expect(dt.toObject()).toEqual({
  957 |     year: 2016,
  958 |     month: 5,"
/home/gabriel/Disk/Research/research-javascript-test-smells/repositories/luxon/test/datetime/regexParse.test.js,Duplicate Assert,"{'line': 956, 'column': 2, 'index': 20151}","  954 |   let dt = DateTime.fromSQL(""2016-05-14 10:23:54.2346"");
  955 |   expect(dt.isValid).toBe(true);
> 956 |   expect(dt.toObject()).toEqual({
      |  ^ Duplicate Assert
  957 |     year: 2016,
  958 |     month: 5,
  959 |     day: 14,"
/home/gabriel/Disk/Research/research-javascript-test-smells/repositories/luxon/test/datetime/regexParse.test.js,Duplicate Assert,"{'line': 956, 'column': 2, 'index': 20151}","  954 |   let dt = DateTime.fromSQL(""2016-05-14 10:23:54.2346"");
  955 |   expect(dt.isValid).toBe(true);
> 956 |   expect(dt.toObject()).toEqual({
      |  ^ Duplicate Assert
  957 |     year: 2016,
  958 |     month: 5,
  959 |     day: 14,"
/home/gabriel/Disk/Research/research-javascript-test-smells/repositories/luxon/test/datetime/regexParse.test.js,Duplicate Assert,"{'line': 967, 'column': 2, 'index': 20356}","  965 |
  966 |   dt = DateTime.fromSQL(""2016-05-14 10:23:54.2341"");
> 967 |   expect(dt.isValid).toBe(true);
      |  ^ Duplicate Assert
  968 |   expect(dt.toObject()).toEqual({
  969 |     year: 2016,
  970 |     month: 5,"
/home/gabriel/Disk/Research/research-javascript-test-smells/repositories/luxon/test/datetime/regexParse.test.js,Duplicate Assert,"{'line': 967, 'column': 2, 'index': 20356}","  965 |
  966 |   dt = DateTime.fromSQL(""2016-05-14 10:23:54.2341"");
> 967 |   expect(dt.isValid).toBe(true);
      |  ^ Duplicate Assert
  968 |   expect(dt.toObject()).toEqual({
  969 |     year: 2016,
  970 |     month: 5,"
/home/gabriel/Disk/Research/research-javascript-test-smells/repositories/luxon/test/datetime/regexParse.test.js,Duplicate Assert,"{'line': 968, 'column': 2, 'index': 20389}","  966 |   dt = DateTime.fromSQL(""2016-05-14 10:23:54.2341"");
  967 |   expect(dt.isValid).toBe(true);
> 968 |   expect(dt.toObject()).toEqual({
      |  ^ Duplicate Assert
  969 |     year: 2016,
  970 |     month: 5,
  971 |     day: 14,"
/home/gabriel/Disk/Research/research-javascript-test-smells/repositories/luxon/test/datetime/regexParse.test.js,Duplicate Assert,"{'line': 968, 'column': 2, 'index': 20389}","  966 |   dt = DateTime.fromSQL(""2016-05-14 10:23:54.2341"");
  967 |   expect(dt.isValid).toBe(true);
> 968 |   expect(dt.toObject()).toEqual({
      |  ^ Duplicate Assert
  969 |     year: 2016,
  970 |     month: 5,
  971 |     day: 14,"
/home/gabriel/Disk/Research/research-javascript-test-smells/repositories/luxon/test/datetime/regexParse.test.js,Duplicate Assert,"{'line': 1024, 'column': 2, 'index': 21666}","  1022 | test(""DateTime.fromSQL() can parse an optional offset"", () => {
  1023 |   let dt = DateTime.fromSQL(""2016-05-14 10:23:54.023 +06:00"");
> 1024 |   expect(dt.isValid).toBe(true);
       |  ^ Duplicate Assert
  1025 |   expect(dt.toUTC().toObject()).toEqual({
  1026 |     year: 2016,
  1027 |     month: 5,"
/home/gabriel/Disk/Research/research-javascript-test-smells/repositories/luxon/test/datetime/regexParse.test.js,Duplicate Assert,"{'line': 1024, 'column': 2, 'index': 21666}","  1022 | test(""DateTime.fromSQL() can parse an optional offset"", () => {
  1023 |   let dt = DateTime.fromSQL(""2016-05-14 10:23:54.023 +06:00"");
> 1024 |   expect(dt.isValid).toBe(true);
       |  ^ Duplicate Assert
  1025 |   expect(dt.toUTC().toObject()).toEqual({
  1026 |     year: 2016,
  1027 |     month: 5,"
/home/gabriel/Disk/Research/research-javascript-test-smells/repositories/luxon/test/datetime/regexParse.test.js,Duplicate Assert,"{'line': 1025, 'column': 2, 'index': 21699}","  1023 |   let dt = DateTime.fromSQL(""2016-05-14 10:23:54.023 +06:00"");
  1024 |   expect(dt.isValid).toBe(true);
> 1025 |   expect(dt.toUTC().toObject()).toEqual({
       |  ^ Duplicate Assert
  1026 |     year: 2016,
  1027 |     month: 5,
  1028 |     day: 14,"
/home/gabriel/Disk/Research/research-javascript-test-smells/repositories/luxon/test/datetime/regexParse.test.js,Duplicate Assert,"{'line': 1025, 'column': 2, 'index': 21699}","  1023 |   let dt = DateTime.fromSQL(""2016-05-14 10:23:54.023 +06:00"");
  1024 |   expect(dt.isValid).toBe(true);
> 1025 |   expect(dt.toUTC().toObject()).toEqual({
       |  ^ Duplicate Assert
  1026 |     year: 2016,
  1027 |     month: 5,
  1028 |     day: 14,"
/home/gabriel/Disk/Research/research-javascript-test-smells/repositories/luxon/test/datetime/regexParse.test.js,Duplicate Assert,"{'line': 1037, 'column': 2, 'index': 21945}","  1035 |   // no space before the zone
  1036 |   dt = DateTime.fromSQL(""2016-05-14 10:23:54.023+06:00"");
> 1037 |   expect(dt.isValid).toBe(true);
       |  ^ Duplicate Assert
  1038 |   expect(dt.toUTC().toObject()).toEqual({
  1039 |     year: 2016,
  1040 |     month: 5,"
/home/gabriel/Disk/Research/research-javascript-test-smells/repositories/luxon/test/datetime/regexParse.test.js,Duplicate Assert,"{'line': 1037, 'column': 2, 'index': 21945}","  1035 |   // no space before the zone
  1036 |   dt = DateTime.fromSQL(""2016-05-14 10:23:54.023+06:00"");
> 1037 |   expect(dt.isValid).toBe(true);
       |  ^ Duplicate Assert
  1038 |   expect(dt.toUTC().toObject()).toEqual({
  1039 |     year: 2016,
  1040 |     month: 5,"
/home/gabriel/Disk/Research/research-javascript-test-smells/repositories/luxon/test/datetime/regexParse.test.js,Duplicate Assert,"{'line': 1038, 'column': 2, 'index': 21978}","  1036 |   dt = DateTime.fromSQL(""2016-05-14 10:23:54.023+06:00"");
  1037 |   expect(dt.isValid).toBe(true);
> 1038 |   expect(dt.toUTC().toObject()).toEqual({
       |  ^ Duplicate Assert
  1039 |     year: 2016,
  1040 |     month: 5,
  1041 |     day: 14,"
/home/gabriel/Disk/Research/research-javascript-test-smells/repositories/luxon/test/datetime/regexParse.test.js,Duplicate Assert,"{'line': 1038, 'column': 2, 'index': 21978}","  1036 |   dt = DateTime.fromSQL(""2016-05-14 10:23:54.023+06:00"");
  1037 |   expect(dt.isValid).toBe(true);
> 1038 |   expect(dt.toUTC().toObject()).toEqual({
       |  ^ Duplicate Assert
  1039 |     year: 2016,
  1040 |     month: 5,
  1041 |     day: 14,"
/home/gabriel/Disk/Research/research-javascript-test-smells/repositories/luxon/test/datetime/regexParse.test.js,Duplicate Assert,"{'line': 1050, 'column': 2, 'index': 22212}","  1048 |   // no milliseconds
  1049 |   dt = DateTime.fromSQL(""2016-05-14 10:23:54 +06:00"");
> 1050 |   expect(dt.isValid).toBe(true);
       |  ^ Duplicate Assert
  1051 |   expect(dt.toUTC().toObject()).toEqual({
  1052 |     year: 2016,
  1053 |     month: 5,"
/home/gabriel/Disk/Research/research-javascript-test-smells/repositories/luxon/test/datetime/regexParse.test.js,Duplicate Assert,"{'line': 1050, 'column': 2, 'index': 22212}","  1048 |   // no milliseconds
  1049 |   dt = DateTime.fromSQL(""2016-05-14 10:23:54 +06:00"");
> 1050 |   expect(dt.isValid).toBe(true);
       |  ^ Duplicate Assert
  1051 |   expect(dt.toUTC().toObject()).toEqual({
  1052 |     year: 2016,
  1053 |     month: 5,"
/home/gabriel/Disk/Research/research-javascript-test-smells/repositories/luxon/test/datetime/regexParse.test.js,Duplicate Assert,"{'line': 1051, 'column': 2, 'index': 22245}","  1049 |   dt = DateTime.fromSQL(""2016-05-14 10:23:54 +06:00"");
  1050 |   expect(dt.isValid).toBe(true);
> 1051 |   expect(dt.toUTC().toObject()).toEqual({
       |  ^ Duplicate Assert
  1052 |     year: 2016,
  1053 |     month: 5,
  1054 |     day: 14,"
/home/gabriel/Disk/Research/research-javascript-test-smells/repositories/luxon/test/datetime/regexParse.test.js,Duplicate Assert,"{'line': 1066, 'column': 2, 'index': 22559}","  1064 |     setZone: true,
  1065 |   });
> 1066 |   expect(dt.isValid).toBe(true);
       |  ^ Duplicate Assert
  1067 |   expect(dt.zoneName).toBe(""Europe/Paris"");
  1068 |   expect(dt.toObject()).toEqual({
  1069 |     year: 2016,"
/home/gabriel/Disk/Research/research-javascript-test-smells/repositories/luxon/test/datetime/regexParse.test.js,Duplicate Assert,"{'line': 1066, 'column': 2, 'index': 22559}","  1064 |     setZone: true,
  1065 |   });
> 1066 |   expect(dt.isValid).toBe(true);
       |  ^ Duplicate Assert
  1067 |   expect(dt.zoneName).toBe(""Europe/Paris"");
  1068 |   expect(dt.toObject()).toEqual({
  1069 |     year: 2016,"
/home/gabriel/Disk/Research/research-javascript-test-smells/repositories/luxon/test/datetime/regexParse.test.js,Duplicate Assert,"{'line': 1067, 'column': 2, 'index': 22592}","  1065 |   });
  1066 |   expect(dt.isValid).toBe(true);
> 1067 |   expect(dt.zoneName).toBe(""Europe/Paris"");
       |  ^ Duplicate Assert
  1068 |   expect(dt.toObject()).toEqual({
  1069 |     year: 2016,
  1070 |     month: 5,"
/home/gabriel/Disk/Research/research-javascript-test-smells/repositories/luxon/test/datetime/regexParse.test.js,Duplicate Assert,"{'line': 1068, 'column': 2, 'index': 22636}","  1066 |   expect(dt.isValid).toBe(true);
  1067 |   expect(dt.zoneName).toBe(""Europe/Paris"");
> 1068 |   expect(dt.toObject()).toEqual({
       |  ^ Duplicate Assert
  1069 |     year: 2016,
  1070 |     month: 5,
  1071 |     day: 14,"
/home/gabriel/Disk/Research/research-javascript-test-smells/repositories/luxon/test/datetime/regexParse.test.js,Duplicate Assert,"{'line': 1068, 'column': 2, 'index': 22636}","  1066 |   expect(dt.isValid).toBe(true);
  1067 |   expect(dt.zoneName).toBe(""Europe/Paris"");
> 1068 |   expect(dt.toObject()).toEqual({
       |  ^ Duplicate Assert
  1069 |     year: 2016,
  1070 |     month: 5,
  1071 |     day: 14,"
/home/gabriel/Disk/Research/research-javascript-test-smells/repositories/luxon/test/datetime/regexParse.test.js,Duplicate Assert,"{'line': 1079, 'column': 2, 'index': 22857}","  1077 |
  1078 |   dt = DateTime.fromSQL(""2016-05-14 10:23:54 UTC"", { setZone: true });
> 1079 |   expect(dt.isValid).toBe(true);
       |  ^ Duplicate Assert
  1080 |   expect(dt.zoneName).toBe(""UTC"");
  1081 |   expect(dt.offset).toBe(0);
  1082 |   expect(dt.toObject()).toEqual({"
/home/gabriel/Disk/Research/research-javascript-test-smells/repositories/luxon/test/datetime/regexParse.test.js,Duplicate Assert,"{'line': 1079, 'column': 2, 'index': 22857}","  1077 |
  1078 |   dt = DateTime.fromSQL(""2016-05-14 10:23:54 UTC"", { setZone: true });
> 1079 |   expect(dt.isValid).toBe(true);
       |  ^ Duplicate Assert
  1080 |   expect(dt.zoneName).toBe(""UTC"");
  1081 |   expect(dt.offset).toBe(0);
  1082 |   expect(dt.toObject()).toEqual({"
/home/gabriel/Disk/Research/research-javascript-test-smells/repositories/luxon/test/datetime/regexParse.test.js,Duplicate Assert,"{'line': 1080, 'column': 2, 'index': 22890}","  1078 |   dt = DateTime.fromSQL(""2016-05-14 10:23:54 UTC"", { setZone: true });
  1079 |   expect(dt.isValid).toBe(true);
> 1080 |   expect(dt.zoneName).toBe(""UTC"");
       |  ^ Duplicate Assert
  1081 |   expect(dt.offset).toBe(0);
  1082 |   expect(dt.toObject()).toEqual({
  1083 |     year: 2016,"
/home/gabriel/Disk/Research/research-javascript-test-smells/repositories/luxon/test/datetime/regexParse.test.js,Duplicate Assert,"{'line': 1082, 'column': 2, 'index': 22954}","  1080 |   expect(dt.zoneName).toBe(""UTC"");
  1081 |   expect(dt.offset).toBe(0);
> 1082 |   expect(dt.toObject()).toEqual({
       |  ^ Duplicate Assert
  1083 |     year: 2016,
  1084 |     month: 5,
  1085 |     day: 14,"
/home/gabriel/Disk/Research/research-javascript-test-smells/repositories/luxon/test/datetime/regexParse.test.js,Duplicate Assert,"{'line': 1082, 'column': 2, 'index': 22954}","  1080 |   expect(dt.zoneName).toBe(""UTC"");
  1081 |   expect(dt.offset).toBe(0);
> 1082 |   expect(dt.toObject()).toEqual({
       |  ^ Duplicate Assert
  1083 |     year: 2016,
  1084 |     month: 5,
  1085 |     day: 14,"
/home/gabriel/Disk/Research/research-javascript-test-smells/repositories/luxon/test/datetime/regexParse.test.js,Magic Number,"{'line': 64, 'column': 25, 'index': 1518}","  62 |   dt = DateTime.fromISO(""1983-10-14T13:30Z"", { setZone: true });
  63 |   expect(dt.zone.name).toBe(""UTC"");
> 64 |   expect(dt.offset).toBe(0);
     |                         ^ Magic Number
  65 |   expect(dt.toObject()).toEqual({
  66 |     year: 1983,
  67 |     month: 10,"
/home/gabriel/Disk/Research/research-javascript-test-smells/repositories/luxon/test/datetime/regexParse.test.js,Magic Number,"{'line': 78, 'column': 25, 'index': 1823}","  76 |   dt = DateTime.fromISO(""1983-10-14T13:30z"", { setZone: true });
  77 |   expect(dt.zone.name).toBe(""UTC"");
> 78 |   expect(dt.offset).toBe(0);
     |                         ^ Magic Number
  79 |   expect(dt.toObject()).toEqual({
  80 |     year: 1983,
  81 |     month: 10,"
/home/gabriel/Disk/Research/research-javascript-test-smells/repositories/luxon/test/datetime/regexParse.test.js,Magic Number,"{'line': 105, 'column': 28, 'index': 2425}","  103 | test(""DateTime.fromISO() can optionally specify a zone"", () => {
  104 |   let dt = DateTime.fromISO(""2016-05-25T09:08:34.123"", { zone: ""utc"" });
> 105 |   expect(dt.offset).toEqual(0);
      |                            ^ Magic Number
  106 |   expect(dt.toObject()).toEqual({
  107 |     year: 2016,
  108 |     month: 5,"
/home/gabriel/Disk/Research/research-javascript-test-smells/repositories/luxon/test/datetime/regexParse.test.js,Magic Number,"{'line': 117, 'column': 28, 'index': 2682}","  115 |
  116 |   dt = DateTime.fromISO(""2016-05-25T09:08:34.123+06:00"", { zone: ""utc"" });
> 117 |   expect(dt.offset).toEqual(0);
      |                            ^ Magic Number
  118 |   expect(dt.toObject()).toEqual({
  119 |     year: 2016,
  120 |     month: 5,"
/home/gabriel/Disk/Research/research-javascript-test-smells/repositories/luxon/test/datetime/regexParse.test.js,Magic Number,"{'line': 579, 'column': 25, 'index': 11041}","  577 |   expect(dt.isValid).toBe(true);
  578 |   expect(dt.zoneName).toBe(""UTC"");
> 579 |   expect(dt.offset).toBe(0);
      |                         ^ Magic Number
  580 |   expect(dt.toObject()).toEqual({
  581 |     year: 2016,
  582 |     month: 5,"
/home/gabriel/Disk/Research/research-javascript-test-smells/repositories/luxon/test/datetime/regexParse.test.js,Magic Number,"{'line': 593, 'column': 25, 'index': 11368}","  591 |   expect(dt.isValid).toBe(true);
  592 |   expect(dt.zoneName).toBe(""Etc/UTC"");
> 593 |   expect(dt.offset).toBe(0);
      |                         ^ Magic Number
  594 |   expect(dt.toObject()).toEqual({
  595 |     year: 2016,
  596 |     month: 5,"
/home/gabriel/Disk/Research/research-javascript-test-smells/repositories/luxon/test/datetime/regexParse.test.js,Magic Number,"{'line': 624, 'column': 25, 'index': 12100}","  622 |   expect(dt.isValid).toBe(true);
  623 |   expect(dt.zoneName).toBe(""Etc/UTC"");
> 624 |   expect(dt.offset).toBe(0);
      |                         ^ Magic Number
  625 |   expect(dt.toObject()).toEqual({
  626 |     year: 2016,
  627 |     month: 5,"
/home/gabriel/Disk/Research/research-javascript-test-smells/repositories/luxon/test/datetime/regexParse.test.js,Magic Number,"{'line': 1010, 'column': 25, 'index': 21378}","  1008 |   const dt = DateTime.fromSQL(""2016-05-14 10:23:54.023"", { zone: ""utc"" });
  1009 |   expect(dt.isValid).toBe(true);
> 1010 |   expect(dt.offset).toBe(0);
       |                         ^ Magic Number
  1011 |   expect(dt.toObject()).toEqual({
  1012 |     year: 2016,
  1013 |     month: 5,"
/home/gabriel/Disk/Research/research-javascript-test-smells/repositories/luxon/test/datetime/regexParse.test.js,Magic Number,"{'line': 1081, 'column': 25, 'index': 22948}","  1079 |   expect(dt.isValid).toBe(true);
  1080 |   expect(dt.zoneName).toBe(""UTC"");
> 1081 |   expect(dt.offset).toBe(0);
       |                         ^ Magic Number
  1082 |   expect(dt.toObject()).toEqual({
  1083 |     year: 2016,
  1084 |     month: 5,"
/home/gabriel/Disk/Research/research-javascript-test-smells/repositories/luxon/test/datetime/regexParse.test.js,Unknown Test,"{'column': 0, 'line': 131}","  129 | const isSame = (s, expected) => expect(DateTime.fromISO(s).toObject()).toEqual(expected);
  130 |
> 131 | test(""DateTime.fromISO() accepts both capital T and lowercase t"", () => {
  132 |   // #1610
  133 |   const dt = DateTime.fromISO(""2016-05-25T09:08:34.123+06:00"");
  134 |   isSame(""2016-05-25t09:08:34.123+06:00"", dt.toObject());"
/home/gabriel/Disk/Research/research-javascript-test-smells/repositories/luxon/test/datetime/regexParse.test.js,Unknown Test,"{'column': 0, 'line': 137}","  135 | });
  136 |
> 137 | test(""DateTime.fromISO() accepts both capital Z and lowercase z"", () => {
  138 |   // #1610
  139 |   const dt = DateTime.fromISO(""2016-05-25T09:08:34.123Z"");
  140 |   isSame(""2016-05-25T09:08:34.123z"", dt.toObject());"
/home/gabriel/Disk/Research/research-javascript-test-smells/repositories/luxon/test/datetime/regexParse.test.js,Unknown Test,"{'column': 0, 'line': 143}","  141 | });
  142 |
> 143 | test(""DateTime.fromISO() accepts just the year"", () => {
  144 |   isSame(""2016"", {
  145 |     year: 2016,
  146 |     month: 1,"
/home/gabriel/Disk/Research/research-javascript-test-smells/repositories/luxon/test/datetime/regexParse.test.js,Unknown Test,"{'column': 0, 'line': 155}","  153 | });
  154 |
> 155 | test(""DateTime.fromISO() accepts year-month"", () => {
  156 |   isSame(""2016-05"", {
  157 |     year: 2016,
  158 |     month: 5,"
/home/gabriel/Disk/Research/research-javascript-test-smells/repositories/luxon/test/datetime/regexParse.test.js,Unknown Test,"{'column': 0, 'line': 167}","  165 | });
  166 |
> 167 | test(""DateTime.fromISO() accepts yearmonth"", () => {
  168 |   isSame(""201605"", {
  169 |     year: 2016,
  170 |     month: 5,"
/home/gabriel/Disk/Research/research-javascript-test-smells/repositories/luxon/test/datetime/regexParse.test.js,Unknown Test,"{'column': 0, 'line': 179}","  177 | });
  178 |
> 179 | test(""DateTime.fromISO() accepts year-month-day"", () => {
  180 |   isSame(""2016-05-25"", {
  181 |     year: 2016,
  182 |     month: 5,"
/home/gabriel/Disk/Research/research-javascript-test-smells/repositories/luxon/test/datetime/regexParse.test.js,Unknown Test,"{'column': 0, 'line': 191}","  189 | });
  190 |
> 191 | test(""DateTime.fromISO() accepts yearmonthday"", () => {
  192 |   isSame(""20160525"", {
  193 |     year: 2016,
  194 |     month: 5,"
/home/gabriel/Disk/Research/research-javascript-test-smells/repositories/luxon/test/datetime/regexParse.test.js,Unknown Test,"{'column': 0, 'line': 203}","  201 | });
  202 |
> 203 | test(""DateTime.fromISO() accepts extend years"", () => {
  204 |   isSame(""+002016-05-25"", {
  205 |     year: 2016,
  206 |     month: 5,"
/home/gabriel/Disk/Research/research-javascript-test-smells/repositories/luxon/test/datetime/regexParse.test.js,Unknown Test,"{'column': 0, 'line': 225}","  223 | });
  224 |
> 225 | test(""DateTime.fromISO() accepts year-month-dayThour"", () => {
  226 |   isSame(""2016-05-25T09"", {
  227 |     year: 2016,
  228 |     month: 5,"
/home/gabriel/Disk/Research/research-javascript-test-smells/repositories/luxon/test/datetime/regexParse.test.js,Unknown Test,"{'column': 0, 'line': 237}","  235 | });
  236 |
> 237 | test(""DateTime.fromISO() accepts year-month-dayThour:minute"", () => {
  238 |   isSame(""2016-05-25T09:24"", {
  239 |     year: 2016,
  240 |     month: 5,"
/home/gabriel/Disk/Research/research-javascript-test-smells/repositories/luxon/test/datetime/regexParse.test.js,Unknown Test,"{'column': 0, 'line': 259}","  257 | });
  258 |
> 259 | test(""DateTime.fromISO() accepts year-month-dayThour:minute:second"", () => {
  260 |   isSame(""2016-05-25T09:24:15"", {
  261 |     year: 2016,
  262 |     month: 5,"
/home/gabriel/Disk/Research/research-javascript-test-smells/repositories/luxon/test/datetime/regexParse.test.js,Unknown Test,"{'column': 0, 'line': 281}","  279 | });
  280 |
> 281 | test(""DateTime.fromISO() accepts year-month-dayThour:minute:second.millisecond"", () => {
  282 |   isSame(""2016-05-25T09:24:15.123"", {
  283 |     year: 2016,
  284 |     month: 5,"
/home/gabriel/Disk/Research/research-javascript-test-smells/repositories/luxon/test/datetime/regexParse.test.js,Unknown Test,"{'column': 0, 'line': 375}","  373 | });
  374 |
> 375 | test(""DateTime.fromISO() accepts year-week"", () => {
  376 |   isSame(""2016-W21"", {
  377 |     year: 2016,
  378 |     month: 5,"
/home/gabriel/Disk/Research/research-javascript-test-smells/repositories/luxon/test/datetime/regexParse.test.js,Unknown Test,"{'column': 0, 'line': 387}","  385 | });
  386 |
> 387 | test(""DateTime.fromISO() accepts year-week-day"", () => {
  388 |   isSame(""2016-W21-3"", {
  389 |     year: 2016,
  390 |     month: 5,"
/home/gabriel/Disk/Research/research-javascript-test-smells/repositories/luxon/test/datetime/regexParse.test.js,Unknown Test,"{'column': 0, 'line': 409}","  407 | });
  408 |
> 409 | test(""DateTime.fromISO() accepts year-week-dayTtime"", () => {
  410 |   isSame(""2016-W21-3T09:24:15.123"", {
  411 |     year: 2016,
  412 |     month: 5,"
/home/gabriel/Disk/Research/research-javascript-test-smells/repositories/luxon/test/datetime/regexParse.test.js,Unknown Test,"{'column': 0, 'line': 431}","  429 | });
  430 |
> 431 | test(""DateTime.fromISO() accepts year-ordinal"", () => {
  432 |   isSame(""2016-200"", {
  433 |     year: 2016,
  434 |     month: 7,"
/home/gabriel/Disk/Research/research-javascript-test-smells/repositories/luxon/test/datetime/regexParse.test.js,Unknown Test,"{'column': 0, 'line': 453}","  451 | });
  452 |
> 453 | test(""DateTime.fromISO() accepts year-ordinalTtime"", () => {
  454 |   isSame(""2016-200T09:24:15.123"", {
  455 |     year: 2016,
  456 |     month: 7,"
/home/gabriel/Disk/Research/research-javascript-test-smells/repositories/luxon/test/datetime/regexParse.test.js,Unknown Test,"{'column': 0, 'line': 479}","  477 | });
  478 |
> 479 | test(""DateTime.fromISO() accepts hour:minute:second.millisecond"", () => {
  480 |   const { year, month, day } = DateTime.now();
  481 |   isSame(""09:24:15.123"", {
  482 |     year,"
/home/gabriel/Disk/Research/research-javascript-test-smells/repositories/luxon/test/datetime/regexParse.test.js,Unknown Test,"{'column': 0, 'line': 492}","  490 | });
  491 |
> 492 | test(""DateTime.fromISO() accepts hour:minute:second,millisecond"", () => {
  493 |   const { year, month, day } = DateTime.now();
  494 |   isSame(""09:24:15,123"", {
  495 |     year,"
/home/gabriel/Disk/Research/research-javascript-test-smells/repositories/luxon/test/datetime/regexParse.test.js,Unknown Test,"{'column': 0, 'line': 505}","  503 | });
  504 |
> 505 | test(""DateTime.fromISO() accepts hour:minute:second"", () => {
  506 |   const { year, month, day } = DateTime.now();
  507 |   isSame(""09:24:15"", {
  508 |     year,"
/home/gabriel/Disk/Research/research-javascript-test-smells/repositories/luxon/test/datetime/regexParse.test.js,Unknown Test,"{'column': 0, 'line': 518}","  516 | });
  517 |
> 518 | test(""DateTime.fromISO() accepts hour:minute"", () => {
  519 |   const { year, month, day } = DateTime.now();
  520 |   isSame(""09:24"", {
  521 |     year,"
/home/gabriel/Disk/Research/research-javascript-test-smells/repositories/luxon/test/datetime/regexParse.test.js,Unknown Test,"{'column': 0, 'line': 531}","  529 | });
  530 |
> 531 | test(""DateTime.fromISO() accepts hour:minute"", () => {
  532 |   const { year, month, day } = DateTime.now();
  533 |   isSame(""09:24"", {
  534 |     year,"
/home/gabriel/Disk/Research/research-javascript-test-smells/repositories/luxon/test/datetime/regexParse.test.js,Unknown Test,"{'column': 0, 'line': 544}","  542 | });
  543 |
> 544 | test(""DateTime.fromISO() accepts 24:00"", () => {
  545 |   isSame(""2018-01-04T24:00"", {
  546 |     year: 2018,
  547 |     month: 1,"
/home/gabriel/Disk/Research/research-javascript-test-smells/repositories/luxon/test/datetime/regexParse.test.js,Unknown Test,"{'column': 0, 'line': 676}","  674 | );
  675 |
> 676 | test(""DateTime.fromISO() accepts some technically incorrect stuff"", () => {
  677 |   // these are formats that aren't technically valid but we parse anyway.
  678 |   // Testing them more to document them than anything else
  679 |   isSame(""2016-05-25T0924:15.123"", {"
/home/gabriel/Disk/Research/research-javascript-test-smells/repositories/luxon/test/datetime/localeWeek.test.js,Magic Number,"{'line': 99, 'column': 36, 'index': 3905}","   97 |   test(""Jan  1 2012 should be week 52, year 2011"", () => {
   98 |     const dt = DateTime.fromISO(""2012-01-01"", { locale: ""de-DE"" });
>  99 |     expect(dt.localWeekNumber).toBe(52);
      |                                    ^ Magic Number
  100 |     expect(dt.localWeekYear).toBe(2011);
  101 |   });
  102 |   test(""Jan  2 2012 should be week 1, year 2012"", () => {"
/home/gabriel/Disk/Research/research-javascript-test-smells/repositories/luxon/test/datetime/localeWeek.test.js,Magic Number,"{'line': 100, 'column': 34, 'index': 3944}","   98 |     const dt = DateTime.fromISO(""2012-01-01"", { locale: ""de-DE"" });
   99 |     expect(dt.localWeekNumber).toBe(52);
> 100 |     expect(dt.localWeekYear).toBe(2011);
      |                                  ^ Magic Number
  101 |   });
  102 |   test(""Jan  2 2012 should be week 1, year 2012"", () => {
  103 |     const dt = DateTime.fromISO(""2012-01-02"", { locale: ""de-DE"" });"
/home/gabriel/Disk/Research/research-javascript-test-smells/repositories/luxon/test/datetime/localeWeek.test.js,Magic Number,"{'line': 104, 'column': 36, 'index': 4119}","  102 |   test(""Jan  2 2012 should be week 1, year 2012"", () => {
  103 |     const dt = DateTime.fromISO(""2012-01-02"", { locale: ""de-DE"" });
> 104 |     expect(dt.localWeekNumber).toBe(1);
      |                                    ^ Magic Number
  105 |     expect(dt.localWeekYear).toBe(2012);
  106 |   });
  107 |   test(""Jan  8 2012 should be week 1, year 2012"", () => {"
/home/gabriel/Disk/Research/research-javascript-test-smells/repositories/luxon/test/datetime/localeWeek.test.js,Magic Number,"{'line': 105, 'column': 34, 'index': 4157}","  103 |     const dt = DateTime.fromISO(""2012-01-02"", { locale: ""de-DE"" });
  104 |     expect(dt.localWeekNumber).toBe(1);
> 105 |     expect(dt.localWeekYear).toBe(2012);
      |                                  ^ Magic Number
  106 |   });
  107 |   test(""Jan  8 2012 should be week 1, year 2012"", () => {
  108 |     const dt = DateTime.fromISO(""2012-01-08"", { locale: ""de-DE"" });"
/home/gabriel/Disk/Research/research-javascript-test-smells/repositories/luxon/test/datetime/localeWeek.test.js,Magic Number,"{'line': 109, 'column': 36, 'index': 4332}","  107 |   test(""Jan  8 2012 should be week 1, year 2012"", () => {
  108 |     const dt = DateTime.fromISO(""2012-01-08"", { locale: ""de-DE"" });
> 109 |     expect(dt.localWeekNumber).toBe(1);
      |                                    ^ Magic Number
  110 |     expect(dt.localWeekYear).toBe(2012);
  111 |   });
  112 |   test(""Jan  9 2012 should be week 2, year 2012"", () => {"
/home/gabriel/Disk/Research/research-javascript-test-smells/repositories/luxon/test/datetime/localeWeek.test.js,Magic Number,"{'line': 110, 'column': 34, 'index': 4370}","  108 |     const dt = DateTime.fromISO(""2012-01-08"", { locale: ""de-DE"" });
  109 |     expect(dt.localWeekNumber).toBe(1);
> 110 |     expect(dt.localWeekYear).toBe(2012);
      |                                  ^ Magic Number
  111 |   });
  112 |   test(""Jan  9 2012 should be week 2, year 2012"", () => {
  113 |     const dt = DateTime.fromISO(""2012-01-09"", { locale: ""de-DE"" });"
/home/gabriel/Disk/Research/research-javascript-test-smells/repositories/luxon/test/datetime/localeWeek.test.js,Magic Number,"{'line': 114, 'column': 36, 'index': 4545}","  112 |   test(""Jan  9 2012 should be week 2, year 2012"", () => {
  113 |     const dt = DateTime.fromISO(""2012-01-09"", { locale: ""de-DE"" });
> 114 |     expect(dt.localWeekNumber).toBe(2);
      |                                    ^ Magic Number
  115 |     expect(dt.localWeekYear).toBe(2012);
  116 |   });
  117 |   test(""Jan  15 2012 should be week 2, year 2012"", () => {"
/home/gabriel/Disk/Research/research-javascript-test-smells/repositories/luxon/test/datetime/localeWeek.test.js,Magic Number,"{'line': 115, 'column': 34, 'index': 4583}","  113 |     const dt = DateTime.fromISO(""2012-01-09"", { locale: ""de-DE"" });
  114 |     expect(dt.localWeekNumber).toBe(2);
> 115 |     expect(dt.localWeekYear).toBe(2012);
      |                                  ^ Magic Number
  116 |   });
  117 |   test(""Jan  15 2012 should be week 2, year 2012"", () => {
  118 |     const dt = DateTime.fromISO(""2012-01-15"", { locale: ""de-DE"" });"
/home/gabriel/Disk/Research/research-javascript-test-smells/repositories/luxon/test/datetime/localeWeek.test.js,Magic Number,"{'line': 119, 'column': 36, 'index': 4759}","  117 |   test(""Jan  15 2012 should be week 2, year 2012"", () => {
  118 |     const dt = DateTime.fromISO(""2012-01-15"", { locale: ""de-DE"" });
> 119 |     expect(dt.localWeekNumber).toBe(2);
      |                                    ^ Magic Number
  120 |     expect(dt.localWeekYear).toBe(2012);
  121 |   });
  122 | });"
/home/gabriel/Disk/Research/research-javascript-test-smells/repositories/luxon/test/datetime/localeWeek.test.js,Magic Number,"{'line': 120, 'column': 34, 'index': 4797}","  118 |     const dt = DateTime.fromISO(""2012-01-15"", { locale: ""de-DE"" });
  119 |     expect(dt.localWeekNumber).toBe(2);
> 120 |     expect(dt.localWeekYear).toBe(2012);
      |                                  ^ Magic Number
  121 |   });
  122 | });
  123 |"
/home/gabriel/Disk/Research/research-javascript-test-smells/repositories/luxon/test/datetime/localeWeek.test.js,Magic Number,"{'line': 127, 'column': 36, 'index': 5029}","  125 |   test(""Jan  1 2012 should be week 1, year 2012"", () => {
  126 |     const dt = DateTime.fromISO(""2012-01-01"", { locale: ""en-US"" });
> 127 |     expect(dt.localWeekNumber).toBe(1);
      |                                    ^ Magic Number
  128 |     expect(dt.localWeekYear).toBe(2012);
  129 |   });
  130 |   test(""Jan  7 2012 should be week 1, year 2012"", () => {"
/home/gabriel/Disk/Research/research-javascript-test-smells/repositories/luxon/test/datetime/localeWeek.test.js,Magic Number,"{'line': 128, 'column': 34, 'index': 5067}","  126 |     const dt = DateTime.fromISO(""2012-01-01"", { locale: ""en-US"" });
  127 |     expect(dt.localWeekNumber).toBe(1);
> 128 |     expect(dt.localWeekYear).toBe(2012);
      |                                  ^ Magic Number
  129 |   });
  130 |   test(""Jan  7 2012 should be week 1, year 2012"", () => {
  131 |     const dt = DateTime.fromISO(""2012-01-07"", { locale: ""en-US"" });"
/home/gabriel/Disk/Research/research-javascript-test-smells/repositories/luxon/test/datetime/localeWeek.test.js,Magic Number,"{'line': 132, 'column': 36, 'index': 5242}","  130 |   test(""Jan  7 2012 should be week 1, year 2012"", () => {
  131 |     const dt = DateTime.fromISO(""2012-01-07"", { locale: ""en-US"" });
> 132 |     expect(dt.localWeekNumber).toBe(1);
      |                                    ^ Magic Number
  133 |     expect(dt.localWeekYear).toBe(2012);
  134 |   });
  135 |   test(""Jan  8 2012 should be week 2, year 2012"", () => {"
/home/gabriel/Disk/Research/research-javascript-test-smells/repositories/luxon/test/datetime/localeWeek.test.js,Magic Number,"{'line': 133, 'column': 34, 'index': 5280}","  131 |     const dt = DateTime.fromISO(""2012-01-07"", { locale: ""en-US"" });
  132 |     expect(dt.localWeekNumber).toBe(1);
> 133 |     expect(dt.localWeekYear).toBe(2012);
      |                                  ^ Magic Number
  134 |   });
  135 |   test(""Jan  8 2012 should be week 2, year 2012"", () => {
  136 |     const dt = DateTime.fromISO(""2012-01-08"", { locale: ""en-US"" });"
/home/gabriel/Disk/Research/research-javascript-test-smells/repositories/luxon/test/datetime/localeWeek.test.js,Magic Number,"{'line': 137, 'column': 36, 'index': 5455}","  135 |   test(""Jan  8 2012 should be week 2, year 2012"", () => {
  136 |     const dt = DateTime.fromISO(""2012-01-08"", { locale: ""en-US"" });
> 137 |     expect(dt.localWeekNumber).toBe(2);
      |                                    ^ Magic Number
  138 |     expect(dt.localWeekYear).toBe(2012);
  139 |   });
  140 |   test(""Jan  14 2012 should be week 2, year 2012"", () => {"
/home/gabriel/Disk/Research/research-javascript-test-smells/repositories/luxon/test/datetime/localeWeek.test.js,Magic Number,"{'line': 138, 'column': 34, 'index': 5493}","  136 |     const dt = DateTime.fromISO(""2012-01-08"", { locale: ""en-US"" });
  137 |     expect(dt.localWeekNumber).toBe(2);
> 138 |     expect(dt.localWeekYear).toBe(2012);
      |                                  ^ Magic Number
  139 |   });
  140 |   test(""Jan  14 2012 should be week 2, year 2012"", () => {
  141 |     const dt = DateTime.fromISO(""2012-01-14"", { locale: ""en-US"" });"
/home/gabriel/Disk/Research/research-javascript-test-smells/repositories/luxon/test/datetime/localeWeek.test.js,Magic Number,"{'line': 142, 'column': 36, 'index': 5669}","  140 |   test(""Jan  14 2012 should be week 2, year 2012"", () => {
  141 |     const dt = DateTime.fromISO(""2012-01-14"", { locale: ""en-US"" });
> 142 |     expect(dt.localWeekNumber).toBe(2);
      |                                    ^ Magic Number
  143 |     expect(dt.localWeekYear).toBe(2012);
  144 |   });
  145 |   test(""Jan  15 2012 should be week 3, year 2012"", () => {"
/home/gabriel/Disk/Research/research-javascript-test-smells/repositories/luxon/test/datetime/localeWeek.test.js,Magic Number,"{'line': 143, 'column': 34, 'index': 5707}","  141 |     const dt = DateTime.fromISO(""2012-01-14"", { locale: ""en-US"" });
  142 |     expect(dt.localWeekNumber).toBe(2);
> 143 |     expect(dt.localWeekYear).toBe(2012);
      |                                  ^ Magic Number
  144 |   });
  145 |   test(""Jan  15 2012 should be week 3, year 2012"", () => {
  146 |     const dt = DateTime.fromISO(""2012-01-15"", { locale: ""en-US"" });"
/home/gabriel/Disk/Research/research-javascript-test-smells/repositories/luxon/test/datetime/localeWeek.test.js,Magic Number,"{'line': 147, 'column': 36, 'index': 5883}","  145 |   test(""Jan  15 2012 should be week 3, year 2012"", () => {
  146 |     const dt = DateTime.fromISO(""2012-01-15"", { locale: ""en-US"" });
> 147 |     expect(dt.localWeekNumber).toBe(3);
      |                                    ^ Magic Number
  148 |     expect(dt.localWeekYear).toBe(2012);
  149 |   });
  150 | });"
/home/gabriel/Disk/Research/research-javascript-test-smells/repositories/luxon/test/datetime/localeWeek.test.js,Magic Number,"{'line': 148, 'column': 34, 'index': 5921}","  146 |     const dt = DateTime.fromISO(""2012-01-15"", { locale: ""en-US"" });
  147 |     expect(dt.localWeekNumber).toBe(3);
> 148 |     expect(dt.localWeekYear).toBe(2012);
      |                                  ^ Magic Number
  149 |   });
  150 | });
  151 |"
/home/gabriel/Disk/Research/research-javascript-test-smells/repositories/luxon/test/datetime/localeWeek.test.js,Magic Number,"{'line': 158, 'column': 33, 'index': 6195}","  156 |   test(""Sunday should be reported as the 1st day of the week"", () => {
  157 |     const dt = DateTime.fromISO(""2023-08-06"", { locale: ""en-US"" });
> 158 |     expect(dt.localWeekday).toBe(1);
      |                                 ^ Magic Number
  159 |   });
  160 |   test(""Monday should be reported as the 2nd day of the week"", () => {
  161 |     const dt = DateTime.fromISO(""2023-08-07"", { locale: ""en-US"" });"
/home/gabriel/Disk/Research/research-javascript-test-smells/repositories/luxon/test/datetime/localeWeek.test.js,Magic Number,"{'line': 162, 'column': 33, 'index': 6377}","  160 |   test(""Monday should be reported as the 2nd day of the week"", () => {
  161 |     const dt = DateTime.fromISO(""2023-08-07"", { locale: ""en-US"" });
> 162 |     expect(dt.localWeekday).toBe(2);
      |                                 ^ Magic Number
  163 |   });
  164 |   test(""Tuesday should be reported as the 3rd day of the week"", () => {
  165 |     const dt = DateTime.fromISO(""2023-08-08"", { locale: ""en-US"" });"
/home/gabriel/Disk/Research/research-javascript-test-smells/repositories/luxon/test/datetime/localeWeek.test.js,Magic Number,"{'line': 166, 'column': 33, 'index': 6560}","  164 |   test(""Tuesday should be reported as the 3rd day of the week"", () => {
  165 |     const dt = DateTime.fromISO(""2023-08-08"", { locale: ""en-US"" });
> 166 |     expect(dt.localWeekday).toBe(3);
      |                                 ^ Magic Number
  167 |   });
  168 |   test(""Wednesday should be reported as the 4th day of the week"", () => {
  169 |     const dt = DateTime.fromISO(""2023-08-09"", { locale: ""en-US"" });"
/home/gabriel/Disk/Research/research-javascript-test-smells/repositories/luxon/test/datetime/localeWeek.test.js,Magic Number,"{'line': 170, 'column': 33, 'index': 6745}","  168 |   test(""Wednesday should be reported as the 4th day of the week"", () => {
  169 |     const dt = DateTime.fromISO(""2023-08-09"", { locale: ""en-US"" });
> 170 |     expect(dt.localWeekday).toBe(4);
      |                                 ^ Magic Number
  171 |   });
  172 |   test(""Thursday should be reported as the 5th day of the week"", () => {
  173 |     const dt = DateTime.fromISO(""2023-08-10"", { locale: ""en-US"" });"
/home/gabriel/Disk/Research/research-javascript-test-smells/repositories/luxon/test/datetime/localeWeek.test.js,Magic Number,"{'line': 174, 'column': 33, 'index': 6929}","  172 |   test(""Thursday should be reported as the 5th day of the week"", () => {
  173 |     const dt = DateTime.fromISO(""2023-08-10"", { locale: ""en-US"" });
> 174 |     expect(dt.localWeekday).toBe(5);
      |                                 ^ Magic Number
  175 |   });
  176 |   test(""Friday should be reported as the 6th day of the week"", () => {
  177 |     const dt = DateTime.fromISO(""2023-08-11"", { locale: ""en-US"" });"
/home/gabriel/Disk/Research/research-javascript-test-smells/repositories/luxon/test/datetime/localeWeek.test.js,Magic Number,"{'line': 178, 'column': 33, 'index': 7111}","  176 |   test(""Friday should be reported as the 6th day of the week"", () => {
  177 |     const dt = DateTime.fromISO(""2023-08-11"", { locale: ""en-US"" });
> 178 |     expect(dt.localWeekday).toBe(6);
      |                                 ^ Magic Number
  179 |   });
  180 |   test(""Saturday should be reported as the 7th day of the week"", () => {
  181 |     const dt = DateTime.fromISO(""2023-08-12"", { locale: ""en-US"" });"
/home/gabriel/Disk/Research/research-javascript-test-smells/repositories/luxon/test/datetime/localeWeek.test.js,Magic Number,"{'line': 182, 'column': 33, 'index': 7295}","  180 |   test(""Saturday should be reported as the 7th day of the week"", () => {
  181 |     const dt = DateTime.fromISO(""2023-08-12"", { locale: ""en-US"" });
> 182 |     expect(dt.localWeekday).toBe(7);
      |                                 ^ Magic Number
  183 |   });
  184 | });
  185 |"
/home/gabriel/Disk/Research/research-javascript-test-smells/repositories/luxon/test/datetime/localeWeek.test.js,Magic Number,"{'line': 189, 'column': 33, 'index': 7531}","  187 |   test(""Monday should be reported as the 1st day of the week"", () => {
  188 |     const dt = DateTime.fromISO(""2023-08-07"", { locale: ""de-DE"" });
> 189 |     expect(dt.localWeekday).toBe(1);
      |                                 ^ Magic Number
  190 |   });
  191 |   test(""Tuesday should be reported as the 2nd day of the week"", () => {
  192 |     const dt = DateTime.fromISO(""2023-08-08"", { locale: ""de-DE"" });"
/home/gabriel/Disk/Research/research-javascript-test-smells/repositories/luxon/test/datetime/localeWeek.test.js,Magic Number,"{'line': 193, 'column': 33, 'index': 7714}","  191 |   test(""Tuesday should be reported as the 2nd day of the week"", () => {
  192 |     const dt = DateTime.fromISO(""2023-08-08"", { locale: ""de-DE"" });
> 193 |     expect(dt.localWeekday).toBe(2);
      |                                 ^ Magic Number
  194 |   });
  195 |   test(""Wednesday should be reported as the 3rd day of the week"", () => {
  196 |     const dt = DateTime.fromISO(""2023-08-09"", { locale: ""de-DE"" });"
/home/gabriel/Disk/Research/research-javascript-test-smells/repositories/luxon/test/datetime/localeWeek.test.js,Magic Number,"{'line': 197, 'column': 33, 'index': 7899}","  195 |   test(""Wednesday should be reported as the 3rd day of the week"", () => {
  196 |     const dt = DateTime.fromISO(""2023-08-09"", { locale: ""de-DE"" });
> 197 |     expect(dt.localWeekday).toBe(3);
      |                                 ^ Magic Number
  198 |   });
  199 |   test(""Thursday should be reported as the 4th day of the week"", () => {
  200 |     const dt = DateTime.fromISO(""2023-08-10"", { locale: ""de-DE"" });"
/home/gabriel/Disk/Research/research-javascript-test-smells/repositories/luxon/test/datetime/localeWeek.test.js,Magic Number,"{'line': 201, 'column': 33, 'index': 8083}","  199 |   test(""Thursday should be reported as the 4th day of the week"", () => {
  200 |     const dt = DateTime.fromISO(""2023-08-10"", { locale: ""de-DE"" });
> 201 |     expect(dt.localWeekday).toBe(4);
      |                                 ^ Magic Number
  202 |   });
  203 |   test(""Friday should be reported as the 5th day of the week"", () => {
  204 |     const dt = DateTime.fromISO(""2023-08-11"", { locale: ""de-DE"" });"
/home/gabriel/Disk/Research/research-javascript-test-smells/repositories/luxon/test/datetime/localeWeek.test.js,Magic Number,"{'line': 205, 'column': 33, 'index': 8265}","  203 |   test(""Friday should be reported as the 5th day of the week"", () => {
  204 |     const dt = DateTime.fromISO(""2023-08-11"", { locale: ""de-DE"" });
> 205 |     expect(dt.localWeekday).toBe(5);
      |                                 ^ Magic Number
  206 |   });
  207 |   test(""Saturday should be reported as the 6th day of the week"", () => {
  208 |     const dt = DateTime.fromISO(""2023-08-12"", { locale: ""de-DE"" });"
/home/gabriel/Disk/Research/research-javascript-test-smells/repositories/luxon/test/datetime/localeWeek.test.js,Magic Number,"{'line': 209, 'column': 33, 'index': 8449}","  207 |   test(""Saturday should be reported as the 6th day of the week"", () => {
  208 |     const dt = DateTime.fromISO(""2023-08-12"", { locale: ""de-DE"" });
> 209 |     expect(dt.localWeekday).toBe(6);
      |                                 ^ Magic Number
  210 |   });
  211 |   test(""Sunday should be reported as the 7th day of the week"", () => {
  212 |     const dt = DateTime.fromISO(""2023-08-13"", { locale: ""de-DE"" });"
/home/gabriel/Disk/Research/research-javascript-test-smells/repositories/luxon/test/datetime/localeWeek.test.js,Magic Number,"{'line': 213, 'column': 33, 'index': 8631}","  211 |   test(""Sunday should be reported as the 7th day of the week"", () => {
  212 |     const dt = DateTime.fromISO(""2023-08-13"", { locale: ""de-DE"" });
> 213 |     expect(dt.localWeekday).toBe(7);
      |                                 ^ Magic Number
  214 |   });
  215 | });
  216 |"
/home/gabriel/Disk/Research/research-javascript-test-smells/repositories/luxon/test/datetime/localeWeek.test.js,Magic Number,"{'line': 219, 'column': 86, 'index': 8826}","  217 | describe(""weeksInLocalWeekYear"", () => {
  218 |   test(""2018 should have 53 weeks in en-US"", () => {
> 219 |     expect(DateTime.local(2018, 6, 1, { locale: ""en-US"" }).weeksInLocalWeekYear).toBe(52);
      |                                                                                      ^ Magic Number
  220 |   });
  221 |   test(""2022 should have 53 weeks in en-US"", () => {
  222 |     expect(DateTime.local(2022, 6, 1, { locale: ""en-US"" }).weeksInLocalWeekYear).toBe("
/home/gabriel/Disk/Research/research-javascript-test-smells/repositories/luxon/test/datetime/localeWeek.test.js,Magic Number,"{'line': 227, 'column': 86, 'index': 9174}","  225 |   });
  226 |   test(""2022 should have 52 weeks in de-DE"", () => {
> 227 |     expect(DateTime.local(2022, 6, 1, { locale: ""de-DE"" }).weeksInLocalWeekYear).toBe(52);
      |                                                                                      ^ Magic Number
  228 |   });
  229 |   test(""2020 should have 53 weeks in de-DE"", () => {
  230 |     expect(DateTime.local(2020, 6, 1, { locale: ""de-DE"" }).weeksInLocalWeekYear).toBe(53);"
/home/gabriel/Disk/Research/research-javascript-test-smells/repositories/luxon/test/datetime/localeWeek.test.js,Magic Number,"{'line': 230, 'column': 86, 'index': 9324}","  228 |   });
  229 |   test(""2020 should have 53 weeks in de-DE"", () => {
> 230 |     expect(DateTime.local(2020, 6, 1, { locale: ""de-DE"" }).weeksInLocalWeekYear).toBe(53);
      |                                                                                      ^ Magic Number
  231 |   });
  232 |   test(""2018 should have 52 weeks with minDays 1, start 7"", () => {
  233 |     withDefaultWeekSettings("
/home/gabriel/Disk/Research/research-javascript-test-smells/repositories/luxon/test/datetime/localeWeek.test.js,Magic Number,"{'line': 240, 'column': 69, 'index': 9602}","  238 |       },
  239 |       () => {
> 240 |         expect(DateTime.local(2018, 6, 1).weeksInLocalWeekYear).toBe(52);
      |                                                                     ^ Magic Number
  241 |       }
  242 |     );
  243 |   });"
/home/gabriel/Disk/Research/research-javascript-test-smells/repositories/luxon/test/datetime/localeWeek.test.js,Magic Number,"{'line': 252, 'column': 69, 'index': 9895}","  250 |       },
  251 |       () => {
> 252 |         expect(DateTime.local(2022, 6, 1).weeksInLocalWeekYear).toBe(53);
      |                                                                     ^ Magic Number
  253 |       }
  254 |     );
  255 |   });"
/home/gabriel/Disk/Research/research-javascript-test-smells/repositories/luxon/test/datetime/localeWeek.test.js,Magic Number,"{'line': 261, 'column': 41, 'index': 10171}","  259 |   test(""Overridden week info should be reported by Info"", () => {
  260 |     withDefaultWeekSettings({ firstDay: 3, minimalDays: 5, weekend: [4, 6] }, () => {
> 261 |       expect(Info.getStartOfWeek()).toBe(3);
      |                                         ^ Magic Number
  262 |       expect(Info.getMinimumDaysInFirstWeek()).toBe(5);
  263 |       expect(Info.getWeekendWeekdays()).toEqual([4, 6]);
  264 |     });"
/home/gabriel/Disk/Research/research-javascript-test-smells/repositories/luxon/test/datetime/localeWeek.test.js,Magic Number,"{'line': 262, 'column': 52, 'index': 10227}","  260 |     withDefaultWeekSettings({ firstDay: 3, minimalDays: 5, weekend: [4, 6] }, () => {
  261 |       expect(Info.getStartOfWeek()).toBe(3);
> 262 |       expect(Info.getMinimumDaysInFirstWeek()).toBe(5);
      |                                                    ^ Magic Number
  263 |       expect(Info.getWeekendWeekdays()).toEqual([4, 6]);
  264 |     });
  265 |   });"
/home/gabriel/Disk/Research/research-javascript-test-smells/repositories/luxon/test/datetime/localeWeek.test.js,Magic Number,"{'line': 281, 'column': 35, 'index': 11198}","  279 |     withDefaultWeekSettings({ firstDay: 7, minimalDays: 1, weekend: [6, 7] }, () => {
  280 |       const dt = DateTime.local(2022, 1, 1, { locale: ""de-DE"" });
> 281 |       expect(dt.localWeekday).toBe(7);
      |                                   ^ Magic Number
  282 |       expect(dt.localWeekNumber).toBe(1);
  283 |       expect(dt.localWeekYear).toBe(2022);
  284 |     });"
/home/gabriel/Disk/Research/research-javascript-test-smells/repositories/luxon/test/datetime/localeWeek.test.js,Magic Number,"{'line': 282, 'column': 38, 'index': 11240}","  280 |       const dt = DateTime.local(2022, 1, 1, { locale: ""de-DE"" });
  281 |       expect(dt.localWeekday).toBe(7);
> 282 |       expect(dt.localWeekNumber).toBe(1);
      |                                      ^ Magic Number
  283 |       expect(dt.localWeekYear).toBe(2022);
  284 |     });
  285 |   });"
/home/gabriel/Disk/Research/research-javascript-test-smells/repositories/luxon/test/datetime/localeWeek.test.js,Magic Number,"{'line': 283, 'column': 36, 'index': 11280}","  281 |       expect(dt.localWeekday).toBe(7);
  282 |       expect(dt.localWeekNumber).toBe(1);
> 283 |       expect(dt.localWeekYear).toBe(2022);
      |                                    ^ Magic Number
  284 |     });
  285 |   });
  286 |   test(""Overridden week info should be respected by DateTime#set"", () => {"
/home/gabriel/Disk/Research/research-javascript-test-smells/repositories/luxon/test/datetime/localeWeek.test.js,Magic Number,"{'line': 290, 'column': 33, 'index': 11613}","  288 |       const dt = DateTime.local(2022, 1, 1, { locale: ""de-DE"" });
  289 |       const modified = dt.set({ localWeekday: 1 });
> 290 |       expect(modified.year).toBe(2021);
      |                                 ^ Magic Number
  291 |       expect(modified.month).toBe(12);
  292 |       expect(modified.day).toBe(26);
  293 |     });"
/home/gabriel/Disk/Research/research-javascript-test-smells/repositories/luxon/test/datetime/localeWeek.test.js,Magic Number,"{'line': 291, 'column': 34, 'index': 11654}","  289 |       const modified = dt.set({ localWeekday: 1 });
  290 |       expect(modified.year).toBe(2021);
> 291 |       expect(modified.month).toBe(12);
      |                                  ^ Magic Number
  292 |       expect(modified.day).toBe(26);
  293 |     });
  294 |   });"
/home/gabriel/Disk/Research/research-javascript-test-smells/repositories/luxon/test/datetime/localeWeek.test.js,Magic Number,"{'line': 292, 'column': 32, 'index': 11691}","  290 |       expect(modified.year).toBe(2021);
  291 |       expect(modified.month).toBe(12);
> 292 |       expect(modified.day).toBe(26);
      |                                ^ Magic Number
  293 |     });
  294 |   });
  295 | });"
/home/gabriel/Disk/Research/research-javascript-test-smells/repositories/luxon/test/datetime/dst.test.js,Conditional Test Logic,"{'line': 12, 'column': 0, 'index': 352}","  10 | };
  11 |
> 12 | for (const [name, local] of Object.entries(dateTimeConstructors)) {
  13 |   describe(`DateTime.${name}`, () => {
  14 |     test(""Hole dates are bumped forward"", () => {
  15 |       const d = local(2017, 3, 12, 2);"
/home/gabriel/Disk/Research/research-javascript-test-smells/repositories/luxon/test/datetime/dst.test.js,Conditional Test Logic,"{'line': 20, 'column': 4, 'index': 629}","  18 |     });
  19 |
> 20 |     if (name == ""fromObject"") {
     |    ^ Conditional Test Logic
  21 |       // this is questionable behavior, but I wanted to document it
  22 |       test(""Ambiguous dates pick the one with the current offset"", () => {
  23 |         const oldSettings = Settings.now;"
/home/gabriel/Disk/Research/research-javascript-test-smells/repositories/luxon/test/datetime/dst.test.js,Conditional Test Logic,"{'line': 165, 'column': 2, 'index': 5134}","  163 |   const zoneObj = { zone: ""America/New_York"" };
  164 |
> 165 |   for (const [cacheName, cacheTs] of Object.entries(timestamps)) {
      |  ^ Conditional Test Logic
  166 |     for (const [nowName, nowTs] of Object.entries(timestamps)) {
  167 |       for (const [dateName, date] of Object.entries(dates)) {
  168 |         test(`cache = ${cacheName}, now = ${nowName}, date = ${dateName}`, () => {"
/home/gabriel/Disk/Research/research-javascript-test-smells/repositories/luxon/test/datetime/dst.test.js,Conditional Test Logic,"{'line': 166, 'column': 4, 'index': 5203}","  164 |
  165 |   for (const [cacheName, cacheTs] of Object.entries(timestamps)) {
> 166 |     for (const [nowName, nowTs] of Object.entries(timestamps)) {
      |    ^ Conditional Test Logic
  167 |       for (const [dateName, date] of Object.entries(dates)) {
  168 |         test(`cache = ${cacheName}, now = ${nowName}, date = ${dateName}`, () => {
  169 |           const oldSettings = Settings.now;"
/home/gabriel/Disk/Research/research-javascript-test-smells/repositories/luxon/test/datetime/dst.test.js,Conditional Test Logic,"{'line': 167, 'column': 6, 'index': 5270}","  165 |   for (const [cacheName, cacheTs] of Object.entries(timestamps)) {
  166 |     for (const [nowName, nowTs] of Object.entries(timestamps)) {
> 167 |       for (const [dateName, date] of Object.entries(dates)) {
      |      ^ Conditional Test Logic
  168 |         test(`cache = ${cacheName}, now = ${nowName}, date = ${dateName}`, () => {
  169 |           const oldSettings = Settings.now;
  170 |           try {"
/home/gabriel/Disk/Research/research-javascript-test-smells/repositories/luxon/test/datetime/dst.test.js,Duplicate Assert,"{'line': 27, 'column': 10, 'index': 969}","  25 |           Settings.now = () => 1495653314595; // May 24, 2017
  26 |           let d = local(2017, 11, 5, 1);
> 27 |           expect(d.hour).toBe(1);
     |          ^ Duplicate Assert
  28 |           expect(d.offset).toBe(-4 * 60);
  29 |
  30 |           Settings.now = () => 1484456400000; // Jan 15, 2017"
/home/gabriel/Disk/Research/research-javascript-test-smells/repositories/luxon/test/datetime/dst.test.js,Duplicate Assert,"{'line': 27, 'column': 10, 'index': 969}","  25 |           Settings.now = () => 1495653314595; // May 24, 2017
  26 |           let d = local(2017, 11, 5, 1);
> 27 |           expect(d.hour).toBe(1);
     |          ^ Duplicate Assert
  28 |           expect(d.offset).toBe(-4 * 60);
  29 |
  30 |           Settings.now = () => 1484456400000; // Jan 15, 2017"
/home/gabriel/Disk/Research/research-javascript-test-smells/repositories/luxon/test/datetime/dst.test.js,Duplicate Assert,"{'line': 28, 'column': 10, 'index': 1003}","  26 |           let d = local(2017, 11, 5, 1);
  27 |           expect(d.hour).toBe(1);
> 28 |           expect(d.offset).toBe(-4 * 60);
     |          ^ Duplicate Assert
  29 |
  30 |           Settings.now = () => 1484456400000; // Jan 15, 2017
  31 |           d = local(2017, 11, 5, 1);"
/home/gabriel/Disk/Research/research-javascript-test-smells/repositories/luxon/test/datetime/dst.test.js,Duplicate Assert,"{'line': 32, 'column': 10, 'index': 1145}","  30 |           Settings.now = () => 1484456400000; // Jan 15, 2017
  31 |           d = local(2017, 11, 5, 1);
> 32 |           expect(d.hour).toBe(1);
     |          ^ Duplicate Assert
  33 |           expect(d.offset).toBe(-5 * 60);
  34 |         } finally {
  35 |           Settings.now = oldSettings;"
/home/gabriel/Disk/Research/research-javascript-test-smells/repositories/luxon/test/datetime/dst.test.js,Duplicate Assert,"{'line': 32, 'column': 10, 'index': 1145}","  30 |           Settings.now = () => 1484456400000; // Jan 15, 2017
  31 |           d = local(2017, 11, 5, 1);
> 32 |           expect(d.hour).toBe(1);
     |          ^ Duplicate Assert
  33 |           expect(d.offset).toBe(-5 * 60);
  34 |         } finally {
  35 |           Settings.now = oldSettings;"
/home/gabriel/Disk/Research/research-javascript-test-smells/repositories/luxon/test/datetime/dst.test.js,Duplicate Assert,"{'line': 33, 'column': 10, 'index': 1179}","  31 |           d = local(2017, 11, 5, 1);
  32 |           expect(d.hour).toBe(1);
> 33 |           expect(d.offset).toBe(-5 * 60);
     |          ^ Duplicate Assert
  34 |         } finally {
  35 |           Settings.now = oldSettings;
  36 |         }"
/home/gabriel/Disk/Research/research-javascript-test-smells/repositories/luxon/test/datetime/dst.test.js,Duplicate Assert,"{'line': 45, 'column': 10, 'index': 1579}","  43 |           Settings.now = () => 1495653314595; // May 24, 2017
  44 |           let d = local(2017, 11, 5, 1);
> 45 |           expect(d.hour).toBe(1);
     |          ^ Duplicate Assert
  46 |           expect(d.offset).toBe(-4 * 60);
  47 |
  48 |           Settings.now = () => 1484456400000; // Jan 15, 2017"
/home/gabriel/Disk/Research/research-javascript-test-smells/repositories/luxon/test/datetime/dst.test.js,Duplicate Assert,"{'line': 45, 'column': 10, 'index': 1579}","  43 |           Settings.now = () => 1495653314595; // May 24, 2017
  44 |           let d = local(2017, 11, 5, 1);
> 45 |           expect(d.hour).toBe(1);
     |          ^ Duplicate Assert
  46 |           expect(d.offset).toBe(-4 * 60);
  47 |
  48 |           Settings.now = () => 1484456400000; // Jan 15, 2017"
/home/gabriel/Disk/Research/research-javascript-test-smells/repositories/luxon/test/datetime/dst.test.js,Duplicate Assert,"{'line': 46, 'column': 10, 'index': 1613}","  44 |           let d = local(2017, 11, 5, 1);
  45 |           expect(d.hour).toBe(1);
> 46 |           expect(d.offset).toBe(-4 * 60);
     |          ^ Duplicate Assert
  47 |
  48 |           Settings.now = () => 1484456400000; // Jan 15, 2017
  49 |           d = local(2017, 11, 5, 1);"
/home/gabriel/Disk/Research/research-javascript-test-smells/repositories/luxon/test/datetime/dst.test.js,Duplicate Assert,"{'line': 46, 'column': 10, 'index': 1613}","  44 |           let d = local(2017, 11, 5, 1);
  45 |           expect(d.hour).toBe(1);
> 46 |           expect(d.offset).toBe(-4 * 60);
     |          ^ Duplicate Assert
  47 |
  48 |           Settings.now = () => 1484456400000; // Jan 15, 2017
  49 |           d = local(2017, 11, 5, 1);"
/home/gabriel/Disk/Research/research-javascript-test-smells/repositories/luxon/test/datetime/dst.test.js,Duplicate Assert,"{'line': 50, 'column': 10, 'index': 1755}","  48 |           Settings.now = () => 1484456400000; // Jan 15, 2017
  49 |           d = local(2017, 11, 5, 1);
> 50 |           expect(d.hour).toBe(1);
     |          ^ Duplicate Assert
  51 |           expect(d.offset).toBe(-4 * 60);
  52 |
  53 |           Settings.resetCaches();"
/home/gabriel/Disk/Research/research-javascript-test-smells/repositories/luxon/test/datetime/dst.test.js,Duplicate Assert,"{'line': 50, 'column': 10, 'index': 1755}","  48 |           Settings.now = () => 1484456400000; // Jan 15, 2017
  49 |           d = local(2017, 11, 5, 1);
> 50 |           expect(d.hour).toBe(1);
     |          ^ Duplicate Assert
  51 |           expect(d.offset).toBe(-4 * 60);
  52 |
  53 |           Settings.resetCaches();"
/home/gabriel/Disk/Research/research-javascript-test-smells/repositories/luxon/test/datetime/dst.test.js,Duplicate Assert,"{'line': 51, 'column': 10, 'index': 1789}","  49 |           d = local(2017, 11, 5, 1);
  50 |           expect(d.hour).toBe(1);
> 51 |           expect(d.offset).toBe(-4 * 60);
     |          ^ Duplicate Assert
  52 |
  53 |           Settings.resetCaches();
  54 |"
/home/gabriel/Disk/Research/research-javascript-test-smells/repositories/luxon/test/datetime/dst.test.js,Duplicate Assert,"{'line': 51, 'column': 10, 'index': 1789}","  49 |           d = local(2017, 11, 5, 1);
  50 |           expect(d.hour).toBe(1);
> 51 |           expect(d.offset).toBe(-4 * 60);
     |          ^ Duplicate Assert
  52 |
  53 |           Settings.resetCaches();
  54 |"
/home/gabriel/Disk/Research/research-javascript-test-smells/repositories/luxon/test/datetime/dst.test.js,Duplicate Assert,"{'line': 57, 'column': 10, 'index': 1966}","  55 |           Settings.now = () => 1484456400000; // Jan 15, 2017
  56 |           d = local(2017, 11, 5, 1);
> 57 |           expect(d.hour).toBe(1);
     |          ^ Duplicate Assert
  58 |           expect(d.offset).toBe(-5 * 60);
  59 |
  60 |           Settings.now = () => 1495653314595; // May 24, 2017"
/home/gabriel/Disk/Research/research-javascript-test-smells/repositories/luxon/test/datetime/dst.test.js,Duplicate Assert,"{'line': 57, 'column': 10, 'index': 1966}","  55 |           Settings.now = () => 1484456400000; // Jan 15, 2017
  56 |           d = local(2017, 11, 5, 1);
> 57 |           expect(d.hour).toBe(1);
     |          ^ Duplicate Assert
  58 |           expect(d.offset).toBe(-5 * 60);
  59 |
  60 |           Settings.now = () => 1495653314595; // May 24, 2017"
/home/gabriel/Disk/Research/research-javascript-test-smells/repositories/luxon/test/datetime/dst.test.js,Duplicate Assert,"{'line': 58, 'column': 10, 'index': 2000}","  56 |           d = local(2017, 11, 5, 1);
  57 |           expect(d.hour).toBe(1);
> 58 |           expect(d.offset).toBe(-5 * 60);
     |          ^ Duplicate Assert
  59 |
  60 |           Settings.now = () => 1495653314595; // May 24, 2017
  61 |           d = local(2017, 11, 5, 1);"
/home/gabriel/Disk/Research/research-javascript-test-smells/repositories/luxon/test/datetime/dst.test.js,Duplicate Assert,"{'line': 58, 'column': 10, 'index': 2000}","  56 |           d = local(2017, 11, 5, 1);
  57 |           expect(d.hour).toBe(1);
> 58 |           expect(d.offset).toBe(-5 * 60);
     |          ^ Duplicate Assert
  59 |
  60 |           Settings.now = () => 1495653314595; // May 24, 2017
  61 |           d = local(2017, 11, 5, 1);"
/home/gabriel/Disk/Research/research-javascript-test-smells/repositories/luxon/test/datetime/dst.test.js,Duplicate Assert,"{'line': 62, 'column': 10, 'index': 2142}","  60 |           Settings.now = () => 1495653314595; // May 24, 2017
  61 |           d = local(2017, 11, 5, 1);
> 62 |           expect(d.hour).toBe(1);
     |          ^ Duplicate Assert
  63 |           expect(d.offset).toBe(-5 * 60);
  64 |         } finally {
  65 |           Settings.now = oldSettings;"
/home/gabriel/Disk/Research/research-javascript-test-smells/repositories/luxon/test/datetime/dst.test.js,Duplicate Assert,"{'line': 62, 'column': 10, 'index': 2142}","  60 |           Settings.now = () => 1495653314595; // May 24, 2017
  61 |           d = local(2017, 11, 5, 1);
> 62 |           expect(d.hour).toBe(1);
     |          ^ Duplicate Assert
  63 |           expect(d.offset).toBe(-5 * 60);
  64 |         } finally {
  65 |           Settings.now = oldSettings;"
/home/gabriel/Disk/Research/research-javascript-test-smells/repositories/luxon/test/datetime/dst.test.js,Duplicate Assert,"{'line': 63, 'column': 10, 'index': 2176}","  61 |           d = local(2017, 11, 5, 1);
  62 |           expect(d.hour).toBe(1);
> 63 |           expect(d.offset).toBe(-5 * 60);
     |          ^ Duplicate Assert
  64 |         } finally {
  65 |           Settings.now = oldSettings;
  66 |         }"
/home/gabriel/Disk/Research/research-javascript-test-smells/repositories/luxon/test/datetime/dst.test.js,Duplicate Assert,"{'line': 63, 'column': 10, 'index': 2176}","  61 |           d = local(2017, 11, 5, 1);
  62 |           expect(d.hour).toBe(1);
> 63 |           expect(d.offset).toBe(-5 * 60);
     |          ^ Duplicate Assert
  64 |         } finally {
  65 |           Settings.now = oldSettings;
  66 |         }"
/home/gabriel/Disk/Research/research-javascript-test-smells/repositories/luxon/test/datetime/dst.test.js,Duplicate Assert,"{'line': 90, 'column': 6, 'index': 3072}","  88 |     test(""Subtracting an hour to land on the Fall Back falls back"", () => {
  89 |       let d = local(2017, 11, 5, 3).minus({ hour: 2 });
> 90 |       expect(d.hour).toBe(1);
     |      ^ Duplicate Assert
  91 |       expect(d.offset).toBe(-5 * 60);
  92 |
  93 |       d = d.minus({ hour: 1 });"
/home/gabriel/Disk/Research/research-javascript-test-smells/repositories/luxon/test/datetime/dst.test.js,Duplicate Assert,"{'line': 90, 'column': 6, 'index': 3072}","  88 |     test(""Subtracting an hour to land on the Fall Back falls back"", () => {
  89 |       let d = local(2017, 11, 5, 3).minus({ hour: 2 });
> 90 |       expect(d.hour).toBe(1);
     |      ^ Duplicate Assert
  91 |       expect(d.offset).toBe(-5 * 60);
  92 |
  93 |       d = d.minus({ hour: 1 });"
/home/gabriel/Disk/Research/research-javascript-test-smells/repositories/luxon/test/datetime/dst.test.js,Duplicate Assert,"{'line': 91, 'column': 6, 'index': 3102}","  89 |       let d = local(2017, 11, 5, 3).minus({ hour: 2 });
  90 |       expect(d.hour).toBe(1);
> 91 |       expect(d.offset).toBe(-5 * 60);
     |      ^ Duplicate Assert
  92 |
  93 |       d = d.minus({ hour: 1 });
  94 |       expect(d.hour).toBe(1);"
/home/gabriel/Disk/Research/research-javascript-test-smells/repositories/luxon/test/datetime/dst.test.js,Duplicate Assert,"{'line': 94, 'column': 6, 'index': 3173}","  92 |
  93 |       d = d.minus({ hour: 1 });
> 94 |       expect(d.hour).toBe(1);
     |      ^ Duplicate Assert
  95 |       expect(d.offset).toBe(-4 * 60);
  96 |     });
  97 |"
/home/gabriel/Disk/Research/research-javascript-test-smells/repositories/luxon/test/datetime/dst.test.js,Duplicate Assert,"{'line': 94, 'column': 6, 'index': 3173}","  92 |
  93 |       d = d.minus({ hour: 1 });
> 94 |       expect(d.hour).toBe(1);
     |      ^ Duplicate Assert
  95 |       expect(d.offset).toBe(-4 * 60);
  96 |     });
  97 |"
/home/gabriel/Disk/Research/research-javascript-test-smells/repositories/luxon/test/datetime/dst.test.js,Duplicate Assert,"{'line': 95, 'column': 6, 'index': 3203}","  93 |       d = d.minus({ hour: 1 });
  94 |       expect(d.hour).toBe(1);
> 95 |       expect(d.offset).toBe(-4 * 60);
     |      ^ Duplicate Assert
  96 |     });
  97 |
  98 |     test(""Changing a calendar date to land on a hole bumps forward"", () => {"
/home/gabriel/Disk/Research/research-javascript-test-smells/repositories/luxon/test/datetime/dst.test.js,Duplicate Assert,"{'line': 100, 'column': 6, 'index': 3381}","   98 |     test(""Changing a calendar date to land on a hole bumps forward"", () => {
   99 |       let d = local(2017, 3, 11, 2).plus({ day: 1 });
> 100 |       expect(d.hour).toBe(3);
      |      ^ Duplicate Assert
  101 |       expect(d.offset).toBe(-4 * 60);
  102 |
  103 |       d = local(2017, 3, 13, 2).minus({ day: 1 });"
/home/gabriel/Disk/Research/research-javascript-test-smells/repositories/luxon/test/datetime/dst.test.js,Duplicate Assert,"{'line': 100, 'column': 6, 'index': 3381}","   98 |     test(""Changing a calendar date to land on a hole bumps forward"", () => {
   99 |       let d = local(2017, 3, 11, 2).plus({ day: 1 });
> 100 |       expect(d.hour).toBe(3);
      |      ^ Duplicate Assert
  101 |       expect(d.offset).toBe(-4 * 60);
  102 |
  103 |       d = local(2017, 3, 13, 2).minus({ day: 1 });"
/home/gabriel/Disk/Research/research-javascript-test-smells/repositories/luxon/test/datetime/dst.test.js,Duplicate Assert,"{'line': 101, 'column': 6, 'index': 3411}","   99 |       let d = local(2017, 3, 11, 2).plus({ day: 1 });
  100 |       expect(d.hour).toBe(3);
> 101 |       expect(d.offset).toBe(-4 * 60);
      |      ^ Duplicate Assert
  102 |
  103 |       d = local(2017, 3, 13, 2).minus({ day: 1 });
  104 |       expect(d.hour).toBe(3);"
/home/gabriel/Disk/Research/research-javascript-test-smells/repositories/luxon/test/datetime/dst.test.js,Duplicate Assert,"{'line': 101, 'column': 6, 'index': 3411}","   99 |       let d = local(2017, 3, 11, 2).plus({ day: 1 });
  100 |       expect(d.hour).toBe(3);
> 101 |       expect(d.offset).toBe(-4 * 60);
      |      ^ Duplicate Assert
  102 |
  103 |       d = local(2017, 3, 13, 2).minus({ day: 1 });
  104 |       expect(d.hour).toBe(3);"
/home/gabriel/Disk/Research/research-javascript-test-smells/repositories/luxon/test/datetime/dst.test.js,Duplicate Assert,"{'line': 104, 'column': 6, 'index': 3501}","  102 |
  103 |       d = local(2017, 3, 13, 2).minus({ day: 1 });
> 104 |       expect(d.hour).toBe(3);
      |      ^ Duplicate Assert
  105 |       expect(d.offset).toBe(-4 * 60);
  106 |     });
  107 |"
/home/gabriel/Disk/Research/research-javascript-test-smells/repositories/luxon/test/datetime/dst.test.js,Duplicate Assert,"{'line': 104, 'column': 6, 'index': 3501}","  102 |
  103 |       d = local(2017, 3, 13, 2).minus({ day: 1 });
> 104 |       expect(d.hour).toBe(3);
      |      ^ Duplicate Assert
  105 |       expect(d.offset).toBe(-4 * 60);
  106 |     });
  107 |"
/home/gabriel/Disk/Research/research-javascript-test-smells/repositories/luxon/test/datetime/dst.test.js,Duplicate Assert,"{'line': 105, 'column': 6, 'index': 3531}","  103 |       d = local(2017, 3, 13, 2).minus({ day: 1 });
  104 |       expect(d.hour).toBe(3);
> 105 |       expect(d.offset).toBe(-4 * 60);
      |      ^ Duplicate Assert
  106 |     });
  107 |
  108 |     test(""Changing a calendar date to land on an ambiguous time chooses the closest one"", () => {"
/home/gabriel/Disk/Research/research-javascript-test-smells/repositories/luxon/test/datetime/dst.test.js,Duplicate Assert,"{'line': 105, 'column': 6, 'index': 3531}","  103 |       d = local(2017, 3, 13, 2).minus({ day: 1 });
  104 |       expect(d.hour).toBe(3);
> 105 |       expect(d.offset).toBe(-4 * 60);
      |      ^ Duplicate Assert
  106 |     });
  107 |
  108 |     test(""Changing a calendar date to land on an ambiguous time chooses the closest one"", () => {"
/home/gabriel/Disk/Research/research-javascript-test-smells/repositories/luxon/test/datetime/dst.test.js,Duplicate Assert,"{'line': 110, 'column': 6, 'index': 3730}","  108 |     test(""Changing a calendar date to land on an ambiguous time chooses the closest one"", () => {
  109 |       let d = local(2017, 11, 4, 1).plus({ day: 1 });
> 110 |       expect(d.hour).toBe(1);
      |      ^ Duplicate Assert
  111 |       expect(d.offset).toBe(-4 * 60);
  112 |
  113 |       d = local(2017, 11, 6, 1).minus({ day: 1 });"
/home/gabriel/Disk/Research/research-javascript-test-smells/repositories/luxon/test/datetime/dst.test.js,Duplicate Assert,"{'line': 110, 'column': 6, 'index': 3730}","  108 |     test(""Changing a calendar date to land on an ambiguous time chooses the closest one"", () => {
  109 |       let d = local(2017, 11, 4, 1).plus({ day: 1 });
> 110 |       expect(d.hour).toBe(1);
      |      ^ Duplicate Assert
  111 |       expect(d.offset).toBe(-4 * 60);
  112 |
  113 |       d = local(2017, 11, 6, 1).minus({ day: 1 });"
/home/gabriel/Disk/Research/research-javascript-test-smells/repositories/luxon/test/datetime/dst.test.js,Duplicate Assert,"{'line': 111, 'column': 6, 'index': 3760}","  109 |       let d = local(2017, 11, 4, 1).plus({ day: 1 });
  110 |       expect(d.hour).toBe(1);
> 111 |       expect(d.offset).toBe(-4 * 60);
      |      ^ Duplicate Assert
  112 |
  113 |       d = local(2017, 11, 6, 1).minus({ day: 1 });
  114 |       expect(d.hour).toBe(1);"
/home/gabriel/Disk/Research/research-javascript-test-smells/repositories/luxon/test/datetime/dst.test.js,Duplicate Assert,"{'line': 114, 'column': 6, 'index': 3850}","  112 |
  113 |       d = local(2017, 11, 6, 1).minus({ day: 1 });
> 114 |       expect(d.hour).toBe(1);
      |      ^ Duplicate Assert
  115 |       expect(d.offset).toBe(-5 * 60);
  116 |     });
  117 |"
/home/gabriel/Disk/Research/research-javascript-test-smells/repositories/luxon/test/datetime/dst.test.js,Duplicate Assert,"{'line': 114, 'column': 6, 'index': 3850}","  112 |
  113 |       d = local(2017, 11, 6, 1).minus({ day: 1 });
> 114 |       expect(d.hour).toBe(1);
      |      ^ Duplicate Assert
  115 |       expect(d.offset).toBe(-5 * 60);
  116 |     });
  117 |"
/home/gabriel/Disk/Research/research-javascript-test-smells/repositories/luxon/test/datetime/dst.test.js,Duplicate Assert,"{'line': 115, 'column': 6, 'index': 3880}","  113 |       d = local(2017, 11, 6, 1).minus({ day: 1 });
  114 |       expect(d.hour).toBe(1);
> 115 |       expect(d.offset).toBe(-5 * 60);
      |      ^ Duplicate Assert
  116 |     });
  117 |
  118 |     test(""Start of a 0:00->1:00 DST day is 1:00"", () => {"
/home/gabriel/Disk/Research/research-javascript-test-smells/repositories/luxon/test/datetime/dst.test.js,Exception Handling,"{'line': 24, 'column': 8, 'index': 850}","  22 |       test(""Ambiguous dates pick the one with the current offset"", () => {
  23 |         const oldSettings = Settings.now;
> 24 |         try {
     |        ^ Exception Handling
  25 |           Settings.now = () => 1495653314595; // May 24, 2017
  26 |           let d = local(2017, 11, 5, 1);
  27 |           expect(d.hour).toBe(1);"
/home/gabriel/Disk/Research/research-javascript-test-smells/repositories/luxon/test/datetime/dst.test.js,Exception Handling,"{'line': 41, 'column': 8, 'index': 1426}","  39 |       test(""Ambiguous dates pick the one with the cached offset"", () => {
  40 |         const oldSettings = Settings.now;
> 41 |         try {
     |        ^ Exception Handling
  42 |           Settings.resetCaches();
  43 |           Settings.now = () => 1495653314595; // May 24, 2017
  44 |           let d = local(2017, 11, 5, 1);"
/home/gabriel/Disk/Research/research-javascript-test-smells/repositories/luxon/test/datetime/dst.test.js,Magic Number,"{'line': 16, 'column': 26, 'index': 574}","  14 |     test(""Hole dates are bumped forward"", () => {
  15 |       const d = local(2017, 3, 12, 2);
> 16 |       expect(d.hour).toBe(3);
     |                          ^ Magic Number
  17 |       expect(d.offset).toBe(-4 * 60);
  18 |     });
  19 |"
/home/gabriel/Disk/Research/research-javascript-test-smells/repositories/luxon/test/datetime/dst.test.js,Magic Number,"{'line': 27, 'column': 30, 'index': 989}","  25 |           Settings.now = () => 1495653314595; // May 24, 2017
  26 |           let d = local(2017, 11, 5, 1);
> 27 |           expect(d.hour).toBe(1);
     |                              ^ Magic Number
  28 |           expect(d.offset).toBe(-4 * 60);
  29 |
  30 |           Settings.now = () => 1484456400000; // Jan 15, 2017"
/home/gabriel/Disk/Research/research-javascript-test-smells/repositories/luxon/test/datetime/dst.test.js,Magic Number,"{'line': 32, 'column': 30, 'index': 1165}","  30 |           Settings.now = () => 1484456400000; // Jan 15, 2017
  31 |           d = local(2017, 11, 5, 1);
> 32 |           expect(d.hour).toBe(1);
     |                              ^ Magic Number
  33 |           expect(d.offset).toBe(-5 * 60);
  34 |         } finally {
  35 |           Settings.now = oldSettings;"
/home/gabriel/Disk/Research/research-javascript-test-smells/repositories/luxon/test/datetime/dst.test.js,Magic Number,"{'line': 45, 'column': 30, 'index': 1599}","  43 |           Settings.now = () => 1495653314595; // May 24, 2017
  44 |           let d = local(2017, 11, 5, 1);
> 45 |           expect(d.hour).toBe(1);
     |                              ^ Magic Number
  46 |           expect(d.offset).toBe(-4 * 60);
  47 |
  48 |           Settings.now = () => 1484456400000; // Jan 15, 2017"
/home/gabriel/Disk/Research/research-javascript-test-smells/repositories/luxon/test/datetime/dst.test.js,Magic Number,"{'line': 50, 'column': 30, 'index': 1775}","  48 |           Settings.now = () => 1484456400000; // Jan 15, 2017
  49 |           d = local(2017, 11, 5, 1);
> 50 |           expect(d.hour).toBe(1);
     |                              ^ Magic Number
  51 |           expect(d.offset).toBe(-4 * 60);
  52 |
  53 |           Settings.resetCaches();"
/home/gabriel/Disk/Research/research-javascript-test-smells/repositories/luxon/test/datetime/dst.test.js,Magic Number,"{'line': 57, 'column': 30, 'index': 1986}","  55 |           Settings.now = () => 1484456400000; // Jan 15, 2017
  56 |           d = local(2017, 11, 5, 1);
> 57 |           expect(d.hour).toBe(1);
     |                              ^ Magic Number
  58 |           expect(d.offset).toBe(-5 * 60);
  59 |
  60 |           Settings.now = () => 1495653314595; // May 24, 2017"
/home/gabriel/Disk/Research/research-javascript-test-smells/repositories/luxon/test/datetime/dst.test.js,Magic Number,"{'line': 62, 'column': 30, 'index': 2162}","  60 |           Settings.now = () => 1495653314595; // May 24, 2017
  61 |           d = local(2017, 11, 5, 1);
> 62 |           expect(d.hour).toBe(1);
     |                              ^ Magic Number
  63 |           expect(d.offset).toBe(-5 * 60);
  64 |         } finally {
  65 |           Settings.now = oldSettings;"
/home/gabriel/Disk/Research/research-javascript-test-smells/repositories/luxon/test/datetime/dst.test.js,Magic Number,"{'line': 72, 'column': 26, 'index': 2457}","  70 |     test(""Adding an hour to land on the Spring Forward springs forward"", () => {
  71 |       const d = local(2017, 3, 12, 1).plus({ hour: 1 });
> 72 |       expect(d.hour).toBe(3);
     |                          ^ Magic Number
  73 |       expect(d.offset).toBe(-4 * 60);
  74 |     });
  75 |"
/home/gabriel/Disk/Research/research-javascript-test-smells/repositories/luxon/test/datetime/dst.test.js,Magic Number,"{'line': 78, 'column': 26, 'index': 2678}","  76 |     test(""Subtracting an hour to land on the Spring Forward springs forward"", () => {
  77 |       const d = local(2017, 3, 12, 3).minus({ hour: 1 });
> 78 |       expect(d.hour).toBe(1);
     |                          ^ Magic Number
  79 |       expect(d.offset).toBe(-5 * 60);
  80 |     });
  81 |"
/home/gabriel/Disk/Research/research-javascript-test-smells/repositories/luxon/test/datetime/dst.test.js,Magic Number,"{'line': 84, 'column': 26, 'index': 2883}","  82 |     test(""Adding an hour to land on the Fall Back falls back"", () => {
  83 |       const d = local(2017, 11, 5, 0).plus({ hour: 2 });
> 84 |       expect(d.hour).toBe(1);
     |                          ^ Magic Number
  85 |       expect(d.offset).toBe(-5 * 60);
  86 |     });
  87 |"
/home/gabriel/Disk/Research/research-javascript-test-smells/repositories/luxon/test/datetime/dst.test.js,Magic Number,"{'line': 90, 'column': 26, 'index': 3092}","  88 |     test(""Subtracting an hour to land on the Fall Back falls back"", () => {
  89 |       let d = local(2017, 11, 5, 3).minus({ hour: 2 });
> 90 |       expect(d.hour).toBe(1);
     |                          ^ Magic Number
  91 |       expect(d.offset).toBe(-5 * 60);
  92 |
  93 |       d = d.minus({ hour: 1 });"
/home/gabriel/Disk/Research/research-javascript-test-smells/repositories/luxon/test/datetime/dst.test.js,Magic Number,"{'line': 94, 'column': 26, 'index': 3193}","  92 |
  93 |       d = d.minus({ hour: 1 });
> 94 |       expect(d.hour).toBe(1);
     |                          ^ Magic Number
  95 |       expect(d.offset).toBe(-4 * 60);
  96 |     });
  97 |"
/home/gabriel/Disk/Research/research-javascript-test-smells/repositories/luxon/test/datetime/dst.test.js,Magic Number,"{'line': 100, 'column': 26, 'index': 3401}","   98 |     test(""Changing a calendar date to land on a hole bumps forward"", () => {
   99 |       let d = local(2017, 3, 11, 2).plus({ day: 1 });
> 100 |       expect(d.hour).toBe(3);
      |                          ^ Magic Number
  101 |       expect(d.offset).toBe(-4 * 60);
  102 |
  103 |       d = local(2017, 3, 13, 2).minus({ day: 1 });"
/home/gabriel/Disk/Research/research-javascript-test-smells/repositories/luxon/test/datetime/dst.test.js,Magic Number,"{'line': 104, 'column': 26, 'index': 3521}","  102 |
  103 |       d = local(2017, 3, 13, 2).minus({ day: 1 });
> 104 |       expect(d.hour).toBe(3);
      |                          ^ Magic Number
  105 |       expect(d.offset).toBe(-4 * 60);
  106 |     });
  107 |"
/home/gabriel/Disk/Research/research-javascript-test-smells/repositories/luxon/test/datetime/dst.test.js,Magic Number,"{'line': 110, 'column': 26, 'index': 3750}","  108 |     test(""Changing a calendar date to land on an ambiguous time chooses the closest one"", () => {
  109 |       let d = local(2017, 11, 4, 1).plus({ day: 1 });
> 110 |       expect(d.hour).toBe(1);
      |                          ^ Magic Number
  111 |       expect(d.offset).toBe(-4 * 60);
  112 |
  113 |       d = local(2017, 11, 6, 1).minus({ day: 1 });"
/home/gabriel/Disk/Research/research-javascript-test-smells/repositories/luxon/test/datetime/dst.test.js,Magic Number,"{'line': 114, 'column': 26, 'index': 3870}","  112 |
  113 |       d = local(2017, 11, 6, 1).minus({ day: 1 });
> 114 |       expect(d.hour).toBe(1);
      |                          ^ Magic Number
  115 |       expect(d.offset).toBe(-5 * 60);
  116 |     });
  117 |"
/home/gabriel/Disk/Research/research-javascript-test-smells/repositories/luxon/test/datetime/dst.test.js,Magic Number,"{'line': 129, 'column': 25, 'index': 4205}","  127 |         }
  128 |       ).startOf(""day"");
> 129 |       expect(d.day).toBe(15);
      |                         ^ Magic Number
  130 |       expect(d.hour).toBe(1);
  131 |       expect(d.minute).toBe(0);
  132 |       expect(d.second).toBe(0);"
/home/gabriel/Disk/Research/research-javascript-test-smells/repositories/luxon/test/datetime/dst.test.js,Magic Number,"{'line': 130, 'column': 26, 'index': 4236}","  128 |       ).startOf(""day"");
  129 |       expect(d.day).toBe(15);
> 130 |       expect(d.hour).toBe(1);
      |                          ^ Magic Number
  131 |       expect(d.minute).toBe(0);
  132 |       expect(d.second).toBe(0);
  133 |     });"
/home/gabriel/Disk/Research/research-javascript-test-smells/repositories/luxon/test/datetime/dst.test.js,Magic Number,"{'line': 131, 'column': 28, 'index': 4268}","  129 |       expect(d.day).toBe(15);
  130 |       expect(d.hour).toBe(1);
> 131 |       expect(d.minute).toBe(0);
      |                            ^ Magic Number
  132 |       expect(d.second).toBe(0);
  133 |     });
  134 |"
/home/gabriel/Disk/Research/research-javascript-test-smells/repositories/luxon/test/datetime/dst.test.js,Magic Number,"{'line': 132, 'column': 28, 'index': 4300}","  130 |       expect(d.hour).toBe(1);
  131 |       expect(d.minute).toBe(0);
> 132 |       expect(d.second).toBe(0);
      |                            ^ Magic Number
  133 |     });
  134 |
  135 |     test(""End of a 0:00->1:00 DST day is 23:59"", () => {"
/home/gabriel/Disk/Research/research-javascript-test-smells/repositories/luxon/test/datetime/dst.test.js,Magic Number,"{'line': 146, 'column': 25, 'index': 4594}","  144 |         }
  145 |       ).endOf(""day"");
> 146 |       expect(d.day).toBe(15);
      |                         ^ Magic Number
  147 |       expect(d.hour).toBe(23);
  148 |       expect(d.minute).toBe(59);
  149 |       expect(d.second).toBe(59);"
/home/gabriel/Disk/Research/research-javascript-test-smells/repositories/luxon/test/datetime/dst.test.js,Magic Number,"{'line': 147, 'column': 26, 'index': 4625}","  145 |       ).endOf(""day"");
  146 |       expect(d.day).toBe(15);
> 147 |       expect(d.hour).toBe(23);
      |                          ^ Magic Number
  148 |       expect(d.minute).toBe(59);
  149 |       expect(d.second).toBe(59);
  150 |     });"
/home/gabriel/Disk/Research/research-javascript-test-smells/repositories/luxon/test/datetime/dst.test.js,Magic Number,"{'line': 148, 'column': 28, 'index': 4658}","  146 |       expect(d.day).toBe(15);
  147 |       expect(d.hour).toBe(23);
> 148 |       expect(d.minute).toBe(59);
      |                            ^ Magic Number
  149 |       expect(d.second).toBe(59);
  150 |     });
  151 |   });"
/home/gabriel/Disk/Research/research-javascript-test-smells/repositories/luxon/test/datetime/dst.test.js,Magic Number,"{'line': 149, 'column': 28, 'index': 4691}","  147 |       expect(d.hour).toBe(23);
  148 |       expect(d.minute).toBe(59);
> 149 |       expect(d.second).toBe(59);
      |                            ^ Magic Number
  150 |     });
  151 |   });
  152 | }"
